Starting net.fabricmc.loader.impl.game.minecraft.BundlerClassPathCapture
[11:02:47] [main/INFO]: Loading Minecraft 1.21.3 with Fabric Loader 0.19.5
[11:02:47] [ForkJoinPool-1-worker-5/WARN]: Mod mr_vein_miner uses the version 26.x which isn't compatible with Loader's extended semantic version format (Could not parse version number component 'x'!), SemVer is recommended for reliably evaluating dependencies and prioritizing newer version
[11:02:47] [main/INFO]: Loading 47 mods:
	- aibot 0.0.1
	- appleskin 3.0.6+mc1.21.3
	   \-- cloth-config 16.0.141
	        \-- cloth-basic-math 0.6.1
	- fabric-api 0.114.1+1.21.3
	   |-- fabric-api-base 0.4.50+119c825640
	   |-- fabric-api-lookup-api-v1 1.6.81+fd37071f40
	   |-- fabric-biome-api-v1 14.0.7+add2a48640
	   |-- fabric-block-api-v1 1.0.28+fd37071f40
	   |-- fabric-block-view-api-v2 1.0.16+fd37071f40
	   |-- fabric-command-api-v1 1.2.58+f71b366f40
	   |-- fabric-command-api-v2 2.2.37+c9d82ab240
	   |-- fabric-commands-v0 0.2.75+df3654b340
	   |-- fabric-content-registries-v0 9.1.8+fd37071f40
	   |-- fabric-convention-tags-v1 2.1.4+7f945d5b40
	   |-- fabric-convention-tags-v2 2.9.4+129f0c1f40
	   |-- fabric-crash-report-info-v1 0.3.3+fd37071f40
	   |-- fabric-data-attachment-api-v1 1.4.0+dbad41f140
	   |-- fabric-data-generation-api-v1 21.1.2+a730659c40
	   |-- fabric-dimensions-v1 4.0.7+fd37071f40
	   |-- fabric-entity-events-v1 2.0.8+825023f840
	   |-- fabric-events-interaction-v0 2.0.12+c2c3ac4740
	   |-- fabric-game-rule-api-v1 1.0.59+fd37071f40
	   |-- fabric-item-api-v1 11.1.7+fd37071f40
	   |-- fabric-item-group-api-v1 4.1.17+fd37071f40
	   |-- fabric-lifecycle-events-v1 2.5.1+6da5ef6940
	   |-- fabric-loot-api-v2 3.0.26+3f89f5a540
	   |-- fabric-loot-api-v3 1.0.14+fd37071f40
	   |-- fabric-message-api-v1 6.0.22+5a9b22c640
	   |-- fabric-networking-api-v1 4.3.5+fd37071f40
	   |-- fabric-object-builder-api-v1 17.0.9+fd37071f40
	   |-- fabric-particles-v1 4.0.10+fd37071f40
	   |-- fabric-recipe-api-v1 7.0.5+8ea69ff840
	   |-- fabric-registry-sync-v0 5.4.1+3f3c499540
	   |-- fabric-rendering-data-attachment-v1 0.3.54+73761d2e40
	   |-- fabric-rendering-fluids-v1 3.1.15+fd37071f40
	   |-- fabric-resource-conditions-api-v1 5.0.8+fd37071f40
	   |-- fabric-resource-loader-v0 3.0.6+fd37071f40
	   |-- fabric-screen-handler-api-v1 1.3.103+fd37071f40
	   |-- fabric-tag-api-v1 1.0.0+a730659c40
	   |-- fabric-transfer-api-v1 5.4.3+cb44d14340
	   \-- fabric-transitive-access-wideners-v1 6.2.0+54a41b1c40
	- fabricloader 0.19.5
	   \-- mixinextras 0.5.5
	- java 21
	- minecraft 1.21.3
	- mr_vein_miner 26.x
[11:02:47] [main/INFO]: SpongePowered MIXIN Subsystem Version=0.8.7 Source=file:/D:/code/mc-experiment/mc-server-mc1ca/libraries/net/fabricmc/sponge-mixin/0.17.4+mixin.0.8.7/sponge-mixin-0.17.4+mixin.0.8.7.jar Service=Knot/Fabric Env=SERVER
[11:02:48] [main/INFO]: Initializing MixinExtras via com.llamalad7.mixinextras.service.MixinExtrasServiceImpl(version=0.5.5).
[11:02:59] [main/INFO]: [AIBot] CONFIG event=operating_profile_resolved bot=- {configured_manual_teleport=true, effective_capabilities=[], configured_emergency_teleport=true, configured_hidden_block_scan=true, configured_forced_pickup=true, source=FILE_OR_DEFAULT, profile=strict_survival}
[11:02:59] [main/INFO]: [AIBot] LIFECYCLE event=mod_loaded bot=- {version=0.0.1}
[11:02:59] [main/INFO]: [AIBot] CONFIG event=config_loaded bot=- {perception_radius=16, effective_capabilities=[], deepseek_model=deepseek/deepseek-v4-flash, configured_operator_capabilities=OperatorCapabilities[hiddenBlockScan=true, emergencyTeleport=true, forcedPickup=true, manualTeleport=true], logging_enabled=true, nav_lookahead=4, profile=strict_survival, pickup_force_radius=2.75}
[11:02:59] [main/INFO]: ================================
[11:02:59] [main/INFO]:   AIBot v0.0.1 loaded
[11:02:59] [main/INFO]:   Mode: M6 structured logs over M5 tasks
[11:02:59] [main/INFO]: ================================
[11:03:00] [main/INFO]: Environment: Environment[sessionHost=https://sessionserver.mojang.com, servicesHost=https://api.minecraftservices.com, name=PROD]
[11:03:03] [main/INFO]: Loaded 1338 recipes
[11:03:03] [main/INFO]: Loaded 1448 advancements
[11:03:04] [main/INFO]: Applied 0 biome modifications to 0 of 64 new biomes in 7.588 ms
[11:03:04] [Server thread/INFO]: Starting minecraft server version 1.21.3
[11:03:04] [Server thread/INFO]: Loading properties
[11:03:04] [Server thread/INFO]: Default game type: SURVIVAL
[11:03:04] [Server thread/INFO]: Generating keypair
[11:03:04] [Server thread/INFO]: Starting Minecraft server on *:25565
[11:03:04] [Server thread/INFO]: Using default channel type
[11:03:04] [Server thread/WARN]: **** SERVER IS RUNNING IN OFFLINE/INSECURE MODE!
[11:03:04] [Server thread/WARN]: The server will make no attempt to authenticate usernames. Beware.
[11:03:04] [Server thread/WARN]: While this makes the game possible to play without internet access, it also opens up the ability for hackers to connect with any username they choose.
[11:03:04] [Server thread/WARN]: To change this, set "online-mode" to "true" in the server.properties file.
[11:03:04] [Server thread/INFO]: Preparing level "world_play"
[11:03:05] [Server thread/INFO]: Preparing start region for dimension minecraft:overworld
[11:03:06] [Worker-Main-10/INFO]: Preparing spawn area: 0%
[11:03:06] [Worker-Main-10/INFO]: Preparing spawn area: 0%
[11:03:06] [Worker-Main-10/INFO]: Preparing spawn area: 0%
[11:03:06] [Server thread/INFO]: Time elapsed: 1465 ms
[11:03:06] [Server thread/INFO]: Done (1.918s)! For help, type "help"
[11:03:06] [Server thread/INFO]: Starting remote control listener
[11:03:06] [Server thread/INFO]: Thread RCON Listener started
[11:03:06] [Server thread/INFO]: RCON running on 0.0.0.0:25575
[11:03:06] [Server thread/INFO]: [AIBot] LIFECYCLE event=server_started bot=- {motd=aibot-dsh-m0 isolated acceptance}
[11:03:06] [Server thread/INFO]: [AIBot] TASK event=jobs_cleared bot=- {}
[11:03:06] [Server thread/INFO]: [AIBot] COMM event=runtime_recipe_index_built bot=- {scanned=1338, indexed=757}
[11:03:07] [Server thread/INFO]: Bob[127.0.0.1] logged in with entity id 1 at (550.5, 68.0, 129.5)
[11:03:07] [Server thread/INFO]: Bob joined the game
[11:03:07] [Server thread/INFO]: [AIBot] LIFECYCLE event=bot_spawned bot=Bob {mode=survival, pos=550,68,129}
[11:03:07] [Server thread/INFO]: [AIBot] LIFECYCLE event=bot_role_set bot=Bob {role=worker}
[11:03:07] [Server thread/INFO]: [AIBot] COMM event=bot_memory_loaded bot=- {bot_uuid=faa5dca3-c3d4-354b-ae1b-dde9e5a14b3b}
[11:03:07] [Server thread/INFO]: [AIBot] LIFECYCLE event=bot_restored bot=Bob {dimension=minecraft:overworld, fallback=false, mode=survival, pos=550,68,129}
[11:03:07] [Server thread/INFO]: [AIBot] LIFECYCLE event=server_runtime_ready bot=- {runtime_session=59e5ab4a-24a0-4438-9522-99b913ad9629, restored_bots=1}
[11:03:07] [Server thread/INFO]: [AIBot] COMM event=conversation_reset bot=Bob {}
[11:03:07] [Server thread/INFO]: [AIBot] ACTION event=capability_decision bot=Bob {context=perception_snapshot, capability=HIDDEN_BLOCK_SCAN, profile=strict_survival, allowed=false, reason=DENIED_STRICT_SURVIVAL}
[11:03:07] [Server thread/INFO]: [AIBot] ACTION event=capability_decision bot=Bob {context=observable_block_query, capability=HIDDEN_BLOCK_SCAN, profile=strict_survival, allowed=false, reason=DENIED_STRICT_SURVIVAL}
[11:03:08] [Server thread/WARN]: [AIBot] PERCEPTION event=snapshot_slow bot=Bob {elapsed_ms=299}
[11:03:08] [Server thread/INFO]: AIBot external-body bridge bound to loopback port 8765 for Bob
[11:03:08] [Server thread/WARN]: Can't keep up! Is the server overloaded? Running 2028ms or 40 ticks behind
[11:03:09] [Server thread/WARN]: [AIBot] PERCEPTION event=snapshot_slow bot=Bob {elapsed_ms=45}
[11:03:09] [Server thread/WARN]: [AIBot] PERCEPTION event=snapshot_slow bot=Bob {elapsed_ms=29}
[11:03:10] [Server thread/WARN]: [AIBot] PERCEPTION event=snapshot_slow bot=Bob {elapsed_ms=27}
[11:03:10] [Server thread/WARN]: [AIBot] PERCEPTION event=snapshot_slow bot=Bob {elapsed_ms=30}
[11:03:10] [Server thread/INFO]: [AIBot] ACTION event=capability_decision bot=Bob {context=diagnostic_nearby, capability=HIDDEN_BLOCK_SCAN, profile=strict_survival, allowed=false, reason=DENIED_STRICT_SURVIVAL}
[11:03:10] [Server thread/INFO]: [AIBot] ACTION event=capability_decision bot=Bob {context=observable_entity_query, capability=HIDDEN_BLOCK_SCAN, profile=strict_survival, allowed=false, reason=DENIED_STRICT_SURVIVAL}
[11:03:10] [Server thread/INFO]: [AIBot] ACTION event=diag_snapshot bot=Bob {food=16, air=300, mode=survival, task=idle, task_progress=1.0, goal=none, task_phase=, in_lava=false, step=, light=15, submerged=false, task_state=COMPLETED, held=minecraft:iron_pickaxex1, fall=0.0, pos=550,68,129, on_ground=true, hp=15.0/20.0, mining_idle=true, nearby=animals=0 hostiles=0, inv=minecraft:iron_axex2 minecraft:dirtx46 minecraft:oak_logx8 minecraft:oak_saplingx1 minecraft:iron_pickaxex1 minecraft:raw_ironx8, path_idle=true}
[11:03:11] [Server thread/WARN]: [AIBot] PERCEPTION event=snapshot_slow bot=Bob {elapsed_ms=14}
[11:03:11] [Server thread/WARN]: [AIBot] PERCEPTION event=snapshot_slow bot=Bob {elapsed_ms=16}
[11:03:12] [Server thread/WARN]: [AIBot] PERCEPTION event=snapshot_slow bot=Bob {elapsed_ms=17}
[11:03:12] [Server thread/WARN]: [AIBot] PERCEPTION event=snapshot_slow bot=Bob {elapsed_ms=12}
[11:03:12] [Server thread/INFO]: [AIBot] ACTION event=diag_snapshot bot=Bob {food=16, air=300, mode=survival, task=idle, task_progress=1.0, goal=none, task_phase=, in_lava=false, step=, light=15, submerged=false, task_state=COMPLETED, held=minecraft:iron_pickaxex1, fall=0.0, pos=550,68,129, on_ground=true, hp=15.0/20.0, mining_idle=true, nearby=animals=0 hostiles=0, inv=minecraft:iron_axex2 minecraft:dirtx46 minecraft:oak_logx8 minecraft:oak_saplingx1 minecraft:iron_pickaxex1 minecraft:raw_ironx8, path_idle=true}
[11:03:13] [Server thread/WARN]: [AIBot] PERCEPTION event=snapshot_slow bot=Bob {elapsed_ms=14}
[11:03:13] [Server thread/INFO]: [AIBot] ACTION event=capability_decision bot=Bob {context=observable_block_query, capability=HIDDEN_BLOCK_SCAN, profile=strict_survival, allowed=false, reason=DENIED_STRICT_SURVIVAL}
[11:03:13] [Server thread/INFO]: [AIBot] ACTION event=capability_decision bot=Bob {context=perception_snapshot, capability=HIDDEN_BLOCK_SCAN, profile=strict_survival, allowed=false, reason=DENIED_STRICT_SURVIVAL}
[11:03:13] [Server thread/WARN]: [AIBot] PERCEPTION event=snapshot_slow bot=Bob {elapsed_ms=13}
[11:03:14] [Server thread/WARN]: [AIBot] PERCEPTION event=snapshot_slow bot=Bob {elapsed_ms=12}
[11:03:14] [Server thread/INFO]: [AIBot] ACTION event=diag_snapshot bot=Bob {food=16, air=300, mode=survival, task=idle, task_progress=1.0, goal=none, task_phase=, in_lava=false, step=, light=15, submerged=false, task_state=COMPLETED, held=minecraft:iron_pickaxex1, fall=0.0, pos=550,68,129, on_ground=true, hp=15.0/20.0, mining_idle=true, nearby=animals=0 hostiles=0, inv=minecraft:iron_axex2 minecraft:dirtx46 minecraft:oak_logx8 minecraft:oak_saplingx1 minecraft:iron_pickaxex1 minecraft:raw_ironx8, path_idle=true}
[11:03:15] [Server thread/WARN]: [AIBot] PERCEPTION event=snapshot_slow bot=Bob {elapsed_ms=15}
[11:03:16] [Server thread/INFO]: [AIBot] ACTION event=capability_decision bot=Bob {context=observable_entity_query, capability=HIDDEN_BLOCK_SCAN, profile=strict_survival, allowed=false, reason=DENIED_STRICT_SURVIVAL}
[11:03:16] [Server thread/WARN]: [AIBot] PERCEPTION event=snapshot_slow bot=Bob {elapsed_ms=13}
[11:03:16] [Server thread/INFO]: [AIBot] ACTION event=capability_decision bot=Bob {context=diagnostic_nearby, capability=HIDDEN_BLOCK_SCAN, profile=strict_survival, allowed=false, reason=DENIED_STRICT_SURVIVAL}
[11:03:16] [Server thread/INFO]: [AIBot] ACTION event=diag_snapshot bot=Bob {food=16, air=300, mode=survival, task=idle, task_progress=1.0, goal=none, task_phase=, in_lava=false, step=, light=15, submerged=false, task_state=COMPLETED, held=minecraft:iron_pickaxex1, fall=0.0, pos=550,68,129, on_ground=true, hp=15.0/20.0, mining_idle=true, nearby=animals=0 hostiles=0, inv=minecraft:iron_axex2 minecraft:dirtx46 minecraft:oak_logx8 minecraft:oak_saplingx1 minecraft:iron_pickaxex1 minecraft:raw_ironx8, path_idle=true}
[11:03:18] [Server thread/WARN]: [AIBot] PERCEPTION event=snapshot_slow bot=Bob {elapsed_ms=12}
[11:03:18] [Server thread/INFO]: [AIBot] ACTION event=capability_decision bot=Bob {context=observable_block_query, capability=HIDDEN_BLOCK_SCAN, profile=strict_survival, allowed=false, reason=DENIED_STRICT_SURVIVAL}
[11:03:18] [Server thread/INFO]: [AIBot] ACTION event=capability_decision bot=Bob {context=perception_snapshot, capability=HIDDEN_BLOCK_SCAN, profile=strict_survival, allowed=false, reason=DENIED_STRICT_SURVIVAL}
[11:03:18] [Server thread/WARN]: [AIBot] PERCEPTION event=snapshot_slow bot=Bob {elapsed_ms=13}
[11:03:18] [Server thread/INFO]: [AIBot] ACTION event=diag_snapshot bot=Bob {food=16, air=300, mode=survival, task=idle, task_progress=1.0, goal=none, task_phase=, in_lava=false, step=, light=15, submerged=false, task_state=COMPLETED, held=minecraft:iron_pickaxex1, fall=0.0, pos=550,68,129, on_ground=true, hp=15.0/20.0, mining_idle=true, nearby=animals=0 hostiles=0, inv=minecraft:iron_axex2 minecraft:dirtx46 minecraft:oak_logx8 minecraft:oak_saplingx1 minecraft:iron_pickaxex1 minecraft:raw_ironx8, path_idle=true}
[11:03:20] [Server thread/WARN]: [AIBot] PERCEPTION event=snapshot_slow bot=Bob {elapsed_ms=16}
[11:03:20] [Server thread/WARN]: [AIBot] PERCEPTION event=snapshot_slow bot=Bob {elapsed_ms=11}
[11:03:20] [Server thread/INFO]: [AIBot] ACTION event=diag_snapshot bot=Bob {food=16, air=300, mode=survival, task=idle, task_progress=1.0, goal=none, task_phase=, in_lava=false, step=, light=15, submerged=false, task_state=COMPLETED, held=minecraft:iron_pickaxex1, fall=0.0, pos=550,68,129, on_ground=true, hp=15.0/20.0, mining_idle=true, nearby=animals=0 hostiles=0, inv=minecraft:iron_axex2 minecraft:dirtx46 minecraft:oak_logx8 minecraft:oak_saplingx1 minecraft:iron_pickaxex1 minecraft:raw_ironx8, path_idle=true}
[11:03:21] [Server thread/WARN]: [AIBot] PERCEPTION event=snapshot_slow bot=Bob {elapsed_ms=11}
[11:03:22] [Server thread/WARN]: [AIBot] PERCEPTION event=snapshot_slow bot=Bob {elapsed_ms=13}
[11:03:22] [Server thread/INFO]: [AIBot] ACTION event=capability_decision bot=Bob {context=diagnostic_nearby, capability=HIDDEN_BLOCK_SCAN, profile=strict_survival, allowed=false, reason=DENIED_STRICT_SURVIVAL}
[11:03:22] [Server thread/INFO]: [AIBot] ACTION event=capability_decision bot=Bob {context=observable_entity_query, capability=HIDDEN_BLOCK_SCAN, profile=strict_survival, allowed=false, reason=DENIED_STRICT_SURVIVAL}
[11:03:22] [Server thread/INFO]: [AIBot] ACTION event=diag_snapshot bot=Bob {food=16, air=300, mode=survival, task=idle, task_progress=1.0, goal=none, task_phase=, in_lava=false, step=, light=15, submerged=false, task_state=COMPLETED, held=minecraft:iron_pickaxex1, fall=0.0, pos=550,68,129, on_ground=true, hp=15.0/20.0, mining_idle=true, nearby=animals=0 hostiles=0, inv=minecraft:iron_axex2 minecraft:dirtx46 minecraft:oak_logx8 minecraft:oak_saplingx1 minecraft:iron_pickaxex1 minecraft:raw_ironx8, path_idle=true}
[11:03:23] [Server thread/INFO]: [AIBot] ACTION event=capability_decision bot=Bob {context=observable_block_query, capability=HIDDEN_BLOCK_SCAN, profile=strict_survival, allowed=false, reason=DENIED_STRICT_SURVIVAL}
[11:03:23] [Server thread/INFO]: [AIBot] ACTION event=capability_decision bot=Bob {context=perception_snapshot, capability=HIDDEN_BLOCK_SCAN, profile=strict_survival, allowed=false, reason=DENIED_STRICT_SURVIVAL}
[11:03:24] [Server thread/INFO]: [AIBot] ACTION event=diag_snapshot bot=Bob {food=16, air=300, mode=survival, task=idle, task_progress=1.0, goal=none, task_phase=, in_lava=false, step=, light=15, submerged=false, task_state=COMPLETED, held=minecraft:iron_pickaxex1, fall=0.0, pos=550,68,129, on_ground=true, hp=15.0/20.0, mining_idle=true, nearby=animals=0 hostiles=0, inv=minecraft:iron_axex2 minecraft:dirtx46 minecraft:oak_logx8 minecraft:oak_saplingx1 minecraft:iron_pickaxex1 minecraft:raw_ironx8, path_idle=true}
[11:03:25] [Server thread/WARN]: [AIBot] PERCEPTION event=snapshot_slow bot=Bob {elapsed_ms=11}
[11:03:26] [Server thread/WARN]: [AIBot] PERCEPTION event=snapshot_slow bot=Bob {elapsed_ms=12}
[11:03:26] [Server thread/INFO]: [AIBot] ACTION event=diag_snapshot bot=Bob {food=16, air=300, mode=survival, task=idle, task_progress=1.0, goal=none, task_phase=, in_lava=false, step=, light=15, submerged=false, task_state=COMPLETED, held=minecraft:iron_pickaxex1, fall=0.0, pos=550,68,129, on_ground=true, hp=15.0/20.0, mining_idle=true, nearby=animals=0 hostiles=0, inv=minecraft:iron_axex2 minecraft:dirtx46 minecraft:oak_logx8 minecraft:oak_saplingx1 minecraft:iron_pickaxex1 minecraft:raw_ironx8, path_idle=true}
[11:03:28] [Server thread/INFO]: [AIBot] ACTION event=capability_decision bot=Bob {context=observable_block_query, capability=HIDDEN_BLOCK_SCAN, profile=strict_survival, allowed=false, reason=DENIED_STRICT_SURVIVAL}
[11:03:28] [Server thread/INFO]: [AIBot] ACTION event=capability_decision bot=Bob {context=perception_snapshot, capability=HIDDEN_BLOCK_SCAN, profile=strict_survival, allowed=false, reason=DENIED_STRICT_SURVIVAL}
[11:03:28] [Server thread/INFO]: [AIBot] ACTION event=capability_decision bot=Bob {context=diagnostic_nearby, capability=HIDDEN_BLOCK_SCAN, profile=strict_survival, allowed=false, reason=DENIED_STRICT_SURVIVAL}
[11:03:28] [Server thread/INFO]: [AIBot] ACTION event=capability_decision bot=Bob {context=observable_entity_query, capability=HIDDEN_BLOCK_SCAN, profile=strict_survival, allowed=false, reason=DENIED_STRICT_SURVIVAL}
[11:03:28] [Server thread/INFO]: [AIBot] ACTION event=diag_snapshot bot=Bob {food=16, air=300, mode=survival, task=idle, task_progress=1.0, goal=none, task_phase=, in_lava=false, step=, light=15, submerged=false, task_state=COMPLETED, held=minecraft:iron_pickaxex1, fall=0.0, pos=550,68,129, on_ground=true, hp=15.0/20.0, mining_idle=true, nearby=animals=0 hostiles=0, inv=minecraft:iron_axex2 minecraft:dirtx46 minecraft:oak_logx8 minecraft:oak_saplingx1 minecraft:iron_pickaxex1 minecraft:raw_ironx8, path_idle=true}
[11:03:29] [Server thread/WARN]: [AIBot] PERCEPTION event=snapshot_slow bot=Bob {elapsed_ms=12}
[11:03:30] [Server thread/WARN]: [AIBot] PERCEPTION event=snapshot_slow bot=Bob {elapsed_ms=15}
[11:03:30] [Server thread/INFO]: [AIBot] ACTION event=diag_snapshot bot=Bob {food=16, air=300, mode=survival, task=idle, task_progress=1.0, goal=none, task_phase=, in_lava=false, step=, light=15, submerged=false, task_state=COMPLETED, held=minecraft:iron_pickaxex1, fall=0.0, pos=550,68,129, on_ground=true, hp=15.0/20.0, mining_idle=true, nearby=animals=0 hostiles=0, inv=minecraft:iron_axex2 minecraft:dirtx46 minecraft:oak_logx8 minecraft:oak_saplingx1 minecraft:iron_pickaxex1 minecraft:raw_ironx8, path_idle=true}
[11:03:32] [Server thread/WARN]: [AIBot] PERCEPTION event=snapshot_slow bot=Bob {elapsed_ms=15}
[11:03:32] [Server thread/INFO]: [AIBot] ACTION event=diag_snapshot bot=Bob {food=16, air=300, mode=survival, task=idle, task_progress=1.0, goal=none, task_phase=, in_lava=false, step=, light=15, submerged=false, task_state=COMPLETED, held=minecraft:iron_pickaxex1, fall=0.0, pos=550,68,129, on_ground=true, hp=15.0/20.0, mining_idle=true, nearby=animals=0 hostiles=0, inv=minecraft:iron_axex2 minecraft:dirtx46 minecraft:oak_logx8 minecraft:oak_saplingx1 minecraft:iron_pickaxex1 minecraft:raw_ironx8, path_idle=true}
[11:03:33] [Server thread/INFO]: [AIBot] ACTION event=capability_decision bot=Bob {context=observable_block_query, capability=HIDDEN_BLOCK_SCAN, profile=strict_survival, allowed=false, reason=DENIED_STRICT_SURVIVAL}
[11:03:33] [Server thread/INFO]: [AIBot] ACTION event=capability_decision bot=Bob {context=perception_snapshot, capability=HIDDEN_BLOCK_SCAN, profile=strict_survival, allowed=false, reason=DENIED_STRICT_SURVIVAL}
[11:03:33] [Server thread/WARN]: [AIBot] PERCEPTION event=snapshot_slow bot=Bob {elapsed_ms=11}
[11:03:34] [Server thread/INFO]: [AIBot] ACTION event=capability_decision bot=Bob {context=diagnostic_nearby, capability=HIDDEN_BLOCK_SCAN, profile=strict_survival, allowed=false, reason=DENIED_STRICT_SURVIVAL}
[11:03:34] [Server thread/INFO]: [AIBot] ACTION event=capability_decision bot=Bob {context=observable_entity_query, capability=HIDDEN_BLOCK_SCAN, profile=strict_survival, allowed=false, reason=DENIED_STRICT_SURVIVAL}
[11:03:34] [Server thread/INFO]: [AIBot] ACTION event=diag_snapshot bot=Bob {food=16, air=300, mode=survival, task=idle, task_progress=1.0, goal=none, task_phase=, in_lava=false, step=, light=15, submerged=false, task_state=COMPLETED, held=minecraft:iron_pickaxex1, fall=0.0, pos=550,68,129, on_ground=true, hp=15.0/20.0, mining_idle=true, nearby=animals=0 hostiles=0, inv=minecraft:iron_axex2 minecraft:dirtx46 minecraft:oak_logx8 minecraft:oak_saplingx1 minecraft:iron_pickaxex1 minecraft:raw_ironx8, path_idle=true}
[11:03:36] [Server thread/INFO]: [AIBot] ACTION event=diag_snapshot bot=Bob {food=16, air=300, mode=survival, task=idle, task_progress=1.0, goal=none, task_phase=, in_lava=false, step=, light=15, submerged=false, task_state=COMPLETED, held=minecraft:iron_pickaxex1, fall=0.0, pos=550,68,129, on_ground=true, hp=15.0/20.0, mining_idle=true, nearby=animals=0 hostiles=0, inv=minecraft:iron_axex2 minecraft:dirtx46 minecraft:oak_logx8 minecraft:oak_saplingx1 minecraft:iron_pickaxex1 minecraft:raw_ironx8, path_idle=true}
[11:03:38] [Server thread/INFO]: [AIBot] ACTION event=capability_decision bot=Bob {context=observable_block_query, capability=HIDDEN_BLOCK_SCAN, profile=strict_survival, allowed=false, reason=DENIED_STRICT_SURVIVAL}
[11:03:38] [Server thread/INFO]: [AIBot] ACTION event=capability_decision bot=Bob {context=perception_snapshot, capability=HIDDEN_BLOCK_SCAN, profile=strict_survival, allowed=false, reason=DENIED_STRICT_SURVIVAL}
[11:03:38] [Server thread/INFO]: [AIBot] ACTION event=diag_snapshot bot=Bob {food=16, air=300, mode=survival, task=idle, task_progress=1.0, goal=none, task_phase=, in_lava=false, step=, light=15, submerged=false, task_state=COMPLETED, held=minecraft:iron_pickaxex1, fall=0.0, pos=550,68,129, on_ground=true, hp=15.0/20.0, mining_idle=true, nearby=animals=0 hostiles=0, inv=minecraft:iron_axex2 minecraft:dirtx46 minecraft:oak_logx8 minecraft:oak_saplingx1 minecraft:iron_pickaxex1 minecraft:raw_ironx8, path_idle=true}
[11:03:40] [Server thread/WARN]: [AIBot] PERCEPTION event=snapshot_slow bot=Bob {elapsed_ms=13}
[11:03:40] [Server thread/INFO]: [AIBot] ACTION event=capability_decision bot=Bob {context=diagnostic_nearby, capability=HIDDEN_BLOCK_SCAN, profile=strict_survival, allowed=false, reason=DENIED_STRICT_SURVIVAL}
[11:03:40] [Server thread/INFO]: [AIBot] ACTION event=capability_decision bot=Bob {context=observable_entity_query, capability=HIDDEN_BLOCK_SCAN, profile=strict_survival, allowed=false, reason=DENIED_STRICT_SURVIVAL}
[11:03:40] [Server thread/INFO]: [AIBot] ACTION event=diag_snapshot bot=Bob {food=16, air=300, mode=survival, task=idle, task_progress=1.0, goal=none, task_phase=, in_lava=false, step=, light=15, submerged=false, task_state=COMPLETED, held=minecraft:iron_pickaxex1, fall=0.0, pos=550,68,129, on_ground=true, hp=15.0/20.0, mining_idle=true, nearby=animals=0 hostiles=0, inv=minecraft:iron_axex2 minecraft:dirtx46 minecraft:oak_logx8 minecraft:oak_saplingx1 minecraft:iron_pickaxex1 minecraft:raw_ironx8, path_idle=true}
[11:03:41] [Server thread/WARN]: [AIBot] PERCEPTION event=snapshot_slow bot=Bob {elapsed_ms=14}
[11:03:42] [Server thread/WARN]: [AIBot] PERCEPTION event=snapshot_slow bot=Bob {elapsed_ms=12}
[11:03:42] [Server thread/INFO]: [AIBot] ACTION event=diag_snapshot bot=Bob {food=16, air=300, mode=survival, task=idle, task_progress=1.0, goal=none, task_phase=, in_lava=false, step=, light=15, submerged=false, task_state=COMPLETED, held=minecraft:iron_pickaxex1, fall=0.0, pos=550,68,129, on_ground=true, hp=15.0/20.0, mining_idle=true, nearby=animals=0 hostiles=0, inv=minecraft:iron_axex2 minecraft:dirtx46 minecraft:oak_logx8 minecraft:oak_saplingx1 minecraft:iron_pickaxex1 minecraft:raw_ironx8, path_idle=true}
[11:03:43] [Server thread/INFO]: [AIBot] ACTION event=capability_decision bot=Bob {context=observable_block_query, capability=HIDDEN_BLOCK_SCAN, profile=strict_survival, allowed=false, reason=DENIED_STRICT_SURVIVAL}
[11:03:43] [Server thread/INFO]: [AIBot] ACTION event=capability_decision bot=Bob {context=perception_snapshot, capability=HIDDEN_BLOCK_SCAN, profile=strict_survival, allowed=false, reason=DENIED_STRICT_SURVIVAL}
[11:03:43] [Server thread/WARN]: [AIBot] PERCEPTION event=snapshot_slow bot=Bob {elapsed_ms=14}
[11:03:44] [Server thread/WARN]: [AIBot] PERCEPTION event=snapshot_slow bot=Bob {elapsed_ms=12}
[11:03:44] [Server thread/INFO]: [AIBot] ACTION event=diag_snapshot bot=Bob {food=16, air=300, mode=survival, task=idle, task_progress=1.0, goal=none, task_phase=, in_lava=false, step=, light=15, submerged=false, task_state=COMPLETED, held=minecraft:iron_pickaxex1, fall=0.0, pos=550,68,129, on_ground=true, hp=15.0/20.0, mining_idle=true, nearby=animals=0 hostiles=0, inv=minecraft:iron_axex2 minecraft:dirtx46 minecraft:oak_logx8 minecraft:oak_saplingx1 minecraft:iron_pickaxex1 minecraft:raw_ironx8, path_idle=true}
[11:03:45] [Server thread/WARN]: [AIBot] PERCEPTION event=snapshot_slow bot=Bob {elapsed_ms=14}
[11:03:45] [Server thread/WARN]: [AIBot] PERCEPTION event=snapshot_slow bot=Bob {elapsed_ms=11}
[11:03:46] [Server thread/WARN]: [AIBot] PERCEPTION event=snapshot_slow bot=Bob {elapsed_ms=14}
[11:03:46] [Server thread/WARN]: [AIBot] PERCEPTION event=snapshot_slow bot=Bob {elapsed_ms=12}
[11:03:46] [Server thread/INFO]: [AIBot] ACTION event=capability_decision bot=Bob {context=diagnostic_nearby, capability=HIDDEN_BLOCK_SCAN, profile=strict_survival, allowed=false, reason=DENIED_STRICT_SURVIVAL}
[11:03:46] [Server thread/INFO]: [AIBot] ACTION event=capability_decision bot=Bob {context=observable_entity_query, capability=HIDDEN_BLOCK_SCAN, profile=strict_survival, allowed=false, reason=DENIED_STRICT_SURVIVAL}
[11:03:46] [Server thread/INFO]: [AIBot] ACTION event=diag_snapshot bot=Bob {food=16, air=300, mode=survival, task=idle, task_progress=1.0, goal=none, task_phase=, in_lava=false, step=, light=15, submerged=false, task_state=COMPLETED, held=minecraft:iron_pickaxex1, fall=0.0, pos=550,68,129, on_ground=true, hp=15.0/20.0, mining_idle=true, nearby=animals=0 hostiles=0, inv=minecraft:iron_axex2 minecraft:dirtx46 minecraft:oak_logx8 minecraft:oak_saplingx1 minecraft:iron_pickaxex1 minecraft:raw_ironx8, path_idle=true}
[11:03:47] [Server thread/WARN]: [AIBot] PERCEPTION event=snapshot_slow bot=Bob {elapsed_ms=11}
[11:03:48] [Server thread/WARN]: [AIBot] PERCEPTION event=snapshot_slow bot=Bob {elapsed_ms=11}
[11:03:48] [Server thread/INFO]: [AIBot] ACTION event=capability_decision bot=Bob {context=observable_block_query, capability=HIDDEN_BLOCK_SCAN, profile=strict_survival, allowed=false, reason=DENIED_STRICT_SURVIVAL}
[11:03:48] [Server thread/INFO]: [AIBot] ACTION event=capability_decision bot=Bob {context=perception_snapshot, capability=HIDDEN_BLOCK_SCAN, profile=strict_survival, allowed=false, reason=DENIED_STRICT_SURVIVAL}
[11:03:48] [Server thread/WARN]: [AIBot] PERCEPTION event=snapshot_slow bot=Bob {elapsed_ms=14}
[11:03:48] [Server thread/INFO]: [AIBot] ACTION event=diag_snapshot bot=Bob {food=16, air=300, mode=survival, task=idle, task_progress=1.0, goal=none, task_phase=, in_lava=false, step=, light=15, submerged=false, task_state=COMPLETED, held=minecraft:iron_pickaxex1, fall=0.0, pos=550,68,129, on_ground=true, hp=15.0/20.0, mining_idle=true, nearby=animals=0 hostiles=0, inv=minecraft:iron_axex2 minecraft:dirtx46 minecraft:oak_logx8 minecraft:oak_saplingx1 minecraft:iron_pickaxex1 minecraft:raw_ironx8, path_idle=true}
[11:03:50] [Server thread/INFO]: [AIBot] ACTION event=diag_snapshot bot=Bob {food=16, air=300, mode=survival, task=idle, task_progress=1.0, goal=none, task_phase=, in_lava=false, step=, light=15, submerged=false, task_state=COMPLETED, held=minecraft:iron_pickaxex1, fall=0.0, pos=550,68,129, on_ground=true, hp=15.0/20.0, mining_idle=true, nearby=animals=0 hostiles=0, inv=minecraft:iron_axex2 minecraft:dirtx46 minecraft:oak_logx8 minecraft:oak_saplingx1 minecraft:iron_pickaxex1 minecraft:raw_ironx8, path_idle=true}
[11:03:51] [Server thread/WARN]: [AIBot] PERCEPTION event=snapshot_slow bot=Bob {elapsed_ms=14}
[11:03:52] [Server thread/INFO]: [AIBot] ACTION event=capability_decision bot=Bob {context=diagnostic_nearby, capability=HIDDEN_BLOCK_SCAN, profile=strict_survival, allowed=false, reason=DENIED_STRICT_SURVIVAL}
[11:03:52] [Server thread/INFO]: [AIBot] ACTION event=capability_decision bot=Bob {context=observable_entity_query, capability=HIDDEN_BLOCK_SCAN, profile=strict_survival, allowed=false, reason=DENIED_STRICT_SURVIVAL}
[11:03:52] [Server thread/INFO]: [AIBot] ACTION event=diag_snapshot bot=Bob {food=16, air=300, mode=survival, task=idle, task_progress=1.0, goal=none, task_phase=, in_lava=false, step=, light=15, submerged=false, task_state=COMPLETED, held=minecraft:iron_pickaxex1, fall=0.0, pos=550,68,129, on_ground=true, hp=15.0/20.0, mining_idle=true, nearby=animals=0 hostiles=0, inv=minecraft:iron_axex2 minecraft:dirtx46 minecraft:oak_logx8 minecraft:oak_saplingx1 minecraft:iron_pickaxex1 minecraft:raw_ironx8, path_idle=true}
[11:03:53] [Server thread/INFO]: [AIBot] ACTION event=capability_decision bot=Bob {context=observable_block_query, capability=HIDDEN_BLOCK_SCAN, profile=strict_survival, allowed=false, reason=DENIED_STRICT_SURVIVAL}
[11:03:53] [Server thread/INFO]: [AIBot] ACTION event=capability_decision bot=Bob {context=perception_snapshot, capability=HIDDEN_BLOCK_SCAN, profile=strict_survival, allowed=false, reason=DENIED_STRICT_SURVIVAL}
[11:03:54] [Server thread/WARN]: [AIBot] PERCEPTION event=snapshot_slow bot=Bob {elapsed_ms=11}
[11:03:54] [Server thread/INFO]: [AIBot] ACTION event=diag_snapshot bot=Bob {food=16, air=300, mode=survival, task=idle, task_progress=1.0, goal=none, task_phase=, in_lava=false, step=, light=15, submerged=false, task_state=COMPLETED, held=minecraft:iron_pickaxex1, fall=0.0, pos=550,68,129, on_ground=true, hp=15.0/20.0, mining_idle=true, nearby=animals=0 hostiles=0, inv=minecraft:iron_axex2 minecraft:dirtx46 minecraft:oak_logx8 minecraft:oak_saplingx1 minecraft:iron_pickaxex1 minecraft:raw_ironx8, path_idle=true}
[11:03:55] [Server thread/WARN]: [AIBot] PERCEPTION event=snapshot_slow bot=Bob {elapsed_ms=11}
[11:03:55] [Server thread/WARN]: [AIBot] PERCEPTION event=snapshot_slow bot=Bob {elapsed_ms=14}
[11:03:56] [Server thread/INFO]: [AIBot] ACTION event=diag_snapshot bot=Bob {food=16, air=300, mode=survival, task=idle, task_progress=1.0, goal=none, task_phase=, in_lava=false, step=, light=15, submerged=false, task_state=COMPLETED, held=minecraft:iron_pickaxex1, fall=0.0, pos=550,68,129, on_ground=true, hp=15.0/20.0, mining_idle=true, nearby=animals=0 hostiles=0, inv=minecraft:iron_axex2 minecraft:dirtx46 minecraft:oak_logx8 minecraft:oak_saplingx1 minecraft:iron_pickaxex1 minecraft:raw_ironx8, path_idle=true}
[11:03:57] [Server thread/WARN]: [AIBot] PERCEPTION event=snapshot_slow bot=Bob {elapsed_ms=13}
[11:03:58] [Server thread/INFO]: [AIBot] ACTION event=capability_decision bot=Bob {context=observable_block_query, capability=HIDDEN_BLOCK_SCAN, profile=strict_survival, allowed=false, reason=DENIED_STRICT_SURVIVAL}
[11:03:58] [Server thread/INFO]: [AIBot] ACTION event=capability_decision bot=Bob {context=perception_snapshot, capability=HIDDEN_BLOCK_SCAN, profile=strict_survival, allowed=false, reason=DENIED_STRICT_SURVIVAL}
[11:03:58] [Server thread/INFO]: [AIBot] ACTION event=capability_decision bot=Bob {context=diagnostic_nearby, capability=HIDDEN_BLOCK_SCAN, profile=strict_survival, allowed=false, reason=DENIED_STRICT_SURVIVAL}
[11:03:58] [Server thread/INFO]: [AIBot] ACTION event=diag_snapshot bot=Bob {food=16, air=300, mode=survival, task=idle, task_progress=1.0, goal=none, task_phase=, in_lava=false, step=, light=15, submerged=false, task_state=COMPLETED, held=minecraft:iron_pickaxex1, fall=0.0, pos=550,68,129, on_ground=true, hp=15.0/20.0, mining_idle=true, nearby=animals=0 hostiles=0, inv=minecraft:iron_axex2 minecraft:dirtx46 minecraft:oak_logx8 minecraft:oak_saplingx1 minecraft:iron_pickaxex1 minecraft:raw_ironx8, path_idle=true}
[11:04:00] [Server thread/WARN]: [AIBot] PERCEPTION event=snapshot_slow bot=Bob {elapsed_ms=12}
[11:04:00] [Server thread/WARN]: [AIBot] PERCEPTION event=snapshot_slow bot=Bob {elapsed_ms=12}
[11:04:00] [Server thread/INFO]: [AIBot] ACTION event=diag_snapshot bot=Bob {food=16, air=300, mode=survival, task=idle, task_progress=1.0, goal=none, task_phase=, in_lava=false, step=, light=15, submerged=false, task_state=COMPLETED, held=minecraft:iron_pickaxex1, fall=0.0, pos=550,68,129, on_ground=true, hp=15.0/20.0, mining_idle=true, nearby=animals=0 hostiles=0, inv=minecraft:iron_axex2 minecraft:dirtx46 minecraft:oak_logx8 minecraft:oak_saplingx1 minecraft:iron_pickaxex1 minecraft:raw_ironx8, path_idle=true}
[11:04:01] [Server thread/WARN]: [AIBot] PERCEPTION event=snapshot_slow bot=Bob {elapsed_ms=11}
[11:04:01] [Server thread/WARN]: [AIBot] PERCEPTION event=snapshot_slow bot=Bob {elapsed_ms=12}
[11:04:02] [Server thread/WARN]: [AIBot] PERCEPTION event=snapshot_slow bot=Bob {elapsed_ms=13}
[11:04:02] [Server thread/INFO]: [AIBot] ACTION event=diag_snapshot bot=Bob {food=16, air=300, mode=survival, task=idle, task_progress=1.0, goal=none, task_phase=, in_lava=false, step=, light=15, submerged=false, task_state=COMPLETED, held=minecraft:iron_pickaxex1, fall=0.0, pos=550,68,129, on_ground=true, hp=15.0/20.0, mining_idle=true, nearby=animals=0 hostiles=0, inv=minecraft:iron_axex2 minecraft:dirtx46 minecraft:oak_logx8 minecraft:oak_saplingx1 minecraft:iron_pickaxex1 minecraft:raw_ironx8, path_idle=true}
[11:04:03] [Server thread/WARN]: [AIBot] PERCEPTION event=snapshot_slow bot=Bob {elapsed_ms=14}
[11:04:03] [Server thread/INFO]: [AIBot] ACTION event=capability_decision bot=Bob {context=observable_block_query, capability=HIDDEN_BLOCK_SCAN, profile=strict_survival, allowed=false, reason=DENIED_STRICT_SURVIVAL}
[11:04:03] [Server thread/INFO]: [AIBot] ACTION event=capability_decision bot=Bob {context=perception_snapshot, capability=HIDDEN_BLOCK_SCAN, profile=strict_survival, allowed=false, reason=DENIED_STRICT_SURVIVAL}
[11:04:03] [Server thread/WARN]: [AIBot] PERCEPTION event=snapshot_slow bot=Bob {elapsed_ms=12}
[11:04:04] [Server thread/INFO]: [AIBot] ACTION event=capability_decision bot=Bob {context=diagnostic_nearby, capability=HIDDEN_BLOCK_SCAN, profile=strict_survival, allowed=false, reason=DENIED_STRICT_SURVIVAL}
[11:04:04] [Server thread/INFO]: [AIBot] ACTION event=diag_snapshot bot=Bob {food=16, air=300, mode=survival, task=idle, task_progress=1.0, goal=none, task_phase=, in_lava=false, step=, light=15, submerged=false, task_state=COMPLETED, held=minecraft:iron_pickaxex1, fall=0.0, pos=550,68,129, on_ground=true, hp=15.0/20.0, mining_idle=true, nearby=animals=0 hostiles=0, inv=minecraft:iron_axex2 minecraft:dirtx46 minecraft:oak_logx8 minecraft:oak_saplingx1 minecraft:iron_pickaxex1 minecraft:raw_ironx8, path_idle=true}
[11:04:06] [Server thread/INFO]: [AIBot] ACTION event=diag_snapshot bot=Bob {food=16, air=300, mode=survival, task=idle, task_progress=1.0, goal=none, task_phase=, in_lava=false, step=, light=15, submerged=false, task_state=COMPLETED, held=minecraft:iron_pickaxex1, fall=0.0, pos=550,68,129, on_ground=true, hp=15.0/20.0, mining_idle=true, nearby=animals=0 hostiles=0, inv=minecraft:iron_axex2 minecraft:dirtx46 minecraft:oak_logx8 minecraft:oak_saplingx1 minecraft:iron_pickaxex1 minecraft:raw_ironx8, path_idle=true}
[11:04:07] [Server thread/WARN]: [AIBot] PERCEPTION event=snapshot_slow bot=Bob {elapsed_ms=14}
[11:04:08] [Server thread/INFO]: [AIBot] LIFECYCLE event=mixin_alive bot=- {server_tick=1200}
[11:04:08] [Server thread/INFO]: [AIBot] ACTION event=capability_decision bot=Bob {context=observable_block_query, capability=HIDDEN_BLOCK_SCAN, profile=strict_survival, allowed=false, reason=DENIED_STRICT_SURVIVAL}
[11:04:08] [Server thread/INFO]: [AIBot] ACTION event=capability_decision bot=Bob {context=perception_snapshot, capability=HIDDEN_BLOCK_SCAN, profile=strict_survival, allowed=false, reason=DENIED_STRICT_SURVIVAL}
[11:04:08] [Server thread/INFO]: [AIBot] ACTION event=diag_snapshot bot=Bob {food=16, air=300, mode=survival, task=idle, task_progress=1.0, goal=none, task_phase=, in_lava=false, step=, light=15, submerged=false, task_state=COMPLETED, held=minecraft:iron_pickaxex1, fall=0.0, pos=550,68,129, on_ground=true, hp=15.0/20.0, mining_idle=true, nearby=animals=0 hostiles=0, inv=minecraft:iron_axex2 minecraft:dirtx46 minecraft:oak_logx8 minecraft:oak_saplingx1 minecraft:iron_pickaxex1 minecraft:raw_ironx8, path_idle=true}
[11:04:10] [Server thread/INFO]: [AIBot] ACTION event=capability_decision bot=Bob {context=diagnostic_nearby, capability=HIDDEN_BLOCK_SCAN, profile=strict_survival, allowed=false, reason=DENIED_STRICT_SURVIVAL}
[11:04:10] [Server thread/INFO]: [AIBot] ACTION event=diag_snapshot bot=Bob {food=16, air=300, mode=survival, task=idle, task_progress=1.0, goal=none, task_phase=, in_lava=false, step=, light=15, submerged=false, task_state=COMPLETED, held=minecraft:iron_pickaxex1, fall=0.0, pos=550,68,129, on_ground=true, hp=15.0/20.0, mining_idle=true, nearby=animals=0 hostiles=0, inv=minecraft:iron_axex2 minecraft:dirtx46 minecraft:oak_logx8 minecraft:oak_saplingx1 minecraft:iron_pickaxex1 minecraft:raw_ironx8, path_idle=true}
[11:04:12] [Server thread/WARN]: [AIBot] PERCEPTION event=snapshot_slow bot=Bob {elapsed_ms=13}
[11:04:12] [Server thread/INFO]: [AIBot] ACTION event=diag_snapshot bot=Bob {food=16, air=300, mode=survival, task=idle, task_progress=1.0, goal=none, task_phase=, in_lava=false, step=, light=15, submerged=false, task_state=COMPLETED, held=minecraft:iron_pickaxex1, fall=0.0, pos=550,68,129, on_ground=true, hp=15.0/20.0, mining_idle=true, nearby=animals=0 hostiles=0, inv=minecraft:iron_axex2 minecraft:dirtx46 minecraft:oak_logx8 minecraft:oak_saplingx1 minecraft:iron_pickaxex1 minecraft:raw_ironx8, path_idle=true}
[11:04:13] [Server thread/INFO]: [AIBot] ACTION event=capability_decision bot=Bob {context=observable_block_query, capability=HIDDEN_BLOCK_SCAN, profile=strict_survival, allowed=false, reason=DENIED_STRICT_SURVIVAL}
[11:04:13] [Server thread/INFO]: [AIBot] ACTION event=capability_decision bot=Bob {context=perception_snapshot, capability=HIDDEN_BLOCK_SCAN, profile=strict_survival, allowed=false, reason=DENIED_STRICT_SURVIVAL}
[11:04:14] [Server thread/INFO]: [AIBot] ACTION event=diag_snapshot bot=Bob {food=16, air=300, mode=survival, task=idle, task_progress=1.0, goal=none, task_phase=, in_lava=false, step=, light=15, submerged=false, task_state=COMPLETED, held=minecraft:iron_pickaxex1, fall=0.0, pos=550,68,129, on_ground=true, hp=15.0/20.0, mining_idle=true, nearby=animals=0 hostiles=0, inv=minecraft:iron_axex2 minecraft:dirtx46 minecraft:oak_logx8 minecraft:oak_saplingx1 minecraft:iron_pickaxex1 minecraft:raw_ironx8, path_idle=true}
[11:04:16] [Server thread/INFO]: [AIBot] ACTION event=capability_decision bot=Bob {context=diagnostic_nearby, capability=HIDDEN_BLOCK_SCAN, profile=strict_survival, allowed=false, reason=DENIED_STRICT_SURVIVAL}
[11:04:16] [Server thread/INFO]: [AIBot] ACTION event=diag_snapshot bot=Bob {food=16, air=300, mode=survival, task=idle, task_progress=1.0, goal=none, task_phase=, in_lava=false, step=, light=15, submerged=false, task_state=COMPLETED, held=minecraft:iron_pickaxex1, fall=0.0, pos=550,68,129, on_ground=true, hp=15.0/20.0, mining_idle=true, nearby=animals=0 hostiles=0, inv=minecraft:iron_axex2 minecraft:dirtx46 minecraft:oak_logx8 minecraft:oak_saplingx1 minecraft:iron_pickaxex1 minecraft:raw_ironx8, path_idle=true}
[11:04:17] [Server thread/WARN]: [AIBot] PERCEPTION event=snapshot_slow bot=Bob {elapsed_ms=12}
[11:04:18] [Server thread/INFO]: [AIBot] ACTION event=capability_decision bot=Bob {context=observable_block_query, capability=HIDDEN_BLOCK_SCAN, profile=strict_survival, allowed=false, reason=DENIED_STRICT_SURVIVAL}
[11:04:18] [Server thread/INFO]: [AIBot] ACTION event=capability_decision bot=Bob {context=perception_snapshot, capability=HIDDEN_BLOCK_SCAN, profile=strict_survival, allowed=false, reason=DENIED_STRICT_SURVIVAL}
[11:04:18] [Server thread/WARN]: [AIBot] PERCEPTION event=snapshot_slow bot=Bob {elapsed_ms=15}
[11:04:18] [Server thread/INFO]: [AIBot] ACTION event=capability_decision bot=Bob {context=observable_entity_query, capability=HIDDEN_BLOCK_SCAN, profile=strict_survival, allowed=false, reason=DENIED_STRICT_SURVIVAL}
[11:04:18] [Server thread/INFO]: [AIBot] ACTION event=diag_snapshot bot=Bob {food=16, air=300, mode=survival, task=idle, task_progress=1.0, goal=none, task_phase=, in_lava=false, step=, light=15, submerged=false, task_state=COMPLETED, held=minecraft:iron_pickaxex1, fall=0.0, pos=550,68,129, on_ground=true, hp=15.0/20.0, mining_idle=true, nearby=animals=0 hostiles=0, inv=minecraft:iron_axex2 minecraft:dirtx46 minecraft:oak_logx8 minecraft:oak_saplingx1 minecraft:iron_pickaxex1 minecraft:raw_ironx8, path_idle=true}
[11:04:20] [Server thread/WARN]: [AIBot] PERCEPTION event=snapshot_slow bot=Bob {elapsed_ms=14}
[11:04:20] [Server thread/INFO]: [AIBot] ACTION event=diag_snapshot bot=Bob {food=16, air=300, mode=survival, task=idle, task_progress=1.0, goal=none, task_phase=, in_lava=false, step=, light=15, submerged=false, task_state=COMPLETED, held=minecraft:iron_pickaxex1, fall=0.0, pos=550,68,129, on_ground=true, hp=15.0/20.0, mining_idle=true, nearby=animals=0 hostiles=0, inv=minecraft:iron_axex2 minecraft:dirtx46 minecraft:oak_logx8 minecraft:oak_saplingx1 minecraft:iron_pickaxex1 minecraft:raw_ironx8, path_idle=true}
[11:04:22] [Server thread/INFO]: [AIBot] ACTION event=capability_decision bot=Bob {context=diagnostic_nearby, capability=HIDDEN_BLOCK_SCAN, profile=strict_survival, allowed=false, reason=DENIED_STRICT_SURVIVAL}
[11:04:22] [Server thread/INFO]: [AIBot] ACTION event=diag_snapshot bot=Bob {food=16, air=300, mode=survival, task=idle, task_progress=1.0, goal=none, task_phase=, in_lava=false, step=, light=15, submerged=false, task_state=COMPLETED, held=minecraft:iron_pickaxex1, fall=0.0, pos=550,68,129, on_ground=true, hp=15.0/20.0, mining_idle=true, nearby=animals=0 hostiles=0, inv=minecraft:iron_axex2 minecraft:dirtx46 minecraft:oak_logx8 minecraft:oak_saplingx1 minecraft:iron_pickaxex1 minecraft:raw_ironx8, path_idle=true}
[11:04:23] [Server thread/INFO]: [AIBot] ACTION event=capability_decision bot=Bob {context=observable_block_query, capability=HIDDEN_BLOCK_SCAN, profile=strict_survival, allowed=false, reason=DENIED_STRICT_SURVIVAL}
[11:04:23] [Server thread/INFO]: [AIBot] ACTION event=capability_decision bot=Bob {context=perception_snapshot, capability=HIDDEN_BLOCK_SCAN, profile=strict_survival, allowed=false, reason=DENIED_STRICT_SURVIVAL}
[11:04:23] [Server thread/WARN]: [AIBot] PERCEPTION event=snapshot_slow bot=Bob {elapsed_ms=15}
[11:04:24] [Server thread/INFO]: [AIBot] ACTION event=capability_decision bot=Bob {context=observable_entity_query, capability=HIDDEN_BLOCK_SCAN, profile=strict_survival, allowed=false, reason=DENIED_STRICT_SURVIVAL}
[11:04:24] [Server thread/INFO]: [AIBot] ACTION event=diag_snapshot bot=Bob {food=16, air=300, mode=survival, task=idle, task_progress=1.0, goal=none, task_phase=, in_lava=false, step=, light=15, submerged=false, task_state=COMPLETED, held=minecraft:iron_pickaxex1, fall=0.0, pos=550,68,129, on_ground=true, hp=15.0/20.0, mining_idle=true, nearby=animals=0 hostiles=0, inv=minecraft:iron_axex2 minecraft:dirtx46 minecraft:oak_logx8 minecraft:oak_saplingx1 minecraft:iron_pickaxex1 minecraft:raw_ironx8, path_idle=true}
[11:04:26] [Server thread/INFO]: [AIBot] ACTION event=diag_snapshot bot=Bob {food=16, air=300, mode=survival, task=idle, task_progress=1.0, goal=none, task_phase=, in_lava=false, step=, light=15, submerged=false, task_state=COMPLETED, held=minecraft:iron_pickaxex1, fall=0.0, pos=550,68,129, on_ground=true, hp=15.0/20.0, mining_idle=true, nearby=animals=0 hostiles=0, inv=minecraft:iron_axex2 minecraft:dirtx46 minecraft:oak_logx8 minecraft:oak_saplingx1 minecraft:iron_pickaxex1 minecraft:raw_ironx8, path_idle=true}
[11:04:27] [Server thread/WARN]: [AIBot] PERCEPTION event=snapshot_slow bot=Bob {elapsed_ms=14}
[11:04:28] [Server thread/INFO]: [AIBot] ACTION event=capability_decision bot=Bob {context=observable_block_query, capability=HIDDEN_BLOCK_SCAN, profile=strict_survival, allowed=false, reason=DENIED_STRICT_SURVIVAL}
[11:04:28] [Server thread/INFO]: [AIBot] ACTION event=capability_decision bot=Bob {context=perception_snapshot, capability=HIDDEN_BLOCK_SCAN, profile=strict_survival, allowed=false, reason=DENIED_STRICT_SURVIVAL}
[11:04:28] [Server thread/WARN]: [AIBot] PERCEPTION event=snapshot_slow bot=Bob {elapsed_ms=14}
[11:04:28] [Server thread/INFO]: [AIBot] ACTION event=capability_decision bot=Bob {context=diagnostic_nearby, capability=HIDDEN_BLOCK_SCAN, profile=strict_survival, allowed=false, reason=DENIED_STRICT_SURVIVAL}
[11:04:28] [Server thread/INFO]: [AIBot] ACTION event=diag_snapshot bot=Bob {food=16, air=300, mode=survival, task=idle, task_progress=1.0, goal=none, task_phase=, in_lava=false, step=, light=15, submerged=false, task_state=COMPLETED, held=minecraft:iron_pickaxex1, fall=0.0, pos=550,68,129, on_ground=true, hp=15.0/20.0, mining_idle=true, nearby=animals=0 hostiles=0, inv=minecraft:iron_axex2 minecraft:dirtx46 minecraft:oak_logx8 minecraft:oak_saplingx1 minecraft:iron_pickaxex1 minecraft:raw_ironx8, path_idle=true}
[11:04:30] [Server thread/INFO]: [AIBot] ACTION event=capability_decision bot=Bob {context=observable_entity_query, capability=HIDDEN_BLOCK_SCAN, profile=strict_survival, allowed=false, reason=DENIED_STRICT_SURVIVAL}
[11:04:30] [Server thread/INFO]: [AIBot] ACTION event=diag_snapshot bot=Bob {food=16, air=300, mode=survival, task=idle, task_progress=1.0, goal=none, task_phase=, in_lava=false, step=, light=15, submerged=false, task_state=COMPLETED, held=minecraft:iron_pickaxex1, fall=0.0, pos=550,68,129, on_ground=true, hp=15.0/20.0, mining_idle=true, nearby=animals=0 hostiles=0, inv=minecraft:iron_axex2 minecraft:dirtx46 minecraft:oak_logx8 minecraft:oak_saplingx1 minecraft:iron_pickaxex1 minecraft:raw_ironx8, path_idle=true}
[11:04:32] [Server thread/WARN]: [AIBot] PERCEPTION event=snapshot_slow bot=Bob {elapsed_ms=16}
[11:04:32] [Server thread/INFO]: [AIBot] ACTION event=diag_snapshot bot=Bob {food=16, air=300, mode=survival, task=idle, task_progress=1.0, goal=none, task_phase=, in_lava=false, step=, light=15, submerged=false, task_state=COMPLETED, held=minecraft:iron_pickaxex1, fall=0.0, pos=550,68,129, on_ground=true, hp=15.0/20.0, mining_idle=true, nearby=animals=0 hostiles=0, inv=minecraft:iron_axex2 minecraft:dirtx46 minecraft:oak_logx8 minecraft:oak_saplingx1 minecraft:iron_pickaxex1 minecraft:raw_ironx8, path_idle=true}
[11:04:33] [Server thread/INFO]: [AIBot] ACTION event=capability_decision bot=Bob {context=observable_block_query, capability=HIDDEN_BLOCK_SCAN, profile=strict_survival, allowed=false, reason=DENIED_STRICT_SURVIVAL}
[11:04:33] [Server thread/INFO]: [AIBot] ACTION event=capability_decision bot=Bob {context=perception_snapshot, capability=HIDDEN_BLOCK_SCAN, profile=strict_survival, allowed=false, reason=DENIED_STRICT_SURVIVAL}
[11:04:34] [Server thread/WARN]: [AIBot] PERCEPTION event=snapshot_slow bot=Bob {elapsed_ms=12}
[11:04:34] [Server thread/INFO]: [AIBot] ACTION event=capability_decision bot=Bob {context=diagnostic_nearby, capability=HIDDEN_BLOCK_SCAN, profile=strict_survival, allowed=false, reason=DENIED_STRICT_SURVIVAL}
[11:04:34] [Server thread/INFO]: [AIBot] ACTION event=diag_snapshot bot=Bob {food=16, air=300, mode=survival, task=idle, task_progress=1.0, goal=none, task_phase=, in_lava=false, step=, light=15, submerged=false, task_state=COMPLETED, held=minecraft:iron_pickaxex1, fall=0.0, pos=550,68,129, on_ground=true, hp=15.0/20.0, mining_idle=true, nearby=animals=0 hostiles=0, inv=minecraft:iron_axex2 minecraft:dirtx46 minecraft:oak_logx8 minecraft:oak_saplingx1 minecraft:iron_pickaxex1 minecraft:raw_ironx8, path_idle=true}
[11:04:36] [Server thread/WARN]: [AIBot] PERCEPTION event=snapshot_slow bot=Bob {elapsed_ms=13}
[11:04:36] [Server thread/INFO]: [AIBot] ACTION event=capability_decision bot=Bob {context=observable_entity_query, capability=HIDDEN_BLOCK_SCAN, profile=strict_survival, allowed=false, reason=DENIED_STRICT_SURVIVAL}
[11:04:36] [Server thread/INFO]: [AIBot] ACTION event=diag_snapshot bot=Bob {food=16, air=300, mode=survival, task=idle, task_progress=1.0, goal=none, task_phase=, in_lava=false, step=, light=15, submerged=false, task_state=COMPLETED, held=minecraft:iron_pickaxex1, fall=0.0, pos=550,68,129, on_ground=true, hp=15.0/20.0, mining_idle=true, nearby=animals=0 hostiles=0, inv=minecraft:iron_axex2 minecraft:dirtx46 minecraft:oak_logx8 minecraft:oak_saplingx1 minecraft:iron_pickaxex1 minecraft:raw_ironx8, path_idle=true}
[11:04:37] [Server thread/WARN]: [AIBot] PERCEPTION event=snapshot_slow bot=Bob {elapsed_ms=12}
[11:04:38] [Server thread/INFO]: [AIBot] ACTION event=capability_decision bot=Bob {context=observable_block_query, capability=HIDDEN_BLOCK_SCAN, profile=strict_survival, allowed=false, reason=DENIED_STRICT_SURVIVAL}
[11:04:38] [Server thread/INFO]: [AIBot] ACTION event=capability_decision bot=Bob {context=perception_snapshot, capability=HIDDEN_BLOCK_SCAN, profile=strict_survival, allowed=false, reason=DENIED_STRICT_SURVIVAL}
[11:04:38] [Server thread/INFO]: [AIBot] ACTION event=diag_snapshot bot=Bob {food=16, air=300, mode=survival, task=idle, task_progress=1.0, goal=none, task_phase=, in_lava=false, step=, light=15, submerged=false, task_state=COMPLETED, held=minecraft:iron_pickaxex1, fall=0.0, pos=550,68,129, on_ground=true, hp=15.0/20.0, mining_idle=true, nearby=animals=0 hostiles=0, inv=minecraft:iron_axex2 minecraft:dirtx46 minecraft:oak_logx8 minecraft:oak_saplingx1 minecraft:iron_pickaxex1 minecraft:raw_ironx8, path_idle=true}
[11:04:40] [Server thread/INFO]: [AIBot] ACTION event=capability_decision bot=Bob {context=diagnostic_nearby, capability=HIDDEN_BLOCK_SCAN, profile=strict_survival, allowed=false, reason=DENIED_STRICT_SURVIVAL}
[11:04:40] [Server thread/INFO]: [AIBot] ACTION event=diag_snapshot bot=Bob {food=16, air=300, mode=survival, task=idle, task_progress=1.0, goal=none, task_phase=, in_lava=false, step=, light=15, submerged=false, task_state=COMPLETED, held=minecraft:iron_pickaxex1, fall=0.0, pos=550,68,129, on_ground=true, hp=15.0/20.0, mining_idle=true, nearby=animals=0 hostiles=0, inv=minecraft:iron_axex2 minecraft:dirtx46 minecraft:oak_logx8 minecraft:oak_saplingx1 minecraft:iron_pickaxex1 minecraft:raw_ironx8, path_idle=true}
[11:04:41] [Server thread/WARN]: [AIBot] PERCEPTION event=snapshot_slow bot=Bob {elapsed_ms=18}
[11:04:42] [Server thread/WARN]: [AIBot] PERCEPTION event=snapshot_slow bot=Bob {elapsed_ms=11}
[11:04:42] [Server thread/INFO]: [AIBot] ACTION event=capability_decision bot=Bob {context=observable_entity_query, capability=HIDDEN_BLOCK_SCAN, profile=strict_survival, allowed=false, reason=DENIED_STRICT_SURVIVAL}
[11:04:42] [Server thread/INFO]: [AIBot] ACTION event=diag_snapshot bot=Bob {food=16, air=300, mode=survival, task=idle, task_progress=1.0, goal=none, task_phase=, in_lava=false, step=, light=15, submerged=false, task_state=COMPLETED, held=minecraft:iron_pickaxex1, fall=0.0, pos=550,68,129, on_ground=true, hp=15.0/20.0, mining_idle=true, nearby=animals=0 hostiles=0, inv=minecraft:iron_axex2 minecraft:dirtx46 minecraft:oak_logx8 minecraft:oak_saplingx1 minecraft:iron_pickaxex1 minecraft:raw_ironx8, path_idle=true}
[11:04:43] [Server thread/INFO]: [AIBot] ACTION event=capability_decision bot=Bob {context=observable_block_query, capability=HIDDEN_BLOCK_SCAN, profile=strict_survival, allowed=false, reason=DENIED_STRICT_SURVIVAL}
[11:04:43] [Server thread/INFO]: [AIBot] ACTION event=capability_decision bot=Bob {context=perception_snapshot, capability=HIDDEN_BLOCK_SCAN, profile=strict_survival, allowed=false, reason=DENIED_STRICT_SURVIVAL}
[11:04:43] [Server thread/WARN]: [AIBot] PERCEPTION event=snapshot_slow bot=Bob {elapsed_ms=13}
[11:04:44] [Server thread/WARN]: [AIBot] PERCEPTION event=snapshot_slow bot=Bob {elapsed_ms=13}
[11:04:44] [Server thread/INFO]: [AIBot] ACTION event=diag_snapshot bot=Bob {food=16, air=300, mode=survival, task=idle, task_progress=1.0, goal=none, task_phase=, in_lava=false, step=, light=15, submerged=false, task_state=COMPLETED, held=minecraft:iron_pickaxex1, fall=0.0, pos=550,68,129, on_ground=true, hp=15.0/20.0, mining_idle=true, nearby=animals=0 hostiles=0, inv=minecraft:iron_axex2 minecraft:dirtx46 minecraft:oak_logx8 minecraft:oak_saplingx1 minecraft:iron_pickaxex1 minecraft:raw_ironx8, path_idle=true}
[11:04:46] [Server thread/WARN]: [AIBot] PERCEPTION event=snapshot_slow bot=Bob {elapsed_ms=13}
[11:04:46] [Server thread/INFO]: [AIBot] ACTION event=capability_decision bot=Bob {context=diagnostic_nearby, capability=HIDDEN_BLOCK_SCAN, profile=strict_survival, allowed=false, reason=DENIED_STRICT_SURVIVAL}
[11:04:46] [Server thread/INFO]: [AIBot] ACTION event=diag_snapshot bot=Bob {food=16, air=300, mode=survival, task=idle, task_progress=1.0, goal=none, task_phase=, in_lava=false, step=, light=15, submerged=false, task_state=COMPLETED, held=minecraft:iron_pickaxex1, fall=0.0, pos=550,68,129, on_ground=true, hp=15.0/20.0, mining_idle=true, nearby=animals=0 hostiles=0, inv=minecraft:iron_axex2 minecraft:dirtx46 minecraft:oak_logx8 minecraft:oak_saplingx1 minecraft:iron_pickaxex1 minecraft:raw_ironx8, path_idle=true}
[11:04:48] [Server thread/INFO]: [AIBot] ACTION event=capability_decision bot=Bob {context=observable_block_query, capability=HIDDEN_BLOCK_SCAN, profile=strict_survival, allowed=false, reason=DENIED_STRICT_SURVIVAL}
[11:04:48] [Server thread/INFO]: [AIBot] ACTION event=capability_decision bot=Bob {context=perception_snapshot, capability=HIDDEN_BLOCK_SCAN, profile=strict_survival, allowed=false, reason=DENIED_STRICT_SURVIVAL}
[11:04:48] [Server thread/INFO]: [AIBot] ACTION event=capability_decision bot=Bob {context=observable_entity_query, capability=HIDDEN_BLOCK_SCAN, profile=strict_survival, allowed=false, reason=DENIED_STRICT_SURVIVAL}
[11:04:48] [Server thread/INFO]: [AIBot] ACTION event=diag_snapshot bot=Bob {food=16, air=300, mode=survival, task=idle, task_progress=1.0, goal=none, task_phase=, in_lava=false, step=, light=15, submerged=false, task_state=COMPLETED, held=minecraft:iron_pickaxex1, fall=0.0, pos=550,68,129, on_ground=true, hp=15.0/20.0, mining_idle=true, nearby=animals=0 hostiles=0, inv=minecraft:iron_axex2 minecraft:dirtx46 minecraft:oak_logx8 minecraft:oak_saplingx1 minecraft:iron_pickaxex1 minecraft:raw_ironx8, path_idle=true}
[11:04:50] [Server thread/INFO]: [AIBot] ACTION event=diag_snapshot bot=Bob {food=16, air=300, mode=survival, task=idle, task_progress=1.0, goal=none, task_phase=, in_lava=false, step=, light=15, submerged=false, task_state=COMPLETED, held=minecraft:iron_pickaxex1, fall=0.0, pos=550,68,129, on_ground=true, hp=15.0/20.0, mining_idle=true, nearby=animals=0 hostiles=0, inv=minecraft:iron_axex2 minecraft:dirtx46 minecraft:oak_logx8 minecraft:oak_saplingx1 minecraft:iron_pickaxex1 minecraft:raw_ironx8, path_idle=true}
[11:04:52] [Server thread/INFO]: [AIBot] ACTION event=capability_decision bot=Bob {context=diagnostic_nearby, capability=HIDDEN_BLOCK_SCAN, profile=strict_survival, allowed=false, reason=DENIED_STRICT_SURVIVAL}
[11:04:52] [Server thread/INFO]: [AIBot] ACTION event=diag_snapshot bot=Bob {food=16, air=300, mode=survival, task=idle, task_progress=1.0, goal=none, task_phase=, in_lava=false, step=, light=15, submerged=false, task_state=COMPLETED, held=minecraft:iron_pickaxex1, fall=0.0, pos=550,68,129, on_ground=true, hp=15.0/20.0, mining_idle=true, nearby=animals=0 hostiles=0, inv=minecraft:iron_axex2 minecraft:dirtx46 minecraft:oak_logx8 minecraft:oak_saplingx1 minecraft:iron_pickaxex1 minecraft:raw_ironx8, path_idle=true}
[11:04:53] [Server thread/INFO]: [AIBot] ACTION event=capability_decision bot=Bob {context=observable_block_query, capability=HIDDEN_BLOCK_SCAN, profile=strict_survival, allowed=false, reason=DENIED_STRICT_SURVIVAL}
[11:04:53] [Server thread/INFO]: [AIBot] ACTION event=capability_decision bot=Bob {context=perception_snapshot, capability=HIDDEN_BLOCK_SCAN, profile=strict_survival, allowed=false, reason=DENIED_STRICT_SURVIVAL}
[11:04:54] [Server thread/WARN]: [AIBot] PERCEPTION event=snapshot_slow bot=Bob {elapsed_ms=11}
[11:04:54] [Server thread/INFO]: [AIBot] ACTION event=diag_snapshot bot=Bob {food=16, air=300, mode=survival, task=idle, task_progress=1.0, goal=none, task_phase=, in_lava=false, step=, light=15, submerged=false, task_state=COMPLETED, held=minecraft:iron_pickaxex1, fall=0.0, pos=550,68,129, on_ground=true, hp=15.0/20.0, mining_idle=true, nearby=animals=0 hostiles=0, inv=minecraft:iron_axex2 minecraft:dirtx46 minecraft:oak_logx8 minecraft:oak_saplingx1 minecraft:iron_pickaxex1 minecraft:raw_ironx8, path_idle=true}
[11:04:56] [Server thread/INFO]: [AIBot] ACTION event=diag_snapshot bot=Bob {food=16, air=300, mode=survival, task=idle, task_progress=1.0, goal=none, task_phase=, in_lava=false, step=, light=15, submerged=false, task_state=COMPLETED, held=minecraft:iron_pickaxex1, fall=0.0, pos=550,68,129, on_ground=true, hp=15.0/20.0, mining_idle=true, nearby=animals=0 hostiles=0, inv=minecraft:iron_axex2 minecraft:dirtx46 minecraft:oak_logx8 minecraft:oak_saplingx1 minecraft:iron_pickaxex1 minecraft:raw_ironx8, path_idle=true}
[11:04:58] [Server thread/WARN]: [AIBot] PERCEPTION event=snapshot_slow bot=Bob {elapsed_ms=14}
[11:04:58] [Server thread/INFO]: [AIBot] ACTION event=capability_decision bot=Bob {context=observable_block_query, capability=HIDDEN_BLOCK_SCAN, profile=strict_survival, allowed=false, reason=DENIED_STRICT_SURVIVAL}
[11:04:58] [Server thread/INFO]: [AIBot] ACTION event=capability_decision bot=Bob {context=perception_snapshot, capability=HIDDEN_BLOCK_SCAN, profile=strict_survival, allowed=false, reason=DENIED_STRICT_SURVIVAL}
[11:04:58] [Server thread/INFO]: [AIBot] ACTION event=capability_decision bot=Bob {context=diagnostic_nearby, capability=HIDDEN_BLOCK_SCAN, profile=strict_survival, allowed=false, reason=DENIED_STRICT_SURVIVAL}
[11:04:58] [Server thread/INFO]: [AIBot] ACTION event=diag_snapshot bot=Bob {food=16, air=300, mode=survival, task=idle, task_progress=1.0, goal=none, task_phase=, in_lava=false, step=, light=15, submerged=false, task_state=COMPLETED, held=minecraft:iron_pickaxex1, fall=0.0, pos=550,68,129, on_ground=true, hp=15.0/20.0, mining_idle=true, nearby=animals=0 hostiles=0, inv=minecraft:iron_axex2 minecraft:dirtx46 minecraft:oak_logx8 minecraft:oak_saplingx1 minecraft:iron_pickaxex1 minecraft:raw_ironx8, path_idle=true}
[11:05:00] [Server thread/INFO]: [AIBot] ACTION event=diag_snapshot bot=Bob {food=16, air=300, mode=survival, task=idle, task_progress=1.0, goal=none, task_phase=, in_lava=false, step=, light=15, submerged=false, task_state=COMPLETED, held=minecraft:iron_pickaxex1, fall=0.0, pos=550,68,129, on_ground=true, hp=15.0/20.0, mining_idle=true, nearby=animals=0 hostiles=0, inv=minecraft:iron_axex2 minecraft:dirtx46 minecraft:oak_logx8 minecraft:oak_saplingx1 minecraft:iron_pickaxex1 minecraft:raw_ironx8, path_idle=true}
[11:05:02] [Server thread/INFO]: [AIBot] ACTION event=diag_snapshot bot=Bob {food=16, air=300, mode=survival, task=idle, task_progress=1.0, goal=none, task_phase=, in_lava=false, step=, light=15, submerged=false, task_state=COMPLETED, held=minecraft:iron_pickaxex1, fall=0.0, pos=550,68,129, on_ground=true, hp=15.0/20.0, mining_idle=true, nearby=animals=0 hostiles=0, inv=minecraft:iron_axex2 minecraft:dirtx46 minecraft:oak_logx8 minecraft:oak_saplingx1 minecraft:iron_pickaxex1 minecraft:raw_ironx8, path_idle=true}
[11:05:03] [Server thread/INFO]: [AIBot] ACTION event=capability_decision bot=Bob {context=observable_block_query, capability=HIDDEN_BLOCK_SCAN, profile=strict_survival, allowed=false, reason=DENIED_STRICT_SURVIVAL}
[11:05:03] [Server thread/INFO]: [AIBot] ACTION event=capability_decision bot=Bob {context=perception_snapshot, capability=HIDDEN_BLOCK_SCAN, profile=strict_survival, allowed=false, reason=DENIED_STRICT_SURVIVAL}
[11:05:04] [Server thread/INFO]: [AIBot] ACTION event=capability_decision bot=Bob {context=diagnostic_nearby, capability=HIDDEN_BLOCK_SCAN, profile=strict_survival, allowed=false, reason=DENIED_STRICT_SURVIVAL}
[11:05:04] [Server thread/INFO]: [AIBot] ACTION event=diag_snapshot bot=Bob {food=16, air=300, mode=survival, task=idle, task_progress=1.0, goal=none, task_phase=, in_lava=false, step=, light=15, submerged=false, task_state=COMPLETED, held=minecraft:iron_pickaxex1, fall=0.0, pos=550,68,129, on_ground=true, hp=15.0/20.0, mining_idle=true, nearby=animals=0 hostiles=0, inv=minecraft:iron_axex2 minecraft:dirtx46 minecraft:oak_logx8 minecraft:oak_saplingx1 minecraft:iron_pickaxex1 minecraft:raw_ironx8, path_idle=true}
[11:05:06] [Server thread/INFO]: [AIBot] ACTION event=diag_snapshot bot=Bob {food=16, air=300, mode=survival, task=idle, task_progress=1.0, goal=none, task_phase=, in_lava=false, step=, light=15, submerged=false, task_state=COMPLETED, held=minecraft:iron_pickaxex1, fall=0.0, pos=550,68,129, on_ground=true, hp=15.0/20.0, mining_idle=true, nearby=animals=0 hostiles=0, inv=minecraft:iron_axex2 minecraft:dirtx46 minecraft:oak_logx8 minecraft:oak_saplingx1 minecraft:iron_pickaxex1 minecraft:raw_ironx8, path_idle=true}
[11:05:08] [Server thread/INFO]: [AIBot] LIFECYCLE event=mixin_alive bot=- {server_tick=2400}
[11:05:08] [Server thread/INFO]: [AIBot] ACTION event=capability_decision bot=Bob {context=observable_block_query, capability=HIDDEN_BLOCK_SCAN, profile=strict_survival, allowed=false, reason=DENIED_STRICT_SURVIVAL}
[11:05:08] [Server thread/INFO]: [AIBot] ACTION event=capability_decision bot=Bob {context=perception_snapshot, capability=HIDDEN_BLOCK_SCAN, profile=strict_survival, allowed=false, reason=DENIED_STRICT_SURVIVAL}
[11:05:08] [Server thread/INFO]: [AIBot] ACTION event=diag_snapshot bot=Bob {food=16, air=300, mode=survival, task=idle, task_progress=1.0, goal=none, task_phase=, in_lava=false, step=, light=15, submerged=false, task_state=COMPLETED, held=minecraft:iron_pickaxex1, fall=0.0, pos=550,68,129, on_ground=true, hp=15.0/20.0, mining_idle=true, nearby=animals=0 hostiles=0, inv=minecraft:iron_axex2 minecraft:dirtx46 minecraft:oak_logx8 minecraft:oak_saplingx1 minecraft:iron_pickaxex1 minecraft:raw_ironx8, path_idle=true}
[11:05:10] [Server thread/INFO]: [AIBot] ACTION event=capability_decision bot=Bob {context=diagnostic_nearby, capability=HIDDEN_BLOCK_SCAN, profile=strict_survival, allowed=false, reason=DENIED_STRICT_SURVIVAL}
[11:05:10] [Server thread/INFO]: [AIBot] ACTION event=capability_decision bot=Bob {context=observable_entity_query, capability=HIDDEN_BLOCK_SCAN, profile=strict_survival, allowed=false, reason=DENIED_STRICT_SURVIVAL}
[11:05:10] [Server thread/INFO]: [AIBot] ACTION event=diag_snapshot bot=Bob {food=16, air=300, mode=survival, task=idle, task_progress=1.0, goal=none, task_phase=, in_lava=false, step=, light=15, submerged=false, task_state=COMPLETED, held=minecraft:iron_pickaxex1, fall=0.0, pos=550,68,129, on_ground=true, hp=15.0/20.0, mining_idle=true, nearby=animals=0 hostiles=0, inv=minecraft:iron_axex2 minecraft:dirtx46 minecraft:oak_logx8 minecraft:oak_saplingx1 minecraft:iron_pickaxex1 minecraft:raw_ironx8, path_idle=true}
[11:05:12] [Server thread/WARN]: [AIBot] PERCEPTION event=snapshot_slow bot=Bob {elapsed_ms=11}
[11:05:12] [Server thread/INFO]: [AIBot] ACTION event=diag_snapshot bot=Bob {food=16, air=300, mode=survival, task=idle, task_progress=1.0, goal=none, task_phase=, in_lava=false, step=, light=15, submerged=false, task_state=COMPLETED, held=minecraft:iron_pickaxex1, fall=0.0, pos=550,68,129, on_ground=true, hp=15.0/20.0, mining_idle=true, nearby=animals=0 hostiles=0, inv=minecraft:iron_axex2 minecraft:dirtx46 minecraft:oak_logx8 minecraft:oak_saplingx1 minecraft:iron_pickaxex1 minecraft:raw_ironx8, path_idle=true}
[11:05:13] [Server thread/INFO]: [AIBot] ACTION event=capability_decision bot=Bob {context=observable_block_query, capability=HIDDEN_BLOCK_SCAN, profile=strict_survival, allowed=false, reason=DENIED_STRICT_SURVIVAL}
[11:05:13] [Server thread/INFO]: [AIBot] ACTION event=capability_decision bot=Bob {context=perception_snapshot, capability=HIDDEN_BLOCK_SCAN, profile=strict_survival, allowed=false, reason=DENIED_STRICT_SURVIVAL}
[11:05:14] [Server thread/INFO]: [AIBot] ACTION event=diag_snapshot bot=Bob {food=16, air=300, mode=survival, task=idle, task_progress=1.0, goal=none, task_phase=, in_lava=false, step=, light=15, submerged=false, task_state=COMPLETED, held=minecraft:iron_pickaxex1, fall=0.0, pos=550,68,129, on_ground=true, hp=15.0/20.0, mining_idle=true, nearby=animals=0 hostiles=0, inv=minecraft:iron_axex2 minecraft:dirtx46 minecraft:oak_logx8 minecraft:oak_saplingx1 minecraft:iron_pickaxex1 minecraft:raw_ironx8, path_idle=true}
[11:05:16] [Server thread/INFO]: [AIBot] ACTION event=capability_decision bot=Bob {context=diagnostic_nearby, capability=HIDDEN_BLOCK_SCAN, profile=strict_survival, allowed=false, reason=DENIED_STRICT_SURVIVAL}
[11:05:16] [Server thread/INFO]: [AIBot] ACTION event=capability_decision bot=Bob {context=observable_entity_query, capability=HIDDEN_BLOCK_SCAN, profile=strict_survival, allowed=false, reason=DENIED_STRICT_SURVIVAL}
[11:05:16] [Server thread/INFO]: [AIBot] ACTION event=diag_snapshot bot=Bob {food=16, air=300, mode=survival, task=idle, task_progress=1.0, goal=none, task_phase=, in_lava=false, step=, light=15, submerged=false, task_state=COMPLETED, held=minecraft:iron_pickaxex1, fall=0.0, pos=550,68,129, on_ground=true, hp=15.0/20.0, mining_idle=true, nearby=animals=0 hostiles=0, inv=minecraft:iron_axex2 minecraft:dirtx46 minecraft:oak_logx8 minecraft:oak_saplingx1 minecraft:iron_pickaxex1 minecraft:raw_ironx8, path_idle=true}
[11:05:17] [Server thread/WARN]: [AIBot] PERCEPTION event=snapshot_slow bot=Bob {elapsed_ms=15}
[11:05:17] [Server thread/WARN]: [AIBot] PERCEPTION event=snapshot_slow bot=Bob {elapsed_ms=12}
[11:05:18] [Server thread/INFO]: [AIBot] ACTION event=capability_decision bot=Bob {context=observable_block_query, capability=HIDDEN_BLOCK_SCAN, profile=strict_survival, allowed=false, reason=DENIED_STRICT_SURVIVAL}
[11:05:18] [Server thread/INFO]: [AIBot] ACTION event=capability_decision bot=Bob {context=perception_snapshot, capability=HIDDEN_BLOCK_SCAN, profile=strict_survival, allowed=false, reason=DENIED_STRICT_SURVIVAL}
[11:05:18] [Server thread/INFO]: [AIBot] ACTION event=diag_snapshot bot=Bob {food=16, air=300, mode=survival, task=idle, task_progress=1.0, goal=none, task_phase=, in_lava=false, step=, light=15, submerged=false, task_state=COMPLETED, held=minecraft:iron_pickaxex1, fall=0.0, pos=550,68,129, on_ground=true, hp=15.0/20.0, mining_idle=true, nearby=animals=0 hostiles=0, inv=minecraft:iron_axex2 minecraft:dirtx46 minecraft:oak_logx8 minecraft:oak_saplingx1 minecraft:iron_pickaxex1 minecraft:raw_ironx8, path_idle=true}
[11:05:20] [Server thread/WARN]: [AIBot] PERCEPTION event=snapshot_slow bot=Bob {elapsed_ms=13}
[11:05:20] [Server thread/INFO]: [AIBot] ACTION event=diag_snapshot bot=Bob {food=16, air=300, mode=survival, task=idle, task_progress=1.0, goal=none, task_phase=, in_lava=false, step=, light=15, submerged=false, task_state=COMPLETED, held=minecraft:iron_pickaxex1, fall=0.0, pos=550,68,129, on_ground=true, hp=15.0/20.0, mining_idle=true, nearby=animals=0 hostiles=0, inv=minecraft:iron_axex2 minecraft:dirtx46 minecraft:oak_logx8 minecraft:oak_saplingx1 minecraft:iron_pickaxex1 minecraft:raw_ironx8, path_idle=true}
[11:05:21] [RCON Listener #1/INFO]: Thread RCON Client /127.0.0.1 started
[11:05:21] [Server thread/INFO]: [Rcon: Teleported Bob to 524.500000, 68.500000, 121.500000]
[11:05:21] [RCON Client /127.0.0.1 #2/INFO]: Thread RCON Client /127.0.0.1 shutting down
[11:05:21] [RCON Listener #1/INFO]: Thread RCON Client /127.0.0.1 started
[11:05:21] [Server thread/INFO]: [Rcon: Applied effect Instant Health to Bob]
[11:05:21] [RCON Client /127.0.0.1 #3/INFO]: Thread RCON Client /127.0.0.1 shutting down
[11:05:21] [RCON Listener #1/INFO]: Thread RCON Client /127.0.0.1 started
[11:05:21] [Server thread/INFO]: [Rcon: Removed 66 item(s) from player Bob]
[11:05:21] [RCON Client /127.0.0.1 #4/INFO]: Thread RCON Client /127.0.0.1 shutting down
[11:05:22] [RCON Listener #1/INFO]: Thread RCON Client /127.0.0.1 started
[11:05:22] [Server thread/INFO]: [Rcon: Killed 4 entities]
[11:05:22] [RCON Client /127.0.0.1 #5/INFO]: Thread RCON Client /127.0.0.1 shutting down
[11:05:22] [RCON Listener #1/INFO]: Thread RCON Client /127.0.0.1 started
[11:05:22] [RCON Client /127.0.0.1 #6/INFO]: Thread RCON Client /127.0.0.1 shutting down
[11:05:22] [RCON Listener #1/INFO]: Thread RCON Client /127.0.0.1 started
[11:05:22] [Server thread/INFO]: [Rcon: Gave 1 [Iron Axe] to Bob]
[11:05:22] [RCON Client /127.0.0.1 #7/INFO]: Thread RCON Client /127.0.0.1 shutting down
[11:05:22] [RCON Listener #1/INFO]: Thread RCON Client /127.0.0.1 started
[11:05:22] [Server thread/INFO]: [Rcon: Gave 16 [Dirt] to Bob]
[11:05:22] [RCON Client /127.0.0.1 #8/INFO]: Thread RCON Client /127.0.0.1 shutting down
[11:05:22] [RCON Listener #1/INFO]: Thread RCON Client /127.0.0.1 started
[11:05:22] [Server thread/INFO]: [Rcon: Gamerule doDaylightCycle is now set to: false]
[11:05:22] [RCON Client /127.0.0.1 #9/INFO]: Thread RCON Client /127.0.0.1 shutting down
[11:05:22] [RCON Listener #1/INFO]: Thread RCON Client /127.0.0.1 started
[11:05:22] [Server thread/INFO]: [Rcon: Set the time to 1000]
[11:05:22] [RCON Client /127.0.0.1 #10/INFO]: Thread RCON Client /127.0.0.1 shutting down
[11:05:22] [Server thread/WARN]: [AIBot] PERCEPTION event=snapshot_slow bot=Bob {elapsed_ms=17}
[11:05:22] [Server thread/INFO]: [AIBot] ACTION event=capability_decision bot=Bob {context=diagnostic_nearby, capability=HIDDEN_BLOCK_SCAN, profile=strict_survival, allowed=false, reason=DENIED_STRICT_SURVIVAL}
[11:05:22] [Server thread/INFO]: [AIBot] ACTION event=diag_snapshot bot=Bob {food=16, air=300, mode=survival, task=idle, task_progress=1.0, goal=none, task_phase=, in_lava=false, step=, light=15, submerged=false, task_state=COMPLETED, held=empty, fall=0.0, pos=524,68,121, on_ground=true, hp=20.0/20.0, mining_idle=true, nearby=animals=0 hostiles=0, inv=minecraft:iron_axex1 minecraft:dirtx16, path_idle=true}
[11:05:22] [RCON Listener #1/INFO]: Thread RCON Client /127.0.0.1 started
[11:05:22] [Server thread/INFO]: [Rcon: Changed the block at 530, 67, 121]
[11:05:22] [RCON Client /127.0.0.1 #11/INFO]: Thread RCON Client /127.0.0.1 shutting down
[11:05:22] [RCON Listener #1/INFO]: Thread RCON Client /127.0.0.1 started
[11:05:22] [Server thread/INFO]: [Rcon: Changed the block at 529, 67, 121]
[11:05:22] [RCON Client /127.0.0.1 #12/INFO]: Thread RCON Client /127.0.0.1 shutting down
[11:05:22] [RCON Listener #1/INFO]: Thread RCON Client /127.0.0.1 started
[11:05:22] [Server thread/INFO]: [Rcon: Changed the block at 531, 67, 121]
[11:05:22] [RCON Client /127.0.0.1 #13/INFO]: Thread RCON Client /127.0.0.1 shutting down
[11:05:22] [RCON Listener #1/INFO]: Thread RCON Client /127.0.0.1 started
[11:05:22] [Server thread/INFO]: [Rcon: Changed the block at 530, 67, 120]
[11:05:22] [RCON Client /127.0.0.1 #14/INFO]: Thread RCON Client /127.0.0.1 shutting down
[11:05:22] [RCON Listener #1/INFO]: Thread RCON Client /127.0.0.1 started
[11:05:22] [Server thread/INFO]: [Rcon: Changed the block at 530, 67, 122]
[11:05:22] [RCON Client /127.0.0.1 #15/INFO]: Thread RCON Client /127.0.0.1 shutting down
[11:05:23] [RCON Listener #1/INFO]: Thread RCON Client /127.0.0.1 started
[11:05:23] [Server thread/INFO]: [Rcon: Changed the block at 528, 67, 121]
[11:05:23] [RCON Client /127.0.0.1 #16/INFO]: Thread RCON Client /127.0.0.1 shutting down
[11:05:23] [Server thread/WARN]: [AIBot] PERCEPTION event=snapshot_slow bot=Bob {elapsed_ms=16}
[11:05:23] [RCON Listener #1/INFO]: Thread RCON Client /127.0.0.1 started
[11:05:23] [RCON Client /127.0.0.1 #17/INFO]: Thread RCON Client /127.0.0.1 shutting down
[11:05:23] [RCON Listener #1/INFO]: Thread RCON Client /127.0.0.1 started
[11:05:23] [RCON Client /127.0.0.1 #18/INFO]: Thread RCON Client /127.0.0.1 shutting down
[11:05:23] [RCON Listener #1/INFO]: Thread RCON Client /127.0.0.1 started
[11:05:23] [RCON Client /127.0.0.1 #19/INFO]: Thread RCON Client /127.0.0.1 shutting down
[11:05:23] [RCON Listener #1/INFO]: Thread RCON Client /127.0.0.1 started
[11:05:23] [RCON Client /127.0.0.1 #20/INFO]: Thread RCON Client /127.0.0.1 shutting down
[11:05:23] [RCON Listener #1/INFO]: Thread RCON Client /127.0.0.1 started
[11:05:23] [RCON Client /127.0.0.1 #21/INFO]: Thread RCON Client /127.0.0.1 shutting down
[11:05:23] [RCON Listener #1/INFO]: Thread RCON Client /127.0.0.1 started
[11:05:23] [Server thread/INFO]: [Rcon: Changed the block at 528, 68, 121]
[11:05:23] [RCON Client /127.0.0.1 #22/INFO]: Thread RCON Client /127.0.0.1 shutting down
[11:05:23] [Server thread/INFO]: [AIBot] ACTION event=capability_decision bot=Bob {context=observable_block_query, capability=HIDDEN_BLOCK_SCAN, profile=strict_survival, allowed=false, reason=DENIED_STRICT_SURVIVAL}
[11:05:23] [Server thread/INFO]: [AIBot] ACTION event=capability_decision bot=Bob {context=perception_snapshot, capability=HIDDEN_BLOCK_SCAN, profile=strict_survival, allowed=false, reason=DENIED_STRICT_SURVIVAL}
[11:05:23] [Server thread/WARN]: [AIBot] PERCEPTION event=snapshot_slow bot=Bob {elapsed_ms=12}
[11:05:23] [RCON Listener #1/INFO]: Thread RCON Client /127.0.0.1 started
[11:05:23] [RCON Client /127.0.0.1 #23/INFO]: Thread RCON Client /127.0.0.1 shutting down
[11:05:23] [RCON Listener #1/INFO]: Thread RCON Client /127.0.0.1 started
[11:05:23] [RCON Client /127.0.0.1 #24/INFO]: Thread RCON Client /127.0.0.1 shutting down
[11:05:23] [RCON Listener #1/INFO]: Thread RCON Client /127.0.0.1 started
[11:05:23] [RCON Client /127.0.0.1 #25/INFO]: Thread RCON Client /127.0.0.1 shutting down
[11:05:23] [RCON Listener #1/INFO]: Thread RCON Client /127.0.0.1 started
[11:05:23] [RCON Client /127.0.0.1 #26/INFO]: Thread RCON Client /127.0.0.1 shutting down
[11:05:23] [RCON Listener #1/INFO]: Thread RCON Client /127.0.0.1 started
[11:05:23] [RCON Client /127.0.0.1 #27/INFO]: Thread RCON Client /127.0.0.1 shutting down
[11:05:23] [RCON Listener #1/INFO]: Thread RCON Client /127.0.0.1 started
[11:05:23] [RCON Client /127.0.0.1 #28/INFO]: Thread RCON Client /127.0.0.1 shutting down
[11:05:24] [RCON Listener #1/INFO]: Thread RCON Client /127.0.0.1 started
[11:05:24] [Server thread/WARN]: [AIBot] PERCEPTION event=snapshot_slow bot=Bob {elapsed_ms=11}
[11:05:24] [RCON Client /127.0.0.1 #29/INFO]: Thread RCON Client /127.0.0.1 shutting down
[11:05:24] [RCON Listener #1/INFO]: Thread RCON Client /127.0.0.1 started
[11:05:24] [RCON Client /127.0.0.1 #30/INFO]: Thread RCON Client /127.0.0.1 shutting down
[11:05:24] [RCON Listener #1/INFO]: Thread RCON Client /127.0.0.1 started
[11:05:24] [RCON Client /127.0.0.1 #31/INFO]: Thread RCON Client /127.0.0.1 shutting down
[11:05:24] [RCON Listener #1/INFO]: Thread RCON Client /127.0.0.1 started
[11:05:24] [RCON Client /127.0.0.1 #32/INFO]: Thread RCON Client /127.0.0.1 shutting down
[11:05:24] [RCON Listener #1/INFO]: Thread RCON Client /127.0.0.1 started
[11:05:24] [RCON Client /127.0.0.1 #33/INFO]: Thread RCON Client /127.0.0.1 shutting down
[11:05:24] [RCON Listener #1/INFO]: Thread RCON Client /127.0.0.1 started
[11:05:24] [RCON Client /127.0.0.1 #34/INFO]: Thread RCON Client /127.0.0.1 shutting down
[11:05:24] [RCON Listener #1/INFO]: Thread RCON Client /127.0.0.1 started
[11:05:24] [RCON Client /127.0.0.1 #35/INFO]: Thread RCON Client /127.0.0.1 shutting down
[11:05:24] [Server thread/WARN]: [AIBot] PERCEPTION event=snapshot_slow bot=Bob {elapsed_ms=11}
[11:05:24] [Server thread/INFO]: [AIBot] ACTION event=diag_snapshot bot=Bob {food=16, air=300, mode=survival, task=idle, task_progress=1.0, goal=none, task_phase=, in_lava=false, step=, light=15, submerged=false, task_state=COMPLETED, held=empty, fall=0.0, pos=524,68,121, on_ground=true, hp=20.0/20.0, mining_idle=true, nearby=animals=0 hostiles=0, inv=minecraft:iron_axex1 minecraft:dirtx16, path_idle=true}
[11:05:24] [RCON Listener #1/INFO]: Thread RCON Client /127.0.0.1 started
[11:05:24] [RCON Client /127.0.0.1 #36/INFO]: Thread RCON Client /127.0.0.1 shutting down
[11:05:24] [RCON Listener #1/INFO]: Thread RCON Client /127.0.0.1 started
[11:05:24] [RCON Client /127.0.0.1 #37/INFO]: Thread RCON Client /127.0.0.1 shutting down
[11:05:24] [RCON Listener #1/INFO]: Thread RCON Client /127.0.0.1 started
[11:05:24] [RCON Client /127.0.0.1 #38/INFO]: Thread RCON Client /127.0.0.1 shutting down
[11:05:24] [RCON Listener #1/INFO]: Thread RCON Client /127.0.0.1 started
[11:05:24] [RCON Client /127.0.0.1 #39/INFO]: Thread RCON Client /127.0.0.1 shutting down
[11:05:24] [RCON Listener #1/INFO]: Thread RCON Client /127.0.0.1 started
[11:05:24] [RCON Client /127.0.0.1 #40/INFO]: Thread RCON Client /127.0.0.1 shutting down
[11:05:24] [RCON Listener #1/INFO]: Thread RCON Client /127.0.0.1 started
[11:05:24] [RCON Client /127.0.0.1 #41/INFO]: Thread RCON Client /127.0.0.1 shutting down
[11:05:25] [RCON Listener #1/INFO]: Thread RCON Client /127.0.0.1 started
[11:05:25] [RCON Client /127.0.0.1 #42/INFO]: Thread RCON Client /127.0.0.1 shutting down
[11:05:25] [Server thread/WARN]: [AIBot] PERCEPTION event=snapshot_slow bot=Bob {elapsed_ms=11}
[11:05:25] [RCON Listener #1/INFO]: Thread RCON Client /127.0.0.1 started
[11:05:25] [RCON Client /127.0.0.1 #43/INFO]: Thread RCON Client /127.0.0.1 shutting down
[11:05:25] [RCON Listener #1/INFO]: Thread RCON Client /127.0.0.1 started
[11:05:25] [RCON Client /127.0.0.1 #44/INFO]: Thread RCON Client /127.0.0.1 shutting down
[11:05:25] [RCON Listener #1/INFO]: Thread RCON Client /127.0.0.1 started
[11:05:25] [RCON Client /127.0.0.1 #45/INFO]: Thread RCON Client /127.0.0.1 shutting down
[11:05:25] [RCON Listener #1/INFO]: Thread RCON Client /127.0.0.1 started
[11:05:25] [RCON Client /127.0.0.1 #46/INFO]: Thread RCON Client /127.0.0.1 shutting down
[11:05:25] [RCON Listener #1/INFO]: Thread RCON Client /127.0.0.1 started
[11:05:25] [RCON Client /127.0.0.1 #47/INFO]: Thread RCON Client /127.0.0.1 shutting down
[11:05:25] [RCON Listener #1/INFO]: Thread RCON Client /127.0.0.1 started
[11:05:25] [RCON Client /127.0.0.1 #48/INFO]: Thread RCON Client /127.0.0.1 shutting down
[11:05:25] [RCON Listener #1/INFO]: Thread RCON Client /127.0.0.1 started
[11:05:25] [Server thread/WARN]: [AIBot] PERCEPTION event=snapshot_slow bot=Bob {elapsed_ms=17}
[11:05:25] [RCON Client /127.0.0.1 #49/INFO]: Thread RCON Client /127.0.0.1 shutting down
[11:05:25] [RCON Listener #1/INFO]: Thread RCON Client /127.0.0.1 started
[11:05:25] [RCON Client /127.0.0.1 #50/INFO]: Thread RCON Client /127.0.0.1 shutting down
[11:05:25] [RCON Listener #1/INFO]: Thread RCON Client /127.0.0.1 started
[11:05:25] [RCON Client /127.0.0.1 #51/INFO]: Thread RCON Client /127.0.0.1 shutting down
[11:05:25] [RCON Listener #1/INFO]: Thread RCON Client /127.0.0.1 started
[11:05:25] [RCON Client /127.0.0.1 #52/INFO]: Thread RCON Client /127.0.0.1 shutting down
[11:05:25] [RCON Listener #1/INFO]: Thread RCON Client /127.0.0.1 started
[11:05:25] [RCON Client /127.0.0.1 #53/INFO]: Thread RCON Client /127.0.0.1 shutting down
[11:05:25] [RCON Listener #1/INFO]: Thread RCON Client /127.0.0.1 started
[11:05:25] [RCON Client /127.0.0.1 #54/INFO]: Thread RCON Client /127.0.0.1 shutting down
[11:05:26] [RCON Listener #1/INFO]: Thread RCON Client /127.0.0.1 started
[11:05:26] [RCON Client /127.0.0.1 #55/INFO]: Thread RCON Client /127.0.0.1 shutting down
[11:05:26] [Server thread/WARN]: [AIBot] PERCEPTION event=snapshot_slow bot=Bob {elapsed_ms=11}
[11:05:26] [RCON Listener #1/INFO]: Thread RCON Client /127.0.0.1 started
[11:05:26] [RCON Client /127.0.0.1 #56/INFO]: Thread RCON Client /127.0.0.1 shutting down
[11:05:26] [RCON Listener #1/INFO]: Thread RCON Client /127.0.0.1 started
[11:05:26] [RCON Client /127.0.0.1 #57/INFO]: Thread RCON Client /127.0.0.1 shutting down
[11:05:26] [RCON Listener #1/INFO]: Thread RCON Client /127.0.0.1 started
[11:05:26] [RCON Client /127.0.0.1 #58/INFO]: Thread RCON Client /127.0.0.1 shutting down
[11:05:26] [RCON Listener #1/INFO]: Thread RCON Client /127.0.0.1 started
[11:05:26] [RCON Client /127.0.0.1 #59/INFO]: Thread RCON Client /127.0.0.1 shutting down
[11:05:26] [RCON Listener #1/INFO]: Thread RCON Client /127.0.0.1 started
[11:05:26] [RCON Client /127.0.0.1 #60/INFO]: Thread RCON Client /127.0.0.1 shutting down
[11:05:26] [RCON Listener #1/INFO]: Thread RCON Client /127.0.0.1 started
[11:05:26] [RCON Client /127.0.0.1 #61/INFO]: Thread RCON Client /127.0.0.1 shutting down
[11:05:26] [RCON Listener #1/INFO]: Thread RCON Client /127.0.0.1 started
[11:05:26] [Server thread/INFO]: [AIBot] ACTION event=diag_snapshot bot=Bob {food=16, air=300, mode=survival, task=idle, task_progress=1.0, goal=none, task_phase=, in_lava=false, step=, light=15, submerged=false, task_state=COMPLETED, held=empty, fall=0.0, pos=524,68,121, on_ground=true, hp=20.0/20.0, mining_idle=true, nearby=animals=0 hostiles=0, inv=minecraft:iron_axex1 minecraft:dirtx16, path_idle=true}
[11:05:26] [RCON Client /127.0.0.1 #62/INFO]: Thread RCON Client /127.0.0.1 shutting down
[11:05:26] [RCON Listener #1/INFO]: Thread RCON Client /127.0.0.1 started
[11:05:26] [RCON Client /127.0.0.1 #63/INFO]: Thread RCON Client /127.0.0.1 shutting down
[11:05:26] [RCON Listener #1/INFO]: Thread RCON Client /127.0.0.1 started
[11:05:26] [RCON Client /127.0.0.1 #64/INFO]: Thread RCON Client /127.0.0.1 shutting down
[11:05:26] [RCON Listener #1/INFO]: Thread RCON Client /127.0.0.1 started
[11:05:26] [RCON Client /127.0.0.1 #65/INFO]: Thread RCON Client /127.0.0.1 shutting down
[11:05:26] [RCON Listener #1/INFO]: Thread RCON Client /127.0.0.1 started
[11:05:26] [RCON Client /127.0.0.1 #66/INFO]: Thread RCON Client /127.0.0.1 shutting down
[11:05:26] [RCON Listener #1/INFO]: Thread RCON Client /127.0.0.1 started
[11:05:26] [RCON Client /127.0.0.1 #67/INFO]: Thread RCON Client /127.0.0.1 shutting down
[11:05:27] [RCON Listener #1/INFO]: Thread RCON Client /127.0.0.1 started
[11:05:27] [RCON Client /127.0.0.1 #68/INFO]: Thread RCON Client /127.0.0.1 shutting down
[11:05:27] [Server thread/WARN]: [AIBot] PERCEPTION event=snapshot_slow bot=Bob {elapsed_ms=17}
[11:05:27] [RCON Listener #1/INFO]: Thread RCON Client /127.0.0.1 started
[11:05:27] [RCON Client /127.0.0.1 #69/INFO]: Thread RCON Client /127.0.0.1 shutting down
[11:05:27] [RCON Listener #1/INFO]: Thread RCON Client /127.0.0.1 started
[11:05:27] [RCON Client /127.0.0.1 #70/INFO]: Thread RCON Client /127.0.0.1 shutting down
[11:05:27] [RCON Listener #1/INFO]: Thread RCON Client /127.0.0.1 started
[11:05:27] [RCON Client /127.0.0.1 #71/INFO]: Thread RCON Client /127.0.0.1 shutting down
[11:05:27] [RCON Listener #1/INFO]: Thread RCON Client /127.0.0.1 started
[11:05:27] [RCON Client /127.0.0.1 #72/INFO]: Thread RCON Client /127.0.0.1 shutting down
[11:05:27] [RCON Listener #1/INFO]: Thread RCON Client /127.0.0.1 started
[11:05:27] [RCON Client /127.0.0.1 #73/INFO]: Thread RCON Client /127.0.0.1 shutting down
[11:05:27] [RCON Listener #1/INFO]: Thread RCON Client /127.0.0.1 started
[11:05:27] [RCON Client /127.0.0.1 #74/INFO]: Thread RCON Client /127.0.0.1 shutting down
[11:05:27] [RCON Listener #1/INFO]: Thread RCON Client /127.0.0.1 started
[11:05:27] [Server thread/WARN]: [AIBot] PERCEPTION event=snapshot_slow bot=Bob {elapsed_ms=11}
[11:05:27] [RCON Client /127.0.0.1 #75/INFO]: Thread RCON Client /127.0.0.1 shutting down
[11:05:27] [RCON Listener #1/INFO]: Thread RCON Client /127.0.0.1 started
[11:05:27] [RCON Client /127.0.0.1 #76/INFO]: Thread RCON Client /127.0.0.1 shutting down
[11:05:27] [RCON Listener #1/INFO]: Thread RCON Client /127.0.0.1 started
[11:05:27] [Server thread/INFO]: [Rcon: Changed the block at 530, 67, 121]
[11:05:27] [RCON Client /127.0.0.1 #77/INFO]: Thread RCON Client /127.0.0.1 shutting down
[11:05:27] [RCON Listener #1/INFO]: Thread RCON Client /127.0.0.1 started
[11:05:27] [Server thread/INFO]: [Rcon: Changed the block at 530, 68, 121]
[11:05:27] [RCON Client /127.0.0.1 #78/INFO]: Thread RCON Client /127.0.0.1 shutting down
[11:05:27] [RCON Listener #1/INFO]: Thread RCON Client /127.0.0.1 started
[11:05:27] [Server thread/INFO]: [Rcon: Changed the block at 530, 69, 121]
[11:05:27] [RCON Client /127.0.0.1 #79/INFO]: Thread RCON Client /127.0.0.1 shutting down
[11:05:27] [RCON Listener #1/INFO]: Thread RCON Client /127.0.0.1 started
[11:05:27] [Server thread/INFO]: [Rcon: Changed the block at 530, 70, 121]
[11:05:27] [RCON Client /127.0.0.1 #80/INFO]: Thread RCON Client /127.0.0.1 shutting down
[11:05:28] [RCON Listener #1/INFO]: Thread RCON Client /127.0.0.1 started
[11:05:28] [Server thread/WARN]: [AIBot] PERCEPTION event=snapshot_slow bot=Bob {elapsed_ms=19}
[11:05:28] [Server thread/INFO]: [Rcon: Changed the block at 530, 71, 121]
[11:05:28] [RCON Client /127.0.0.1 #81/INFO]: Thread RCON Client /127.0.0.1 shutting down
[11:05:28] [RCON Listener #1/INFO]: Thread RCON Client /127.0.0.1 started
[11:05:28] [Server thread/INFO]: [Rcon: Changed the block at 530, 72, 121]
[11:05:28] [RCON Client /127.0.0.1 #82/INFO]: Thread RCON Client /127.0.0.1 shutting down
[11:05:28] [RCON Listener #1/INFO]: Thread RCON Client /127.0.0.1 started
[11:05:28] [Server thread/INFO]: [Rcon: Changed the block at 530, 73, 121]
[11:05:28] [RCON Client /127.0.0.1 #83/INFO]: Thread RCON Client /127.0.0.1 shutting down
[11:05:28] [RCON Listener #1/INFO]: Thread RCON Client /127.0.0.1 started
[11:05:28] [Server thread/INFO]: [Rcon: Changed the block at 530, 74, 121]
[11:05:28] [RCON Client /127.0.0.1 #84/INFO]: Thread RCON Client /127.0.0.1 shutting down
[11:05:28] [RCON Listener #1/INFO]: Thread RCON Client /127.0.0.1 started
[11:05:28] [Server thread/INFO]: [Rcon: Changed the block at 530, 75, 121]
[11:05:28] [RCON Client /127.0.0.1 #85/INFO]: Thread RCON Client /127.0.0.1 shutting down
[11:05:28] [RCON Listener #1/INFO]: Thread RCON Client /127.0.0.1 started
[11:05:28] [Server thread/INFO]: [Rcon: Changed the block at 530, 75, 120]
[11:05:28] [RCON Client /127.0.0.1 #86/INFO]: Thread RCON Client /127.0.0.1 shutting down
[11:05:28] [RCON Listener #1/INFO]: Thread RCON Client /127.0.0.1 started
[11:05:28] [Server thread/INFO]: [AIBot] ACTION event=capability_decision bot=Bob {context=observable_block_query, capability=HIDDEN_BLOCK_SCAN, profile=strict_survival, allowed=false, reason=DENIED_STRICT_SURVIVAL}
[11:05:28] [Server thread/INFO]: [AIBot] ACTION event=capability_decision bot=Bob {context=perception_snapshot, capability=HIDDEN_BLOCK_SCAN, profile=strict_survival, allowed=false, reason=DENIED_STRICT_SURVIVAL}
[11:05:28] [Server thread/WARN]: [AIBot] PERCEPTION event=snapshot_slow bot=Bob {elapsed_ms=16}
[11:05:28] [Server thread/INFO]: [AIBot] ACTION event=capability_decision bot=Bob {context=diagnostic_nearby, capability=HIDDEN_BLOCK_SCAN, profile=strict_survival, allowed=false, reason=DENIED_STRICT_SURVIVAL}
[11:05:28] [Server thread/INFO]: [AIBot] ACTION event=diag_snapshot bot=Bob {food=16, air=300, mode=survival, task=idle, task_progress=1.0, goal=none, task_phase=, in_lava=false, step=, light=15, submerged=false, task_state=COMPLETED, held=empty, fall=0.0, pos=524,68,121, on_ground=true, hp=20.0/20.0, mining_idle=true, nearby=animals=0 hostiles=0, inv=minecraft:iron_axex1 minecraft:dirtx16, path_idle=true}
[11:05:28] [Server thread/INFO]: [Rcon: Changed the block at 530, 75, 122]
[11:05:28] [RCON Client /127.0.0.1 #87/INFO]: Thread RCON Client /127.0.0.1 shutting down
[11:05:28] [RCON Listener #1/INFO]: Thread RCON Client /127.0.0.1 started
[11:05:28] [Server thread/INFO]: [Rcon: Changed the block at 529, 75, 121]
[11:05:28] [RCON Client /127.0.0.1 #88/INFO]: Thread RCON Client /127.0.0.1 shutting down
[11:05:28] [RCON Listener #1/INFO]: Thread RCON Client /127.0.0.1 started
[11:05:28] [Server thread/INFO]: [Rcon: Changed the block at 531, 75, 121]
[11:05:28] [RCON Client /127.0.0.1 #89/INFO]: Thread RCON Client /127.0.0.1 shutting down
[11:05:28] [RCON Listener #1/INFO]: Thread RCON Client /127.0.0.1 started
[11:05:28] [Server thread/INFO]: [Rcon: Changed the block at 530, 75, 121]
[11:05:28] [RCON Client /127.0.0.1 #90/INFO]: Thread RCON Client /127.0.0.1 shutting down
[11:05:28] [RCON Listener #1/INFO]: Thread RCON Client /127.0.0.1 started
[11:05:28] [Server thread/INFO]: [Rcon: Changed the block at 530, 74, 120]
[11:05:28] [RCON Client /127.0.0.1 #91/INFO]: Thread RCON Client /127.0.0.1 shutting down
[11:05:28] [RCON Listener #1/INFO]: Thread RCON Client /127.0.0.1 started
[11:05:28] [Server thread/INFO]: [Rcon: Changed the block at 530, 74, 122]
[11:05:28] [RCON Client /127.0.0.1 #92/INFO]: Thread RCON Client /127.0.0.1 shutting down
[11:05:29] [RCON Listener #1/INFO]: Thread RCON Client /127.0.0.1 started
[11:05:29] [Server thread/INFO]: [Rcon: Changed the block at 529, 74, 121]
[11:05:29] [RCON Client /127.0.0.1 #93/INFO]: Thread RCON Client /127.0.0.1 shutting down
[11:05:29] [RCON Listener #1/INFO]: Thread RCON Client /127.0.0.1 started
[11:05:29] [Server thread/INFO]: [Rcon: Changed the block at 531, 74, 121]
[11:05:29] [RCON Client /127.0.0.1 #94/INFO]: Thread RCON Client /127.0.0.1 shutting down
[11:05:29] [RCON Listener #1/INFO]: Thread RCON Client /127.0.0.1 started
[11:05:29] [Server thread/INFO]: [Rcon: Changed the block at 528, 68, 121]
[11:05:29] [RCON Client /127.0.0.1 #95/INFO]: Thread RCON Client /127.0.0.1 shutting down
[11:05:29] [RCON Listener #1/INFO]: Thread RCON Client /127.0.0.1 started
[11:05:29] [Server thread/INFO]: [Rcon: Changed the block at 528, 69, 121]
[11:05:29] [RCON Client /127.0.0.1 #96/INFO]: Thread RCON Client /127.0.0.1 shutting down
[11:05:29] [RCON Listener #1/INFO]: Thread RCON Client /127.0.0.1 started
[11:05:29] [Server thread/INFO]: [Rcon: Changed the block at 528, 70, 121]
[11:05:29] [RCON Client /127.0.0.1 #97/INFO]: Thread RCON Client /127.0.0.1 shutting down
[11:05:29] [RCON Listener #1/INFO]: Thread RCON Client /127.0.0.1 started
[11:05:29] [Server thread/INFO]: [Rcon: Teleported Bob to 528.500000, 71.000000, 121.500000]
[11:05:29] [RCON Client /127.0.0.1 #98/INFO]: Thread RCON Client /127.0.0.1 shutting down
[11:05:29] [Server thread/WARN]: [AIBot] PERCEPTION event=snapshot_slow bot=Bob {elapsed_ms=11}
[11:05:29] [Server thread/INFO]: [AIBot] TASK event=task_assigned bot=Bob {params=Gathering minecraft:oak_log 0/1 phase=SURVEY, origin=LLM_TOOL, name=gather, origin_reason=external_dsh:5f773974-d29d-49e1-95a8-973980ede916}
[11:05:29] [Server thread/INFO]: [AIBot] ACTION event=capability_decision bot=Bob {context=harvest_nearest_blocks, capability=HIDDEN_BLOCK_SCAN, profile=strict_survival, allowed=false, reason=DENIED_STRICT_SURVIVAL}
[11:05:29] [Server thread/INFO]: [AIBot] ACTION event=tree_workset_acquired bot=Bob {logs=7, tree=80980dea-4a25-46fa-ab97-eeefcc8b4b39:minecraft:overworld:145685291176007, execution=5f773974-d29d-49e1-95a8-973980ede916}
[11:05:29] [Server thread/INFO]: [AIBot] ACTION event=equip_slot bot=Bob {hotbar_slot=0, source_slot=0}
[11:05:29] [Server thread/INFO]: [AIBot] ACTION event=equip_best_tool bot=Bob {slot=0, score=6.0, tool=minecraft:iron_axe}
[11:05:29] [Server thread/INFO]: [AIBot] PROFILE event=profile_slow_section bot=- {elapsed_ms=125.40, bot=Bob, section=task_tick}
[11:05:29] [Server thread/INFO]: [AIBot] ACTION event=mine_start bot=Bob {pos=530,71,121, face=west}
[11:05:30] [Server thread/WARN]: [AIBot] PERCEPTION event=snapshot_slow bot=Bob {elapsed_ms=11}
[11:05:30] [Server thread/INFO]: [AIBot] ACTION event=mine_complete bot=Bob {}
[11:05:30] [Server thread/INFO]: [AIBot] ACTION event=tree_log_resolved bot=Bob {tree=80980dea-4a25-46fa-ab97-eeefcc8b4b39:minecraft:overworld:145685291176007, execution=5f773974-d29d-49e1-95a8-973980ede916, pos=530, 71, 121}
[11:05:30] [Server thread/INFO]: [AIBot] ACTION event=capability_decision bot=Bob {context=harvest_force_pickup, capability=FORCED_PICKUP, profile=strict_survival, allowed=false, reason=DENIED_STRICT_SURVIVAL}
[11:05:30] [Server thread/INFO]: [AIBot] ACTION event=capability_decision bot=Bob {context=observable_entity_query, capability=HIDDEN_BLOCK_SCAN, profile=strict_survival, allowed=false, reason=DENIED_STRICT_SURVIVAL}
[11:05:30] [Server thread/INFO]: [AIBot] ACTION event=capability_decision bot=Bob {context=observable_cell_query, capability=HIDDEN_BLOCK_SCAN, profile=strict_survival, allowed=false, reason=DENIED_STRICT_SURVIVAL}
[11:05:30] [Server thread/WARN]: [AIBot] PERCEPTION event=snapshot_slow bot=Bob {elapsed_ms=17}
[11:05:30] [Server thread/INFO]: [AIBot] ACTION event=diag_snapshot bot=Bob {food=16, air=300, mode=survival, task=gather, task_progress=0.0, goal=none, task_phase=PICKUP, in_lava=false, step=, light=15, submerged=false, task_state=RUNNING, held=minecraft:iron_axex1, fall=0.0, pos=528,71,121, on_ground=true, hp=20.0/20.0, mining_idle=true, nearby=animals=0 hostiles=0, inv=minecraft:iron_axex1 minecraft:dirtx16, path_idle=true}
[11:05:31] [Server thread/WARN]: [AIBot] PERCEPTION event=snapshot_slow bot=Bob {elapsed_ms=12}
[11:05:32] [Server thread/WARN]: [AIBot] PERCEPTION event=snapshot_slow bot=Bob {elapsed_ms=15}
[11:05:32] [Server thread/INFO]: [AIBot] ACTION event=diag_snapshot bot=Bob {food=16, air=300, mode=survival, task=gather, task_progress=0.0, goal=none, task_phase=PICKUP, in_lava=false, step=, light=15, submerged=false, task_state=RUNNING, held=minecraft:iron_axex1, fall=0.0, pos=528,71,121, on_ground=true, hp=20.0/20.0, mining_idle=true, nearby=animals=0 hostiles=0, inv=minecraft:iron_axex1 minecraft:dirtx16, path_idle=true}
[11:05:33] [Server thread/WARN]: [AIBot] PERCEPTION event=snapshot_slow bot=Bob {elapsed_ms=11}
[11:05:33] [Server thread/INFO]: [AIBot] ACTION event=capability_decision bot=Bob {context=observable_block_query, capability=HIDDEN_BLOCK_SCAN, profile=strict_survival, allowed=false, reason=DENIED_STRICT_SURVIVAL}
[11:05:33] [Server thread/INFO]: [AIBot] ACTION event=capability_decision bot=Bob {context=perception_snapshot, capability=HIDDEN_BLOCK_SCAN, profile=strict_survival, allowed=false, reason=DENIED_STRICT_SURVIVAL}
[11:05:34] [Server thread/INFO]: [AIBot] ACTION event=capability_decision bot=Bob {context=diagnostic_nearby, capability=HIDDEN_BLOCK_SCAN, profile=strict_survival, allowed=false, reason=DENIED_STRICT_SURVIVAL}
[11:05:34] [Server thread/INFO]: [AIBot] ACTION event=diag_snapshot bot=Bob {food=16, air=300, mode=survival, task=gather, task_progress=0.0, goal=none, task_phase=PICKUP, in_lava=false, step=, light=15, submerged=false, task_state=RUNNING, held=minecraft:iron_axex1, fall=0.0, pos=528,71,121, on_ground=true, hp=20.0/20.0, mining_idle=true, nearby=animals=0 hostiles=0, inv=minecraft:iron_axex1 minecraft:dirtx16, path_idle=true}
[11:05:35] [Server thread/INFO]: [AIBot] ACTION event=capability_decision bot=Bob {context=harvest_force_pickup, capability=FORCED_PICKUP, profile=strict_survival, allowed=false, reason=DENIED_STRICT_SURVIVAL}
[11:05:35] [Server thread/INFO]: [AIBot] ACTION event=capability_decision bot=Bob {context=observable_entity_query, capability=HIDDEN_BLOCK_SCAN, profile=strict_survival, allowed=false, reason=DENIED_STRICT_SURVIVAL}
[11:05:35] [Server thread/INFO]: [AIBot] ACTION event=capability_decision bot=Bob {context=observable_cell_query, capability=HIDDEN_BLOCK_SCAN, profile=strict_survival, allowed=false, reason=DENIED_STRICT_SURVIVAL}
[11:05:36] [Server thread/INFO]: [AIBot] ACTION event=diag_snapshot bot=Bob {food=16, air=300, mode=survival, task=gather, task_progress=0.0, goal=none, task_phase=PICKUP, in_lava=false, step=, light=15, submerged=false, task_state=RUNNING, held=minecraft:iron_axex1, fall=0.0, pos=528,71,121, on_ground=true, hp=20.0/20.0, mining_idle=true, nearby=animals=0 hostiles=0, inv=minecraft:iron_axex1 minecraft:dirtx16, path_idle=true}
[11:05:38] [Server thread/WARN]: [AIBot] PERCEPTION event=snapshot_slow bot=Bob {elapsed_ms=15}
[11:05:38] [Server thread/INFO]: [AIBot] ACTION event=capability_decision bot=Bob {context=observable_block_query, capability=HIDDEN_BLOCK_SCAN, profile=strict_survival, allowed=false, reason=DENIED_STRICT_SURVIVAL}
[11:05:38] [Server thread/INFO]: [AIBot] ACTION event=capability_decision bot=Bob {context=perception_snapshot, capability=HIDDEN_BLOCK_SCAN, profile=strict_survival, allowed=false, reason=DENIED_STRICT_SURVIVAL}
[11:05:38] [Server thread/INFO]: [AIBot] ACTION event=diag_snapshot bot=Bob {food=16, air=300, mode=survival, task=gather, task_progress=0.0, goal=none, task_phase=PICKUP, in_lava=false, step=, light=15, submerged=false, task_state=RUNNING, held=minecraft:iron_axex1, fall=0.0, pos=528,71,121, on_ground=true, hp=20.0/20.0, mining_idle=true, nearby=animals=0 hostiles=0, inv=minecraft:iron_axex1 minecraft:dirtx16, path_idle=true}
[11:05:39] [Server thread/WARN]: [AIBot] PERCEPTION event=snapshot_slow bot=Bob {elapsed_ms=15}
[11:05:39] [Server thread/INFO]: [AIBot] ACTION event=fake_player_step bot=Bob {from=class_2338{x=528, y=71, z=121}, to=class_2338{x=527, y=70, z=121}, reason=path_drop_down}
[11:05:39] [Server thread/INFO]: [AIBot] ACTION event=fake_player_step bot=Bob {from=class_2338{x=527, y=70, z=121}, to=class_2338{x=527, y=69, z=121}, reason=path_drop_down}
[11:05:39] [Server thread/INFO]: [AIBot] ACTION event=fake_player_step bot=Bob {from=class_2338{x=527, y=69, z=121}, to=class_2338{x=527, y=68, z=121}, reason=path_drop_down}
[11:05:39] [Server thread/INFO]: [AIBot] ACTION event=equip_slot bot=Bob {hotbar_slot=1, source_slot=1}
[11:05:39] [Server thread/INFO]: [AIBot] ACTION event=fake_player_jump bot=Bob {from=class_2338{x=527, y=68, z=121}, to=class_2338{x=527, y=69, z=121}, reason=tree_access_pillar_jump}
[11:05:39] [Server thread/INFO]: [AIBot] ACTION event=place bot=Bob {item=minecraft:dirt, pos=527,68,121, face=up}
[11:05:39] [Server thread/INFO]: [AIBot] ACTION event=tree_support_placed bot=Bob {tree=80980dea-4a25-46fa-ab97-eeefcc8b4b39:minecraft:overworld:145685291176007, execution=5f773974-d29d-49e1-95a8-973980ede916, pos=527, 68, 121, block=minecraft:dirt}
[11:05:39] [Server thread/INFO]: [AIBot] ACTION event=fake_player_jump bot=Bob {from=class_2338{x=527, y=69, z=121}, to=class_2338{x=527, y=70, z=121}, reason=tree_access_pillar_jump}
[11:05:39] [Server thread/INFO]: [AIBot] ACTION event=place bot=Bob {item=minecraft:dirt, pos=527,69,121, face=up}
[11:05:39] [Server thread/INFO]: [AIBot] ACTION event=tree_support_placed bot=Bob {tree=80980dea-4a25-46fa-ab97-eeefcc8b4b39:minecraft:overworld:145685291176007, execution=5f773974-d29d-49e1-95a8-973980ede916, pos=527, 69, 121, block=minecraft:dirt}
[11:05:39] [Server thread/INFO]: [AIBot] ACTION event=fake_player_jump bot=Bob {from=class_2338{x=527, y=70, z=121}, to=class_2338{x=527, y=71, z=121}, reason=tree_access_pillar_jump}
[11:05:39] [Server thread/INFO]: [AIBot] ACTION event=place bot=Bob {item=minecraft:dirt, pos=527,70,121, face=up}
[11:05:39] [Server thread/INFO]: [AIBot] ACTION event=tree_support_placed bot=Bob {tree=80980dea-4a25-46fa-ab97-eeefcc8b4b39:minecraft:overworld:145685291176007, execution=5f773974-d29d-49e1-95a8-973980ede916, pos=527, 70, 121, block=minecraft:dirt}
[11:05:39] [Server thread/WARN]: [AIBot] PERCEPTION event=snapshot_slow bot=Bob {elapsed_ms=46}
[11:05:39] [Server thread/INFO]: [AIBot] ACTION event=fake_player_jump bot=Bob {from=class_2338{x=527, y=71, z=121}, to=class_2338{x=527, y=72, z=121}, reason=tree_access_pillar_jump}
[11:05:39] [Server thread/INFO]: [AIBot] ACTION event=place bot=Bob {item=minecraft:dirt, pos=527,71,121, face=up}
[11:05:39] [Server thread/INFO]: [AIBot] ACTION event=tree_support_placed bot=Bob {tree=80980dea-4a25-46fa-ab97-eeefcc8b4b39:minecraft:overworld:145685291176007, execution=5f773974-d29d-49e1-95a8-973980ede916, pos=527, 71, 121, block=minecraft:dirt}
[11:05:39] [Server thread/INFO]: [AIBot] ACTION event=fake_player_jump bot=Bob {from=class_2338{x=527, y=72, z=121}, to=class_2338{x=527, y=73, z=121}, reason=tree_access_pillar_jump}
[11:05:39] [Server thread/INFO]: [AIBot] ACTION event=place bot=Bob {item=minecraft:dirt, pos=527,72,121, face=up}
[11:05:39] [Server thread/INFO]: [AIBot] ACTION event=tree_support_placed bot=Bob {tree=80980dea-4a25-46fa-ab97-eeefcc8b4b39:minecraft:overworld:145685291176007, execution=5f773974-d29d-49e1-95a8-973980ede916, pos=527, 72, 121, block=minecraft:dirt}
[11:05:39] [Server thread/INFO]: [AIBot] ACTION event=fake_player_jump bot=Bob {from=class_2338{x=527, y=73, z=121}, to=class_2338{x=527, y=74, z=121}, reason=tree_access_pillar_jump}
[11:05:39] [Server thread/INFO]: [AIBot] ACTION event=place bot=Bob {item=minecraft:dirt, pos=527,73,121, face=up}
[11:05:39] [Server thread/INFO]: [AIBot] ACTION event=tree_support_placed bot=Bob {tree=80980dea-4a25-46fa-ab97-eeefcc8b4b39:minecraft:overworld:145685291176007, execution=5f773974-d29d-49e1-95a8-973980ede916, pos=527, 73, 121, block=minecraft:dirt}
[11:05:39] [Server thread/INFO]: [AIBot] ACTION event=fake_player_jump bot=Bob {from=class_2338{x=527, y=74, z=121}, to=class_2338{x=527, y=75, z=121}, reason=tree_access_pillar_jump}
[11:05:39] [Server thread/INFO]: [AIBot] ACTION event=place bot=Bob {item=minecraft:dirt, pos=527,74,121, face=up}
[11:05:39] [Server thread/INFO]: [AIBot] ACTION event=tree_support_placed bot=Bob {tree=80980dea-4a25-46fa-ab97-eeefcc8b4b39:minecraft:overworld:145685291176007, execution=5f773974-d29d-49e1-95a8-973980ede916, pos=527, 74, 121, block=minecraft:dirt}
[11:05:39] [Server thread/INFO]: [AIBot] ACTION event=fake_player_jump bot=Bob {from=class_2338{x=527, y=75, z=121}, to=class_2338{x=527, y=76, z=121}, reason=tree_access_pillar_jump}
[11:05:39] [Server thread/INFO]: [AIBot] ACTION event=place bot=Bob {item=minecraft:dirt, pos=527,75,121, face=up}
[11:05:39] [Server thread/INFO]: [AIBot] ACTION event=tree_support_placed bot=Bob {tree=80980dea-4a25-46fa-ab97-eeefcc8b4b39:minecraft:overworld:145685291176007, execution=5f773974-d29d-49e1-95a8-973980ede916, pos=527, 75, 121, block=minecraft:dirt}
[11:05:39] [RCON Listener #1/INFO]: Thread RCON Client /127.0.0.1 started
[11:05:39] [Server thread/INFO]: [Rcon: Changed the block at 528, 68, 121]
[11:05:39] [RCON Client /127.0.0.1 #99/INFO]: Thread RCON Client /127.0.0.1 shutting down
[11:05:39] [Server thread/INFO]: [AIBot] ACTION event=fake_player_jump bot=Bob {from=class_2338{x=527, y=76, z=121}, to=class_2338{x=527, y=77, z=121}, reason=tree_access_pillar_jump}
[11:05:39] [Server thread/INFO]: [AIBot] ACTION event=place bot=Bob {item=minecraft:dirt, pos=527,76,121, face=up}
[11:05:39] [Server thread/INFO]: [AIBot] ACTION event=tree_support_placed bot=Bob {tree=80980dea-4a25-46fa-ab97-eeefcc8b4b39:minecraft:overworld:145685291176007, execution=5f773974-d29d-49e1-95a8-973980ede916, pos=527, 76, 121, block=minecraft:dirt}
[11:05:39] [RCON Listener #1/INFO]: Thread RCON Client /127.0.0.1 started
[11:05:39] [Server thread/INFO]: [Rcon: Changed the block at 528, 69, 121]
[11:05:39] [RCON Client /127.0.0.1 #100/INFO]: Thread RCON Client /127.0.0.1 shutting down
[11:05:39] [Server thread/INFO]: [AIBot] ACTION event=fake_player_jump bot=Bob {from=class_2338{x=527, y=77, z=121}, to=class_2338{x=527, y=78, z=121}, reason=tree_access_pillar_jump}
[11:05:39] [Server thread/INFO]: [AIBot] ACTION event=place bot=Bob {item=minecraft:dirt, pos=527,77,121, face=up}
[11:05:39] [Server thread/INFO]: [AIBot] ACTION event=tree_support_placed bot=Bob {tree=80980dea-4a25-46fa-ab97-eeefcc8b4b39:minecraft:overworld:145685291176007, execution=5f773974-d29d-49e1-95a8-973980ede916, pos=527, 77, 121, block=minecraft:dirt}
[11:05:39] [RCON Listener #1/INFO]: Thread RCON Client /127.0.0.1 started
[11:05:39] [Server thread/INFO]: [AIBot] ACTION event=fake_player_jump bot=Bob {from=class_2338{x=527, y=78, z=121}, to=class_2338{x=527, y=79, z=121}, reason=tree_access_pillar_jump}
[11:05:39] [Server thread/INFO]: [AIBot] ACTION event=place bot=Bob {item=minecraft:dirt, pos=527,78,121, face=up}
[11:05:39] [Server thread/INFO]: [AIBot] ACTION event=tree_support_placed bot=Bob {tree=80980dea-4a25-46fa-ab97-eeefcc8b4b39:minecraft:overworld:145685291176007, execution=5f773974-d29d-49e1-95a8-973980ede916, pos=527, 78, 121, block=minecraft:dirt}
[11:05:39] [Server thread/INFO]: [Rcon: Changed the block at 528, 70, 121]
[11:05:39] [RCON Client /127.0.0.1 #101/INFO]: Thread RCON Client /127.0.0.1 shutting down
[11:05:40] [Server thread/INFO]: [AIBot] ACTION event=fake_player_jump bot=Bob {from=class_2338{x=527, y=79, z=121}, to=class_2338{x=527, y=80, z=121}, reason=tree_access_pillar_jump}
[11:05:40] [Server thread/INFO]: [AIBot] ACTION event=place bot=Bob {item=minecraft:dirt, pos=527,79,121, face=up}
[11:05:40] [Server thread/INFO]: [AIBot] ACTION event=tree_support_placed bot=Bob {tree=80980dea-4a25-46fa-ab97-eeefcc8b4b39:minecraft:overworld:145685291176007, execution=5f773974-d29d-49e1-95a8-973980ede916, pos=527, 79, 121, block=minecraft:dirt}
[11:05:40] [RCON Listener #1/INFO]: Thread RCON Client /127.0.0.1 started
[11:05:40] [Server thread/INFO]: [Rcon: Summoned new Zombie]
[11:05:40] [RCON Client /127.0.0.1 #102/INFO]: Thread RCON Client /127.0.0.1 shutting down
[11:05:40] [Server thread/INFO]: [AIBot] ACTION event=select_slot bot=Bob {slot=2}
[11:05:40] [Server thread/INFO]: [AIBot] ACTION event=equip_best_tool bot=Bob {slot=2, tool=empty_hand, score=1.0, reason=preserve_soft_block_melee_durability}
[11:05:40] [Server thread/INFO]: [AIBot] ACTION event=mine_start bot=Bob {pos=527,79,121, face=up}
[11:05:40] [Server thread/INFO]: [AIBot] TASK event=task_paused bot=Bob {origin=LLM_TOOL, why=threat: HOSTILE, name=gather, stack_depth=1}
[11:05:40] [Server thread/INFO]: [AIBot] ACTION event=equip_slot bot=Bob {hotbar_slot=0, source_slot=0}
[11:05:40] [Server thread/INFO]: [AIBot] TASK event=task_assigned bot=Bob {params=Attacking minecraft:zombie 0/1 phase=ACQUIRE, origin=SAFETY, name=combat, origin_reason=threat:HOSTILE}
[11:05:40] [Server thread/INFO]: [AIBot] DANGER event=threat_detected bot=Bob {type=HOSTILE, source=class_2338{x=528, y=79, z=121}, decision=combat, severity=MEDIUM}
[11:05:40] [Server thread/INFO]: [AIBot] COMM event=findpath_timeout_diag bot=- {ms=51, explored=2360, open=1, dig=false}
[11:05:40] [Server thread/INFO]: [AIBot] COMM event=findpath_timeout_diag bot=- {ms=51, explored=2381, open=1395, dig=true}
[11:05:40] [Server thread/INFO]: [AIBot] PROFILE event=profile_slow_section bot=- {elapsed_ms=105.56, bot=Bob, section=task_tick}
[11:05:40] [Server thread/INFO]: [AIBot] ACTION event=capability_decision bot=Bob {context=observable_entity_query, capability=HIDDEN_BLOCK_SCAN, profile=strict_survival, allowed=false, reason=DENIED_STRICT_SURVIVAL}
[11:05:40] [Server thread/WARN]: [AIBot] TASK event=task_failed bot=Bob {elapsed_ticks=6, reason=combat_no_valid_retreat_route, name=combat}
[11:05:40] [Server thread/INFO]: [AIBot] ACTION event=capability_decision bot=Bob {context=diagnostic_nearby, capability=HIDDEN_BLOCK_SCAN, profile=strict_survival, allowed=false, reason=DENIED_STRICT_SURVIVAL}
[11:05:40] [Server thread/INFO]: [AIBot] ACTION event=diag_snapshot bot=Bob {food=16, air=300, mode=survival, task=gather, task_progress=0.0, goal=none, task_phase=TREE_CLEANUP, in_lava=false, step=, light=15, submerged=false, task_state=PAUSED, held=minecraft:iron_axex1, fall=0.0, pos=527,80,121, on_ground=true, hp=20.0/20.0, mining_idle=true, nearby=animals=0 hostiles=1(zombie@3), inv=minecraft:iron_axex1 minecraft:dirtx4, path_idle=true}
[11:05:40] [Server thread/INFO]: [AIBot] TASK event=task_resumed bot=Bob {origin=LLM_TOOL, user_paused=false, name=gather, stack_depth=0}
[11:05:40] [Server thread/INFO]: [AIBot] ACTION event=select_slot bot=Bob {slot=2}
[11:05:40] [Server thread/INFO]: [AIBot] ACTION event=equip_best_tool bot=Bob {slot=2, tool=empty_hand, score=1.0, reason=preserve_soft_block_melee_durability}
[11:05:40] [Server thread/INFO]: [AIBot] ACTION event=mine_start bot=Bob {pos=527,79,121, face=up}
[11:05:41] [Server thread/INFO]: [AIBot] ACTION event=fake_player_step bot=Bob {from=class_2338{x=527, y=80, z=121}, to=class_2338{x=527, y=79, z=121}, reason=tree_access_reverse_cleanup}
[11:05:41] [Server thread/INFO]: [AIBot] ACTION event=capability_decision bot=Bob {context=harvest_force_pickup, capability=FORCED_PICKUP, profile=strict_survival, allowed=false, reason=DENIED_STRICT_SURVIVAL}
[11:05:41] [Server thread/INFO]: [AIBot] ACTION event=tree_support_removed bot=Bob {tree=80980dea-4a25-46fa-ab97-eeefcc8b4b39:minecraft:overworld:145685291176007, execution=5f773974-d29d-49e1-95a8-973980ede916, pos=527, 79, 121, block=minecraft:dirt}
[11:05:41] [Server thread/INFO]: [AIBot] ACTION event=mine_start bot=Bob {pos=527,78,121, face=up}
[11:05:42] [Server thread/INFO]: [AIBot] ACTION event=fake_player_step bot=Bob {from=class_2338{x=527, y=79, z=121}, to=class_2338{x=527, y=78, z=121}, reason=tree_access_reverse_cleanup}
[11:05:42] [Server thread/INFO]: [AIBot] ACTION event=tree_support_removed bot=Bob {tree=80980dea-4a25-46fa-ab97-eeefcc8b4b39:minecraft:overworld:145685291176007, execution=5f773974-d29d-49e1-95a8-973980ede916, pos=527, 78, 121, block=minecraft:dirt}
[11:05:42] [Server thread/INFO]: [AIBot] ACTION event=mine_start bot=Bob {pos=527,77,121, face=up}
[11:05:42] [Server thread/INFO]: [AIBot] ACTION event=diag_snapshot bot=Bob {food=16, air=300, mode=survival, task=gather, task_progress=0.0, goal=none, task_phase=TREE_CLEANUP, in_lava=false, step=, light=15, submerged=false, task_state=RUNNING, held=empty, fall=0.0, pos=527,78,121, on_ground=true, hp=20.0/20.0, mining_idle=true, nearby=animals=0 hostiles=0, inv=minecraft:iron_axex1 minecraft:dirtx5, path_idle=true}
[11:05:42] [Server thread/INFO]: [AIBot] ACTION event=fake_player_step bot=Bob {from=class_2338{x=527, y=78, z=121}, to=class_2338{x=527, y=77, z=121}, reason=tree_access_reverse_cleanup}
[11:05:42] [Server thread/INFO]: [AIBot] ACTION event=tree_support_removed bot=Bob {tree=80980dea-4a25-46fa-ab97-eeefcc8b4b39:minecraft:overworld:145685291176007, execution=5f773974-d29d-49e1-95a8-973980ede916, pos=527, 77, 121, block=minecraft:dirt}
[11:05:43] [Server thread/INFO]: [AIBot] ACTION event=mine_start bot=Bob {pos=527,76,121, face=up}
[11:05:43] [Server thread/INFO]: [AIBot] ACTION event=capability_decision bot=Bob {context=observable_block_query, capability=HIDDEN_BLOCK_SCAN, profile=strict_survival, allowed=false, reason=DENIED_STRICT_SURVIVAL}
[11:05:43] [Server thread/INFO]: [AIBot] ACTION event=capability_decision bot=Bob {context=perception_snapshot, capability=HIDDEN_BLOCK_SCAN, profile=strict_survival, allowed=false, reason=DENIED_STRICT_SURVIVAL}
[11:05:43] [Server thread/INFO]: [AIBot] ACTION event=fake_player_step bot=Bob {from=class_2338{x=527, y=77, z=121}, to=class_2338{x=527, y=76, z=121}, reason=tree_access_reverse_cleanup}
[11:05:43] [Server thread/INFO]: [AIBot] ACTION event=tree_support_removed bot=Bob {tree=80980dea-4a25-46fa-ab97-eeefcc8b4b39:minecraft:overworld:145685291176007, execution=5f773974-d29d-49e1-95a8-973980ede916, pos=527, 76, 121, block=minecraft:dirt}
[11:05:43] [Server thread/INFO]: [AIBot] ACTION event=mine_start bot=Bob {pos=527,75,121, face=up}
[11:05:44] [RCON Listener #1/INFO]: Thread RCON Client /127.0.0.1 started
[11:05:44] [RCON Client /127.0.0.1 #103/INFO]: Thread RCON Client /127.0.0.1 shutting down
[11:05:44] [RCON Listener #1/INFO]: Thread RCON Client /127.0.0.1 started
[11:05:44] [RCON Client /127.0.0.1 #104/INFO]: Thread RCON Client /127.0.0.1 shutting down
[11:05:44] [Server thread/INFO]: [AIBot] ACTION event=fake_player_step bot=Bob {from=class_2338{x=527, y=76, z=121}, to=class_2338{x=527, y=75, z=121}, reason=tree_access_reverse_cleanup}
[11:05:44] [Server thread/INFO]: [AIBot] ACTION event=tree_support_removed bot=Bob {tree=80980dea-4a25-46fa-ab97-eeefcc8b4b39:minecraft:overworld:145685291176007, execution=5f773974-d29d-49e1-95a8-973980ede916, pos=527, 75, 121, block=minecraft:dirt}
[11:05:44] [Server thread/INFO]: [AIBot] ACTION event=diag_snapshot bot=Bob {food=16, air=300, mode=survival, task=gather, task_progress=0.0, goal=none, task_phase=TREE_CLEANUP, in_lava=false, step=, light=0, submerged=false, task_state=RUNNING, held=empty, fall=0.0, pos=527,75,121, on_ground=true, hp=20.0/20.0, mining_idle=true, nearby=animals=0 hostiles=0, inv=minecraft:iron_axex1 minecraft:dirtx8, path_idle=true}
[11:05:44] [Server thread/INFO]: [AIBot] ACTION event=mine_start bot=Bob {pos=527,74,121, face=up}
[11:05:44] [RCON Listener #1/INFO]: Thread RCON Client /127.0.0.1 started
[11:05:44] [RCON Client /127.0.0.1 #105/INFO]: Thread RCON Client /127.0.0.1 shutting down
[11:05:44] [RCON Listener #1/INFO]: Thread RCON Client /127.0.0.1 started
[11:05:44] [RCON Client /127.0.0.1 #106/INFO]: Thread RCON Client /127.0.0.1 shutting down
[11:05:45] [RCON Listener #1/INFO]: Thread RCON Client /127.0.0.1 started
[11:05:45] [RCON Client /127.0.0.1 #107/INFO]: Thread RCON Client /127.0.0.1 shutting down
[11:05:45] [RCON Listener #1/INFO]: Thread RCON Client /127.0.0.1 started
[11:05:45] [RCON Client /127.0.0.1 #108/INFO]: Thread RCON Client /127.0.0.1 shutting down
[11:05:45] [Server thread/INFO]: [AIBot] ACTION event=capability_decision bot=Bob {context=observable_entity_query, capability=HIDDEN_BLOCK_SCAN, profile=strict_survival, allowed=false, reason=DENIED_STRICT_SURVIVAL}
[11:05:45] [Server thread/INFO]: [AIBot] ACTION event=fake_player_step bot=Bob {from=class_2338{x=527, y=75, z=121}, to=class_2338{x=527, y=74, z=121}, reason=tree_access_reverse_cleanup}
[11:05:45] [Server thread/INFO]: [AIBot] ACTION event=tree_support_removed bot=Bob {tree=80980dea-4a25-46fa-ab97-eeefcc8b4b39:minecraft:overworld:145685291176007, execution=5f773974-d29d-49e1-95a8-973980ede916, pos=527, 74, 121, block=minecraft:dirt}
[11:05:45] [Server thread/INFO]: [AIBot] TASK event=task_paused bot=Bob {origin=LLM_TOOL, why=threat: HOSTILE, name=gather, stack_depth=1}
[11:05:45] [Server thread/INFO]: [AIBot] ACTION event=equip_slot bot=Bob {hotbar_slot=0, source_slot=0}
[11:05:45] [Server thread/INFO]: [AIBot] TASK event=task_assigned bot=Bob {params=Attacking minecraft:zombie 0/1 phase=ACQUIRE, origin=SAFETY, name=combat, origin_reason=threat:HOSTILE}
[11:05:45] [Server thread/INFO]: [AIBot] DANGER event=threat_detected bot=Bob {type=HOSTILE, source=class_2338{x=529, y=69, z=120}, decision=combat, severity=MEDIUM}
[11:05:45] [Server thread/INFO]: [AIBot] DANGER event=defensive_combat_disengaged bot=Bob {observed=529, 69, 120, anchor=527, 74, 121, reason=target_left_leash}
[11:05:45] [Server thread/INFO]: [AIBot] TASK event=task_completed bot=Bob {name=combat, elapsed_ticks=1}
[11:05:45] [RCON Listener #1/INFO]: Thread RCON Client /127.0.0.1 started
[11:05:45] [RCON Client /127.0.0.1 #109/INFO]: Thread RCON Client /127.0.0.1 shutting down
[11:05:45] [RCON Listener #1/INFO]: Thread RCON Client /127.0.0.1 started
[11:05:45] [RCON Client /127.0.0.1 #110/INFO]: Thread RCON Client /127.0.0.1 shutting down
[11:05:46] [RCON Listener #1/INFO]: Thread RCON Client /127.0.0.1 started
[11:05:46] [RCON Client /127.0.0.1 #111/INFO]: Thread RCON Client /127.0.0.1 shutting down
[11:05:46] [RCON Listener #1/INFO]: Thread RCON Client /127.0.0.1 started
[11:05:46] [RCON Client /127.0.0.1 #112/INFO]: Thread RCON Client /127.0.0.1 shutting down
[11:05:46] [Server thread/INFO]: [AIBot] TASK event=task_resumed bot=Bob {origin=LLM_TOOL, user_paused=false, name=gather, stack_depth=0}
[11:05:46] [Server thread/INFO]: [AIBot] ACTION event=select_slot bot=Bob {slot=2}
[11:05:46] [Server thread/INFO]: [AIBot] ACTION event=equip_best_tool bot=Bob {slot=2, tool=empty_hand, score=1.0, reason=preserve_soft_block_melee_durability}
[11:05:46] [Server thread/INFO]: [AIBot] ACTION event=mine_start bot=Bob {pos=527,73,121, face=up}
[11:05:46] [RCON Listener #1/INFO]: Thread RCON Client /127.0.0.1 started
[11:05:46] [RCON Client /127.0.0.1 #113/INFO]: Thread RCON Client /127.0.0.1 shutting down
[11:05:46] [Server thread/INFO]: [AIBot] ACTION event=capability_decision bot=Bob {context=diagnostic_nearby, capability=HIDDEN_BLOCK_SCAN, profile=strict_survival, allowed=false, reason=DENIED_STRICT_SURVIVAL}
[11:05:46] [Server thread/INFO]: [AIBot] ACTION event=diag_snapshot bot=Bob {food=16, air=300, mode=survival, task=gather, task_progress=0.0, goal=none, task_phase=TREE_CLEANUP, in_lava=false, step=, light=15, submerged=false, task_state=RUNNING, held=empty, fall=0.0, pos=527,74,121, on_ground=true, hp=20.0/20.0, mining_idle=true, nearby=animals=0 hostiles=0, inv=minecraft:iron_axex1 minecraft:dirtx10, path_idle=true}
[11:05:46] [RCON Listener #1/INFO]: Thread RCON Client /127.0.0.1 started
[11:05:46] [RCON Client /127.0.0.1 #114/INFO]: Thread RCON Client /127.0.0.1 shutting down
[11:05:46] [Server thread/INFO]: [AIBot] ACTION event=fake_player_step bot=Bob {from=class_2338{x=527, y=74, z=121}, to=class_2338{x=527, y=73, z=121}, reason=tree_access_reverse_cleanup}
[11:05:46] [Server thread/INFO]: [AIBot] ACTION event=capability_decision bot=Bob {context=harvest_force_pickup, capability=FORCED_PICKUP, profile=strict_survival, allowed=false, reason=DENIED_STRICT_SURVIVAL}
[11:05:46] [Server thread/INFO]: [AIBot] ACTION event=tree_support_removed bot=Bob {tree=80980dea-4a25-46fa-ab97-eeefcc8b4b39:minecraft:overworld:145685291176007, execution=5f773974-d29d-49e1-95a8-973980ede916, pos=527, 73, 121, block=minecraft:dirt}
[11:05:47] [RCON Listener #1/INFO]: Thread RCON Client /127.0.0.1 started
[11:05:47] [Server thread/INFO]: [AIBot] ACTION event=mine_start bot=Bob {pos=527,72,121, face=up}
[11:05:47] [RCON Client /127.0.0.1 #115/INFO]: Thread RCON Client /127.0.0.1 shutting down
[11:05:47] [RCON Listener #1/INFO]: Thread RCON Client /127.0.0.1 started
[11:05:47] [RCON Client /127.0.0.1 #116/INFO]: Thread RCON Client /127.0.0.1 shutting down
[11:05:47] [Server thread/INFO]: [AIBot] TASK event=task_paused bot=Bob {origin=LLM_TOOL, why=threat: HOSTILE, name=gather, stack_depth=1}
[11:05:47] [Server thread/INFO]: [AIBot] ACTION event=equip_slot bot=Bob {hotbar_slot=0, source_slot=0}
[11:05:47] [Server thread/INFO]: [AIBot] TASK event=task_assigned bot=Bob {params=Attacking minecraft:zombie 0/1 phase=ACQUIRE, origin=SAFETY, name=combat, origin_reason=threat:HOSTILE}
[11:05:47] [Server thread/INFO]: [AIBot] DANGER event=threat_detected bot=Bob {type=HOSTILE, source=class_2338{x=529, y=69, z=120}, decision=combat, severity=MEDIUM}
[11:05:47] [Server thread/WARN]: [AIBot] TASK event=task_failed bot=Bob {elapsed_ticks=1, reason=combat_no_valid_retreat_route, name=combat}
[11:05:47] [RCON Listener #1/INFO]: Thread RCON Client /127.0.0.1 started
[11:05:47] [RCON Client /127.0.0.1 #117/INFO]: Thread RCON Client /127.0.0.1 shutting down
[11:05:47] [RCON Listener #1/INFO]: Thread RCON Client /127.0.0.1 started
[11:05:47] [RCON Client /127.0.0.1 #118/INFO]: Thread RCON Client /127.0.0.1 shutting down
[11:05:47] [RCON Listener #1/INFO]: Thread RCON Client /127.0.0.1 started
[11:05:47] [RCON Client /127.0.0.1 #119/INFO]: Thread RCON Client /127.0.0.1 shutting down
[11:05:48] [RCON Listener #1/INFO]: Thread RCON Client /127.0.0.1 started
[11:05:48] [RCON Client /127.0.0.1 #120/INFO]: Thread RCON Client /127.0.0.1 shutting down
[11:05:48] [RCON Listener #1/INFO]: Thread RCON Client /127.0.0.1 started
[11:05:48] [RCON Client /127.0.0.1 #121/INFO]: Thread RCON Client /127.0.0.1 shutting down
[11:05:48] [RCON Listener #1/INFO]: Thread RCON Client /127.0.0.1 started
[11:05:48] [RCON Client /127.0.0.1 #122/INFO]: Thread RCON Client /127.0.0.1 shutting down
[11:05:48] [Server thread/INFO]: [AIBot] ACTION event=capability_decision bot=Bob {context=perception_snapshot, capability=HIDDEN_BLOCK_SCAN, profile=strict_survival, allowed=false, reason=DENIED_STRICT_SURVIVAL}
[11:05:48] [Server thread/INFO]: [AIBot] ACTION event=capability_decision bot=Bob {context=observable_block_query, capability=HIDDEN_BLOCK_SCAN, profile=strict_survival, allowed=false, reason=DENIED_STRICT_SURVIVAL}
[11:05:48] [Server thread/INFO]: [AIBot] ACTION event=diag_snapshot bot=Bob {food=16, air=300, mode=survival, task=gather, task_progress=0.0, goal=none, task_phase=TREE_CLEANUP, in_lava=false, step=, light=15, submerged=false, task_state=PAUSED, held=minecraft:iron_axex1, fall=0.0, pos=527,73,121, on_ground=true, hp=20.0/20.0, mining_idle=true, nearby=animals=0 hostiles=1(zombie@4), inv=minecraft:iron_axex1 minecraft:dirtx11, path_idle=true}
[11:05:48] [RCON Listener #1/INFO]: Thread RCON Client /127.0.0.1 started
[11:05:48] [RCON Client /127.0.0.1 #123/INFO]: Thread RCON Client /127.0.0.1 shutting down
[11:05:49] [RCON Listener #1/INFO]: Thread RCON Client /127.0.0.1 started
[11:05:49] [RCON Client /127.0.0.1 #124/INFO]: Thread RCON Client /127.0.0.1 shutting down
[11:05:49] [Server thread/INFO]: [AIBot] TASK event=task_assigned bot=Bob {params=Attacking minecraft:zombie 0/1 phase=ACQUIRE, origin=SAFETY, name=combat, origin_reason=threat:HOSTILE}
[11:05:49] [Server thread/INFO]: [AIBot] DANGER event=threat_detected bot=Bob {type=HOSTILE, source=class_2338{x=529, y=69, z=120}, decision=combat, severity=MEDIUM}
[11:05:49] [RCON Listener #1/INFO]: Thread RCON Client /127.0.0.1 started
[11:05:49] [RCON Client /127.0.0.1 #125/INFO]: Thread RCON Client /127.0.0.1 shutting down
[11:05:49] [Server thread/WARN]: [AIBot] TASK event=task_failed bot=Bob {elapsed_ticks=1, reason=combat_no_valid_retreat_route, name=combat}
[11:05:49] [RCON Listener #1/INFO]: Thread RCON Client /127.0.0.1 started
[11:05:49] [RCON Client /127.0.0.1 #126/INFO]: Thread RCON Client /127.0.0.1 shutting down
[11:05:49] [RCON Listener #1/INFO]: Thread RCON Client /127.0.0.1 started
[11:05:49] [RCON Client /127.0.0.1 #127/INFO]: Thread RCON Client /127.0.0.1 shutting down
[11:05:49] [RCON Listener #1/INFO]: Thread RCON Client /127.0.0.1 started
[11:05:49] [RCON Client /127.0.0.1 #128/INFO]: Thread RCON Client /127.0.0.1 shutting down
[11:05:50] [Server thread/INFO]: [AIBot] TASK event=task_resumed bot=Bob {origin=LLM_TOOL, user_paused=false, name=gather, stack_depth=0}
[11:05:50] [Server thread/INFO]: [AIBot] ACTION event=select_slot bot=Bob {slot=2}
[11:05:50] [Server thread/INFO]: [AIBot] ACTION event=equip_best_tool bot=Bob {slot=2, tool=empty_hand, score=1.0, reason=preserve_soft_block_melee_durability}
[11:05:50] [Server thread/INFO]: [AIBot] ACTION event=mine_start bot=Bob {pos=527,72,121, face=up}
[11:05:50] [RCON Listener #1/INFO]: Thread RCON Client /127.0.0.1 started
[11:05:50] [Server thread/INFO]: [AIBot] ACTION event=capability_decision bot=Bob {context=observable_entity_query, capability=HIDDEN_BLOCK_SCAN, profile=strict_survival, allowed=false, reason=DENIED_STRICT_SURVIVAL}
[11:05:50] [RCON Client /127.0.0.1 #129/INFO]: Thread RCON Client /127.0.0.1 shutting down
[11:05:50] [RCON Listener #1/INFO]: Thread RCON Client /127.0.0.1 started
[11:05:50] [RCON Client /127.0.0.1 #130/INFO]: Thread RCON Client /127.0.0.1 shutting down
[11:05:50] [Server thread/INFO]: [AIBot] ACTION event=diag_snapshot bot=Bob {food=16, air=300, mode=survival, task=gather, task_progress=0.0, goal=none, task_phase=TREE_CLEANUP, in_lava=false, step=, light=15, submerged=false, task_state=RUNNING, held=empty, fall=0.0, pos=527,73,121, on_ground=true, hp=20.0/20.0, mining_idle=true, nearby=animals=0 hostiles=0, inv=minecraft:iron_axex1 minecraft:dirtx11, path_idle=true}
[11:05:50] [RCON Listener #1/INFO]: Thread RCON Client /127.0.0.1 started
[11:05:50] [RCON Client /127.0.0.1 #131/INFO]: Thread RCON Client /127.0.0.1 shutting down
[11:05:50] [RCON Listener #1/INFO]: Thread RCON Client /127.0.0.1 started
[11:05:50] [RCON Client /127.0.0.1 #132/INFO]: Thread RCON Client /127.0.0.1 shutting down
[11:05:50] [Server thread/INFO]: [AIBot] ACTION event=fake_player_step bot=Bob {from=class_2338{x=527, y=73, z=121}, to=class_2338{x=527, y=72, z=121}, reason=tree_access_reverse_cleanup}
[11:05:50] [Server thread/INFO]: [AIBot] ACTION event=tree_support_removed bot=Bob {tree=80980dea-4a25-46fa-ab97-eeefcc8b4b39:minecraft:overworld:145685291176007, execution=5f773974-d29d-49e1-95a8-973980ede916, pos=527, 72, 121, block=minecraft:dirt}
[11:05:51] [Server thread/INFO]: [AIBot] ACTION event=mine_start bot=Bob {pos=527,71,121, face=up}
[11:05:51] [RCON Listener #1/INFO]: Thread RCON Client /127.0.0.1 started
[11:05:51] [RCON Client /127.0.0.1 #133/INFO]: Thread RCON Client /127.0.0.1 shutting down
[11:05:51] [RCON Listener #1/INFO]: Thread RCON Client /127.0.0.1 started
[11:05:51] [RCON Client /127.0.0.1 #134/INFO]: Thread RCON Client /127.0.0.1 shutting down
[11:05:51] [RCON Listener #1/INFO]: Thread RCON Client /127.0.0.1 started
[11:05:51] [RCON Client /127.0.0.1 #135/INFO]: Thread RCON Client /127.0.0.1 shutting down
[11:05:51] [Server thread/INFO]: [AIBot] ACTION event=fake_player_step bot=Bob {from=class_2338{x=527, y=72, z=121}, to=class_2338{x=527, y=71, z=121}, reason=tree_access_reverse_cleanup}
[11:05:51] [Server thread/INFO]: [AIBot] ACTION event=tree_support_removed bot=Bob {tree=80980dea-4a25-46fa-ab97-eeefcc8b4b39:minecraft:overworld:145685291176007, execution=5f773974-d29d-49e1-95a8-973980ede916, pos=527, 71, 121, block=minecraft:dirt}
[11:05:51] [RCON Listener #1/INFO]: Thread RCON Client /127.0.0.1 started
[11:05:51] [RCON Client /127.0.0.1 #136/INFO]: Thread RCON Client /127.0.0.1 shutting down
[11:05:51] [Server thread/INFO]: [AIBot] ACTION event=mine_start bot=Bob {pos=527,70,121, face=up}
[11:05:52] [RCON Listener #1/INFO]: Thread RCON Client /127.0.0.1 started
[11:05:52] [RCON Client /127.0.0.1 #137/INFO]: Thread RCON Client /127.0.0.1 shutting down
[11:05:52] [RCON Listener #1/INFO]: Thread RCON Client /127.0.0.1 started
[11:05:52] [RCON Client /127.0.0.1 #138/INFO]: Thread RCON Client /127.0.0.1 shutting down
[11:05:52] [Server thread/INFO]: [AIBot] ACTION event=fake_player_step bot=Bob {from=class_2338{x=527, y=71, z=121}, to=class_2338{x=527, y=70, z=121}, reason=tree_access_reverse_cleanup}
[11:05:52] [Server thread/INFO]: [AIBot] ACTION event=capability_decision bot=Bob {context=harvest_force_pickup, capability=FORCED_PICKUP, profile=strict_survival, allowed=false, reason=DENIED_STRICT_SURVIVAL}
[11:05:52] [Server thread/INFO]: [AIBot] ACTION event=tree_support_removed bot=Bob {tree=80980dea-4a25-46fa-ab97-eeefcc8b4b39:minecraft:overworld:145685291176007, execution=5f773974-d29d-49e1-95a8-973980ede916, pos=527, 70, 121, block=minecraft:dirt}
[11:05:52] [Server thread/INFO]: [AIBot] ACTION event=capability_decision bot=Bob {context=diagnostic_nearby, capability=HIDDEN_BLOCK_SCAN, profile=strict_survival, allowed=false, reason=DENIED_STRICT_SURVIVAL}
[11:05:52] [Server thread/INFO]: [AIBot] ACTION event=diag_snapshot bot=Bob {food=16, air=300, mode=survival, task=gather, task_progress=0.0, goal=none, task_phase=TREE_CLEANUP, in_lava=false, step=, light=0, submerged=false, task_state=RUNNING, held=empty, fall=0.0, pos=527,70,121, on_ground=true, hp=20.0/20.0, mining_idle=true, nearby=animals=0 hostiles=0, inv=minecraft:iron_axex1 minecraft:dirtx13, path_idle=true}
[11:05:52] [Server thread/INFO]: [AIBot] ACTION event=mine_start bot=Bob {pos=527,69,121, face=up}
[11:05:52] [RCON Listener #1/INFO]: Thread RCON Client /127.0.0.1 started
[11:05:52] [RCON Client /127.0.0.1 #139/INFO]: Thread RCON Client /127.0.0.1 shutting down
[11:05:52] [RCON Listener #1/INFO]: Thread RCON Client /127.0.0.1 started
[11:05:52] [RCON Client /127.0.0.1 #140/INFO]: Thread RCON Client /127.0.0.1 shutting down
[11:05:53] [Server thread/WARN]: [AIBot] PERCEPTION event=snapshot_slow bot=Bob {elapsed_ms=11}
[11:05:53] [RCON Listener #1/INFO]: Thread RCON Client /127.0.0.1 started
[11:05:53] [RCON Client /127.0.0.1 #141/INFO]: Thread RCON Client /127.0.0.1 shutting down
[11:05:53] [RCON Listener #1/INFO]: Thread RCON Client /127.0.0.1 started
[11:05:53] [RCON Client /127.0.0.1 #142/INFO]: Thread RCON Client /127.0.0.1 shutting down
[11:05:53] [Server thread/INFO]: [AIBot] ACTION event=fake_player_step bot=Bob {from=class_2338{x=527, y=70, z=121}, to=class_2338{x=527, y=69, z=121}, reason=tree_access_reverse_cleanup}
[11:05:53] [Server thread/INFO]: [AIBot] ACTION event=tree_support_removed bot=Bob {tree=80980dea-4a25-46fa-ab97-eeefcc8b4b39:minecraft:overworld:145685291176007, execution=5f773974-d29d-49e1-95a8-973980ede916, pos=527, 69, 121, block=minecraft:dirt}
[11:05:53] [Server thread/INFO]: [AIBot] ACTION event=mine_start bot=Bob {pos=527,68,121, face=up}
[11:05:53] [Server thread/INFO]: [AIBot] ACTION event=capability_decision bot=Bob {context=observable_block_query, capability=HIDDEN_BLOCK_SCAN, profile=strict_survival, allowed=false, reason=DENIED_STRICT_SURVIVAL}
[11:05:53] [Server thread/INFO]: [AIBot] ACTION event=capability_decision bot=Bob {context=perception_snapshot, capability=HIDDEN_BLOCK_SCAN, profile=strict_survival, allowed=false, reason=DENIED_STRICT_SURVIVAL}
[11:05:53] [RCON Listener #1/INFO]: Thread RCON Client /127.0.0.1 started
[11:05:53] [RCON Client /127.0.0.1 #143/INFO]: Thread RCON Client /127.0.0.1 shutting down
[11:05:53] [RCON Listener #1/INFO]: Thread RCON Client /127.0.0.1 started
[11:05:53] [RCON Client /127.0.0.1 #144/INFO]: Thread RCON Client /127.0.0.1 shutting down
[11:05:54] [Server thread/WARN]: [AIBot] PERCEPTION event=snapshot_slow bot=Bob {elapsed_ms=15}
[11:05:54] [RCON Listener #1/INFO]: Thread RCON Client /127.0.0.1 started
[11:05:54] [RCON Client /127.0.0.1 #145/INFO]: Thread RCON Client /127.0.0.1 shutting down
[11:05:54] [RCON Listener #1/INFO]: Thread RCON Client /127.0.0.1 started
[11:05:54] [Server thread/INFO]: [AIBot] ACTION event=fake_player_step bot=Bob {from=class_2338{x=527, y=69, z=121}, to=class_2338{x=527, y=68, z=121}, reason=tree_access_reverse_cleanup}
[11:05:54] [Server thread/INFO]: [AIBot] ACTION event=tree_support_removed bot=Bob {tree=80980dea-4a25-46fa-ab97-eeefcc8b4b39:minecraft:overworld:145685291176007, execution=5f773974-d29d-49e1-95a8-973980ede916, pos=527, 68, 121, block=minecraft:dirt}
[11:05:54] [RCON Client /127.0.0.1 #146/INFO]: Thread RCON Client /127.0.0.1 shutting down
[11:05:54] [Server thread/WARN]: [AIBot] TASK event=task_failed bot=Bob {elapsed_ticks=406, reason=committed_log_access_blocked:tree_access_support_limit, name=gather}
[11:05:54] [RCON Listener #1/INFO]: Thread RCON Client /127.0.0.1 started
[11:05:54] [Server thread/INFO]: [AIBot] ACTION event=diag_snapshot bot=Bob {food=16, air=300, mode=survival, task=gather, task_progress=0.0, goal=none, task_phase=TREE_CLEANUP, in_lava=false, step=, light=15, submerged=false, task_state=FAILED, held=empty, fall=0.0, pos=527,68,121, on_ground=true, hp=20.0/20.0, mining_idle=true, nearby=animals=0 hostiles=0, inv=minecraft:iron_axex1 minecraft:dirtx15, path_idle=true}
[11:05:54] [RCON Client /127.0.0.1 #147/INFO]: Thread RCON Client /127.0.0.1 shutting down
[11:05:54] [RCON Listener #1/INFO]: Thread RCON Client /127.0.0.1 started
[11:05:54] [RCON Client /127.0.0.1 #148/INFO]: Thread RCON Client /127.0.0.1 shutting down
[11:05:55] [RCON Listener #1/INFO]: Thread RCON Client /127.0.0.1 started
[11:05:55] [RCON Client /127.0.0.1 #149/INFO]: Thread RCON Client /127.0.0.1 shutting down
[11:05:55] [Server thread/WARN]: [AIBot] PERCEPTION event=snapshot_slow bot=Bob {elapsed_ms=14}
[11:05:55] [RCON Listener #1/INFO]: Thread RCON Client /127.0.0.1 started
[11:05:55] [RCON Client /127.0.0.1 #150/INFO]: Thread RCON Client /127.0.0.1 shutting down
[11:05:55] [RCON Listener #1/INFO]: Thread RCON Client /127.0.0.1 started
[11:05:55] [RCON Client /127.0.0.1 #151/INFO]: Thread RCON Client /127.0.0.1 shutting down
[11:05:55] [RCON Listener #1/INFO]: Thread RCON Client /127.0.0.1 started
[11:05:55] [RCON Client /127.0.0.1 #152/INFO]: Thread RCON Client /127.0.0.1 shutting down
[11:05:55] [Server thread/INFO]: [AIBot] ACTION event=capability_decision bot=Bob {context=observable_entity_query, capability=HIDDEN_BLOCK_SCAN, profile=strict_survival, allowed=false, reason=DENIED_STRICT_SURVIVAL}
[11:05:55] [RCON Listener #1/INFO]: Thread RCON Client /127.0.0.1 started
[11:05:55] [RCON Client /127.0.0.1 #153/INFO]: Thread RCON Client /127.0.0.1 shutting down
[11:05:56] [RCON Listener #1/INFO]: Thread RCON Client /127.0.0.1 started
[11:05:56] [RCON Client /127.0.0.1 #154/INFO]: Thread RCON Client /127.0.0.1 shutting down
[11:05:56] [RCON Listener #1/INFO]: Thread RCON Client /127.0.0.1 started
[11:05:56] [RCON Client /127.0.0.1 #155/INFO]: Thread RCON Client /127.0.0.1 shutting down
[11:05:56] [RCON Listener #1/INFO]: Thread RCON Client /127.0.0.1 started
[11:05:56] [RCON Client /127.0.0.1 #156/INFO]: Thread RCON Client /127.0.0.1 shutting down
[11:05:56] [Server thread/WARN]: [AIBot] PERCEPTION event=snapshot_slow bot=Bob {elapsed_ms=14}
[11:05:56] [Server thread/INFO]: [AIBot] ACTION event=diag_snapshot bot=Bob {food=16, air=300, mode=survival, task=gather, task_progress=0.0, goal=none, task_phase=TREE_CLEANUP, in_lava=false, step=, light=15, submerged=false, task_state=FAILED, held=empty, fall=0.0, pos=527,68,121, on_ground=true, hp=20.0/20.0, mining_idle=true, nearby=animals=0 hostiles=0, inv=minecraft:iron_axex1 minecraft:dirtx16, path_idle=true}
[11:05:56] [RCON Listener #1/INFO]: Thread RCON Client /127.0.0.1 started
[11:05:56] [RCON Client /127.0.0.1 #157/INFO]: Thread RCON Client /127.0.0.1 shutting down
[11:05:56] [RCON Listener #1/INFO]: Thread RCON Client /127.0.0.1 started
[11:05:56] [RCON Client /127.0.0.1 #158/INFO]: Thread RCON Client /127.0.0.1 shutting down
[11:05:57] [Server thread/WARN]: [AIBot] PERCEPTION event=snapshot_slow bot=Bob {elapsed_ms=16}
[11:05:57] [RCON Listener #1/INFO]: Thread RCON Client /127.0.0.1 started
[11:05:57] [RCON Client /127.0.0.1 #159/INFO]: Thread RCON Client /127.0.0.1 shutting down
[11:05:57] [RCON Listener #1/INFO]: Thread RCON Client /127.0.0.1 started
[11:05:57] [RCON Client /127.0.0.1 #160/INFO]: Thread RCON Client /127.0.0.1 shutting down
[11:05:57] [Server thread/WARN]: [AIBot] PERCEPTION event=snapshot_slow bot=Bob {elapsed_ms=11}
[11:05:57] [RCON Listener #1/INFO]: Thread RCON Client /127.0.0.1 started
[11:05:57] [RCON Client /127.0.0.1 #161/INFO]: Thread RCON Client /127.0.0.1 shutting down
[11:05:57] [RCON Listener #1/INFO]: Thread RCON Client /127.0.0.1 started
[11:05:57] [RCON Client /127.0.0.1 #162/INFO]: Thread RCON Client /127.0.0.1 shutting down
[11:05:58] [Server thread/WARN]: [AIBot] PERCEPTION event=snapshot_slow bot=Bob {elapsed_ms=18}
[11:05:58] [RCON Listener #1/INFO]: Thread RCON Client /127.0.0.1 started
[11:05:58] [RCON Client /127.0.0.1 #163/INFO]: Thread RCON Client /127.0.0.1 shutting down
[11:05:58] [RCON Listener #1/INFO]: Thread RCON Client /127.0.0.1 started
[11:05:58] [RCON Client /127.0.0.1 #164/INFO]: Thread RCON Client /127.0.0.1 shutting down
[11:05:58] [Server thread/INFO]: [AIBot] ACTION event=capability_decision bot=Bob {context=observable_block_query, capability=HIDDEN_BLOCK_SCAN, profile=strict_survival, allowed=false, reason=DENIED_STRICT_SURVIVAL}
[11:05:58] [Server thread/INFO]: [AIBot] ACTION event=capability_decision bot=Bob {context=perception_snapshot, capability=HIDDEN_BLOCK_SCAN, profile=strict_survival, allowed=false, reason=DENIED_STRICT_SURVIVAL}
[11:05:58] [Server thread/WARN]: [AIBot] PERCEPTION event=snapshot_slow bot=Bob {elapsed_ms=12}
[11:05:58] [Server thread/INFO]: [AIBot] ACTION event=capability_decision bot=Bob {context=diagnostic_nearby, capability=HIDDEN_BLOCK_SCAN, profile=strict_survival, allowed=false, reason=DENIED_STRICT_SURVIVAL}
[11:05:58] [Server thread/INFO]: [AIBot] ACTION event=diag_snapshot bot=Bob {food=16, air=300, mode=survival, task=gather, task_progress=0.0, goal=none, task_phase=TREE_CLEANUP, in_lava=false, step=, light=15, submerged=false, task_state=FAILED, held=empty, fall=0.0, pos=527,68,121, on_ground=true, hp=20.0/20.0, mining_idle=true, nearby=animals=0 hostiles=0, inv=minecraft:iron_axex1 minecraft:dirtx16, path_idle=true}
[11:05:58] [RCON Listener #1/INFO]: Thread RCON Client /127.0.0.1 started
[11:05:58] [RCON Client /127.0.0.1 #165/INFO]: Thread RCON Client /127.0.0.1 shutting down
[11:05:58] [RCON Listener #1/INFO]: Thread RCON Client /127.0.0.1 started
[11:05:58] [RCON Client /127.0.0.1 #166/INFO]: Thread RCON Client /127.0.0.1 shutting down
[11:05:59] [RCON Listener #1/INFO]: Thread RCON Client /127.0.0.1 started
[11:05:59] [RCON Client /127.0.0.1 #167/INFO]: Thread RCON Client /127.0.0.1 shutting down
[11:05:59] [RCON Listener #1/INFO]: Thread RCON Client /127.0.0.1 started
[11:05:59] [RCON Client /127.0.0.1 #168/INFO]: Thread RCON Client /127.0.0.1 shutting down
[11:05:59] [RCON Listener #1/INFO]: Thread RCON Client /127.0.0.1 started
[11:05:59] [RCON Client /127.0.0.1 #169/INFO]: Thread RCON Client /127.0.0.1 shutting down
[11:05:59] [RCON Listener #1/INFO]: Thread RCON Client /127.0.0.1 started
[11:05:59] [RCON Client /127.0.0.1 #170/INFO]: Thread RCON Client /127.0.0.1 shutting down
[11:06:00] [Server thread/WARN]: [AIBot] PERCEPTION event=snapshot_slow bot=Bob {elapsed_ms=11}
[11:06:00] [RCON Listener #1/INFO]: Thread RCON Client /127.0.0.1 started
[11:06:00] [RCON Client /127.0.0.1 #171/INFO]: Thread RCON Client /127.0.0.1 shutting down
[11:06:00] [RCON Listener #1/INFO]: Thread RCON Client /127.0.0.1 started
[11:06:00] [RCON Client /127.0.0.1 #172/INFO]: Thread RCON Client /127.0.0.1 shutting down
[11:06:00] [Server thread/INFO]: [AIBot] ACTION event=capability_decision bot=Bob {context=observable_entity_query, capability=HIDDEN_BLOCK_SCAN, profile=strict_survival, allowed=false, reason=DENIED_STRICT_SURVIVAL}
[11:06:00] [Server thread/WARN]: [AIBot] PERCEPTION event=snapshot_slow bot=Bob {elapsed_ms=11}
[11:06:00] [Server thread/INFO]: [AIBot] ACTION event=diag_snapshot bot=Bob {food=16, air=300, mode=survival, task=gather, task_progress=0.0, goal=none, task_phase=TREE_CLEANUP, in_lava=false, step=, light=15, submerged=false, task_state=FAILED, held=empty, fall=0.0, pos=527,68,121, on_ground=true, hp=20.0/20.0, mining_idle=true, nearby=animals=0 hostiles=0, inv=minecraft:iron_axex1 minecraft:dirtx16, path_idle=true}
[11:06:00] [RCON Listener #1/INFO]: Thread RCON Client /127.0.0.1 started
[11:06:00] [RCON Client /127.0.0.1 #173/INFO]: Thread RCON Client /127.0.0.1 shutting down
[11:06:00] [RCON Listener #1/INFO]: Thread RCON Client /127.0.0.1 started
[11:06:00] [RCON Client /127.0.0.1 #174/INFO]: Thread RCON Client /127.0.0.1 shutting down
[11:06:01] [RCON Listener #1/INFO]: Thread RCON Client /127.0.0.1 started
[11:06:01] [RCON Client /127.0.0.1 #175/INFO]: Thread RCON Client /127.0.0.1 shutting down
[11:06:01] [RCON Listener #1/INFO]: Thread RCON Client /127.0.0.1 started
[11:06:01] [RCON Client /127.0.0.1 #176/INFO]: Thread RCON Client /127.0.0.1 shutting down
[11:06:01] [RCON Listener #1/INFO]: Thread RCON Client /127.0.0.1 started
[11:06:01] [RCON Client /127.0.0.1 #177/INFO]: Thread RCON Client /127.0.0.1 shutting down
[11:06:01] [RCON Listener #1/INFO]: Thread RCON Client /127.0.0.1 started
[11:06:01] [Server thread/WARN]: [AIBot] PERCEPTION event=snapshot_slow bot=Bob {elapsed_ms=16}
[11:06:01] [RCON Client /127.0.0.1 #178/INFO]: Thread RCON Client /127.0.0.1 shutting down
[11:06:01] [RCON Listener #1/INFO]: Thread RCON Client /127.0.0.1 started
[11:06:01] [RCON Client /127.0.0.1 #179/INFO]: Thread RCON Client /127.0.0.1 shutting down
[11:06:02] [RCON Listener #1/INFO]: Thread RCON Client /127.0.0.1 started
[11:06:02] [RCON Client /127.0.0.1 #180/INFO]: Thread RCON Client /127.0.0.1 shutting down
[11:06:02] [RCON Listener #1/INFO]: Thread RCON Client /127.0.0.1 started
[11:06:02] [RCON Client /127.0.0.1 #181/INFO]: Thread RCON Client /127.0.0.1 shutting down
[11:06:02] [RCON Listener #1/INFO]: Thread RCON Client /127.0.0.1 started
[11:06:02] [RCON Client /127.0.0.1 #182/INFO]: Thread RCON Client /127.0.0.1 shutting down
[11:06:02] [Server thread/INFO]: [AIBot] ACTION event=diag_snapshot bot=Bob {food=16, air=300, mode=survival, task=gather, task_progress=0.0, goal=none, task_phase=TREE_CLEANUP, in_lava=false, step=, light=15, submerged=false, task_state=FAILED, held=empty, fall=0.0, pos=527,68,121, on_ground=true, hp=20.0/20.0, mining_idle=true, nearby=animals=0 hostiles=0, inv=minecraft:iron_axex1 minecraft:dirtx16, path_idle=true}
[11:06:02] [RCON Listener #1/INFO]: Thread RCON Client /127.0.0.1 started
[11:06:02] [RCON Client /127.0.0.1 #183/INFO]: Thread RCON Client /127.0.0.1 shutting down
[11:06:02] [RCON Listener #1/INFO]: Thread RCON Client /127.0.0.1 started
[11:06:02] [RCON Client /127.0.0.1 #184/INFO]: Thread RCON Client /127.0.0.1 shutting down
[11:06:03] [RCON Listener #1/INFO]: Thread RCON Client /127.0.0.1 started
[11:06:03] [RCON Client /127.0.0.1 #185/INFO]: Thread RCON Client /127.0.0.1 shutting down
[11:06:03] [RCON Listener #1/INFO]: Thread RCON Client /127.0.0.1 started
[11:06:03] [RCON Client /127.0.0.1 #186/INFO]: Thread RCON Client /127.0.0.1 shutting down
[11:06:03] [Server thread/INFO]: [AIBot] ACTION event=capability_decision bot=Bob {context=observable_block_query, capability=HIDDEN_BLOCK_SCAN, profile=strict_survival, allowed=false, reason=DENIED_STRICT_SURVIVAL}
[11:06:03] [Server thread/INFO]: [AIBot] ACTION event=capability_decision bot=Bob {context=perception_snapshot, capability=HIDDEN_BLOCK_SCAN, profile=strict_survival, allowed=false, reason=DENIED_STRICT_SURVIVAL}
[11:06:03] [Server thread/WARN]: [AIBot] PERCEPTION event=snapshot_slow bot=Bob {elapsed_ms=11}
[11:06:03] [RCON Listener #1/INFO]: Thread RCON Client /127.0.0.1 started
[11:06:03] [RCON Client /127.0.0.1 #187/INFO]: Thread RCON Client /127.0.0.1 shutting down
[11:06:03] [RCON Listener #1/INFO]: Thread RCON Client /127.0.0.1 started
[11:06:03] [RCON Client /127.0.0.1 #188/INFO]: Thread RCON Client /127.0.0.1 shutting down
[11:06:04] [RCON Listener #1/INFO]: Thread RCON Client /127.0.0.1 started
[11:06:04] [RCON Client /127.0.0.1 #189/INFO]: Thread RCON Client /127.0.0.1 shutting down
[11:06:04] [RCON Listener #1/INFO]: Thread RCON Client /127.0.0.1 started
[11:06:04] [RCON Client /127.0.0.1 #190/INFO]: Thread RCON Client /127.0.0.1 shutting down
[11:06:04] [Server thread/WARN]: [AIBot] PERCEPTION event=snapshot_slow bot=Bob {elapsed_ms=15}
[11:06:04] [Server thread/INFO]: [AIBot] ACTION event=capability_decision bot=Bob {context=diagnostic_nearby, capability=HIDDEN_BLOCK_SCAN, profile=strict_survival, allowed=false, reason=DENIED_STRICT_SURVIVAL}
[11:06:04] [Server thread/INFO]: [AIBot] ACTION event=diag_snapshot bot=Bob {food=16, air=300, mode=survival, task=gather, task_progress=0.0, goal=none, task_phase=TREE_CLEANUP, in_lava=false, step=, light=15, submerged=false, task_state=FAILED, held=empty, fall=0.0, pos=527,68,121, on_ground=true, hp=20.0/20.0, mining_idle=true, nearby=animals=0 hostiles=0, inv=minecraft:iron_axex1 minecraft:dirtx16, path_idle=true}
[11:06:04] [RCON Listener #1/INFO]: Thread RCON Client /127.0.0.1 started
[11:06:04] [RCON Client /127.0.0.1 #191/INFO]: Thread RCON Client /127.0.0.1 shutting down
[11:06:04] [RCON Listener #1/INFO]: Thread RCON Client /127.0.0.1 started
[11:06:04] [RCON Client /127.0.0.1 #192/INFO]: Thread RCON Client /127.0.0.1 shutting down
[11:06:05] [RCON Listener #1/INFO]: Thread RCON Client /127.0.0.1 started
[11:06:05] [RCON Client /127.0.0.1 #193/INFO]: Thread RCON Client /127.0.0.1 shutting down
[11:06:05] [RCON Listener #1/INFO]: Thread RCON Client /127.0.0.1 started
[11:06:05] [RCON Client /127.0.0.1 #194/INFO]: Thread RCON Client /127.0.0.1 shutting down
[11:06:05] [Server thread/INFO]: [AIBot] ACTION event=capability_decision bot=Bob {context=observable_entity_query, capability=HIDDEN_BLOCK_SCAN, profile=strict_survival, allowed=false, reason=DENIED_STRICT_SURVIVAL}
[11:06:05] [Server thread/WARN]: [AIBot] PERCEPTION event=snapshot_slow bot=Bob {elapsed_ms=15}
[11:06:05] [RCON Listener #1/INFO]: Thread RCON Client /127.0.0.1 started
[11:06:05] [RCON Client /127.0.0.1 #195/INFO]: Thread RCON Client /127.0.0.1 shutting down
[11:06:05] [RCON Listener #1/INFO]: Thread RCON Client /127.0.0.1 started
[11:06:05] [RCON Client /127.0.0.1 #196/INFO]: Thread RCON Client /127.0.0.1 shutting down
[11:06:06] [RCON Listener #1/INFO]: Thread RCON Client /127.0.0.1 started
[11:06:06] [RCON Client /127.0.0.1 #197/INFO]: Thread RCON Client /127.0.0.1 shutting down
[11:06:06] [RCON Listener #1/INFO]: Thread RCON Client /127.0.0.1 started
[11:06:06] [RCON Client /127.0.0.1 #198/INFO]: Thread RCON Client /127.0.0.1 shutting down
[11:06:06] [RCON Listener #1/INFO]: Thread RCON Client /127.0.0.1 started
[11:06:06] [RCON Client /127.0.0.1 #199/INFO]: Thread RCON Client /127.0.0.1 shutting down
[11:06:06] [Server thread/WARN]: [AIBot] PERCEPTION event=snapshot_slow bot=Bob {elapsed_ms=12}
[11:06:06] [Server thread/INFO]: [AIBot] ACTION event=diag_snapshot bot=Bob {food=16, air=300, mode=survival, task=gather, task_progress=0.0, goal=none, task_phase=TREE_CLEANUP, in_lava=false, step=, light=15, submerged=false, task_state=FAILED, held=empty, fall=0.0, pos=527,68,121, on_ground=true, hp=20.0/20.0, mining_idle=true, nearby=animals=0 hostiles=0, inv=minecraft:iron_axex1 minecraft:dirtx16, path_idle=true}
[11:06:06] [RCON Listener #1/INFO]: Thread RCON Client /127.0.0.1 started
[11:06:06] [RCON Client /127.0.0.1 #200/INFO]: Thread RCON Client /127.0.0.1 shutting down
[11:06:06] [RCON Listener #1/INFO]: Thread RCON Client /127.0.0.1 started
[11:06:06] [RCON Client /127.0.0.1 #201/INFO]: Thread RCON Client /127.0.0.1 shutting down
[11:06:07] [RCON Listener #1/INFO]: Thread RCON Client /127.0.0.1 started
[11:06:07] [RCON Client /127.0.0.1 #202/INFO]: Thread RCON Client /127.0.0.1 shutting down
[11:06:07] [RCON Listener #1/INFO]: Thread RCON Client /127.0.0.1 started
[11:06:07] [RCON Client /127.0.0.1 #203/INFO]: Thread RCON Client /127.0.0.1 shutting down
[11:06:07] [RCON Listener #1/INFO]: Thread RCON Client /127.0.0.1 started
[11:06:07] [RCON Client /127.0.0.1 #204/INFO]: Thread RCON Client /127.0.0.1 shutting down
[11:06:07] [RCON Listener #1/INFO]: Thread RCON Client /127.0.0.1 started
[11:06:07] [RCON Client /127.0.0.1 #205/INFO]: Thread RCON Client /127.0.0.1 shutting down
[11:06:07] [RCON Listener #1/INFO]: Thread RCON Client /127.0.0.1 started
[11:06:08] [RCON Client /127.0.0.1 #206/INFO]: Thread RCON Client /127.0.0.1 shutting down
[11:06:08] [Server thread/WARN]: [AIBot] PERCEPTION event=snapshot_slow bot=Bob {elapsed_ms=11}
[11:06:08] [RCON Listener #1/INFO]: Thread RCON Client /127.0.0.1 started
[11:06:08] [RCON Client /127.0.0.1 #207/INFO]: Thread RCON Client /127.0.0.1 shutting down
[11:06:08] [RCON Listener #1/INFO]: Thread RCON Client /127.0.0.1 started
[11:06:08] [RCON Client /127.0.0.1 #208/INFO]: Thread RCON Client /127.0.0.1 shutting down
[11:06:08] [Server thread/INFO]: [AIBot] LIFECYCLE event=mixin_alive bot=- {server_tick=3600}
[11:06:08] [Server thread/INFO]: [AIBot] ACTION event=capability_decision bot=Bob {context=observable_block_query, capability=HIDDEN_BLOCK_SCAN, profile=strict_survival, allowed=false, reason=DENIED_STRICT_SURVIVAL}
[11:06:08] [Server thread/INFO]: [AIBot] ACTION event=capability_decision bot=Bob {context=perception_snapshot, capability=HIDDEN_BLOCK_SCAN, profile=strict_survival, allowed=false, reason=DENIED_STRICT_SURVIVAL}
[11:06:08] [Server thread/WARN]: [AIBot] PERCEPTION event=snapshot_slow bot=Bob {elapsed_ms=13}
[11:06:08] [Server thread/INFO]: [AIBot] ACTION event=diag_snapshot bot=Bob {food=16, air=300, mode=survival, task=gather, task_progress=0.0, goal=none, task_phase=TREE_CLEANUP, in_lava=false, step=, light=15, submerged=false, task_state=FAILED, held=empty, fall=0.0, pos=527,68,121, on_ground=true, hp=20.0/20.0, mining_idle=true, nearby=animals=0 hostiles=0, inv=minecraft:iron_axex1 minecraft:dirtx16, path_idle=true}
[11:06:08] [RCON Listener #1/INFO]: Thread RCON Client /127.0.0.1 started
[11:06:08] [RCON Client /127.0.0.1 #209/INFO]: Thread RCON Client /127.0.0.1 shutting down
[11:06:08] [RCON Listener #1/INFO]: Thread RCON Client /127.0.0.1 started
[11:06:08] [RCON Client /127.0.0.1 #210/INFO]: Thread RCON Client /127.0.0.1 shutting down
[11:06:09] [RCON Listener #1/INFO]: Thread RCON Client /127.0.0.1 started
[11:06:09] [RCON Client /127.0.0.1 #211/INFO]: Thread RCON Client /127.0.0.1 shutting down
[11:06:09] [RCON Listener #1/INFO]: Thread RCON Client /127.0.0.1 started
[11:06:09] [RCON Client /127.0.0.1 #212/INFO]: Thread RCON Client /127.0.0.1 shutting down
[11:06:09] [RCON Listener #1/INFO]: Thread RCON Client /127.0.0.1 started
[11:06:09] [RCON Client /127.0.0.1 #213/INFO]: Thread RCON Client /127.0.0.1 shutting down
[11:06:09] [RCON Listener #1/INFO]: Thread RCON Client /127.0.0.1 started
[11:06:09] [RCON Client /127.0.0.1 #214/INFO]: Thread RCON Client /127.0.0.1 shutting down
[11:06:10] [RCON Listener #1/INFO]: Thread RCON Client /127.0.0.1 started
[11:06:10] [RCON Client /127.0.0.1 #215/INFO]: Thread RCON Client /127.0.0.1 shutting down
[11:06:10] [RCON Listener #1/INFO]: Thread RCON Client /127.0.0.1 started
[11:06:10] [RCON Client /127.0.0.1 #216/INFO]: Thread RCON Client /127.0.0.1 shutting down
[11:06:10] [Server thread/INFO]: [AIBot] ACTION event=capability_decision bot=Bob {context=observable_entity_query, capability=HIDDEN_BLOCK_SCAN, profile=strict_survival, allowed=false, reason=DENIED_STRICT_SURVIVAL}
[11:06:10] [Server thread/INFO]: [AIBot] ACTION event=capability_decision bot=Bob {context=diagnostic_nearby, capability=HIDDEN_BLOCK_SCAN, profile=strict_survival, allowed=false, reason=DENIED_STRICT_SURVIVAL}
[11:06:10] [Server thread/INFO]: [AIBot] ACTION event=diag_snapshot bot=Bob {food=16, air=300, mode=survival, task=gather, task_progress=0.0, goal=none, task_phase=TREE_CLEANUP, in_lava=false, step=, light=15, submerged=false, task_state=FAILED, held=empty, fall=0.0, pos=527,68,121, on_ground=true, hp=20.0/20.0, mining_idle=true, nearby=animals=0 hostiles=0, inv=minecraft:iron_axex1 minecraft:dirtx16, path_idle=true}
[11:06:10] [RCON Listener #1/INFO]: Thread RCON Client /127.0.0.1 started
[11:06:10] [RCON Client /127.0.0.1 #217/INFO]: Thread RCON Client /127.0.0.1 shutting down
[11:06:10] [RCON Listener #1/INFO]: Thread RCON Client /127.0.0.1 started
[11:06:10] [RCON Client /127.0.0.1 #218/INFO]: Thread RCON Client /127.0.0.1 shutting down
[11:06:11] [Server thread/WARN]: [AIBot] PERCEPTION event=snapshot_slow bot=Bob {elapsed_ms=13}
[11:06:11] [RCON Listener #1/INFO]: Thread RCON Client /127.0.0.1 started
[11:06:11] [RCON Client /127.0.0.1 #219/INFO]: Thread RCON Client /127.0.0.1 shutting down
[11:06:11] [RCON Listener #1/INFO]: Thread RCON Client /127.0.0.1 started
[11:06:11] [RCON Client /127.0.0.1 #220/INFO]: Thread RCON Client /127.0.0.1 shutting down
[11:06:11] [RCON Listener #1/INFO]: Thread RCON Client /127.0.0.1 started
[11:06:11] [Server thread/WARN]: [AIBot] PERCEPTION event=snapshot_slow bot=Bob {elapsed_ms=11}
[11:06:11] [RCON Client /127.0.0.1 #221/INFO]: Thread RCON Client /127.0.0.1 shutting down
[11:06:11] [RCON Listener #1/INFO]: Thread RCON Client /127.0.0.1 started
[11:06:11] [RCON Client /127.0.0.1 #222/INFO]: Thread RCON Client /127.0.0.1 shutting down
[11:06:12] [RCON Listener #1/INFO]: Thread RCON Client /127.0.0.1 started
[11:06:12] [RCON Client /127.0.0.1 #223/INFO]: Thread RCON Client /127.0.0.1 shutting down
[11:06:12] [Server thread/WARN]: [AIBot] PERCEPTION event=snapshot_slow bot=Bob {elapsed_ms=11}
[11:06:12] [RCON Listener #1/INFO]: Thread RCON Client /127.0.0.1 started
[11:06:12] [RCON Client /127.0.0.1 #224/INFO]: Thread RCON Client /127.0.0.1 shutting down
[11:06:12] [RCON Listener #1/INFO]: Thread RCON Client /127.0.0.1 started
[11:06:12] [RCON Client /127.0.0.1 #225/INFO]: Thread RCON Client /127.0.0.1 shutting down
[11:06:12] [RCON Listener #1/INFO]: Thread RCON Client /127.0.0.1 started
[11:06:12] [Server thread/INFO]: [AIBot] ACTION event=diag_snapshot bot=Bob {food=16, air=300, mode=survival, task=gather, task_progress=0.0, goal=none, task_phase=TREE_CLEANUP, in_lava=false, step=, light=15, submerged=false, task_state=FAILED, held=empty, fall=0.0, pos=527,68,121, on_ground=true, hp=20.0/20.0, mining_idle=true, nearby=animals=0 hostiles=0, inv=minecraft:iron_axex1 minecraft:dirtx16, path_idle=true}
[11:06:12] [RCON Client /127.0.0.1 #226/INFO]: Thread RCON Client /127.0.0.1 shutting down
[11:06:12] [RCON Listener #1/INFO]: Thread RCON Client /127.0.0.1 started
[11:06:12] [RCON Client /127.0.0.1 #227/INFO]: Thread RCON Client /127.0.0.1 shutting down
[11:06:13] [RCON Listener #1/INFO]: Thread RCON Client /127.0.0.1 started
[11:06:13] [RCON Client /127.0.0.1 #228/INFO]: Thread RCON Client /127.0.0.1 shutting down
[11:06:13] [RCON Listener #1/INFO]: Thread RCON Client /127.0.0.1 started
[11:06:13] [RCON Client /127.0.0.1 #229/INFO]: Thread RCON Client /127.0.0.1 shutting down
[11:06:13] [RCON Listener #1/INFO]: Thread RCON Client /127.0.0.1 started
[11:06:13] [RCON Client /127.0.0.1 #230/INFO]: Thread RCON Client /127.0.0.1 shutting down
[11:06:13] [Server thread/INFO]: [AIBot] ACTION event=capability_decision bot=Bob {context=observable_block_query, capability=HIDDEN_BLOCK_SCAN, profile=strict_survival, allowed=false, reason=DENIED_STRICT_SURVIVAL}
[11:06:13] [Server thread/INFO]: [AIBot] ACTION event=capability_decision bot=Bob {context=perception_snapshot, capability=HIDDEN_BLOCK_SCAN, profile=strict_survival, allowed=false, reason=DENIED_STRICT_SURVIVAL}
[11:06:13] [RCON Listener #1/INFO]: Thread RCON Client /127.0.0.1 started
[11:06:13] [RCON Client /127.0.0.1 #231/INFO]: Thread RCON Client /127.0.0.1 shutting down
[11:06:13] [RCON Listener #1/INFO]: Thread RCON Client /127.0.0.1 started
[11:06:13] [RCON Client /127.0.0.1 #232/INFO]: Thread RCON Client /127.0.0.1 shutting down
[11:06:14] [RCON Listener #1/INFO]: Thread RCON Client /127.0.0.1 started
[11:06:14] [RCON Client /127.0.0.1 #233/INFO]: Thread RCON Client /127.0.0.1 shutting down
[11:06:14] [RCON Listener #1/INFO]: Thread RCON Client /127.0.0.1 started
[11:06:14] [RCON Client /127.0.0.1 #234/INFO]: Thread RCON Client /127.0.0.1 shutting down
[11:06:14] [Server thread/INFO]: [AIBot] ACTION event=diag_snapshot bot=Bob {food=16, air=300, mode=survival, task=gather, task_progress=0.0, goal=none, task_phase=TREE_CLEANUP, in_lava=false, step=, light=15, submerged=false, task_state=FAILED, held=empty, fall=0.0, pos=527,68,121, on_ground=true, hp=20.0/20.0, mining_idle=true, nearby=animals=0 hostiles=0, inv=minecraft:iron_axex1 minecraft:dirtx16, path_idle=true}
[11:06:15] [Server thread/WARN]: [AIBot] PERCEPTION event=snapshot_slow bot=Bob {elapsed_ms=13}
[11:06:15] [Server thread/INFO]: [AIBot] ACTION event=capability_decision bot=Bob {context=observable_entity_query, capability=HIDDEN_BLOCK_SCAN, profile=strict_survival, allowed=false, reason=DENIED_STRICT_SURVIVAL}
[11:06:16] [Server thread/WARN]: [AIBot] PERCEPTION event=snapshot_slow bot=Bob {elapsed_ms=14}
[11:06:16] [Server thread/INFO]: [AIBot] ACTION event=capability_decision bot=Bob {context=diagnostic_nearby, capability=HIDDEN_BLOCK_SCAN, profile=strict_survival, allowed=false, reason=DENIED_STRICT_SURVIVAL}
[11:06:16] [Server thread/INFO]: [AIBot] ACTION event=diag_snapshot bot=Bob {food=16, air=300, mode=survival, task=gather, task_progress=0.0, goal=none, task_phase=TREE_CLEANUP, in_lava=false, step=, light=15, submerged=false, task_state=FAILED, held=empty, fall=0.0, pos=527,68,121, on_ground=true, hp=20.0/20.0, mining_idle=true, nearby=animals=0 hostiles=0, inv=minecraft:iron_axex1 minecraft:dirtx16, path_idle=true}
[11:06:17] [Server thread/WARN]: [AIBot] PERCEPTION event=snapshot_slow bot=Bob {elapsed_ms=11}
[11:06:18] [Server thread/INFO]: [AIBot] ACTION event=capability_decision bot=Bob {context=observable_block_query, capability=HIDDEN_BLOCK_SCAN, profile=strict_survival, allowed=false, reason=DENIED_STRICT_SURVIVAL}
[11:06:18] [Server thread/INFO]: [AIBot] ACTION event=capability_decision bot=Bob {context=perception_snapshot, capability=HIDDEN_BLOCK_SCAN, profile=strict_survival, allowed=false, reason=DENIED_STRICT_SURVIVAL}
[11:06:18] [Server thread/INFO]: [AIBot] ACTION event=diag_snapshot bot=Bob {food=16, air=300, mode=survival, task=gather, task_progress=0.0, goal=none, task_phase=TREE_CLEANUP, in_lava=false, step=, light=15, submerged=false, task_state=FAILED, held=empty, fall=0.0, pos=527,68,121, on_ground=true, hp=20.0/20.0, mining_idle=true, nearby=animals=0 hostiles=0, inv=minecraft:iron_axex1 minecraft:dirtx16, path_idle=true}
[11:06:19] [Server thread/WARN]: [AIBot] PERCEPTION event=snapshot_slow bot=Bob {elapsed_ms=12}
[11:06:19] [Server thread/WARN]: [AIBot] PERCEPTION event=snapshot_slow bot=Bob {elapsed_ms=17}
[11:06:20] [Server thread/WARN]: [AIBot] PERCEPTION event=snapshot_slow bot=Bob {elapsed_ms=12}
[11:06:20] [Server thread/INFO]: [AIBot] ACTION event=capability_decision bot=Bob {context=observable_entity_query, capability=HIDDEN_BLOCK_SCAN, profile=strict_survival, allowed=false, reason=DENIED_STRICT_SURVIVAL}
[11:06:20] [Server thread/INFO]: [AIBot] ACTION event=diag_snapshot bot=Bob {food=16, air=300, mode=survival, task=gather, task_progress=0.0, goal=none, task_phase=TREE_CLEANUP, in_lava=false, step=, light=15, submerged=false, task_state=FAILED, held=empty, fall=0.0, pos=527,68,121, on_ground=true, hp=20.0/20.0, mining_idle=true, nearby=animals=0 hostiles=0, inv=minecraft:iron_axex1 minecraft:dirtx16, path_idle=true}
[11:06:22] [Server thread/WARN]: [AIBot] PERCEPTION event=snapshot_slow bot=Bob {elapsed_ms=12}
[11:06:22] [Server thread/INFO]: [AIBot] ACTION event=capability_decision bot=Bob {context=diagnostic_nearby, capability=HIDDEN_BLOCK_SCAN, profile=strict_survival, allowed=false, reason=DENIED_STRICT_SURVIVAL}
[11:06:22] [Server thread/INFO]: [AIBot] ACTION event=diag_snapshot bot=Bob {food=16, air=300, mode=survival, task=gather, task_progress=0.0, goal=none, task_phase=TREE_CLEANUP, in_lava=false, step=, light=15, submerged=false, task_state=FAILED, held=empty, fall=0.0, pos=527,68,121, on_ground=true, hp=20.0/20.0, mining_idle=true, nearby=animals=0 hostiles=0, inv=minecraft:iron_axex1 minecraft:dirtx16, path_idle=true}
[11:06:23] [Server thread/WARN]: [AIBot] PERCEPTION event=snapshot_slow bot=Bob {elapsed_ms=11}
[11:06:23] [Server thread/INFO]: [AIBot] ACTION event=capability_decision bot=Bob {context=observable_block_query, capability=HIDDEN_BLOCK_SCAN, profile=strict_survival, allowed=false, reason=DENIED_STRICT_SURVIVAL}
[11:06:23] [Server thread/INFO]: [AIBot] ACTION event=capability_decision bot=Bob {context=perception_snapshot, capability=HIDDEN_BLOCK_SCAN, profile=strict_survival, allowed=false, reason=DENIED_STRICT_SURVIVAL}
[11:06:24] [Server thread/WARN]: [AIBot] PERCEPTION event=snapshot_slow bot=Bob {elapsed_ms=11}
[11:06:24] [Server thread/INFO]: [AIBot] ACTION event=diag_snapshot bot=Bob {food=16, air=300, mode=survival, task=gather, task_progress=0.0, goal=none, task_phase=TREE_CLEANUP, in_lava=false, step=, light=15, submerged=false, task_state=FAILED, held=empty, fall=0.0, pos=527,68,121, on_ground=true, hp=20.0/20.0, mining_idle=true, nearby=animals=0 hostiles=0, inv=minecraft:iron_axex1 minecraft:dirtx16, path_idle=true}
[11:06:25] [Server thread/WARN]: [AIBot] PERCEPTION event=snapshot_slow bot=Bob {elapsed_ms=11}
[11:06:25] [Server thread/INFO]: [AIBot] ACTION event=capability_decision bot=Bob {context=observable_entity_query, capability=HIDDEN_BLOCK_SCAN, profile=strict_survival, allowed=false, reason=DENIED_STRICT_SURVIVAL}
[11:06:26] [Server thread/INFO]: [AIBot] ACTION event=diag_snapshot bot=Bob {food=16, air=300, mode=survival, task=gather, task_progress=0.0, goal=none, task_phase=TREE_CLEANUP, in_lava=false, step=, light=15, submerged=false, task_state=FAILED, held=empty, fall=0.0, pos=527,68,121, on_ground=true, hp=20.0/20.0, mining_idle=true, nearby=animals=0 hostiles=0, inv=minecraft:iron_axex1 minecraft:dirtx16, path_idle=true}
[11:06:27] [Server thread/WARN]: [AIBot] PERCEPTION event=snapshot_slow bot=Bob {elapsed_ms=11}
[11:06:27] [Server thread/WARN]: [AIBot] PERCEPTION event=snapshot_slow bot=Bob {elapsed_ms=12}
[11:06:28] [Server thread/WARN]: [AIBot] PERCEPTION event=snapshot_slow bot=Bob {elapsed_ms=11}
[11:06:28] [Server thread/INFO]: [AIBot] ACTION event=capability_decision bot=Bob {context=observable_block_query, capability=HIDDEN_BLOCK_SCAN, profile=strict_survival, allowed=false, reason=DENIED_STRICT_SURVIVAL}
[11:06:28] [Server thread/INFO]: [AIBot] ACTION event=capability_decision bot=Bob {context=perception_snapshot, capability=HIDDEN_BLOCK_SCAN, profile=strict_survival, allowed=false, reason=DENIED_STRICT_SURVIVAL}
[11:06:28] [Server thread/WARN]: [AIBot] PERCEPTION event=snapshot_slow bot=Bob {elapsed_ms=11}
[11:06:28] [Server thread/INFO]: [AIBot] ACTION event=capability_decision bot=Bob {context=diagnostic_nearby, capability=HIDDEN_BLOCK_SCAN, profile=strict_survival, allowed=false, reason=DENIED_STRICT_SURVIVAL}
[11:06:28] [Server thread/INFO]: [AIBot] ACTION event=diag_snapshot bot=Bob {food=16, air=300, mode=survival, task=gather, task_progress=0.0, goal=none, task_phase=TREE_CLEANUP, in_lava=false, step=, light=15, submerged=false, task_state=FAILED, held=empty, fall=0.0, pos=527,68,121, on_ground=true, hp=20.0/20.0, mining_idle=true, nearby=animals=0 hostiles=0, inv=minecraft:iron_axex1 minecraft:dirtx16, path_idle=true}
[11:06:30] [Server thread/INFO]: [AIBot] ACTION event=capability_decision bot=Bob {context=observable_entity_query, capability=HIDDEN_BLOCK_SCAN, profile=strict_survival, allowed=false, reason=DENIED_STRICT_SURVIVAL}
[11:06:30] [Server thread/WARN]: [AIBot] PERCEPTION event=snapshot_slow bot=Bob {elapsed_ms=12}
[11:06:30] [Server thread/INFO]: [AIBot] ACTION event=diag_snapshot bot=Bob {food=16, air=300, mode=survival, task=gather, task_progress=0.0, goal=none, task_phase=TREE_CLEANUP, in_lava=false, step=, light=15, submerged=false, task_state=FAILED, held=empty, fall=0.0, pos=527,68,121, on_ground=true, hp=20.0/20.0, mining_idle=true, nearby=animals=0 hostiles=0, inv=minecraft:iron_axex1 minecraft:dirtx16, path_idle=true}
[11:06:31] [Server thread/WARN]: [AIBot] PERCEPTION event=snapshot_slow bot=Bob {elapsed_ms=11}
[11:06:32] [Server thread/INFO]: [AIBot] ACTION event=diag_snapshot bot=Bob {food=16, air=300, mode=survival, task=gather, task_progress=0.0, goal=none, task_phase=TREE_CLEANUP, in_lava=false, step=, light=15, submerged=false, task_state=FAILED, held=empty, fall=0.0, pos=527,68,121, on_ground=true, hp=20.0/20.0, mining_idle=true, nearby=animals=0 hostiles=0, inv=minecraft:iron_axex1 minecraft:dirtx16, path_idle=true}
[11:06:33] [Server thread/INFO]: [AIBot] ACTION event=capability_decision bot=Bob {context=observable_block_query, capability=HIDDEN_BLOCK_SCAN, profile=strict_survival, allowed=false, reason=DENIED_STRICT_SURVIVAL}
[11:06:33] [Server thread/INFO]: [AIBot] ACTION event=capability_decision bot=Bob {context=perception_snapshot, capability=HIDDEN_BLOCK_SCAN, profile=strict_survival, allowed=false, reason=DENIED_STRICT_SURVIVAL}
[11:06:34] [Server thread/INFO]: [AIBot] ACTION event=capability_decision bot=Bob {context=diagnostic_nearby, capability=HIDDEN_BLOCK_SCAN, profile=strict_survival, allowed=false, reason=DENIED_STRICT_SURVIVAL}
[11:06:34] [Server thread/INFO]: [AIBot] ACTION event=diag_snapshot bot=Bob {food=16, air=300, mode=survival, task=gather, task_progress=0.0, goal=none, task_phase=TREE_CLEANUP, in_lava=false, step=, light=15, submerged=false, task_state=FAILED, held=empty, fall=0.0, pos=527,68,121, on_ground=true, hp=20.0/20.0, mining_idle=true, nearby=animals=0 hostiles=0, inv=minecraft:iron_axex1 minecraft:dirtx16, path_idle=true}
[11:06:35] [Server thread/WARN]: [AIBot] PERCEPTION event=snapshot_slow bot=Bob {elapsed_ms=11}
[11:06:35] [Server thread/INFO]: [AIBot] ACTION event=capability_decision bot=Bob {context=observable_entity_query, capability=HIDDEN_BLOCK_SCAN, profile=strict_survival, allowed=false, reason=DENIED_STRICT_SURVIVAL}
[11:06:36] [Server thread/WARN]: [AIBot] PERCEPTION event=snapshot_slow bot=Bob {elapsed_ms=15}
[11:06:36] [Server thread/INFO]: [AIBot] ACTION event=diag_snapshot bot=Bob {food=16, air=300, mode=survival, task=gather, task_progress=0.0, goal=none, task_phase=TREE_CLEANUP, in_lava=false, step=, light=15, submerged=false, task_state=FAILED, held=empty, fall=0.0, pos=527,68,121, on_ground=true, hp=20.0/20.0, mining_idle=true, nearby=animals=0 hostiles=0, inv=minecraft:iron_axex1 minecraft:dirtx16, path_idle=true}
[11:06:38] [Server thread/INFO]: [AIBot] ACTION event=capability_decision bot=Bob {context=observable_block_query, capability=HIDDEN_BLOCK_SCAN, profile=strict_survival, allowed=false, reason=DENIED_STRICT_SURVIVAL}
[11:06:38] [Server thread/INFO]: [AIBot] ACTION event=capability_decision bot=Bob {context=perception_snapshot, capability=HIDDEN_BLOCK_SCAN, profile=strict_survival, allowed=false, reason=DENIED_STRICT_SURVIVAL}
[11:06:38] [Server thread/INFO]: [AIBot] ACTION event=diag_snapshot bot=Bob {food=16, air=300, mode=survival, task=gather, task_progress=0.0, goal=none, task_phase=TREE_CLEANUP, in_lava=false, step=, light=15, submerged=false, task_state=FAILED, held=empty, fall=0.0, pos=527,68,121, on_ground=true, hp=20.0/20.0, mining_idle=true, nearby=animals=0 hostiles=0, inv=minecraft:iron_axex1 minecraft:dirtx16, path_idle=true}
[11:06:39] [Server thread/WARN]: [AIBot] PERCEPTION event=snapshot_slow bot=Bob {elapsed_ms=12}
[11:06:40] [Server thread/INFO]: [AIBot] ACTION event=capability_decision bot=Bob {context=observable_entity_query, capability=HIDDEN_BLOCK_SCAN, profile=strict_survival, allowed=false, reason=DENIED_STRICT_SURVIVAL}
[11:06:40] [Server thread/INFO]: [AIBot] ACTION event=capability_decision bot=Bob {context=diagnostic_nearby, capability=HIDDEN_BLOCK_SCAN, profile=strict_survival, allowed=false, reason=DENIED_STRICT_SURVIVAL}
[11:06:40] [Server thread/INFO]: [AIBot] ACTION event=diag_snapshot bot=Bob {food=16, air=300, mode=survival, task=gather, task_progress=0.0, goal=none, task_phase=TREE_CLEANUP, in_lava=false, step=, light=15, submerged=false, task_state=FAILED, held=empty, fall=0.0, pos=527,68,121, on_ground=true, hp=20.0/20.0, mining_idle=true, nearby=animals=0 hostiles=0, inv=minecraft:iron_axex1 minecraft:dirtx16, path_idle=true}
[11:06:42] [Server thread/WARN]: [AIBot] PERCEPTION event=snapshot_slow bot=Bob {elapsed_ms=11}
[11:06:42] [Server thread/WARN]: [AIBot] PERCEPTION event=snapshot_slow bot=Bob {elapsed_ms=11}
[11:06:42] [Server thread/INFO]: [AIBot] ACTION event=diag_snapshot bot=Bob {food=16, air=300, mode=survival, task=gather, task_progress=0.0, goal=none, task_phase=TREE_CLEANUP, in_lava=false, step=, light=15, submerged=false, task_state=FAILED, held=empty, fall=0.0, pos=527,68,121, on_ground=true, hp=20.0/20.0, mining_idle=true, nearby=animals=0 hostiles=0, inv=minecraft:iron_axex1 minecraft:dirtx16, path_idle=true}
[11:06:43] [Server thread/INFO]: [AIBot] ACTION event=capability_decision bot=Bob {context=observable_block_query, capability=HIDDEN_BLOCK_SCAN, profile=strict_survival, allowed=false, reason=DENIED_STRICT_SURVIVAL}
[11:06:43] [Server thread/INFO]: [AIBot] ACTION event=capability_decision bot=Bob {context=perception_snapshot, capability=HIDDEN_BLOCK_SCAN, profile=strict_survival, allowed=false, reason=DENIED_STRICT_SURVIVAL}
[11:06:44] [Server thread/WARN]: [AIBot] PERCEPTION event=snapshot_slow bot=Bob {elapsed_ms=11}
[11:06:44] [Server thread/INFO]: [AIBot] ACTION event=diag_snapshot bot=Bob {food=16, air=300, mode=survival, task=gather, task_progress=0.0, goal=none, task_phase=TREE_CLEANUP, in_lava=false, step=, light=15, submerged=false, task_state=FAILED, held=empty, fall=0.0, pos=527,68,121, on_ground=true, hp=20.0/20.0, mining_idle=true, nearby=animals=0 hostiles=0, inv=minecraft:iron_axex1 minecraft:dirtx16, path_idle=true}
[11:06:45] [Server thread/WARN]: [AIBot] PERCEPTION event=snapshot_slow bot=Bob {elapsed_ms=19}
[11:06:45] [Server thread/INFO]: [AIBot] ACTION event=capability_decision bot=Bob {context=observable_entity_query, capability=HIDDEN_BLOCK_SCAN, profile=strict_survival, allowed=false, reason=DENIED_STRICT_SURVIVAL}
[11:06:46] [Server thread/INFO]: [AIBot] ACTION event=capability_decision bot=Bob {context=diagnostic_nearby, capability=HIDDEN_BLOCK_SCAN, profile=strict_survival, allowed=false, reason=DENIED_STRICT_SURVIVAL}
[11:06:46] [Server thread/INFO]: [AIBot] ACTION event=diag_snapshot bot=Bob {food=16, air=300, mode=survival, task=gather, task_progress=0.0, goal=none, task_phase=TREE_CLEANUP, in_lava=false, step=, light=15, submerged=false, task_state=FAILED, held=empty, fall=0.0, pos=527,68,121, on_ground=true, hp=20.0/20.0, mining_idle=true, nearby=animals=0 hostiles=0, inv=minecraft:iron_axex1 minecraft:dirtx16, path_idle=true}
[11:06:47] [Server thread/WARN]: [AIBot] PERCEPTION event=snapshot_slow bot=Bob {elapsed_ms=11}
[11:06:47] [Server thread/WARN]: [AIBot] PERCEPTION event=snapshot_slow bot=Bob {elapsed_ms=14}
[11:06:48] [Server thread/WARN]: [AIBot] PERCEPTION event=snapshot_slow bot=Bob {elapsed_ms=11}
[11:06:48] [Server thread/INFO]: [AIBot] ACTION event=capability_decision bot=Bob {context=observable_block_query, capability=HIDDEN_BLOCK_SCAN, profile=strict_survival, allowed=false, reason=DENIED_STRICT_SURVIVAL}
[11:06:48] [Server thread/INFO]: [AIBot] ACTION event=capability_decision bot=Bob {context=perception_snapshot, capability=HIDDEN_BLOCK_SCAN, profile=strict_survival, allowed=false, reason=DENIED_STRICT_SURVIVAL}
[11:06:48] [Server thread/INFO]: [AIBot] ACTION event=diag_snapshot bot=Bob {food=16, air=300, mode=survival, task=gather, task_progress=0.0, goal=none, task_phase=TREE_CLEANUP, in_lava=false, step=, light=15, submerged=false, task_state=FAILED, held=empty, fall=0.0, pos=527,68,121, on_ground=true, hp=20.0/20.0, mining_idle=true, nearby=animals=0 hostiles=0, inv=minecraft:iron_axex1 minecraft:dirtx16, path_idle=true}
[11:06:50] [Server thread/INFO]: [AIBot] ACTION event=capability_decision bot=Bob {context=observable_entity_query, capability=HIDDEN_BLOCK_SCAN, profile=strict_survival, allowed=false, reason=DENIED_STRICT_SURVIVAL}
[11:06:50] [Server thread/WARN]: [AIBot] PERCEPTION event=snapshot_slow bot=Bob {elapsed_ms=12}
[11:06:50] [Server thread/INFO]: [AIBot] ACTION event=diag_snapshot bot=Bob {food=16, air=300, mode=survival, task=gather, task_progress=0.0, goal=none, task_phase=TREE_CLEANUP, in_lava=false, step=, light=15, submerged=false, task_state=FAILED, held=empty, fall=0.0, pos=527,68,121, on_ground=true, hp=20.0/20.0, mining_idle=true, nearby=animals=0 hostiles=0, inv=minecraft:iron_axex1 minecraft:dirtx16, path_idle=true}
[11:06:52] [Server thread/WARN]: [AIBot] PERCEPTION event=snapshot_slow bot=Bob {elapsed_ms=13}
[11:06:52] [Server thread/INFO]: [AIBot] ACTION event=capability_decision bot=Bob {context=diagnostic_nearby, capability=HIDDEN_BLOCK_SCAN, profile=strict_survival, allowed=false, reason=DENIED_STRICT_SURVIVAL}
[11:06:52] [Server thread/INFO]: [AIBot] ACTION event=diag_snapshot bot=Bob {food=16, air=300, mode=survival, task=gather, task_progress=0.0, goal=none, task_phase=TREE_CLEANUP, in_lava=false, step=, light=15, submerged=false, task_state=FAILED, held=empty, fall=0.0, pos=527,68,121, on_ground=true, hp=20.0/20.0, mining_idle=true, nearby=animals=0 hostiles=0, inv=minecraft:iron_axex1 minecraft:dirtx16, path_idle=true}
[11:06:53] [Server thread/INFO]: [AIBot] ACTION event=capability_decision bot=Bob {context=observable_block_query, capability=HIDDEN_BLOCK_SCAN, profile=strict_survival, allowed=false, reason=DENIED_STRICT_SURVIVAL}
[11:06:53] [Server thread/INFO]: [AIBot] ACTION event=capability_decision bot=Bob {context=perception_snapshot, capability=HIDDEN_BLOCK_SCAN, profile=strict_survival, allowed=false, reason=DENIED_STRICT_SURVIVAL}
[11:06:54] [Server thread/WARN]: [AIBot] PERCEPTION event=snapshot_slow bot=Bob {elapsed_ms=12}
[11:06:54] [Server thread/INFO]: [AIBot] ACTION event=diag_snapshot bot=Bob {food=16, air=300, mode=survival, task=gather, task_progress=0.0, goal=none, task_phase=TREE_CLEANUP, in_lava=false, step=, light=15, submerged=false, task_state=FAILED, held=empty, fall=0.0, pos=527,68,121, on_ground=true, hp=20.0/20.0, mining_idle=true, nearby=animals=0 hostiles=0, inv=minecraft:iron_axex1 minecraft:dirtx16, path_idle=true}
[11:06:55] [Server thread/INFO]: [AIBot] ACTION event=capability_decision bot=Bob {context=observable_entity_query, capability=HIDDEN_BLOCK_SCAN, profile=strict_survival, allowed=false, reason=DENIED_STRICT_SURVIVAL}
[11:06:55] [Server thread/WARN]: [AIBot] PERCEPTION event=snapshot_slow bot=Bob {elapsed_ms=12}
[11:06:56] [Server thread/WARN]: [AIBot] PERCEPTION event=snapshot_slow bot=Bob {elapsed_ms=16}
[11:06:56] [Server thread/INFO]: [AIBot] ACTION event=diag_snapshot bot=Bob {food=16, air=300, mode=survival, task=gather, task_progress=0.0, goal=none, task_phase=TREE_CLEANUP, in_lava=false, step=, light=15, submerged=false, task_state=FAILED, held=empty, fall=0.0, pos=527,68,121, on_ground=true, hp=20.0/20.0, mining_idle=true, nearby=animals=0 hostiles=0, inv=minecraft:iron_axex1 minecraft:dirtx16, path_idle=true}
[11:06:58] [Server thread/WARN]: [AIBot] PERCEPTION event=snapshot_slow bot=Bob {elapsed_ms=11}
[11:06:58] [Server thread/INFO]: [AIBot] ACTION event=capability_decision bot=Bob {context=observable_block_query, capability=HIDDEN_BLOCK_SCAN, profile=strict_survival, allowed=false, reason=DENIED_STRICT_SURVIVAL}
[11:06:58] [Server thread/INFO]: [AIBot] ACTION event=capability_decision bot=Bob {context=perception_snapshot, capability=HIDDEN_BLOCK_SCAN, profile=strict_survival, allowed=false, reason=DENIED_STRICT_SURVIVAL}
[11:06:58] [Server thread/INFO]: [AIBot] ACTION event=capability_decision bot=Bob {context=diagnostic_nearby, capability=HIDDEN_BLOCK_SCAN, profile=strict_survival, allowed=false, reason=DENIED_STRICT_SURVIVAL}
[11:06:58] [Server thread/INFO]: [AIBot] ACTION event=diag_snapshot bot=Bob {food=16, air=300, mode=survival, task=gather, task_progress=0.0, goal=none, task_phase=TREE_CLEANUP, in_lava=false, step=, light=15, submerged=false, task_state=FAILED, held=empty, fall=0.0, pos=527,68,121, on_ground=true, hp=20.0/20.0, mining_idle=true, nearby=animals=0 hostiles=0, inv=minecraft:iron_axex1 minecraft:dirtx16, path_idle=true}
[11:06:59] [Server thread/WARN]: [AIBot] PERCEPTION event=snapshot_slow bot=Bob {elapsed_ms=11}
[11:07:00] [Server thread/INFO]: [AIBot] ACTION event=capability_decision bot=Bob {context=observable_entity_query, capability=HIDDEN_BLOCK_SCAN, profile=strict_survival, allowed=false, reason=DENIED_STRICT_SURVIVAL}
[11:07:00] [Server thread/WARN]: [AIBot] PERCEPTION event=snapshot_slow bot=Bob {elapsed_ms=15}
[11:07:00] [Server thread/INFO]: [AIBot] ACTION event=diag_snapshot bot=Bob {food=16, air=300, mode=survival, task=gather, task_progress=0.0, goal=none, task_phase=TREE_CLEANUP, in_lava=false, step=, light=15, submerged=false, task_state=FAILED, held=empty, fall=0.0, pos=527,68,121, on_ground=true, hp=20.0/20.0, mining_idle=true, nearby=animals=0 hostiles=0, inv=minecraft:iron_axex1 minecraft:dirtx16, path_idle=true}
[11:07:01] [Server thread/WARN]: [AIBot] PERCEPTION event=snapshot_slow bot=Bob {elapsed_ms=11}
[11:07:02] [Server thread/WARN]: [AIBot] PERCEPTION event=snapshot_slow bot=Bob {elapsed_ms=11}
[11:07:02] [Server thread/WARN]: [AIBot] PERCEPTION event=snapshot_slow bot=Bob {elapsed_ms=11}
[11:07:02] [Server thread/INFO]: [AIBot] ACTION event=diag_snapshot bot=Bob {food=16, air=300, mode=survival, task=gather, task_progress=0.0, goal=none, task_phase=TREE_CLEANUP, in_lava=false, step=, light=15, submerged=false, task_state=FAILED, held=empty, fall=0.0, pos=527,68,121, on_ground=true, hp=20.0/20.0, mining_idle=true, nearby=animals=0 hostiles=0, inv=minecraft:iron_axex1 minecraft:dirtx16, path_idle=true}
[11:07:03] [Server thread/WARN]: [AIBot] PERCEPTION event=snapshot_slow bot=Bob {elapsed_ms=12}
[11:07:03] [Server thread/INFO]: [AIBot] ACTION event=capability_decision bot=Bob {context=observable_block_query, capability=HIDDEN_BLOCK_SCAN, profile=strict_survival, allowed=false, reason=DENIED_STRICT_SURVIVAL}
[11:07:03] [Server thread/INFO]: [AIBot] ACTION event=capability_decision bot=Bob {context=perception_snapshot, capability=HIDDEN_BLOCK_SCAN, profile=strict_survival, allowed=false, reason=DENIED_STRICT_SURVIVAL}
[11:07:04] [Server thread/WARN]: [AIBot] PERCEPTION event=snapshot_slow bot=Bob {elapsed_ms=16}
[11:07:04] [Server thread/INFO]: [AIBot] ACTION event=capability_decision bot=Bob {context=diagnostic_nearby, capability=HIDDEN_BLOCK_SCAN, profile=strict_survival, allowed=false, reason=DENIED_STRICT_SURVIVAL}
[11:07:04] [Server thread/INFO]: [AIBot] ACTION event=diag_snapshot bot=Bob {food=16, air=300, mode=survival, task=gather, task_progress=0.0, goal=none, task_phase=TREE_CLEANUP, in_lava=false, step=, light=15, submerged=false, task_state=FAILED, held=empty, fall=0.0, pos=527,68,121, on_ground=true, hp=20.0/20.0, mining_idle=true, nearby=animals=0 hostiles=0, inv=minecraft:iron_axex1 minecraft:dirtx16, path_idle=true}
[11:07:05] [Server thread/WARN]: [AIBot] PERCEPTION event=snapshot_slow bot=Bob {elapsed_ms=11}
[11:07:05] [Server thread/INFO]: [AIBot] ACTION event=capability_decision bot=Bob {context=observable_entity_query, capability=HIDDEN_BLOCK_SCAN, profile=strict_survival, allowed=false, reason=DENIED_STRICT_SURVIVAL}
[11:07:05] [Server thread/WARN]: [AIBot] PERCEPTION event=snapshot_slow bot=Bob {elapsed_ms=16}
[11:07:06] [Server thread/WARN]: [AIBot] PERCEPTION event=snapshot_slow bot=Bob {elapsed_ms=13}
[11:07:06] [Server thread/INFO]: [AIBot] ACTION event=diag_snapshot bot=Bob {food=16, air=300, mode=survival, task=gather, task_progress=0.0, goal=none, task_phase=TREE_CLEANUP, in_lava=false, step=, light=15, submerged=false, task_state=FAILED, held=empty, fall=0.0, pos=527,68,121, on_ground=true, hp=20.0/20.0, mining_idle=true, nearby=animals=0 hostiles=0, inv=minecraft:iron_axex1 minecraft:dirtx16, path_idle=true}
[11:07:07] [Server thread/WARN]: [AIBot] PERCEPTION event=snapshot_slow bot=Bob {elapsed_ms=11}
[11:07:08] [Server thread/WARN]: [AIBot] PERCEPTION event=snapshot_slow bot=Bob {elapsed_ms=13}
[11:07:08] [Server thread/INFO]: [AIBot] LIFECYCLE event=mixin_alive bot=- {server_tick=4800}
[11:07:08] [Server thread/INFO]: [AIBot] ACTION event=capability_decision bot=Bob {context=observable_block_query, capability=HIDDEN_BLOCK_SCAN, profile=strict_survival, allowed=false, reason=DENIED_STRICT_SURVIVAL}
[11:07:08] [Server thread/INFO]: [AIBot] ACTION event=capability_decision bot=Bob {context=perception_snapshot, capability=HIDDEN_BLOCK_SCAN, profile=strict_survival, allowed=false, reason=DENIED_STRICT_SURVIVAL}
[11:07:08] [Server thread/INFO]: [AIBot] ACTION event=diag_snapshot bot=Bob {food=16, air=300, mode=survival, task=gather, task_progress=0.0, goal=none, task_phase=TREE_CLEANUP, in_lava=false, step=, light=15, submerged=false, task_state=FAILED, held=empty, fall=0.0, pos=527,68,121, on_ground=true, hp=20.0/20.0, mining_idle=true, nearby=animals=0 hostiles=0, inv=minecraft:iron_axex1 minecraft:dirtx16, path_idle=true}
[11:07:09] [Server thread/WARN]: [AIBot] PERCEPTION event=snapshot_slow bot=Bob {elapsed_ms=13}
[11:07:10] [Server thread/INFO]: [AIBot] ACTION event=capability_decision bot=Bob {context=observable_entity_query, capability=HIDDEN_BLOCK_SCAN, profile=strict_survival, allowed=false, reason=DENIED_STRICT_SURVIVAL}
[11:07:10] [Server thread/INFO]: [AIBot] ACTION event=capability_decision bot=Bob {context=diagnostic_nearby, capability=HIDDEN_BLOCK_SCAN, profile=strict_survival, allowed=false, reason=DENIED_STRICT_SURVIVAL}
[11:07:10] [Server thread/INFO]: [AIBot] ACTION event=diag_snapshot bot=Bob {food=16, air=300, mode=survival, task=gather, task_progress=0.0, goal=none, task_phase=TREE_CLEANUP, in_lava=false, step=, light=15, submerged=false, task_state=FAILED, held=empty, fall=0.0, pos=527,68,121, on_ground=true, hp=20.0/20.0, mining_idle=true, nearby=animals=0 hostiles=0, inv=minecraft:iron_axex1 minecraft:dirtx16, path_idle=true}
[11:07:12] [Server thread/WARN]: [AIBot] PERCEPTION event=snapshot_slow bot=Bob {elapsed_ms=11}
[11:07:12] [Server thread/INFO]: [AIBot] ACTION event=diag_snapshot bot=Bob {food=16, air=300, mode=survival, task=gather, task_progress=0.0, goal=none, task_phase=TREE_CLEANUP, in_lava=false, step=, light=15, submerged=false, task_state=FAILED, held=empty, fall=0.0, pos=527,68,121, on_ground=true, hp=20.0/20.0, mining_idle=true, nearby=animals=0 hostiles=0, inv=minecraft:iron_axex1 minecraft:dirtx16, path_idle=true}
[11:07:13] [Server thread/WARN]: [AIBot] PERCEPTION event=snapshot_slow bot=Bob {elapsed_ms=11}
[11:07:13] [Server thread/INFO]: [AIBot] ACTION event=capability_decision bot=Bob {context=observable_block_query, capability=HIDDEN_BLOCK_SCAN, profile=strict_survival, allowed=false, reason=DENIED_STRICT_SURVIVAL}
[11:07:13] [Server thread/INFO]: [AIBot] ACTION event=capability_decision bot=Bob {context=perception_snapshot, capability=HIDDEN_BLOCK_SCAN, profile=strict_survival, allowed=false, reason=DENIED_STRICT_SURVIVAL}
[11:07:14] [Server thread/WARN]: [AIBot] PERCEPTION event=snapshot_slow bot=Bob {elapsed_ms=11}
[11:07:14] [Server thread/WARN]: [AIBot] PERCEPTION event=snapshot_slow bot=Bob {elapsed_ms=14}
[11:07:14] [Server thread/INFO]: [AIBot] ACTION event=diag_snapshot bot=Bob {food=16, air=300, mode=survival, task=gather, task_progress=0.0, goal=none, task_phase=TREE_CLEANUP, in_lava=false, step=, light=15, submerged=false, task_state=FAILED, held=empty, fall=0.0, pos=527,68,121, on_ground=true, hp=20.0/20.0, mining_idle=true, nearby=animals=0 hostiles=0, inv=minecraft:iron_axex1 minecraft:dirtx16, path_idle=true}
[11:07:15] [Server thread/WARN]: [AIBot] PERCEPTION event=snapshot_slow bot=Bob {elapsed_ms=17}
[11:07:15] [Server thread/INFO]: [AIBot] ACTION event=capability_decision bot=Bob {context=observable_entity_query, capability=HIDDEN_BLOCK_SCAN, profile=strict_survival, allowed=false, reason=DENIED_STRICT_SURVIVAL}
[11:07:16] [Server thread/WARN]: [AIBot] PERCEPTION event=snapshot_slow bot=Bob {elapsed_ms=13}
[11:07:16] [Server thread/INFO]: [AIBot] ACTION event=capability_decision bot=Bob {context=diagnostic_nearby, capability=HIDDEN_BLOCK_SCAN, profile=strict_survival, allowed=false, reason=DENIED_STRICT_SURVIVAL}
[11:07:16] [Server thread/INFO]: [AIBot] ACTION event=diag_snapshot bot=Bob {food=16, air=300, mode=survival, task=gather, task_progress=0.0, goal=none, task_phase=TREE_CLEANUP, in_lava=false, step=, light=15, submerged=false, task_state=FAILED, held=empty, fall=0.0, pos=527,68,121, on_ground=true, hp=20.0/20.0, mining_idle=true, nearby=animals=0 hostiles=0, inv=minecraft:iron_axex1 minecraft:dirtx16, path_idle=true}
[11:07:17] [Server thread/WARN]: [AIBot] PERCEPTION event=snapshot_slow bot=Bob {elapsed_ms=13}
[11:07:17] [Server thread/WARN]: [AIBot] PERCEPTION event=snapshot_slow bot=Bob {elapsed_ms=12}
[11:07:18] [Server thread/INFO]: [AIBot] ACTION event=capability_decision bot=Bob {context=observable_block_query, capability=HIDDEN_BLOCK_SCAN, profile=strict_survival, allowed=false, reason=DENIED_STRICT_SURVIVAL}
[11:07:18] [Server thread/INFO]: [AIBot] ACTION event=capability_decision bot=Bob {context=perception_snapshot, capability=HIDDEN_BLOCK_SCAN, profile=strict_survival, allowed=false, reason=DENIED_STRICT_SURVIVAL}
[11:07:18] [Server thread/INFO]: [AIBot] ACTION event=diag_snapshot bot=Bob {food=16, air=300, mode=survival, task=gather, task_progress=0.0, goal=none, task_phase=TREE_CLEANUP, in_lava=false, step=, light=15, submerged=false, task_state=FAILED, held=empty, fall=0.0, pos=527,68,121, on_ground=true, hp=20.0/20.0, mining_idle=true, nearby=animals=0 hostiles=0, inv=minecraft:iron_axex1 minecraft:dirtx16, path_idle=true}
[11:07:20] [Server thread/INFO]: [AIBot] ACTION event=capability_decision bot=Bob {context=observable_entity_query, capability=HIDDEN_BLOCK_SCAN, profile=strict_survival, allowed=false, reason=DENIED_STRICT_SURVIVAL}
[11:07:20] [Server thread/INFO]: [AIBot] ACTION event=diag_snapshot bot=Bob {food=16, air=300, mode=survival, task=gather, task_progress=0.0, goal=none, task_phase=TREE_CLEANUP, in_lava=false, step=, light=15, submerged=false, task_state=FAILED, held=empty, fall=0.0, pos=527,68,121, on_ground=true, hp=20.0/20.0, mining_idle=true, nearby=animals=0 hostiles=0, inv=minecraft:iron_axex1 minecraft:dirtx16, path_idle=true}
[11:07:22] [Server thread/WARN]: [AIBot] PERCEPTION event=snapshot_slow bot=Bob {elapsed_ms=11}
[11:07:22] [Server thread/INFO]: [AIBot] ACTION event=capability_decision bot=Bob {context=diagnostic_nearby, capability=HIDDEN_BLOCK_SCAN, profile=strict_survival, allowed=false, reason=DENIED_STRICT_SURVIVAL}
[11:07:22] [Server thread/INFO]: [AIBot] ACTION event=diag_snapshot bot=Bob {food=16, air=300, mode=survival, task=gather, task_progress=0.0, goal=none, task_phase=TREE_CLEANUP, in_lava=false, step=, light=15, submerged=false, task_state=FAILED, held=empty, fall=0.0, pos=527,68,121, on_ground=true, hp=20.0/20.0, mining_idle=true, nearby=animals=0 hostiles=0, inv=minecraft:iron_axex1 minecraft:dirtx16, path_idle=true}
[11:07:23] [Server thread/INFO]: [AIBot] ACTION event=capability_decision bot=Bob {context=observable_block_query, capability=HIDDEN_BLOCK_SCAN, profile=strict_survival, allowed=false, reason=DENIED_STRICT_SURVIVAL}
[11:07:23] [Server thread/INFO]: [AIBot] ACTION event=capability_decision bot=Bob {context=perception_snapshot, capability=HIDDEN_BLOCK_SCAN, profile=strict_survival, allowed=false, reason=DENIED_STRICT_SURVIVAL}
[11:07:23] [Server thread/WARN]: [AIBot] PERCEPTION event=snapshot_slow bot=Bob {elapsed_ms=11}
[11:07:24] [Server thread/WARN]: [AIBot] PERCEPTION event=snapshot_slow bot=Bob {elapsed_ms=17}
[11:07:24] [Server thread/INFO]: [AIBot] ACTION event=diag_snapshot bot=Bob {food=16, air=300, mode=survival, task=gather, task_progress=0.0, goal=none, task_phase=TREE_CLEANUP, in_lava=false, step=, light=15, submerged=false, task_state=FAILED, held=empty, fall=0.0, pos=527,68,121, on_ground=true, hp=20.0/20.0, mining_idle=true, nearby=animals=0 hostiles=0, inv=minecraft:iron_axex1 minecraft:dirtx16, path_idle=true}
[11:07:25] [Server thread/INFO]: [AIBot] ACTION event=capability_decision bot=Bob {context=observable_entity_query, capability=HIDDEN_BLOCK_SCAN, profile=strict_survival, allowed=false, reason=DENIED_STRICT_SURVIVAL}
[11:07:26] [Server thread/WARN]: [AIBot] PERCEPTION event=snapshot_slow bot=Bob {elapsed_ms=12}
[11:07:26] [Server thread/WARN]: [AIBot] PERCEPTION event=snapshot_slow bot=Bob {elapsed_ms=11}
[11:07:26] [Server thread/INFO]: [AIBot] ACTION event=diag_snapshot bot=Bob {food=16, air=300, mode=survival, task=gather, task_progress=0.0, goal=none, task_phase=TREE_CLEANUP, in_lava=false, step=, light=15, submerged=false, task_state=FAILED, held=empty, fall=0.0, pos=527,68,121, on_ground=true, hp=20.0/20.0, mining_idle=true, nearby=animals=0 hostiles=0, inv=minecraft:iron_axex1 minecraft:dirtx16, path_idle=true}
[11:07:27] [Server thread/WARN]: [AIBot] PERCEPTION event=snapshot_slow bot=Bob {elapsed_ms=15}
[11:07:28] [Server thread/INFO]: [AIBot] ACTION event=capability_decision bot=Bob {context=observable_block_query, capability=HIDDEN_BLOCK_SCAN, profile=strict_survival, allowed=false, reason=DENIED_STRICT_SURVIVAL}
[11:07:28] [Server thread/INFO]: [AIBot] ACTION event=capability_decision bot=Bob {context=perception_snapshot, capability=HIDDEN_BLOCK_SCAN, profile=strict_survival, allowed=false, reason=DENIED_STRICT_SURVIVAL}
[11:07:28] [Server thread/WARN]: [AIBot] PERCEPTION event=snapshot_slow bot=Bob {elapsed_ms=12}
[11:07:28] [Server thread/INFO]: [AIBot] ACTION event=capability_decision bot=Bob {context=diagnostic_nearby, capability=HIDDEN_BLOCK_SCAN, profile=strict_survival, allowed=false, reason=DENIED_STRICT_SURVIVAL}
[11:07:28] [Server thread/INFO]: [AIBot] ACTION event=diag_snapshot bot=Bob {food=16, air=300, mode=survival, task=gather, task_progress=0.0, goal=none, task_phase=TREE_CLEANUP, in_lava=false, step=, light=15, submerged=false, task_state=FAILED, held=empty, fall=0.0, pos=527,68,121, on_ground=true, hp=20.0/20.0, mining_idle=true, nearby=animals=0 hostiles=0, inv=minecraft:iron_axex1 minecraft:dirtx16, path_idle=true}
[11:07:29] [Server thread/WARN]: [AIBot] PERCEPTION event=snapshot_slow bot=Bob {elapsed_ms=14}
[11:07:29] [Server thread/WARN]: [AIBot] PERCEPTION event=snapshot_slow bot=Bob {elapsed_ms=12}
[11:07:30] [Server thread/INFO]: [AIBot] ACTION event=capability_decision bot=Bob {context=observable_entity_query, capability=HIDDEN_BLOCK_SCAN, profile=strict_survival, allowed=false, reason=DENIED_STRICT_SURVIVAL}
[11:07:30] [Server thread/WARN]: [AIBot] PERCEPTION event=snapshot_slow bot=Bob {elapsed_ms=15}
[11:07:30] [Server thread/INFO]: [AIBot] ACTION event=diag_snapshot bot=Bob {food=16, air=300, mode=survival, task=gather, task_progress=0.0, goal=none, task_phase=TREE_CLEANUP, in_lava=false, step=, light=15, submerged=false, task_state=FAILED, held=empty, fall=0.0, pos=527,68,121, on_ground=true, hp=20.0/20.0, mining_idle=true, nearby=animals=0 hostiles=0, inv=minecraft:iron_axex1 minecraft:dirtx16, path_idle=true}
[11:07:31] [Server thread/WARN]: [AIBot] PERCEPTION event=snapshot_slow bot=Bob {elapsed_ms=11}
[11:07:32] [Server thread/INFO]: [AIBot] ACTION event=diag_snapshot bot=Bob {food=16, air=300, mode=survival, task=gather, task_progress=0.0, goal=none, task_phase=TREE_CLEANUP, in_lava=false, step=, light=15, submerged=false, task_state=FAILED, held=empty, fall=0.0, pos=527,68,121, on_ground=true, hp=20.0/20.0, mining_idle=true, nearby=animals=0 hostiles=0, inv=minecraft:iron_axex1 minecraft:dirtx16, path_idle=true}
[11:07:33] [Server thread/WARN]: [AIBot] PERCEPTION event=snapshot_slow bot=Bob {elapsed_ms=11}
[11:07:33] [Server thread/INFO]: [AIBot] ACTION event=capability_decision bot=Bob {context=observable_block_query, capability=HIDDEN_BLOCK_SCAN, profile=strict_survival, allowed=false, reason=DENIED_STRICT_SURVIVAL}
[11:07:33] [Server thread/INFO]: [AIBot] ACTION event=capability_decision bot=Bob {context=perception_snapshot, capability=HIDDEN_BLOCK_SCAN, profile=strict_survival, allowed=false, reason=DENIED_STRICT_SURVIVAL}
[11:07:34] [Server thread/INFO]: [AIBot] ACTION event=capability_decision bot=Bob {context=diagnostic_nearby, capability=HIDDEN_BLOCK_SCAN, profile=strict_survival, allowed=false, reason=DENIED_STRICT_SURVIVAL}
[11:07:34] [Server thread/INFO]: [AIBot] ACTION event=diag_snapshot bot=Bob {food=16, air=300, mode=survival, task=gather, task_progress=0.0, goal=none, task_phase=TREE_CLEANUP, in_lava=false, step=, light=15, submerged=false, task_state=FAILED, held=empty, fall=0.0, pos=527,68,121, on_ground=true, hp=20.0/20.0, mining_idle=true, nearby=animals=0 hostiles=0, inv=minecraft:iron_axex1 minecraft:dirtx16, path_idle=true}
[11:07:35] [Server thread/INFO]: [AIBot] ACTION event=capability_decision bot=Bob {context=observable_entity_query, capability=HIDDEN_BLOCK_SCAN, profile=strict_survival, allowed=false, reason=DENIED_STRICT_SURVIVAL}
[11:07:35] [Server thread/WARN]: [AIBot] PERCEPTION event=snapshot_slow bot=Bob {elapsed_ms=15}
[11:07:36] [Server thread/WARN]: [AIBot] PERCEPTION event=snapshot_slow bot=Bob {elapsed_ms=14}
[11:07:36] [Server thread/INFO]: [AIBot] ACTION event=diag_snapshot bot=Bob {food=16, air=300, mode=survival, task=gather, task_progress=0.0, goal=none, task_phase=TREE_CLEANUP, in_lava=false, step=, light=15, submerged=false, task_state=FAILED, held=empty, fall=0.0, pos=527,68,121, on_ground=true, hp=20.0/20.0, mining_idle=true, nearby=animals=0 hostiles=0, inv=minecraft:iron_axex1 minecraft:dirtx16, path_idle=true}
[11:07:37] [Server thread/WARN]: [AIBot] PERCEPTION event=snapshot_slow bot=Bob {elapsed_ms=13}
[11:07:37] [Server thread/WARN]: [AIBot] PERCEPTION event=snapshot_slow bot=Bob {elapsed_ms=12}
[11:07:38] [Server thread/INFO]: [AIBot] ACTION event=capability_decision bot=Bob {context=observable_block_query, capability=HIDDEN_BLOCK_SCAN, profile=strict_survival, allowed=false, reason=DENIED_STRICT_SURVIVAL}
[11:07:38] [Server thread/INFO]: [AIBot] ACTION event=capability_decision bot=Bob {context=perception_snapshot, capability=HIDDEN_BLOCK_SCAN, profile=strict_survival, allowed=false, reason=DENIED_STRICT_SURVIVAL}
[11:07:38] [Server thread/WARN]: [AIBot] PERCEPTION event=snapshot_slow bot=Bob {elapsed_ms=14}
[11:07:38] [Server thread/INFO]: [AIBot] ACTION event=diag_snapshot bot=Bob {food=16, air=300, mode=survival, task=gather, task_progress=0.0, goal=none, task_phase=TREE_CLEANUP, in_lava=false, step=, light=15, submerged=false, task_state=FAILED, held=empty, fall=0.0, pos=527,68,121, on_ground=true, hp=20.0/20.0, mining_idle=true, nearby=animals=0 hostiles=0, inv=minecraft:iron_axex1 minecraft:dirtx16, path_idle=true}
[11:07:39] [Server thread/WARN]: [AIBot] PERCEPTION event=snapshot_slow bot=Bob {elapsed_ms=11}
[11:07:40] [Server thread/WARN]: [AIBot] PERCEPTION event=snapshot_slow bot=Bob {elapsed_ms=14}
[11:07:40] [Server thread/INFO]: [AIBot] ACTION event=capability_decision bot=Bob {context=observable_entity_query, capability=HIDDEN_BLOCK_SCAN, profile=strict_survival, allowed=false, reason=DENIED_STRICT_SURVIVAL}
[11:07:40] [Server thread/INFO]: [AIBot] ACTION event=capability_decision bot=Bob {context=diagnostic_nearby, capability=HIDDEN_BLOCK_SCAN, profile=strict_survival, allowed=false, reason=DENIED_STRICT_SURVIVAL}
[11:07:40] [Server thread/INFO]: [AIBot] ACTION event=diag_snapshot bot=Bob {food=16, air=300, mode=survival, task=gather, task_progress=0.0, goal=none, task_phase=TREE_CLEANUP, in_lava=false, step=, light=15, submerged=false, task_state=FAILED, held=empty, fall=0.0, pos=527,68,121, on_ground=true, hp=20.0/20.0, mining_idle=true, nearby=animals=0 hostiles=0, inv=minecraft:iron_axex1 minecraft:dirtx16, path_idle=true}
[11:07:42] [Server thread/WARN]: [AIBot] PERCEPTION event=snapshot_slow bot=Bob {elapsed_ms=11}
[11:07:42] [Server thread/WARN]: [AIBot] PERCEPTION event=snapshot_slow bot=Bob {elapsed_ms=17}
[11:07:42] [Server thread/INFO]: [AIBot] ACTION event=diag_snapshot bot=Bob {food=16, air=300, mode=survival, task=gather, task_progress=0.0, goal=none, task_phase=TREE_CLEANUP, in_lava=false, step=, light=15, submerged=false, task_state=FAILED, held=empty, fall=0.0, pos=527,68,121, on_ground=true, hp=20.0/20.0, mining_idle=true, nearby=animals=0 hostiles=0, inv=minecraft:iron_axex1 minecraft:dirtx16, path_idle=true}
[11:07:43] [Server thread/INFO]: [AIBot] ACTION event=capability_decision bot=Bob {context=observable_block_query, capability=HIDDEN_BLOCK_SCAN, profile=strict_survival, allowed=false, reason=DENIED_STRICT_SURVIVAL}
[11:07:43] [Server thread/INFO]: [AIBot] ACTION event=capability_decision bot=Bob {context=perception_snapshot, capability=HIDDEN_BLOCK_SCAN, profile=strict_survival, allowed=false, reason=DENIED_STRICT_SURVIVAL}
[11:07:43] [Server thread/WARN]: [AIBot] PERCEPTION event=snapshot_slow bot=Bob {elapsed_ms=15}
[11:07:44] [Server thread/INFO]: [AIBot] ACTION event=diag_snapshot bot=Bob {food=16, air=300, mode=survival, task=gather, task_progress=0.0, goal=none, task_phase=TREE_CLEANUP, in_lava=false, step=, light=15, submerged=false, task_state=FAILED, held=empty, fall=0.0, pos=527,68,121, on_ground=true, hp=20.0/20.0, mining_idle=true, nearby=animals=0 hostiles=0, inv=minecraft:iron_axex1 minecraft:dirtx16, path_idle=true}
[11:07:45] [Server thread/INFO]: [AIBot] ACTION event=capability_decision bot=Bob {context=observable_entity_query, capability=HIDDEN_BLOCK_SCAN, profile=strict_survival, allowed=false, reason=DENIED_STRICT_SURVIVAL}
[11:07:45] [Server thread/WARN]: [AIBot] PERCEPTION event=snapshot_slow bot=Bob {elapsed_ms=11}
[11:07:46] [Server thread/INFO]: [AIBot] ACTION event=capability_decision bot=Bob {context=diagnostic_nearby, capability=HIDDEN_BLOCK_SCAN, profile=strict_survival, allowed=false, reason=DENIED_STRICT_SURVIVAL}
[11:07:46] [Server thread/INFO]: [AIBot] ACTION event=diag_snapshot bot=Bob {food=16, air=300, mode=survival, task=gather, task_progress=0.0, goal=none, task_phase=TREE_CLEANUP, in_lava=false, step=, light=15, submerged=false, task_state=FAILED, held=empty, fall=0.0, pos=527,68,121, on_ground=true, hp=20.0/20.0, mining_idle=true, nearby=animals=0 hostiles=0, inv=minecraft:iron_axex1 minecraft:dirtx16, path_idle=true}
[11:07:48] [Server thread/INFO]: [AIBot] ACTION event=capability_decision bot=Bob {context=observable_block_query, capability=HIDDEN_BLOCK_SCAN, profile=strict_survival, allowed=false, reason=DENIED_STRICT_SURVIVAL}
[11:07:48] [Server thread/INFO]: [AIBot] ACTION event=capability_decision bot=Bob {context=perception_snapshot, capability=HIDDEN_BLOCK_SCAN, profile=strict_survival, allowed=false, reason=DENIED_STRICT_SURVIVAL}
[11:07:48] [Server thread/INFO]: [AIBot] ACTION event=diag_snapshot bot=Bob {food=16, air=300, mode=survival, task=gather, task_progress=0.0, goal=none, task_phase=TREE_CLEANUP, in_lava=false, step=, light=15, submerged=false, task_state=FAILED, held=empty, fall=0.0, pos=527,68,121, on_ground=true, hp=20.0/20.0, mining_idle=true, nearby=animals=0 hostiles=0, inv=minecraft:iron_axex1 minecraft:dirtx16, path_idle=true}
[11:07:49] [Server thread/WARN]: [AIBot] PERCEPTION event=snapshot_slow bot=Bob {elapsed_ms=11}
[11:07:50] [Server thread/WARN]: [AIBot] PERCEPTION event=snapshot_slow bot=Bob {elapsed_ms=11}
[11:07:50] [Server thread/INFO]: [AIBot] ACTION event=capability_decision bot=Bob {context=observable_entity_query, capability=HIDDEN_BLOCK_SCAN, profile=strict_survival, allowed=false, reason=DENIED_STRICT_SURVIVAL}
[11:07:50] [Server thread/INFO]: [AIBot] ACTION event=diag_snapshot bot=Bob {food=16, air=300, mode=survival, task=gather, task_progress=0.0, goal=none, task_phase=TREE_CLEANUP, in_lava=false, step=, light=15, submerged=false, task_state=FAILED, held=empty, fall=0.0, pos=527,68,121, on_ground=true, hp=20.0/20.0, mining_idle=true, nearby=animals=0 hostiles=0, inv=minecraft:iron_axex1 minecraft:dirtx16, path_idle=true}
[11:07:52] [Server thread/WARN]: [AIBot] PERCEPTION event=snapshot_slow bot=Bob {elapsed_ms=13}
[11:07:52] [Server thread/INFO]: [AIBot] ACTION event=capability_decision bot=Bob {context=diagnostic_nearby, capability=HIDDEN_BLOCK_SCAN, profile=strict_survival, allowed=false, reason=DENIED_STRICT_SURVIVAL}
[11:07:52] [Server thread/INFO]: [AIBot] ACTION event=diag_snapshot bot=Bob {food=16, air=300, mode=survival, task=gather, task_progress=0.0, goal=none, task_phase=TREE_CLEANUP, in_lava=false, step=, light=15, submerged=false, task_state=FAILED, held=empty, fall=0.0, pos=527,68,121, on_ground=true, hp=20.0/20.0, mining_idle=true, nearby=animals=0 hostiles=0, inv=minecraft:iron_axex1 minecraft:dirtx16, path_idle=true}
[11:07:53] [Server thread/WARN]: [AIBot] PERCEPTION event=snapshot_slow bot=Bob {elapsed_ms=14}
[11:07:53] [Server thread/INFO]: [AIBot] ACTION event=capability_decision bot=Bob {context=observable_block_query, capability=HIDDEN_BLOCK_SCAN, profile=strict_survival, allowed=false, reason=DENIED_STRICT_SURVIVAL}
[11:07:53] [Server thread/INFO]: [AIBot] ACTION event=capability_decision bot=Bob {context=perception_snapshot, capability=HIDDEN_BLOCK_SCAN, profile=strict_survival, allowed=false, reason=DENIED_STRICT_SURVIVAL}
[11:07:54] [Server thread/WARN]: [AIBot] PERCEPTION event=snapshot_slow bot=Bob {elapsed_ms=12}
[11:07:54] [Server thread/INFO]: [AIBot] ACTION event=diag_snapshot bot=Bob {food=16, air=300, mode=survival, task=gather, task_progress=0.0, goal=none, task_phase=TREE_CLEANUP, in_lava=false, step=, light=15, submerged=false, task_state=FAILED, held=empty, fall=0.0, pos=527,68,121, on_ground=true, hp=20.0/20.0, mining_idle=true, nearby=animals=0 hostiles=0, inv=minecraft:iron_axex1 minecraft:dirtx16, path_idle=true}
[11:07:55] [Server thread/WARN]: [AIBot] PERCEPTION event=snapshot_slow bot=Bob {elapsed_ms=11}
[11:07:55] [Server thread/INFO]: [AIBot] ACTION event=capability_decision bot=Bob {context=observable_entity_query, capability=HIDDEN_BLOCK_SCAN, profile=strict_survival, allowed=false, reason=DENIED_STRICT_SURVIVAL}
[11:07:56] [Server thread/INFO]: [AIBot] ACTION event=diag_snapshot bot=Bob {food=16, air=300, mode=survival, task=gather, task_progress=0.0, goal=none, task_phase=TREE_CLEANUP, in_lava=false, step=, light=15, submerged=false, task_state=FAILED, held=empty, fall=0.0, pos=527,68,121, on_ground=true, hp=20.0/20.0, mining_idle=true, nearby=animals=0 hostiles=0, inv=minecraft:iron_axex1 minecraft:dirtx16, path_idle=true}
[11:07:58] [Server thread/INFO]: [AIBot] ACTION event=capability_decision bot=Bob {context=observable_block_query, capability=HIDDEN_BLOCK_SCAN, profile=strict_survival, allowed=false, reason=DENIED_STRICT_SURVIVAL}
[11:07:58] [Server thread/INFO]: [AIBot] ACTION event=capability_decision bot=Bob {context=perception_snapshot, capability=HIDDEN_BLOCK_SCAN, profile=strict_survival, allowed=false, reason=DENIED_STRICT_SURVIVAL}
[11:07:58] [Server thread/WARN]: [AIBot] PERCEPTION event=snapshot_slow bot=Bob {elapsed_ms=11}
[11:07:58] [Server thread/INFO]: [AIBot] ACTION event=capability_decision bot=Bob {context=diagnostic_nearby, capability=HIDDEN_BLOCK_SCAN, profile=strict_survival, allowed=false, reason=DENIED_STRICT_SURVIVAL}
[11:07:58] [Server thread/INFO]: [AIBot] ACTION event=diag_snapshot bot=Bob {food=16, air=300, mode=survival, task=gather, task_progress=0.0, goal=none, task_phase=TREE_CLEANUP, in_lava=false, step=, light=15, submerged=false, task_state=FAILED, held=empty, fall=0.0, pos=527,68,121, on_ground=true, hp=20.0/20.0, mining_idle=true, nearby=animals=0 hostiles=0, inv=minecraft:iron_axex1 minecraft:dirtx16, path_idle=true}
[11:08:00] [Server thread/INFO]: [AIBot] ACTION event=capability_decision bot=Bob {context=observable_entity_query, capability=HIDDEN_BLOCK_SCAN, profile=strict_survival, allowed=false, reason=DENIED_STRICT_SURVIVAL}
[11:08:00] [Server thread/WARN]: [AIBot] PERCEPTION event=snapshot_slow bot=Bob {elapsed_ms=11}
[11:08:00] [Server thread/INFO]: [AIBot] ACTION event=diag_snapshot bot=Bob {food=16, air=300, mode=survival, task=gather, task_progress=0.0, goal=none, task_phase=TREE_CLEANUP, in_lava=false, step=, light=15, submerged=false, task_state=FAILED, held=empty, fall=0.0, pos=527,68,121, on_ground=true, hp=20.0/20.0, mining_idle=true, nearby=animals=0 hostiles=0, inv=minecraft:iron_axex1 minecraft:dirtx16, path_idle=true}
[11:08:01] [Server thread/WARN]: [AIBot] PERCEPTION event=snapshot_slow bot=Bob {elapsed_ms=12}
[11:08:02] [Server thread/WARN]: [AIBot] PERCEPTION event=snapshot_slow bot=Bob {elapsed_ms=18}
[11:08:02] [Server thread/INFO]: [AIBot] ACTION event=diag_snapshot bot=Bob {food=16, air=300, mode=survival, task=gather, task_progress=0.0, goal=none, task_phase=TREE_CLEANUP, in_lava=false, step=, light=15, submerged=false, task_state=FAILED, held=empty, fall=0.0, pos=527,68,121, on_ground=true, hp=20.0/20.0, mining_idle=true, nearby=animals=0 hostiles=0, inv=minecraft:iron_axex1 minecraft:dirtx16, path_idle=true}
[11:08:03] [Server thread/INFO]: [AIBot] ACTION event=capability_decision bot=Bob {context=observable_block_query, capability=HIDDEN_BLOCK_SCAN, profile=strict_survival, allowed=false, reason=DENIED_STRICT_SURVIVAL}
[11:08:03] [Server thread/INFO]: [AIBot] ACTION event=capability_decision bot=Bob {context=perception_snapshot, capability=HIDDEN_BLOCK_SCAN, profile=strict_survival, allowed=false, reason=DENIED_STRICT_SURVIVAL}
[11:08:03] [Server thread/WARN]: [AIBot] PERCEPTION event=snapshot_slow bot=Bob {elapsed_ms=14}
[11:08:04] [Server thread/WARN]: [AIBot] PERCEPTION event=snapshot_slow bot=Bob {elapsed_ms=12}
[11:08:04] [Server thread/INFO]: [AIBot] ACTION event=capability_decision bot=Bob {context=diagnostic_nearby, capability=HIDDEN_BLOCK_SCAN, profile=strict_survival, allowed=false, reason=DENIED_STRICT_SURVIVAL}
[11:08:04] [Server thread/INFO]: [AIBot] ACTION event=diag_snapshot bot=Bob {food=16, air=300, mode=survival, task=gather, task_progress=0.0, goal=none, task_phase=TREE_CLEANUP, in_lava=false, step=, light=15, submerged=false, task_state=FAILED, held=empty, fall=0.0, pos=527,68,121, on_ground=true, hp=20.0/20.0, mining_idle=true, nearby=animals=0 hostiles=0, inv=minecraft:iron_axex1 minecraft:dirtx16, path_idle=true}
[11:08:05] [Server thread/INFO]: [AIBot] ACTION event=capability_decision bot=Bob {context=observable_entity_query, capability=HIDDEN_BLOCK_SCAN, profile=strict_survival, allowed=false, reason=DENIED_STRICT_SURVIVAL}
[11:08:06] [Server thread/INFO]: [AIBot] ACTION event=diag_snapshot bot=Bob {food=16, air=300, mode=survival, task=gather, task_progress=0.0, goal=none, task_phase=TREE_CLEANUP, in_lava=false, step=, light=15, submerged=false, task_state=FAILED, held=empty, fall=0.0, pos=527,68,121, on_ground=true, hp=20.0/20.0, mining_idle=true, nearby=animals=0 hostiles=0, inv=minecraft:iron_axex1 minecraft:dirtx16, path_idle=true}
[11:08:08] [Server thread/INFO]: [AIBot] LIFECYCLE event=mixin_alive bot=- {server_tick=6000}
[11:08:08] [Server thread/INFO]: [AIBot] ACTION event=capability_decision bot=Bob {context=observable_block_query, capability=HIDDEN_BLOCK_SCAN, profile=strict_survival, allowed=false, reason=DENIED_STRICT_SURVIVAL}
[11:08:08] [Server thread/INFO]: [AIBot] ACTION event=capability_decision bot=Bob {context=perception_snapshot, capability=HIDDEN_BLOCK_SCAN, profile=strict_survival, allowed=false, reason=DENIED_STRICT_SURVIVAL}
[11:08:08] [Server thread/WARN]: [AIBot] PERCEPTION event=snapshot_slow bot=Bob {elapsed_ms=13}
[11:08:08] [Server thread/INFO]: [AIBot] ACTION event=diag_snapshot bot=Bob {food=16, air=300, mode=survival, task=gather, task_progress=0.0, goal=none, task_phase=TREE_CLEANUP, in_lava=false, step=, light=15, submerged=false, task_state=FAILED, held=empty, fall=0.0, pos=527,68,121, on_ground=true, hp=20.0/20.0, mining_idle=true, nearby=animals=0 hostiles=0, inv=minecraft:iron_axex1 minecraft:dirtx16, path_idle=true}
[11:08:09] [Server thread/WARN]: [AIBot] PERCEPTION event=snapshot_slow bot=Bob {elapsed_ms=15}
[11:08:09] [AIBotPersistenceWriter/INFO]: [AIBot] LIFECYCLE event=runtime_persist_saved bot=- {path=.\world_play\.\aibot\runtime.json, bots=1, jobs=0, schema=1, atomic_move=true}
[11:08:10] [Server thread/INFO]: [AIBot] ACTION event=capability_decision bot=Bob {context=observable_entity_query, capability=HIDDEN_BLOCK_SCAN, profile=strict_survival, allowed=false, reason=DENIED_STRICT_SURVIVAL}
[11:08:10] [Server thread/INFO]: [AIBot] ACTION event=capability_decision bot=Bob {context=diagnostic_nearby, capability=HIDDEN_BLOCK_SCAN, profile=strict_survival, allowed=false, reason=DENIED_STRICT_SURVIVAL}
[11:08:10] [Server thread/INFO]: [AIBot] ACTION event=diag_snapshot bot=Bob {food=16, air=300, mode=survival, task=gather, task_progress=0.0, goal=none, task_phase=TREE_CLEANUP, in_lava=false, step=, light=15, submerged=false, task_state=FAILED, held=empty, fall=0.0, pos=527,68,121, on_ground=true, hp=20.0/20.0, mining_idle=true, nearby=animals=0 hostiles=0, inv=minecraft:iron_axex1 minecraft:dirtx16, path_idle=true}
[11:08:11] [Server thread/WARN]: [AIBot] PERCEPTION event=snapshot_slow bot=Bob {elapsed_ms=13}
[11:08:12] [Server thread/WARN]: [AIBot] PERCEPTION event=snapshot_slow bot=Bob {elapsed_ms=16}
[11:08:12] [Server thread/INFO]: [AIBot] ACTION event=diag_snapshot bot=Bob {food=16, air=300, mode=survival, task=gather, task_progress=0.0, goal=none, task_phase=TREE_CLEANUP, in_lava=false, step=, light=15, submerged=false, task_state=FAILED, held=empty, fall=0.0, pos=527,68,121, on_ground=true, hp=20.0/20.0, mining_idle=true, nearby=animals=0 hostiles=0, inv=minecraft:iron_axex1 minecraft:dirtx16, path_idle=true}
[11:08:13] [Server thread/WARN]: [AIBot] PERCEPTION event=snapshot_slow bot=Bob {elapsed_ms=13}
[11:08:13] [Server thread/INFO]: [AIBot] ACTION event=capability_decision bot=Bob {context=observable_block_query, capability=HIDDEN_BLOCK_SCAN, profile=strict_survival, allowed=false, reason=DENIED_STRICT_SURVIVAL}
[11:08:13] [Server thread/INFO]: [AIBot] ACTION event=capability_decision bot=Bob {context=perception_snapshot, capability=HIDDEN_BLOCK_SCAN, profile=strict_survival, allowed=false, reason=DENIED_STRICT_SURVIVAL}
[11:08:13] [Server thread/WARN]: [AIBot] PERCEPTION event=snapshot_slow bot=Bob {elapsed_ms=13}
[11:08:14] [Server thread/WARN]: [AIBot] PERCEPTION event=snapshot_slow bot=Bob {elapsed_ms=13}
[11:08:14] [Server thread/INFO]: [AIBot] ACTION event=diag_snapshot bot=Bob {food=16, air=300, mode=survival, task=gather, task_progress=0.0, goal=none, task_phase=TREE_CLEANUP, in_lava=false, step=, light=15, submerged=false, task_state=FAILED, held=empty, fall=0.0, pos=527,68,121, on_ground=true, hp=20.0/20.0, mining_idle=true, nearby=animals=0 hostiles=0, inv=minecraft:iron_axex1 minecraft:dirtx16, path_idle=true}
[11:08:15] [Server thread/WARN]: [AIBot] PERCEPTION event=snapshot_slow bot=Bob {elapsed_ms=14}
[11:08:15] [Server thread/INFO]: [AIBot] ACTION event=capability_decision bot=Bob {context=observable_entity_query, capability=HIDDEN_BLOCK_SCAN, profile=strict_survival, allowed=false, reason=DENIED_STRICT_SURVIVAL}
[11:08:15] [Server thread/WARN]: [AIBot] PERCEPTION event=snapshot_slow bot=Bob {elapsed_ms=13}
[11:08:16] [Server thread/INFO]: [AIBot] ACTION event=capability_decision bot=Bob {context=diagnostic_nearby, capability=HIDDEN_BLOCK_SCAN, profile=strict_survival, allowed=false, reason=DENIED_STRICT_SURVIVAL}
[11:08:16] [Server thread/INFO]: [AIBot] ACTION event=diag_snapshot bot=Bob {food=16, air=300, mode=survival, task=gather, task_progress=0.0, goal=none, task_phase=TREE_CLEANUP, in_lava=false, step=, light=15, submerged=false, task_state=FAILED, held=empty, fall=0.0, pos=527,68,121, on_ground=true, hp=20.0/20.0, mining_idle=true, nearby=animals=0 hostiles=0, inv=minecraft:iron_axex1 minecraft:dirtx16, path_idle=true}
[11:08:17] [Server thread/WARN]: [AIBot] PERCEPTION event=snapshot_slow bot=Bob {elapsed_ms=11}
[11:08:18] [Server thread/INFO]: [AIBot] ACTION event=capability_decision bot=Bob {context=observable_block_query, capability=HIDDEN_BLOCK_SCAN, profile=strict_survival, allowed=false, reason=DENIED_STRICT_SURVIVAL}
[11:08:18] [Server thread/INFO]: [AIBot] ACTION event=capability_decision bot=Bob {context=perception_snapshot, capability=HIDDEN_BLOCK_SCAN, profile=strict_survival, allowed=false, reason=DENIED_STRICT_SURVIVAL}
[11:08:18] [Server thread/WARN]: [AIBot] PERCEPTION event=snapshot_slow bot=Bob {elapsed_ms=12}
[11:08:18] [Server thread/INFO]: [AIBot] ACTION event=diag_snapshot bot=Bob {food=16, air=300, mode=survival, task=gather, task_progress=0.0, goal=none, task_phase=TREE_CLEANUP, in_lava=false, step=, light=15, submerged=false, task_state=FAILED, held=empty, fall=0.0, pos=527,68,121, on_ground=true, hp=20.0/20.0, mining_idle=true, nearby=animals=0 hostiles=0, inv=minecraft:iron_axex1 minecraft:dirtx16, path_idle=true}
[11:08:19] [Server thread/WARN]: [AIBot] PERCEPTION event=snapshot_slow bot=Bob {elapsed_ms=12}
[11:08:19] [Server thread/WARN]: [AIBot] PERCEPTION event=snapshot_slow bot=Bob {elapsed_ms=13}
[11:08:20] [Server thread/WARN]: [AIBot] PERCEPTION event=snapshot_slow bot=Bob {elapsed_ms=15}
[11:08:20] [Server thread/INFO]: [AIBot] ACTION event=capability_decision bot=Bob {context=observable_entity_query, capability=HIDDEN_BLOCK_SCAN, profile=strict_survival, allowed=false, reason=DENIED_STRICT_SURVIVAL}
[11:08:20] [Server thread/WARN]: [AIBot] PERCEPTION event=snapshot_slow bot=Bob {elapsed_ms=14}
[11:08:20] [Server thread/INFO]: [AIBot] ACTION event=diag_snapshot bot=Bob {food=16, air=300, mode=survival, task=gather, task_progress=0.0, goal=none, task_phase=TREE_CLEANUP, in_lava=false, step=, light=15, submerged=false, task_state=FAILED, held=empty, fall=0.0, pos=527,68,121, on_ground=true, hp=20.0/20.0, mining_idle=true, nearby=animals=0 hostiles=0, inv=minecraft:iron_axex1 minecraft:dirtx16, path_idle=true}
[11:08:21] [Server thread/WARN]: [AIBot] PERCEPTION event=snapshot_slow bot=Bob {elapsed_ms=13}
[11:08:22] [Server thread/WARN]: [AIBot] PERCEPTION event=snapshot_slow bot=Bob {elapsed_ms=12}
[11:08:22] [Server thread/INFO]: [AIBot] ACTION event=capability_decision bot=Bob {context=diagnostic_nearby, capability=HIDDEN_BLOCK_SCAN, profile=strict_survival, allowed=false, reason=DENIED_STRICT_SURVIVAL}
[11:08:22] [Server thread/INFO]: [AIBot] ACTION event=diag_snapshot bot=Bob {food=16, air=300, mode=survival, task=gather, task_progress=0.0, goal=none, task_phase=TREE_CLEANUP, in_lava=false, step=, light=15, submerged=false, task_state=FAILED, held=empty, fall=0.0, pos=527,68,121, on_ground=true, hp=20.0/20.0, mining_idle=true, nearby=animals=0 hostiles=0, inv=minecraft:iron_axex1 minecraft:dirtx16, path_idle=true}
[11:08:23] [Server thread/WARN]: [AIBot] PERCEPTION event=snapshot_slow bot=Bob {elapsed_ms=12}
[11:08:23] [Server thread/INFO]: [AIBot] ACTION event=capability_decision bot=Bob {context=observable_block_query, capability=HIDDEN_BLOCK_SCAN, profile=strict_survival, allowed=false, reason=DENIED_STRICT_SURVIVAL}
[11:08:23] [Server thread/INFO]: [AIBot] ACTION event=capability_decision bot=Bob {context=perception_snapshot, capability=HIDDEN_BLOCK_SCAN, profile=strict_survival, allowed=false, reason=DENIED_STRICT_SURVIVAL}
[11:08:24] [Server thread/WARN]: [AIBot] PERCEPTION event=snapshot_slow bot=Bob {elapsed_ms=11}
[11:08:24] [Server thread/WARN]: [AIBot] PERCEPTION event=snapshot_slow bot=Bob {elapsed_ms=11}
[11:08:24] [Server thread/INFO]: [AIBot] ACTION event=diag_snapshot bot=Bob {food=16, air=300, mode=survival, task=gather, task_progress=0.0, goal=none, task_phase=TREE_CLEANUP, in_lava=false, step=, light=15, submerged=false, task_state=FAILED, held=empty, fall=0.0, pos=527,68,121, on_ground=true, hp=20.0/20.0, mining_idle=true, nearby=animals=0 hostiles=0, inv=minecraft:iron_axex1 minecraft:dirtx16, path_idle=true}
[11:08:25] [Server thread/INFO]: [AIBot] ACTION event=capability_decision bot=Bob {context=observable_entity_query, capability=HIDDEN_BLOCK_SCAN, profile=strict_survival, allowed=false, reason=DENIED_STRICT_SURVIVAL}
[11:08:25] [Server thread/WARN]: [AIBot] PERCEPTION event=snapshot_slow bot=Bob {elapsed_ms=19}
[11:08:26] [Server thread/WARN]: [AIBot] PERCEPTION event=snapshot_slow bot=Bob {elapsed_ms=13}
[11:08:26] [Server thread/WARN]: [AIBot] PERCEPTION event=snapshot_slow bot=Bob {elapsed_ms=11}
[11:08:26] [Server thread/INFO]: [AIBot] ACTION event=diag_snapshot bot=Bob {food=16, air=300, mode=survival, task=gather, task_progress=0.0, goal=none, task_phase=TREE_CLEANUP, in_lava=false, step=, light=15, submerged=false, task_state=FAILED, held=empty, fall=0.0, pos=527,68,121, on_ground=true, hp=20.0/20.0, mining_idle=true, nearby=animals=0 hostiles=0, inv=minecraft:iron_axex1 minecraft:dirtx16, path_idle=true}
[11:08:27] [Server thread/WARN]: [AIBot] PERCEPTION event=snapshot_slow bot=Bob {elapsed_ms=11}
[11:08:27] [Server thread/WARN]: [AIBot] PERCEPTION event=snapshot_slow bot=Bob {elapsed_ms=16}
[11:08:28] [Server thread/WARN]: [AIBot] PERCEPTION event=snapshot_slow bot=Bob {elapsed_ms=13}
[11:08:28] [Server thread/INFO]: [AIBot] ACTION event=capability_decision bot=Bob {context=observable_block_query, capability=HIDDEN_BLOCK_SCAN, profile=strict_survival, allowed=false, reason=DENIED_STRICT_SURVIVAL}
[11:08:28] [Server thread/INFO]: [AIBot] ACTION event=capability_decision bot=Bob {context=perception_snapshot, capability=HIDDEN_BLOCK_SCAN, profile=strict_survival, allowed=false, reason=DENIED_STRICT_SURVIVAL}
[11:08:28] [Server thread/WARN]: [AIBot] PERCEPTION event=snapshot_slow bot=Bob {elapsed_ms=18}
[11:08:28] [Server thread/INFO]: [AIBot] ACTION event=capability_decision bot=Bob {context=diagnostic_nearby, capability=HIDDEN_BLOCK_SCAN, profile=strict_survival, allowed=false, reason=DENIED_STRICT_SURVIVAL}
[11:08:28] [Server thread/INFO]: [AIBot] ACTION event=diag_snapshot bot=Bob {food=16, air=300, mode=survival, task=gather, task_progress=0.0, goal=none, task_phase=TREE_CLEANUP, in_lava=false, step=, light=15, submerged=false, task_state=FAILED, held=empty, fall=0.0, pos=527,68,121, on_ground=true, hp=20.0/20.0, mining_idle=true, nearby=animals=0 hostiles=0, inv=minecraft:iron_axex1 minecraft:dirtx16, path_idle=true}
[11:08:29] [Server thread/WARN]: [AIBot] PERCEPTION event=snapshot_slow bot=Bob {elapsed_ms=15}
[11:08:29] [Server thread/WARN]: [AIBot] PERCEPTION event=snapshot_slow bot=Bob {elapsed_ms=11}
[11:08:30] [Server thread/INFO]: [AIBot] ACTION event=capability_decision bot=Bob {context=observable_entity_query, capability=HIDDEN_BLOCK_SCAN, profile=strict_survival, allowed=false, reason=DENIED_STRICT_SURVIVAL}
[11:08:30] [Server thread/INFO]: [AIBot] ACTION event=diag_snapshot bot=Bob {food=16, air=300, mode=survival, task=gather, task_progress=0.0, goal=none, task_phase=TREE_CLEANUP, in_lava=false, step=, light=15, submerged=false, task_state=FAILED, held=empty, fall=0.0, pos=527,68,121, on_ground=true, hp=20.0/20.0, mining_idle=true, nearby=animals=0 hostiles=0, inv=minecraft:iron_axex1 minecraft:dirtx16, path_idle=true}
[11:08:32] [Server thread/WARN]: [AIBot] PERCEPTION event=snapshot_slow bot=Bob {elapsed_ms=11}
[11:08:32] [Server thread/INFO]: [AIBot] ACTION event=diag_snapshot bot=Bob {food=16, air=300, mode=survival, task=gather, task_progress=0.0, goal=none, task_phase=TREE_CLEANUP, in_lava=false, step=, light=15, submerged=false, task_state=FAILED, held=empty, fall=0.0, pos=527,68,121, on_ground=true, hp=20.0/20.0, mining_idle=true, nearby=animals=0 hostiles=0, inv=minecraft:iron_axex1 minecraft:dirtx16, path_idle=true}
[11:08:33] [Server thread/INFO]: [AIBot] ACTION event=capability_decision bot=Bob {context=observable_block_query, capability=HIDDEN_BLOCK_SCAN, profile=strict_survival, allowed=false, reason=DENIED_STRICT_SURVIVAL}
[11:08:33] [Server thread/INFO]: [AIBot] ACTION event=capability_decision bot=Bob {context=perception_snapshot, capability=HIDDEN_BLOCK_SCAN, profile=strict_survival, allowed=false, reason=DENIED_STRICT_SURVIVAL}
[11:08:34] [Server thread/WARN]: [AIBot] PERCEPTION event=snapshot_slow bot=Bob {elapsed_ms=12}
[11:08:34] [Server thread/INFO]: [AIBot] ACTION event=capability_decision bot=Bob {context=diagnostic_nearby, capability=HIDDEN_BLOCK_SCAN, profile=strict_survival, allowed=false, reason=DENIED_STRICT_SURVIVAL}
[11:08:34] [Server thread/INFO]: [AIBot] ACTION event=diag_snapshot bot=Bob {food=16, air=300, mode=survival, task=gather, task_progress=0.0, goal=none, task_phase=TREE_CLEANUP, in_lava=false, step=, light=15, submerged=false, task_state=FAILED, held=empty, fall=0.0, pos=527,68,121, on_ground=true, hp=20.0/20.0, mining_idle=true, nearby=animals=0 hostiles=0, inv=minecraft:iron_axex1 minecraft:dirtx16, path_idle=true}
[11:08:35] [Server thread/WARN]: [AIBot] PERCEPTION event=snapshot_slow bot=Bob {elapsed_ms=13}
[11:08:35] [Server thread/INFO]: [AIBot] ACTION event=capability_decision bot=Bob {context=observable_entity_query, capability=HIDDEN_BLOCK_SCAN, profile=strict_survival, allowed=false, reason=DENIED_STRICT_SURVIVAL}
[11:08:36] [Server thread/WARN]: [AIBot] PERCEPTION event=snapshot_slow bot=Bob {elapsed_ms=11}
[11:08:36] [Server thread/INFO]: [AIBot] ACTION event=diag_snapshot bot=Bob {food=16, air=300, mode=survival, task=gather, task_progress=0.0, goal=none, task_phase=TREE_CLEANUP, in_lava=false, step=, light=15, submerged=false, task_state=FAILED, held=empty, fall=0.0, pos=527,68,121, on_ground=true, hp=20.0/20.0, mining_idle=true, nearby=animals=0 hostiles=0, inv=minecraft:iron_axex1 minecraft:dirtx16, path_idle=true}
[11:08:37] [Server thread/WARN]: [AIBot] PERCEPTION event=snapshot_slow bot=Bob {elapsed_ms=13}
[11:08:37] [Server thread/WARN]: [AIBot] PERCEPTION event=snapshot_slow bot=Bob {elapsed_ms=15}
[11:08:38] [Server thread/WARN]: [AIBot] PERCEPTION event=snapshot_slow bot=Bob {elapsed_ms=14}
[11:08:38] [Server thread/INFO]: [AIBot] ACTION event=capability_decision bot=Bob {context=observable_block_query, capability=HIDDEN_BLOCK_SCAN, profile=strict_survival, allowed=false, reason=DENIED_STRICT_SURVIVAL}
[11:08:38] [Server thread/INFO]: [AIBot] ACTION event=capability_decision bot=Bob {context=perception_snapshot, capability=HIDDEN_BLOCK_SCAN, profile=strict_survival, allowed=false, reason=DENIED_STRICT_SURVIVAL}
[11:08:38] [Server thread/WARN]: [AIBot] PERCEPTION event=snapshot_slow bot=Bob {elapsed_ms=11}
[11:08:38] [Server thread/INFO]: [AIBot] ACTION event=diag_snapshot bot=Bob {food=16, air=300, mode=survival, task=gather, task_progress=0.0, goal=none, task_phase=TREE_CLEANUP, in_lava=false, step=, light=15, submerged=false, task_state=FAILED, held=empty, fall=0.0, pos=527,68,121, on_ground=true, hp=20.0/20.0, mining_idle=true, nearby=animals=0 hostiles=0, inv=minecraft:iron_axex1 minecraft:dirtx16, path_idle=true}
[11:08:39] [Server thread/WARN]: [AIBot] PERCEPTION event=snapshot_slow bot=Bob {elapsed_ms=11}
[11:08:40] [Server thread/INFO]: [AIBot] ACTION event=capability_decision bot=Bob {context=observable_entity_query, capability=HIDDEN_BLOCK_SCAN, profile=strict_survival, allowed=false, reason=DENIED_STRICT_SURVIVAL}
[11:08:40] [Server thread/WARN]: [AIBot] PERCEPTION event=snapshot_slow bot=Bob {elapsed_ms=11}
[11:08:40] [Server thread/INFO]: [AIBot] ACTION event=capability_decision bot=Bob {context=diagnostic_nearby, capability=HIDDEN_BLOCK_SCAN, profile=strict_survival, allowed=false, reason=DENIED_STRICT_SURVIVAL}
[11:08:40] [Server thread/INFO]: [AIBot] ACTION event=diag_snapshot bot=Bob {food=16, air=300, mode=survival, task=gather, task_progress=0.0, goal=none, task_phase=TREE_CLEANUP, in_lava=false, step=, light=15, submerged=false, task_state=FAILED, held=empty, fall=0.0, pos=527,68,121, on_ground=true, hp=20.0/20.0, mining_idle=true, nearby=animals=0 hostiles=0, inv=minecraft:iron_axex1 minecraft:dirtx16, path_idle=true}
[11:08:42] [Server thread/INFO]: [AIBot] ACTION event=diag_snapshot bot=Bob {food=16, air=300, mode=survival, task=gather, task_progress=0.0, goal=none, task_phase=TREE_CLEANUP, in_lava=false, step=, light=15, submerged=false, task_state=FAILED, held=empty, fall=0.0, pos=527,68,121, on_ground=true, hp=20.0/20.0, mining_idle=true, nearby=animals=0 hostiles=0, inv=minecraft:iron_axex1 minecraft:dirtx16, path_idle=true}
[11:08:43] [Server thread/WARN]: [AIBot] PERCEPTION event=snapshot_slow bot=Bob {elapsed_ms=13}
[11:08:43] [Server thread/INFO]: [AIBot] ACTION event=capability_decision bot=Bob {context=observable_block_query, capability=HIDDEN_BLOCK_SCAN, profile=strict_survival, allowed=false, reason=DENIED_STRICT_SURVIVAL}
[11:08:43] [Server thread/INFO]: [AIBot] ACTION event=capability_decision bot=Bob {context=perception_snapshot, capability=HIDDEN_BLOCK_SCAN, profile=strict_survival, allowed=false, reason=DENIED_STRICT_SURVIVAL}
[11:08:44] [Server thread/INFO]: [AIBot] ACTION event=diag_snapshot bot=Bob {food=16, air=300, mode=survival, task=gather, task_progress=0.0, goal=none, task_phase=TREE_CLEANUP, in_lava=false, step=, light=15, submerged=false, task_state=FAILED, held=empty, fall=0.0, pos=527,68,121, on_ground=true, hp=20.0/20.0, mining_idle=true, nearby=animals=0 hostiles=0, inv=minecraft:iron_axex1 minecraft:dirtx16, path_idle=true}
[11:08:45] [Server thread/INFO]: [AIBot] ACTION event=capability_decision bot=Bob {context=observable_entity_query, capability=HIDDEN_BLOCK_SCAN, profile=strict_survival, allowed=false, reason=DENIED_STRICT_SURVIVAL}
[11:08:45] [Server thread/WARN]: [AIBot] PERCEPTION event=snapshot_slow bot=Bob {elapsed_ms=16}
[11:08:46] [Server thread/INFO]: [AIBot] ACTION event=capability_decision bot=Bob {context=diagnostic_nearby, capability=HIDDEN_BLOCK_SCAN, profile=strict_survival, allowed=false, reason=DENIED_STRICT_SURVIVAL}
[11:08:46] [Server thread/INFO]: [AIBot] ACTION event=diag_snapshot bot=Bob {food=16, air=300, mode=survival, task=gather, task_progress=0.0, goal=none, task_phase=TREE_CLEANUP, in_lava=false, step=, light=15, submerged=false, task_state=FAILED, held=empty, fall=0.0, pos=527,68,121, on_ground=true, hp=20.0/20.0, mining_idle=true, nearby=animals=0 hostiles=0, inv=minecraft:iron_axex1 minecraft:dirtx16, path_idle=true}
[11:08:47] [Server thread/WARN]: [AIBot] PERCEPTION event=snapshot_slow bot=Bob {elapsed_ms=14}
[11:08:48] [Server thread/INFO]: [AIBot] ACTION event=capability_decision bot=Bob {context=observable_block_query, capability=HIDDEN_BLOCK_SCAN, profile=strict_survival, allowed=false, reason=DENIED_STRICT_SURVIVAL}
[11:08:48] [Server thread/INFO]: [AIBot] ACTION event=capability_decision bot=Bob {context=perception_snapshot, capability=HIDDEN_BLOCK_SCAN, profile=strict_survival, allowed=false, reason=DENIED_STRICT_SURVIVAL}
[11:08:48] [Server thread/WARN]: [AIBot] PERCEPTION event=snapshot_slow bot=Bob {elapsed_ms=12}
[11:08:48] [Server thread/INFO]: [AIBot] ACTION event=diag_snapshot bot=Bob {food=16, air=300, mode=survival, task=gather, task_progress=0.0, goal=none, task_phase=TREE_CLEANUP, in_lava=false, step=, light=15, submerged=false, task_state=FAILED, held=empty, fall=0.0, pos=527,68,121, on_ground=true, hp=20.0/20.0, mining_idle=true, nearby=animals=0 hostiles=0, inv=minecraft:iron_axex1 minecraft:dirtx16, path_idle=true}
[11:08:49] [Server thread/WARN]: [AIBot] PERCEPTION event=snapshot_slow bot=Bob {elapsed_ms=16}
[11:08:49] [Server thread/WARN]: [AIBot] PERCEPTION event=snapshot_slow bot=Bob {elapsed_ms=11}
[11:08:50] [Server thread/INFO]: [AIBot] ACTION event=capability_decision bot=Bob {context=observable_entity_query, capability=HIDDEN_BLOCK_SCAN, profile=strict_survival, allowed=false, reason=DENIED_STRICT_SURVIVAL}
[11:08:50] [Server thread/WARN]: [AIBot] PERCEPTION event=snapshot_slow bot=Bob {elapsed_ms=12}
[11:08:50] [Server thread/INFO]: [AIBot] ACTION event=diag_snapshot bot=Bob {food=16, air=300, mode=survival, task=gather, task_progress=0.0, goal=none, task_phase=TREE_CLEANUP, in_lava=false, step=, light=15, submerged=false, task_state=FAILED, held=empty, fall=0.0, pos=527,68,121, on_ground=true, hp=20.0/20.0, mining_idle=true, nearby=animals=0 hostiles=0, inv=minecraft:iron_axex1 minecraft:dirtx16, path_idle=true}
[11:08:51] [Server thread/WARN]: [AIBot] PERCEPTION event=snapshot_slow bot=Bob {elapsed_ms=11}
[11:08:51] [Server thread/WARN]: [AIBot] PERCEPTION event=snapshot_slow bot=Bob {elapsed_ms=11}
[11:08:52] [Server thread/WARN]: [AIBot] PERCEPTION event=snapshot_slow bot=Bob {elapsed_ms=11}
[11:08:52] [Server thread/WARN]: [AIBot] PERCEPTION event=snapshot_slow bot=Bob {elapsed_ms=13}
[11:08:52] [Server thread/INFO]: [AIBot] ACTION event=capability_decision bot=Bob {context=diagnostic_nearby, capability=HIDDEN_BLOCK_SCAN, profile=strict_survival, allowed=false, reason=DENIED_STRICT_SURVIVAL}
[11:08:52] [Server thread/INFO]: [AIBot] ACTION event=diag_snapshot bot=Bob {food=16, air=300, mode=survival, task=gather, task_progress=0.0, goal=none, task_phase=TREE_CLEANUP, in_lava=false, step=, light=15, submerged=false, task_state=FAILED, held=empty, fall=0.0, pos=527,68,121, on_ground=true, hp=20.0/20.0, mining_idle=true, nearby=animals=0 hostiles=0, inv=minecraft:iron_axex1 minecraft:dirtx16, path_idle=true}
[11:08:53] [Server thread/INFO]: [AIBot] ACTION event=capability_decision bot=Bob {context=observable_block_query, capability=HIDDEN_BLOCK_SCAN, profile=strict_survival, allowed=false, reason=DENIED_STRICT_SURVIVAL}
[11:08:53] [Server thread/INFO]: [AIBot] ACTION event=capability_decision bot=Bob {context=perception_snapshot, capability=HIDDEN_BLOCK_SCAN, profile=strict_survival, allowed=false, reason=DENIED_STRICT_SURVIVAL}
[11:08:53] [Server thread/WARN]: [AIBot] PERCEPTION event=snapshot_slow bot=Bob {elapsed_ms=12}
[11:08:54] [Server thread/WARN]: [AIBot] PERCEPTION event=snapshot_slow bot=Bob {elapsed_ms=14}
[11:08:54] [Server thread/WARN]: [AIBot] PERCEPTION event=snapshot_slow bot=Bob {elapsed_ms=15}
[11:08:54] [Server thread/INFO]: [AIBot] ACTION event=diag_snapshot bot=Bob {food=16, air=300, mode=survival, task=gather, task_progress=0.0, goal=none, task_phase=TREE_CLEANUP, in_lava=false, step=, light=15, submerged=false, task_state=FAILED, held=empty, fall=0.0, pos=527,68,121, on_ground=true, hp=20.0/20.0, mining_idle=true, nearby=animals=0 hostiles=0, inv=minecraft:iron_axex1 minecraft:dirtx16, path_idle=true}
[11:08:55] [Server thread/WARN]: [AIBot] PERCEPTION event=snapshot_slow bot=Bob {elapsed_ms=12}
[11:08:55] [RCON Listener #1/INFO]: Thread RCON Client /127.0.0.1 started
[11:08:55] [Server thread/INFO]: [Rcon: Teleported Bob to 524.500000, 68.500000, 121.500000]
[11:08:55] [RCON Client /127.0.0.1 #235/INFO]: Thread RCON Client /127.0.0.1 shutting down
[11:08:55] [RCON Listener #1/INFO]: Thread RCON Client /127.0.0.1 started
[11:08:55] [Server thread/INFO]: [Rcon: Applied effect Instant Health to Bob]
[11:08:55] [RCON Client /127.0.0.1 #236/INFO]: Thread RCON Client /127.0.0.1 shutting down
[11:08:55] [Server thread/INFO]: [AIBot] ACTION event=capability_decision bot=Bob {context=observable_entity_query, capability=HIDDEN_BLOCK_SCAN, profile=strict_survival, allowed=false, reason=DENIED_STRICT_SURVIVAL}
[11:08:55] [Server thread/WARN]: [AIBot] PERCEPTION event=snapshot_slow bot=Bob {elapsed_ms=12}
[11:08:55] [RCON Listener #1/INFO]: Thread RCON Client /127.0.0.1 started
[11:08:55] [Server thread/INFO]: [Rcon: Removed 17 item(s) from player Bob]
[11:08:55] [RCON Client /127.0.0.1 #237/INFO]: Thread RCON Client /127.0.0.1 shutting down
[11:08:55] [RCON Listener #1/INFO]: Thread RCON Client /127.0.0.1 started
[11:08:55] [Server thread/INFO]: [Rcon: Killed 5 entities]
[11:08:55] [RCON Client /127.0.0.1 #238/INFO]: Thread RCON Client /127.0.0.1 shutting down
[11:08:55] [RCON Listener #1/INFO]: Thread RCON Client /127.0.0.1 started
[11:08:55] [RCON Client /127.0.0.1 #239/INFO]: Thread RCON Client /127.0.0.1 shutting down
[11:08:55] [RCON Listener #1/INFO]: Thread RCON Client /127.0.0.1 started
[11:08:55] [Server thread/INFO]: [Rcon: Gave 1 [Iron Axe] to Bob]
[11:08:55] [RCON Client /127.0.0.1 #240/INFO]: Thread RCON Client /127.0.0.1 shutting down
[11:08:55] [RCON Listener #1/INFO]: Thread RCON Client /127.0.0.1 started
[11:08:55] [Server thread/INFO]: [Rcon: Gave 16 [Dirt] to Bob]
[11:08:55] [RCON Client /127.0.0.1 #241/INFO]: Thread RCON Client /127.0.0.1 shutting down
[11:08:56] [RCON Listener #1/INFO]: Thread RCON Client /127.0.0.1 started
[11:08:56] [Server thread/WARN]: [AIBot] PERCEPTION event=snapshot_slow bot=Bob {elapsed_ms=18}
[11:08:56] [Server thread/INFO]: [Rcon: Gamerule doDaylightCycle is now set to: false]
[11:08:56] [RCON Client /127.0.0.1 #242/INFO]: Thread RCON Client /127.0.0.1 shutting down
[11:08:56] [RCON Listener #1/INFO]: Thread RCON Client /127.0.0.1 started
[11:08:56] [Server thread/INFO]: [Rcon: Set the time to 1000]
[11:08:56] [RCON Client /127.0.0.1 #243/INFO]: Thread RCON Client /127.0.0.1 shutting down
[11:08:56] [RCON Listener #1/INFO]: Thread RCON Client /127.0.0.1 started
[11:08:56] [Server thread/INFO]: [Rcon: Changed the block at 530, 67, 121]
[11:08:56] [RCON Client /127.0.0.1 #244/INFO]: Thread RCON Client /127.0.0.1 shutting down
[11:08:56] [RCON Listener #1/INFO]: Thread RCON Client /127.0.0.1 started
[11:08:56] [RCON Client /127.0.0.1 #245/INFO]: Thread RCON Client /127.0.0.1 shutting down
[11:08:56] [RCON Listener #1/INFO]: Thread RCON Client /127.0.0.1 started
[11:08:56] [RCON Client /127.0.0.1 #246/INFO]: Thread RCON Client /127.0.0.1 shutting down
[11:08:56] [RCON Listener #1/INFO]: Thread RCON Client /127.0.0.1 started
[11:08:56] [RCON Client /127.0.0.1 #247/INFO]: Thread RCON Client /127.0.0.1 shutting down
[11:08:56] [RCON Listener #1/INFO]: Thread RCON Client /127.0.0.1 started
[11:08:56] [RCON Client /127.0.0.1 #248/INFO]: Thread RCON Client /127.0.0.1 shutting down
[11:08:56] [Server thread/WARN]: [AIBot] PERCEPTION event=snapshot_slow bot=Bob {elapsed_ms=13}
[11:08:56] [Server thread/INFO]: [AIBot] ACTION event=diag_snapshot bot=Bob {food=16, air=300, mode=survival, task=gather, task_progress=0.0, goal=none, task_phase=TREE_CLEANUP, in_lava=false, step=, light=15, submerged=false, task_state=FAILED, held=empty, fall=0.0, pos=524,68,121, on_ground=true, hp=20.0/20.0, mining_idle=true, nearby=animals=0 hostiles=0, inv=minecraft:iron_axex1 minecraft:dirtx16, path_idle=true}
[11:08:56] [RCON Listener #1/INFO]: Thread RCON Client /127.0.0.1 started
[11:08:56] [RCON Client /127.0.0.1 #249/INFO]: Thread RCON Client /127.0.0.1 shutting down
[11:08:56] [RCON Listener #1/INFO]: Thread RCON Client /127.0.0.1 started
[11:08:56] [Server thread/INFO]: [Rcon: Changed the block at 530, 68, 121]
[11:08:56] [RCON Client /127.0.0.1 #250/INFO]: Thread RCON Client /127.0.0.1 shutting down
[11:08:56] [RCON Listener #1/INFO]: Thread RCON Client /127.0.0.1 started
[11:08:56] [RCON Client /127.0.0.1 #251/INFO]: Thread RCON Client /127.0.0.1 shutting down
[11:08:56] [RCON Listener #1/INFO]: Thread RCON Client /127.0.0.1 started
[11:08:56] [RCON Client /127.0.0.1 #252/INFO]: Thread RCON Client /127.0.0.1 shutting down
[11:08:56] [RCON Listener #1/INFO]: Thread RCON Client /127.0.0.1 started
[11:08:56] [RCON Client /127.0.0.1 #253/INFO]: Thread RCON Client /127.0.0.1 shutting down
[11:08:57] [RCON Listener #1/INFO]: Thread RCON Client /127.0.0.1 started
[11:08:57] [RCON Client /127.0.0.1 #254/INFO]: Thread RCON Client /127.0.0.1 shutting down
[11:08:57] [Server thread/WARN]: [AIBot] PERCEPTION event=snapshot_slow bot=Bob {elapsed_ms=15}
[11:08:57] [RCON Listener #1/INFO]: Thread RCON Client /127.0.0.1 started
[11:08:57] [RCON Client /127.0.0.1 #255/INFO]: Thread RCON Client /127.0.0.1 shutting down
[11:08:57] [RCON Listener #1/INFO]: Thread RCON Client /127.0.0.1 started
[11:08:57] [Server thread/INFO]: [Rcon: Changed the block at 530, 69, 121]
[11:08:57] [RCON Client /127.0.0.1 #256/INFO]: Thread RCON Client /127.0.0.1 shutting down
[11:08:57] [RCON Listener #1/INFO]: Thread RCON Client /127.0.0.1 started
[11:08:57] [RCON Client /127.0.0.1 #257/INFO]: Thread RCON Client /127.0.0.1 shutting down
[11:08:57] [RCON Listener #1/INFO]: Thread RCON Client /127.0.0.1 started
[11:08:57] [RCON Client /127.0.0.1 #258/INFO]: Thread RCON Client /127.0.0.1 shutting down
[11:08:57] [RCON Listener #1/INFO]: Thread RCON Client /127.0.0.1 started
[11:08:57] [RCON Client /127.0.0.1 #259/INFO]: Thread RCON Client /127.0.0.1 shutting down
[11:08:57] [RCON Listener #1/INFO]: Thread RCON Client /127.0.0.1 started
[11:08:57] [RCON Client /127.0.0.1 #260/INFO]: Thread RCON Client /127.0.0.1 shutting down
[11:08:57] [Server thread/WARN]: [AIBot] PERCEPTION event=snapshot_slow bot=Bob {elapsed_ms=11}
[11:08:57] [RCON Listener #1/INFO]: Thread RCON Client /127.0.0.1 started
[11:08:57] [RCON Client /127.0.0.1 #261/INFO]: Thread RCON Client /127.0.0.1 shutting down
[11:08:57] [RCON Listener #1/INFO]: Thread RCON Client /127.0.0.1 started
[11:08:57] [Server thread/INFO]: [Rcon: Changed the block at 530, 70, 121]
[11:08:57] [RCON Client /127.0.0.1 #262/INFO]: Thread RCON Client /127.0.0.1 shutting down
[11:08:57] [RCON Listener #1/INFO]: Thread RCON Client /127.0.0.1 started
[11:08:57] [RCON Client /127.0.0.1 #263/INFO]: Thread RCON Client /127.0.0.1 shutting down
[11:08:57] [RCON Listener #1/INFO]: Thread RCON Client /127.0.0.1 started
[11:08:57] [RCON Client /127.0.0.1 #264/INFO]: Thread RCON Client /127.0.0.1 shutting down
[11:08:57] [RCON Listener #1/INFO]: Thread RCON Client /127.0.0.1 started
[11:08:57] [RCON Client /127.0.0.1 #265/INFO]: Thread RCON Client /127.0.0.1 shutting down
[11:08:58] [RCON Listener #1/INFO]: Thread RCON Client /127.0.0.1 started
[11:08:58] [RCON Client /127.0.0.1 #266/INFO]: Thread RCON Client /127.0.0.1 shutting down
[11:08:58] [Server thread/WARN]: [AIBot] PERCEPTION event=snapshot_slow bot=Bob {elapsed_ms=11}
[11:08:58] [RCON Listener #1/INFO]: Thread RCON Client /127.0.0.1 started
[11:08:58] [RCON Client /127.0.0.1 #267/INFO]: Thread RCON Client /127.0.0.1 shutting down
[11:08:58] [RCON Listener #1/INFO]: Thread RCON Client /127.0.0.1 started
[11:08:58] [RCON Client /127.0.0.1 #268/INFO]: Thread RCON Client /127.0.0.1 shutting down
[11:08:58] [RCON Listener #1/INFO]: Thread RCON Client /127.0.0.1 started
[11:08:58] [RCON Client /127.0.0.1 #269/INFO]: Thread RCON Client /127.0.0.1 shutting down
[11:08:58] [RCON Listener #1/INFO]: Thread RCON Client /127.0.0.1 started
[11:08:58] [RCON Client /127.0.0.1 #270/INFO]: Thread RCON Client /127.0.0.1 shutting down
[11:08:58] [RCON Listener #1/INFO]: Thread RCON Client /127.0.0.1 started
[11:08:58] [RCON Client /127.0.0.1 #271/INFO]: Thread RCON Client /127.0.0.1 shutting down
[11:08:58] [RCON Listener #1/INFO]: Thread RCON Client /127.0.0.1 started
[11:08:58] [RCON Client /127.0.0.1 #272/INFO]: Thread RCON Client /127.0.0.1 shutting down
[11:08:58] [Server thread/INFO]: [AIBot] ACTION event=capability_decision bot=Bob {context=observable_block_query, capability=HIDDEN_BLOCK_SCAN, profile=strict_survival, allowed=false, reason=DENIED_STRICT_SURVIVAL}
[11:08:58] [Server thread/INFO]: [AIBot] ACTION event=capability_decision bot=Bob {context=perception_snapshot, capability=HIDDEN_BLOCK_SCAN, profile=strict_survival, allowed=false, reason=DENIED_STRICT_SURVIVAL}
[11:08:58] [Server thread/INFO]: [AIBot] ACTION event=capability_decision bot=Bob {context=diagnostic_nearby, capability=HIDDEN_BLOCK_SCAN, profile=strict_survival, allowed=false, reason=DENIED_STRICT_SURVIVAL}
[11:08:58] [Server thread/INFO]: [AIBot] ACTION event=diag_snapshot bot=Bob {food=16, air=300, mode=survival, task=gather, task_progress=0.0, goal=none, task_phase=TREE_CLEANUP, in_lava=false, step=, light=15, submerged=false, task_state=FAILED, held=empty, fall=0.0, pos=524,68,121, on_ground=true, hp=20.0/20.0, mining_idle=true, nearby=animals=0 hostiles=0, inv=minecraft:iron_axex1 minecraft:dirtx16, path_idle=true}
[11:08:58] [RCON Listener #1/INFO]: Thread RCON Client /127.0.0.1 started
[11:08:58] [RCON Client /127.0.0.1 #273/INFO]: Thread RCON Client /127.0.0.1 shutting down
[11:08:58] [RCON Listener #1/INFO]: Thread RCON Client /127.0.0.1 started
[11:08:58] [Server thread/INFO]: [Rcon: Changed the block at 530, 72, 121]
[11:08:58] [RCON Client /127.0.0.1 #274/INFO]: Thread RCON Client /127.0.0.1 shutting down
[11:08:58] [RCON Listener #1/INFO]: Thread RCON Client /127.0.0.1 started
[11:08:58] [RCON Client /127.0.0.1 #275/INFO]: Thread RCON Client /127.0.0.1 shutting down
[11:08:58] [RCON Listener #1/INFO]: Thread RCON Client /127.0.0.1 started
[11:08:58] [RCON Client /127.0.0.1 #276/INFO]: Thread RCON Client /127.0.0.1 shutting down
[11:08:58] [RCON Listener #1/INFO]: Thread RCON Client /127.0.0.1 started
[11:08:58] [RCON Client /127.0.0.1 #277/INFO]: Thread RCON Client /127.0.0.1 shutting down
[11:08:58] [RCON Listener #1/INFO]: Thread RCON Client /127.0.0.1 started
[11:08:58] [RCON Client /127.0.0.1 #278/INFO]: Thread RCON Client /127.0.0.1 shutting down
[11:08:59] [RCON Listener #1/INFO]: Thread RCON Client /127.0.0.1 started
[11:08:59] [Server thread/WARN]: [AIBot] PERCEPTION event=snapshot_slow bot=Bob {elapsed_ms=11}
[11:08:59] [RCON Client /127.0.0.1 #279/INFO]: Thread RCON Client /127.0.0.1 shutting down
[11:08:59] [RCON Listener #1/INFO]: Thread RCON Client /127.0.0.1 started
[11:08:59] [Server thread/INFO]: [Rcon: Changed the block at 530, 73, 121]
[11:08:59] [RCON Client /127.0.0.1 #280/INFO]: Thread RCON Client /127.0.0.1 shutting down
[11:08:59] [RCON Listener #1/INFO]: Thread RCON Client /127.0.0.1 started
[11:08:59] [RCON Client /127.0.0.1 #281/INFO]: Thread RCON Client /127.0.0.1 shutting down
[11:08:59] [RCON Listener #1/INFO]: Thread RCON Client /127.0.0.1 started
[11:08:59] [RCON Client /127.0.0.1 #282/INFO]: Thread RCON Client /127.0.0.1 shutting down
[11:08:59] [RCON Listener #1/INFO]: Thread RCON Client /127.0.0.1 started
[11:08:59] [RCON Client /127.0.0.1 #283/INFO]: Thread RCON Client /127.0.0.1 shutting down
[11:08:59] [RCON Listener #1/INFO]: Thread RCON Client /127.0.0.1 started
[11:08:59] [RCON Client /127.0.0.1 #284/INFO]: Thread RCON Client /127.0.0.1 shutting down
[11:08:59] [RCON Listener #1/INFO]: Thread RCON Client /127.0.0.1 started
[11:08:59] [Server thread/WARN]: [AIBot] PERCEPTION event=snapshot_slow bot=Bob {elapsed_ms=16}
[11:08:59] [RCON Client /127.0.0.1 #285/INFO]: Thread RCON Client /127.0.0.1 shutting down
[11:08:59] [RCON Listener #1/INFO]: Thread RCON Client /127.0.0.1 started
[11:08:59] [Server thread/INFO]: [Rcon: Changed the block at 530, 74, 121]
[11:08:59] [RCON Client /127.0.0.1 #286/INFO]: Thread RCON Client /127.0.0.1 shutting down
[11:08:59] [RCON Listener #1/INFO]: Thread RCON Client /127.0.0.1 started
[11:08:59] [Server thread/INFO]: [Rcon: Changed the block at 529, 74, 121]
[11:08:59] [RCON Client /127.0.0.1 #287/INFO]: Thread RCON Client /127.0.0.1 shutting down
[11:08:59] [RCON Listener #1/INFO]: Thread RCON Client /127.0.0.1 started
[11:08:59] [Server thread/INFO]: [Rcon: Changed the block at 531, 74, 121]
[11:08:59] [RCON Client /127.0.0.1 #288/INFO]: Thread RCON Client /127.0.0.1 shutting down
[11:08:59] [RCON Listener #1/INFO]: Thread RCON Client /127.0.0.1 started
[11:08:59] [Server thread/INFO]: [Rcon: Changed the block at 530, 74, 120]
[11:08:59] [RCON Client /127.0.0.1 #289/INFO]: Thread RCON Client /127.0.0.1 shutting down
[11:08:59] [RCON Listener #1/INFO]: Thread RCON Client /127.0.0.1 started
[11:08:59] [Server thread/INFO]: [Rcon: Changed the block at 530, 74, 122]
[11:08:59] [RCON Client /127.0.0.1 #290/INFO]: Thread RCON Client /127.0.0.1 shutting down
[11:09:00] [RCON Listener #1/INFO]: Thread RCON Client /127.0.0.1 started
[11:09:00] [RCON Client /127.0.0.1 #291/INFO]: Thread RCON Client /127.0.0.1 shutting down
[11:09:00] [RCON Listener #1/INFO]: Thread RCON Client /127.0.0.1 started
[11:09:00] [Server thread/INFO]: [Rcon: Changed the block at 530, 75, 121]
[11:09:00] [RCON Client /127.0.0.1 #292/INFO]: Thread RCON Client /127.0.0.1 shutting down
[11:09:00] [RCON Listener #1/INFO]: Thread RCON Client /127.0.0.1 started
[11:09:00] [Server thread/INFO]: [Rcon: Changed the block at 529, 75, 121]
[11:09:00] [RCON Client /127.0.0.1 #293/INFO]: Thread RCON Client /127.0.0.1 shutting down
[11:09:00] [RCON Listener #1/INFO]: Thread RCON Client /127.0.0.1 started
[11:09:00] [Server thread/INFO]: [Rcon: Changed the block at 531, 75, 121]
[11:09:00] [RCON Client /127.0.0.1 #294/INFO]: Thread RCON Client /127.0.0.1 shutting down
[11:09:00] [RCON Listener #1/INFO]: Thread RCON Client /127.0.0.1 started
[11:09:00] [Server thread/INFO]: [Rcon: Changed the block at 530, 75, 120]
[11:09:00] [RCON Client /127.0.0.1 #295/INFO]: Thread RCON Client /127.0.0.1 shutting down
[11:09:00] [RCON Listener #1/INFO]: Thread RCON Client /127.0.0.1 started
[11:09:00] [Server thread/INFO]: [Rcon: Changed the block at 530, 75, 122]
[11:09:00] [RCON Client /127.0.0.1 #296/INFO]: Thread RCON Client /127.0.0.1 shutting down
[11:09:00] [Server thread/WARN]: [AIBot] PERCEPTION event=snapshot_slow bot=Bob {elapsed_ms=12}
[11:09:00] [Server thread/INFO]: [AIBot] ACTION event=diag_snapshot bot=Bob {food=16, air=300, mode=survival, task=gather, task_progress=0.0, goal=none, task_phase=TREE_CLEANUP, in_lava=false, step=, light=15, submerged=false, task_state=FAILED, held=empty, fall=0.0, pos=524,68,121, on_ground=true, hp=20.0/20.0, mining_idle=true, nearby=animals=0 hostiles=0, inv=minecraft:iron_axex1 minecraft:dirtx16, path_idle=true}
[11:09:00] [RCON Listener #1/INFO]: Thread RCON Client /127.0.0.1 started
[11:09:00] [RCON Client /127.0.0.1 #297/INFO]: Thread RCON Client /127.0.0.1 shutting down
[11:09:00] [RCON Listener #1/INFO]: Thread RCON Client /127.0.0.1 started
[11:09:00] [RCON Client /127.0.0.1 #298/INFO]: Thread RCON Client /127.0.0.1 shutting down
[11:09:00] [RCON Listener #1/INFO]: Thread RCON Client /127.0.0.1 started
[11:09:00] [RCON Client /127.0.0.1 #299/INFO]: Thread RCON Client /127.0.0.1 shutting down
[11:09:00] [RCON Listener #1/INFO]: Thread RCON Client /127.0.0.1 started
[11:09:00] [RCON Client /127.0.0.1 #300/INFO]: Thread RCON Client /127.0.0.1 shutting down
[11:09:00] [RCON Listener #1/INFO]: Thread RCON Client /127.0.0.1 started
[11:09:00] [RCON Client /127.0.0.1 #301/INFO]: Thread RCON Client /127.0.0.1 shutting down
[11:09:00] [RCON Listener #1/INFO]: Thread RCON Client /127.0.0.1 started
[11:09:00] [RCON Client /127.0.0.1 #302/INFO]: Thread RCON Client /127.0.0.1 shutting down
[11:09:01] [Server thread/WARN]: [AIBot] PERCEPTION event=snapshot_slow bot=Bob {elapsed_ms=14}
[11:09:01] [RCON Listener #1/INFO]: Thread RCON Client /127.0.0.1 started
[11:09:01] [RCON Client /127.0.0.1 #303/INFO]: Thread RCON Client /127.0.0.1 shutting down
[11:09:01] [RCON Listener #1/INFO]: Thread RCON Client /127.0.0.1 started
[11:09:01] [RCON Client /127.0.0.1 #304/INFO]: Thread RCON Client /127.0.0.1 shutting down
[11:09:01] [RCON Listener #1/INFO]: Thread RCON Client /127.0.0.1 started
[11:09:01] [RCON Client /127.0.0.1 #305/INFO]: Thread RCON Client /127.0.0.1 shutting down
[11:09:01] [RCON Listener #1/INFO]: Thread RCON Client /127.0.0.1 started
[11:09:01] [RCON Client /127.0.0.1 #306/INFO]: Thread RCON Client /127.0.0.1 shutting down
[11:09:01] [RCON Listener #1/INFO]: Thread RCON Client /127.0.0.1 started
[11:09:01] [RCON Client /127.0.0.1 #307/INFO]: Thread RCON Client /127.0.0.1 shutting down
[11:09:01] [RCON Listener #1/INFO]: Thread RCON Client /127.0.0.1 started
[11:09:01] [Server thread/WARN]: [AIBot] PERCEPTION event=snapshot_slow bot=Bob {elapsed_ms=15}
[11:09:01] [RCON Client /127.0.0.1 #308/INFO]: Thread RCON Client /127.0.0.1 shutting down
[11:09:01] [RCON Listener #1/INFO]: Thread RCON Client /127.0.0.1 started
[11:09:01] [RCON Client /127.0.0.1 #309/INFO]: Thread RCON Client /127.0.0.1 shutting down
[11:09:01] [RCON Listener #1/INFO]: Thread RCON Client /127.0.0.1 started
[11:09:01] [Server thread/INFO]: [Rcon: Changed the block at 530, 67, 121]
[11:09:01] [RCON Client /127.0.0.1 #310/INFO]: Thread RCON Client /127.0.0.1 shutting down
[11:09:01] [RCON Listener #1/INFO]: Thread RCON Client /127.0.0.1 started
[11:09:01] [Server thread/INFO]: [Rcon: Changed the block at 530, 68, 121]
[11:09:01] [RCON Client /127.0.0.1 #311/INFO]: Thread RCON Client /127.0.0.1 shutting down
[11:09:01] [RCON Listener #1/INFO]: Thread RCON Client /127.0.0.1 started
[11:09:01] [Server thread/INFO]: [Rcon: Changed the block at 530, 69, 121]
[11:09:01] [RCON Client /127.0.0.1 #312/INFO]: Thread RCON Client /127.0.0.1 shutting down
[11:09:02] [RCON Listener #1/INFO]: Thread RCON Client /127.0.0.1 started
[11:09:02] [Server thread/INFO]: [Rcon: Changed the block at 530, 70, 121]
[11:09:02] [RCON Client /127.0.0.1 #313/INFO]: Thread RCON Client /127.0.0.1 shutting down
[11:09:02] [Server thread/WARN]: [AIBot] PERCEPTION event=snapshot_slow bot=Bob {elapsed_ms=13}
[11:09:02] [RCON Listener #1/INFO]: Thread RCON Client /127.0.0.1 started
[11:09:02] [Server thread/INFO]: [Rcon: Changed the block at 530, 71, 121]
[11:09:02] [RCON Client /127.0.0.1 #314/INFO]: Thread RCON Client /127.0.0.1 shutting down
[11:09:02] [RCON Listener #1/INFO]: Thread RCON Client /127.0.0.1 started
[11:09:02] [Server thread/INFO]: [Rcon: Changed the block at 530, 72, 121]
[11:09:02] [RCON Client /127.0.0.1 #315/INFO]: Thread RCON Client /127.0.0.1 shutting down
[11:09:02] [RCON Listener #1/INFO]: Thread RCON Client /127.0.0.1 started
[11:09:02] [Server thread/INFO]: [Rcon: Changed the block at 530, 73, 121]
[11:09:02] [RCON Client /127.0.0.1 #316/INFO]: Thread RCON Client /127.0.0.1 shutting down
[11:09:02] [RCON Listener #1/INFO]: Thread RCON Client /127.0.0.1 started
[11:09:02] [Server thread/INFO]: [Rcon: Changed the block at 530, 74, 121]
[11:09:02] [RCON Client /127.0.0.1 #317/INFO]: Thread RCON Client /127.0.0.1 shutting down
[11:09:02] [RCON Listener #1/INFO]: Thread RCON Client /127.0.0.1 started
[11:09:02] [Server thread/INFO]: [Rcon: Changed the block at 530, 75, 121]
[11:09:02] [RCON Client /127.0.0.1 #318/INFO]: Thread RCON Client /127.0.0.1 shutting down
[11:09:02] [RCON Listener #1/INFO]: Thread RCON Client /127.0.0.1 started
[11:09:02] [Server thread/INFO]: [Rcon: Changed the block at 530, 76, 120]
[11:09:02] [RCON Client /127.0.0.1 #319/INFO]: Thread RCON Client /127.0.0.1 shutting down
[11:09:02] [Server thread/INFO]: [AIBot] ACTION event=diag_snapshot bot=Bob {food=16, air=300, mode=survival, task=gather, task_progress=0.0, goal=none, task_phase=TREE_CLEANUP, in_lava=false, step=, light=15, submerged=false, task_state=FAILED, held=empty, fall=0.0, pos=524,68,121, on_ground=true, hp=20.0/20.0, mining_idle=true, nearby=animals=0 hostiles=0, inv=minecraft:iron_axex1 minecraft:dirtx16, path_idle=true}
[11:09:02] [RCON Listener #1/INFO]: Thread RCON Client /127.0.0.1 started
[11:09:02] [Server thread/INFO]: [Rcon: Changed the block at 530, 76, 122]
[11:09:02] [RCON Client /127.0.0.1 #320/INFO]: Thread RCON Client /127.0.0.1 shutting down
[11:09:02] [RCON Listener #1/INFO]: Thread RCON Client /127.0.0.1 started
[11:09:02] [Server thread/INFO]: [Rcon: Changed the block at 529, 76, 121]
[11:09:02] [RCON Client /127.0.0.1 #321/INFO]: Thread RCON Client /127.0.0.1 shutting down
[11:09:02] [RCON Listener #1/INFO]: Thread RCON Client /127.0.0.1 started
[11:09:02] [Server thread/INFO]: [Rcon: Changed the block at 531, 76, 121]
[11:09:02] [RCON Client /127.0.0.1 #322/INFO]: Thread RCON Client /127.0.0.1 shutting down
[11:09:02] [RCON Listener #1/INFO]: Thread RCON Client /127.0.0.1 started
[11:09:02] [Server thread/INFO]: [Rcon: Changed the block at 530, 76, 121]
[11:09:02] [RCON Client /127.0.0.1 #323/INFO]: Thread RCON Client /127.0.0.1 shutting down
[11:09:02] [RCON Listener #1/INFO]: Thread RCON Client /127.0.0.1 started
[11:09:02] [Server thread/INFO]: [Rcon: Changed the block at 528, 68, 121]
[11:09:02] [RCON Client /127.0.0.1 #324/INFO]: Thread RCON Client /127.0.0.1 shutting down
[11:09:03] [RCON Listener #1/INFO]: Thread RCON Client /127.0.0.1 started
[11:09:03] [Server thread/INFO]: [Rcon: Changed the block at 528, 69, 121]
[11:09:03] [RCON Client /127.0.0.1 #325/INFO]: Thread RCON Client /127.0.0.1 shutting down
[11:09:03] [Server thread/WARN]: [AIBot] PERCEPTION event=snapshot_slow bot=Bob {elapsed_ms=14}
[11:09:03] [RCON Listener #1/INFO]: Thread RCON Client /127.0.0.1 started
[11:09:03] [Server thread/INFO]: [Rcon: Changed the block at 528, 70, 121]
[11:09:03] [RCON Client /127.0.0.1 #326/INFO]: Thread RCON Client /127.0.0.1 shutting down
[11:09:03] [RCON Listener #1/INFO]: Thread RCON Client /127.0.0.1 started
[11:09:03] [Server thread/INFO]: [Rcon: Changed the block at 528, 71, 121]
[11:09:03] [RCON Client /127.0.0.1 #327/INFO]: Thread RCON Client /127.0.0.1 shutting down
[11:09:03] [RCON Listener #1/INFO]: Thread RCON Client /127.0.0.1 started
[11:09:03] [Server thread/INFO]: [Rcon: Teleported Bob to 528.500000, 72.000000, 121.500000]
[11:09:03] [RCON Client /127.0.0.1 #328/INFO]: Thread RCON Client /127.0.0.1 shutting down
[11:09:03] [Server thread/INFO]: [AIBot] TASK event=task_assigned bot=Bob {params=Gathering minecraft:oak_log 0/1 phase=SURVEY, origin=LLM_TOOL, name=gather, origin_reason=external_dsh:4390f434-5d41-445b-bfd3-93fc4562dd51}
[11:09:03] [Server thread/INFO]: [AIBot] ACTION event=capability_decision bot=Bob {context=harvest_nearest_blocks, capability=HIDDEN_BLOCK_SCAN, profile=strict_survival, allowed=false, reason=DENIED_STRICT_SURVIVAL}
[11:09:03] [Server thread/INFO]: [AIBot] ACTION event=capability_decision bot=Bob {context=observable_block_query, capability=HIDDEN_BLOCK_SCAN, profile=strict_survival, allowed=false, reason=DENIED_STRICT_SURVIVAL}
[11:09:03] [Server thread/INFO]: [AIBot] ACTION event=tree_workset_acquired bot=Bob {logs=8, tree=80980dea-4a25-46fa-ab97-eeefcc8b4b39:minecraft:overworld:145685291176008, execution=4390f434-5d41-445b-bfd3-93fc4562dd51}
[11:09:03] [Server thread/INFO]: [AIBot] ACTION event=equip_slot bot=Bob {hotbar_slot=0, source_slot=0}
[11:09:03] [Server thread/INFO]: [AIBot] ACTION event=equip_best_tool bot=Bob {slot=0, score=6.0, tool=minecraft:iron_axe}
[11:09:03] [Server thread/INFO]: [AIBot] PROFILE event=profile_slow_section bot=- {elapsed_ms=134.11, bot=Bob, section=task_tick}
[11:09:03] [Server thread/INFO]: [AIBot] ACTION event=capability_decision bot=Bob {context=perception_snapshot, capability=HIDDEN_BLOCK_SCAN, profile=strict_survival, allowed=false, reason=DENIED_STRICT_SURVIVAL}
[11:09:03] [Server thread/INFO]: [AIBot] ACTION event=mine_start bot=Bob {pos=530,72,121, face=west}
[11:09:03] [Server thread/INFO]: [AIBot] PROFILE event=tps_guard_state bot=- {degraded=true, estimated_tps=17.94, avg_tick_ms=55.75}
[11:09:03] [Server thread/INFO]: [AIBot] PROFILE event=tps_guard_state bot=- {degraded=false, estimated_tps=18.81, avg_tick_ms=53.15}
[11:09:04] [Server thread/INFO]: [AIBot] ACTION event=mine_complete bot=Bob {}
[11:09:04] [Server thread/INFO]: [AIBot] ACTION event=tree_log_resolved bot=Bob {tree=80980dea-4a25-46fa-ab97-eeefcc8b4b39:minecraft:overworld:145685291176008, execution=4390f434-5d41-445b-bfd3-93fc4562dd51, pos=530, 72, 121}
[11:09:04] [Server thread/INFO]: [AIBot] ACTION event=capability_decision bot=Bob {context=observable_entity_query, capability=HIDDEN_BLOCK_SCAN, profile=strict_survival, allowed=false, reason=DENIED_STRICT_SURVIVAL}
[11:09:04] [Server thread/WARN]: [AIBot] PERCEPTION event=snapshot_slow bot=Bob {elapsed_ms=12}
[11:09:04] [Server thread/INFO]: [AIBot] ACTION event=capability_decision bot=Bob {context=harvest_force_pickup, capability=FORCED_PICKUP, profile=strict_survival, allowed=false, reason=DENIED_STRICT_SURVIVAL}
[11:09:04] [Server thread/INFO]: [AIBot] ACTION event=capability_decision bot=Bob {context=observable_cell_query, capability=HIDDEN_BLOCK_SCAN, profile=strict_survival, allowed=false, reason=DENIED_STRICT_SURVIVAL}
[11:09:04] [Server thread/INFO]: [AIBot] ACTION event=capability_decision bot=Bob {context=diagnostic_nearby, capability=HIDDEN_BLOCK_SCAN, profile=strict_survival, allowed=false, reason=DENIED_STRICT_SURVIVAL}
[11:09:04] [Server thread/INFO]: [AIBot] ACTION event=diag_snapshot bot=Bob {food=16, air=300, mode=survival, task=gather, task_progress=0.0, goal=none, task_phase=PICKUP, in_lava=false, step=, light=15, submerged=false, task_state=RUNNING, held=minecraft:iron_axex1, fall=0.0, pos=528,72,121, on_ground=true, hp=20.0/20.0, mining_idle=true, nearby=animals=0 hostiles=0, inv=minecraft:iron_axex1 minecraft:dirtx16, path_idle=true}
[11:09:05] [Server thread/WARN]: [AIBot] PERCEPTION event=snapshot_slow bot=Bob {elapsed_ms=11}
[11:09:06] [Server thread/INFO]: [AIBot] ACTION event=diag_snapshot bot=Bob {food=16, air=300, mode=survival, task=gather, task_progress=0.0, goal=none, task_phase=PICKUP, in_lava=false, step=, light=15, submerged=false, task_state=RUNNING, held=minecraft:iron_axex1, fall=0.0, pos=528,72,121, on_ground=true, hp=20.0/20.0, mining_idle=true, nearby=animals=0 hostiles=0, inv=minecraft:iron_axex1 minecraft:dirtx16, path_idle=true}
[11:09:08] [Server thread/WARN]: [AIBot] PERCEPTION event=snapshot_slow bot=Bob {elapsed_ms=13}
[11:09:08] [Server thread/INFO]: [AIBot] LIFECYCLE event=mixin_alive bot=- {server_tick=7200}
[11:09:08] [Server thread/INFO]: [AIBot] ACTION event=capability_decision bot=Bob {context=observable_block_query, capability=HIDDEN_BLOCK_SCAN, profile=strict_survival, allowed=false, reason=DENIED_STRICT_SURVIVAL}
[11:09:08] [Server thread/INFO]: [AIBot] ACTION event=capability_decision bot=Bob {context=perception_snapshot, capability=HIDDEN_BLOCK_SCAN, profile=strict_survival, allowed=false, reason=DENIED_STRICT_SURVIVAL}
[11:09:08] [Server thread/INFO]: [AIBot] ACTION event=diag_snapshot bot=Bob {food=16, air=300, mode=survival, task=gather, task_progress=0.0, goal=none, task_phase=PICKUP, in_lava=false, step=, light=15, submerged=false, task_state=RUNNING, held=minecraft:iron_axex1, fall=0.0, pos=528,72,121, on_ground=true, hp=20.0/20.0, mining_idle=true, nearby=animals=0 hostiles=0, inv=minecraft:iron_axex1 minecraft:dirtx16, path_idle=true}
[11:09:09] [Server thread/INFO]: [AIBot] ACTION event=capability_decision bot=Bob {context=observable_entity_query, capability=HIDDEN_BLOCK_SCAN, profile=strict_survival, allowed=false, reason=DENIED_STRICT_SURVIVAL}
[11:09:09] [Server thread/INFO]: [AIBot] ACTION event=capability_decision bot=Bob {context=harvest_force_pickup, capability=FORCED_PICKUP, profile=strict_survival, allowed=false, reason=DENIED_STRICT_SURVIVAL}
[11:09:09] [Server thread/INFO]: [AIBot] ACTION event=capability_decision bot=Bob {context=observable_cell_query, capability=HIDDEN_BLOCK_SCAN, profile=strict_survival, allowed=false, reason=DENIED_STRICT_SURVIVAL}
[11:09:10] [Server thread/INFO]: [AIBot] ACTION event=capability_decision bot=Bob {context=diagnostic_nearby, capability=HIDDEN_BLOCK_SCAN, profile=strict_survival, allowed=false, reason=DENIED_STRICT_SURVIVAL}
[11:09:10] [Server thread/INFO]: [AIBot] ACTION event=diag_snapshot bot=Bob {food=16, air=300, mode=survival, task=gather, task_progress=0.0, goal=none, task_phase=PICKUP, in_lava=false, step=, light=15, submerged=false, task_state=RUNNING, held=minecraft:iron_axex1, fall=0.0, pos=528,72,121, on_ground=true, hp=20.0/20.0, mining_idle=true, nearby=animals=0 hostiles=0, inv=minecraft:iron_axex1 minecraft:dirtx16, path_idle=true}
[11:09:11] [Server thread/WARN]: [AIBot] PERCEPTION event=snapshot_slow bot=Bob {elapsed_ms=14}
[11:09:12] [Server thread/INFO]: [AIBot] ACTION event=diag_snapshot bot=Bob {food=16, air=300, mode=survival, task=gather, task_progress=0.0, goal=none, task_phase=PICKUP, in_lava=false, step=, light=15, submerged=false, task_state=RUNNING, held=minecraft:iron_axex1, fall=0.0, pos=528,72,121, on_ground=true, hp=20.0/20.0, mining_idle=true, nearby=animals=0 hostiles=0, inv=minecraft:iron_axex1 minecraft:dirtx16, path_idle=true}
[11:09:13] [Server thread/INFO]: [AIBot] ACTION event=capability_decision bot=Bob {context=observable_block_query, capability=HIDDEN_BLOCK_SCAN, profile=strict_survival, allowed=false, reason=DENIED_STRICT_SURVIVAL}
[11:09:13] [Server thread/INFO]: [AIBot] ACTION event=capability_decision bot=Bob {context=perception_snapshot, capability=HIDDEN_BLOCK_SCAN, profile=strict_survival, allowed=false, reason=DENIED_STRICT_SURVIVAL}
[11:09:13] [Server thread/WARN]: [AIBot] TASK event=task_failed bot=Bob {elapsed_ticks=205, reason=committed_log_access_blocked:tree_access_no_safe_base, name=gather}
[11:09:14] [Server thread/INFO]: [AIBot] ACTION event=capability_decision bot=Bob {context=observable_entity_query, capability=HIDDEN_BLOCK_SCAN, profile=strict_survival, allowed=false, reason=DENIED_STRICT_SURVIVAL}
[11:09:14] [Server thread/INFO]: [AIBot] ACTION event=diag_snapshot bot=Bob {food=16, air=300, mode=survival, task=gather, task_progress=0.0, goal=none, task_phase=TREE_CLEANUP, in_lava=false, step=, light=15, submerged=false, task_state=FAILED, held=minecraft:iron_axex1, fall=0.0, pos=528,72,121, on_ground=true, hp=20.0/20.0, mining_idle=true, nearby=animals=0 hostiles=0, inv=minecraft:iron_axex1 minecraft:dirtx16, path_idle=true}
[11:09:15] [Server thread/WARN]: [AIBot] PERCEPTION event=snapshot_slow bot=Bob {elapsed_ms=13}
[11:09:16] [Server thread/INFO]: [AIBot] ACTION event=capability_decision bot=Bob {context=diagnostic_nearby, capability=HIDDEN_BLOCK_SCAN, profile=strict_survival, allowed=false, reason=DENIED_STRICT_SURVIVAL}
[11:09:16] [Server thread/INFO]: [AIBot] ACTION event=diag_snapshot bot=Bob {food=16, air=300, mode=survival, task=gather, task_progress=0.0, goal=none, task_phase=TREE_CLEANUP, in_lava=false, step=, light=15, submerged=false, task_state=FAILED, held=minecraft:iron_axex1, fall=0.0, pos=528,72,121, on_ground=true, hp=20.0/20.0, mining_idle=true, nearby=animals=0 hostiles=0, inv=minecraft:iron_axex1 minecraft:dirtx16, path_idle=true}
[11:09:18] [Server thread/INFO]: [AIBot] ACTION event=capability_decision bot=Bob {context=observable_block_query, capability=HIDDEN_BLOCK_SCAN, profile=strict_survival, allowed=false, reason=DENIED_STRICT_SURVIVAL}
[11:09:18] [Server thread/INFO]: [AIBot] ACTION event=capability_decision bot=Bob {context=perception_snapshot, capability=HIDDEN_BLOCK_SCAN, profile=strict_survival, allowed=false, reason=DENIED_STRICT_SURVIVAL}
[11:09:18] [Server thread/WARN]: [AIBot] PERCEPTION event=snapshot_slow bot=Bob {elapsed_ms=12}
[11:09:18] [Server thread/INFO]: [AIBot] ACTION event=diag_snapshot bot=Bob {food=16, air=300, mode=survival, task=gather, task_progress=0.0, goal=none, task_phase=TREE_CLEANUP, in_lava=false, step=, light=15, submerged=false, task_state=FAILED, held=minecraft:iron_axex1, fall=0.0, pos=528,72,121, on_ground=true, hp=20.0/20.0, mining_idle=true, nearby=animals=0 hostiles=0, inv=minecraft:iron_axex1 minecraft:dirtx16, path_idle=true}
[11:09:19] [Server thread/INFO]: [AIBot] ACTION event=capability_decision bot=Bob {context=observable_entity_query, capability=HIDDEN_BLOCK_SCAN, profile=strict_survival, allowed=false, reason=DENIED_STRICT_SURVIVAL}
[11:09:20] [Server thread/WARN]: [AIBot] PERCEPTION event=snapshot_slow bot=Bob {elapsed_ms=12}
[11:09:20] [Server thread/INFO]: [AIBot] ACTION event=diag_snapshot bot=Bob {food=16, air=300, mode=survival, task=gather, task_progress=0.0, goal=none, task_phase=TREE_CLEANUP, in_lava=false, step=, light=15, submerged=false, task_state=FAILED, held=minecraft:iron_axex1, fall=0.0, pos=528,72,121, on_ground=true, hp=20.0/20.0, mining_idle=true, nearby=animals=0 hostiles=0, inv=minecraft:iron_axex1 minecraft:dirtx16, path_idle=true}
[11:09:22] [Server thread/INFO]: [AIBot] ACTION event=capability_decision bot=Bob {context=diagnostic_nearby, capability=HIDDEN_BLOCK_SCAN, profile=strict_survival, allowed=false, reason=DENIED_STRICT_SURVIVAL}
[11:09:22] [Server thread/INFO]: [AIBot] ACTION event=diag_snapshot bot=Bob {food=16, air=300, mode=survival, task=gather, task_progress=0.0, goal=none, task_phase=TREE_CLEANUP, in_lava=false, step=, light=15, submerged=false, task_state=FAILED, held=minecraft:iron_axex1, fall=0.0, pos=528,72,121, on_ground=true, hp=20.0/20.0, mining_idle=true, nearby=animals=0 hostiles=0, inv=minecraft:iron_axex1 minecraft:dirtx16, path_idle=true}
[11:09:23] [Server thread/INFO]: [AIBot] ACTION event=capability_decision bot=Bob {context=observable_block_query, capability=HIDDEN_BLOCK_SCAN, profile=strict_survival, allowed=false, reason=DENIED_STRICT_SURVIVAL}
[11:09:23] [Server thread/INFO]: [AIBot] ACTION event=capability_decision bot=Bob {context=perception_snapshot, capability=HIDDEN_BLOCK_SCAN, profile=strict_survival, allowed=false, reason=DENIED_STRICT_SURVIVAL}
[11:09:24] [Server thread/INFO]: [AIBot] ACTION event=capability_decision bot=Bob {context=observable_entity_query, capability=HIDDEN_BLOCK_SCAN, profile=strict_survival, allowed=false, reason=DENIED_STRICT_SURVIVAL}
[11:09:24] [Server thread/INFO]: [AIBot] ACTION event=diag_snapshot bot=Bob {food=16, air=300, mode=survival, task=gather, task_progress=0.0, goal=none, task_phase=TREE_CLEANUP, in_lava=false, step=, light=15, submerged=false, task_state=FAILED, held=minecraft:iron_axex1, fall=0.0, pos=528,72,121, on_ground=true, hp=20.0/20.0, mining_idle=true, nearby=animals=0 hostiles=0, inv=minecraft:iron_axex1 minecraft:dirtx16, path_idle=true}
[11:09:26] [Server thread/WARN]: [AIBot] PERCEPTION event=snapshot_slow bot=Bob {elapsed_ms=12}
[11:09:26] [Server thread/INFO]: [AIBot] ACTION event=diag_snapshot bot=Bob {food=16, air=300, mode=survival, task=gather, task_progress=0.0, goal=none, task_phase=TREE_CLEANUP, in_lava=false, step=, light=15, submerged=false, task_state=FAILED, held=minecraft:iron_axex1, fall=0.0, pos=528,72,121, on_ground=true, hp=20.0/20.0, mining_idle=true, nearby=animals=0 hostiles=0, inv=minecraft:iron_axex1 minecraft:dirtx16, path_idle=true}
[11:09:27] [Server thread/WARN]: [AIBot] PERCEPTION event=snapshot_slow bot=Bob {elapsed_ms=11}
[11:09:28] [Server thread/INFO]: [AIBot] ACTION event=capability_decision bot=Bob {context=observable_block_query, capability=HIDDEN_BLOCK_SCAN, profile=strict_survival, allowed=false, reason=DENIED_STRICT_SURVIVAL}
[11:09:28] [Server thread/INFO]: [AIBot] ACTION event=capability_decision bot=Bob {context=perception_snapshot, capability=HIDDEN_BLOCK_SCAN, profile=strict_survival, allowed=false, reason=DENIED_STRICT_SURVIVAL}
[11:09:28] [Server thread/INFO]: [AIBot] ACTION event=capability_decision bot=Bob {context=diagnostic_nearby, capability=HIDDEN_BLOCK_SCAN, profile=strict_survival, allowed=false, reason=DENIED_STRICT_SURVIVAL}
[11:09:28] [Server thread/INFO]: [AIBot] ACTION event=diag_snapshot bot=Bob {food=16, air=300, mode=survival, task=gather, task_progress=0.0, goal=none, task_phase=TREE_CLEANUP, in_lava=false, step=, light=15, submerged=false, task_state=FAILED, held=minecraft:iron_axex1, fall=0.0, pos=528,72,121, on_ground=true, hp=20.0/20.0, mining_idle=true, nearby=animals=0 hostiles=0, inv=minecraft:iron_axex1 minecraft:dirtx16, path_idle=true}
[11:09:29] [Server thread/INFO]: [AIBot] ACTION event=capability_decision bot=Bob {context=observable_entity_query, capability=HIDDEN_BLOCK_SCAN, profile=strict_survival, allowed=false, reason=DENIED_STRICT_SURVIVAL}
[11:09:29] [Server thread/WARN]: [AIBot] PERCEPTION event=snapshot_slow bot=Bob {elapsed_ms=11}
[11:09:30] [Server thread/INFO]: [AIBot] ACTION event=diag_snapshot bot=Bob {food=16, air=300, mode=survival, task=gather, task_progress=0.0, goal=none, task_phase=TREE_CLEANUP, in_lava=false, step=, light=15, submerged=false, task_state=FAILED, held=minecraft:iron_axex1, fall=0.0, pos=528,72,121, on_ground=true, hp=20.0/20.0, mining_idle=true, nearby=animals=0 hostiles=0, inv=minecraft:iron_axex1 minecraft:dirtx16, path_idle=true}
[11:09:32] [Server thread/WARN]: [AIBot] PERCEPTION event=snapshot_slow bot=Bob {elapsed_ms=14}
[11:09:32] [Server thread/INFO]: [AIBot] ACTION event=diag_snapshot bot=Bob {food=16, air=300, mode=survival, task=gather, task_progress=0.0, goal=none, task_phase=TREE_CLEANUP, in_lava=false, step=, light=15, submerged=false, task_state=FAILED, held=minecraft:iron_axex1, fall=0.0, pos=528,72,121, on_ground=true, hp=20.0/20.0, mining_idle=true, nearby=animals=0 hostiles=0, inv=minecraft:iron_axex1 minecraft:dirtx16, path_idle=true}
[11:09:33] [Server thread/WARN]: [AIBot] PERCEPTION event=snapshot_slow bot=Bob {elapsed_ms=11}
[11:09:33] [Server thread/INFO]: [AIBot] ACTION event=capability_decision bot=Bob {context=observable_block_query, capability=HIDDEN_BLOCK_SCAN, profile=strict_survival, allowed=false, reason=DENIED_STRICT_SURVIVAL}
[11:09:33] [Server thread/INFO]: [AIBot] ACTION event=capability_decision bot=Bob {context=perception_snapshot, capability=HIDDEN_BLOCK_SCAN, profile=strict_survival, allowed=false, reason=DENIED_STRICT_SURVIVAL}
[11:09:34] [Server thread/INFO]: [AIBot] ACTION event=capability_decision bot=Bob {context=observable_entity_query, capability=HIDDEN_BLOCK_SCAN, profile=strict_survival, allowed=false, reason=DENIED_STRICT_SURVIVAL}
[11:09:34] [Server thread/INFO]: [AIBot] ACTION event=capability_decision bot=Bob {context=diagnostic_nearby, capability=HIDDEN_BLOCK_SCAN, profile=strict_survival, allowed=false, reason=DENIED_STRICT_SURVIVAL}
[11:09:34] [Server thread/INFO]: [AIBot] ACTION event=diag_snapshot bot=Bob {food=16, air=300, mode=survival, task=gather, task_progress=0.0, goal=none, task_phase=TREE_CLEANUP, in_lava=false, step=, light=15, submerged=false, task_state=FAILED, held=minecraft:iron_axex1, fall=0.0, pos=528,72,121, on_ground=true, hp=20.0/20.0, mining_idle=true, nearby=animals=0 hostiles=0, inv=minecraft:iron_axex1 minecraft:dirtx16, path_idle=true}
[11:09:36] [Server thread/WARN]: [AIBot] PERCEPTION event=snapshot_slow bot=Bob {elapsed_ms=11}
[11:09:36] [Server thread/INFO]: [AIBot] ACTION event=diag_snapshot bot=Bob {food=16, air=300, mode=survival, task=gather, task_progress=0.0, goal=none, task_phase=TREE_CLEANUP, in_lava=false, step=, light=15, submerged=false, task_state=FAILED, held=minecraft:iron_axex1, fall=0.0, pos=528,72,121, on_ground=true, hp=20.0/20.0, mining_idle=true, nearby=animals=0 hostiles=0, inv=minecraft:iron_axex1 minecraft:dirtx16, path_idle=true}
[11:09:37] [Server thread/WARN]: [AIBot] PERCEPTION event=snapshot_slow bot=Bob {elapsed_ms=11}
[11:09:38] [Server thread/INFO]: [AIBot] ACTION event=capability_decision bot=Bob {context=observable_block_query, capability=HIDDEN_BLOCK_SCAN, profile=strict_survival, allowed=false, reason=DENIED_STRICT_SURVIVAL}
[11:09:38] [Server thread/INFO]: [AIBot] ACTION event=capability_decision bot=Bob {context=perception_snapshot, capability=HIDDEN_BLOCK_SCAN, profile=strict_survival, allowed=false, reason=DENIED_STRICT_SURVIVAL}
[11:09:38] [Server thread/WARN]: [AIBot] PERCEPTION event=snapshot_slow bot=Bob {elapsed_ms=12}
[11:09:38] [Server thread/INFO]: [AIBot] ACTION event=diag_snapshot bot=Bob {food=16, air=300, mode=survival, task=gather, task_progress=0.0, goal=none, task_phase=TREE_CLEANUP, in_lava=false, step=, light=15, submerged=false, task_state=FAILED, held=minecraft:iron_axex1, fall=0.0, pos=528,72,121, on_ground=true, hp=20.0/20.0, mining_idle=true, nearby=animals=0 hostiles=0, inv=minecraft:iron_axex1 minecraft:dirtx16, path_idle=true}
[11:09:39] [Server thread/INFO]: [AIBot] ACTION event=capability_decision bot=Bob {context=observable_entity_query, capability=HIDDEN_BLOCK_SCAN, profile=strict_survival, allowed=false, reason=DENIED_STRICT_SURVIVAL}
[11:09:40] [Server thread/INFO]: [AIBot] ACTION event=capability_decision bot=Bob {context=diagnostic_nearby, capability=HIDDEN_BLOCK_SCAN, profile=strict_survival, allowed=false, reason=DENIED_STRICT_SURVIVAL}
[11:09:40] [Server thread/INFO]: [AIBot] ACTION event=diag_snapshot bot=Bob {food=16, air=300, mode=survival, task=gather, task_progress=0.0, goal=none, task_phase=TREE_CLEANUP, in_lava=false, step=, light=15, submerged=false, task_state=FAILED, held=minecraft:iron_axex1, fall=0.0, pos=528,72,121, on_ground=true, hp=20.0/20.0, mining_idle=true, nearby=animals=0 hostiles=0, inv=minecraft:iron_axex1 minecraft:dirtx16, path_idle=true}
[11:09:42] [Server thread/WARN]: [AIBot] PERCEPTION event=snapshot_slow bot=Bob {elapsed_ms=12}
[11:09:42] [Server thread/INFO]: [AIBot] ACTION event=diag_snapshot bot=Bob {food=16, air=300, mode=survival, task=gather, task_progress=0.0, goal=none, task_phase=TREE_CLEANUP, in_lava=false, step=, light=15, submerged=false, task_state=FAILED, held=minecraft:iron_axex1, fall=0.0, pos=528,72,121, on_ground=true, hp=20.0/20.0, mining_idle=true, nearby=animals=0 hostiles=0, inv=minecraft:iron_axex1 minecraft:dirtx16, path_idle=true}
[11:09:43] [Server thread/INFO]: [AIBot] ACTION event=capability_decision bot=Bob {context=observable_block_query, capability=HIDDEN_BLOCK_SCAN, profile=strict_survival, allowed=false, reason=DENIED_STRICT_SURVIVAL}
[11:09:43] [Server thread/INFO]: [AIBot] ACTION event=capability_decision bot=Bob {context=perception_snapshot, capability=HIDDEN_BLOCK_SCAN, profile=strict_survival, allowed=false, reason=DENIED_STRICT_SURVIVAL}
[11:09:44] [Server thread/INFO]: [AIBot] ACTION event=capability_decision bot=Bob {context=observable_entity_query, capability=HIDDEN_BLOCK_SCAN, profile=strict_survival, allowed=false, reason=DENIED_STRICT_SURVIVAL}
[11:09:44] [Server thread/WARN]: [AIBot] PERCEPTION event=snapshot_slow bot=Bob {elapsed_ms=11}
[11:09:44] [Server thread/INFO]: [AIBot] ACTION event=diag_snapshot bot=Bob {food=16, air=300, mode=survival, task=gather, task_progress=0.0, goal=none, task_phase=TREE_CLEANUP, in_lava=false, step=, light=15, submerged=false, task_state=FAILED, held=minecraft:iron_axex1, fall=0.0, pos=528,72,121, on_ground=true, hp=20.0/20.0, mining_idle=true, nearby=animals=0 hostiles=0, inv=minecraft:iron_axex1 minecraft:dirtx16, path_idle=true}
[11:09:46] [Server thread/WARN]: [AIBot] PERCEPTION event=snapshot_slow bot=Bob {elapsed_ms=11}
[11:09:46] [Server thread/INFO]: [AIBot] ACTION event=capability_decision bot=Bob {context=diagnostic_nearby, capability=HIDDEN_BLOCK_SCAN, profile=strict_survival, allowed=false, reason=DENIED_STRICT_SURVIVAL}
[11:09:46] [Server thread/INFO]: [AIBot] ACTION event=diag_snapshot bot=Bob {food=16, air=300, mode=survival, task=gather, task_progress=0.0, goal=none, task_phase=TREE_CLEANUP, in_lava=false, step=, light=15, submerged=false, task_state=FAILED, held=minecraft:iron_axex1, fall=0.0, pos=528,72,121, on_ground=true, hp=20.0/20.0, mining_idle=true, nearby=animals=0 hostiles=0, inv=minecraft:iron_axex1 minecraft:dirtx16, path_idle=true}
[11:09:48] [Server thread/INFO]: [AIBot] ACTION event=capability_decision bot=Bob {context=observable_block_query, capability=HIDDEN_BLOCK_SCAN, profile=strict_survival, allowed=false, reason=DENIED_STRICT_SURVIVAL}
[11:09:48] [Server thread/INFO]: [AIBot] ACTION event=capability_decision bot=Bob {context=perception_snapshot, capability=HIDDEN_BLOCK_SCAN, profile=strict_survival, allowed=false, reason=DENIED_STRICT_SURVIVAL}
[11:09:48] [Server thread/INFO]: [AIBot] ACTION event=diag_snapshot bot=Bob {food=16, air=300, mode=survival, task=gather, task_progress=0.0, goal=none, task_phase=TREE_CLEANUP, in_lava=false, step=, light=15, submerged=false, task_state=FAILED, held=minecraft:iron_axex1, fall=0.0, pos=528,72,121, on_ground=true, hp=20.0/20.0, mining_idle=true, nearby=animals=0 hostiles=0, inv=minecraft:iron_axex1 minecraft:dirtx16, path_idle=true}
[11:09:49] [Server thread/INFO]: [AIBot] ACTION event=capability_decision bot=Bob {context=observable_entity_query, capability=HIDDEN_BLOCK_SCAN, profile=strict_survival, allowed=false, reason=DENIED_STRICT_SURVIVAL}
[11:09:50] [Server thread/INFO]: [AIBot] ACTION event=diag_snapshot bot=Bob {food=16, air=300, mode=survival, task=gather, task_progress=0.0, goal=none, task_phase=TREE_CLEANUP, in_lava=false, step=, light=15, submerged=false, task_state=FAILED, held=minecraft:iron_axex1, fall=0.0, pos=528,72,121, on_ground=true, hp=20.0/20.0, mining_idle=true, nearby=animals=0 hostiles=0, inv=minecraft:iron_axex1 minecraft:dirtx16, path_idle=true}
[11:09:51] [Server thread/WARN]: [AIBot] PERCEPTION event=snapshot_slow bot=Bob {elapsed_ms=12}
[11:09:51] [Server thread/WARN]: [AIBot] PERCEPTION event=snapshot_slow bot=Bob {elapsed_ms=12}
[11:09:52] [RCON Listener #1/INFO]: Thread RCON Client /127.0.0.1 started
[11:09:52] [Server thread/INFO]: [Rcon: Teleported Bob to 524.500000, 68.500000, 121.500000]
[11:09:52] [RCON Client /127.0.0.1 #329/INFO]: Thread RCON Client /127.0.0.1 shutting down
[11:09:52] [Server thread/INFO]: [AIBot] DANGER event=diag_y_drop bot=Bob {pos=524,68,121, task=gather/TREE_CLEANUP, from_y=72, to_y=68}
[11:09:52] [RCON Listener #1/INFO]: Thread RCON Client /127.0.0.1 started
[11:09:52] [Server thread/INFO]: [Rcon: Applied effect Instant Health to Bob]
[11:09:52] [RCON Client /127.0.0.1 #330/INFO]: Thread RCON Client /127.0.0.1 shutting down
[11:09:52] [RCON Listener #1/INFO]: Thread RCON Client /127.0.0.1 started
[11:09:52] [Server thread/INFO]: [Rcon: Removed 17 item(s) from player Bob]
[11:09:52] [RCON Client /127.0.0.1 #331/INFO]: Thread RCON Client /127.0.0.1 shutting down
[11:09:52] [RCON Listener #1/INFO]: Thread RCON Client /127.0.0.1 started
[11:09:52] [Server thread/INFO]: [Rcon: Killed 2 entities]
[11:09:52] [RCON Client /127.0.0.1 #332/INFO]: Thread RCON Client /127.0.0.1 shutting down
[11:09:52] [Server thread/WARN]: [AIBot] PERCEPTION event=snapshot_slow bot=Bob {elapsed_ms=12}
[11:09:52] [Server thread/INFO]: [AIBot] ACTION event=capability_decision bot=Bob {context=diagnostic_nearby, capability=HIDDEN_BLOCK_SCAN, profile=strict_survival, allowed=false, reason=DENIED_STRICT_SURVIVAL}
[11:09:52] [Server thread/INFO]: [AIBot] ACTION event=diag_snapshot bot=Bob {food=16, air=300, mode=survival, task=gather, task_progress=0.0, goal=none, task_phase=TREE_CLEANUP, in_lava=false, step=, light=15, submerged=false, task_state=FAILED, held=empty, fall=0.0, pos=524,68,121, on_ground=true, hp=20.0/20.0, mining_idle=true, nearby=animals=0 hostiles=0, inv=empty, path_idle=true}
[11:09:52] [RCON Listener #1/INFO]: Thread RCON Client /127.0.0.1 started
[11:09:52] [RCON Client /127.0.0.1 #333/INFO]: Thread RCON Client /127.0.0.1 shutting down
[11:09:52] [RCON Listener #1/INFO]: Thread RCON Client /127.0.0.1 started
[11:09:52] [Server thread/INFO]: [Rcon: Gave 1 [Iron Axe] to Bob]
[11:09:52] [RCON Client /127.0.0.1 #334/INFO]: Thread RCON Client /127.0.0.1 shutting down
[11:09:52] [RCON Listener #1/INFO]: Thread RCON Client /127.0.0.1 started
[11:09:52] [Server thread/INFO]: [Rcon: Gave 16 [Dirt] to Bob]
[11:09:52] [RCON Client /127.0.0.1 #335/INFO]: Thread RCON Client /127.0.0.1 shutting down
[11:09:52] [RCON Listener #1/INFO]: Thread RCON Client /127.0.0.1 started
[11:09:52] [Server thread/INFO]: [Rcon: Gamerule doDaylightCycle is now set to: false]
[11:09:52] [RCON Client /127.0.0.1 #336/INFO]: Thread RCON Client /127.0.0.1 shutting down
[11:09:52] [RCON Listener #1/INFO]: Thread RCON Client /127.0.0.1 started
[11:09:52] [Server thread/INFO]: [Rcon: Set the time to 1000]
[11:09:52] [RCON Client /127.0.0.1 #337/INFO]: Thread RCON Client /127.0.0.1 shutting down
[11:09:53] [RCON Listener #1/INFO]: Thread RCON Client /127.0.0.1 started
[11:09:53] [Server thread/INFO]: [Rcon: Changed the block at 530, 67, 121]
[11:09:53] [RCON Client /127.0.0.1 #338/INFO]: Thread RCON Client /127.0.0.1 shutting down
[11:09:53] [Server thread/WARN]: [AIBot] PERCEPTION event=snapshot_slow bot=Bob {elapsed_ms=13}
[11:09:53] [RCON Listener #1/INFO]: Thread RCON Client /127.0.0.1 started
[11:09:53] [RCON Client /127.0.0.1 #339/INFO]: Thread RCON Client /127.0.0.1 shutting down
[11:09:53] [RCON Listener #1/INFO]: Thread RCON Client /127.0.0.1 started
[11:09:53] [RCON Client /127.0.0.1 #340/INFO]: Thread RCON Client /127.0.0.1 shutting down
[11:09:53] [RCON Listener #1/INFO]: Thread RCON Client /127.0.0.1 started
[11:09:53] [RCON Client /127.0.0.1 #341/INFO]: Thread RCON Client /127.0.0.1 shutting down
[11:09:53] [RCON Listener #1/INFO]: Thread RCON Client /127.0.0.1 started
[11:09:53] [RCON Client /127.0.0.1 #342/INFO]: Thread RCON Client /127.0.0.1 shutting down
[11:09:53] [RCON Listener #1/INFO]: Thread RCON Client /127.0.0.1 started
[11:09:53] [RCON Client /127.0.0.1 #343/INFO]: Thread RCON Client /127.0.0.1 shutting down
[11:09:53] [RCON Listener #1/INFO]: Thread RCON Client /127.0.0.1 started
[11:09:53] [Server thread/INFO]: [Rcon: Changed the block at 530, 68, 121]
[11:09:53] [RCON Client /127.0.0.1 #344/INFO]: Thread RCON Client /127.0.0.1 shutting down
[11:09:53] [Server thread/INFO]: [AIBot] ACTION event=capability_decision bot=Bob {context=observable_block_query, capability=HIDDEN_BLOCK_SCAN, profile=strict_survival, allowed=false, reason=DENIED_STRICT_SURVIVAL}
[11:09:53] [Server thread/INFO]: [AIBot] ACTION event=capability_decision bot=Bob {context=perception_snapshot, capability=HIDDEN_BLOCK_SCAN, profile=strict_survival, allowed=false, reason=DENIED_STRICT_SURVIVAL}
[11:09:53] [Server thread/WARN]: [AIBot] PERCEPTION event=snapshot_slow bot=Bob {elapsed_ms=15}
[11:09:53] [RCON Listener #1/INFO]: Thread RCON Client /127.0.0.1 started
[11:09:53] [RCON Client /127.0.0.1 #345/INFO]: Thread RCON Client /127.0.0.1 shutting down
[11:09:53] [RCON Listener #1/INFO]: Thread RCON Client /127.0.0.1 started
[11:09:53] [RCON Client /127.0.0.1 #346/INFO]: Thread RCON Client /127.0.0.1 shutting down
[11:09:53] [RCON Listener #1/INFO]: Thread RCON Client /127.0.0.1 started
[11:09:53] [RCON Client /127.0.0.1 #347/INFO]: Thread RCON Client /127.0.0.1 shutting down
[11:09:53] [RCON Listener #1/INFO]: Thread RCON Client /127.0.0.1 started
[11:09:53] [RCON Client /127.0.0.1 #348/INFO]: Thread RCON Client /127.0.0.1 shutting down
[11:09:53] [RCON Listener #1/INFO]: Thread RCON Client /127.0.0.1 started
[11:09:53] [Server thread/INFO]: [Rcon: Changed the block at 528, 68, 121]
[11:09:53] [RCON Client /127.0.0.1 #349/INFO]: Thread RCON Client /127.0.0.1 shutting down
[11:09:53] [RCON Listener #1/INFO]: Thread RCON Client /127.0.0.1 started
[11:09:53] [Server thread/INFO]: [Rcon: Changed the block at 530, 69, 121]
[11:09:53] [RCON Client /127.0.0.1 #350/INFO]: Thread RCON Client /127.0.0.1 shutting down
[11:09:54] [RCON Listener #1/INFO]: Thread RCON Client /127.0.0.1 started
[11:09:54] [Server thread/WARN]: [AIBot] PERCEPTION event=snapshot_slow bot=Bob {elapsed_ms=13}
[11:09:54] [RCON Client /127.0.0.1 #351/INFO]: Thread RCON Client /127.0.0.1 shutting down
[11:09:54] [RCON Listener #1/INFO]: Thread RCON Client /127.0.0.1 started
[11:09:54] [RCON Client /127.0.0.1 #352/INFO]: Thread RCON Client /127.0.0.1 shutting down
[11:09:54] [RCON Listener #1/INFO]: Thread RCON Client /127.0.0.1 started
[11:09:54] [RCON Client /127.0.0.1 #353/INFO]: Thread RCON Client /127.0.0.1 shutting down
[11:09:54] [RCON Listener #1/INFO]: Thread RCON Client /127.0.0.1 started
[11:09:54] [RCON Client /127.0.0.1 #354/INFO]: Thread RCON Client /127.0.0.1 shutting down
[11:09:54] [RCON Listener #1/INFO]: Thread RCON Client /127.0.0.1 started
[11:09:54] [Server thread/INFO]: [Rcon: Changed the block at 528, 69, 121]
[11:09:54] [RCON Client /127.0.0.1 #355/INFO]: Thread RCON Client /127.0.0.1 shutting down
[11:09:54] [RCON Listener #1/INFO]: Thread RCON Client /127.0.0.1 started
[11:09:54] [Server thread/INFO]: [Rcon: Changed the block at 530, 70, 121]
[11:09:54] [RCON Client /127.0.0.1 #356/INFO]: Thread RCON Client /127.0.0.1 shutting down
[11:09:54] [RCON Listener #1/INFO]: Thread RCON Client /127.0.0.1 started
[11:09:54] [Server thread/WARN]: [AIBot] PERCEPTION event=snapshot_slow bot=Bob {elapsed_ms=14}
[11:09:54] [Server thread/INFO]: [AIBot] ACTION event=diag_snapshot bot=Bob {food=16, air=300, mode=survival, task=gather, task_progress=0.0, goal=none, task_phase=TREE_CLEANUP, in_lava=false, step=, light=15, submerged=false, task_state=FAILED, held=minecraft:iron_axex1, fall=0.0, pos=524,68,121, on_ground=true, hp=20.0/20.0, mining_idle=true, nearby=animals=0 hostiles=0, inv=minecraft:iron_axex1 minecraft:dirtx16, path_idle=true}
[11:09:54] [RCON Client /127.0.0.1 #357/INFO]: Thread RCON Client /127.0.0.1 shutting down
[11:09:54] [RCON Listener #1/INFO]: Thread RCON Client /127.0.0.1 started
[11:09:54] [RCON Client /127.0.0.1 #358/INFO]: Thread RCON Client /127.0.0.1 shutting down
[11:09:54] [RCON Listener #1/INFO]: Thread RCON Client /127.0.0.1 started
[11:09:54] [RCON Client /127.0.0.1 #359/INFO]: Thread RCON Client /127.0.0.1 shutting down
[11:09:54] [RCON Listener #1/INFO]: Thread RCON Client /127.0.0.1 started
[11:09:54] [RCON Client /127.0.0.1 #360/INFO]: Thread RCON Client /127.0.0.1 shutting down
[11:09:54] [RCON Listener #1/INFO]: Thread RCON Client /127.0.0.1 started
[11:09:54] [Server thread/INFO]: [Rcon: Changed the block at 528, 70, 121]
[11:09:54] [RCON Client /127.0.0.1 #361/INFO]: Thread RCON Client /127.0.0.1 shutting down
[11:09:54] [RCON Listener #1/INFO]: Thread RCON Client /127.0.0.1 started
[11:09:54] [Server thread/INFO]: [Rcon: Changed the block at 530, 71, 121]
[11:09:54] [RCON Client /127.0.0.1 #362/INFO]: Thread RCON Client /127.0.0.1 shutting down
[11:09:55] [RCON Listener #1/INFO]: Thread RCON Client /127.0.0.1 started
[11:09:55] [Server thread/WARN]: [AIBot] PERCEPTION event=snapshot_slow bot=Bob {elapsed_ms=18}
[11:09:55] [RCON Client /127.0.0.1 #363/INFO]: Thread RCON Client /127.0.0.1 shutting down
[11:09:55] [RCON Listener #1/INFO]: Thread RCON Client /127.0.0.1 started
[11:09:55] [RCON Client /127.0.0.1 #364/INFO]: Thread RCON Client /127.0.0.1 shutting down
[11:09:55] [RCON Listener #1/INFO]: Thread RCON Client /127.0.0.1 started
[11:09:55] [RCON Client /127.0.0.1 #365/INFO]: Thread RCON Client /127.0.0.1 shutting down
[11:09:55] [RCON Listener #1/INFO]: Thread RCON Client /127.0.0.1 started
[11:09:55] [RCON Client /127.0.0.1 #366/INFO]: Thread RCON Client /127.0.0.1 shutting down
[11:09:55] [RCON Listener #1/INFO]: Thread RCON Client /127.0.0.1 started
[11:09:55] [Server thread/INFO]: [Rcon: Changed the block at 528, 71, 121]
[11:09:55] [RCON Client /127.0.0.1 #367/INFO]: Thread RCON Client /127.0.0.1 shutting down
[11:09:55] [RCON Listener #1/INFO]: Thread RCON Client /127.0.0.1 started
[11:09:55] [RCON Client /127.0.0.1 #368/INFO]: Thread RCON Client /127.0.0.1 shutting down
[11:09:55] [RCON Listener #1/INFO]: Thread RCON Client /127.0.0.1 started
[11:09:55] [RCON Client /127.0.0.1 #369/INFO]: Thread RCON Client /127.0.0.1 shutting down
[11:09:55] [RCON Listener #1/INFO]: Thread RCON Client /127.0.0.1 started
[11:09:55] [RCON Client /127.0.0.1 #370/INFO]: Thread RCON Client /127.0.0.1 shutting down
[11:09:55] [RCON Listener #1/INFO]: Thread RCON Client /127.0.0.1 started
[11:09:55] [RCON Client /127.0.0.1 #371/INFO]: Thread RCON Client /127.0.0.1 shutting down
[11:09:55] [RCON Listener #1/INFO]: Thread RCON Client /127.0.0.1 started
[11:09:55] [RCON Client /127.0.0.1 #372/INFO]: Thread RCON Client /127.0.0.1 shutting down
[11:09:55] [RCON Listener #1/INFO]: Thread RCON Client /127.0.0.1 started
[11:09:55] [RCON Client /127.0.0.1 #373/INFO]: Thread RCON Client /127.0.0.1 shutting down
[11:09:55] [RCON Listener #1/INFO]: Thread RCON Client /127.0.0.1 started
[11:09:55] [Server thread/INFO]: [Rcon: Changed the block at 530, 73, 121]
[11:09:55] [RCON Client /127.0.0.1 #374/INFO]: Thread RCON Client /127.0.0.1 shutting down
[11:09:56] [RCON Listener #1/INFO]: Thread RCON Client /127.0.0.1 started
[11:09:56] [RCON Client /127.0.0.1 #375/INFO]: Thread RCON Client /127.0.0.1 shutting down
[11:09:56] [Server thread/WARN]: [AIBot] PERCEPTION event=snapshot_slow bot=Bob {elapsed_ms=18}
[11:09:56] [RCON Listener #1/INFO]: Thread RCON Client /127.0.0.1 started
[11:09:56] [RCON Client /127.0.0.1 #376/INFO]: Thread RCON Client /127.0.0.1 shutting down
[11:09:56] [RCON Listener #1/INFO]: Thread RCON Client /127.0.0.1 started
[11:09:56] [RCON Client /127.0.0.1 #377/INFO]: Thread RCON Client /127.0.0.1 shutting down
[11:09:56] [RCON Listener #1/INFO]: Thread RCON Client /127.0.0.1 started
[11:09:56] [RCON Client /127.0.0.1 #378/INFO]: Thread RCON Client /127.0.0.1 shutting down
[11:09:56] [RCON Listener #1/INFO]: Thread RCON Client /127.0.0.1 started
[11:09:56] [RCON Client /127.0.0.1 #379/INFO]: Thread RCON Client /127.0.0.1 shutting down
[11:09:56] [RCON Listener #1/INFO]: Thread RCON Client /127.0.0.1 started
[11:09:56] [Server thread/INFO]: [Rcon: Changed the block at 530, 74, 121]
[11:09:56] [RCON Client /127.0.0.1 #380/INFO]: Thread RCON Client /127.0.0.1 shutting down
[11:09:56] [RCON Listener #1/INFO]: Thread RCON Client /127.0.0.1 started
[11:09:56] [RCON Client /127.0.0.1 #381/INFO]: Thread RCON Client /127.0.0.1 shutting down
[11:09:56] [Server thread/WARN]: [AIBot] PERCEPTION event=snapshot_slow bot=Bob {elapsed_ms=12}
[11:09:56] [Server thread/INFO]: [AIBot] ACTION event=diag_snapshot bot=Bob {food=16, air=300, mode=survival, task=gather, task_progress=0.0, goal=none, task_phase=TREE_CLEANUP, in_lava=false, step=, light=15, submerged=false, task_state=FAILED, held=minecraft:iron_axex1, fall=0.0, pos=524,68,121, on_ground=true, hp=20.0/20.0, mining_idle=true, nearby=animals=0 hostiles=0, inv=minecraft:iron_axex1 minecraft:dirtx16, path_idle=true}
[11:09:56] [RCON Listener #1/INFO]: Thread RCON Client /127.0.0.1 started
[11:09:56] [RCON Client /127.0.0.1 #382/INFO]: Thread RCON Client /127.0.0.1 shutting down
[11:09:56] [RCON Listener #1/INFO]: Thread RCON Client /127.0.0.1 started
[11:09:56] [RCON Client /127.0.0.1 #383/INFO]: Thread RCON Client /127.0.0.1 shutting down
[11:09:56] [RCON Listener #1/INFO]: Thread RCON Client /127.0.0.1 started
[11:09:56] [RCON Client /127.0.0.1 #384/INFO]: Thread RCON Client /127.0.0.1 shutting down
[11:09:56] [RCON Listener #1/INFO]: Thread RCON Client /127.0.0.1 started
[11:09:56] [RCON Client /127.0.0.1 #385/INFO]: Thread RCON Client /127.0.0.1 shutting down
[11:09:56] [RCON Listener #1/INFO]: Thread RCON Client /127.0.0.1 started
[11:09:56] [Server thread/INFO]: [Rcon: Changed the block at 530, 75, 121]
[11:09:56] [RCON Client /127.0.0.1 #386/INFO]: Thread RCON Client /127.0.0.1 shutting down
[11:09:57] [RCON Listener #1/INFO]: Thread RCON Client /127.0.0.1 started
[11:09:57] [RCON Client /127.0.0.1 #387/INFO]: Thread RCON Client /127.0.0.1 shutting down
[11:09:57] [RCON Listener #1/INFO]: Thread RCON Client /127.0.0.1 started
[11:09:57] [RCON Client /127.0.0.1 #388/INFO]: Thread RCON Client /127.0.0.1 shutting down
[11:09:57] [RCON Listener #1/INFO]: Thread RCON Client /127.0.0.1 started
[11:09:57] [RCON Client /127.0.0.1 #389/INFO]: Thread RCON Client /127.0.0.1 shutting down
[11:09:57] [RCON Listener #1/INFO]: Thread RCON Client /127.0.0.1 started
[11:09:57] [RCON Client /127.0.0.1 #390/INFO]: Thread RCON Client /127.0.0.1 shutting down
[11:09:57] [RCON Listener #1/INFO]: Thread RCON Client /127.0.0.1 started
[11:09:57] [RCON Client /127.0.0.1 #391/INFO]: Thread RCON Client /127.0.0.1 shutting down
[11:09:57] [RCON Listener #1/INFO]: Thread RCON Client /127.0.0.1 started
[11:09:57] [Server thread/INFO]: [Rcon: Changed the block at 530, 76, 121]
[11:09:57] [RCON Client /127.0.0.1 #392/INFO]: Thread RCON Client /127.0.0.1 shutting down
[11:09:57] [RCON Listener #1/INFO]: Thread RCON Client /127.0.0.1 started
[11:09:57] [Server thread/INFO]: [Rcon: Changed the block at 529, 76, 121]
[11:09:57] [RCON Client /127.0.0.1 #393/INFO]: Thread RCON Client /127.0.0.1 shutting down
[11:09:57] [Server thread/WARN]: [AIBot] PERCEPTION event=snapshot_slow bot=Bob {elapsed_ms=12}
[11:09:57] [RCON Listener #1/INFO]: Thread RCON Client /127.0.0.1 started
[11:09:57] [Server thread/INFO]: [Rcon: Changed the block at 531, 76, 121]
[11:09:57] [RCON Client /127.0.0.1 #394/INFO]: Thread RCON Client /127.0.0.1 shutting down
[11:09:57] [RCON Listener #1/INFO]: Thread RCON Client /127.0.0.1 started
[11:09:57] [Server thread/INFO]: [Rcon: Changed the block at 530, 76, 120]
[11:09:57] [RCON Client /127.0.0.1 #395/INFO]: Thread RCON Client /127.0.0.1 shutting down
[11:09:57] [RCON Listener #1/INFO]: Thread RCON Client /127.0.0.1 started
[11:09:57] [Server thread/INFO]: [Rcon: Changed the block at 530, 76, 122]
[11:09:57] [RCON Client /127.0.0.1 #396/INFO]: Thread RCON Client /127.0.0.1 shutting down
[11:09:57] [RCON Listener #1/INFO]: Thread RCON Client /127.0.0.1 started
[11:09:57] [RCON Client /127.0.0.1 #397/INFO]: Thread RCON Client /127.0.0.1 shutting down
[11:09:57] [RCON Listener #1/INFO]: Thread RCON Client /127.0.0.1 started
[11:09:57] [RCON Client /127.0.0.1 #398/INFO]: Thread RCON Client /127.0.0.1 shutting down
[11:09:57] [RCON Listener #1/INFO]: Thread RCON Client /127.0.0.1 started
[11:09:57] [RCON Client /127.0.0.1 #399/INFO]: Thread RCON Client /127.0.0.1 shutting down
[11:09:58] [Server thread/WARN]: [AIBot] PERCEPTION event=snapshot_slow bot=Bob {elapsed_ms=13}
[11:09:58] [RCON Listener #1/INFO]: Thread RCON Client /127.0.0.1 started
[11:09:58] [RCON Client /127.0.0.1 #400/INFO]: Thread RCON Client /127.0.0.1 shutting down
[11:09:58] [RCON Listener #1/INFO]: Thread RCON Client /127.0.0.1 started
[11:09:58] [RCON Client /127.0.0.1 #401/INFO]: Thread RCON Client /127.0.0.1 shutting down
[11:09:58] [RCON Listener #1/INFO]: Thread RCON Client /127.0.0.1 started
[11:09:58] [RCON Client /127.0.0.1 #402/INFO]: Thread RCON Client /127.0.0.1 shutting down
[11:09:58] [RCON Listener #1/INFO]: Thread RCON Client /127.0.0.1 started
[11:09:58] [RCON Client /127.0.0.1 #403/INFO]: Thread RCON Client /127.0.0.1 shutting down
[11:09:58] [RCON Listener #1/INFO]: Thread RCON Client /127.0.0.1 started
[11:09:58] [Server thread/INFO]: [Rcon: Changed the block at 530, 67, 121]
[11:09:58] [RCON Client /127.0.0.1 #404/INFO]: Thread RCON Client /127.0.0.1 shutting down
[11:09:58] [RCON Listener #1/INFO]: Thread RCON Client /127.0.0.1 started
[11:09:58] [Server thread/INFO]: [Rcon: Changed the block at 530, 68, 121]
[11:09:58] [RCON Client /127.0.0.1 #405/INFO]: Thread RCON Client /127.0.0.1 shutting down
[11:09:58] [RCON Listener #1/INFO]: Thread RCON Client /127.0.0.1 started
[11:09:58] [Server thread/INFO]: [Rcon: Changed the block at 530, 69, 121]
[11:09:58] [RCON Client /127.0.0.1 #406/INFO]: Thread RCON Client /127.0.0.1 shutting down
[11:09:58] [Server thread/INFO]: [AIBot] ACTION event=capability_decision bot=Bob {context=observable_block_query, capability=HIDDEN_BLOCK_SCAN, profile=strict_survival, allowed=false, reason=DENIED_STRICT_SURVIVAL}
[11:09:58] [Server thread/INFO]: [AIBot] ACTION event=capability_decision bot=Bob {context=perception_snapshot, capability=HIDDEN_BLOCK_SCAN, profile=strict_survival, allowed=false, reason=DENIED_STRICT_SURVIVAL}
[11:09:58] [Server thread/WARN]: [AIBot] PERCEPTION event=snapshot_slow bot=Bob {elapsed_ms=13}
[11:09:58] [Server thread/INFO]: [AIBot] ACTION event=capability_decision bot=Bob {context=diagnostic_nearby, capability=HIDDEN_BLOCK_SCAN, profile=strict_survival, allowed=false, reason=DENIED_STRICT_SURVIVAL}
[11:09:58] [Server thread/INFO]: [AIBot] ACTION event=diag_snapshot bot=Bob {food=16, air=300, mode=survival, task=gather, task_progress=0.0, goal=none, task_phase=TREE_CLEANUP, in_lava=false, step=, light=15, submerged=false, task_state=FAILED, held=minecraft:iron_axex1, fall=0.0, pos=524,68,121, on_ground=true, hp=20.0/20.0, mining_idle=true, nearby=animals=0 hostiles=0, inv=minecraft:iron_axex1 minecraft:dirtx16, path_idle=true}
[11:09:58] [RCON Listener #1/INFO]: Thread RCON Client /127.0.0.1 started
[11:09:58] [Server thread/INFO]: [Rcon: Changed the block at 530, 70, 121]
[11:09:58] [RCON Client /127.0.0.1 #407/INFO]: Thread RCON Client /127.0.0.1 shutting down
[11:09:58] [RCON Listener #1/INFO]: Thread RCON Client /127.0.0.1 started
[11:09:58] [Server thread/INFO]: [Rcon: Changed the block at 530, 71, 121]
[11:09:58] [RCON Client /127.0.0.1 #408/INFO]: Thread RCON Client /127.0.0.1 shutting down
[11:09:58] [RCON Listener #1/INFO]: Thread RCON Client /127.0.0.1 started
[11:09:58] [Server thread/INFO]: [Rcon: Changed the block at 530, 72, 121]
[11:09:58] [RCON Client /127.0.0.1 #409/INFO]: Thread RCON Client /127.0.0.1 shutting down
[11:09:58] [RCON Listener #1/INFO]: Thread RCON Client /127.0.0.1 started
[11:09:58] [Server thread/INFO]: [Rcon: Changed the block at 530, 73, 121]
[11:09:58] [RCON Client /127.0.0.1 #410/INFO]: Thread RCON Client /127.0.0.1 shutting down
[11:09:58] [RCON Listener #1/INFO]: Thread RCON Client /127.0.0.1 started
[11:09:58] [Server thread/INFO]: [Rcon: Changed the block at 530, 74, 121]
[11:09:58] [RCON Client /127.0.0.1 #411/INFO]: Thread RCON Client /127.0.0.1 shutting down
[11:09:59] [RCON Listener #1/INFO]: Thread RCON Client /127.0.0.1 started
[11:09:59] [Server thread/INFO]: [Rcon: Changed the block at 530, 75, 121]
[11:09:59] [RCON Client /127.0.0.1 #412/INFO]: Thread RCON Client /127.0.0.1 shutting down
[11:09:59] [Server thread/WARN]: [AIBot] PERCEPTION event=snapshot_slow bot=Bob {elapsed_ms=13}
[11:09:59] [RCON Listener #1/INFO]: Thread RCON Client /127.0.0.1 started
[11:09:59] [Server thread/INFO]: [Rcon: Changed the block at 530, 76, 120]
[11:09:59] [RCON Client /127.0.0.1 #413/INFO]: Thread RCON Client /127.0.0.1 shutting down
[11:09:59] [RCON Listener #1/INFO]: Thread RCON Client /127.0.0.1 started
[11:09:59] [Server thread/INFO]: [Rcon: Changed the block at 530, 76, 122]
[11:09:59] [RCON Client /127.0.0.1 #414/INFO]: Thread RCON Client /127.0.0.1 shutting down
[11:09:59] [RCON Listener #1/INFO]: Thread RCON Client /127.0.0.1 started
[11:09:59] [Server thread/INFO]: [Rcon: Changed the block at 529, 76, 121]
[11:09:59] [RCON Client /127.0.0.1 #415/INFO]: Thread RCON Client /127.0.0.1 shutting down
[11:09:59] [RCON Listener #1/INFO]: Thread RCON Client /127.0.0.1 started
[11:09:59] [Server thread/INFO]: [Rcon: Changed the block at 531, 76, 121]
[11:09:59] [RCON Client /127.0.0.1 #416/INFO]: Thread RCON Client /127.0.0.1 shutting down
[11:09:59] [RCON Listener #1/INFO]: Thread RCON Client /127.0.0.1 started
[11:09:59] [Server thread/INFO]: [Rcon: Changed the block at 530, 76, 121]
[11:09:59] [RCON Client /127.0.0.1 #417/INFO]: Thread RCON Client /127.0.0.1 shutting down
[11:09:59] [RCON Listener #1/INFO]: Thread RCON Client /127.0.0.1 started
[11:09:59] [Server thread/INFO]: [Rcon: Changed the block at 528, 68, 121]
[11:09:59] [RCON Client /127.0.0.1 #418/INFO]: Thread RCON Client /127.0.0.1 shutting down
[11:09:59] [Server thread/WARN]: [AIBot] PERCEPTION event=snapshot_slow bot=Bob {elapsed_ms=13}
[11:09:59] [RCON Listener #1/INFO]: Thread RCON Client /127.0.0.1 started
[11:09:59] [Server thread/INFO]: [Rcon: Changed the block at 528, 69, 121]
[11:09:59] [RCON Client /127.0.0.1 #419/INFO]: Thread RCON Client /127.0.0.1 shutting down
[11:09:59] [RCON Listener #1/INFO]: Thread RCON Client /127.0.0.1 started
[11:09:59] [Server thread/INFO]: [Rcon: Changed the block at 528, 70, 121]
[11:09:59] [RCON Client /127.0.0.1 #420/INFO]: Thread RCON Client /127.0.0.1 shutting down
[11:09:59] [RCON Listener #1/INFO]: Thread RCON Client /127.0.0.1 started
[11:09:59] [Server thread/INFO]: [Rcon: Changed the block at 528, 71, 121]
[11:09:59] [RCON Client /127.0.0.1 #421/INFO]: Thread RCON Client /127.0.0.1 shutting down
[11:09:59] [RCON Listener #1/INFO]: Thread RCON Client /127.0.0.1 started
[11:09:59] [Server thread/INFO]: [Rcon: Teleported Bob to 528.500000, 72.000000, 121.500000]
[11:09:59] [RCON Client /127.0.0.1 #422/INFO]: Thread RCON Client /127.0.0.1 shutting down
[11:10:00] [Server thread/INFO]: [AIBot] TASK event=task_assigned bot=Bob {params=Gathering minecraft:oak_log 0/1 phase=SURVEY, origin=LLM_TOOL, name=gather, origin_reason=external_dsh:a432789e-6c30-4b91-945a-f00d948e9e1b}
[11:10:00] [Server thread/INFO]: [AIBot] ACTION event=capability_decision bot=Bob {context=harvest_nearest_blocks, capability=HIDDEN_BLOCK_SCAN, profile=strict_survival, allowed=false, reason=DENIED_STRICT_SURVIVAL}
[11:10:00] [Server thread/INFO]: [AIBot] ACTION event=tree_workset_acquired bot=Bob {logs=8, tree=80980dea-4a25-46fa-ab97-eeefcc8b4b39:minecraft:overworld:145685291176008, execution=a432789e-6c30-4b91-945a-f00d948e9e1b}
[11:10:00] [Server thread/INFO]: [AIBot] PROFILE event=profile_slow_section bot=- {elapsed_ms=139.40, bot=Bob, section=task_tick}
[11:10:00] [Server thread/INFO]: [AIBot] ACTION event=mine_start bot=Bob {pos=530,72,121, face=west}
[11:10:00] [RCON Listener #1/INFO]: Thread RCON Client /127.0.0.1 started
[11:10:00] [Server thread/INFO]: [Rcon: Changed the block at 528, 68, 121]
[11:10:00] [RCON Client /127.0.0.1 #423/INFO]: Thread RCON Client /127.0.0.1 shutting down
[11:10:00] [RCON Listener #1/INFO]: Thread RCON Client /127.0.0.1 started
[11:10:00] [Server thread/INFO]: [Rcon: Changed the block at 528, 69, 121]
[11:10:00] [RCON Client /127.0.0.1 #424/INFO]: Thread RCON Client /127.0.0.1 shutting down
[11:10:00] [Server thread/WARN]: [AIBot] PERCEPTION event=snapshot_slow bot=Bob {elapsed_ms=12}
[11:10:00] [Server thread/INFO]: [AIBot] ACTION event=diag_snapshot bot=Bob {food=16, air=300, mode=survival, task=gather, task_progress=0.0, goal=none, task_phase=HARVEST, in_lava=false, step=, light=15, submerged=false, task_state=RUNNING, held=minecraft:iron_axex1, fall=0.0, pos=528,72,121, on_ground=true, hp=20.0/20.0, mining_idle=false, nearby=animals=0 hostiles=0, inv=minecraft:iron_axex1 minecraft:dirtx16, path_idle=true}
[11:10:00] [RCON Listener #1/INFO]: Thread RCON Client /127.0.0.1 started
[11:10:00] [Server thread/INFO]: [Rcon: Changed the block at 528, 70, 121]
[11:10:00] [RCON Client /127.0.0.1 #425/INFO]: Thread RCON Client /127.0.0.1 shutting down
[11:10:00] [Server thread/INFO]: [AIBot] ACTION event=mine_complete bot=Bob {}
[11:10:00] [Server thread/INFO]: [AIBot] ACTION event=tree_log_resolved bot=Bob {tree=80980dea-4a25-46fa-ab97-eeefcc8b4b39:minecraft:overworld:145685291176008, execution=a432789e-6c30-4b91-945a-f00d948e9e1b, pos=530, 72, 121}
[11:10:00] [RCON Listener #1/INFO]: Thread RCON Client /127.0.0.1 started
[11:10:00] [Server thread/INFO]: [Rcon: Changed the block at 528, 71, 121]
[11:10:00] [RCON Client /127.0.0.1 #426/INFO]: Thread RCON Client /127.0.0.1 shutting down
[11:10:00] [Server thread/INFO]: [AIBot] ACTION event=capability_decision bot=Bob {context=harvest_force_pickup, capability=FORCED_PICKUP, profile=strict_survival, allowed=false, reason=DENIED_STRICT_SURVIVAL}
[11:10:00] [Server thread/INFO]: [AIBot] ACTION event=capability_decision bot=Bob {context=observable_entity_query, capability=HIDDEN_BLOCK_SCAN, profile=strict_survival, allowed=false, reason=DENIED_STRICT_SURVIVAL}
[11:10:00] [Server thread/INFO]: [AIBot] ACTION event=capability_decision bot=Bob {context=observable_cell_query, capability=HIDDEN_BLOCK_SCAN, profile=strict_survival, allowed=false, reason=DENIED_STRICT_SURVIVAL}
[11:10:00] [RCON Listener #1/INFO]: Thread RCON Client /127.0.0.1 started
[11:10:00] [Server thread/INFO]: [Rcon: Teleported Bob to 526.500000, 68.000000, 121.500000]
[11:10:00] [RCON Client /127.0.0.1 #427/INFO]: Thread RCON Client /127.0.0.1 shutting down
[11:10:01] [Server thread/WARN]: [AIBot] PERCEPTION event=snapshot_slow bot=Bob {elapsed_ms=13}
[11:10:01] [Server thread/WARN]: [AIBot] PERCEPTION event=snapshot_slow bot=Bob {elapsed_ms=14}
[11:10:02] [Server thread/WARN]: [AIBot] PERCEPTION event=snapshot_slow bot=Bob {elapsed_ms=12}
[11:10:02] [Server thread/WARN]: [AIBot] PERCEPTION event=snapshot_slow bot=Bob {elapsed_ms=12}
[11:10:02] [Server thread/INFO]: [AIBot] ACTION event=diag_snapshot bot=Bob {food=16, air=300, mode=survival, task=gather, task_progress=0.0, goal=none, task_phase=PICKUP, in_lava=false, step=, light=15, submerged=false, task_state=RUNNING, held=minecraft:iron_axex1, fall=0.0, pos=526,68,121, on_ground=true, hp=20.0/20.0, mining_idle=true, nearby=animals=0 hostiles=0, inv=minecraft:iron_axex1 minecraft:dirtx16, path_idle=true}
[11:10:03] [Server thread/WARN]: [AIBot] PERCEPTION event=snapshot_slow bot=Bob {elapsed_ms=11}
[11:10:03] [Server thread/INFO]: [AIBot] ACTION event=capability_decision bot=Bob {context=observable_block_query, capability=HIDDEN_BLOCK_SCAN, profile=strict_survival, allowed=false, reason=DENIED_STRICT_SURVIVAL}
[11:10:03] [Server thread/INFO]: [AIBot] ACTION event=capability_decision bot=Bob {context=perception_snapshot, capability=HIDDEN_BLOCK_SCAN, profile=strict_survival, allowed=false, reason=DENIED_STRICT_SURVIVAL}
[11:10:03] [Server thread/WARN]: [AIBot] PERCEPTION event=snapshot_slow bot=Bob {elapsed_ms=17}
[11:10:04] [Server thread/WARN]: [AIBot] PERCEPTION event=snapshot_slow bot=Bob {elapsed_ms=13}
[11:10:04] [Server thread/WARN]: [AIBot] PERCEPTION event=snapshot_slow bot=Bob {elapsed_ms=11}
[11:10:04] [Server thread/INFO]: [AIBot] ACTION event=capability_decision bot=Bob {context=diagnostic_nearby, capability=HIDDEN_BLOCK_SCAN, profile=strict_survival, allowed=false, reason=DENIED_STRICT_SURVIVAL}
[11:10:04] [Server thread/INFO]: [AIBot] ACTION event=diag_snapshot bot=Bob {food=16, air=300, mode=survival, task=gather, task_progress=0.0, goal=none, task_phase=PICKUP, in_lava=false, step=, light=15, submerged=false, task_state=RUNNING, held=minecraft:iron_axex1, fall=0.0, pos=526,68,121, on_ground=true, hp=20.0/20.0, mining_idle=true, nearby=animals=0 hostiles=0, inv=minecraft:iron_axex1 minecraft:dirtx16, path_idle=true}
[11:10:05] [Server thread/WARN]: [AIBot] PERCEPTION event=snapshot_slow bot=Bob {elapsed_ms=11}
[11:10:05] [Server thread/INFO]: [AIBot] ACTION event=capability_decision bot=Bob {context=harvest_force_pickup, capability=FORCED_PICKUP, profile=strict_survival, allowed=false, reason=DENIED_STRICT_SURVIVAL}
[11:10:05] [Server thread/INFO]: [AIBot] ACTION event=capability_decision bot=Bob {context=observable_entity_query, capability=HIDDEN_BLOCK_SCAN, profile=strict_survival, allowed=false, reason=DENIED_STRICT_SURVIVAL}
[11:10:05] [Server thread/INFO]: [AIBot] ACTION event=capability_decision bot=Bob {context=observable_cell_query, capability=HIDDEN_BLOCK_SCAN, profile=strict_survival, allowed=false, reason=DENIED_STRICT_SURVIVAL}
[11:10:06] [Server thread/WARN]: [AIBot] PERCEPTION event=snapshot_slow bot=Bob {elapsed_ms=14}
[11:10:06] [Server thread/INFO]: [AIBot] ACTION event=diag_snapshot bot=Bob {food=16, air=300, mode=survival, task=gather, task_progress=0.0, goal=none, task_phase=PICKUP, in_lava=false, step=, light=15, submerged=false, task_state=RUNNING, held=minecraft:iron_axex1, fall=0.0, pos=526,68,121, on_ground=true, hp=20.0/20.0, mining_idle=true, nearby=animals=0 hostiles=0, inv=minecraft:iron_axex1 minecraft:dirtx16, path_idle=true}
[11:10:06] [Server thread/INFO]: [AIBot] ACTION event=mine_start bot=Bob {pos=530,68,121, face=west}
[11:10:07] [Server thread/WARN]: [AIBot] PERCEPTION event=snapshot_slow bot=Bob {elapsed_ms=16}
[11:10:07] [Server thread/INFO]: [AIBot] ACTION event=mine_complete bot=Bob {}
[11:10:07] [Server thread/INFO]: [AIBot] ACTION event=tree_log_resolved bot=Bob {tree=80980dea-4a25-46fa-ab97-eeefcc8b4b39:minecraft:overworld:145685291176008, execution=a432789e-6c30-4b91-945a-f00d948e9e1b, pos=530, 68, 121}
[11:10:07] [Server thread/INFO]: [AIBot] ACTION event=gather_pickup_origin_approach bot=Bob {from=526, 68, 121, origin=530, 68, 121}
[11:10:07] [Server thread/INFO]: [AIBot] ACTION event=fake_player_step bot=Bob {from=class_2338{x=527, y=68, z=121}, to=class_2338{x=528, y=67, z=121}, reason=path_drop_down}
[11:10:07] [Server thread/INFO]: [AIBot] ACTION event=mine_start bot=Bob {pos=530,69,121, face=west}
[11:10:08] [Server thread/INFO]: [AIBot] ACTION event=mine_complete bot=Bob {}
[11:10:08] [Server thread/INFO]: [AIBot] ACTION event=tree_log_resolved bot=Bob {tree=80980dea-4a25-46fa-ab97-eeefcc8b4b39:minecraft:overworld:145685291176008, execution=a432789e-6c30-4b91-945a-f00d948e9e1b, pos=530, 69, 121}
[11:10:08] [Server thread/INFO]: [AIBot] ACTION event=fake_player_jump bot=Bob {from=class_2338{x=529, y=67, z=121}, to=class_2338{x=530, y=68, z=121}, reason=path_jump_up}
[11:10:08] [Server thread/INFO]: [AIBot] ACTION event=fake_player_step bot=Bob {from=class_2338{x=530, y=68, z=121}, to=class_2338{x=530, y=67, z=120}, reason=path_drop_down}
[11:10:08] [Server thread/INFO]: [AIBot] LIFECYCLE event=mixin_alive bot=- {server_tick=8400}
[11:10:08] [Server thread/INFO]: [AIBot] ACTION event=capability_decision bot=Bob {context=observable_block_query, capability=HIDDEN_BLOCK_SCAN, profile=strict_survival, allowed=false, reason=DENIED_STRICT_SURVIVAL}
[11:10:08] [Server thread/INFO]: [AIBot] ACTION event=capability_decision bot=Bob {context=perception_snapshot, capability=HIDDEN_BLOCK_SCAN, profile=strict_survival, allowed=false, reason=DENIED_STRICT_SURVIVAL}
[11:10:08] [Server thread/INFO]: [AIBot] ACTION event=diag_snapshot bot=Bob {food=16, air=300, mode=survival, task=gather, task_progress=1.0, goal=none, task_phase=HARVEST, in_lava=false, step=, light=13, submerged=false, task_state=RUNNING, held=minecraft:iron_axex1, fall=0.0, pos=530,67,120, on_ground=false, hp=20.0/20.0, mining_idle=false, nearby=animals=0 hostiles=0, inv=minecraft:iron_axex1 minecraft:dirtx16 minecraft:oak_logx2, path_idle=true}
[11:10:08] [Server thread/INFO]: [AIBot] ACTION event=mine_start bot=Bob {pos=530,70,121, face=down}
[11:10:09] [Server thread/INFO]: [AIBot] ACTION event=mine_complete bot=Bob {}
[11:10:09] [Server thread/INFO]: [AIBot] ACTION event=tree_log_resolved bot=Bob {tree=80980dea-4a25-46fa-ab97-eeefcc8b4b39:minecraft:overworld:145685291176008, execution=a432789e-6c30-4b91-945a-f00d948e9e1b, pos=530, 70, 121}
[11:10:09] [Server thread/INFO]: [AIBot] ACTION event=fake_player_jump bot=Bob {from=class_2338{x=530, y=67, z=120}, to=class_2338{x=530, y=68, z=121}, reason=path_jump_up}
[11:10:09] [Server thread/INFO]: [AIBot] ACTION event=fake_player_step bot=Bob {from=class_2338{x=530, y=68, z=121}, to=class_2338{x=530, y=67, z=122}, reason=path_drop_down}
[11:10:09] [Server thread/INFO]: [AIBot] ACTION event=mine_start bot=Bob {pos=530,71,121, face=down}
[11:10:09] [Server thread/INFO]: [AIBot] ACTION event=mine_complete bot=Bob {}
[11:10:09] [Server thread/INFO]: [AIBot] ACTION event=tree_log_resolved bot=Bob {tree=80980dea-4a25-46fa-ab97-eeefcc8b4b39:minecraft:overworld:145685291176008, execution=a432789e-6c30-4b91-945a-f00d948e9e1b, pos=530, 71, 121}
[11:10:09] [Server thread/INFO]: [AIBot] ACTION event=fake_player_jump bot=Bob {from=class_2338{x=530, y=67, z=122}, to=class_2338{x=530, y=68, z=121}, reason=path_jump_up}
[11:10:09] [Server thread/INFO]: [AIBot] ACTION event=fake_player_step bot=Bob {from=class_2338{x=530, y=68, z=121}, to=class_2338{x=531, y=67, z=121}, reason=path_drop_down}
[11:10:09] [Server thread/INFO]: [AIBot] ACTION event=equip_slot bot=Bob {hotbar_slot=1, source_slot=1}
[11:10:09] [Server thread/INFO]: [AIBot] ACTION event=fake_player_jump bot=Bob {from=class_2338{x=531, y=67, z=121}, to=class_2338{x=531, y=68, z=121}, reason=tree_access_pillar_jump}
[11:10:09] [Server thread/INFO]: [AIBot] ACTION event=place bot=Bob {item=minecraft:dirt, pos=531,67,121, face=up}
[11:10:09] [Server thread/INFO]: [AIBot] ACTION event=tree_support_placed bot=Bob {tree=80980dea-4a25-46fa-ab97-eeefcc8b4b39:minecraft:overworld:145685291176008, execution=a432789e-6c30-4b91-945a-f00d948e9e1b, pos=531, 67, 121, block=minecraft:dirt}
[11:10:10] [Server thread/INFO]: [AIBot] ACTION event=equip_slot bot=Bob {hotbar_slot=0, source_slot=0}
[11:10:10] [Server thread/INFO]: [AIBot] ACTION event=equip_best_tool bot=Bob {slot=0, score=6.0, tool=minecraft:iron_axe}
[11:10:10] [Server thread/INFO]: [AIBot] ACTION event=mine_start bot=Bob {pos=530,73,121, face=down}
[11:10:10] [Server thread/WARN]: [AIBot] PERCEPTION event=snapshot_slow bot=Bob {elapsed_ms=11}
[11:10:10] [Server thread/INFO]: [AIBot] ACTION event=mine_complete bot=Bob {}
[11:10:10] [Server thread/INFO]: [AIBot] ACTION event=tree_log_resolved bot=Bob {tree=80980dea-4a25-46fa-ab97-eeefcc8b4b39:minecraft:overworld:145685291176008, execution=a432789e-6c30-4b91-945a-f00d948e9e1b, pos=530, 73, 121}
[11:10:10] [Server thread/INFO]: [AIBot] ACTION event=select_slot bot=Bob {slot=3}
[11:10:10] [Server thread/INFO]: [AIBot] ACTION event=equip_best_tool bot=Bob {slot=3, tool=empty_hand, score=1.0, reason=preserve_soft_block_melee_durability}
[11:10:10] [Server thread/INFO]: [AIBot] ACTION event=mine_start bot=Bob {pos=531,67,121, face=up}
[11:10:10] [Server thread/INFO]: [AIBot] ACTION event=capability_decision bot=Bob {context=diagnostic_nearby, capability=HIDDEN_BLOCK_SCAN, profile=strict_survival, allowed=false, reason=DENIED_STRICT_SURVIVAL}
[11:10:10] [Server thread/INFO]: [AIBot] ACTION event=diag_snapshot bot=Bob {food=16, air=300, mode=survival, task=gather, task_progress=1.0, goal=none, task_phase=TREE_CLEANUP, in_lava=false, step=, light=14, submerged=false, task_state=RUNNING, held=empty, fall=0.0, pos=531,68,121, on_ground=true, hp=20.0/20.0, mining_idle=true, nearby=animals=0 hostiles=0, inv=minecraft:iron_axex1 minecraft:dirtx15 minecraft:oak_logx5, path_idle=true}
[11:10:11] [Server thread/INFO]: [AIBot] ACTION event=capability_decision bot=Bob {context=observable_entity_query, capability=HIDDEN_BLOCK_SCAN, profile=strict_survival, allowed=false, reason=DENIED_STRICT_SURVIVAL}
[11:10:11] [Server thread/WARN]: [AIBot] PERCEPTION event=snapshot_slow bot=Bob {elapsed_ms=12}
[11:10:11] [Server thread/INFO]: [AIBot] ACTION event=fake_player_step bot=Bob {from=class_2338{x=531, y=68, z=121}, to=class_2338{x=531, y=67, z=121}, reason=tree_access_reverse_cleanup}
[11:10:11] [Server thread/INFO]: [AIBot] ACTION event=capability_decision bot=Bob {context=harvest_force_pickup, capability=FORCED_PICKUP, profile=strict_survival, allowed=false, reason=DENIED_STRICT_SURVIVAL}
[11:10:11] [Server thread/INFO]: [AIBot] ACTION event=tree_support_removed bot=Bob {tree=80980dea-4a25-46fa-ab97-eeefcc8b4b39:minecraft:overworld:145685291176008, execution=a432789e-6c30-4b91-945a-f00d948e9e1b, pos=531, 67, 121, block=minecraft:dirt}
[11:10:11] [Server thread/INFO]: [AIBot] ACTION event=equip_slot bot=Bob {hotbar_slot=1, source_slot=1}
[11:10:11] [Server thread/INFO]: [AIBot] ACTION event=fake_player_jump bot=Bob {from=class_2338{x=531, y=67, z=121}, to=class_2338{x=531, y=68, z=121}, reason=tree_access_pillar_jump}
[11:10:11] [Server thread/INFO]: [AIBot] ACTION event=place bot=Bob {item=minecraft:dirt, pos=531,67,121, face=up}
[11:10:11] [Server thread/INFO]: [AIBot] ACTION event=tree_support_placed bot=Bob {tree=80980dea-4a25-46fa-ab97-eeefcc8b4b39:minecraft:overworld:145685291176008, execution=a432789e-6c30-4b91-945a-f00d948e9e1b, pos=531, 67, 121, block=minecraft:dirt}
[11:10:11] [Server thread/INFO]: [AIBot] ACTION event=fake_player_jump bot=Bob {from=class_2338{x=531, y=68, z=121}, to=class_2338{x=531, y=69, z=121}, reason=tree_access_pillar_jump}
[11:10:11] [Server thread/INFO]: [AIBot] ACTION event=place bot=Bob {item=minecraft:dirt, pos=531,68,121, face=up}
[11:10:11] [Server thread/INFO]: [AIBot] ACTION event=tree_support_placed bot=Bob {tree=80980dea-4a25-46fa-ab97-eeefcc8b4b39:minecraft:overworld:145685291176008, execution=a432789e-6c30-4b91-945a-f00d948e9e1b, pos=531, 68, 121, block=minecraft:dirt}
[11:10:11] [Server thread/INFO]: [AIBot] ACTION event=equip_slot bot=Bob {hotbar_slot=0, source_slot=0}
[11:10:11] [Server thread/INFO]: [AIBot] ACTION event=equip_best_tool bot=Bob {slot=0, score=6.0, tool=minecraft:iron_axe}
[11:10:11] [Server thread/INFO]: [AIBot] ACTION event=mine_start bot=Bob {pos=530,74,121, face=down}
[11:10:11] [Server thread/WARN]: [AIBot] PERCEPTION event=snapshot_slow bot=Bob {elapsed_ms=11}
[11:10:11] [RCON Listener #1/INFO]: Thread RCON Client /127.0.0.1 started
[11:10:11] [Server thread/INFO]: [Rcon: Summoned new Zombie]
[11:10:11] [RCON Client /127.0.0.1 #428/INFO]: Thread RCON Client /127.0.0.1 shutting down
[11:10:11] [Server thread/INFO]: [AIBot] TASK event=task_paused bot=Bob {origin=LLM_TOOL, why=threat: HOSTILE, name=gather, stack_depth=1}
[11:10:11] [Server thread/INFO]: [AIBot] TASK event=task_assigned bot=Bob {params=Attacking minecraft:zombie 0/1 phase=ACQUIRE, origin=SAFETY, name=combat, origin_reason=threat:HOSTILE}
[11:10:11] [Server thread/INFO]: [AIBot] DANGER event=threat_detected bot=Bob {type=HOSTILE, source=class_2338{x=532, y=69, z=121}, decision=combat, severity=MEDIUM}
[11:10:12] [Server thread/WARN]: [AIBot] PERCEPTION event=snapshot_slow bot=Bob {elapsed_ms=16}
[11:10:12] [Server thread/INFO]: [AIBot] ACTION event=diag_snapshot bot=Bob {food=16, air=300, mode=survival, task=combat, task_progress=0.0, goal=none, task_phase=STRIKE, in_lava=false, step=, light=14, submerged=false, task_state=RUNNING, held=minecraft:iron_axex1, fall=0.0, pos=531,69,121, on_ground=true, hp=20.0/20.0, mining_idle=true, nearby=animals=0 hostiles=1(zombie@0), inv=minecraft:iron_axex1 minecraft:dirtx14 minecraft:oak_logx6, path_idle=true}
[11:10:12] [Server thread/INFO]: [AIBot] ACTION event=attack bot=Bob {target_type=entity.minecraft.zombie, target_id=152}
[11:10:12] [Server thread/INFO]: [AIBot] DANGER event=diag_health_drop bot=Bob {in_lava=false, submerged=false, to=17.5, delta=2.5, air=300, pos=531,69,121, task=combat/REPOSITION, from=20.0, fall=0.0}
[11:10:13] [Server thread/WARN]: [AIBot] PERCEPTION event=snapshot_slow bot=Bob {elapsed_ms=17}
[11:10:13] [Server thread/INFO]: [AIBot] ACTION event=capability_decision bot=Bob {context=perception_snapshot, capability=HIDDEN_BLOCK_SCAN, profile=strict_survival, allowed=false, reason=DENIED_STRICT_SURVIVAL}
[11:10:13] [Server thread/INFO]: [AIBot] ACTION event=capability_decision bot=Bob {context=observable_block_query, capability=HIDDEN_BLOCK_SCAN, profile=strict_survival, allowed=false, reason=DENIED_STRICT_SURVIVAL}
[11:10:13] [Server thread/INFO]: [AIBot] DANGER event=diag_health_drop bot=Bob {in_lava=false, submerged=false, to=15.0, delta=2.5, air=300, pos=529,68,121, task=combat/STRIKE, from=17.5, fall=0.0}
[11:10:13] [Server thread/INFO]: [AIBot] ACTION event=attack bot=Bob {target_type=entity.minecraft.zombie, target_id=152}
[11:10:14] [Server thread/WARN]: [AIBot] PERCEPTION event=snapshot_slow bot=Bob {elapsed_ms=11}
[11:10:14] [Server thread/INFO]: [AIBot] ACTION event=diag_snapshot bot=Bob {food=16, air=300, mode=survival, task=combat, task_progress=0.0, goal=none, task_phase=STRIKE, in_lava=false, step=, light=15, submerged=false, task_state=RUNNING, held=minecraft:iron_axex1, fall=0.0, pos=527,68,122, on_ground=true, hp=15.0/20.0, mining_idle=true, nearby=animals=0 hostiles=1(zombie@1), inv=minecraft:iron_axex1 minecraft:dirtx14 minecraft:oak_logx6, path_idle=true}
[11:10:14] [Server thread/INFO]: [AIBot] DANGER event=diag_health_drop bot=Bob {in_lava=false, submerged=false, to=12.5, delta=2.5, air=300, pos=527,68,122, task=combat/STRIKE, from=15.0, fall=0.0}
[11:10:14] [Server thread/INFO]: [AIBot] ACTION event=attack bot=Bob {target_type=entity.minecraft.zombie, target_id=152}
[11:10:14] [Server thread/INFO]: [AIBot] TASK event=task_completed bot=Bob {name=combat, elapsed_ticks=64}
[11:10:15] [Server thread/WARN]: [AIBot] PERCEPTION event=snapshot_slow bot=Bob {elapsed_ms=17}
[11:10:15] [Server thread/INFO]: [AIBot] ACTION event=gather_harvest_resume_reselect bot=Bob {pos=530, 74, 121, from=525, 68, 122}
[11:10:15] [Server thread/INFO]: [AIBot] TASK event=task_resumed bot=Bob {origin=LLM_TOOL, user_paused=false, name=gather, stack_depth=0}
[11:10:15] [Server thread/WARN]: [AIBot] TASK event=task_failed bot=Bob {elapsed_ticks=234, reason=tree_cleanup_debt:tree_access_reentry_no_adjacent_base, name=gather}
[11:10:16] [Server thread/INFO]: [AIBot] ACTION event=capability_decision bot=Bob {context=observable_entity_query, capability=HIDDEN_BLOCK_SCAN, profile=strict_survival, allowed=false, reason=DENIED_STRICT_SURVIVAL}
[11:10:16] [Server thread/WARN]: [AIBot] PERCEPTION event=snapshot_slow bot=Bob {elapsed_ms=17}
[11:10:16] [Server thread/WARN]: [AIBot] PERCEPTION event=snapshot_slow bot=Bob {elapsed_ms=15}
[11:10:16] [Server thread/INFO]: [AIBot] ACTION event=capability_decision bot=Bob {context=diagnostic_nearby, capability=HIDDEN_BLOCK_SCAN, profile=strict_survival, allowed=false, reason=DENIED_STRICT_SURVIVAL}
[11:10:16] [Server thread/INFO]: [AIBot] ACTION event=diag_snapshot bot=Bob {food=16, air=300, mode=survival, task=gather, task_progress=1.0, goal=none, task_phase=SURVEY, in_lava=false, step=, light=15, submerged=false, task_state=FAILED, held=minecraft:iron_axex1, fall=0.0, pos=525,68,122, on_ground=true, hp=12.5/20.0, mining_idle=true, nearby=animals=0 hostiles=0, inv=minecraft:iron_axex1 minecraft:dirtx14 minecraft:oak_logx6, path_idle=true}
[11:10:17] [Server thread/WARN]: [AIBot] PERCEPTION event=snapshot_slow bot=Bob {elapsed_ms=16}
[11:10:17] [Server thread/WARN]: [AIBot] PERCEPTION event=snapshot_slow bot=Bob {elapsed_ms=15}
[11:10:18] [Server thread/INFO]: [AIBot] ACTION event=capability_decision bot=Bob {context=observable_block_query, capability=HIDDEN_BLOCK_SCAN, profile=strict_survival, allowed=false, reason=DENIED_STRICT_SURVIVAL}
[11:10:18] [Server thread/INFO]: [AIBot] ACTION event=capability_decision bot=Bob {context=perception_snapshot, capability=HIDDEN_BLOCK_SCAN, profile=strict_survival, allowed=false, reason=DENIED_STRICT_SURVIVAL}
[11:10:18] [Server thread/INFO]: [AIBot] ACTION event=diag_snapshot bot=Bob {food=16, air=300, mode=survival, task=gather, task_progress=1.0, goal=none, task_phase=SURVEY, in_lava=false, step=, light=15, submerged=false, task_state=FAILED, held=minecraft:iron_axex1, fall=0.0, pos=525,68,122, on_ground=true, hp=12.5/20.0, mining_idle=true, nearby=animals=0 hostiles=0, inv=minecraft:iron_axex1 minecraft:dirtx14 minecraft:oak_logx6, path_idle=true}
[11:10:18] [RCON Listener #1/INFO]: Thread RCON Client /127.0.0.1 started
[11:10:18] [RCON Client /127.0.0.1 #429/INFO]: Thread RCON Client /127.0.0.1 shutting down
[11:10:18] [RCON Listener #1/INFO]: Thread RCON Client /127.0.0.1 started
[11:10:18] [RCON Client /127.0.0.1 #430/INFO]: Thread RCON Client /127.0.0.1 shutting down
[11:10:19] [RCON Listener #1/INFO]: Thread RCON Client /127.0.0.1 started
[11:10:19] [RCON Client /127.0.0.1 #431/INFO]: Thread RCON Client /127.0.0.1 shutting down
[11:10:19] [RCON Listener #1/INFO]: Thread RCON Client /127.0.0.1 started
[11:10:19] [RCON Client /127.0.0.1 #432/INFO]: Thread RCON Client /127.0.0.1 shutting down
[11:10:19] [RCON Listener #1/INFO]: Thread RCON Client /127.0.0.1 started
[11:10:19] [RCON Client /127.0.0.1 #433/INFO]: Thread RCON Client /127.0.0.1 shutting down
[11:10:19] [RCON Listener #1/INFO]: Thread RCON Client /127.0.0.1 started
[11:10:19] [RCON Client /127.0.0.1 #434/INFO]: Thread RCON Client /127.0.0.1 shutting down
[11:10:20] [RCON Listener #1/INFO]: Thread RCON Client /127.0.0.1 started
[11:10:20] [RCON Client /127.0.0.1 #435/INFO]: Thread RCON Client /127.0.0.1 shutting down
[11:10:20] [RCON Listener #1/INFO]: Thread RCON Client /127.0.0.1 started
[11:10:20] [RCON Client /127.0.0.1 #436/INFO]: Thread RCON Client /127.0.0.1 shutting down
[11:10:20] [Server thread/INFO]: [AIBot] ACTION event=diag_snapshot bot=Bob {food=16, air=300, mode=survival, task=gather, task_progress=1.0, goal=none, task_phase=SURVEY, in_lava=false, step=, light=15, submerged=false, task_state=FAILED, held=minecraft:iron_axex1, fall=0.0, pos=525,68,122, on_ground=true, hp=12.5/20.0, mining_idle=true, nearby=animals=0 hostiles=0, inv=minecraft:iron_axex1 minecraft:dirtx14 minecraft:oak_logx6, path_idle=true}
[11:10:20] [RCON Listener #1/INFO]: Thread RCON Client /127.0.0.1 started
[11:10:20] [RCON Client /127.0.0.1 #437/INFO]: Thread RCON Client /127.0.0.1 shutting down
[11:10:20] [RCON Listener #1/INFO]: Thread RCON Client /127.0.0.1 started
[11:10:20] [RCON Client /127.0.0.1 #438/INFO]: Thread RCON Client /127.0.0.1 shutting down
[11:10:21] [Server thread/INFO]: [AIBot] ACTION event=capability_decision bot=Bob {context=observable_entity_query, capability=HIDDEN_BLOCK_SCAN, profile=strict_survival, allowed=false, reason=DENIED_STRICT_SURVIVAL}
[11:10:21] [Server thread/WARN]: [AIBot] PERCEPTION event=snapshot_slow bot=Bob {elapsed_ms=11}
[11:10:21] [RCON Listener #1/INFO]: Thread RCON Client /127.0.0.1 started
[11:10:21] [RCON Client /127.0.0.1 #439/INFO]: Thread RCON Client /127.0.0.1 shutting down
[11:10:21] [RCON Listener #1/INFO]: Thread RCON Client /127.0.0.1 started
[11:10:21] [RCON Client /127.0.0.1 #440/INFO]: Thread RCON Client /127.0.0.1 shutting down
[11:10:21] [Server thread/WARN]: [AIBot] PERCEPTION event=snapshot_slow bot=Bob {elapsed_ms=11}
[11:10:21] [RCON Listener #1/INFO]: Thread RCON Client /127.0.0.1 started
[11:10:21] [RCON Client /127.0.0.1 #441/INFO]: Thread RCON Client /127.0.0.1 shutting down
[11:10:21] [RCON Listener #1/INFO]: Thread RCON Client /127.0.0.1 started
[11:10:21] [RCON Client /127.0.0.1 #442/INFO]: Thread RCON Client /127.0.0.1 shutting down
[11:10:22] [RCON Listener #1/INFO]: Thread RCON Client /127.0.0.1 started
[11:10:22] [RCON Client /127.0.0.1 #443/INFO]: Thread RCON Client /127.0.0.1 shutting down
[11:10:22] [RCON Listener #1/INFO]: Thread RCON Client /127.0.0.1 started
[11:10:22] [RCON Client /127.0.0.1 #444/INFO]: Thread RCON Client /127.0.0.1 shutting down
[11:10:22] [RCON Listener #1/INFO]: Thread RCON Client /127.0.0.1 started
[11:10:22] [RCON Client /127.0.0.1 #445/INFO]: Thread RCON Client /127.0.0.1 shutting down
[11:10:22] [Server thread/INFO]: [AIBot] ACTION event=capability_decision bot=Bob {context=diagnostic_nearby, capability=HIDDEN_BLOCK_SCAN, profile=strict_survival, allowed=false, reason=DENIED_STRICT_SURVIVAL}
[11:10:22] [Server thread/INFO]: [AIBot] ACTION event=diag_snapshot bot=Bob {food=16, air=300, mode=survival, task=gather, task_progress=1.0, goal=none, task_phase=SURVEY, in_lava=false, step=, light=15, submerged=false, task_state=FAILED, held=minecraft:iron_axex1, fall=0.0, pos=525,68,122, on_ground=true, hp=12.5/20.0, mining_idle=true, nearby=animals=0 hostiles=0, inv=minecraft:iron_axex1 minecraft:dirtx14 minecraft:oak_logx6, path_idle=true}
[11:10:22] [RCON Listener #1/INFO]: Thread RCON Client /127.0.0.1 started
[11:10:22] [RCON Client /127.0.0.1 #446/INFO]: Thread RCON Client /127.0.0.1 shutting down
[11:10:22] [RCON Listener #1/INFO]: Thread RCON Client /127.0.0.1 started
[11:10:22] [RCON Client /127.0.0.1 #447/INFO]: Thread RCON Client /127.0.0.1 shutting down
[11:10:23] [RCON Listener #1/INFO]: Thread RCON Client /127.0.0.1 started
[11:10:23] [Server thread/WARN]: [AIBot] PERCEPTION event=snapshot_slow bot=Bob {elapsed_ms=11}
[11:10:23] [RCON Client /127.0.0.1 #448/INFO]: Thread RCON Client /127.0.0.1 shutting down
[11:10:23] [RCON Listener #1/INFO]: Thread RCON Client /127.0.0.1 started
[11:10:23] [RCON Client /127.0.0.1 #449/INFO]: Thread RCON Client /127.0.0.1 shutting down
[11:10:23] [RCON Listener #1/INFO]: Thread RCON Client /127.0.0.1 started
[11:10:23] [RCON Client /127.0.0.1 #450/INFO]: Thread RCON Client /127.0.0.1 shutting down
[11:10:23] [Server thread/INFO]: [AIBot] ACTION event=capability_decision bot=Bob {context=observable_block_query, capability=HIDDEN_BLOCK_SCAN, profile=strict_survival, allowed=false, reason=DENIED_STRICT_SURVIVAL}
[11:10:23] [Server thread/INFO]: [AIBot] ACTION event=capability_decision bot=Bob {context=perception_snapshot, capability=HIDDEN_BLOCK_SCAN, profile=strict_survival, allowed=false, reason=DENIED_STRICT_SURVIVAL}
[11:10:23] [RCON Listener #1/INFO]: Thread RCON Client /127.0.0.1 started
[11:10:23] [RCON Client /127.0.0.1 #451/INFO]: Thread RCON Client /127.0.0.1 shutting down
[11:10:23] [RCON Listener #1/INFO]: Thread RCON Client /127.0.0.1 started
[11:10:23] [RCON Client /127.0.0.1 #452/INFO]: Thread RCON Client /127.0.0.1 shutting down
[11:10:24] [Server thread/WARN]: [AIBot] PERCEPTION event=snapshot_slow bot=Bob {elapsed_ms=11}
[11:10:24] [RCON Listener #1/INFO]: Thread RCON Client /127.0.0.1 started
[11:10:24] [RCON Client /127.0.0.1 #453/INFO]: Thread RCON Client /127.0.0.1 shutting down
[11:10:24] [RCON Listener #1/INFO]: Thread RCON Client /127.0.0.1 started
[11:10:24] [RCON Client /127.0.0.1 #454/INFO]: Thread RCON Client /127.0.0.1 shutting down
[11:10:24] [Server thread/INFO]: [AIBot] ACTION event=diag_snapshot bot=Bob {food=16, air=300, mode=survival, task=gather, task_progress=1.0, goal=none, task_phase=SURVEY, in_lava=false, step=, light=15, submerged=false, task_state=FAILED, held=minecraft:iron_axex1, fall=0.0, pos=525,68,122, on_ground=true, hp=12.5/20.0, mining_idle=true, nearby=animals=0 hostiles=0, inv=minecraft:iron_axex1 minecraft:dirtx14 minecraft:oak_logx6, path_idle=true}
[11:10:24] [RCON Listener #1/INFO]: Thread RCON Client /127.0.0.1 started
[11:10:24] [RCON Client /127.0.0.1 #455/INFO]: Thread RCON Client /127.0.0.1 shutting down
[11:10:24] [RCON Listener #1/INFO]: Thread RCON Client /127.0.0.1 started
[11:10:24] [RCON Client /127.0.0.1 #456/INFO]: Thread RCON Client /127.0.0.1 shutting down
[11:10:25] [RCON Listener #1/INFO]: Thread RCON Client /127.0.0.1 started
[11:10:25] [RCON Client /127.0.0.1 #457/INFO]: Thread RCON Client /127.0.0.1 shutting down
[11:10:25] [RCON Listener #1/INFO]: Thread RCON Client /127.0.0.1 started
[11:10:25] [RCON Client /127.0.0.1 #458/INFO]: Thread RCON Client /127.0.0.1 shutting down
[11:10:25] [RCON Listener #1/INFO]: Thread RCON Client /127.0.0.1 started
[11:10:25] [RCON Client /127.0.0.1 #459/INFO]: Thread RCON Client /127.0.0.1 shutting down
[11:10:25] [RCON Listener #1/INFO]: Thread RCON Client /127.0.0.1 started
[11:10:25] [RCON Client /127.0.0.1 #460/INFO]: Thread RCON Client /127.0.0.1 shutting down
[11:10:26] [Server thread/INFO]: [AIBot] ACTION event=capability_decision bot=Bob {context=observable_entity_query, capability=HIDDEN_BLOCK_SCAN, profile=strict_survival, allowed=false, reason=DENIED_STRICT_SURVIVAL}
[11:10:26] [RCON Listener #1/INFO]: Thread RCON Client /127.0.0.1 started
[11:10:26] [RCON Client /127.0.0.1 #461/INFO]: Thread RCON Client /127.0.0.1 shutting down
[11:10:26] [RCON Listener #1/INFO]: Thread RCON Client /127.0.0.1 started
[11:10:26] [RCON Client /127.0.0.1 #462/INFO]: Thread RCON Client /127.0.0.1 shutting down
[11:10:26] [Server thread/WARN]: [AIBot] PERCEPTION event=snapshot_slow bot=Bob {elapsed_ms=13}
[11:10:26] [Server thread/INFO]: [AIBot] ACTION event=diag_snapshot bot=Bob {food=16, air=300, mode=survival, task=gather, task_progress=1.0, goal=none, task_phase=SURVEY, in_lava=false, step=, light=15, submerged=false, task_state=FAILED, held=minecraft:iron_axex1, fall=0.0, pos=525,68,122, on_ground=true, hp=12.5/20.0, mining_idle=true, nearby=animals=0 hostiles=0, inv=minecraft:iron_axex1 minecraft:dirtx14 minecraft:oak_logx6, path_idle=true}
[11:10:26] [RCON Listener #1/INFO]: Thread RCON Client /127.0.0.1 started
[11:10:26] [RCON Client /127.0.0.1 #463/INFO]: Thread RCON Client /127.0.0.1 shutting down
[11:10:26] [RCON Listener #1/INFO]: Thread RCON Client /127.0.0.1 started
[11:10:26] [RCON Client /127.0.0.1 #464/INFO]: Thread RCON Client /127.0.0.1 shutting down
[11:10:27] [Server thread/WARN]: [AIBot] PERCEPTION event=snapshot_slow bot=Bob {elapsed_ms=11}
[11:10:27] [RCON Listener #1/INFO]: Thread RCON Client /127.0.0.1 started
[11:10:27] [RCON Client /127.0.0.1 #465/INFO]: Thread RCON Client /127.0.0.1 shutting down
[11:10:27] [RCON Listener #1/INFO]: Thread RCON Client /127.0.0.1 started
[11:10:27] [RCON Client /127.0.0.1 #466/INFO]: Thread RCON Client /127.0.0.1 shutting down
[11:10:27] [RCON Listener #1/INFO]: Thread RCON Client /127.0.0.1 started
[11:10:27] [RCON Client /127.0.0.1 #467/INFO]: Thread RCON Client /127.0.0.1 shutting down
[11:10:27] [Server thread/WARN]: [AIBot] PERCEPTION event=snapshot_slow bot=Bob {elapsed_ms=11}
[11:10:27] [RCON Listener #1/INFO]: Thread RCON Client /127.0.0.1 started
[11:10:27] [RCON Client /127.0.0.1 #468/INFO]: Thread RCON Client /127.0.0.1 shutting down
[11:10:28] [RCON Listener #1/INFO]: Thread RCON Client /127.0.0.1 started
[11:10:28] [RCON Client /127.0.0.1 #469/INFO]: Thread RCON Client /127.0.0.1 shutting down
[11:10:28] [RCON Listener #1/INFO]: Thread RCON Client /127.0.0.1 started
[11:10:28] [RCON Client /127.0.0.1 #470/INFO]: Thread RCON Client /127.0.0.1 shutting down
[11:10:28] [RCON Listener #1/INFO]: Thread RCON Client /127.0.0.1 started
[11:10:28] [RCON Client /127.0.0.1 #471/INFO]: Thread RCON Client /127.0.0.1 shutting down
[11:10:28] [RCON Listener #1/INFO]: Thread RCON Client /127.0.0.1 started
[11:10:28] [RCON Client /127.0.0.1 #472/INFO]: Thread RCON Client /127.0.0.1 shutting down
[11:10:28] [Server thread/INFO]: [AIBot] ACTION event=capability_decision bot=Bob {context=observable_block_query, capability=HIDDEN_BLOCK_SCAN, profile=strict_survival, allowed=false, reason=DENIED_STRICT_SURVIVAL}
[11:10:28] [Server thread/INFO]: [AIBot] ACTION event=capability_decision bot=Bob {context=perception_snapshot, capability=HIDDEN_BLOCK_SCAN, profile=strict_survival, allowed=false, reason=DENIED_STRICT_SURVIVAL}
[11:10:28] [Server thread/WARN]: [AIBot] PERCEPTION event=snapshot_slow bot=Bob {elapsed_ms=11}
[11:10:28] [Server thread/INFO]: [AIBot] ACTION event=capability_decision bot=Bob {context=diagnostic_nearby, capability=HIDDEN_BLOCK_SCAN, profile=strict_survival, allowed=false, reason=DENIED_STRICT_SURVIVAL}
[11:10:28] [Server thread/INFO]: [AIBot] ACTION event=diag_snapshot bot=Bob {food=16, air=300, mode=survival, task=gather, task_progress=1.0, goal=none, task_phase=SURVEY, in_lava=false, step=, light=15, submerged=false, task_state=FAILED, held=minecraft:iron_axex1, fall=0.0, pos=525,68,122, on_ground=true, hp=12.5/20.0, mining_idle=true, nearby=animals=0 hostiles=0, inv=minecraft:iron_axex1 minecraft:dirtx14 minecraft:oak_logx6, path_idle=true}
[11:10:28] [RCON Listener #1/INFO]: Thread RCON Client /127.0.0.1 started
[11:10:28] [RCON Client /127.0.0.1 #473/INFO]: Thread RCON Client /127.0.0.1 shutting down
[11:10:28] [RCON Listener #1/INFO]: Thread RCON Client /127.0.0.1 started
[11:10:28] [RCON Client /127.0.0.1 #474/INFO]: Thread RCON Client /127.0.0.1 shutting down
[11:10:29] [RCON Listener #1/INFO]: Thread RCON Client /127.0.0.1 started
[11:10:29] [RCON Client /127.0.0.1 #475/INFO]: Thread RCON Client /127.0.0.1 shutting down
[11:10:29] [RCON Listener #1/INFO]: Thread RCON Client /127.0.0.1 started
[11:10:29] [RCON Client /127.0.0.1 #476/INFO]: Thread RCON Client /127.0.0.1 shutting down
[11:10:29] [RCON Listener #1/INFO]: Thread RCON Client /127.0.0.1 started
[11:10:29] [RCON Client /127.0.0.1 #477/INFO]: Thread RCON Client /127.0.0.1 shutting down
[11:10:29] [RCON Listener #1/INFO]: Thread RCON Client /127.0.0.1 started
[11:10:29] [RCON Client /127.0.0.1 #478/INFO]: Thread RCON Client /127.0.0.1 shutting down
[11:10:30] [RCON Listener #1/INFO]: Thread RCON Client /127.0.0.1 started
[11:10:30] [RCON Client /127.0.0.1 #479/INFO]: Thread RCON Client /127.0.0.1 shutting down
[11:10:30] [RCON Listener #1/INFO]: Thread RCON Client /127.0.0.1 started
[11:10:30] [RCON Client /127.0.0.1 #480/INFO]: Thread RCON Client /127.0.0.1 shutting down
[11:10:30] [Server thread/WARN]: [AIBot] PERCEPTION event=snapshot_slow bot=Bob {elapsed_ms=17}
[11:10:30] [Server thread/INFO]: [AIBot] ACTION event=diag_snapshot bot=Bob {food=16, air=300, mode=survival, task=gather, task_progress=1.0, goal=none, task_phase=SURVEY, in_lava=false, step=, light=15, submerged=false, task_state=FAILED, held=minecraft:iron_axex1, fall=0.0, pos=525,68,122, on_ground=true, hp=12.5/20.0, mining_idle=true, nearby=animals=0 hostiles=0, inv=minecraft:iron_axex1 minecraft:dirtx14 minecraft:oak_logx6, path_idle=true}
[11:10:30] [RCON Listener #1/INFO]: Thread RCON Client /127.0.0.1 started
[11:10:30] [RCON Client /127.0.0.1 #481/INFO]: Thread RCON Client /127.0.0.1 shutting down
[11:10:30] [RCON Listener #1/INFO]: Thread RCON Client /127.0.0.1 started
[11:10:30] [RCON Client /127.0.0.1 #482/INFO]: Thread RCON Client /127.0.0.1 shutting down
[11:10:31] [Server thread/INFO]: [AIBot] ACTION event=capability_decision bot=Bob {context=observable_entity_query, capability=HIDDEN_BLOCK_SCAN, profile=strict_survival, allowed=false, reason=DENIED_STRICT_SURVIVAL}
[11:10:31] [RCON Listener #1/INFO]: Thread RCON Client /127.0.0.1 started
[11:10:31] [RCON Client /127.0.0.1 #483/INFO]: Thread RCON Client /127.0.0.1 shutting down
[11:10:31] [RCON Listener #1/INFO]: Thread RCON Client /127.0.0.1 started
[11:10:31] [RCON Client /127.0.0.1 #484/INFO]: Thread RCON Client /127.0.0.1 shutting down
[11:10:31] [RCON Listener #1/INFO]: Thread RCON Client /127.0.0.1 started
[11:10:31] [RCON Client /127.0.0.1 #485/INFO]: Thread RCON Client /127.0.0.1 shutting down
[11:10:31] [RCON Listener #1/INFO]: Thread RCON Client /127.0.0.1 started
[11:10:31] [RCON Client /127.0.0.1 #486/INFO]: Thread RCON Client /127.0.0.1 shutting down
[11:10:32] [RCON Listener #1/INFO]: Thread RCON Client /127.0.0.1 started
[11:10:32] [RCON Client /127.0.0.1 #487/INFO]: Thread RCON Client /127.0.0.1 shutting down
[11:10:32] [RCON Listener #1/INFO]: Thread RCON Client /127.0.0.1 started
[11:10:32] [RCON Client /127.0.0.1 #488/INFO]: Thread RCON Client /127.0.0.1 shutting down
[11:10:32] [Server thread/WARN]: [AIBot] PERCEPTION event=snapshot_slow bot=Bob {elapsed_ms=16}
[11:10:32] [Server thread/INFO]: [AIBot] ACTION event=diag_snapshot bot=Bob {food=16, air=300, mode=survival, task=gather, task_progress=1.0, goal=none, task_phase=SURVEY, in_lava=false, step=, light=15, submerged=false, task_state=FAILED, held=minecraft:iron_axex1, fall=0.0, pos=525,68,122, on_ground=true, hp=12.5/20.0, mining_idle=true, nearby=animals=0 hostiles=0, inv=minecraft:iron_axex1 minecraft:dirtx14 minecraft:oak_logx6, path_idle=true}
[11:10:32] [RCON Listener #1/INFO]: Thread RCON Client /127.0.0.1 started
[11:10:32] [RCON Client /127.0.0.1 #489/INFO]: Thread RCON Client /127.0.0.1 shutting down
[11:10:32] [RCON Listener #1/INFO]: Thread RCON Client /127.0.0.1 started
[11:10:32] [RCON Client /127.0.0.1 #490/INFO]: Thread RCON Client /127.0.0.1 shutting down
[11:10:33] [RCON Listener #1/INFO]: Thread RCON Client /127.0.0.1 started
[11:10:33] [RCON Client /127.0.0.1 #491/INFO]: Thread RCON Client /127.0.0.1 shutting down
[11:10:33] [RCON Listener #1/INFO]: Thread RCON Client /127.0.0.1 started
[11:10:33] [RCON Client /127.0.0.1 #492/INFO]: Thread RCON Client /127.0.0.1 shutting down
[11:10:33] [RCON Listener #1/INFO]: Thread RCON Client /127.0.0.1 started
[11:10:33] [RCON Client /127.0.0.1 #493/INFO]: Thread RCON Client /127.0.0.1 shutting down
[11:10:33] [Server thread/INFO]: [AIBot] ACTION event=capability_decision bot=Bob {context=observable_block_query, capability=HIDDEN_BLOCK_SCAN, profile=strict_survival, allowed=false, reason=DENIED_STRICT_SURVIVAL}
[11:10:33] [Server thread/INFO]: [AIBot] ACTION event=capability_decision bot=Bob {context=perception_snapshot, capability=HIDDEN_BLOCK_SCAN, profile=strict_survival, allowed=false, reason=DENIED_STRICT_SURVIVAL}
[11:10:33] [RCON Listener #1/INFO]: Thread RCON Client /127.0.0.1 started
[11:10:33] [RCON Client /127.0.0.1 #494/INFO]: Thread RCON Client /127.0.0.1 shutting down
[11:10:33] [RCON Listener #1/INFO]: Thread RCON Client /127.0.0.1 started
[11:10:33] [RCON Client /127.0.0.1 #495/INFO]: Thread RCON Client /127.0.0.1 shutting down
[11:10:34] [RCON Listener #1/INFO]: Thread RCON Client /127.0.0.1 started
[11:10:34] [RCON Client /127.0.0.1 #496/INFO]: Thread RCON Client /127.0.0.1 shutting down
[11:10:34] [RCON Listener #1/INFO]: Thread RCON Client /127.0.0.1 started
[11:10:34] [RCON Client /127.0.0.1 #497/INFO]: Thread RCON Client /127.0.0.1 shutting down
[11:10:34] [RCON Listener #1/INFO]: Thread RCON Client /127.0.0.1 started
[11:10:34] [RCON Client /127.0.0.1 #498/INFO]: Thread RCON Client /127.0.0.1 shutting down
[11:10:34] [Server thread/INFO]: [AIBot] ACTION event=capability_decision bot=Bob {context=diagnostic_nearby, capability=HIDDEN_BLOCK_SCAN, profile=strict_survival, allowed=false, reason=DENIED_STRICT_SURVIVAL}
[11:10:34] [Server thread/INFO]: [AIBot] ACTION event=diag_snapshot bot=Bob {food=16, air=300, mode=survival, task=gather, task_progress=1.0, goal=none, task_phase=SURVEY, in_lava=false, step=, light=15, submerged=false, task_state=FAILED, held=minecraft:iron_axex1, fall=0.0, pos=525,68,122, on_ground=true, hp=12.5/20.0, mining_idle=true, nearby=animals=0 hostiles=0, inv=minecraft:iron_axex1 minecraft:dirtx14 minecraft:oak_logx6, path_idle=true}
[11:10:34] [RCON Listener #1/INFO]: Thread RCON Client /127.0.0.1 started
[11:10:34] [RCON Client /127.0.0.1 #499/INFO]: Thread RCON Client /127.0.0.1 shutting down
[11:10:34] [RCON Listener #1/INFO]: Thread RCON Client /127.0.0.1 started
[11:10:35] [RCON Client /127.0.0.1 #500/INFO]: Thread RCON Client /127.0.0.1 shutting down
[11:10:35] [RCON Listener #1/INFO]: Thread RCON Client /127.0.0.1 started
[11:10:35] [RCON Client /127.0.0.1 #501/INFO]: Thread RCON Client /127.0.0.1 shutting down
[11:10:35] [RCON Listener #1/INFO]: Thread RCON Client /127.0.0.1 started
[11:10:35] [RCON Client /127.0.0.1 #502/INFO]: Thread RCON Client /127.0.0.1 shutting down
[11:10:35] [RCON Listener #1/INFO]: Thread RCON Client /127.0.0.1 started
[11:10:35] [RCON Client /127.0.0.1 #503/INFO]: Thread RCON Client /127.0.0.1 shutting down
[11:10:35] [RCON Listener #1/INFO]: Thread RCON Client /127.0.0.1 started
[11:10:35] [RCON Client /127.0.0.1 #504/INFO]: Thread RCON Client /127.0.0.1 shutting down
[11:10:36] [Server thread/INFO]: [AIBot] ACTION event=capability_decision bot=Bob {context=observable_entity_query, capability=HIDDEN_BLOCK_SCAN, profile=strict_survival, allowed=false, reason=DENIED_STRICT_SURVIVAL}
[11:10:36] [RCON Listener #1/INFO]: Thread RCON Client /127.0.0.1 started
[11:10:36] [RCON Client /127.0.0.1 #505/INFO]: Thread RCON Client /127.0.0.1 shutting down
[11:10:36] [RCON Listener #1/INFO]: Thread RCON Client /127.0.0.1 started
[11:10:36] [RCON Client /127.0.0.1 #506/INFO]: Thread RCON Client /127.0.0.1 shutting down
[11:10:36] [Server thread/INFO]: [AIBot] ACTION event=diag_snapshot bot=Bob {food=16, air=300, mode=survival, task=gather, task_progress=1.0, goal=none, task_phase=SURVEY, in_lava=false, step=, light=15, submerged=false, task_state=FAILED, held=minecraft:iron_axex1, fall=0.0, pos=525,68,122, on_ground=true, hp=12.5/20.0, mining_idle=true, nearby=animals=0 hostiles=0, inv=minecraft:iron_axex1 minecraft:dirtx14 minecraft:oak_logx6, path_idle=true}
[11:10:36] [RCON Listener #1/INFO]: Thread RCON Client /127.0.0.1 started
[11:10:36] [RCON Client /127.0.0.1 #507/INFO]: Thread RCON Client /127.0.0.1 shutting down
[11:10:36] [RCON Listener #1/INFO]: Thread RCON Client /127.0.0.1 started
[11:10:36] [RCON Client /127.0.0.1 #508/INFO]: Thread RCON Client /127.0.0.1 shutting down
[11:10:37] [RCON Listener #1/INFO]: Thread RCON Client /127.0.0.1 started
[11:10:37] [RCON Client /127.0.0.1 #509/INFO]: Thread RCON Client /127.0.0.1 shutting down
[11:10:37] [RCON Listener #1/INFO]: Thread RCON Client /127.0.0.1 started
[11:10:37] [RCON Client /127.0.0.1 #510/INFO]: Thread RCON Client /127.0.0.1 shutting down
[11:10:37] [RCON Listener #1/INFO]: Thread RCON Client /127.0.0.1 started
[11:10:37] [RCON Client /127.0.0.1 #511/INFO]: Thread RCON Client /127.0.0.1 shutting down
[11:10:37] [RCON Listener #1/INFO]: Thread RCON Client /127.0.0.1 started
[11:10:37] [RCON Client /127.0.0.1 #512/INFO]: Thread RCON Client /127.0.0.1 shutting down
[11:10:38] [RCON Listener #1/INFO]: Thread RCON Client /127.0.0.1 started
[11:10:38] [RCON Client /127.0.0.1 #513/INFO]: Thread RCON Client /127.0.0.1 shutting down
[11:10:38] [RCON Listener #1/INFO]: Thread RCON Client /127.0.0.1 started
[11:10:38] [RCON Client /127.0.0.1 #514/INFO]: Thread RCON Client /127.0.0.1 shutting down
[11:10:38] [Server thread/INFO]: [AIBot] ACTION event=capability_decision bot=Bob {context=observable_block_query, capability=HIDDEN_BLOCK_SCAN, profile=strict_survival, allowed=false, reason=DENIED_STRICT_SURVIVAL}
[11:10:38] [Server thread/INFO]: [AIBot] ACTION event=capability_decision bot=Bob {context=perception_snapshot, capability=HIDDEN_BLOCK_SCAN, profile=strict_survival, allowed=false, reason=DENIED_STRICT_SURVIVAL}
[11:10:38] [RCON Listener #1/INFO]: Thread RCON Client /127.0.0.1 started
[11:10:38] [Server thread/WARN]: [AIBot] PERCEPTION event=snapshot_slow bot=Bob {elapsed_ms=11}
[11:10:38] [Server thread/INFO]: [AIBot] ACTION event=diag_snapshot bot=Bob {food=16, air=300, mode=survival, task=gather, task_progress=1.0, goal=none, task_phase=SURVEY, in_lava=false, step=, light=15, submerged=false, task_state=FAILED, held=minecraft:iron_axex1, fall=0.0, pos=525,68,122, on_ground=true, hp=12.5/20.0, mining_idle=true, nearby=animals=0 hostiles=0, inv=minecraft:iron_axex1 minecraft:dirtx14 minecraft:oak_logx6, path_idle=true}
[11:10:38] [RCON Client /127.0.0.1 #515/INFO]: Thread RCON Client /127.0.0.1 shutting down
[11:10:38] [RCON Listener #1/INFO]: Thread RCON Client /127.0.0.1 started
[11:10:38] [RCON Client /127.0.0.1 #516/INFO]: Thread RCON Client /127.0.0.1 shutting down
[11:10:39] [RCON Listener #1/INFO]: Thread RCON Client /127.0.0.1 started
[11:10:39] [RCON Client /127.0.0.1 #517/INFO]: Thread RCON Client /127.0.0.1 shutting down
[11:10:39] [Server thread/WARN]: [AIBot] PERCEPTION event=snapshot_slow bot=Bob {elapsed_ms=14}
[11:10:39] [RCON Listener #1/INFO]: Thread RCON Client /127.0.0.1 started
[11:10:39] [RCON Client /127.0.0.1 #518/INFO]: Thread RCON Client /127.0.0.1 shutting down
[11:10:39] [RCON Listener #1/INFO]: Thread RCON Client /127.0.0.1 started
[11:10:39] [RCON Client /127.0.0.1 #519/INFO]: Thread RCON Client /127.0.0.1 shutting down
[11:10:39] [RCON Listener #1/INFO]: Thread RCON Client /127.0.0.1 started
[11:10:39] [RCON Client /127.0.0.1 #520/INFO]: Thread RCON Client /127.0.0.1 shutting down
[11:10:39] [RCON Listener #1/INFO]: Thread RCON Client /127.0.0.1 started
[11:10:39] [RCON Client /127.0.0.1 #521/INFO]: Thread RCON Client /127.0.0.1 shutting down
[11:10:39] [RCON Listener #1/INFO]: Thread RCON Client /127.0.0.1 started
[11:10:39] [RCON Client /127.0.0.1 #522/INFO]: Thread RCON Client /127.0.0.1 shutting down
[11:10:40] [Server thread/WARN]: [AIBot] PERCEPTION event=snapshot_slow bot=Bob {elapsed_ms=14}
[11:10:40] [RCON Listener #1/INFO]: Thread RCON Client /127.0.0.1 started
[11:10:40] [RCON Client /127.0.0.1 #523/INFO]: Thread RCON Client /127.0.0.1 shutting down
[11:10:40] [RCON Listener #1/INFO]: Thread RCON Client /127.0.0.1 started
[11:10:40] [RCON Client /127.0.0.1 #524/INFO]: Thread RCON Client /127.0.0.1 shutting down
[11:10:40] [Server thread/WARN]: [AIBot] PERCEPTION event=snapshot_slow bot=Bob {elapsed_ms=11}
[11:10:40] [Server thread/INFO]: [AIBot] ACTION event=capability_decision bot=Bob {context=diagnostic_nearby, capability=HIDDEN_BLOCK_SCAN, profile=strict_survival, allowed=false, reason=DENIED_STRICT_SURVIVAL}
[11:10:40] [Server thread/INFO]: [AIBot] ACTION event=diag_snapshot bot=Bob {food=16, air=300, mode=survival, task=gather, task_progress=1.0, goal=none, task_phase=SURVEY, in_lava=false, step=, light=15, submerged=false, task_state=FAILED, held=minecraft:iron_axex1, fall=0.0, pos=525,68,122, on_ground=true, hp=12.5/20.0, mining_idle=true, nearby=animals=0 hostiles=0, inv=minecraft:iron_axex1 minecraft:dirtx14 minecraft:oak_logx6, path_idle=true}
[11:10:40] [RCON Listener #1/INFO]: Thread RCON Client /127.0.0.1 started
[11:10:40] [RCON Client /127.0.0.1 #525/INFO]: Thread RCON Client /127.0.0.1 shutting down
[11:10:40] [RCON Listener #1/INFO]: Thread RCON Client /127.0.0.1 started
[11:10:40] [RCON Client /127.0.0.1 #526/INFO]: Thread RCON Client /127.0.0.1 shutting down
[11:10:41] [Server thread/INFO]: [AIBot] ACTION event=capability_decision bot=Bob {context=observable_entity_query, capability=HIDDEN_BLOCK_SCAN, profile=strict_survival, allowed=false, reason=DENIED_STRICT_SURVIVAL}
[11:10:41] [RCON Listener #1/INFO]: Thread RCON Client /127.0.0.1 started
[11:10:41] [RCON Client /127.0.0.1 #527/INFO]: Thread RCON Client /127.0.0.1 shutting down
[11:10:41] [RCON Listener #1/INFO]: Thread RCON Client /127.0.0.1 started
[11:10:41] [RCON Client /127.0.0.1 #528/INFO]: Thread RCON Client /127.0.0.1 shutting down
[11:10:41] [RCON Listener #1/INFO]: Thread RCON Client /127.0.0.1 started
[11:10:41] [RCON Client /127.0.0.1 #529/INFO]: Thread RCON Client /127.0.0.1 shutting down
[11:10:41] [RCON Listener #1/INFO]: Thread RCON Client /127.0.0.1 started
[11:10:41] [RCON Client /127.0.0.1 #530/INFO]: Thread RCON Client /127.0.0.1 shutting down
[11:10:42] [RCON Listener #1/INFO]: Thread RCON Client /127.0.0.1 started
[11:10:42] [RCON Client /127.0.0.1 #531/INFO]: Thread RCON Client /127.0.0.1 shutting down
[11:10:42] [RCON Listener #1/INFO]: Thread RCON Client /127.0.0.1 started
[11:10:42] [RCON Client /127.0.0.1 #532/INFO]: Thread RCON Client /127.0.0.1 shutting down
[11:10:42] [Server thread/INFO]: [AIBot] ACTION event=diag_snapshot bot=Bob {food=16, air=300, mode=survival, task=gather, task_progress=1.0, goal=none, task_phase=SURVEY, in_lava=false, step=, light=15, submerged=false, task_state=FAILED, held=minecraft:iron_axex1, fall=0.0, pos=525,68,122, on_ground=true, hp=12.5/20.0, mining_idle=true, nearby=animals=0 hostiles=0, inv=minecraft:iron_axex1 minecraft:dirtx14 minecraft:oak_logx6, path_idle=true}
[11:10:42] [RCON Listener #1/INFO]: Thread RCON Client /127.0.0.1 started
[11:10:42] [RCON Client /127.0.0.1 #533/INFO]: Thread RCON Client /127.0.0.1 shutting down
[11:10:42] [RCON Listener #1/INFO]: Thread RCON Client /127.0.0.1 started
[11:10:42] [RCON Client /127.0.0.1 #534/INFO]: Thread RCON Client /127.0.0.1 shutting down
[11:10:43] [Server thread/WARN]: [AIBot] PERCEPTION event=snapshot_slow bot=Bob {elapsed_ms=11}
[11:10:43] [RCON Listener #1/INFO]: Thread RCON Client /127.0.0.1 started
[11:10:43] [RCON Client /127.0.0.1 #535/INFO]: Thread RCON Client /127.0.0.1 shutting down
[11:10:43] [RCON Listener #1/INFO]: Thread RCON Client /127.0.0.1 started
[11:10:43] [RCON Client /127.0.0.1 #536/INFO]: Thread RCON Client /127.0.0.1 shutting down
[11:10:43] [RCON Listener #1/INFO]: Thread RCON Client /127.0.0.1 started
[11:10:43] [Server thread/INFO]: [AIBot] ACTION event=capability_decision bot=Bob {context=observable_block_query, capability=HIDDEN_BLOCK_SCAN, profile=strict_survival, allowed=false, reason=DENIED_STRICT_SURVIVAL}
[11:10:43] [Server thread/INFO]: [AIBot] ACTION event=capability_decision bot=Bob {context=perception_snapshot, capability=HIDDEN_BLOCK_SCAN, profile=strict_survival, allowed=false, reason=DENIED_STRICT_SURVIVAL}
[11:10:43] [RCON Client /127.0.0.1 #537/INFO]: Thread RCON Client /127.0.0.1 shutting down
[11:10:43] [RCON Listener #1/INFO]: Thread RCON Client /127.0.0.1 started
[11:10:43] [RCON Client /127.0.0.1 #538/INFO]: Thread RCON Client /127.0.0.1 shutting down
[11:10:44] [RCON Listener #1/INFO]: Thread RCON Client /127.0.0.1 started
[11:10:44] [RCON Client /127.0.0.1 #539/INFO]: Thread RCON Client /127.0.0.1 shutting down
[11:10:44] [RCON Listener #1/INFO]: Thread RCON Client /127.0.0.1 started
[11:10:44] [RCON Client /127.0.0.1 #540/INFO]: Thread RCON Client /127.0.0.1 shutting down
[11:10:44] [RCON Listener #1/INFO]: Thread RCON Client /127.0.0.1 started
[11:10:44] [RCON Client /127.0.0.1 #541/INFO]: Thread RCON Client /127.0.0.1 shutting down
[11:10:44] [RCON Listener #1/INFO]: Thread RCON Client /127.0.0.1 started
[11:10:44] [Server thread/WARN]: [AIBot] PERCEPTION event=snapshot_slow bot=Bob {elapsed_ms=15}
[11:10:44] [Server thread/INFO]: [AIBot] ACTION event=diag_snapshot bot=Bob {food=16, air=300, mode=survival, task=gather, task_progress=1.0, goal=none, task_phase=SURVEY, in_lava=false, step=, light=15, submerged=false, task_state=FAILED, held=minecraft:iron_axex1, fall=0.0, pos=525,68,122, on_ground=true, hp=12.5/20.0, mining_idle=true, nearby=animals=0 hostiles=0, inv=minecraft:iron_axex1 minecraft:dirtx14 minecraft:oak_logx6, path_idle=true}
[11:10:44] [RCON Client /127.0.0.1 #542/INFO]: Thread RCON Client /127.0.0.1 shutting down
[11:10:44] [RCON Listener #1/INFO]: Thread RCON Client /127.0.0.1 started
[11:10:44] [RCON Client /127.0.0.1 #543/INFO]: Thread RCON Client /127.0.0.1 shutting down
[11:10:45] [RCON Listener #1/INFO]: Thread RCON Client /127.0.0.1 started
[11:10:45] [RCON Client /127.0.0.1 #544/INFO]: Thread RCON Client /127.0.0.1 shutting down
[11:10:45] [RCON Listener #1/INFO]: Thread RCON Client /127.0.0.1 started
[11:10:45] [RCON Client /127.0.0.1 #545/INFO]: Thread RCON Client /127.0.0.1 shutting down
[11:10:45] [RCON Listener #1/INFO]: Thread RCON Client /127.0.0.1 started
[11:10:45] [RCON Client /127.0.0.1 #546/INFO]: Thread RCON Client /127.0.0.1 shutting down
[11:10:45] [Server thread/WARN]: [AIBot] PERCEPTION event=snapshot_slow bot=Bob {elapsed_ms=11}
[11:10:45] [RCON Listener #1/INFO]: Thread RCON Client /127.0.0.1 started
[11:10:45] [RCON Client /127.0.0.1 #547/INFO]: Thread RCON Client /127.0.0.1 shutting down
[11:10:45] [RCON Listener #1/INFO]: Thread RCON Client /127.0.0.1 started
[11:10:45] [RCON Client /127.0.0.1 #548/INFO]: Thread RCON Client /127.0.0.1 shutting down
[11:10:46] [Server thread/INFO]: [AIBot] ACTION event=capability_decision bot=Bob {context=observable_entity_query, capability=HIDDEN_BLOCK_SCAN, profile=strict_survival, allowed=false, reason=DENIED_STRICT_SURVIVAL}
[11:10:46] [RCON Listener #1/INFO]: Thread RCON Client /127.0.0.1 started
[11:10:46] [RCON Client /127.0.0.1 #549/INFO]: Thread RCON Client /127.0.0.1 shutting down
[11:10:46] [RCON Listener #1/INFO]: Thread RCON Client /127.0.0.1 started
[11:10:46] [RCON Client /127.0.0.1 #550/INFO]: Thread RCON Client /127.0.0.1 shutting down
[11:10:46] [Server thread/INFO]: [AIBot] ACTION event=capability_decision bot=Bob {context=diagnostic_nearby, capability=HIDDEN_BLOCK_SCAN, profile=strict_survival, allowed=false, reason=DENIED_STRICT_SURVIVAL}
[11:10:46] [Server thread/INFO]: [AIBot] ACTION event=diag_snapshot bot=Bob {food=16, air=300, mode=survival, task=gather, task_progress=1.0, goal=none, task_phase=SURVEY, in_lava=false, step=, light=15, submerged=false, task_state=FAILED, held=minecraft:iron_axex1, fall=0.0, pos=525,68,122, on_ground=true, hp=12.5/20.0, mining_idle=true, nearby=animals=0 hostiles=0, inv=minecraft:iron_axex1 minecraft:dirtx14 minecraft:oak_logx6, path_idle=true}
[11:10:46] [RCON Listener #1/INFO]: Thread RCON Client /127.0.0.1 started
[11:10:46] [RCON Client /127.0.0.1 #551/INFO]: Thread RCON Client /127.0.0.1 shutting down
[11:10:46] [RCON Listener #1/INFO]: Thread RCON Client /127.0.0.1 started
[11:10:46] [RCON Client /127.0.0.1 #552/INFO]: Thread RCON Client /127.0.0.1 shutting down
[11:10:47] [RCON Listener #1/INFO]: Thread RCON Client /127.0.0.1 started
[11:10:47] [RCON Client /127.0.0.1 #553/INFO]: Thread RCON Client /127.0.0.1 shutting down
[11:10:47] [RCON Listener #1/INFO]: Thread RCON Client /127.0.0.1 started
[11:10:47] [RCON Client /127.0.0.1 #554/INFO]: Thread RCON Client /127.0.0.1 shutting down
[11:10:47] [RCON Listener #1/INFO]: Thread RCON Client /127.0.0.1 started
[11:10:47] [RCON Client /127.0.0.1 #555/INFO]: Thread RCON Client /127.0.0.1 shutting down
[11:10:47] [RCON Listener #1/INFO]: Thread RCON Client /127.0.0.1 started
[11:10:47] [RCON Client /127.0.0.1 #556/INFO]: Thread RCON Client /127.0.0.1 shutting down
[11:10:48] [RCON Listener #1/INFO]: Thread RCON Client /127.0.0.1 started
[11:10:48] [RCON Client /127.0.0.1 #557/INFO]: Thread RCON Client /127.0.0.1 shutting down
[11:10:48] [RCON Listener #1/INFO]: Thread RCON Client /127.0.0.1 started
[11:10:48] [RCON Client /127.0.0.1 #558/INFO]: Thread RCON Client /127.0.0.1 shutting down
[11:10:48] [Server thread/INFO]: [AIBot] ACTION event=capability_decision bot=Bob {context=observable_block_query, capability=HIDDEN_BLOCK_SCAN, profile=strict_survival, allowed=false, reason=DENIED_STRICT_SURVIVAL}
[11:10:48] [Server thread/INFO]: [AIBot] ACTION event=capability_decision bot=Bob {context=perception_snapshot, capability=HIDDEN_BLOCK_SCAN, profile=strict_survival, allowed=false, reason=DENIED_STRICT_SURVIVAL}
[11:10:48] [Server thread/INFO]: [AIBot] ACTION event=diag_snapshot bot=Bob {food=16, air=300, mode=survival, task=gather, task_progress=1.0, goal=none, task_phase=SURVEY, in_lava=false, step=, light=15, submerged=false, task_state=FAILED, held=minecraft:iron_axex1, fall=0.0, pos=525,68,122, on_ground=true, hp=12.5/20.0, mining_idle=true, nearby=animals=0 hostiles=0, inv=minecraft:iron_axex1 minecraft:dirtx14 minecraft:oak_logx6, path_idle=true}
[11:10:48] [RCON Listener #1/INFO]: Thread RCON Client /127.0.0.1 started
[11:10:48] [RCON Client /127.0.0.1 #559/INFO]: Thread RCON Client /127.0.0.1 shutting down
[11:10:48] [RCON Listener #1/INFO]: Thread RCON Client /127.0.0.1 started
[11:10:48] [RCON Client /127.0.0.1 #560/INFO]: Thread RCON Client /127.0.0.1 shutting down
[11:10:49] [Server thread/WARN]: [AIBot] PERCEPTION event=snapshot_slow bot=Bob {elapsed_ms=16}
[11:10:50] [Server thread/INFO]: [AIBot] ACTION event=diag_snapshot bot=Bob {food=16, air=300, mode=survival, task=gather, task_progress=1.0, goal=none, task_phase=SURVEY, in_lava=false, step=, light=15, submerged=false, task_state=FAILED, held=minecraft:iron_axex1, fall=0.0, pos=525,68,122, on_ground=true, hp=12.5/20.0, mining_idle=true, nearby=animals=0 hostiles=0, inv=minecraft:iron_axex1 minecraft:dirtx14 minecraft:oak_logx6, path_idle=true}
[11:10:51] [Server thread/INFO]: [AIBot] ACTION event=capability_decision bot=Bob {context=observable_entity_query, capability=HIDDEN_BLOCK_SCAN, profile=strict_survival, allowed=false, reason=DENIED_STRICT_SURVIVAL}
[11:10:51] [Server thread/WARN]: [AIBot] PERCEPTION event=snapshot_slow bot=Bob {elapsed_ms=15}
[11:10:51] [Server thread/WARN]: [AIBot] PERCEPTION event=snapshot_slow bot=Bob {elapsed_ms=12}
[11:10:52] [Server thread/WARN]: [AIBot] PERCEPTION event=snapshot_slow bot=Bob {elapsed_ms=13}
[11:10:52] [Server thread/INFO]: [AIBot] ACTION event=capability_decision bot=Bob {context=diagnostic_nearby, capability=HIDDEN_BLOCK_SCAN, profile=strict_survival, allowed=false, reason=DENIED_STRICT_SURVIVAL}
[11:10:52] [Server thread/INFO]: [AIBot] ACTION event=diag_snapshot bot=Bob {food=16, air=300, mode=survival, task=gather, task_progress=1.0, goal=none, task_phase=SURVEY, in_lava=false, step=, light=15, submerged=false, task_state=FAILED, held=minecraft:iron_axex1, fall=0.0, pos=525,68,122, on_ground=true, hp=12.5/20.0, mining_idle=true, nearby=animals=0 hostiles=0, inv=minecraft:iron_axex1 minecraft:dirtx14 minecraft:oak_logx6, path_idle=true}
[11:10:53] [Server thread/INFO]: [AIBot] ACTION event=capability_decision bot=Bob {context=observable_block_query, capability=HIDDEN_BLOCK_SCAN, profile=strict_survival, allowed=false, reason=DENIED_STRICT_SURVIVAL}
[11:10:53] [Server thread/INFO]: [AIBot] ACTION event=capability_decision bot=Bob {context=perception_snapshot, capability=HIDDEN_BLOCK_SCAN, profile=strict_survival, allowed=false, reason=DENIED_STRICT_SURVIVAL}
[11:10:54] [Server thread/INFO]: [AIBot] ACTION event=diag_snapshot bot=Bob {food=16, air=300, mode=survival, task=gather, task_progress=1.0, goal=none, task_phase=SURVEY, in_lava=false, step=, light=15, submerged=false, task_state=FAILED, held=minecraft:iron_axex1, fall=0.0, pos=525,68,122, on_ground=true, hp=12.5/20.0, mining_idle=true, nearby=animals=0 hostiles=0, inv=minecraft:iron_axex1 minecraft:dirtx14 minecraft:oak_logx6, path_idle=true}
[11:10:55] [Server thread/WARN]: [AIBot] PERCEPTION event=snapshot_slow bot=Bob {elapsed_ms=16}
[11:10:56] [Server thread/INFO]: [AIBot] ACTION event=capability_decision bot=Bob {context=observable_entity_query, capability=HIDDEN_BLOCK_SCAN, profile=strict_survival, allowed=false, reason=DENIED_STRICT_SURVIVAL}
[11:10:56] [Server thread/WARN]: [AIBot] PERCEPTION event=snapshot_slow bot=Bob {elapsed_ms=12}
[11:10:56] [Server thread/INFO]: [AIBot] ACTION event=diag_snapshot bot=Bob {food=16, air=300, mode=survival, task=gather, task_progress=1.0, goal=none, task_phase=SURVEY, in_lava=false, step=, light=15, submerged=false, task_state=FAILED, held=minecraft:iron_axex1, fall=0.0, pos=525,68,122, on_ground=true, hp=12.5/20.0, mining_idle=true, nearby=animals=0 hostiles=0, inv=minecraft:iron_axex1 minecraft:dirtx14 minecraft:oak_logx6, path_idle=true}
[11:10:57] [Server thread/WARN]: [AIBot] PERCEPTION event=snapshot_slow bot=Bob {elapsed_ms=12}
[11:10:58] [Server thread/WARN]: [AIBot] PERCEPTION event=snapshot_slow bot=Bob {elapsed_ms=16}
[11:10:58] [Server thread/INFO]: [AIBot] ACTION event=capability_decision bot=Bob {context=observable_block_query, capability=HIDDEN_BLOCK_SCAN, profile=strict_survival, allowed=false, reason=DENIED_STRICT_SURVIVAL}
[11:10:58] [Server thread/INFO]: [AIBot] ACTION event=capability_decision bot=Bob {context=perception_snapshot, capability=HIDDEN_BLOCK_SCAN, profile=strict_survival, allowed=false, reason=DENIED_STRICT_SURVIVAL}
[11:10:58] [Server thread/INFO]: [AIBot] ACTION event=capability_decision bot=Bob {context=diagnostic_nearby, capability=HIDDEN_BLOCK_SCAN, profile=strict_survival, allowed=false, reason=DENIED_STRICT_SURVIVAL}
[11:10:58] [Server thread/INFO]: [AIBot] ACTION event=diag_snapshot bot=Bob {food=16, air=300, mode=survival, task=gather, task_progress=1.0, goal=none, task_phase=SURVEY, in_lava=false, step=, light=15, submerged=false, task_state=FAILED, held=minecraft:iron_axex1, fall=0.0, pos=525,68,122, on_ground=true, hp=12.5/20.0, mining_idle=true, nearby=animals=0 hostiles=0, inv=minecraft:iron_axex1 minecraft:dirtx14 minecraft:oak_logx6, path_idle=true}
[11:11:00] [Server thread/INFO]: [AIBot] ACTION event=diag_snapshot bot=Bob {food=16, air=300, mode=survival, task=gather, task_progress=1.0, goal=none, task_phase=SURVEY, in_lava=false, step=, light=15, submerged=false, task_state=FAILED, held=minecraft:iron_axex1, fall=0.0, pos=525,68,122, on_ground=true, hp=12.5/20.0, mining_idle=true, nearby=animals=0 hostiles=0, inv=minecraft:iron_axex1 minecraft:dirtx14 minecraft:oak_logx6, path_idle=true}
[11:11:01] [Server thread/INFO]: [AIBot] ACTION event=capability_decision bot=Bob {context=observable_entity_query, capability=HIDDEN_BLOCK_SCAN, profile=strict_survival, allowed=false, reason=DENIED_STRICT_SURVIVAL}
[11:11:01] [Server thread/WARN]: [AIBot] PERCEPTION event=snapshot_slow bot=Bob {elapsed_ms=13}
[11:11:02] [Server thread/INFO]: [AIBot] ACTION event=diag_snapshot bot=Bob {food=16, air=300, mode=survival, task=gather, task_progress=1.0, goal=none, task_phase=SURVEY, in_lava=false, step=, light=15, submerged=false, task_state=FAILED, held=minecraft:iron_axex1, fall=0.0, pos=525,68,122, on_ground=true, hp=12.5/20.0, mining_idle=true, nearby=animals=0 hostiles=0, inv=minecraft:iron_axex1 minecraft:dirtx14 minecraft:oak_logx6, path_idle=true}
[11:11:03] [Server thread/WARN]: [AIBot] PERCEPTION event=snapshot_slow bot=Bob {elapsed_ms=14}
[11:11:03] [Server thread/INFO]: [AIBot] ACTION event=capability_decision bot=Bob {context=observable_block_query, capability=HIDDEN_BLOCK_SCAN, profile=strict_survival, allowed=false, reason=DENIED_STRICT_SURVIVAL}
[11:11:03] [Server thread/INFO]: [AIBot] ACTION event=capability_decision bot=Bob {context=perception_snapshot, capability=HIDDEN_BLOCK_SCAN, profile=strict_survival, allowed=false, reason=DENIED_STRICT_SURVIVAL}
[11:11:04] [Server thread/INFO]: [AIBot] ACTION event=capability_decision bot=Bob {context=diagnostic_nearby, capability=HIDDEN_BLOCK_SCAN, profile=strict_survival, allowed=false, reason=DENIED_STRICT_SURVIVAL}
[11:11:04] [Server thread/INFO]: [AIBot] ACTION event=diag_snapshot bot=Bob {food=16, air=300, mode=survival, task=gather, task_progress=1.0, goal=none, task_phase=SURVEY, in_lava=false, step=, light=15, submerged=false, task_state=FAILED, held=minecraft:iron_axex1, fall=0.0, pos=525,68,122, on_ground=true, hp=12.5/20.0, mining_idle=true, nearby=animals=0 hostiles=0, inv=minecraft:iron_axex1 minecraft:dirtx14 minecraft:oak_logx6, path_idle=true}
[11:11:06] [Server thread/INFO]: [AIBot] ACTION event=capability_decision bot=Bob {context=observable_entity_query, capability=HIDDEN_BLOCK_SCAN, profile=strict_survival, allowed=false, reason=DENIED_STRICT_SURVIVAL}
[11:11:06] [Server thread/WARN]: [AIBot] PERCEPTION event=snapshot_slow bot=Bob {elapsed_ms=11}
[11:11:06] [Server thread/INFO]: [AIBot] ACTION event=diag_snapshot bot=Bob {food=16, air=300, mode=survival, task=gather, task_progress=1.0, goal=none, task_phase=SURVEY, in_lava=false, step=, light=15, submerged=false, task_state=FAILED, held=minecraft:iron_axex1, fall=0.0, pos=525,68,122, on_ground=true, hp=12.5/20.0, mining_idle=true, nearby=animals=0 hostiles=0, inv=minecraft:iron_axex1 minecraft:dirtx14 minecraft:oak_logx6, path_idle=true}
[11:11:07] [Server thread/WARN]: [AIBot] PERCEPTION event=snapshot_slow bot=Bob {elapsed_ms=11}
[11:11:08] [Server thread/INFO]: [AIBot] LIFECYCLE event=mixin_alive bot=- {server_tick=9600}
[11:11:08] [Server thread/INFO]: [AIBot] ACTION event=capability_decision bot=Bob {context=observable_block_query, capability=HIDDEN_BLOCK_SCAN, profile=strict_survival, allowed=false, reason=DENIED_STRICT_SURVIVAL}
[11:11:08] [Server thread/INFO]: [AIBot] ACTION event=capability_decision bot=Bob {context=perception_snapshot, capability=HIDDEN_BLOCK_SCAN, profile=strict_survival, allowed=false, reason=DENIED_STRICT_SURVIVAL}
[11:11:08] [Server thread/INFO]: [AIBot] ACTION event=diag_snapshot bot=Bob {food=16, air=300, mode=survival, task=gather, task_progress=1.0, goal=none, task_phase=SURVEY, in_lava=false, step=, light=15, submerged=false, task_state=FAILED, held=minecraft:iron_axex1, fall=0.0, pos=525,68,122, on_ground=true, hp=12.5/20.0, mining_idle=true, nearby=animals=0 hostiles=0, inv=minecraft:iron_axex1 minecraft:dirtx14 minecraft:oak_logx6, path_idle=true}
[11:11:09] [Server thread/WARN]: [AIBot] PERCEPTION event=snapshot_slow bot=Bob {elapsed_ms=13}
[11:11:10] [Server thread/INFO]: [AIBot] ACTION event=capability_decision bot=Bob {context=diagnostic_nearby, capability=HIDDEN_BLOCK_SCAN, profile=strict_survival, allowed=false, reason=DENIED_STRICT_SURVIVAL}
[11:11:10] [Server thread/INFO]: [AIBot] ACTION event=diag_snapshot bot=Bob {food=16, air=300, mode=survival, task=gather, task_progress=1.0, goal=none, task_phase=SURVEY, in_lava=false, step=, light=15, submerged=false, task_state=FAILED, held=minecraft:iron_axex1, fall=0.0, pos=525,68,122, on_ground=true, hp=12.5/20.0, mining_idle=true, nearby=animals=0 hostiles=0, inv=minecraft:iron_axex1 minecraft:dirtx14 minecraft:oak_logx6, path_idle=true}
[11:11:11] [Server thread/INFO]: [AIBot] ACTION event=capability_decision bot=Bob {context=observable_entity_query, capability=HIDDEN_BLOCK_SCAN, profile=strict_survival, allowed=false, reason=DENIED_STRICT_SURVIVAL}
[11:11:12] [Server thread/WARN]: [AIBot] PERCEPTION event=snapshot_slow bot=Bob {elapsed_ms=18}
[11:11:12] [Server thread/INFO]: [AIBot] ACTION event=diag_snapshot bot=Bob {food=16, air=300, mode=survival, task=gather, task_progress=1.0, goal=none, task_phase=SURVEY, in_lava=false, step=, light=15, submerged=false, task_state=FAILED, held=minecraft:iron_axex1, fall=0.0, pos=525,68,122, on_ground=true, hp=12.5/20.0, mining_idle=true, nearby=animals=0 hostiles=0, inv=minecraft:iron_axex1 minecraft:dirtx14 minecraft:oak_logx6, path_idle=true}
[11:11:13] [Server thread/INFO]: [AIBot] ACTION event=capability_decision bot=Bob {context=observable_block_query, capability=HIDDEN_BLOCK_SCAN, profile=strict_survival, allowed=false, reason=DENIED_STRICT_SURVIVAL}
[11:11:13] [Server thread/INFO]: [AIBot] ACTION event=capability_decision bot=Bob {context=perception_snapshot, capability=HIDDEN_BLOCK_SCAN, profile=strict_survival, allowed=false, reason=DENIED_STRICT_SURVIVAL}
[11:11:13] [Server thread/WARN]: [AIBot] PERCEPTION event=snapshot_slow bot=Bob {elapsed_ms=16}
[11:11:14] [Server thread/WARN]: [AIBot] PERCEPTION event=snapshot_slow bot=Bob {elapsed_ms=14}
[11:11:14] [Server thread/INFO]: [AIBot] ACTION event=diag_snapshot bot=Bob {food=16, air=300, mode=survival, task=gather, task_progress=1.0, goal=none, task_phase=SURVEY, in_lava=false, step=, light=15, submerged=false, task_state=FAILED, held=minecraft:iron_axex1, fall=0.0, pos=525,68,122, on_ground=true, hp=12.5/20.0, mining_idle=true, nearby=animals=0 hostiles=0, inv=minecraft:iron_axex1 minecraft:dirtx14 minecraft:oak_logx6, path_idle=true}
[11:11:15] [Server thread/WARN]: [AIBot] PERCEPTION event=snapshot_slow bot=Bob {elapsed_ms=16}
[11:11:15] [Server thread/WARN]: [AIBot] PERCEPTION event=snapshot_slow bot=Bob {elapsed_ms=13}
[11:11:16] [Server thread/INFO]: [AIBot] ACTION event=capability_decision bot=Bob {context=observable_entity_query, capability=HIDDEN_BLOCK_SCAN, profile=strict_survival, allowed=false, reason=DENIED_STRICT_SURVIVAL}
[11:11:16] [Server thread/WARN]: [AIBot] PERCEPTION event=snapshot_slow bot=Bob {elapsed_ms=11}
[11:11:16] [Server thread/INFO]: [AIBot] ACTION event=capability_decision bot=Bob {context=diagnostic_nearby, capability=HIDDEN_BLOCK_SCAN, profile=strict_survival, allowed=false, reason=DENIED_STRICT_SURVIVAL}
[11:11:16] [Server thread/INFO]: [AIBot] ACTION event=diag_snapshot bot=Bob {food=16, air=300, mode=survival, task=gather, task_progress=1.0, goal=none, task_phase=SURVEY, in_lava=false, step=, light=15, submerged=false, task_state=FAILED, held=minecraft:iron_axex1, fall=0.0, pos=525,68,122, on_ground=true, hp=12.5/20.0, mining_idle=true, nearby=animals=0 hostiles=0, inv=minecraft:iron_axex1 minecraft:dirtx14 minecraft:oak_logx6, path_idle=true}
[11:11:17] [Server thread/WARN]: [AIBot] PERCEPTION event=snapshot_slow bot=Bob {elapsed_ms=14}
[11:11:18] [Server thread/INFO]: [AIBot] ACTION event=capability_decision bot=Bob {context=observable_block_query, capability=HIDDEN_BLOCK_SCAN, profile=strict_survival, allowed=false, reason=DENIED_STRICT_SURVIVAL}
[11:11:18] [Server thread/INFO]: [AIBot] ACTION event=capability_decision bot=Bob {context=perception_snapshot, capability=HIDDEN_BLOCK_SCAN, profile=strict_survival, allowed=false, reason=DENIED_STRICT_SURVIVAL}
[11:11:18] [Server thread/INFO]: [AIBot] ACTION event=diag_snapshot bot=Bob {food=16, air=300, mode=survival, task=gather, task_progress=1.0, goal=none, task_phase=SURVEY, in_lava=false, step=, light=15, submerged=false, task_state=FAILED, held=minecraft:iron_axex1, fall=0.0, pos=525,68,122, on_ground=true, hp=12.5/20.0, mining_idle=true, nearby=animals=0 hostiles=0, inv=minecraft:iron_axex1 minecraft:dirtx14 minecraft:oak_logx6, path_idle=true}
[11:11:20] [Server thread/WARN]: [AIBot] PERCEPTION event=snapshot_slow bot=Bob {elapsed_ms=11}
[11:11:20] [Server thread/INFO]: [AIBot] ACTION event=diag_snapshot bot=Bob {food=16, air=300, mode=survival, task=gather, task_progress=1.0, goal=none, task_phase=SURVEY, in_lava=false, step=, light=15, submerged=false, task_state=FAILED, held=minecraft:iron_axex1, fall=0.0, pos=525,68,122, on_ground=true, hp=12.5/20.0, mining_idle=true, nearby=animals=0 hostiles=0, inv=minecraft:iron_axex1 minecraft:dirtx14 minecraft:oak_logx6, path_idle=true}
[11:11:21] [Server thread/INFO]: [AIBot] ACTION event=capability_decision bot=Bob {context=observable_entity_query, capability=HIDDEN_BLOCK_SCAN, profile=strict_survival, allowed=false, reason=DENIED_STRICT_SURVIVAL}
[11:11:21] [Server thread/WARN]: [AIBot] PERCEPTION event=snapshot_slow bot=Bob {elapsed_ms=11}
[11:11:22] [Server thread/INFO]: [AIBot] ACTION event=capability_decision bot=Bob {context=diagnostic_nearby, capability=HIDDEN_BLOCK_SCAN, profile=strict_survival, allowed=false, reason=DENIED_STRICT_SURVIVAL}
[11:11:22] [Server thread/INFO]: [AIBot] ACTION event=diag_snapshot bot=Bob {food=16, air=300, mode=survival, task=gather, task_progress=1.0, goal=none, task_phase=SURVEY, in_lava=false, step=, light=15, submerged=false, task_state=FAILED, held=minecraft:iron_axex1, fall=0.0, pos=525,68,122, on_ground=true, hp=12.5/20.0, mining_idle=true, nearby=animals=0 hostiles=0, inv=minecraft:iron_axex1 minecraft:dirtx14 minecraft:oak_logx6, path_idle=true}
[11:11:23] [Server thread/WARN]: [AIBot] PERCEPTION event=snapshot_slow bot=Bob {elapsed_ms=15}
[11:11:23] [Server thread/INFO]: [AIBot] ACTION event=capability_decision bot=Bob {context=observable_block_query, capability=HIDDEN_BLOCK_SCAN, profile=strict_survival, allowed=false, reason=DENIED_STRICT_SURVIVAL}
[11:11:23] [Server thread/INFO]: [AIBot] ACTION event=capability_decision bot=Bob {context=perception_snapshot, capability=HIDDEN_BLOCK_SCAN, profile=strict_survival, allowed=false, reason=DENIED_STRICT_SURVIVAL}
[11:11:23] [Server thread/WARN]: [AIBot] PERCEPTION event=snapshot_slow bot=Bob {elapsed_ms=12}
[11:11:24] [Server thread/WARN]: [AIBot] PERCEPTION event=snapshot_slow bot=Bob {elapsed_ms=17}
[11:11:24] [Server thread/INFO]: [AIBot] ACTION event=diag_snapshot bot=Bob {food=16, air=300, mode=survival, task=gather, task_progress=1.0, goal=none, task_phase=SURVEY, in_lava=false, step=, light=15, submerged=false, task_state=FAILED, held=minecraft:iron_axex1, fall=0.0, pos=525,68,122, on_ground=true, hp=12.5/20.0, mining_idle=true, nearby=animals=0 hostiles=0, inv=minecraft:iron_axex1 minecraft:dirtx14 minecraft:oak_logx6, path_idle=true}
[11:11:26] [Server thread/INFO]: [AIBot] ACTION event=capability_decision bot=Bob {context=observable_entity_query, capability=HIDDEN_BLOCK_SCAN, profile=strict_survival, allowed=false, reason=DENIED_STRICT_SURVIVAL}
[11:11:26] [Server thread/WARN]: [AIBot] PERCEPTION event=snapshot_slow bot=Bob {elapsed_ms=16}
[11:11:26] [Server thread/INFO]: [AIBot] ACTION event=diag_snapshot bot=Bob {food=16, air=300, mode=survival, task=gather, task_progress=1.0, goal=none, task_phase=SURVEY, in_lava=false, step=, light=15, submerged=false, task_state=FAILED, held=minecraft:iron_axex1, fall=0.0, pos=525,68,122, on_ground=true, hp=12.5/20.0, mining_idle=true, nearby=animals=0 hostiles=0, inv=minecraft:iron_axex1 minecraft:dirtx14 minecraft:oak_logx6, path_idle=true}
[11:11:27] [Server thread/WARN]: [AIBot] PERCEPTION event=snapshot_slow bot=Bob {elapsed_ms=12}
[11:11:28] [Server thread/INFO]: [AIBot] ACTION event=capability_decision bot=Bob {context=observable_block_query, capability=HIDDEN_BLOCK_SCAN, profile=strict_survival, allowed=false, reason=DENIED_STRICT_SURVIVAL}
[11:11:28] [Server thread/INFO]: [AIBot] ACTION event=capability_decision bot=Bob {context=perception_snapshot, capability=HIDDEN_BLOCK_SCAN, profile=strict_survival, allowed=false, reason=DENIED_STRICT_SURVIVAL}
[11:11:28] [Server thread/WARN]: [AIBot] PERCEPTION event=snapshot_slow bot=Bob {elapsed_ms=11}
[11:11:28] [Server thread/INFO]: [AIBot] ACTION event=capability_decision bot=Bob {context=diagnostic_nearby, capability=HIDDEN_BLOCK_SCAN, profile=strict_survival, allowed=false, reason=DENIED_STRICT_SURVIVAL}
[11:11:28] [Server thread/INFO]: [AIBot] ACTION event=diag_snapshot bot=Bob {food=16, air=300, mode=survival, task=gather, task_progress=1.0, goal=none, task_phase=SURVEY, in_lava=false, step=, light=15, submerged=false, task_state=FAILED, held=minecraft:iron_axex1, fall=0.0, pos=525,68,122, on_ground=true, hp=12.5/20.0, mining_idle=true, nearby=animals=0 hostiles=0, inv=minecraft:iron_axex1 minecraft:dirtx14 minecraft:oak_logx6, path_idle=true}
[11:11:29] [Server thread/WARN]: [AIBot] PERCEPTION event=snapshot_slow bot=Bob {elapsed_ms=16}
[11:11:30] [Server thread/INFO]: [AIBot] ACTION event=diag_snapshot bot=Bob {food=16, air=300, mode=survival, task=gather, task_progress=1.0, goal=none, task_phase=SURVEY, in_lava=false, step=, light=15, submerged=false, task_state=FAILED, held=minecraft:iron_axex1, fall=0.0, pos=525,68,122, on_ground=true, hp=12.5/20.0, mining_idle=true, nearby=animals=0 hostiles=0, inv=minecraft:iron_axex1 minecraft:dirtx14 minecraft:oak_logx6, path_idle=true}
[11:11:31] [Server thread/INFO]: [AIBot] ACTION event=capability_decision bot=Bob {context=observable_entity_query, capability=HIDDEN_BLOCK_SCAN, profile=strict_survival, allowed=false, reason=DENIED_STRICT_SURVIVAL}
[11:11:32] [Server thread/INFO]: [AIBot] ACTION event=diag_snapshot bot=Bob {food=16, air=300, mode=survival, task=gather, task_progress=1.0, goal=none, task_phase=SURVEY, in_lava=false, step=, light=15, submerged=false, task_state=FAILED, held=minecraft:iron_axex1, fall=0.0, pos=525,68,122, on_ground=true, hp=12.5/20.0, mining_idle=true, nearby=animals=0 hostiles=0, inv=minecraft:iron_axex1 minecraft:dirtx14 minecraft:oak_logx6, path_idle=true}
[11:11:33] [Server thread/INFO]: [AIBot] ACTION event=capability_decision bot=Bob {context=observable_block_query, capability=HIDDEN_BLOCK_SCAN, profile=strict_survival, allowed=false, reason=DENIED_STRICT_SURVIVAL}
[11:11:33] [Server thread/INFO]: [AIBot] ACTION event=capability_decision bot=Bob {context=perception_snapshot, capability=HIDDEN_BLOCK_SCAN, profile=strict_survival, allowed=false, reason=DENIED_STRICT_SURVIVAL}
[11:11:34] [Server thread/INFO]: [AIBot] ACTION event=capability_decision bot=Bob {context=diagnostic_nearby, capability=HIDDEN_BLOCK_SCAN, profile=strict_survival, allowed=false, reason=DENIED_STRICT_SURVIVAL}
[11:11:34] [Server thread/INFO]: [AIBot] ACTION event=diag_snapshot bot=Bob {food=16, air=300, mode=survival, task=gather, task_progress=1.0, goal=none, task_phase=SURVEY, in_lava=false, step=, light=15, submerged=false, task_state=FAILED, held=minecraft:iron_axex1, fall=0.0, pos=525,68,122, on_ground=true, hp=12.5/20.0, mining_idle=true, nearby=animals=0 hostiles=0, inv=minecraft:iron_axex1 minecraft:dirtx14 minecraft:oak_logx6, path_idle=true}
[11:11:35] [Server thread/WARN]: [AIBot] PERCEPTION event=snapshot_slow bot=Bob {elapsed_ms=11}
[11:11:36] [Server thread/INFO]: [AIBot] ACTION event=capability_decision bot=Bob {context=observable_entity_query, capability=HIDDEN_BLOCK_SCAN, profile=strict_survival, allowed=false, reason=DENIED_STRICT_SURVIVAL}
[11:11:36] [Server thread/WARN]: [AIBot] PERCEPTION event=snapshot_slow bot=Bob {elapsed_ms=19}
[11:11:36] [Server thread/INFO]: [AIBot] ACTION event=diag_snapshot bot=Bob {food=16, air=300, mode=survival, task=gather, task_progress=1.0, goal=none, task_phase=SURVEY, in_lava=false, step=, light=15, submerged=false, task_state=FAILED, held=minecraft:iron_axex1, fall=0.0, pos=525,68,122, on_ground=true, hp=12.5/20.0, mining_idle=true, nearby=animals=0 hostiles=0, inv=minecraft:iron_axex1 minecraft:dirtx14 minecraft:oak_logx6, path_idle=true}
[11:11:37] [Server thread/WARN]: [AIBot] PERCEPTION event=snapshot_slow bot=Bob {elapsed_ms=17}
[11:11:37] [Server thread/WARN]: [AIBot] PERCEPTION event=snapshot_slow bot=Bob {elapsed_ms=16}
[11:11:38] [Server thread/WARN]: [AIBot] PERCEPTION event=snapshot_slow bot=Bob {elapsed_ms=17}
[11:11:38] [Server thread/INFO]: [AIBot] ACTION event=capability_decision bot=Bob {context=observable_block_query, capability=HIDDEN_BLOCK_SCAN, profile=strict_survival, allowed=false, reason=DENIED_STRICT_SURVIVAL}
[11:11:38] [Server thread/INFO]: [AIBot] ACTION event=capability_decision bot=Bob {context=perception_snapshot, capability=HIDDEN_BLOCK_SCAN, profile=strict_survival, allowed=false, reason=DENIED_STRICT_SURVIVAL}
[11:11:38] [Server thread/INFO]: [AIBot] ACTION event=diag_snapshot bot=Bob {food=16, air=300, mode=survival, task=gather, task_progress=1.0, goal=none, task_phase=SURVEY, in_lava=false, step=, light=15, submerged=false, task_state=FAILED, held=minecraft:iron_axex1, fall=0.0, pos=525,68,122, on_ground=true, hp=12.5/20.0, mining_idle=true, nearby=animals=0 hostiles=0, inv=minecraft:iron_axex1 minecraft:dirtx14 minecraft:oak_logx6, path_idle=true}
[11:11:39] [Server thread/WARN]: [AIBot] PERCEPTION event=snapshot_slow bot=Bob {elapsed_ms=18}
[11:11:40] [Server thread/WARN]: [AIBot] PERCEPTION event=snapshot_slow bot=Bob {elapsed_ms=13}
[11:11:40] [Server thread/INFO]: [AIBot] ACTION event=capability_decision bot=Bob {context=diagnostic_nearby, capability=HIDDEN_BLOCK_SCAN, profile=strict_survival, allowed=false, reason=DENIED_STRICT_SURVIVAL}
[11:11:40] [Server thread/INFO]: [AIBot] ACTION event=diag_snapshot bot=Bob {food=16, air=300, mode=survival, task=gather, task_progress=1.0, goal=none, task_phase=SURVEY, in_lava=false, step=, light=15, submerged=false, task_state=FAILED, held=minecraft:iron_axex1, fall=0.0, pos=525,68,122, on_ground=true, hp=12.5/20.0, mining_idle=true, nearby=animals=0 hostiles=0, inv=minecraft:iron_axex1 minecraft:dirtx14 minecraft:oak_logx6, path_idle=true}
[11:11:41] [Server thread/INFO]: [AIBot] ACTION event=capability_decision bot=Bob {context=observable_entity_query, capability=HIDDEN_BLOCK_SCAN, profile=strict_survival, allowed=false, reason=DENIED_STRICT_SURVIVAL}
[11:11:41] [Server thread/WARN]: [AIBot] PERCEPTION event=snapshot_slow bot=Bob {elapsed_ms=16}
[11:11:42] [Server thread/WARN]: [AIBot] PERCEPTION event=snapshot_slow bot=Bob {elapsed_ms=12}
[11:11:42] [Server thread/WARN]: [AIBot] PERCEPTION event=snapshot_slow bot=Bob {elapsed_ms=12}
[11:11:42] [Server thread/INFO]: [AIBot] ACTION event=diag_snapshot bot=Bob {food=16, air=300, mode=survival, task=gather, task_progress=1.0, goal=none, task_phase=SURVEY, in_lava=false, step=, light=15, submerged=false, task_state=FAILED, held=minecraft:iron_axex1, fall=0.0, pos=525,68,122, on_ground=true, hp=12.5/20.0, mining_idle=true, nearby=animals=0 hostiles=0, inv=minecraft:iron_axex1 minecraft:dirtx14 minecraft:oak_logx6, path_idle=true}
[11:11:43] [Server thread/WARN]: [AIBot] PERCEPTION event=snapshot_slow bot=Bob {elapsed_ms=13}
[11:11:43] [Server thread/INFO]: [AIBot] ACTION event=capability_decision bot=Bob {context=observable_block_query, capability=HIDDEN_BLOCK_SCAN, profile=strict_survival, allowed=false, reason=DENIED_STRICT_SURVIVAL}
[11:11:43] [Server thread/INFO]: [AIBot] ACTION event=capability_decision bot=Bob {context=perception_snapshot, capability=HIDDEN_BLOCK_SCAN, profile=strict_survival, allowed=false, reason=DENIED_STRICT_SURVIVAL}
[11:11:43] [Server thread/WARN]: [AIBot] PERCEPTION event=snapshot_slow bot=Bob {elapsed_ms=16}
[11:11:44] [Server thread/WARN]: [AIBot] PERCEPTION event=snapshot_slow bot=Bob {elapsed_ms=16}
[11:11:44] [Server thread/WARN]: [AIBot] PERCEPTION event=snapshot_slow bot=Bob {elapsed_ms=12}
[11:11:44] [Server thread/INFO]: [AIBot] ACTION event=diag_snapshot bot=Bob {food=16, air=300, mode=survival, task=gather, task_progress=1.0, goal=none, task_phase=SURVEY, in_lava=false, step=, light=15, submerged=false, task_state=FAILED, held=minecraft:iron_axex1, fall=0.0, pos=525,68,122, on_ground=true, hp=12.5/20.0, mining_idle=true, nearby=animals=0 hostiles=0, inv=minecraft:iron_axex1 minecraft:dirtx14 minecraft:oak_logx6, path_idle=true}
[11:11:45] [Server thread/WARN]: [AIBot] PERCEPTION event=snapshot_slow bot=Bob {elapsed_ms=14}
[11:11:45] [Server thread/WARN]: [AIBot] PERCEPTION event=snapshot_slow bot=Bob {elapsed_ms=11}
[11:11:46] [Server thread/INFO]: [AIBot] ACTION event=capability_decision bot=Bob {context=observable_entity_query, capability=HIDDEN_BLOCK_SCAN, profile=strict_survival, allowed=false, reason=DENIED_STRICT_SURVIVAL}
[11:11:46] [Server thread/WARN]: [AIBot] PERCEPTION event=snapshot_slow bot=Bob {elapsed_ms=13}
[11:11:46] [Server thread/WARN]: [AIBot] PERCEPTION event=snapshot_slow bot=Bob {elapsed_ms=14}
[11:11:46] [Server thread/INFO]: [AIBot] ACTION event=capability_decision bot=Bob {context=diagnostic_nearby, capability=HIDDEN_BLOCK_SCAN, profile=strict_survival, allowed=false, reason=DENIED_STRICT_SURVIVAL}
[11:11:46] [Server thread/INFO]: [AIBot] ACTION event=diag_snapshot bot=Bob {food=16, air=300, mode=survival, task=gather, task_progress=1.0, goal=none, task_phase=SURVEY, in_lava=false, step=, light=15, submerged=false, task_state=FAILED, held=minecraft:iron_axex1, fall=0.0, pos=525,68,122, on_ground=true, hp=12.5/20.0, mining_idle=true, nearby=animals=0 hostiles=0, inv=minecraft:iron_axex1 minecraft:dirtx14 minecraft:oak_logx6, path_idle=true}
[11:11:47] [Server thread/WARN]: [AIBot] PERCEPTION event=snapshot_slow bot=Bob {elapsed_ms=13}
[11:11:48] [Server thread/INFO]: [AIBot] ACTION event=capability_decision bot=Bob {context=observable_block_query, capability=HIDDEN_BLOCK_SCAN, profile=strict_survival, allowed=false, reason=DENIED_STRICT_SURVIVAL}
[11:11:48] [Server thread/INFO]: [AIBot] ACTION event=capability_decision bot=Bob {context=perception_snapshot, capability=HIDDEN_BLOCK_SCAN, profile=strict_survival, allowed=false, reason=DENIED_STRICT_SURVIVAL}
[11:11:48] [Server thread/INFO]: [AIBot] ACTION event=diag_snapshot bot=Bob {food=16, air=300, mode=survival, task=gather, task_progress=1.0, goal=none, task_phase=SURVEY, in_lava=false, step=, light=15, submerged=false, task_state=FAILED, held=minecraft:iron_axex1, fall=0.0, pos=525,68,122, on_ground=true, hp=12.5/20.0, mining_idle=true, nearby=animals=0 hostiles=0, inv=minecraft:iron_axex1 minecraft:dirtx14 minecraft:oak_logx6, path_idle=true}
[11:11:50] [Server thread/WARN]: [AIBot] PERCEPTION event=snapshot_slow bot=Bob {elapsed_ms=16}
[11:11:50] [Server thread/INFO]: [AIBot] ACTION event=diag_snapshot bot=Bob {food=16, air=300, mode=survival, task=gather, task_progress=1.0, goal=none, task_phase=SURVEY, in_lava=false, step=, light=15, submerged=false, task_state=FAILED, held=minecraft:iron_axex1, fall=0.0, pos=525,68,122, on_ground=true, hp=12.5/20.0, mining_idle=true, nearby=animals=0 hostiles=0, inv=minecraft:iron_axex1 minecraft:dirtx14 minecraft:oak_logx6, path_idle=true}
[11:11:51] [Server thread/INFO]: [AIBot] ACTION event=capability_decision bot=Bob {context=observable_entity_query, capability=HIDDEN_BLOCK_SCAN, profile=strict_survival, allowed=false, reason=DENIED_STRICT_SURVIVAL}
[11:11:51] [Server thread/WARN]: [AIBot] PERCEPTION event=snapshot_slow bot=Bob {elapsed_ms=14}
[11:11:52] [Server thread/INFO]: [AIBot] ACTION event=capability_decision bot=Bob {context=diagnostic_nearby, capability=HIDDEN_BLOCK_SCAN, profile=strict_survival, allowed=false, reason=DENIED_STRICT_SURVIVAL}
[11:11:52] [Server thread/INFO]: [AIBot] ACTION event=diag_snapshot bot=Bob {food=16, air=300, mode=survival, task=gather, task_progress=1.0, goal=none, task_phase=SURVEY, in_lava=false, step=, light=15, submerged=false, task_state=FAILED, held=minecraft:iron_axex1, fall=0.0, pos=525,68,122, on_ground=true, hp=12.5/20.0, mining_idle=true, nearby=animals=0 hostiles=0, inv=minecraft:iron_axex1 minecraft:dirtx14 minecraft:oak_logx6, path_idle=true}
[11:11:53] [Server thread/WARN]: [AIBot] PERCEPTION event=snapshot_slow bot=Bob {elapsed_ms=12}
[11:11:53] [Server thread/INFO]: [AIBot] ACTION event=capability_decision bot=Bob {context=observable_block_query, capability=HIDDEN_BLOCK_SCAN, profile=strict_survival, allowed=false, reason=DENIED_STRICT_SURVIVAL}
[11:11:53] [Server thread/INFO]: [AIBot] ACTION event=capability_decision bot=Bob {context=perception_snapshot, capability=HIDDEN_BLOCK_SCAN, profile=strict_survival, allowed=false, reason=DENIED_STRICT_SURVIVAL}
[11:11:53] [Server thread/WARN]: [AIBot] PERCEPTION event=snapshot_slow bot=Bob {elapsed_ms=13}
[11:11:54] [Server thread/WARN]: [AIBot] PERCEPTION event=snapshot_slow bot=Bob {elapsed_ms=11}
[11:11:54] [Server thread/INFO]: [AIBot] ACTION event=diag_snapshot bot=Bob {food=16, air=300, mode=survival, task=gather, task_progress=1.0, goal=none, task_phase=SURVEY, in_lava=false, step=, light=15, submerged=false, task_state=FAILED, held=minecraft:iron_axex1, fall=0.0, pos=525,68,122, on_ground=true, hp=12.5/20.0, mining_idle=true, nearby=animals=0 hostiles=0, inv=minecraft:iron_axex1 minecraft:dirtx14 minecraft:oak_logx6, path_idle=true}
[11:11:56] [Server thread/INFO]: [AIBot] ACTION event=capability_decision bot=Bob {context=observable_entity_query, capability=HIDDEN_BLOCK_SCAN, profile=strict_survival, allowed=false, reason=DENIED_STRICT_SURVIVAL}
[11:11:56] [Server thread/INFO]: [AIBot] ACTION event=diag_snapshot bot=Bob {food=16, air=300, mode=survival, task=gather, task_progress=1.0, goal=none, task_phase=SURVEY, in_lava=false, step=, light=15, submerged=false, task_state=FAILED, held=minecraft:iron_axex1, fall=0.0, pos=525,68,122, on_ground=true, hp=12.5/20.0, mining_idle=true, nearby=animals=0 hostiles=0, inv=minecraft:iron_axex1 minecraft:dirtx14 minecraft:oak_logx6, path_idle=true}
[11:11:57] [Server thread/WARN]: [AIBot] PERCEPTION event=snapshot_slow bot=Bob {elapsed_ms=11}
[11:11:57] [RCON Listener #1/INFO]: Thread RCON Client /127.0.0.1 started
[11:11:57] [Server thread/INFO]: [Rcon: Stopping the server]
[11:11:57] [RCON Client /127.0.0.1 #561/INFO]: Thread RCON Client /127.0.0.1 shutting down
[11:11:57] [Server thread/INFO]: [AIBot] LIFECYCLE event=server_stopping bot=- {}
[11:11:57] [AIBotPersistenceWriter/INFO]: [AIBot] LIFECYCLE event=runtime_persist_saved bot=- {path=.\world_play\.\aibot\runtime.json, bots=1, jobs=0, schema=1, atomic_move=true}
[11:11:57] [Server thread/INFO]: [AIBot] COMM event=conversation_reset bot=Bob {}
[11:11:57] [Server thread/INFO]: Bob lost connection: AIBot server unload
[11:11:57] [Server thread/INFO]: Bob left the game
[11:11:57] [Server thread/INFO]: [AIBot] LIFECYCLE event=all_bots_cleared bot=- {count=1}
[11:11:57] [Server thread/INFO]: [AIBot] TASK event=jobs_cleared bot=- {}
[11:11:57] [Server thread/INFO]: [AIBot] LIFECYCLE event=server_runtime_stopped bot=- {persisted_bots=1}
[11:11:57] [Server thread/INFO]: Stopping server
[11:11:57] [Server thread/INFO]: Saving players
[11:11:57] [Server thread/INFO]: Saving worlds
[11:11:57] [Server thread/INFO]: Saving chunks for level 'ServerLevel[world_play]'/minecraft:overworld
[11:11:57] [Server thread/INFO]: Saving chunks for level 'ServerLevel[world_play]'/minecraft:the_end
[11:11:57] [Server thread/INFO]: Saving chunks for level 'ServerLevel[world_play]'/minecraft:the_nether
[11:11:57] [Server thread/INFO]: ThreadedAnvilChunkStorage (world_play): All chunks are saved
[11:11:57] [Server thread/INFO]: ThreadedAnvilChunkStorage (DIM1): All chunks are saved
[11:11:57] [Server thread/INFO]: ThreadedAnvilChunkStorage (DIM-1): All chunks are saved
[11:11:57] [Server thread/INFO]: ThreadedAnvilChunkStorage: All dimensions are saved
[11:11:57] [Server thread/INFO]: Thread RCON Listener stopped
