Starting net.fabricmc.loader.impl.game.minecraft.BundlerClassPathCapture
[23:42:31] [main/INFO]: Loading Minecraft 1.21.3 with Fabric Loader 0.19.5
[23:42:31] [ForkJoinPool-1-worker-5/WARN]: Mod mr_vein_miner uses the version 26.x which isn't compatible with Loader's extended semantic version format (Could not parse version number component 'x'!), SemVer is recommended for reliably evaluating dependencies and prioritizing newer version
[23:42:31] [main/INFO]: Loading 47 mods:
	- aibot 0.0.1
	- appleskin 3.0.6+mc1.21.3
	   \-- cloth-config 16.0.141
	        \-- cloth-basic-math 0.6.1
	- fabric-api 0.114.1+1.21.3
	   |-- fabric-api-base 0.4.50+119c825640
	   |-- fabric-api-lookup-api-v1 1.6.81+fd37071f40
	   |-- fabric-biome-api-v1 14.0.7+add2a48640
	   |-- fabric-block-api-v1 1.0.28+fd37071f40
	   |-- fabric-block-view-api-v2 1.0.16+fd37071f40
	   |-- fabric-command-api-v1 1.2.58+f71b366f40
	   |-- fabric-command-api-v2 2.2.37+c9d82ab240
	   |-- fabric-commands-v0 0.2.75+df3654b340
	   |-- fabric-content-registries-v0 9.1.8+fd37071f40
	   |-- fabric-convention-tags-v1 2.1.4+7f945d5b40
	   |-- fabric-convention-tags-v2 2.9.4+129f0c1f40
	   |-- fabric-crash-report-info-v1 0.3.3+fd37071f40
	   |-- fabric-data-attachment-api-v1 1.4.0+dbad41f140
	   |-- fabric-data-generation-api-v1 21.1.2+a730659c40
	   |-- fabric-dimensions-v1 4.0.7+fd37071f40
	   |-- fabric-entity-events-v1 2.0.8+825023f840
	   |-- fabric-events-interaction-v0 2.0.12+c2c3ac4740
	   |-- fabric-game-rule-api-v1 1.0.59+fd37071f40
	   |-- fabric-item-api-v1 11.1.7+fd37071f40
	   |-- fabric-item-group-api-v1 4.1.17+fd37071f40
	   |-- fabric-lifecycle-events-v1 2.5.1+6da5ef6940
	   |-- fabric-loot-api-v2 3.0.26+3f89f5a540
	   |-- fabric-loot-api-v3 1.0.14+fd37071f40
	   |-- fabric-message-api-v1 6.0.22+5a9b22c640
	   |-- fabric-networking-api-v1 4.3.5+fd37071f40
	   |-- fabric-object-builder-api-v1 17.0.9+fd37071f40
	   |-- fabric-particles-v1 4.0.10+fd37071f40
	   |-- fabric-recipe-api-v1 7.0.5+8ea69ff840
	   |-- fabric-registry-sync-v0 5.4.1+3f3c499540
	   |-- fabric-rendering-data-attachment-v1 0.3.54+73761d2e40
	   |-- fabric-rendering-fluids-v1 3.1.15+fd37071f40
	   |-- fabric-resource-conditions-api-v1 5.0.8+fd37071f40
	   |-- fabric-resource-loader-v0 3.0.6+fd37071f40
	   |-- fabric-screen-handler-api-v1 1.3.103+fd37071f40
	   |-- fabric-tag-api-v1 1.0.0+a730659c40
	   |-- fabric-transfer-api-v1 5.4.3+cb44d14340
	   \-- fabric-transitive-access-wideners-v1 6.2.0+54a41b1c40
	- fabricloader 0.19.5
	   \-- mixinextras 0.5.5
	- java 21
	- minecraft 1.21.3
	- mr_vein_miner 26.x
[23:42:32] [main/INFO]: SpongePowered MIXIN Subsystem Version=0.8.7 Source=file:/D:/code/mc-experiment/mc-server-mc1ca/libraries/net/fabricmc/sponge-mixin/0.17.4+mixin.0.8.7/sponge-mixin-0.17.4+mixin.0.8.7.jar Service=Knot/Fabric Env=SERVER
[23:42:33] [main/INFO]: Initializing MixinExtras via com.llamalad7.mixinextras.service.MixinExtrasServiceImpl(version=0.5.5).
[23:42:53] [main/INFO]: [AIBot] CONFIG event=operating_profile_resolved bot=- {source=FILE_OR_DEFAULT, profile=strict_survival, configured_manual_teleport=true, effective_capabilities=[], configured_emergency_teleport=true, configured_hidden_block_scan=true, configured_forced_pickup=true}
[23:42:53] [main/INFO]: [AIBot] LIFECYCLE event=mod_loaded bot=- {version=0.0.1}
[23:42:53] [main/INFO]: [AIBot] CONFIG event=config_loaded bot=- {nav_lookahead=4, profile=strict_survival, pickup_force_radius=2.75, perception_radius=16, effective_capabilities=[], deepseek_model=deepseek/deepseek-v4-flash, configured_operator_capabilities=OperatorCapabilities[hiddenBlockScan=true, emergencyTeleport=true, forcedPickup=true, manualTeleport=true], logging_enabled=true}
[23:42:53] [main/INFO]: ================================
[23:42:53] [main/INFO]:   AIBot v0.0.1 loaded
[23:42:53] [main/INFO]:   Mode: M6 structured logs over M5 tasks
[23:42:53] [main/INFO]: ================================
[23:42:55] [main/INFO]: Environment: Environment[sessionHost=https://sessionserver.mojang.com, servicesHost=https://api.minecraftservices.com, name=PROD]
[23:43:00] [main/INFO]: Loaded 1338 recipes
[23:43:00] [main/INFO]: Loaded 1448 advancements
[23:43:01] [main/INFO]: Applied 0 biome modifications to 0 of 64 new biomes in 12.70 ms
[23:43:01] [Server thread/INFO]: Starting minecraft server version 1.21.3
[23:43:01] [Server thread/INFO]: Loading properties
[23:43:01] [Server thread/INFO]: Default game type: SURVIVAL
[23:43:01] [Server thread/INFO]: Generating keypair
[23:43:01] [Server thread/INFO]: Starting Minecraft server on *:25565
[23:43:01] [Server thread/INFO]: Using default channel type
[23:43:01] [Server thread/WARN]: **** SERVER IS RUNNING IN OFFLINE/INSECURE MODE!
[23:43:01] [Server thread/WARN]: The server will make no attempt to authenticate usernames. Beware.
[23:43:01] [Server thread/WARN]: While this makes the game possible to play without internet access, it also opens up the ability for hackers to connect with any username they choose.
[23:43:01] [Server thread/WARN]: To change this, set "online-mode" to "true" in the server.properties file.
[23:43:01] [Server thread/INFO]: Preparing level "world_play"
[23:43:02] [Server thread/INFO]: Preparing start region for dimension minecraft:overworld
[23:43:03] [Worker-Main-12/INFO]: Preparing spawn area: 0%
[23:43:03] [Worker-Main-12/INFO]: Preparing spawn area: 0%
[23:43:03] [Worker-Main-12/INFO]: Preparing spawn area: 0%
[23:43:03] [Worker-Main-1/INFO]: Preparing spawn area: 0%
[23:43:04] [Server thread/INFO]: Time elapsed: 1976 ms
[23:43:04] [Server thread/INFO]: Done (2.688s)! For help, type "help"
[23:43:04] [Server thread/INFO]: Starting remote control listener
[23:43:04] [Server thread/INFO]: Thread RCON Listener started
[23:43:04] [Server thread/INFO]: RCON running on 0.0.0.0:25575
[23:43:04] [Server thread/INFO]: [AIBot] LIFECYCLE event=server_started bot=- {motd=aibot-dsh-m0 isolated acceptance}
[23:43:04] [Server thread/INFO]: [AIBot] TASK event=jobs_cleared bot=- {}
[23:43:04] [Server thread/INFO]: [AIBot] COMM event=runtime_recipe_index_built bot=- {scanned=1338, indexed=757}
[23:43:04] [Server thread/INFO]: Bob[127.0.0.1] logged in with entity id 1 at (572.5838594680017, 63.0, 157.54593274531294)
[23:43:05] [Server thread/INFO]: Bob joined the game
[23:43:05] [Server thread/INFO]: [AIBot] LIFECYCLE event=bot_spawned bot=Bob {mode=survival, pos=572,63,157}
[23:43:05] [Server thread/INFO]: [AIBot] LIFECYCLE event=bot_role_set bot=Bob {role=worker}
[23:43:05] [Server thread/INFO]: [AIBot] COMM event=bot_memory_loaded bot=- {bot_uuid=faa5dca3-c3d4-354b-ae1b-dde9e5a14b3b}
[23:43:05] [Server thread/INFO]: [AIBot] LIFECYCLE event=bot_restored bot=Bob {mode=survival, pos=572,63,157, dimension=minecraft:overworld, fallback=false}
[23:43:05] [Server thread/INFO]: [AIBot] LIFECYCLE event=server_runtime_ready bot=- {runtime_session=68c1fe59-7c66-4b2d-9cc9-6e654c1d5d11, restored_bots=1}
[23:43:06] [Server thread/INFO]: [AIBot] COMM event=conversation_reset bot=Bob {}
[23:43:06] [Server thread/INFO]: [AIBot] ACTION event=capability_decision bot=Bob {context=perception_snapshot, capability=HIDDEN_BLOCK_SCAN, profile=strict_survival, allowed=false, reason=DENIED_STRICT_SURVIVAL}
[23:43:06] [Server thread/INFO]: [AIBot] ACTION event=capability_decision bot=Bob {context=observable_block_query, capability=HIDDEN_BLOCK_SCAN, profile=strict_survival, allowed=false, reason=DENIED_STRICT_SURVIVAL}
[23:43:06] [Server thread/WARN]: [AIBot] PERCEPTION event=snapshot_slow bot=Bob {elapsed_ms=392}
[23:43:06] [Server thread/INFO]: AIBot external-body bridge bound to loopback port 8765 for Bob
[23:43:06] [Server thread/WARN]: Can't keep up! Is the server overloaded? Running 2325ms or 46 ticks behind
[23:43:08] [Server thread/WARN]: [AIBot] PERCEPTION event=snapshot_slow bot=Bob {elapsed_ms=88}
[23:43:09] [Server thread/WARN]: [AIBot] PERCEPTION event=snapshot_slow bot=Bob {elapsed_ms=37}
[23:43:09] [Server thread/WARN]: [AIBot] PERCEPTION event=snapshot_slow bot=Bob {elapsed_ms=35}
[23:43:10] [Server thread/WARN]: [AIBot] PERCEPTION event=snapshot_slow bot=Bob {elapsed_ms=77}
[23:43:10] [Server thread/INFO]: [AIBot] ACTION event=capability_decision bot=Bob {context=diagnostic_nearby, capability=HIDDEN_BLOCK_SCAN, profile=strict_survival, allowed=false, reason=DENIED_STRICT_SURVIVAL}
[23:43:10] [Server thread/INFO]: [AIBot] ACTION event=capability_decision bot=Bob {context=observable_entity_query, capability=HIDDEN_BLOCK_SCAN, profile=strict_survival, allowed=false, reason=DENIED_STRICT_SURVIVAL}
[23:43:10] [Server thread/INFO]: [AIBot] ACTION event=diag_snapshot bot=Bob {on_ground=true, hp=20.0/20.0, mining_idle=true, nearby=animals=0 hostiles=0, inv=minecraft:stone_axex1 minecraft:wooden_swordx1 minecraft:crafting_tablex1 minecraft:stickx2 minecraft:wooden_pickaxex1 minecraft:wooden_axex1 minecraft:cobblestonex2 minecraft:stone_pickaxex1 minecraft:cherry_planksx1 minecraft:eggx1 minecraft:stone_swordx1 minecraft:raw_ironx2, path_idle=true, food=19, air=300, mode=survival, task=idle, task_progress=1.0, goal=none, task_phase=, in_lava=false, step=, light=15, submerged=false, task_state=COMPLETED, held=minecraft:stone_axex1, fall=0.0, pos=572,63,157}
[23:43:10] [Server thread/WARN]: [AIBot] PERCEPTION event=snapshot_slow bot=Bob {elapsed_ms=25}
[23:43:10] [Server thread/WARN]: [AIBot] PERCEPTION event=snapshot_slow bot=Bob {elapsed_ms=27}
[23:43:11] [Server thread/WARN]: [AIBot] PERCEPTION event=snapshot_slow bot=Bob {elapsed_ms=28}
[23:43:11] [Server thread/WARN]: [AIBot] PERCEPTION event=snapshot_slow bot=Bob {elapsed_ms=25}
[23:43:11] [Server thread/INFO]: [AIBot] ACTION event=diag_snapshot bot=Bob {on_ground=true, hp=20.0/20.0, mining_idle=true, nearby=animals=0 hostiles=0, inv=minecraft:stone_axex1 minecraft:wooden_swordx1 minecraft:crafting_tablex1 minecraft:stickx2 minecraft:wooden_pickaxex1 minecraft:wooden_axex1 minecraft:cobblestonex2 minecraft:stone_pickaxex1 minecraft:cherry_planksx1 minecraft:eggx1 minecraft:stone_swordx1 minecraft:raw_ironx2, path_idle=true, food=19, air=300, mode=survival, task=idle, task_progress=1.0, goal=none, task_phase=, in_lava=false, step=, light=15, submerged=false, task_state=COMPLETED, held=minecraft:stone_axex1, fall=0.0, pos=572,63,157}
[23:43:11] [Server thread/WARN]: [AIBot] PERCEPTION event=snapshot_slow bot=Bob {elapsed_ms=25}
[23:43:11] [Server thread/INFO]: [AIBot] ACTION event=capability_decision bot=Bob {context=observable_block_query, capability=HIDDEN_BLOCK_SCAN, profile=strict_survival, allowed=false, reason=DENIED_STRICT_SURVIVAL}
[23:43:11] [Server thread/INFO]: [AIBot] ACTION event=capability_decision bot=Bob {context=perception_snapshot, capability=HIDDEN_BLOCK_SCAN, profile=strict_survival, allowed=false, reason=DENIED_STRICT_SURVIVAL}
[23:43:11] [Server thread/WARN]: [AIBot] PERCEPTION event=snapshot_slow bot=Bob {elapsed_ms=29}
[23:43:12] [Server thread/WARN]: [AIBot] PERCEPTION event=snapshot_slow bot=Bob {elapsed_ms=27}
[23:43:12] [Server thread/WARN]: [AIBot] PERCEPTION event=snapshot_slow bot=Bob {elapsed_ms=28}
[23:43:12] [Server thread/INFO]: [AIBot] ACTION event=diag_snapshot bot=Bob {on_ground=true, hp=20.0/20.0, mining_idle=true, nearby=animals=0 hostiles=0, inv=minecraft:stone_axex1 minecraft:wooden_swordx1 minecraft:crafting_tablex1 minecraft:stickx2 minecraft:wooden_pickaxex1 minecraft:wooden_axex1 minecraft:cobblestonex2 minecraft:stone_pickaxex1 minecraft:cherry_planksx1 minecraft:eggx1 minecraft:stone_swordx1 minecraft:raw_ironx2, path_idle=true, food=19, air=300, mode=survival, task=idle, task_progress=1.0, goal=none, task_phase=, in_lava=false, step=, light=15, submerged=false, task_state=COMPLETED, held=minecraft:stone_axex1, fall=0.0, pos=572,63,157}
[23:43:13] [Server thread/WARN]: [AIBot] PERCEPTION event=snapshot_slow bot=Bob {elapsed_ms=25}
[23:43:13] [Server thread/WARN]: [AIBot] PERCEPTION event=snapshot_slow bot=Bob {elapsed_ms=23}
[23:43:14] [Server thread/WARN]: [AIBot] PERCEPTION event=snapshot_slow bot=Bob {elapsed_ms=25}
[23:43:14] [Server thread/WARN]: [AIBot] PERCEPTION event=snapshot_slow bot=Bob {elapsed_ms=18}
[23:43:14] [Server thread/INFO]: [AIBot] ACTION event=capability_decision bot=Bob {context=diagnostic_nearby, capability=HIDDEN_BLOCK_SCAN, profile=strict_survival, allowed=false, reason=DENIED_STRICT_SURVIVAL}
[23:43:14] [Server thread/INFO]: [AIBot] ACTION event=capability_decision bot=Bob {context=observable_entity_query, capability=HIDDEN_BLOCK_SCAN, profile=strict_survival, allowed=false, reason=DENIED_STRICT_SURVIVAL}
[23:43:14] [Server thread/INFO]: [AIBot] ACTION event=diag_snapshot bot=Bob {on_ground=true, hp=20.0/20.0, mining_idle=true, nearby=animals=0 hostiles=0, inv=minecraft:stone_axex1 minecraft:wooden_swordx1 minecraft:crafting_tablex1 minecraft:stickx2 minecraft:wooden_pickaxex1 minecraft:wooden_axex1 minecraft:cobblestonex2 minecraft:stone_pickaxex1 minecraft:cherry_planksx1 minecraft:eggx1 minecraft:stone_swordx1 minecraft:raw_ironx2, path_idle=true, food=19, air=300, mode=survival, task=idle, task_progress=1.0, goal=none, task_phase=, in_lava=false, step=, light=15, submerged=false, task_state=COMPLETED, held=minecraft:stone_axex1, fall=0.0, pos=572,63,157}
[23:43:15] [Server thread/WARN]: [AIBot] PERCEPTION event=snapshot_slow bot=Bob {elapsed_ms=22}
[23:43:15] [Server thread/WARN]: [AIBot] PERCEPTION event=snapshot_slow bot=Bob {elapsed_ms=23}
[23:43:16] [Server thread/WARN]: [AIBot] PERCEPTION event=snapshot_slow bot=Bob {elapsed_ms=23}
[23:43:16] [Server thread/INFO]: [AIBot] ACTION event=capability_decision bot=Bob {context=observable_block_query, capability=HIDDEN_BLOCK_SCAN, profile=strict_survival, allowed=false, reason=DENIED_STRICT_SURVIVAL}
[23:43:16] [Server thread/INFO]: [AIBot] ACTION event=capability_decision bot=Bob {context=perception_snapshot, capability=HIDDEN_BLOCK_SCAN, profile=strict_survival, allowed=false, reason=DENIED_STRICT_SURVIVAL}
[23:43:16] [Server thread/WARN]: [AIBot] PERCEPTION event=snapshot_slow bot=Bob {elapsed_ms=20}
[23:43:16] [Server thread/INFO]: [AIBot] ACTION event=diag_snapshot bot=Bob {on_ground=true, hp=20.0/20.0, mining_idle=true, nearby=animals=0 hostiles=0, inv=minecraft:stone_axex1 minecraft:wooden_swordx1 minecraft:crafting_tablex1 minecraft:stickx2 minecraft:wooden_pickaxex1 minecraft:wooden_axex1 minecraft:cobblestonex2 minecraft:stone_pickaxex1 minecraft:cherry_planksx1 minecraft:eggx1 minecraft:stone_swordx1 minecraft:raw_ironx2, path_idle=true, food=19, air=300, mode=survival, task=idle, task_progress=1.0, goal=none, task_phase=, in_lava=false, step=, light=15, submerged=false, task_state=COMPLETED, held=minecraft:stone_axex1, fall=0.0, pos=572,63,157}
[23:43:17] [Server thread/WARN]: [AIBot] PERCEPTION event=snapshot_slow bot=Bob {elapsed_ms=21}
[23:43:17] [Server thread/WARN]: [AIBot] PERCEPTION event=snapshot_slow bot=Bob {elapsed_ms=20}
[23:43:18] [Server thread/WARN]: [AIBot] PERCEPTION event=snapshot_slow bot=Bob {elapsed_ms=18}
[23:43:18] [Server thread/WARN]: [AIBot] PERCEPTION event=snapshot_slow bot=Bob {elapsed_ms=18}
[23:43:18] [Server thread/INFO]: [AIBot] ACTION event=diag_snapshot bot=Bob {on_ground=true, hp=20.0/20.0, mining_idle=true, nearby=animals=0 hostiles=0, inv=minecraft:stone_axex1 minecraft:wooden_swordx1 minecraft:crafting_tablex1 minecraft:stickx2 minecraft:wooden_pickaxex1 minecraft:wooden_axex1 minecraft:cobblestonex2 minecraft:stone_pickaxex1 minecraft:cherry_planksx1 minecraft:eggx1 minecraft:stone_swordx1 minecraft:raw_ironx2, path_idle=true, food=19, air=300, mode=survival, task=idle, task_progress=1.0, goal=none, task_phase=, in_lava=false, step=, light=15, submerged=false, task_state=COMPLETED, held=minecraft:stone_axex1, fall=0.0, pos=572,63,157}
[23:43:19] [Server thread/WARN]: [AIBot] PERCEPTION event=snapshot_slow bot=Bob {elapsed_ms=18}
[23:43:19] [Server thread/WARN]: [AIBot] PERCEPTION event=snapshot_slow bot=Bob {elapsed_ms=19}
[23:43:20] [Server thread/WARN]: [AIBot] PERCEPTION event=snapshot_slow bot=Bob {elapsed_ms=22}
[23:43:20] [Server thread/WARN]: [AIBot] PERCEPTION event=snapshot_slow bot=Bob {elapsed_ms=20}
[23:43:20] [Server thread/INFO]: [AIBot] ACTION event=capability_decision bot=Bob {context=diagnostic_nearby, capability=HIDDEN_BLOCK_SCAN, profile=strict_survival, allowed=false, reason=DENIED_STRICT_SURVIVAL}
[23:43:20] [Server thread/INFO]: [AIBot] ACTION event=capability_decision bot=Bob {context=observable_entity_query, capability=HIDDEN_BLOCK_SCAN, profile=strict_survival, allowed=false, reason=DENIED_STRICT_SURVIVAL}
[23:43:20] [Server thread/INFO]: [AIBot] ACTION event=diag_snapshot bot=Bob {on_ground=true, hp=20.0/20.0, mining_idle=true, nearby=animals=0 hostiles=0, inv=minecraft:stone_axex1 minecraft:wooden_swordx1 minecraft:crafting_tablex1 minecraft:stickx2 minecraft:wooden_pickaxex1 minecraft:wooden_axex1 minecraft:cobblestonex2 minecraft:stone_pickaxex1 minecraft:cherry_planksx1 minecraft:eggx1 minecraft:stone_swordx1 minecraft:raw_ironx2, path_idle=true, food=19, air=300, mode=survival, task=idle, task_progress=1.0, goal=none, task_phase=, in_lava=false, step=, light=15, submerged=false, task_state=COMPLETED, held=minecraft:stone_axex1, fall=0.0, pos=572,63,157}
[23:43:21] [Server thread/WARN]: [AIBot] PERCEPTION event=snapshot_slow bot=Bob {elapsed_ms=16}
[23:43:21] [Server thread/INFO]: [AIBot] ACTION event=capability_decision bot=Bob {context=observable_block_query, capability=HIDDEN_BLOCK_SCAN, profile=strict_survival, allowed=false, reason=DENIED_STRICT_SURVIVAL}
[23:43:21] [Server thread/INFO]: [AIBot] ACTION event=capability_decision bot=Bob {context=perception_snapshot, capability=HIDDEN_BLOCK_SCAN, profile=strict_survival, allowed=false, reason=DENIED_STRICT_SURVIVAL}
[23:43:21] [Server thread/WARN]: [AIBot] PERCEPTION event=snapshot_slow bot=Bob {elapsed_ms=15}
[23:43:22] [Server thread/WARN]: [AIBot] PERCEPTION event=snapshot_slow bot=Bob {elapsed_ms=21}
[23:43:22] [Server thread/WARN]: [AIBot] PERCEPTION event=snapshot_slow bot=Bob {elapsed_ms=20}
[23:43:22] [Server thread/INFO]: [AIBot] ACTION event=diag_snapshot bot=Bob {on_ground=true, hp=20.0/20.0, mining_idle=true, nearby=animals=0 hostiles=0, inv=minecraft:stone_axex1 minecraft:wooden_swordx1 minecraft:crafting_tablex1 minecraft:stickx2 minecraft:wooden_pickaxex1 minecraft:wooden_axex1 minecraft:cobblestonex2 minecraft:stone_pickaxex1 minecraft:cherry_planksx1 minecraft:eggx1 minecraft:stone_swordx1 minecraft:raw_ironx2, path_idle=true, food=19, air=300, mode=survival, task=idle, task_progress=1.0, goal=none, task_phase=, in_lava=false, step=, light=15, submerged=false, task_state=COMPLETED, held=minecraft:stone_axex1, fall=0.0, pos=572,63,157}
[23:43:23] [Server thread/WARN]: [AIBot] PERCEPTION event=snapshot_slow bot=Bob {elapsed_ms=21}
[23:43:23] [RCON Listener #1/INFO]: Thread RCON Client /127.0.0.1 started
[23:43:23] [Server thread/INFO]: [Rcon: Successfully filled 49 block(s)]
[23:43:23] [RCON Client /127.0.0.1 #2/INFO]: Thread RCON Client /127.0.0.1 shutting down
[23:43:23] [RCON Listener #1/INFO]: Thread RCON Client /127.0.0.1 started
[23:43:23] [Server thread/INFO]: [Rcon: Successfully filled 2 block(s)]
[23:43:23] [RCON Client /127.0.0.1 #3/INFO]: Thread RCON Client /127.0.0.1 shutting down
[23:43:23] [RCON Listener #1/INFO]: Thread RCON Client /127.0.0.1 started
[23:43:23] [RCON Client /127.0.0.1 #4/INFO]: Thread RCON Client /127.0.0.1 shutting down
[23:43:23] [Server thread/WARN]: [AIBot] PERCEPTION event=snapshot_slow bot=Bob {elapsed_ms=19}
[23:43:23] [RCON Listener #1/INFO]: Thread RCON Client /127.0.0.1 started
[23:43:23] [RCON Client /127.0.0.1 #5/INFO]: Thread RCON Client /127.0.0.1 shutting down
[23:43:24] [Server thread/WARN]: [AIBot] PERCEPTION event=snapshot_slow bot=Bob {elapsed_ms=22}
[23:43:24] [Server thread/WARN]: [AIBot] PERCEPTION event=snapshot_slow bot=Bob {elapsed_ms=14}
[23:43:24] [Server thread/INFO]: [AIBot] ACTION event=diag_snapshot bot=Bob {on_ground=true, hp=20.0/20.0, mining_idle=true, nearby=animals=0 hostiles=0, inv=minecraft:stone_axex1 minecraft:wooden_swordx1 minecraft:crafting_tablex1 minecraft:stickx2 minecraft:wooden_pickaxex1 minecraft:wooden_axex1 minecraft:cobblestonex2 minecraft:stone_pickaxex1 minecraft:cherry_planksx1 minecraft:eggx1 minecraft:stone_swordx1 minecraft:raw_ironx2, path_idle=true, food=19, air=300, mode=survival, task=idle, task_progress=1.0, goal=none, task_phase=, in_lava=false, step=, light=15, submerged=false, task_state=COMPLETED, held=minecraft:stone_axex1, fall=0.0, pos=572,63,157}
[23:43:25] [Server thread/WARN]: [AIBot] PERCEPTION event=snapshot_slow bot=Bob {elapsed_ms=12}
[23:43:25] [Server thread/WARN]: [AIBot] PERCEPTION event=snapshot_slow bot=Bob {elapsed_ms=19}
[23:43:26] [Server thread/WARN]: [AIBot] PERCEPTION event=snapshot_slow bot=Bob {elapsed_ms=20}
[23:43:26] [Server thread/INFO]: [AIBot] ACTION event=capability_decision bot=Bob {context=observable_block_query, capability=HIDDEN_BLOCK_SCAN, profile=strict_survival, allowed=false, reason=DENIED_STRICT_SURVIVAL}
[23:43:26] [Server thread/INFO]: [AIBot] ACTION event=capability_decision bot=Bob {context=perception_snapshot, capability=HIDDEN_BLOCK_SCAN, profile=strict_survival, allowed=false, reason=DENIED_STRICT_SURVIVAL}
[23:43:26] [Server thread/WARN]: [AIBot] PERCEPTION event=snapshot_slow bot=Bob {elapsed_ms=20}
[23:43:26] [Server thread/INFO]: [AIBot] ACTION event=capability_decision bot=Bob {context=diagnostic_nearby, capability=HIDDEN_BLOCK_SCAN, profile=strict_survival, allowed=false, reason=DENIED_STRICT_SURVIVAL}
[23:43:26] [Server thread/INFO]: [AIBot] ACTION event=capability_decision bot=Bob {context=observable_entity_query, capability=HIDDEN_BLOCK_SCAN, profile=strict_survival, allowed=false, reason=DENIED_STRICT_SURVIVAL}
[23:43:26] [Server thread/INFO]: [AIBot] ACTION event=diag_snapshot bot=Bob {on_ground=true, hp=20.0/20.0, mining_idle=true, nearby=animals=0 hostiles=0, inv=minecraft:stone_axex1 minecraft:wooden_swordx1 minecraft:crafting_tablex1 minecraft:stickx2 minecraft:wooden_pickaxex1 minecraft:wooden_axex1 minecraft:cobblestonex2 minecraft:stone_pickaxex1 minecraft:cherry_planksx1 minecraft:eggx1 minecraft:stone_swordx1 minecraft:raw_ironx2, path_idle=true, food=19, air=300, mode=survival, task=idle, task_progress=1.0, goal=none, task_phase=, in_lava=false, step=, light=15, submerged=false, task_state=COMPLETED, held=minecraft:stone_axex1, fall=0.0, pos=572,63,157}
[23:43:27] [Server thread/WARN]: [AIBot] PERCEPTION event=snapshot_slow bot=Bob {elapsed_ms=15}
[23:43:27] [Server thread/WARN]: [AIBot] PERCEPTION event=snapshot_slow bot=Bob {elapsed_ms=17}
[23:43:28] [Server thread/WARN]: [AIBot] PERCEPTION event=snapshot_slow bot=Bob {elapsed_ms=18}
[23:43:28] [Server thread/WARN]: [AIBot] PERCEPTION event=snapshot_slow bot=Bob {elapsed_ms=18}
[23:43:28] [Server thread/INFO]: [AIBot] ACTION event=diag_snapshot bot=Bob {on_ground=true, hp=20.0/20.0, mining_idle=true, nearby=animals=0 hostiles=0, inv=minecraft:stone_axex1 minecraft:wooden_swordx1 minecraft:crafting_tablex1 minecraft:stickx2 minecraft:wooden_pickaxex1 minecraft:wooden_axex1 minecraft:cobblestonex2 minecraft:stone_pickaxex1 minecraft:cherry_planksx1 minecraft:eggx1 minecraft:stone_swordx1 minecraft:raw_ironx2, path_idle=true, food=19, air=300, mode=survival, task=idle, task_progress=1.0, goal=none, task_phase=, in_lava=false, step=, light=15, submerged=false, task_state=COMPLETED, held=minecraft:stone_axex1, fall=0.0, pos=572,63,157}
[23:43:29] [Server thread/WARN]: [AIBot] PERCEPTION event=snapshot_slow bot=Bob {elapsed_ms=20}
[23:43:29] [Server thread/WARN]: [AIBot] PERCEPTION event=snapshot_slow bot=Bob {elapsed_ms=19}
[23:43:30] [Server thread/WARN]: [AIBot] PERCEPTION event=snapshot_slow bot=Bob {elapsed_ms=19}
[23:43:30] [Server thread/WARN]: [AIBot] PERCEPTION event=snapshot_slow bot=Bob {elapsed_ms=17}
[23:43:30] [Server thread/INFO]: [AIBot] ACTION event=diag_snapshot bot=Bob {on_ground=true, hp=20.0/20.0, mining_idle=true, nearby=animals=0 hostiles=0, inv=minecraft:stone_axex1 minecraft:wooden_swordx1 minecraft:crafting_tablex1 minecraft:stickx2 minecraft:wooden_pickaxex1 minecraft:wooden_axex1 minecraft:cobblestonex2 minecraft:stone_pickaxex1 minecraft:cherry_planksx1 minecraft:eggx1 minecraft:stone_swordx1 minecraft:raw_ironx2, path_idle=true, food=19, air=300, mode=survival, task=idle, task_progress=1.0, goal=none, task_phase=, in_lava=false, step=, light=15, submerged=false, task_state=COMPLETED, held=minecraft:stone_axex1, fall=0.0, pos=572,63,157}
[23:43:31] [Server thread/WARN]: [AIBot] PERCEPTION event=snapshot_slow bot=Bob {elapsed_ms=17}
[23:43:31] [Server thread/INFO]: [AIBot] ACTION event=capability_decision bot=Bob {context=observable_block_query, capability=HIDDEN_BLOCK_SCAN, profile=strict_survival, allowed=false, reason=DENIED_STRICT_SURVIVAL}
[23:43:31] [Server thread/INFO]: [AIBot] ACTION event=capability_decision bot=Bob {context=perception_snapshot, capability=HIDDEN_BLOCK_SCAN, profile=strict_survival, allowed=false, reason=DENIED_STRICT_SURVIVAL}
[23:43:31] [Server thread/WARN]: [AIBot] PERCEPTION event=snapshot_slow bot=Bob {elapsed_ms=20}
[23:43:32] [Server thread/WARN]: [AIBot] PERCEPTION event=snapshot_slow bot=Bob {elapsed_ms=18}
[23:43:32] [Server thread/WARN]: [AIBot] PERCEPTION event=snapshot_slow bot=Bob {elapsed_ms=19}
[23:43:32] [Server thread/INFO]: [AIBot] ACTION event=capability_decision bot=Bob {context=diagnostic_nearby, capability=HIDDEN_BLOCK_SCAN, profile=strict_survival, allowed=false, reason=DENIED_STRICT_SURVIVAL}
[23:43:32] [Server thread/INFO]: [AIBot] ACTION event=capability_decision bot=Bob {context=observable_entity_query, capability=HIDDEN_BLOCK_SCAN, profile=strict_survival, allowed=false, reason=DENIED_STRICT_SURVIVAL}
[23:43:32] [Server thread/INFO]: [AIBot] ACTION event=diag_snapshot bot=Bob {on_ground=true, hp=20.0/20.0, mining_idle=true, nearby=animals=0 hostiles=0, inv=minecraft:stone_axex1 minecraft:wooden_swordx1 minecraft:crafting_tablex1 minecraft:stickx2 minecraft:wooden_pickaxex1 minecraft:wooden_axex1 minecraft:cobblestonex2 minecraft:stone_pickaxex1 minecraft:cherry_planksx1 minecraft:eggx1 minecraft:stone_swordx1 minecraft:raw_ironx2, path_idle=true, food=19, air=300, mode=survival, task=idle, task_progress=1.0, goal=none, task_phase=, in_lava=false, step=, light=15, submerged=false, task_state=COMPLETED, held=minecraft:stone_axex1, fall=0.0, pos=572,63,157}
[23:43:33] [Server thread/WARN]: [AIBot] PERCEPTION event=snapshot_slow bot=Bob {elapsed_ms=18}
[23:43:33] [Server thread/WARN]: [AIBot] PERCEPTION event=snapshot_slow bot=Bob {elapsed_ms=16}
[23:43:34] [Server thread/WARN]: [AIBot] PERCEPTION event=snapshot_slow bot=Bob {elapsed_ms=19}
[23:43:34] [Server thread/WARN]: [AIBot] PERCEPTION event=snapshot_slow bot=Bob {elapsed_ms=13}
[23:43:34] [Server thread/INFO]: [AIBot] ACTION event=diag_snapshot bot=Bob {on_ground=true, hp=20.0/20.0, mining_idle=true, nearby=animals=0 hostiles=0, inv=minecraft:stone_axex1 minecraft:wooden_swordx1 minecraft:crafting_tablex1 minecraft:stickx2 minecraft:wooden_pickaxex1 minecraft:wooden_axex1 minecraft:cobblestonex2 minecraft:stone_pickaxex1 minecraft:cherry_planksx1 minecraft:eggx1 minecraft:stone_swordx1 minecraft:raw_ironx2, path_idle=true, food=19, air=300, mode=survival, task=idle, task_progress=1.0, goal=none, task_phase=, in_lava=false, step=, light=15, submerged=false, task_state=COMPLETED, held=minecraft:stone_axex1, fall=0.0, pos=572,63,157}
[23:43:35] [Server thread/WARN]: [AIBot] PERCEPTION event=snapshot_slow bot=Bob {elapsed_ms=21}
[23:43:35] [Server thread/WARN]: [AIBot] PERCEPTION event=snapshot_slow bot=Bob {elapsed_ms=20}
[23:43:36] [Server thread/WARN]: [AIBot] PERCEPTION event=snapshot_slow bot=Bob {elapsed_ms=21}
[23:43:36] [Server thread/INFO]: [AIBot] ACTION event=capability_decision bot=Bob {context=observable_block_query, capability=HIDDEN_BLOCK_SCAN, profile=strict_survival, allowed=false, reason=DENIED_STRICT_SURVIVAL}
[23:43:36] [Server thread/INFO]: [AIBot] ACTION event=capability_decision bot=Bob {context=perception_snapshot, capability=HIDDEN_BLOCK_SCAN, profile=strict_survival, allowed=false, reason=DENIED_STRICT_SURVIVAL}
[23:43:36] [Server thread/WARN]: [AIBot] PERCEPTION event=snapshot_slow bot=Bob {elapsed_ms=17}
[23:43:36] [Server thread/INFO]: [AIBot] ACTION event=diag_snapshot bot=Bob {on_ground=true, hp=20.0/20.0, mining_idle=true, nearby=animals=0 hostiles=0, inv=minecraft:stone_axex1 minecraft:wooden_swordx1 minecraft:crafting_tablex1 minecraft:stickx2 minecraft:wooden_pickaxex1 minecraft:wooden_axex1 minecraft:cobblestonex2 minecraft:stone_pickaxex1 minecraft:cherry_planksx1 minecraft:eggx1 minecraft:stone_swordx1 minecraft:raw_ironx2, path_idle=true, food=19, air=300, mode=survival, task=idle, task_progress=1.0, goal=none, task_phase=, in_lava=false, step=, light=15, submerged=false, task_state=COMPLETED, held=minecraft:stone_axex1, fall=0.0, pos=572,63,157}
[23:43:37] [Server thread/WARN]: [AIBot] PERCEPTION event=snapshot_slow bot=Bob {elapsed_ms=19}
[23:43:37] [Server thread/WARN]: [AIBot] PERCEPTION event=snapshot_slow bot=Bob {elapsed_ms=11}
[23:43:38] [Server thread/WARN]: [AIBot] PERCEPTION event=snapshot_slow bot=Bob {elapsed_ms=16}
[23:43:38] [Server thread/WARN]: [AIBot] PERCEPTION event=snapshot_slow bot=Bob {elapsed_ms=16}
[23:43:38] [Server thread/INFO]: [AIBot] ACTION event=capability_decision bot=Bob {context=diagnostic_nearby, capability=HIDDEN_BLOCK_SCAN, profile=strict_survival, allowed=false, reason=DENIED_STRICT_SURVIVAL}
[23:43:38] [Server thread/INFO]: [AIBot] ACTION event=capability_decision bot=Bob {context=observable_entity_query, capability=HIDDEN_BLOCK_SCAN, profile=strict_survival, allowed=false, reason=DENIED_STRICT_SURVIVAL}
[23:43:38] [Server thread/INFO]: [AIBot] ACTION event=diag_snapshot bot=Bob {on_ground=true, hp=20.0/20.0, mining_idle=true, nearby=animals=0 hostiles=0, inv=minecraft:stone_axex1 minecraft:wooden_swordx1 minecraft:crafting_tablex1 minecraft:stickx2 minecraft:wooden_pickaxex1 minecraft:wooden_axex1 minecraft:cobblestonex2 minecraft:stone_pickaxex1 minecraft:cherry_planksx1 minecraft:eggx1 minecraft:stone_swordx1 minecraft:raw_ironx2, path_idle=true, food=19, air=300, mode=survival, task=idle, task_progress=1.0, goal=none, task_phase=, in_lava=false, step=, light=15, submerged=false, task_state=COMPLETED, held=minecraft:stone_axex1, fall=0.0, pos=572,63,157}
[23:43:39] [Server thread/WARN]: [AIBot] PERCEPTION event=snapshot_slow bot=Bob {elapsed_ms=19}
[23:43:39] [Server thread/WARN]: [AIBot] PERCEPTION event=snapshot_slow bot=Bob {elapsed_ms=22}
[23:43:40] [Server thread/WARN]: [AIBot] PERCEPTION event=snapshot_slow bot=Bob {elapsed_ms=13}
[23:43:40] [Server thread/WARN]: [AIBot] PERCEPTION event=snapshot_slow bot=Bob {elapsed_ms=12}
[23:43:40] [Server thread/INFO]: [AIBot] ACTION event=diag_snapshot bot=Bob {on_ground=true, hp=20.0/20.0, mining_idle=true, nearby=animals=0 hostiles=0, inv=minecraft:stone_axex1 minecraft:wooden_swordx1 minecraft:crafting_tablex1 minecraft:stickx2 minecraft:wooden_pickaxex1 minecraft:wooden_axex1 minecraft:cobblestonex2 minecraft:stone_pickaxex1 minecraft:cherry_planksx1 minecraft:eggx1 minecraft:stone_swordx1 minecraft:raw_ironx2, path_idle=true, food=19, air=300, mode=survival, task=idle, task_progress=1.0, goal=none, task_phase=, in_lava=false, step=, light=15, submerged=false, task_state=COMPLETED, held=minecraft:stone_axex1, fall=0.0, pos=572,63,157}
[23:43:41] [Server thread/WARN]: [AIBot] PERCEPTION event=snapshot_slow bot=Bob {elapsed_ms=13}
[23:43:41] [Server thread/INFO]: [AIBot] ACTION event=capability_decision bot=Bob {context=observable_block_query, capability=HIDDEN_BLOCK_SCAN, profile=strict_survival, allowed=false, reason=DENIED_STRICT_SURVIVAL}
[23:43:41] [Server thread/INFO]: [AIBot] ACTION event=capability_decision bot=Bob {context=perception_snapshot, capability=HIDDEN_BLOCK_SCAN, profile=strict_survival, allowed=false, reason=DENIED_STRICT_SURVIVAL}
[23:43:41] [Server thread/WARN]: [AIBot] PERCEPTION event=snapshot_slow bot=Bob {elapsed_ms=12}
[23:43:42] [Server thread/WARN]: [AIBot] PERCEPTION event=snapshot_slow bot=Bob {elapsed_ms=12}
[23:43:42] [Server thread/WARN]: [AIBot] PERCEPTION event=snapshot_slow bot=Bob {elapsed_ms=12}
[23:43:42] [Server thread/INFO]: [AIBot] ACTION event=diag_snapshot bot=Bob {on_ground=true, hp=20.0/20.0, mining_idle=true, nearby=animals=0 hostiles=0, inv=minecraft:stone_axex1 minecraft:wooden_swordx1 minecraft:crafting_tablex1 minecraft:stickx2 minecraft:wooden_pickaxex1 minecraft:wooden_axex1 minecraft:cobblestonex2 minecraft:stone_pickaxex1 minecraft:cherry_planksx1 minecraft:eggx1 minecraft:stone_swordx1 minecraft:raw_ironx2, path_idle=true, food=19, air=300, mode=survival, task=idle, task_progress=1.0, goal=none, task_phase=, in_lava=false, step=, light=15, submerged=false, task_state=COMPLETED, held=minecraft:stone_axex1, fall=0.0, pos=572,63,157}
[23:43:43] [Server thread/WARN]: [AIBot] PERCEPTION event=snapshot_slow bot=Bob {elapsed_ms=19}
[23:43:43] [Server thread/WARN]: [AIBot] PERCEPTION event=snapshot_slow bot=Bob {elapsed_ms=12}
[23:43:44] [Server thread/WARN]: [AIBot] PERCEPTION event=snapshot_slow bot=Bob {elapsed_ms=13}
[23:43:44] [Server thread/WARN]: [AIBot] PERCEPTION event=snapshot_slow bot=Bob {elapsed_ms=12}
[23:43:44] [Server thread/INFO]: [AIBot] ACTION event=capability_decision bot=Bob {context=diagnostic_nearby, capability=HIDDEN_BLOCK_SCAN, profile=strict_survival, allowed=false, reason=DENIED_STRICT_SURVIVAL}
[23:43:44] [Server thread/INFO]: [AIBot] ACTION event=capability_decision bot=Bob {context=observable_entity_query, capability=HIDDEN_BLOCK_SCAN, profile=strict_survival, allowed=false, reason=DENIED_STRICT_SURVIVAL}
[23:43:44] [Server thread/INFO]: [AIBot] ACTION event=diag_snapshot bot=Bob {on_ground=true, hp=20.0/20.0, mining_idle=true, nearby=animals=0 hostiles=0, inv=minecraft:stone_axex1 minecraft:wooden_swordx1 minecraft:crafting_tablex1 minecraft:stickx2 minecraft:wooden_pickaxex1 minecraft:wooden_axex1 minecraft:cobblestonex2 minecraft:stone_pickaxex1 minecraft:cherry_planksx1 minecraft:eggx1 minecraft:stone_swordx1 minecraft:raw_ironx2, path_idle=true, food=19, air=300, mode=survival, task=idle, task_progress=1.0, goal=none, task_phase=, in_lava=false, step=, light=15, submerged=false, task_state=COMPLETED, held=minecraft:stone_axex1, fall=0.0, pos=572,63,157}
[23:43:45] [Server thread/WARN]: [AIBot] PERCEPTION event=snapshot_slow bot=Bob {elapsed_ms=16}
[23:43:45] [Server thread/WARN]: [AIBot] PERCEPTION event=snapshot_slow bot=Bob {elapsed_ms=18}
[23:43:46] [Server thread/WARN]: [AIBot] PERCEPTION event=snapshot_slow bot=Bob {elapsed_ms=19}
[23:43:46] [Server thread/INFO]: [AIBot] ACTION event=capability_decision bot=Bob {context=observable_block_query, capability=HIDDEN_BLOCK_SCAN, profile=strict_survival, allowed=false, reason=DENIED_STRICT_SURVIVAL}
[23:43:46] [Server thread/INFO]: [AIBot] ACTION event=capability_decision bot=Bob {context=perception_snapshot, capability=HIDDEN_BLOCK_SCAN, profile=strict_survival, allowed=false, reason=DENIED_STRICT_SURVIVAL}
[23:43:46] [Server thread/WARN]: [AIBot] PERCEPTION event=snapshot_slow bot=Bob {elapsed_ms=17}
[23:43:46] [Server thread/INFO]: [AIBot] ACTION event=diag_snapshot bot=Bob {on_ground=true, hp=20.0/20.0, mining_idle=true, nearby=animals=0 hostiles=0, inv=minecraft:stone_axex1 minecraft:wooden_swordx1 minecraft:crafting_tablex1 minecraft:stickx2 minecraft:wooden_pickaxex1 minecraft:wooden_axex1 minecraft:cobblestonex2 minecraft:stone_pickaxex1 minecraft:cherry_planksx1 minecraft:eggx1 minecraft:stone_swordx1 minecraft:raw_ironx2, path_idle=true, food=19, air=300, mode=survival, task=idle, task_progress=1.0, goal=none, task_phase=, in_lava=false, step=, light=15, submerged=false, task_state=COMPLETED, held=minecraft:stone_axex1, fall=0.0, pos=572,63,157}
[23:43:47] [Server thread/WARN]: [AIBot] PERCEPTION event=snapshot_slow bot=Bob {elapsed_ms=15}
[23:43:47] [Server thread/WARN]: [AIBot] PERCEPTION event=snapshot_slow bot=Bob {elapsed_ms=15}
[23:43:48] [Server thread/WARN]: [AIBot] PERCEPTION event=snapshot_slow bot=Bob {elapsed_ms=17}
[23:43:48] [Server thread/WARN]: [AIBot] PERCEPTION event=snapshot_slow bot=Bob {elapsed_ms=18}
[23:43:48] [Server thread/INFO]: [AIBot] ACTION event=diag_snapshot bot=Bob {on_ground=true, hp=20.0/20.0, mining_idle=true, nearby=animals=0 hostiles=0, inv=minecraft:stone_axex1 minecraft:wooden_swordx1 minecraft:crafting_tablex1 minecraft:stickx2 minecraft:wooden_pickaxex1 minecraft:wooden_axex1 minecraft:cobblestonex2 minecraft:stone_pickaxex1 minecraft:cherry_planksx1 minecraft:eggx1 minecraft:stone_swordx1 minecraft:raw_ironx2, path_idle=true, food=19, air=300, mode=survival, task=idle, task_progress=1.0, goal=none, task_phase=, in_lava=false, step=, light=15, submerged=false, task_state=COMPLETED, held=minecraft:stone_axex1, fall=0.0, pos=572,63,157}
[23:43:49] [Server thread/WARN]: [AIBot] PERCEPTION event=snapshot_slow bot=Bob {elapsed_ms=18}
[23:43:49] [Server thread/WARN]: [AIBot] PERCEPTION event=snapshot_slow bot=Bob {elapsed_ms=18}
[23:43:50] [Server thread/WARN]: [AIBot] PERCEPTION event=snapshot_slow bot=Bob {elapsed_ms=18}
[23:43:50] [Server thread/WARN]: [AIBot] PERCEPTION event=snapshot_slow bot=Bob {elapsed_ms=12}
[23:43:50] [Server thread/INFO]: [AIBot] ACTION event=capability_decision bot=Bob {context=diagnostic_nearby, capability=HIDDEN_BLOCK_SCAN, profile=strict_survival, allowed=false, reason=DENIED_STRICT_SURVIVAL}
[23:43:50] [Server thread/INFO]: [AIBot] ACTION event=capability_decision bot=Bob {context=observable_entity_query, capability=HIDDEN_BLOCK_SCAN, profile=strict_survival, allowed=false, reason=DENIED_STRICT_SURVIVAL}
[23:43:50] [Server thread/INFO]: [AIBot] ACTION event=diag_snapshot bot=Bob {on_ground=true, hp=20.0/20.0, mining_idle=true, nearby=animals=0 hostiles=0, inv=minecraft:stone_axex1 minecraft:wooden_swordx1 minecraft:crafting_tablex1 minecraft:stickx2 minecraft:wooden_pickaxex1 minecraft:wooden_axex1 minecraft:cobblestonex2 minecraft:stone_pickaxex1 minecraft:cherry_planksx1 minecraft:eggx1 minecraft:stone_swordx1 minecraft:raw_ironx2, path_idle=true, food=19, air=300, mode=survival, task=idle, task_progress=1.0, goal=none, task_phase=, in_lava=false, step=, light=15, submerged=false, task_state=COMPLETED, held=minecraft:stone_axex1, fall=0.0, pos=572,63,157}
[23:43:51] [Server thread/WARN]: [AIBot] PERCEPTION event=snapshot_slow bot=Bob {elapsed_ms=11}
[23:43:51] [Server thread/INFO]: [AIBot] ACTION event=capability_decision bot=Bob {context=observable_block_query, capability=HIDDEN_BLOCK_SCAN, profile=strict_survival, allowed=false, reason=DENIED_STRICT_SURVIVAL}
[23:43:51] [Server thread/INFO]: [AIBot] ACTION event=capability_decision bot=Bob {context=perception_snapshot, capability=HIDDEN_BLOCK_SCAN, profile=strict_survival, allowed=false, reason=DENIED_STRICT_SURVIVAL}
[23:43:51] [Server thread/WARN]: [AIBot] PERCEPTION event=snapshot_slow bot=Bob {elapsed_ms=17}
[23:43:52] [Server thread/WARN]: [AIBot] PERCEPTION event=snapshot_slow bot=Bob {elapsed_ms=20}
[23:43:52] [Server thread/WARN]: [AIBot] PERCEPTION event=snapshot_slow bot=Bob {elapsed_ms=22}
[23:43:52] [Server thread/INFO]: [AIBot] ACTION event=diag_snapshot bot=Bob {on_ground=true, hp=20.0/20.0, mining_idle=true, nearby=animals=0 hostiles=0, inv=minecraft:stone_axex1 minecraft:wooden_swordx1 minecraft:crafting_tablex1 minecraft:stickx2 minecraft:wooden_pickaxex1 minecraft:wooden_axex1 minecraft:cobblestonex2 minecraft:stone_pickaxex1 minecraft:cherry_planksx1 minecraft:eggx1 minecraft:stone_swordx1 minecraft:raw_ironx2, path_idle=true, food=19, air=300, mode=survival, task=idle, task_progress=1.0, goal=none, task_phase=, in_lava=false, step=, light=15, submerged=false, task_state=COMPLETED, held=minecraft:stone_axex1, fall=0.0, pos=572,63,157}
[23:43:53] [Server thread/WARN]: [AIBot] PERCEPTION event=snapshot_slow bot=Bob {elapsed_ms=22}
[23:43:53] [Server thread/WARN]: [AIBot] PERCEPTION event=snapshot_slow bot=Bob {elapsed_ms=11}
[23:43:54] [Server thread/WARN]: [AIBot] PERCEPTION event=snapshot_slow bot=Bob {elapsed_ms=18}
[23:43:54] [Server thread/WARN]: [AIBot] PERCEPTION event=snapshot_slow bot=Bob {elapsed_ms=13}
[23:43:54] [Server thread/INFO]: [AIBot] ACTION event=diag_snapshot bot=Bob {on_ground=true, hp=20.0/20.0, mining_idle=true, nearby=animals=0 hostiles=0, inv=minecraft:stone_axex1 minecraft:wooden_swordx1 minecraft:crafting_tablex1 minecraft:stickx2 minecraft:wooden_pickaxex1 minecraft:wooden_axex1 minecraft:cobblestonex2 minecraft:stone_pickaxex1 minecraft:cherry_planksx1 minecraft:eggx1 minecraft:stone_swordx1 minecraft:raw_ironx2, path_idle=true, food=19, air=300, mode=survival, task=idle, task_progress=1.0, goal=none, task_phase=, in_lava=false, step=, light=15, submerged=false, task_state=COMPLETED, held=minecraft:stone_axex1, fall=0.0, pos=572,63,157}
[23:43:55] [Server thread/WARN]: [AIBot] PERCEPTION event=snapshot_slow bot=Bob {elapsed_ms=17}
[23:43:55] [Server thread/INFO]: [AIBot] ACTION event=capability_decision bot=Bob {context=observable_entity_query, capability=HIDDEN_BLOCK_SCAN, profile=strict_survival, allowed=false, reason=DENIED_STRICT_SURVIVAL}
[23:43:55] [Server thread/WARN]: [AIBot] PERCEPTION event=snapshot_slow bot=Bob {elapsed_ms=15}
[23:43:56] [Server thread/WARN]: [AIBot] PERCEPTION event=snapshot_slow bot=Bob {elapsed_ms=19}
[23:43:56] [Server thread/INFO]: [AIBot] ACTION event=capability_decision bot=Bob {context=observable_block_query, capability=HIDDEN_BLOCK_SCAN, profile=strict_survival, allowed=false, reason=DENIED_STRICT_SURVIVAL}
[23:43:56] [Server thread/INFO]: [AIBot] ACTION event=capability_decision bot=Bob {context=perception_snapshot, capability=HIDDEN_BLOCK_SCAN, profile=strict_survival, allowed=false, reason=DENIED_STRICT_SURVIVAL}
[23:43:56] [Server thread/WARN]: [AIBot] PERCEPTION event=snapshot_slow bot=Bob {elapsed_ms=14}
[23:43:56] [Server thread/INFO]: [AIBot] ACTION event=capability_decision bot=Bob {context=diagnostic_nearby, capability=HIDDEN_BLOCK_SCAN, profile=strict_survival, allowed=false, reason=DENIED_STRICT_SURVIVAL}
[23:43:56] [Server thread/INFO]: [AIBot] ACTION event=diag_snapshot bot=Bob {on_ground=true, hp=20.0/20.0, mining_idle=true, nearby=animals=0 hostiles=0, inv=minecraft:stone_axex1 minecraft:wooden_swordx1 minecraft:crafting_tablex1 minecraft:stickx2 minecraft:wooden_pickaxex1 minecraft:wooden_axex1 minecraft:cobblestonex2 minecraft:stone_pickaxex1 minecraft:cherry_planksx1 minecraft:eggx1 minecraft:stone_swordx1 minecraft:raw_ironx2, path_idle=true, food=19, air=300, mode=survival, task=idle, task_progress=1.0, goal=none, task_phase=, in_lava=false, step=, light=15, submerged=false, task_state=COMPLETED, held=minecraft:stone_axex1, fall=0.0, pos=572,63,157}
[23:43:57] [Server thread/WARN]: [AIBot] PERCEPTION event=snapshot_slow bot=Bob {elapsed_ms=21}
[23:43:57] [Server thread/WARN]: [AIBot] PERCEPTION event=snapshot_slow bot=Bob {elapsed_ms=20}
[23:43:58] [Server thread/WARN]: [AIBot] PERCEPTION event=snapshot_slow bot=Bob {elapsed_ms=20}
[23:43:58] [Server thread/WARN]: [AIBot] PERCEPTION event=snapshot_slow bot=Bob {elapsed_ms=13}
[23:43:58] [Server thread/INFO]: [AIBot] ACTION event=diag_snapshot bot=Bob {on_ground=true, hp=20.0/20.0, mining_idle=true, nearby=animals=0 hostiles=0, inv=minecraft:stone_axex1 minecraft:wooden_swordx1 minecraft:crafting_tablex1 minecraft:stickx2 minecraft:wooden_pickaxex1 minecraft:wooden_axex1 minecraft:cobblestonex2 minecraft:stone_pickaxex1 minecraft:cherry_planksx1 minecraft:eggx1 minecraft:stone_swordx1 minecraft:raw_ironx2, path_idle=true, food=19, air=300, mode=survival, task=idle, task_progress=1.0, goal=none, task_phase=, in_lava=false, step=, light=15, submerged=false, task_state=COMPLETED, held=minecraft:stone_axex1, fall=0.0, pos=572,63,157}
[23:43:59] [Server thread/WARN]: [AIBot] PERCEPTION event=snapshot_slow bot=Bob {elapsed_ms=20}
[23:43:59] [Server thread/WARN]: [AIBot] PERCEPTION event=snapshot_slow bot=Bob {elapsed_ms=18}
[23:44:00] [Server thread/WARN]: [AIBot] PERCEPTION event=snapshot_slow bot=Bob {elapsed_ms=19}
[23:44:00] [Server thread/INFO]: [AIBot] ACTION event=capability_decision bot=Bob {context=observable_entity_query, capability=HIDDEN_BLOCK_SCAN, profile=strict_survival, allowed=false, reason=DENIED_STRICT_SURVIVAL}
[23:44:00] [Server thread/WARN]: [AIBot] PERCEPTION event=snapshot_slow bot=Bob {elapsed_ms=13}
[23:44:00] [Server thread/INFO]: [AIBot] ACTION event=diag_snapshot bot=Bob {on_ground=true, hp=20.0/20.0, mining_idle=true, nearby=animals=0 hostiles=0, inv=minecraft:stone_axex1 minecraft:wooden_swordx1 minecraft:crafting_tablex1 minecraft:stickx2 minecraft:wooden_pickaxex1 minecraft:wooden_axex1 minecraft:cobblestonex2 minecraft:stone_pickaxex1 minecraft:cherry_planksx1 minecraft:eggx1 minecraft:stone_swordx1 minecraft:raw_ironx2, path_idle=true, food=19, air=300, mode=survival, task=idle, task_progress=1.0, goal=none, task_phase=, in_lava=false, step=, light=15, submerged=false, task_state=COMPLETED, held=minecraft:stone_axex1, fall=0.0, pos=572,63,157}
[23:44:01] [Server thread/WARN]: [AIBot] PERCEPTION event=snapshot_slow bot=Bob {elapsed_ms=12}
[23:44:01] [Server thread/INFO]: [AIBot] ACTION event=capability_decision bot=Bob {context=observable_block_query, capability=HIDDEN_BLOCK_SCAN, profile=strict_survival, allowed=false, reason=DENIED_STRICT_SURVIVAL}
[23:44:01] [Server thread/INFO]: [AIBot] ACTION event=capability_decision bot=Bob {context=perception_snapshot, capability=HIDDEN_BLOCK_SCAN, profile=strict_survival, allowed=false, reason=DENIED_STRICT_SURVIVAL}
[23:44:01] [Server thread/WARN]: [AIBot] PERCEPTION event=snapshot_slow bot=Bob {elapsed_ms=12}
[23:44:02] [Server thread/WARN]: [AIBot] PERCEPTION event=snapshot_slow bot=Bob {elapsed_ms=18}
[23:44:02] [RCON Listener #1/INFO]: Thread RCON Client /127.0.0.1 started
[23:44:02] [Server thread/INFO]: [Rcon: Teleported Bob to 652.500000, 80.000000, 237.500000]
[23:44:02] [RCON Client /127.0.0.1 #6/INFO]: Thread RCON Client /127.0.0.1 shutting down
[23:44:02] [RCON Listener #1/INFO]: Thread RCON Client /127.0.0.1 started
[23:44:02] [Server thread/INFO]: [Rcon: Changed the block at 572, 64, 160]
[23:44:02] [RCON Client /127.0.0.1 #7/INFO]: Thread RCON Client /127.0.0.1 shutting down
[23:44:02] [Server thread/INFO]: [AIBot] ACTION event=capability_decision bot=Bob {context=diagnostic_nearby, capability=HIDDEN_BLOCK_SCAN, profile=strict_survival, allowed=false, reason=DENIED_STRICT_SURVIVAL}
[23:44:02] [Server thread/INFO]: [AIBot] ACTION event=diag_snapshot bot=Bob {on_ground=false, hp=20.0/20.0, mining_idle=true, nearby=animals=0 hostiles=0, inv=minecraft:stone_axex1 minecraft:wooden_swordx1 minecraft:crafting_tablex1 minecraft:stickx2 minecraft:wooden_pickaxex1 minecraft:wooden_axex1 minecraft:cobblestonex2 minecraft:stone_pickaxex1 minecraft:cherry_planksx1 minecraft:eggx1 minecraft:stone_swordx1 minecraft:raw_ironx2, path_idle=true, food=19, air=300, mode=survival, task=idle, task_progress=1.0, goal=none, task_phase=, in_lava=false, step=, light=15, submerged=false, task_state=COMPLETED, held=minecraft:stone_axex1, fall=0.0, pos=652,78,237}
[23:44:03] [Server thread/INFO]: [AIBot] PROFILE event=tps_guard_state bot=- {avg_tick_ms=60.70, degraded=true, estimated_tps=16.47}
[23:44:03] [Server thread/INFO]: [AIBot] PROFILE event=tps_guard_state bot=- {avg_tick_ms=53.62, degraded=false, estimated_tps=18.65}
[23:44:03] [Server thread/INFO]: [AIBot] ACTION event=fake_player_step bot=Bob {from=class_2338{x=652, y=59, z=237}, to=class_2338{x=651, y=59, z=237}, reason=navsafe_water_rescue}
[23:44:03] [Server thread/INFO]: [AIBot] ACTION event=fake_player_swim_step bot=Bob {to=class_2338{x=651, y=59, z=237}, reason=navsafe_water_rescue}
[23:44:03] [Server thread/INFO]: [AIBot] DANGER event=navsafe_water_step bot=Bob {air=298, hp=20.0, pos=652,59,237}
[23:44:03] [Server thread/INFO]: [AIBot] ACTION event=fake_player_step bot=Bob {from=class_2338{x=651, y=59, z=237}, to=class_2338{x=650, y=59, z=237}, reason=navsafe_water_rescue}
[23:44:03] [Server thread/INFO]: [AIBot] ACTION event=fake_player_swim_step bot=Bob {to=class_2338{x=650, y=59, z=237}, reason=navsafe_water_rescue}
[23:44:03] [Server thread/INFO]: [AIBot] ACTION event=fake_player_step bot=Bob {from=class_2338{x=650, y=59, z=237}, to=class_2338{x=649, y=59, z=237}, reason=navsafe_water_rescue}
[23:44:03] [Server thread/INFO]: [AIBot] ACTION event=fake_player_swim_step bot=Bob {to=class_2338{x=649, y=59, z=237}, reason=navsafe_water_rescue}
[23:44:03] [Server thread/INFO]: [AIBot] ACTION event=fake_player_step bot=Bob {from=class_2338{x=649, y=59, z=237}, to=class_2338{x=648, y=59, z=237}, reason=navsafe_water_rescue}
[23:44:03] [Server thread/INFO]: [AIBot] ACTION event=fake_player_swim_step bot=Bob {to=class_2338{x=648, y=59, z=237}, reason=navsafe_water_rescue}
[23:44:03] [Server thread/INFO]: [AIBot] ACTION event=fake_player_step bot=Bob {from=class_2338{x=648, y=59, z=237}, to=class_2338{x=647, y=60, z=237}, reason=navsafe_water_rescue}
[23:44:03] [Server thread/INFO]: [AIBot] ACTION event=fake_player_swim_step bot=Bob {to=class_2338{x=647, y=60, z=237}, reason=navsafe_water_rescue}
[23:44:03] [Server thread/INFO]: [AIBot] ACTION event=fake_player_step bot=Bob {from=class_2338{x=647, y=60, z=237}, to=class_2338{x=646, y=61, z=237}, reason=navsafe_water_rescue}
[23:44:03] [Server thread/INFO]: [AIBot] ACTION event=fake_player_swim_step bot=Bob {to=class_2338{x=646, y=61, z=237}, reason=navsafe_water_rescue}
[23:44:04] [Server thread/INFO]: [AIBot] ACTION event=fake_player_step bot=Bob {from=class_2338{x=646, y=61, z=237}, to=class_2338{x=645, y=61, z=237}, reason=navsafe_water_rescue}
[23:44:04] [Server thread/INFO]: [AIBot] ACTION event=fake_player_swim_step bot=Bob {to=class_2338{x=645, y=61, z=237}, reason=navsafe_water_rescue}
[23:44:04] [Server thread/INFO]: [AIBot] ACTION event=fake_player_step bot=Bob {from=class_2338{x=645, y=61, z=237}, to=class_2338{x=644, y=62, z=237}, reason=navsafe_water_rescue}
[23:44:04] [Server thread/INFO]: [AIBot] ACTION event=fake_player_swim_step bot=Bob {to=class_2338{x=644, y=62, z=237}, reason=navsafe_water_rescue}
[23:44:04] [Server thread/INFO]: [AIBot] ACTION event=fake_player_step bot=Bob {from=class_2338{x=644, y=62, z=237}, to=class_2338{x=643, y=62, z=237}, reason=navsafe_water_rescue}
[23:44:04] [Server thread/INFO]: [AIBot] ACTION event=fake_player_swim_step bot=Bob {to=class_2338{x=643, y=62, z=237}, reason=navsafe_water_rescue}
[23:44:04] [Server thread/INFO]: [AIBot] ACTION event=fake_player_step bot=Bob {from=class_2338{x=643, y=62, z=237}, to=class_2338{x=642, y=62, z=237}, reason=navsafe_water_rescue}
[23:44:04] [Server thread/INFO]: [AIBot] ACTION event=fake_player_swim_step bot=Bob {to=class_2338{x=642, y=62, z=237}, reason=navsafe_water_rescue}
[23:44:04] [Server thread/INFO]: [AIBot] ACTION event=fake_player_step bot=Bob {from=class_2338{x=642, y=62, z=237}, to=class_2338{x=641, y=63, z=237}, reason=navsafe_water_rescue}
[23:44:04] [Server thread/WARN]: [AIBot] PERCEPTION event=snapshot_slow bot=Bob {elapsed_ms=30}
[23:44:04] [Server thread/WARN]: [AIBot] PERCEPTION event=snapshot_slow bot=Bob {elapsed_ms=20}
[23:44:04] [Server thread/INFO]: [AIBot] ACTION event=diag_snapshot bot=Bob {on_ground=true, hp=20.0/20.0, mining_idle=true, nearby=animals=0 hostiles=0, inv=minecraft:stone_axex1 minecraft:wooden_swordx1 minecraft:crafting_tablex1 minecraft:stickx2 minecraft:wooden_pickaxex1 minecraft:wooden_axex1 minecraft:cobblestonex2 minecraft:stone_pickaxex1 minecraft:cherry_planksx1 minecraft:eggx1 minecraft:stone_swordx1 minecraft:raw_ironx2, path_idle=true, food=19, air=300, mode=survival, task=idle, task_progress=1.0, goal=none, task_phase=, in_lava=false, step=, light=9, submerged=false, task_state=COMPLETED, held=minecraft:stone_axex1, fall=0.0, pos=641,62,237}
[23:44:05] [Server thread/WARN]: [AIBot] PERCEPTION event=snapshot_slow bot=Bob {elapsed_ms=24}
[23:44:05] [Server thread/WARN]: [AIBot] PERCEPTION event=snapshot_slow bot=Bob {elapsed_ms=21}
[23:44:06] [Server thread/WARN]: [AIBot] PERCEPTION event=snapshot_slow bot=Bob {elapsed_ms=23}
[23:44:06] [Server thread/INFO]: [AIBot] LIFECYCLE event=mixin_alive bot=- {server_tick=1200}
[23:44:06] [Server thread/INFO]: [AIBot] ACTION event=capability_decision bot=Bob {context=observable_block_query, capability=HIDDEN_BLOCK_SCAN, profile=strict_survival, allowed=false, reason=DENIED_STRICT_SURVIVAL}
[23:44:06] [Server thread/INFO]: [AIBot] ACTION event=capability_decision bot=Bob {context=perception_snapshot, capability=HIDDEN_BLOCK_SCAN, profile=strict_survival, allowed=false, reason=DENIED_STRICT_SURVIVAL}
[23:44:06] [Server thread/WARN]: [AIBot] PERCEPTION event=snapshot_slow bot=Bob {elapsed_ms=23}
[23:44:06] [Server thread/INFO]: [AIBot] ACTION event=capability_decision bot=Bob {context=observable_entity_query, capability=HIDDEN_BLOCK_SCAN, profile=strict_survival, allowed=false, reason=DENIED_STRICT_SURVIVAL}
[23:44:06] [Server thread/INFO]: [AIBot] ACTION event=diag_snapshot bot=Bob {on_ground=true, hp=20.0/20.0, mining_idle=true, nearby=animals=0 hostiles=0, inv=minecraft:stone_axex1 minecraft:wooden_swordx1 minecraft:crafting_tablex1 minecraft:stickx2 minecraft:wooden_pickaxex1 minecraft:wooden_axex1 minecraft:cobblestonex2 minecraft:stone_pickaxex1 minecraft:cherry_planksx1 minecraft:eggx1 minecraft:stone_swordx1 minecraft:raw_ironx2, path_idle=true, food=19, air=300, mode=survival, task=idle, task_progress=1.0, goal=none, task_phase=, in_lava=false, step=, light=9, submerged=false, task_state=COMPLETED, held=minecraft:stone_axex1, fall=0.0, pos=641,62,237}
[23:44:07] [Server thread/WARN]: [AIBot] PERCEPTION event=snapshot_slow bot=Bob {elapsed_ms=23}
[23:44:07] [Server thread/WARN]: [AIBot] PERCEPTION event=snapshot_slow bot=Bob {elapsed_ms=22}
[23:44:08] [Server thread/WARN]: [AIBot] PERCEPTION event=snapshot_slow bot=Bob {elapsed_ms=18}
[23:44:08] [Server thread/WARN]: [AIBot] PERCEPTION event=snapshot_slow bot=Bob {elapsed_ms=33}
[23:44:08] [Server thread/INFO]: [AIBot] ACTION event=capability_decision bot=Bob {context=diagnostic_nearby, capability=HIDDEN_BLOCK_SCAN, profile=strict_survival, allowed=false, reason=DENIED_STRICT_SURVIVAL}
[23:44:08] [Server thread/INFO]: [AIBot] ACTION event=diag_snapshot bot=Bob {on_ground=true, hp=20.0/20.0, mining_idle=true, nearby=animals=0 hostiles=0, inv=minecraft:stone_axex1 minecraft:wooden_swordx1 minecraft:crafting_tablex1 minecraft:stickx2 minecraft:wooden_pickaxex1 minecraft:wooden_axex1 minecraft:cobblestonex2 minecraft:stone_pickaxex1 minecraft:cherry_planksx1 minecraft:eggx1 minecraft:stone_swordx1 minecraft:raw_ironx2, path_idle=true, food=19, air=300, mode=survival, task=idle, task_progress=1.0, goal=none, task_phase=, in_lava=false, step=, light=9, submerged=false, task_state=COMPLETED, held=minecraft:stone_axex1, fall=0.0, pos=641,62,237}
[23:44:09] [Server thread/WARN]: [AIBot] PERCEPTION event=snapshot_slow bot=Bob {elapsed_ms=21}
[23:44:09] [Server thread/WARN]: [AIBot] PERCEPTION event=snapshot_slow bot=Bob {elapsed_ms=20}
[23:44:10] [Server thread/WARN]: [AIBot] PERCEPTION event=snapshot_slow bot=Bob {elapsed_ms=28}
[23:44:10] [Server thread/WARN]: [AIBot] PERCEPTION event=snapshot_slow bot=Bob {elapsed_ms=29}
[23:44:10] [Server thread/INFO]: [AIBot] ACTION event=diag_snapshot bot=Bob {on_ground=true, hp=20.0/20.0, mining_idle=true, nearby=animals=0 hostiles=0, inv=minecraft:stone_axex1 minecraft:wooden_swordx1 minecraft:crafting_tablex1 minecraft:stickx2 minecraft:wooden_pickaxex1 minecraft:wooden_axex1 minecraft:cobblestonex2 minecraft:stone_pickaxex1 minecraft:cherry_planksx1 minecraft:eggx1 minecraft:stone_swordx1 minecraft:raw_ironx2, path_idle=true, food=19, air=300, mode=survival, task=idle, task_progress=1.0, goal=none, task_phase=, in_lava=false, step=, light=9, submerged=false, task_state=COMPLETED, held=minecraft:stone_axex1, fall=0.0, pos=641,62,237}
[23:44:11] [Server thread/WARN]: [AIBot] PERCEPTION event=snapshot_slow bot=Bob {elapsed_ms=22}
[23:44:11] [Server thread/INFO]: [AIBot] ACTION event=capability_decision bot=Bob {context=observable_block_query, capability=HIDDEN_BLOCK_SCAN, profile=strict_survival, allowed=false, reason=DENIED_STRICT_SURVIVAL}
[23:44:11] [Server thread/INFO]: [AIBot] ACTION event=capability_decision bot=Bob {context=perception_snapshot, capability=HIDDEN_BLOCK_SCAN, profile=strict_survival, allowed=false, reason=DENIED_STRICT_SURVIVAL}
[23:44:11] [Server thread/WARN]: [AIBot] PERCEPTION event=snapshot_slow bot=Bob {elapsed_ms=23}
[23:44:11] [RCON Listener #1/INFO]: Thread RCON Client /127.0.0.1 started
[23:44:11] [Server thread/INFO]: [Rcon: Teleported Bob to 572.500000, 63.000000, 157.500000]
[23:44:11] [RCON Client /127.0.0.1 #8/INFO]: Thread RCON Client /127.0.0.1 shutting down
[23:44:11] [Server thread/INFO]: [AIBot] ACTION event=capability_decision bot=Bob {context=observable_cell_query, capability=HIDDEN_BLOCK_SCAN, profile=strict_survival, allowed=false, reason=DENIED_STRICT_SURVIVAL}
[23:44:12] [Server thread/WARN]: [AIBot] PERCEPTION event=snapshot_slow bot=Bob {elapsed_ms=20}
[23:44:12] [Server thread/WARN]: [AIBot] PERCEPTION event=snapshot_slow bot=Bob {elapsed_ms=19}
[23:44:12] [Server thread/INFO]: [AIBot] ACTION event=diag_snapshot bot=Bob {on_ground=true, hp=20.0/20.0, mining_idle=true, nearby=animals=0 hostiles=0, inv=minecraft:stone_axex1 minecraft:wooden_swordx1 minecraft:crafting_tablex1 minecraft:stickx2 minecraft:wooden_pickaxex1 minecraft:wooden_axex1 minecraft:cobblestonex2 minecraft:stone_pickaxex1 minecraft:cherry_planksx1 minecraft:eggx1 minecraft:stone_swordx1 minecraft:raw_ironx2, path_idle=true, food=19, air=300, mode=survival, task=idle, task_progress=1.0, goal=none, task_phase=, in_lava=false, step=, light=15, submerged=false, task_state=COMPLETED, held=minecraft:stone_axex1, fall=0.0, pos=572,63,157}
[23:44:13] [Server thread/WARN]: [AIBot] PERCEPTION event=snapshot_slow bot=Bob {elapsed_ms=12}
[23:44:13] [Server thread/WARN]: [AIBot] PERCEPTION event=snapshot_slow bot=Bob {elapsed_ms=19}
[23:44:14] [Server thread/WARN]: [AIBot] PERCEPTION event=snapshot_slow bot=Bob {elapsed_ms=13}
[23:44:14] [Server thread/WARN]: [AIBot] PERCEPTION event=snapshot_slow bot=Bob {elapsed_ms=16}
[23:44:14] [Server thread/INFO]: [AIBot] ACTION event=capability_decision bot=Bob {context=diagnostic_nearby, capability=HIDDEN_BLOCK_SCAN, profile=strict_survival, allowed=false, reason=DENIED_STRICT_SURVIVAL}
[23:44:14] [Server thread/INFO]: [AIBot] ACTION event=diag_snapshot bot=Bob {on_ground=true, hp=20.0/20.0, mining_idle=true, nearby=animals=0 hostiles=0, inv=minecraft:stone_axex1 minecraft:wooden_swordx1 minecraft:crafting_tablex1 minecraft:stickx2 minecraft:wooden_pickaxex1 minecraft:wooden_axex1 minecraft:cobblestonex2 minecraft:stone_pickaxex1 minecraft:cherry_planksx1 minecraft:eggx1 minecraft:stone_swordx1 minecraft:raw_ironx2, path_idle=true, food=19, air=300, mode=survival, task=idle, task_progress=1.0, goal=none, task_phase=, in_lava=false, step=, light=15, submerged=false, task_state=COMPLETED, held=minecraft:stone_axex1, fall=0.0, pos=572,63,157}
[23:44:15] [Server thread/WARN]: [AIBot] PERCEPTION event=snapshot_slow bot=Bob {elapsed_ms=21}
[23:44:15] [Server thread/WARN]: [AIBot] PERCEPTION event=snapshot_slow bot=Bob {elapsed_ms=12}
[23:44:16] [Server thread/WARN]: [AIBot] PERCEPTION event=snapshot_slow bot=Bob {elapsed_ms=14}
[23:44:16] [Server thread/INFO]: [AIBot] ACTION event=capability_decision bot=Bob {context=observable_block_query, capability=HIDDEN_BLOCK_SCAN, profile=strict_survival, allowed=false, reason=DENIED_STRICT_SURVIVAL}
[23:44:16] [Server thread/INFO]: [AIBot] ACTION event=capability_decision bot=Bob {context=perception_snapshot, capability=HIDDEN_BLOCK_SCAN, profile=strict_survival, allowed=false, reason=DENIED_STRICT_SURVIVAL}
[23:44:16] [Server thread/WARN]: [AIBot] PERCEPTION event=snapshot_slow bot=Bob {elapsed_ms=20}
[23:44:16] [Server thread/INFO]: [AIBot] ACTION event=diag_snapshot bot=Bob {on_ground=true, hp=20.0/20.0, mining_idle=true, nearby=animals=0 hostiles=0, inv=minecraft:stone_axex1 minecraft:wooden_swordx1 minecraft:crafting_tablex1 minecraft:stickx2 minecraft:wooden_pickaxex1 minecraft:wooden_axex1 minecraft:cobblestonex2 minecraft:stone_pickaxex1 minecraft:cherry_planksx1 minecraft:eggx1 minecraft:stone_swordx1 minecraft:raw_ironx2, path_idle=true, food=19, air=300, mode=survival, task=idle, task_progress=1.0, goal=none, task_phase=, in_lava=false, step=, light=15, submerged=false, task_state=COMPLETED, held=minecraft:stone_axex1, fall=0.0, pos=572,63,157}
[23:44:16] [Server thread/INFO]: [AIBot] ACTION event=capability_decision bot=Bob {context=observable_cell_query, capability=HIDDEN_BLOCK_SCAN, profile=strict_survival, allowed=false, reason=DENIED_STRICT_SURVIVAL}
[23:44:17] [Server thread/WARN]: [AIBot] PERCEPTION event=snapshot_slow bot=Bob {elapsed_ms=12}
[23:44:17] [Server thread/WARN]: [AIBot] PERCEPTION event=snapshot_slow bot=Bob {elapsed_ms=16}
[23:44:18] [Server thread/WARN]: [AIBot] PERCEPTION event=snapshot_slow bot=Bob {elapsed_ms=15}
[23:44:18] [Server thread/WARN]: [AIBot] PERCEPTION event=snapshot_slow bot=Bob {elapsed_ms=17}
[23:44:18] [Server thread/INFO]: [AIBot] ACTION event=diag_snapshot bot=Bob {on_ground=true, hp=20.0/20.0, mining_idle=true, nearby=animals=0 hostiles=0, inv=minecraft:stone_axex1 minecraft:wooden_swordx1 minecraft:crafting_tablex1 minecraft:stickx2 minecraft:wooden_pickaxex1 minecraft:wooden_axex1 minecraft:cobblestonex2 minecraft:stone_pickaxex1 minecraft:cherry_planksx1 minecraft:eggx1 minecraft:stone_swordx1 minecraft:raw_ironx2, path_idle=true, food=19, air=300, mode=survival, task=idle, task_progress=1.0, goal=none, task_phase=, in_lava=false, step=, light=15, submerged=false, task_state=COMPLETED, held=minecraft:stone_axex1, fall=0.0, pos=572,63,157}
[23:44:19] [Server thread/WARN]: [AIBot] PERCEPTION event=snapshot_slow bot=Bob {elapsed_ms=13}
[23:44:19] [Server thread/WARN]: [AIBot] PERCEPTION event=snapshot_slow bot=Bob {elapsed_ms=19}
[23:44:20] [Server thread/WARN]: [AIBot] PERCEPTION event=snapshot_slow bot=Bob {elapsed_ms=21}
[23:44:20] [Server thread/WARN]: [AIBot] PERCEPTION event=snapshot_slow bot=Bob {elapsed_ms=16}
[23:44:20] [Server thread/INFO]: [AIBot] ACTION event=capability_decision bot=Bob {context=diagnostic_nearby, capability=HIDDEN_BLOCK_SCAN, profile=strict_survival, allowed=false, reason=DENIED_STRICT_SURVIVAL}
[23:44:20] [Server thread/INFO]: [AIBot] ACTION event=diag_snapshot bot=Bob {on_ground=true, hp=20.0/20.0, mining_idle=true, nearby=animals=0 hostiles=0, inv=minecraft:stone_axex1 minecraft:wooden_swordx1 minecraft:crafting_tablex1 minecraft:stickx2 minecraft:wooden_pickaxex1 minecraft:wooden_axex1 minecraft:cobblestonex2 minecraft:stone_pickaxex1 minecraft:cherry_planksx1 minecraft:eggx1 minecraft:stone_swordx1 minecraft:raw_ironx2, path_idle=true, food=19, air=300, mode=survival, task=idle, task_progress=1.0, goal=none, task_phase=, in_lava=false, step=, light=15, submerged=false, task_state=COMPLETED, held=minecraft:stone_axex1, fall=0.0, pos=572,63,157}
[23:44:21] [Server thread/WARN]: [AIBot] PERCEPTION event=snapshot_slow bot=Bob {elapsed_ms=19}
[23:44:21] [Server thread/INFO]: [AIBot] ACTION event=capability_decision bot=Bob {context=observable_block_query, capability=HIDDEN_BLOCK_SCAN, profile=strict_survival, allowed=false, reason=DENIED_STRICT_SURVIVAL}
[23:44:21] [Server thread/INFO]: [AIBot] ACTION event=capability_decision bot=Bob {context=perception_snapshot, capability=HIDDEN_BLOCK_SCAN, profile=strict_survival, allowed=false, reason=DENIED_STRICT_SURVIVAL}
[23:44:21] [Server thread/WARN]: [AIBot] PERCEPTION event=snapshot_slow bot=Bob {elapsed_ms=19}
[23:44:21] [Server thread/INFO]: [AIBot] ACTION event=capability_decision bot=Bob {context=observable_cell_query, capability=HIDDEN_BLOCK_SCAN, profile=strict_survival, allowed=false, reason=DENIED_STRICT_SURVIVAL}
[23:44:22] [Server thread/WARN]: [AIBot] PERCEPTION event=snapshot_slow bot=Bob {elapsed_ms=15}
[23:44:22] [Server thread/WARN]: [AIBot] PERCEPTION event=snapshot_slow bot=Bob {elapsed_ms=14}
[23:44:22] [Server thread/INFO]: [AIBot] ACTION event=diag_snapshot bot=Bob {on_ground=true, hp=20.0/20.0, mining_idle=true, nearby=animals=0 hostiles=0, inv=minecraft:stone_axex1 minecraft:wooden_swordx1 minecraft:crafting_tablex1 minecraft:stickx2 minecraft:wooden_pickaxex1 minecraft:wooden_axex1 minecraft:cobblestonex2 minecraft:stone_pickaxex1 minecraft:cherry_planksx1 minecraft:eggx1 minecraft:stone_swordx1 minecraft:raw_ironx2, path_idle=true, food=19, air=300, mode=survival, task=idle, task_progress=1.0, goal=none, task_phase=, in_lava=false, step=, light=15, submerged=false, task_state=COMPLETED, held=minecraft:stone_axex1, fall=0.0, pos=572,63,157}
[23:44:23] [Server thread/WARN]: [AIBot] PERCEPTION event=snapshot_slow bot=Bob {elapsed_ms=11}
[23:44:23] [Server thread/WARN]: [AIBot] PERCEPTION event=snapshot_slow bot=Bob {elapsed_ms=12}
[23:44:24] [Server thread/WARN]: [AIBot] PERCEPTION event=snapshot_slow bot=Bob {elapsed_ms=11}
[23:44:24] [Server thread/WARN]: [AIBot] PERCEPTION event=snapshot_slow bot=Bob {elapsed_ms=18}
[23:44:24] [Server thread/INFO]: [AIBot] ACTION event=diag_snapshot bot=Bob {on_ground=true, hp=20.0/20.0, mining_idle=true, nearby=animals=0 hostiles=0, inv=minecraft:stone_axex1 minecraft:wooden_swordx1 minecraft:crafting_tablex1 minecraft:stickx2 minecraft:wooden_pickaxex1 minecraft:wooden_axex1 minecraft:cobblestonex2 minecraft:stone_pickaxex1 minecraft:cherry_planksx1 minecraft:eggx1 minecraft:stone_swordx1 minecraft:raw_ironx2, path_idle=true, food=19, air=300, mode=survival, task=idle, task_progress=1.0, goal=none, task_phase=, in_lava=false, step=, light=15, submerged=false, task_state=COMPLETED, held=minecraft:stone_axex1, fall=0.0, pos=572,63,157}
[23:44:25] [Server thread/WARN]: [AIBot] PERCEPTION event=snapshot_slow bot=Bob {elapsed_ms=16}
[23:44:25] [Server thread/WARN]: [AIBot] PERCEPTION event=snapshot_slow bot=Bob {elapsed_ms=12}
[23:44:26] [Server thread/WARN]: [AIBot] PERCEPTION event=snapshot_slow bot=Bob {elapsed_ms=12}
[23:44:26] [Server thread/INFO]: [AIBot] ACTION event=capability_decision bot=Bob {context=observable_block_query, capability=HIDDEN_BLOCK_SCAN, profile=strict_survival, allowed=false, reason=DENIED_STRICT_SURVIVAL}
[23:44:26] [Server thread/INFO]: [AIBot] ACTION event=capability_decision bot=Bob {context=perception_snapshot, capability=HIDDEN_BLOCK_SCAN, profile=strict_survival, allowed=false, reason=DENIED_STRICT_SURVIVAL}
[23:44:26] [Server thread/WARN]: [AIBot] PERCEPTION event=snapshot_slow bot=Bob {elapsed_ms=19}
[23:44:26] [Server thread/INFO]: [AIBot] ACTION event=capability_decision bot=Bob {context=diagnostic_nearby, capability=HIDDEN_BLOCK_SCAN, profile=strict_survival, allowed=false, reason=DENIED_STRICT_SURVIVAL}
[23:44:26] [Server thread/INFO]: [AIBot] ACTION event=diag_snapshot bot=Bob {on_ground=true, hp=20.0/20.0, mining_idle=true, nearby=animals=0 hostiles=0, inv=minecraft:stone_axex1 minecraft:wooden_swordx1 minecraft:crafting_tablex1 minecraft:stickx2 minecraft:wooden_pickaxex1 minecraft:wooden_axex1 minecraft:cobblestonex2 minecraft:stone_pickaxex1 minecraft:cherry_planksx1 minecraft:eggx1 minecraft:stone_swordx1 minecraft:raw_ironx2, path_idle=true, food=19, air=300, mode=survival, task=idle, task_progress=1.0, goal=none, task_phase=, in_lava=false, step=, light=15, submerged=false, task_state=COMPLETED, held=minecraft:stone_axex1, fall=0.0, pos=572,63,157}
[23:44:26] [Server thread/INFO]: [AIBot] ACTION event=capability_decision bot=Bob {context=observable_cell_query, capability=HIDDEN_BLOCK_SCAN, profile=strict_survival, allowed=false, reason=DENIED_STRICT_SURVIVAL}
[23:44:27] [Server thread/WARN]: [AIBot] PERCEPTION event=snapshot_slow bot=Bob {elapsed_ms=13}
[23:44:27] [Server thread/WARN]: [AIBot] PERCEPTION event=snapshot_slow bot=Bob {elapsed_ms=22}
[23:44:28] [Server thread/WARN]: [AIBot] PERCEPTION event=snapshot_slow bot=Bob {elapsed_ms=18}
[23:44:28] [Server thread/WARN]: [AIBot] PERCEPTION event=snapshot_slow bot=Bob {elapsed_ms=20}
[23:44:28] [Server thread/INFO]: [AIBot] ACTION event=capability_decision bot=Bob {context=observable_entity_query, capability=HIDDEN_BLOCK_SCAN, profile=strict_survival, allowed=false, reason=DENIED_STRICT_SURVIVAL}
[23:44:28] [Server thread/INFO]: [AIBot] ACTION event=diag_snapshot bot=Bob {on_ground=true, hp=20.0/20.0, mining_idle=true, nearby=animals=0 hostiles=0, inv=minecraft:stone_axex1 minecraft:wooden_swordx1 minecraft:crafting_tablex1 minecraft:stickx2 minecraft:wooden_pickaxex1 minecraft:wooden_axex1 minecraft:cobblestonex2 minecraft:stone_pickaxex1 minecraft:cherry_planksx1 minecraft:eggx1 minecraft:stone_swordx1 minecraft:raw_ironx2, path_idle=true, food=19, air=300, mode=survival, task=idle, task_progress=1.0, goal=none, task_phase=, in_lava=false, step=, light=15, submerged=false, task_state=COMPLETED, held=minecraft:stone_axex1, fall=0.0, pos=572,63,157}
[23:44:29] [Server thread/WARN]: [AIBot] PERCEPTION event=snapshot_slow bot=Bob {elapsed_ms=12}
[23:44:29] [Server thread/WARN]: [AIBot] PERCEPTION event=snapshot_slow bot=Bob {elapsed_ms=12}
[23:44:30] [Server thread/WARN]: [AIBot] PERCEPTION event=snapshot_slow bot=Bob {elapsed_ms=21}
[23:44:30] [Server thread/WARN]: [AIBot] PERCEPTION event=snapshot_slow bot=Bob {elapsed_ms=20}
[23:44:30] [Server thread/INFO]: [AIBot] ACTION event=diag_snapshot bot=Bob {on_ground=true, hp=20.0/20.0, mining_idle=true, nearby=animals=0 hostiles=0, inv=minecraft:stone_axex1 minecraft:wooden_swordx1 minecraft:crafting_tablex1 minecraft:stickx2 minecraft:wooden_pickaxex1 minecraft:wooden_axex1 minecraft:cobblestonex2 minecraft:stone_pickaxex1 minecraft:cherry_planksx1 minecraft:eggx1 minecraft:stone_swordx1 minecraft:raw_ironx2, path_idle=true, food=19, air=300, mode=survival, task=idle, task_progress=1.0, goal=none, task_phase=, in_lava=false, step=, light=15, submerged=false, task_state=COMPLETED, held=minecraft:stone_axex1, fall=0.0, pos=572,63,157}
[23:44:31] [Server thread/WARN]: [AIBot] PERCEPTION event=snapshot_slow bot=Bob {elapsed_ms=20}
[23:44:31] [Server thread/INFO]: [AIBot] ACTION event=capability_decision bot=Bob {context=observable_block_query, capability=HIDDEN_BLOCK_SCAN, profile=strict_survival, allowed=false, reason=DENIED_STRICT_SURVIVAL}
[23:44:31] [Server thread/INFO]: [AIBot] ACTION event=capability_decision bot=Bob {context=perception_snapshot, capability=HIDDEN_BLOCK_SCAN, profile=strict_survival, allowed=false, reason=DENIED_STRICT_SURVIVAL}
[23:44:31] [Server thread/WARN]: [AIBot] PERCEPTION event=snapshot_slow bot=Bob {elapsed_ms=19}
[23:44:31] [RCON Listener #1/INFO]: Thread RCON Client /127.0.0.1 started
[23:44:31] [Server thread/INFO]: [Rcon: Changed the block at 574, 63, 163]
[23:44:31] [RCON Client /127.0.0.1 #9/INFO]: Thread RCON Client /127.0.0.1 shutting down
[23:44:31] [RCON Listener #1/INFO]: Thread RCON Client /127.0.0.1 started
[23:44:31] [Server thread/INFO]: [AIBot] ACTION event=capability_decision bot=Bob {context=observable_cell_query, capability=HIDDEN_BLOCK_SCAN, profile=strict_survival, allowed=false, reason=DENIED_STRICT_SURVIVAL}
[23:44:31] [Server thread/INFO]: [Rcon: Successfully filled 12 block(s)]
[23:44:31] [RCON Client /127.0.0.1 #10/INFO]: Thread RCON Client /127.0.0.1 shutting down
[23:44:32] [Server thread/WARN]: [AIBot] PERCEPTION event=snapshot_slow bot=Bob {elapsed_ms=13}
[23:44:32] [Server thread/WARN]: [AIBot] PERCEPTION event=snapshot_slow bot=Bob {elapsed_ms=15}
[23:44:32] [Server thread/INFO]: [AIBot] ACTION event=capability_decision bot=Bob {context=diagnostic_nearby, capability=HIDDEN_BLOCK_SCAN, profile=strict_survival, allowed=false, reason=DENIED_STRICT_SURVIVAL}
[23:44:32] [Server thread/INFO]: [AIBot] ACTION event=diag_snapshot bot=Bob {on_ground=true, hp=20.0/20.0, mining_idle=true, nearby=animals=0 hostiles=0, inv=minecraft:stone_axex1 minecraft:wooden_swordx1 minecraft:crafting_tablex1 minecraft:stickx2 minecraft:wooden_pickaxex1 minecraft:wooden_axex1 minecraft:cobblestonex2 minecraft:stone_pickaxex1 minecraft:cherry_planksx1 minecraft:eggx1 minecraft:stone_swordx1 minecraft:raw_ironx2, path_idle=true, food=19, air=300, mode=survival, task=idle, task_progress=1.0, goal=none, task_phase=, in_lava=false, step=, light=15, submerged=false, task_state=COMPLETED, held=minecraft:stone_axex1, fall=0.0, pos=572,63,157}
[23:44:33] [Server thread/WARN]: [AIBot] PERCEPTION event=snapshot_slow bot=Bob {elapsed_ms=14}
[23:44:33] [Server thread/INFO]: [AIBot] ACTION event=capability_decision bot=Bob {context=inspect_local, capability=HIDDEN_BLOCK_SCAN, profile=strict_survival, allowed=false, reason=DENIED_STRICT_SURVIVAL}
[23:44:33] [Server thread/WARN]: [AIBot] PERCEPTION event=snapshot_slow bot=Bob {elapsed_ms=13}
[23:44:34] [Server thread/WARN]: [AIBot] PERCEPTION event=snapshot_slow bot=Bob {elapsed_ms=13}
[23:44:34] [Server thread/WARN]: [AIBot] PERCEPTION event=snapshot_slow bot=Bob {elapsed_ms=12}
[23:44:34] [Server thread/INFO]: [AIBot] ACTION event=capability_decision bot=Bob {context=observable_entity_query, capability=HIDDEN_BLOCK_SCAN, profile=strict_survival, allowed=false, reason=DENIED_STRICT_SURVIVAL}
[23:44:34] [Server thread/INFO]: [AIBot] ACTION event=diag_snapshot bot=Bob {on_ground=true, hp=20.0/20.0, mining_idle=true, nearby=animals=0 hostiles=0, inv=minecraft:stone_axex1 minecraft:wooden_swordx1 minecraft:crafting_tablex1 minecraft:stickx2 minecraft:wooden_pickaxex1 minecraft:wooden_axex1 minecraft:cobblestonex2 minecraft:stone_pickaxex1 minecraft:cherry_planksx1 minecraft:eggx1 minecraft:stone_swordx1 minecraft:raw_ironx2, path_idle=true, food=19, air=300, mode=survival, task=idle, task_progress=1.0, goal=none, task_phase=, in_lava=false, step=, light=15, submerged=false, task_state=COMPLETED, held=minecraft:stone_axex1, fall=0.0, pos=572,63,157}
[23:44:35] [Server thread/WARN]: [AIBot] PERCEPTION event=snapshot_slow bot=Bob {elapsed_ms=13}
[23:44:35] [Server thread/WARN]: [AIBot] PERCEPTION event=snapshot_slow bot=Bob {elapsed_ms=12}
[23:44:36] [Server thread/WARN]: [AIBot] PERCEPTION event=snapshot_slow bot=Bob {elapsed_ms=18}
[23:44:36] [Server thread/INFO]: [AIBot] ACTION event=capability_decision bot=Bob {context=observable_block_query, capability=HIDDEN_BLOCK_SCAN, profile=strict_survival, allowed=false, reason=DENIED_STRICT_SURVIVAL}
[23:44:36] [Server thread/INFO]: [AIBot] ACTION event=capability_decision bot=Bob {context=perception_snapshot, capability=HIDDEN_BLOCK_SCAN, profile=strict_survival, allowed=false, reason=DENIED_STRICT_SURVIVAL}
[23:44:36] [Server thread/WARN]: [AIBot] PERCEPTION event=snapshot_slow bot=Bob {elapsed_ms=18}
[23:44:36] [Server thread/INFO]: [AIBot] ACTION event=diag_snapshot bot=Bob {on_ground=true, hp=20.0/20.0, mining_idle=true, nearby=animals=0 hostiles=0, inv=minecraft:stone_axex1 minecraft:wooden_swordx1 minecraft:crafting_tablex1 minecraft:stickx2 minecraft:wooden_pickaxex1 minecraft:wooden_axex1 minecraft:cobblestonex2 minecraft:stone_pickaxex1 minecraft:cherry_planksx1 minecraft:eggx1 minecraft:stone_swordx1 minecraft:raw_ironx2, path_idle=true, food=19, air=300, mode=survival, task=idle, task_progress=1.0, goal=none, task_phase=, in_lava=false, step=, light=15, submerged=false, task_state=COMPLETED, held=minecraft:stone_axex1, fall=0.0, pos=572,63,157}
[23:44:36] [Server thread/INFO]: [AIBot] ACTION event=capability_decision bot=Bob {context=observable_cell_query, capability=HIDDEN_BLOCK_SCAN, profile=strict_survival, allowed=false, reason=DENIED_STRICT_SURVIVAL}
[23:44:37] [Server thread/WARN]: [AIBot] PERCEPTION event=snapshot_slow bot=Bob {elapsed_ms=18}
[23:44:37] [Server thread/WARN]: [AIBot] PERCEPTION event=snapshot_slow bot=Bob {elapsed_ms=12}
[23:44:38] [Server thread/WARN]: [AIBot] PERCEPTION event=snapshot_slow bot=Bob {elapsed_ms=19}
[23:44:38] [Server thread/WARN]: [AIBot] PERCEPTION event=snapshot_slow bot=Bob {elapsed_ms=13}
[23:44:38] [Server thread/INFO]: [AIBot] ACTION event=capability_decision bot=Bob {context=diagnostic_nearby, capability=HIDDEN_BLOCK_SCAN, profile=strict_survival, allowed=false, reason=DENIED_STRICT_SURVIVAL}
[23:44:38] [Server thread/INFO]: [AIBot] ACTION event=diag_snapshot bot=Bob {on_ground=true, hp=20.0/20.0, mining_idle=true, nearby=animals=0 hostiles=0, inv=minecraft:stone_axex1 minecraft:wooden_swordx1 minecraft:crafting_tablex1 minecraft:stickx2 minecraft:wooden_pickaxex1 minecraft:wooden_axex1 minecraft:cobblestonex2 minecraft:stone_pickaxex1 minecraft:cherry_planksx1 minecraft:eggx1 minecraft:stone_swordx1 minecraft:raw_ironx2, path_idle=true, food=19, air=300, mode=survival, task=idle, task_progress=1.0, goal=none, task_phase=, in_lava=false, step=, light=15, submerged=false, task_state=COMPLETED, held=minecraft:stone_axex1, fall=0.0, pos=572,63,157}
[23:44:39] [Server thread/WARN]: [AIBot] PERCEPTION event=snapshot_slow bot=Bob {elapsed_ms=16}
[23:44:39] [RCON Listener #1/INFO]: Thread RCON Client /127.0.0.1 started
[23:44:39] [Server thread/INFO]: [Rcon: Successfully filled 12 block(s)]
[23:44:39] [RCON Client /127.0.0.1 #11/INFO]: Thread RCON Client /127.0.0.1 shutting down
[23:44:39] [Server thread/WARN]: [AIBot] PERCEPTION event=snapshot_slow bot=Bob {elapsed_ms=27}
[23:44:40] [Server thread/WARN]: [AIBot] PERCEPTION event=snapshot_slow bot=Bob {elapsed_ms=18}
[23:44:40] [Server thread/WARN]: [AIBot] PERCEPTION event=snapshot_slow bot=Bob {elapsed_ms=17}
[23:44:40] [Server thread/INFO]: [AIBot] ACTION event=capability_decision bot=Bob {context=observable_entity_query, capability=HIDDEN_BLOCK_SCAN, profile=strict_survival, allowed=false, reason=DENIED_STRICT_SURVIVAL}
[23:44:40] [Server thread/INFO]: [AIBot] ACTION event=diag_snapshot bot=Bob {on_ground=true, hp=20.0/20.0, mining_idle=true, nearby=animals=0 hostiles=0, inv=minecraft:stone_axex1 minecraft:wooden_swordx1 minecraft:crafting_tablex1 minecraft:stickx2 minecraft:wooden_pickaxex1 minecraft:wooden_axex1 minecraft:cobblestonex2 minecraft:stone_pickaxex1 minecraft:cherry_planksx1 minecraft:eggx1 minecraft:stone_swordx1 minecraft:raw_ironx2, path_idle=true, food=19, air=300, mode=survival, task=idle, task_progress=1.0, goal=none, task_phase=, in_lava=false, step=, light=15, submerged=false, task_state=COMPLETED, held=minecraft:stone_axex1, fall=0.0, pos=572,63,157}
[23:44:40] [Server thread/INFO]: [AIBot] ACTION event=capability_decision bot=Bob {context=inspect_local, capability=HIDDEN_BLOCK_SCAN, profile=strict_survival, allowed=false, reason=DENIED_STRICT_SURVIVAL}
[23:44:41] [Server thread/WARN]: [AIBot] PERCEPTION event=snapshot_slow bot=Bob {elapsed_ms=19}
[23:44:41] [Server thread/INFO]: [AIBot] ACTION event=capability_decision bot=Bob {context=observable_block_query, capability=HIDDEN_BLOCK_SCAN, profile=strict_survival, allowed=false, reason=DENIED_STRICT_SURVIVAL}
[23:44:41] [Server thread/INFO]: [AIBot] ACTION event=capability_decision bot=Bob {context=perception_snapshot, capability=HIDDEN_BLOCK_SCAN, profile=strict_survival, allowed=false, reason=DENIED_STRICT_SURVIVAL}
[23:44:41] [Server thread/WARN]: [AIBot] PERCEPTION event=snapshot_slow bot=Bob {elapsed_ms=19}
[23:44:41] [Server thread/INFO]: [AIBot] ACTION event=capability_decision bot=Bob {context=observable_cell_query, capability=HIDDEN_BLOCK_SCAN, profile=strict_survival, allowed=false, reason=DENIED_STRICT_SURVIVAL}
[23:44:42] [Server thread/WARN]: [AIBot] PERCEPTION event=snapshot_slow bot=Bob {elapsed_ms=25}
[23:44:42] [Server thread/WARN]: [AIBot] PERCEPTION event=snapshot_slow bot=Bob {elapsed_ms=20}
[23:44:42] [Server thread/INFO]: [AIBot] ACTION event=diag_snapshot bot=Bob {on_ground=true, hp=20.0/20.0, mining_idle=true, nearby=animals=0 hostiles=0, inv=minecraft:stone_axex1 minecraft:wooden_swordx1 minecraft:crafting_tablex1 minecraft:stickx2 minecraft:wooden_pickaxex1 minecraft:wooden_axex1 minecraft:cobblestonex2 minecraft:stone_pickaxex1 minecraft:cherry_planksx1 minecraft:eggx1 minecraft:stone_swordx1 minecraft:raw_ironx2, path_idle=true, food=19, air=300, mode=survival, task=idle, task_progress=1.0, goal=none, task_phase=, in_lava=false, step=, light=15, submerged=false, task_state=COMPLETED, held=minecraft:stone_axex1, fall=0.0, pos=572,63,157}
[23:44:43] [Server thread/WARN]: [AIBot] PERCEPTION event=snapshot_slow bot=Bob {elapsed_ms=20}
[23:44:43] [Server thread/WARN]: [AIBot] PERCEPTION event=snapshot_slow bot=Bob {elapsed_ms=21}
[23:44:44] [Server thread/WARN]: [AIBot] PERCEPTION event=snapshot_slow bot=Bob {elapsed_ms=18}
[23:44:44] [Server thread/WARN]: [AIBot] PERCEPTION event=snapshot_slow bot=Bob {elapsed_ms=21}
[23:44:44] [Server thread/INFO]: [AIBot] ACTION event=capability_decision bot=Bob {context=diagnostic_nearby, capability=HIDDEN_BLOCK_SCAN, profile=strict_survival, allowed=false, reason=DENIED_STRICT_SURVIVAL}
[23:44:44] [Server thread/INFO]: [AIBot] ACTION event=diag_snapshot bot=Bob {on_ground=true, hp=20.0/20.0, mining_idle=true, nearby=animals=0 hostiles=0, inv=minecraft:stone_axex1 minecraft:wooden_swordx1 minecraft:crafting_tablex1 minecraft:stickx2 minecraft:wooden_pickaxex1 minecraft:wooden_axex1 minecraft:cobblestonex2 minecraft:stone_pickaxex1 minecraft:cherry_planksx1 minecraft:eggx1 minecraft:stone_swordx1 minecraft:raw_ironx2, path_idle=true, food=19, air=300, mode=survival, task=idle, task_progress=1.0, goal=none, task_phase=, in_lava=false, step=, light=15, submerged=false, task_state=COMPLETED, held=minecraft:stone_axex1, fall=0.0, pos=572,63,157}
[23:44:45] [Server thread/WARN]: [AIBot] PERCEPTION event=snapshot_slow bot=Bob {elapsed_ms=19}
[23:44:45] [Server thread/INFO]: [AIBot] ACTION event=capability_decision bot=Bob {context=observable_entity_query, capability=HIDDEN_BLOCK_SCAN, profile=strict_survival, allowed=false, reason=DENIED_STRICT_SURVIVAL}
[23:44:45] [Server thread/WARN]: [AIBot] PERCEPTION event=snapshot_slow bot=Bob {elapsed_ms=21}
[23:44:46] [Server thread/WARN]: [AIBot] PERCEPTION event=snapshot_slow bot=Bob {elapsed_ms=17}
[23:44:46] [Server thread/INFO]: [AIBot] ACTION event=capability_decision bot=Bob {context=observable_block_query, capability=HIDDEN_BLOCK_SCAN, profile=strict_survival, allowed=false, reason=DENIED_STRICT_SURVIVAL}
[23:44:46] [Server thread/INFO]: [AIBot] ACTION event=capability_decision bot=Bob {context=perception_snapshot, capability=HIDDEN_BLOCK_SCAN, profile=strict_survival, allowed=false, reason=DENIED_STRICT_SURVIVAL}
[23:44:46] [Server thread/WARN]: [AIBot] PERCEPTION event=snapshot_slow bot=Bob {elapsed_ms=20}
[23:44:46] [Server thread/INFO]: [AIBot] ACTION event=diag_snapshot bot=Bob {on_ground=true, hp=20.0/20.0, mining_idle=true, nearby=animals=0 hostiles=0, inv=minecraft:stone_axex1 minecraft:wooden_swordx1 minecraft:crafting_tablex1 minecraft:stickx2 minecraft:wooden_pickaxex1 minecraft:wooden_axex1 minecraft:cobblestonex2 minecraft:stone_pickaxex1 minecraft:cherry_planksx1 minecraft:eggx1 minecraft:stone_swordx1 minecraft:raw_ironx2, path_idle=true, food=19, air=300, mode=survival, task=idle, task_progress=1.0, goal=none, task_phase=, in_lava=false, step=, light=15, submerged=false, task_state=COMPLETED, held=minecraft:stone_axex1, fall=0.0, pos=572,63,157}
[23:44:46] [Server thread/INFO]: [AIBot] ACTION event=capability_decision bot=Bob {context=observable_cell_query, capability=HIDDEN_BLOCK_SCAN, profile=strict_survival, allowed=false, reason=DENIED_STRICT_SURVIVAL}
[23:44:47] [Server thread/WARN]: [AIBot] PERCEPTION event=snapshot_slow bot=Bob {elapsed_ms=18}
[23:44:47] [Server thread/WARN]: [AIBot] PERCEPTION event=snapshot_slow bot=Bob {elapsed_ms=20}
[23:44:48] [Server thread/WARN]: [AIBot] PERCEPTION event=snapshot_slow bot=Bob {elapsed_ms=21}
[23:44:48] [Server thread/WARN]: [AIBot] PERCEPTION event=snapshot_slow bot=Bob {elapsed_ms=18}
[23:44:48] [Server thread/INFO]: [AIBot] ACTION event=diag_snapshot bot=Bob {on_ground=true, hp=20.0/20.0, mining_idle=true, nearby=animals=1(squid@15) hostiles=0, inv=minecraft:stone_axex1 minecraft:wooden_swordx1 minecraft:crafting_tablex1 minecraft:stickx2 minecraft:wooden_pickaxex1 minecraft:wooden_axex1 minecraft:cobblestonex2 minecraft:stone_pickaxex1 minecraft:cherry_planksx1 minecraft:eggx1 minecraft:stone_swordx1 minecraft:raw_ironx2, path_idle=true, food=19, air=300, mode=survival, task=idle, task_progress=1.0, goal=none, task_phase=, in_lava=false, step=, light=15, submerged=false, task_state=COMPLETED, held=minecraft:stone_axex1, fall=0.0, pos=572,63,157}
[23:44:49] [Server thread/WARN]: [AIBot] PERCEPTION event=snapshot_slow bot=Bob {elapsed_ms=19}
[23:44:49] [Server thread/WARN]: [AIBot] PERCEPTION event=snapshot_slow bot=Bob {elapsed_ms=16}
[23:44:50] [Server thread/WARN]: [AIBot] PERCEPTION event=snapshot_slow bot=Bob {elapsed_ms=18}
[23:44:50] [Server thread/INFO]: [AIBot] ACTION event=capability_decision bot=Bob {context=observable_entity_query, capability=HIDDEN_BLOCK_SCAN, profile=strict_survival, allowed=false, reason=DENIED_STRICT_SURVIVAL}
[23:44:50] [Server thread/WARN]: [AIBot] PERCEPTION event=snapshot_slow bot=Bob {elapsed_ms=21}
[23:44:50] [Server thread/INFO]: [AIBot] ACTION event=capability_decision bot=Bob {context=diagnostic_nearby, capability=HIDDEN_BLOCK_SCAN, profile=strict_survival, allowed=false, reason=DENIED_STRICT_SURVIVAL}
[23:44:50] [Server thread/INFO]: [AIBot] ACTION event=diag_snapshot bot=Bob {on_ground=true, hp=20.0/20.0, mining_idle=true, nearby=animals=0 hostiles=0, inv=minecraft:stone_axex1 minecraft:wooden_swordx1 minecraft:crafting_tablex1 minecraft:stickx2 minecraft:wooden_pickaxex1 minecraft:wooden_axex1 minecraft:cobblestonex2 minecraft:stone_pickaxex1 minecraft:cherry_planksx1 minecraft:eggx1 minecraft:stone_swordx1 minecraft:raw_ironx2, path_idle=true, food=19, air=300, mode=survival, task=idle, task_progress=1.0, goal=none, task_phase=, in_lava=false, step=, light=15, submerged=false, task_state=COMPLETED, held=minecraft:stone_axex1, fall=0.0, pos=572,63,157}
[23:44:51] [Server thread/WARN]: [AIBot] PERCEPTION event=snapshot_slow bot=Bob {elapsed_ms=17}
[23:44:51] [Server thread/INFO]: [AIBot] ACTION event=capability_decision bot=Bob {context=observable_block_query, capability=HIDDEN_BLOCK_SCAN, profile=strict_survival, allowed=false, reason=DENIED_STRICT_SURVIVAL}
[23:44:51] [Server thread/INFO]: [AIBot] ACTION event=capability_decision bot=Bob {context=perception_snapshot, capability=HIDDEN_BLOCK_SCAN, profile=strict_survival, allowed=false, reason=DENIED_STRICT_SURVIVAL}
[23:44:51] [Server thread/WARN]: [AIBot] PERCEPTION event=snapshot_slow bot=Bob {elapsed_ms=19}
[23:44:51] [Server thread/INFO]: [AIBot] ACTION event=capability_decision bot=Bob {context=observable_cell_query, capability=HIDDEN_BLOCK_SCAN, profile=strict_survival, allowed=false, reason=DENIED_STRICT_SURVIVAL}
[23:44:52] [Server thread/WARN]: [AIBot] PERCEPTION event=snapshot_slow bot=Bob {elapsed_ms=20}
[23:44:52] [Server thread/WARN]: [AIBot] PERCEPTION event=snapshot_slow bot=Bob {elapsed_ms=19}
[23:44:52] [Server thread/INFO]: [AIBot] ACTION event=diag_snapshot bot=Bob {on_ground=true, hp=20.0/20.0, mining_idle=true, nearby=animals=0 hostiles=0, inv=minecraft:stone_axex1 minecraft:wooden_swordx1 minecraft:crafting_tablex1 minecraft:stickx2 minecraft:wooden_pickaxex1 minecraft:wooden_axex1 minecraft:cobblestonex2 minecraft:stone_pickaxex1 minecraft:cherry_planksx1 minecraft:eggx1 minecraft:stone_swordx1 minecraft:raw_ironx2, path_idle=true, food=19, air=300, mode=survival, task=idle, task_progress=1.0, goal=none, task_phase=, in_lava=false, step=, light=15, submerged=false, task_state=COMPLETED, held=minecraft:stone_axex1, fall=0.0, pos=572,63,157}
[23:44:53] [Server thread/WARN]: [AIBot] PERCEPTION event=snapshot_slow bot=Bob {elapsed_ms=21}
[23:44:53] [Server thread/WARN]: [AIBot] PERCEPTION event=snapshot_slow bot=Bob {elapsed_ms=21}
[23:44:54] [Server thread/WARN]: [AIBot] PERCEPTION event=snapshot_slow bot=Bob {elapsed_ms=19}
[23:44:54] [Server thread/WARN]: [AIBot] PERCEPTION event=snapshot_slow bot=Bob {elapsed_ms=22}
[23:44:54] [Server thread/INFO]: [AIBot] ACTION event=diag_snapshot bot=Bob {on_ground=true, hp=20.0/20.0, mining_idle=true, nearby=animals=0 hostiles=0, inv=minecraft:stone_axex1 minecraft:wooden_swordx1 minecraft:crafting_tablex1 minecraft:stickx2 minecraft:wooden_pickaxex1 minecraft:wooden_axex1 minecraft:cobblestonex2 minecraft:stone_pickaxex1 minecraft:cherry_planksx1 minecraft:eggx1 minecraft:stone_swordx1 minecraft:raw_ironx2, path_idle=true, food=19, air=300, mode=survival, task=idle, task_progress=1.0, goal=none, task_phase=, in_lava=false, step=, light=15, submerged=false, task_state=COMPLETED, held=minecraft:stone_axex1, fall=0.0, pos=572,63,157}
[23:44:55] [Server thread/WARN]: [AIBot] PERCEPTION event=snapshot_slow bot=Bob {elapsed_ms=12}
[23:44:55] [Server thread/WARN]: [AIBot] PERCEPTION event=snapshot_slow bot=Bob {elapsed_ms=13}
[23:44:56] [Server thread/WARN]: [AIBot] PERCEPTION event=snapshot_slow bot=Bob {elapsed_ms=14}
[23:44:56] [Server thread/INFO]: [AIBot] ACTION event=capability_decision bot=Bob {context=observable_block_query, capability=HIDDEN_BLOCK_SCAN, profile=strict_survival, allowed=false, reason=DENIED_STRICT_SURVIVAL}
[23:44:56] [Server thread/INFO]: [AIBot] ACTION event=capability_decision bot=Bob {context=perception_snapshot, capability=HIDDEN_BLOCK_SCAN, profile=strict_survival, allowed=false, reason=DENIED_STRICT_SURVIVAL}
[23:44:56] [Server thread/WARN]: [AIBot] PERCEPTION event=snapshot_slow bot=Bob {elapsed_ms=13}
[23:44:56] [Server thread/INFO]: [AIBot] ACTION event=capability_decision bot=Bob {context=diagnostic_nearby, capability=HIDDEN_BLOCK_SCAN, profile=strict_survival, allowed=false, reason=DENIED_STRICT_SURVIVAL}
[23:44:56] [Server thread/INFO]: [AIBot] ACTION event=capability_decision bot=Bob {context=observable_entity_query, capability=HIDDEN_BLOCK_SCAN, profile=strict_survival, allowed=false, reason=DENIED_STRICT_SURVIVAL}
[23:44:56] [Server thread/INFO]: [AIBot] ACTION event=diag_snapshot bot=Bob {on_ground=true, hp=20.0/20.0, mining_idle=true, nearby=animals=0 hostiles=0, inv=minecraft:stone_axex1 minecraft:wooden_swordx1 minecraft:crafting_tablex1 minecraft:stickx2 minecraft:wooden_pickaxex1 minecraft:wooden_axex1 minecraft:cobblestonex2 minecraft:stone_pickaxex1 minecraft:cherry_planksx1 minecraft:eggx1 minecraft:stone_swordx1 minecraft:raw_ironx2, path_idle=true, food=19, air=300, mode=survival, task=idle, task_progress=1.0, goal=none, task_phase=, in_lava=false, step=, light=15, submerged=false, task_state=COMPLETED, held=minecraft:stone_axex1, fall=0.0, pos=572,63,157}
[23:44:56] [Server thread/INFO]: [AIBot] ACTION event=capability_decision bot=Bob {context=observable_cell_query, capability=HIDDEN_BLOCK_SCAN, profile=strict_survival, allowed=false, reason=DENIED_STRICT_SURVIVAL}
[23:44:57] [Server thread/WARN]: [AIBot] PERCEPTION event=snapshot_slow bot=Bob {elapsed_ms=16}
[23:44:57] [Server thread/WARN]: [AIBot] PERCEPTION event=snapshot_slow bot=Bob {elapsed_ms=17}
[23:44:58] [Server thread/WARN]: [AIBot] PERCEPTION event=snapshot_slow bot=Bob {elapsed_ms=16}
[23:44:58] [Server thread/WARN]: [AIBot] PERCEPTION event=snapshot_slow bot=Bob {elapsed_ms=19}
[23:44:58] [Server thread/INFO]: [AIBot] ACTION event=diag_snapshot bot=Bob {on_ground=true, hp=20.0/20.0, mining_idle=true, nearby=animals=0 hostiles=0, inv=minecraft:stone_axex1 minecraft:wooden_swordx1 minecraft:crafting_tablex1 minecraft:stickx2 minecraft:wooden_pickaxex1 minecraft:wooden_axex1 minecraft:cobblestonex2 minecraft:stone_pickaxex1 minecraft:cherry_planksx1 minecraft:eggx1 minecraft:stone_swordx1 minecraft:raw_ironx2, path_idle=true, food=19, air=300, mode=survival, task=idle, task_progress=1.0, goal=none, task_phase=, in_lava=false, step=, light=15, submerged=false, task_state=COMPLETED, held=minecraft:stone_axex1, fall=0.0, pos=572,63,157}
[23:44:59] [Server thread/WARN]: [AIBot] PERCEPTION event=snapshot_slow bot=Bob {elapsed_ms=20}
[23:44:59] [Server thread/WARN]: [AIBot] PERCEPTION event=snapshot_slow bot=Bob {elapsed_ms=15}
[23:45:00] [Server thread/WARN]: [AIBot] PERCEPTION event=snapshot_slow bot=Bob {elapsed_ms=17}
[23:45:00] [Server thread/WARN]: [AIBot] PERCEPTION event=snapshot_slow bot=Bob {elapsed_ms=17}
[23:45:00] [Server thread/INFO]: [AIBot] ACTION event=diag_snapshot bot=Bob {on_ground=true, hp=20.0/20.0, mining_idle=true, nearby=animals=0 hostiles=0, inv=minecraft:stone_axex1 minecraft:wooden_swordx1 minecraft:crafting_tablex1 minecraft:stickx2 minecraft:wooden_pickaxex1 minecraft:wooden_axex1 minecraft:cobblestonex2 minecraft:stone_pickaxex1 minecraft:cherry_planksx1 minecraft:eggx1 minecraft:stone_swordx1 minecraft:raw_ironx2, path_idle=true, food=19, air=300, mode=survival, task=idle, task_progress=1.0, goal=none, task_phase=, in_lava=false, step=, light=15, submerged=false, task_state=COMPLETED, held=minecraft:stone_axex1, fall=0.0, pos=572,63,157}
[23:45:01] [Server thread/WARN]: [AIBot] PERCEPTION event=snapshot_slow bot=Bob {elapsed_ms=13}
[23:45:01] [Server thread/INFO]: [AIBot] ACTION event=capability_decision bot=Bob {context=observable_block_query, capability=HIDDEN_BLOCK_SCAN, profile=strict_survival, allowed=false, reason=DENIED_STRICT_SURVIVAL}
[23:45:01] [Server thread/INFO]: [AIBot] ACTION event=capability_decision bot=Bob {context=perception_snapshot, capability=HIDDEN_BLOCK_SCAN, profile=strict_survival, allowed=false, reason=DENIED_STRICT_SURVIVAL}
[23:45:01] [Server thread/WARN]: [AIBot] PERCEPTION event=snapshot_slow bot=Bob {elapsed_ms=20}
[23:45:01] [Server thread/INFO]: [AIBot] ACTION event=capability_decision bot=Bob {context=observable_cell_query, capability=HIDDEN_BLOCK_SCAN, profile=strict_survival, allowed=false, reason=DENIED_STRICT_SURVIVAL}
[23:45:02] [Server thread/WARN]: [AIBot] PERCEPTION event=snapshot_slow bot=Bob {elapsed_ms=18}
[23:45:02] [Server thread/WARN]: [AIBot] PERCEPTION event=snapshot_slow bot=Bob {elapsed_ms=23}
[23:45:02] [Server thread/INFO]: [AIBot] ACTION event=capability_decision bot=Bob {context=diagnostic_nearby, capability=HIDDEN_BLOCK_SCAN, profile=strict_survival, allowed=false, reason=DENIED_STRICT_SURVIVAL}
[23:45:02] [Server thread/INFO]: [AIBot] ACTION event=capability_decision bot=Bob {context=observable_entity_query, capability=HIDDEN_BLOCK_SCAN, profile=strict_survival, allowed=false, reason=DENIED_STRICT_SURVIVAL}
[23:45:02] [Server thread/INFO]: [AIBot] ACTION event=diag_snapshot bot=Bob {on_ground=true, hp=20.0/20.0, mining_idle=true, nearby=animals=0 hostiles=0, inv=minecraft:stone_axex1 minecraft:wooden_swordx1 minecraft:crafting_tablex1 minecraft:stickx2 minecraft:wooden_pickaxex1 minecraft:wooden_axex1 minecraft:cobblestonex2 minecraft:stone_pickaxex1 minecraft:cherry_planksx1 minecraft:eggx1 minecraft:stone_swordx1 minecraft:raw_ironx2, path_idle=true, food=19, air=300, mode=survival, task=idle, task_progress=1.0, goal=none, task_phase=, in_lava=false, step=, light=15, submerged=false, task_state=COMPLETED, held=minecraft:stone_axex1, fall=0.0, pos=572,63,157}
[23:45:03] [Server thread/WARN]: [AIBot] PERCEPTION event=snapshot_slow bot=Bob {elapsed_ms=20}
[23:45:03] [Server thread/WARN]: [AIBot] PERCEPTION event=snapshot_slow bot=Bob {elapsed_ms=21}
[23:45:04] [Server thread/WARN]: [AIBot] PERCEPTION event=snapshot_slow bot=Bob {elapsed_ms=14}
[23:45:04] [Server thread/WARN]: [AIBot] PERCEPTION event=snapshot_slow bot=Bob {elapsed_ms=18}
[23:45:04] [Server thread/INFO]: [AIBot] ACTION event=diag_snapshot bot=Bob {on_ground=true, hp=20.0/20.0, mining_idle=true, nearby=animals=0 hostiles=0, inv=minecraft:stone_axex1 minecraft:wooden_swordx1 minecraft:crafting_tablex1 minecraft:stickx2 minecraft:wooden_pickaxex1 minecraft:wooden_axex1 minecraft:cobblestonex2 minecraft:stone_pickaxex1 minecraft:cherry_planksx1 minecraft:eggx1 minecraft:stone_swordx1 minecraft:raw_ironx2, path_idle=true, food=19, air=300, mode=survival, task=idle, task_progress=1.0, goal=none, task_phase=, in_lava=false, step=, light=15, submerged=false, task_state=COMPLETED, held=minecraft:stone_axex1, fall=0.0, pos=572,63,157}
[23:45:05] [Server thread/WARN]: [AIBot] PERCEPTION event=snapshot_slow bot=Bob {elapsed_ms=17}
[23:45:05] [Server thread/WARN]: [AIBot] PERCEPTION event=snapshot_slow bot=Bob {elapsed_ms=20}
[23:45:06] [Server thread/WARN]: [AIBot] PERCEPTION event=snapshot_slow bot=Bob {elapsed_ms=22}
[23:45:06] [Server thread/INFO]: [AIBot] LIFECYCLE event=mixin_alive bot=- {server_tick=2400}
[23:45:06] [Server thread/INFO]: [AIBot] ACTION event=capability_decision bot=Bob {context=observable_block_query, capability=HIDDEN_BLOCK_SCAN, profile=strict_survival, allowed=false, reason=DENIED_STRICT_SURVIVAL}
[23:45:06] [Server thread/INFO]: [AIBot] ACTION event=capability_decision bot=Bob {context=perception_snapshot, capability=HIDDEN_BLOCK_SCAN, profile=strict_survival, allowed=false, reason=DENIED_STRICT_SURVIVAL}
[23:45:06] [Server thread/WARN]: [AIBot] PERCEPTION event=snapshot_slow bot=Bob {elapsed_ms=20}
[23:45:06] [Server thread/INFO]: [AIBot] ACTION event=diag_snapshot bot=Bob {on_ground=true, hp=20.0/20.0, mining_idle=true, nearby=animals=0 hostiles=0, inv=minecraft:stone_axex1 minecraft:wooden_swordx1 minecraft:crafting_tablex1 minecraft:stickx2 minecraft:wooden_pickaxex1 minecraft:wooden_axex1 minecraft:cobblestonex2 minecraft:stone_pickaxex1 minecraft:cherry_planksx1 minecraft:eggx1 minecraft:stone_swordx1 minecraft:raw_ironx2, path_idle=true, food=19, air=300, mode=survival, task=idle, task_progress=1.0, goal=none, task_phase=, in_lava=false, step=, light=15, submerged=false, task_state=COMPLETED, held=minecraft:stone_axex1, fall=0.0, pos=572,63,157}
[23:45:06] [Server thread/INFO]: [AIBot] ACTION event=capability_decision bot=Bob {context=observable_cell_query, capability=HIDDEN_BLOCK_SCAN, profile=strict_survival, allowed=false, reason=DENIED_STRICT_SURVIVAL}
[23:45:07] [Server thread/WARN]: [AIBot] PERCEPTION event=snapshot_slow bot=Bob {elapsed_ms=18}
[23:45:07] [Server thread/WARN]: [AIBot] PERCEPTION event=snapshot_slow bot=Bob {elapsed_ms=22}
[23:45:08] [Server thread/WARN]: [AIBot] PERCEPTION event=snapshot_slow bot=Bob {elapsed_ms=21}
[23:45:08] [Server thread/WARN]: [AIBot] PERCEPTION event=snapshot_slow bot=Bob {elapsed_ms=18}
[23:45:08] [Server thread/INFO]: [AIBot] ACTION event=capability_decision bot=Bob {context=diagnostic_nearby, capability=HIDDEN_BLOCK_SCAN, profile=strict_survival, allowed=false, reason=DENIED_STRICT_SURVIVAL}
[23:45:08] [Server thread/INFO]: [AIBot] ACTION event=capability_decision bot=Bob {context=observable_entity_query, capability=HIDDEN_BLOCK_SCAN, profile=strict_survival, allowed=false, reason=DENIED_STRICT_SURVIVAL}
[23:45:08] [Server thread/INFO]: [AIBot] ACTION event=diag_snapshot bot=Bob {on_ground=true, hp=20.0/20.0, mining_idle=true, nearby=animals=0 hostiles=0, inv=minecraft:stone_axex1 minecraft:wooden_swordx1 minecraft:crafting_tablex1 minecraft:stickx2 minecraft:wooden_pickaxex1 minecraft:wooden_axex1 minecraft:cobblestonex2 minecraft:stone_pickaxex1 minecraft:cherry_planksx1 minecraft:eggx1 minecraft:stone_swordx1 minecraft:raw_ironx2, path_idle=true, food=19, air=300, mode=survival, task=idle, task_progress=1.0, goal=none, task_phase=, in_lava=false, step=, light=15, submerged=false, task_state=COMPLETED, held=minecraft:stone_axex1, fall=0.0, pos=572,63,157}
[23:45:09] [Server thread/WARN]: [AIBot] PERCEPTION event=snapshot_slow bot=Bob {elapsed_ms=17}
[23:45:09] [Server thread/WARN]: [AIBot] PERCEPTION event=snapshot_slow bot=Bob {elapsed_ms=20}
[23:45:10] [Server thread/WARN]: [AIBot] PERCEPTION event=snapshot_slow bot=Bob {elapsed_ms=19}
[23:45:10] [Server thread/INFO]: [AIBot] ACTION event=capability_decision bot=Bob {context=inspect_local, capability=HIDDEN_BLOCK_SCAN, profile=strict_survival, allowed=false, reason=DENIED_STRICT_SURVIVAL}
[23:45:10] [Server thread/WARN]: [AIBot] PERCEPTION event=snapshot_slow bot=Bob {elapsed_ms=18}
[23:45:10] [Server thread/INFO]: [AIBot] ACTION event=diag_snapshot bot=Bob {on_ground=true, hp=20.0/20.0, mining_idle=true, nearby=animals=0 hostiles=0, inv=minecraft:stone_axex1 minecraft:wooden_swordx1 minecraft:crafting_tablex1 minecraft:stickx2 minecraft:wooden_pickaxex1 minecraft:wooden_axex1 minecraft:cobblestonex2 minecraft:stone_pickaxex1 minecraft:cherry_planksx1 minecraft:eggx1 minecraft:stone_swordx1 minecraft:raw_ironx2, path_idle=true, food=19, air=300, mode=survival, task=idle, task_progress=1.0, goal=none, task_phase=, in_lava=false, step=, light=15, submerged=false, task_state=COMPLETED, held=minecraft:stone_axex1, fall=0.0, pos=572,63,157}
[23:45:11] [Server thread/WARN]: [AIBot] PERCEPTION event=snapshot_slow bot=Bob {elapsed_ms=17}
[23:45:11] [Server thread/INFO]: [AIBot] ACTION event=capability_decision bot=Bob {context=observable_block_query, capability=HIDDEN_BLOCK_SCAN, profile=strict_survival, allowed=false, reason=DENIED_STRICT_SURVIVAL}
[23:45:11] [Server thread/INFO]: [AIBot] ACTION event=capability_decision bot=Bob {context=perception_snapshot, capability=HIDDEN_BLOCK_SCAN, profile=strict_survival, allowed=false, reason=DENIED_STRICT_SURVIVAL}
[23:45:11] [Server thread/WARN]: [AIBot] PERCEPTION event=snapshot_slow bot=Bob {elapsed_ms=20}
[23:45:11] [Server thread/INFO]: [AIBot] ACTION event=capability_decision bot=Bob {context=observable_cell_query, capability=HIDDEN_BLOCK_SCAN, profile=strict_survival, allowed=false, reason=DENIED_STRICT_SURVIVAL}
[23:45:12] [Server thread/WARN]: [AIBot] PERCEPTION event=snapshot_slow bot=Bob {elapsed_ms=12}
[23:45:12] [Server thread/WARN]: [AIBot] PERCEPTION event=snapshot_slow bot=Bob {elapsed_ms=18}
[23:45:12] [Server thread/INFO]: [AIBot] ACTION event=diag_snapshot bot=Bob {on_ground=true, hp=20.0/20.0, mining_idle=true, nearby=animals=0 hostiles=0, inv=minecraft:stone_axex1 minecraft:wooden_swordx1 minecraft:crafting_tablex1 minecraft:stickx2 minecraft:wooden_pickaxex1 minecraft:wooden_axex1 minecraft:cobblestonex2 minecraft:stone_pickaxex1 minecraft:cherry_planksx1 minecraft:eggx1 minecraft:stone_swordx1 minecraft:raw_ironx2, path_idle=true, food=19, air=300, mode=survival, task=idle, task_progress=1.0, goal=none, task_phase=, in_lava=false, step=, light=15, submerged=false, task_state=COMPLETED, held=minecraft:stone_axex1, fall=0.0, pos=572,63,157}
[23:45:13] [Server thread/WARN]: [AIBot] PERCEPTION event=snapshot_slow bot=Bob {elapsed_ms=12}
[23:45:13] [Server thread/WARN]: [AIBot] PERCEPTION event=snapshot_slow bot=Bob {elapsed_ms=13}
[23:45:14] [Server thread/WARN]: [AIBot] PERCEPTION event=snapshot_slow bot=Bob {elapsed_ms=12}
[23:45:14] [Server thread/WARN]: [AIBot] PERCEPTION event=snapshot_slow bot=Bob {elapsed_ms=14}
[23:45:14] [Server thread/INFO]: [AIBot] ACTION event=capability_decision bot=Bob {context=diagnostic_nearby, capability=HIDDEN_BLOCK_SCAN, profile=strict_survival, allowed=false, reason=DENIED_STRICT_SURVIVAL}
[23:45:14] [Server thread/INFO]: [AIBot] ACTION event=capability_decision bot=Bob {context=observable_entity_query, capability=HIDDEN_BLOCK_SCAN, profile=strict_survival, allowed=false, reason=DENIED_STRICT_SURVIVAL}
[23:45:14] [Server thread/INFO]: [AIBot] ACTION event=diag_snapshot bot=Bob {on_ground=true, hp=20.0/20.0, mining_idle=true, nearby=animals=0 hostiles=0, inv=minecraft:stone_axex1 minecraft:wooden_swordx1 minecraft:crafting_tablex1 minecraft:stickx2 minecraft:wooden_pickaxex1 minecraft:wooden_axex1 minecraft:cobblestonex2 minecraft:stone_pickaxex1 minecraft:cherry_planksx1 minecraft:eggx1 minecraft:stone_swordx1 minecraft:raw_ironx2, path_idle=true, food=19, air=300, mode=survival, task=idle, task_progress=1.0, goal=none, task_phase=, in_lava=false, step=, light=15, submerged=false, task_state=COMPLETED, held=minecraft:stone_axex1, fall=0.0, pos=572,63,157}
[23:45:15] [Server thread/WARN]: [AIBot] PERCEPTION event=snapshot_slow bot=Bob {elapsed_ms=12}
[23:45:15] [Server thread/WARN]: [AIBot] PERCEPTION event=snapshot_slow bot=Bob {elapsed_ms=13}
[23:45:16] [Server thread/WARN]: [AIBot] PERCEPTION event=snapshot_slow bot=Bob {elapsed_ms=13}
[23:45:16] [Server thread/INFO]: [AIBot] ACTION event=capability_decision bot=Bob {context=observable_block_query, capability=HIDDEN_BLOCK_SCAN, profile=strict_survival, allowed=false, reason=DENIED_STRICT_SURVIVAL}
[23:45:16] [Server thread/INFO]: [AIBot] ACTION event=capability_decision bot=Bob {context=perception_snapshot, capability=HIDDEN_BLOCK_SCAN, profile=strict_survival, allowed=false, reason=DENIED_STRICT_SURVIVAL}
[23:45:16] [Server thread/WARN]: [AIBot] PERCEPTION event=snapshot_slow bot=Bob {elapsed_ms=20}
[23:45:16] [Server thread/INFO]: [AIBot] ACTION event=diag_snapshot bot=Bob {on_ground=true, hp=20.0/20.0, mining_idle=true, nearby=animals=0 hostiles=0, inv=minecraft:stone_axex1 minecraft:wooden_swordx1 minecraft:crafting_tablex1 minecraft:stickx2 minecraft:wooden_pickaxex1 minecraft:wooden_axex1 minecraft:cobblestonex2 minecraft:stone_pickaxex1 minecraft:cherry_planksx1 minecraft:eggx1 minecraft:stone_swordx1 minecraft:raw_ironx2, path_idle=true, food=19, air=300, mode=survival, task=idle, task_progress=1.0, goal=none, task_phase=, in_lava=false, step=, light=15, submerged=false, task_state=COMPLETED, held=minecraft:stone_axex1, fall=0.0, pos=572,63,157}
[23:45:16] [Server thread/INFO]: [AIBot] ACTION event=capability_decision bot=Bob {context=observable_cell_query, capability=HIDDEN_BLOCK_SCAN, profile=strict_survival, allowed=false, reason=DENIED_STRICT_SURVIVAL}
[23:45:17] [Server thread/WARN]: [AIBot] PERCEPTION event=snapshot_slow bot=Bob {elapsed_ms=19}
[23:45:17] [Server thread/WARN]: [AIBot] PERCEPTION event=snapshot_slow bot=Bob {elapsed_ms=17}
[23:45:18] [Server thread/WARN]: [AIBot] PERCEPTION event=snapshot_slow bot=Bob {elapsed_ms=17}
[23:45:18] [Server thread/WARN]: [AIBot] PERCEPTION event=snapshot_slow bot=Bob {elapsed_ms=19}
[23:45:18] [Server thread/INFO]: [AIBot] ACTION event=diag_snapshot bot=Bob {on_ground=true, hp=20.0/20.0, mining_idle=true, nearby=animals=0 hostiles=0, inv=minecraft:stone_axex1 minecraft:wooden_swordx1 minecraft:crafting_tablex1 minecraft:stickx2 minecraft:wooden_pickaxex1 minecraft:wooden_axex1 minecraft:cobblestonex2 minecraft:stone_pickaxex1 minecraft:cherry_planksx1 minecraft:eggx1 minecraft:stone_swordx1 minecraft:raw_ironx2, path_idle=true, food=19, air=300, mode=survival, task=idle, task_progress=1.0, goal=none, task_phase=, in_lava=false, step=, light=15, submerged=false, task_state=COMPLETED, held=minecraft:stone_axex1, fall=0.0, pos=572,63,157}
[23:45:19] [Server thread/WARN]: [AIBot] PERCEPTION event=snapshot_slow bot=Bob {elapsed_ms=16}
[23:45:19] [Server thread/WARN]: [AIBot] PERCEPTION event=snapshot_slow bot=Bob {elapsed_ms=19}
[23:45:20] [Server thread/WARN]: [AIBot] PERCEPTION event=snapshot_slow bot=Bob {elapsed_ms=19}
[23:45:20] [Server thread/WARN]: [AIBot] PERCEPTION event=snapshot_slow bot=Bob {elapsed_ms=19}
[23:45:20] [Server thread/INFO]: [AIBot] ACTION event=capability_decision bot=Bob {context=diagnostic_nearby, capability=HIDDEN_BLOCK_SCAN, profile=strict_survival, allowed=false, reason=DENIED_STRICT_SURVIVAL}
[23:45:20] [Server thread/INFO]: [AIBot] ACTION event=diag_snapshot bot=Bob {on_ground=true, hp=20.0/20.0, mining_idle=true, nearby=animals=0 hostiles=0, inv=minecraft:stone_axex1 minecraft:wooden_swordx1 minecraft:crafting_tablex1 minecraft:stickx2 minecraft:wooden_pickaxex1 minecraft:wooden_axex1 minecraft:cobblestonex2 minecraft:stone_pickaxex1 minecraft:cherry_planksx1 minecraft:eggx1 minecraft:stone_swordx1 minecraft:raw_ironx2, path_idle=true, food=19, air=300, mode=survival, task=idle, task_progress=1.0, goal=none, task_phase=, in_lava=false, step=, light=15, submerged=false, task_state=COMPLETED, held=minecraft:stone_axex1, fall=0.0, pos=572,63,157}
[23:45:21] [Server thread/WARN]: [AIBot] PERCEPTION event=snapshot_slow bot=Bob {elapsed_ms=20}
[23:45:21] [Server thread/INFO]: [AIBot] ACTION event=capability_decision bot=Bob {context=observable_block_query, capability=HIDDEN_BLOCK_SCAN, profile=strict_survival, allowed=false, reason=DENIED_STRICT_SURVIVAL}
[23:45:21] [Server thread/INFO]: [AIBot] ACTION event=capability_decision bot=Bob {context=perception_snapshot, capability=HIDDEN_BLOCK_SCAN, profile=strict_survival, allowed=false, reason=DENIED_STRICT_SURVIVAL}
[23:45:21] [Server thread/WARN]: [AIBot] PERCEPTION event=snapshot_slow bot=Bob {elapsed_ms=12}
[23:45:21] [Server thread/INFO]: [AIBot] ACTION event=capability_decision bot=Bob {context=observable_cell_query, capability=HIDDEN_BLOCK_SCAN, profile=strict_survival, allowed=false, reason=DENIED_STRICT_SURVIVAL}
[23:45:22] [Server thread/WARN]: [AIBot] PERCEPTION event=snapshot_slow bot=Bob {elapsed_ms=17}
[23:45:22] [Server thread/WARN]: [AIBot] PERCEPTION event=snapshot_slow bot=Bob {elapsed_ms=21}
[23:45:22] [Server thread/INFO]: [AIBot] ACTION event=diag_snapshot bot=Bob {on_ground=true, hp=20.0/20.0, mining_idle=true, nearby=animals=0 hostiles=0, inv=minecraft:stone_axex1 minecraft:wooden_swordx1 minecraft:crafting_tablex1 minecraft:stickx2 minecraft:wooden_pickaxex1 minecraft:wooden_axex1 minecraft:cobblestonex2 minecraft:stone_pickaxex1 minecraft:cherry_planksx1 minecraft:eggx1 minecraft:stone_swordx1 minecraft:raw_ironx2, path_idle=true, food=19, air=300, mode=survival, task=idle, task_progress=1.0, goal=none, task_phase=, in_lava=false, step=, light=15, submerged=false, task_state=COMPLETED, held=minecraft:stone_axex1, fall=0.0, pos=572,63,157}
[23:45:23] [Server thread/WARN]: [AIBot] PERCEPTION event=snapshot_slow bot=Bob {elapsed_ms=15}
[23:45:23] [Server thread/WARN]: [AIBot] PERCEPTION event=snapshot_slow bot=Bob {elapsed_ms=13}
[23:45:24] [Server thread/WARN]: [AIBot] PERCEPTION event=snapshot_slow bot=Bob {elapsed_ms=14}
[23:45:24] [Server thread/WARN]: [AIBot] PERCEPTION event=snapshot_slow bot=Bob {elapsed_ms=20}
[23:45:24] [Server thread/INFO]: [AIBot] ACTION event=diag_snapshot bot=Bob {on_ground=true, hp=20.0/20.0, mining_idle=true, nearby=animals=0 hostiles=0, inv=minecraft:stone_axex1 minecraft:wooden_swordx1 minecraft:crafting_tablex1 minecraft:stickx2 minecraft:wooden_pickaxex1 minecraft:wooden_axex1 minecraft:cobblestonex2 minecraft:stone_pickaxex1 minecraft:cherry_planksx1 minecraft:eggx1 minecraft:stone_swordx1 minecraft:raw_ironx2, path_idle=true, food=19, air=300, mode=survival, task=idle, task_progress=1.0, goal=none, task_phase=, in_lava=false, step=, light=15, submerged=false, task_state=COMPLETED, held=minecraft:stone_axex1, fall=0.0, pos=572,63,157}
[23:45:25] [Server thread/WARN]: [AIBot] PERCEPTION event=snapshot_slow bot=Bob {elapsed_ms=19}
[23:45:25] [Server thread/WARN]: [AIBot] PERCEPTION event=snapshot_slow bot=Bob {elapsed_ms=14}
[23:45:26] [Server thread/WARN]: [AIBot] PERCEPTION event=snapshot_slow bot=Bob {elapsed_ms=21}
[23:45:26] [Server thread/INFO]: [AIBot] ACTION event=capability_decision bot=Bob {context=observable_block_query, capability=HIDDEN_BLOCK_SCAN, profile=strict_survival, allowed=false, reason=DENIED_STRICT_SURVIVAL}
[23:45:26] [Server thread/INFO]: [AIBot] ACTION event=capability_decision bot=Bob {context=perception_snapshot, capability=HIDDEN_BLOCK_SCAN, profile=strict_survival, allowed=false, reason=DENIED_STRICT_SURVIVAL}
[23:45:26] [Server thread/WARN]: [AIBot] PERCEPTION event=snapshot_slow bot=Bob {elapsed_ms=12}
[23:45:26] [Server thread/INFO]: [AIBot] ACTION event=capability_decision bot=Bob {context=diagnostic_nearby, capability=HIDDEN_BLOCK_SCAN, profile=strict_survival, allowed=false, reason=DENIED_STRICT_SURVIVAL}
[23:45:26] [Server thread/INFO]: [AIBot] ACTION event=capability_decision bot=Bob {context=observable_entity_query, capability=HIDDEN_BLOCK_SCAN, profile=strict_survival, allowed=false, reason=DENIED_STRICT_SURVIVAL}
[23:45:26] [Server thread/INFO]: [AIBot] ACTION event=diag_snapshot bot=Bob {on_ground=true, hp=20.0/20.0, mining_idle=true, nearby=animals=0 hostiles=0, inv=minecraft:stone_axex1 minecraft:wooden_swordx1 minecraft:crafting_tablex1 minecraft:stickx2 minecraft:wooden_pickaxex1 minecraft:wooden_axex1 minecraft:cobblestonex2 minecraft:stone_pickaxex1 minecraft:cherry_planksx1 minecraft:eggx1 minecraft:stone_swordx1 minecraft:raw_ironx2, path_idle=true, food=19, air=300, mode=survival, task=idle, task_progress=1.0, goal=none, task_phase=, in_lava=false, step=, light=15, submerged=false, task_state=COMPLETED, held=minecraft:stone_axex1, fall=0.0, pos=572,63,157}
[23:45:26] [Server thread/INFO]: [AIBot] ACTION event=capability_decision bot=Bob {context=observable_cell_query, capability=HIDDEN_BLOCK_SCAN, profile=strict_survival, allowed=false, reason=DENIED_STRICT_SURVIVAL}
[23:45:27] [Server thread/WARN]: [AIBot] PERCEPTION event=snapshot_slow bot=Bob {elapsed_ms=19}
[23:45:27] [Server thread/WARN]: [AIBot] PERCEPTION event=snapshot_slow bot=Bob {elapsed_ms=18}
[23:45:28] [Server thread/WARN]: [AIBot] PERCEPTION event=snapshot_slow bot=Bob {elapsed_ms=21}
[23:45:28] [Server thread/WARN]: [AIBot] PERCEPTION event=snapshot_slow bot=Bob {elapsed_ms=21}
[23:45:28] [Server thread/INFO]: [AIBot] ACTION event=diag_snapshot bot=Bob {on_ground=true, hp=20.0/20.0, mining_idle=true, nearby=animals=0 hostiles=0, inv=minecraft:stone_axex1 minecraft:wooden_swordx1 minecraft:crafting_tablex1 minecraft:stickx2 minecraft:wooden_pickaxex1 minecraft:wooden_axex1 minecraft:cobblestonex2 minecraft:stone_pickaxex1 minecraft:cherry_planksx1 minecraft:eggx1 minecraft:stone_swordx1 minecraft:raw_ironx2, path_idle=true, food=19, air=300, mode=survival, task=idle, task_progress=1.0, goal=none, task_phase=, in_lava=false, step=, light=15, submerged=false, task_state=COMPLETED, held=minecraft:stone_axex1, fall=0.0, pos=572,63,157}
[23:45:29] [Server thread/WARN]: [AIBot] PERCEPTION event=snapshot_slow bot=Bob {elapsed_ms=18}
[23:45:29] [Server thread/WARN]: [AIBot] PERCEPTION event=snapshot_slow bot=Bob {elapsed_ms=18}
[23:45:30] [Server thread/WARN]: [AIBot] PERCEPTION event=snapshot_slow bot=Bob {elapsed_ms=21}
[23:45:30] [Server thread/WARN]: [AIBot] PERCEPTION event=snapshot_slow bot=Bob {elapsed_ms=18}
[23:45:30] [Server thread/INFO]: [AIBot] ACTION event=diag_snapshot bot=Bob {on_ground=true, hp=20.0/20.0, mining_idle=true, nearby=animals=0 hostiles=0, inv=minecraft:stone_axex1 minecraft:wooden_swordx1 minecraft:crafting_tablex1 minecraft:stickx2 minecraft:wooden_pickaxex1 minecraft:wooden_axex1 minecraft:cobblestonex2 minecraft:stone_pickaxex1 minecraft:cherry_planksx1 minecraft:eggx1 minecraft:stone_swordx1 minecraft:raw_ironx2, path_idle=true, food=19, air=300, mode=survival, task=idle, task_progress=1.0, goal=none, task_phase=, in_lava=false, step=, light=15, submerged=false, task_state=COMPLETED, held=minecraft:stone_axex1, fall=0.0, pos=572,63,157}
[23:45:31] [Server thread/WARN]: [AIBot] PERCEPTION event=snapshot_slow bot=Bob {elapsed_ms=22}
[23:45:31] [Server thread/INFO]: [AIBot] ACTION event=capability_decision bot=Bob {context=observable_block_query, capability=HIDDEN_BLOCK_SCAN, profile=strict_survival, allowed=false, reason=DENIED_STRICT_SURVIVAL}
[23:45:31] [Server thread/INFO]: [AIBot] ACTION event=capability_decision bot=Bob {context=perception_snapshot, capability=HIDDEN_BLOCK_SCAN, profile=strict_survival, allowed=false, reason=DENIED_STRICT_SURVIVAL}
[23:45:31] [Server thread/WARN]: [AIBot] PERCEPTION event=snapshot_slow bot=Bob {elapsed_ms=20}
[23:45:31] [Server thread/INFO]: [AIBot] ACTION event=capability_decision bot=Bob {context=observable_cell_query, capability=HIDDEN_BLOCK_SCAN, profile=strict_survival, allowed=false, reason=DENIED_STRICT_SURVIVAL}
[23:45:32] [Server thread/WARN]: [AIBot] PERCEPTION event=snapshot_slow bot=Bob {elapsed_ms=18}
[23:45:32] [Server thread/WARN]: [AIBot] PERCEPTION event=snapshot_slow bot=Bob {elapsed_ms=19}
[23:45:32] [Server thread/INFO]: [AIBot] ACTION event=capability_decision bot=Bob {context=diagnostic_nearby, capability=HIDDEN_BLOCK_SCAN, profile=strict_survival, allowed=false, reason=DENIED_STRICT_SURVIVAL}
[23:45:32] [Server thread/INFO]: [AIBot] ACTION event=capability_decision bot=Bob {context=observable_entity_query, capability=HIDDEN_BLOCK_SCAN, profile=strict_survival, allowed=false, reason=DENIED_STRICT_SURVIVAL}
[23:45:32] [Server thread/INFO]: [AIBot] ACTION event=diag_snapshot bot=Bob {on_ground=true, hp=20.0/20.0, mining_idle=true, nearby=animals=0 hostiles=0, inv=minecraft:stone_axex1 minecraft:wooden_swordx1 minecraft:crafting_tablex1 minecraft:stickx2 minecraft:wooden_pickaxex1 minecraft:wooden_axex1 minecraft:cobblestonex2 minecraft:stone_pickaxex1 minecraft:cherry_planksx1 minecraft:eggx1 minecraft:stone_swordx1 minecraft:raw_ironx2, path_idle=true, food=19, air=300, mode=survival, task=idle, task_progress=1.0, goal=none, task_phase=, in_lava=false, step=, light=15, submerged=false, task_state=COMPLETED, held=minecraft:stone_axex1, fall=0.0, pos=572,63,157}
[23:45:33] [Server thread/WARN]: [AIBot] PERCEPTION event=snapshot_slow bot=Bob {elapsed_ms=20}
[23:45:33] [Server thread/WARN]: [AIBot] PERCEPTION event=snapshot_slow bot=Bob {elapsed_ms=18}
[23:45:33] [RCON Listener #1/INFO]: Thread RCON Client /127.0.0.1 started
[23:45:33] [Server thread/INFO]: [Rcon: Changed the block at 574, 63, 162]
[23:45:33] [RCON Client /127.0.0.1 #12/INFO]: Thread RCON Client /127.0.0.1 shutting down
[23:45:34] [Server thread/WARN]: [AIBot] PERCEPTION event=snapshot_slow bot=Bob {elapsed_ms=24}
[23:45:34] [Server thread/WARN]: [AIBot] PERCEPTION event=snapshot_slow bot=Bob {elapsed_ms=21}
[23:45:34] [Server thread/INFO]: [AIBot] ACTION event=diag_snapshot bot=Bob {on_ground=true, hp=20.0/20.0, mining_idle=true, nearby=animals=0 hostiles=0, inv=minecraft:stone_axex1 minecraft:wooden_swordx1 minecraft:crafting_tablex1 minecraft:stickx2 minecraft:wooden_pickaxex1 minecraft:wooden_axex1 minecraft:cobblestonex2 minecraft:stone_pickaxex1 minecraft:cherry_planksx1 minecraft:eggx1 minecraft:stone_swordx1 minecraft:raw_ironx2, path_idle=true, food=19, air=300, mode=survival, task=idle, task_progress=1.0, goal=none, task_phase=, in_lava=false, step=, light=15, submerged=false, task_state=COMPLETED, held=minecraft:stone_axex1, fall=0.0, pos=572,63,157}
[23:45:35] [Server thread/WARN]: [AIBot] PERCEPTION event=snapshot_slow bot=Bob {elapsed_ms=17}
[23:45:35] [Server thread/WARN]: [AIBot] PERCEPTION event=snapshot_slow bot=Bob {elapsed_ms=19}
[23:45:36] [Server thread/WARN]: [AIBot] PERCEPTION event=snapshot_slow bot=Bob {elapsed_ms=19}
[23:45:36] [Server thread/INFO]: [AIBot] ACTION event=capability_decision bot=Bob {context=observable_block_query, capability=HIDDEN_BLOCK_SCAN, profile=strict_survival, allowed=false, reason=DENIED_STRICT_SURVIVAL}
[23:45:36] [Server thread/INFO]: [AIBot] ACTION event=capability_decision bot=Bob {context=perception_snapshot, capability=HIDDEN_BLOCK_SCAN, profile=strict_survival, allowed=false, reason=DENIED_STRICT_SURVIVAL}
[23:45:36] [Server thread/WARN]: [AIBot] PERCEPTION event=snapshot_slow bot=Bob {elapsed_ms=18}
[23:45:36] [Server thread/INFO]: [AIBot] ACTION event=diag_snapshot bot=Bob {on_ground=true, hp=20.0/20.0, mining_idle=true, nearby=animals=0 hostiles=0, inv=minecraft:stone_axex1 minecraft:wooden_swordx1 minecraft:crafting_tablex1 minecraft:stickx2 minecraft:wooden_pickaxex1 minecraft:wooden_axex1 minecraft:cobblestonex2 minecraft:stone_pickaxex1 minecraft:cherry_planksx1 minecraft:eggx1 minecraft:stone_swordx1 minecraft:raw_ironx2, path_idle=true, food=19, air=300, mode=survival, task=idle, task_progress=1.0, goal=none, task_phase=, in_lava=false, step=, light=15, submerged=false, task_state=COMPLETED, held=minecraft:stone_axex1, fall=0.0, pos=572,63,157}
[23:45:36] [Server thread/INFO]: [AIBot] ACTION event=capability_decision bot=Bob {context=observable_cell_query, capability=HIDDEN_BLOCK_SCAN, profile=strict_survival, allowed=false, reason=DENIED_STRICT_SURVIVAL}
[23:45:37] [Server thread/WARN]: [AIBot] PERCEPTION event=snapshot_slow bot=Bob {elapsed_ms=17}
[23:45:37] [Server thread/WARN]: [AIBot] PERCEPTION event=snapshot_slow bot=Bob {elapsed_ms=20}
[23:45:38] [Server thread/WARN]: [AIBot] PERCEPTION event=snapshot_slow bot=Bob {elapsed_ms=15}
[23:45:38] [Server thread/WARN]: [AIBot] PERCEPTION event=snapshot_slow bot=Bob {elapsed_ms=12}
[23:45:38] [Server thread/INFO]: [AIBot] ACTION event=capability_decision bot=Bob {context=diagnostic_nearby, capability=HIDDEN_BLOCK_SCAN, profile=strict_survival, allowed=false, reason=DENIED_STRICT_SURVIVAL}
[23:45:38] [Server thread/INFO]: [AIBot] ACTION event=capability_decision bot=Bob {context=observable_entity_query, capability=HIDDEN_BLOCK_SCAN, profile=strict_survival, allowed=false, reason=DENIED_STRICT_SURVIVAL}
[23:45:38] [Server thread/INFO]: [AIBot] ACTION event=diag_snapshot bot=Bob {on_ground=true, hp=20.0/20.0, mining_idle=true, nearby=animals=0 hostiles=0, inv=minecraft:stone_axex1 minecraft:wooden_swordx1 minecraft:crafting_tablex1 minecraft:stickx2 minecraft:wooden_pickaxex1 minecraft:wooden_axex1 minecraft:cobblestonex2 minecraft:stone_pickaxex1 minecraft:cherry_planksx1 minecraft:eggx1 minecraft:stone_swordx1 minecraft:raw_ironx2, path_idle=true, food=19, air=300, mode=survival, task=idle, task_progress=1.0, goal=none, task_phase=, in_lava=false, step=, light=15, submerged=false, task_state=COMPLETED, held=minecraft:stone_axex1, fall=0.0, pos=572,63,157}
[23:45:39] [Server thread/WARN]: [AIBot] PERCEPTION event=snapshot_slow bot=Bob {elapsed_ms=13}
[23:45:39] [Server thread/WARN]: [AIBot] PERCEPTION event=snapshot_slow bot=Bob {elapsed_ms=14}
[23:45:40] [Server thread/WARN]: [AIBot] PERCEPTION event=snapshot_slow bot=Bob {elapsed_ms=13}
[23:45:40] [Server thread/WARN]: [AIBot] PERCEPTION event=snapshot_slow bot=Bob {elapsed_ms=11}
[23:45:40] [Server thread/INFO]: [AIBot] ACTION event=diag_snapshot bot=Bob {on_ground=true, hp=20.0/20.0, mining_idle=true, nearby=animals=0 hostiles=0, inv=minecraft:stone_axex1 minecraft:wooden_swordx1 minecraft:crafting_tablex1 minecraft:stickx2 minecraft:wooden_pickaxex1 minecraft:wooden_axex1 minecraft:cobblestonex2 minecraft:stone_pickaxex1 minecraft:cherry_planksx1 minecraft:eggx1 minecraft:stone_swordx1 minecraft:raw_ironx2, path_idle=true, food=19, air=300, mode=survival, task=idle, task_progress=1.0, goal=none, task_phase=, in_lava=false, step=, light=15, submerged=false, task_state=COMPLETED, held=minecraft:stone_axex1, fall=0.0, pos=572,63,157}
[23:45:41] [Server thread/WARN]: [AIBot] PERCEPTION event=snapshot_slow bot=Bob {elapsed_ms=13}
[23:45:41] [Server thread/INFO]: [AIBot] ACTION event=capability_decision bot=Bob {context=observable_block_query, capability=HIDDEN_BLOCK_SCAN, profile=strict_survival, allowed=false, reason=DENIED_STRICT_SURVIVAL}
[23:45:41] [Server thread/INFO]: [AIBot] ACTION event=capability_decision bot=Bob {context=perception_snapshot, capability=HIDDEN_BLOCK_SCAN, profile=strict_survival, allowed=false, reason=DENIED_STRICT_SURVIVAL}
[23:45:41] [Server thread/WARN]: [AIBot] PERCEPTION event=snapshot_slow bot=Bob {elapsed_ms=18}
[23:45:41] [Server thread/INFO]: [AIBot] ACTION event=capability_decision bot=Bob {context=observable_cell_query, capability=HIDDEN_BLOCK_SCAN, profile=strict_survival, allowed=false, reason=DENIED_STRICT_SURVIVAL}
[23:45:42] [Server thread/WARN]: [AIBot] PERCEPTION event=snapshot_slow bot=Bob {elapsed_ms=20}
[23:45:42] [Server thread/WARN]: [AIBot] PERCEPTION event=snapshot_slow bot=Bob {elapsed_ms=15}
[23:45:42] [Server thread/INFO]: [AIBot] ACTION event=diag_snapshot bot=Bob {on_ground=true, hp=20.0/20.0, mining_idle=true, nearby=animals=0 hostiles=0, inv=minecraft:stone_axex1 minecraft:wooden_swordx1 minecraft:crafting_tablex1 minecraft:stickx2 minecraft:wooden_pickaxex1 minecraft:wooden_axex1 minecraft:cobblestonex2 minecraft:stone_pickaxex1 minecraft:cherry_planksx1 minecraft:eggx1 minecraft:stone_swordx1 minecraft:raw_ironx2, path_idle=true, food=19, air=300, mode=survival, task=idle, task_progress=1.0, goal=none, task_phase=, in_lava=false, step=, light=15, submerged=false, task_state=COMPLETED, held=minecraft:stone_axex1, fall=0.0, pos=572,63,157}
[23:45:43] [Server thread/WARN]: [AIBot] PERCEPTION event=snapshot_slow bot=Bob {elapsed_ms=17}
[23:45:43] [Server thread/WARN]: [AIBot] PERCEPTION event=snapshot_slow bot=Bob {elapsed_ms=13}
[23:45:44] [Server thread/WARN]: [AIBot] PERCEPTION event=snapshot_slow bot=Bob {elapsed_ms=19}
[23:45:44] [Server thread/WARN]: [AIBot] PERCEPTION event=snapshot_slow bot=Bob {elapsed_ms=21}
[23:45:44] [Server thread/INFO]: [AIBot] ACTION event=capability_decision bot=Bob {context=diagnostic_nearby, capability=HIDDEN_BLOCK_SCAN, profile=strict_survival, allowed=false, reason=DENIED_STRICT_SURVIVAL}
[23:45:44] [Server thread/INFO]: [AIBot] ACTION event=diag_snapshot bot=Bob {on_ground=true, hp=20.0/20.0, mining_idle=true, nearby=animals=0 hostiles=0, inv=minecraft:stone_axex1 minecraft:wooden_swordx1 minecraft:crafting_tablex1 minecraft:stickx2 minecraft:wooden_pickaxex1 minecraft:wooden_axex1 minecraft:cobblestonex2 minecraft:stone_pickaxex1 minecraft:cherry_planksx1 minecraft:eggx1 minecraft:stone_swordx1 minecraft:raw_ironx2, path_idle=true, food=19, air=300, mode=survival, task=idle, task_progress=1.0, goal=none, task_phase=, in_lava=false, step=, light=15, submerged=false, task_state=COMPLETED, held=minecraft:stone_axex1, fall=0.0, pos=572,63,157}
[23:45:45] [Server thread/INFO]: [AIBot] TASK event=task_assigned bot=Bob {name=gather, origin_reason=external_dsh, params=Gathering minecraft:cherry_log 0/1 phase=SURVEY, origin=LLM_TOOL}
[23:45:45] [Server thread/INFO]: [AIBot] ACTION event=capability_decision bot=Bob {context=harvest_nearest_blocks, capability=HIDDEN_BLOCK_SCAN, profile=strict_survival, allowed=false, reason=DENIED_STRICT_SURVIVAL}
[23:45:45] [Server thread/INFO]: [AIBot] PROFILE event=profile_slow_section bot=- {elapsed_ms=205.03, bot=Bob, section=task_tick}
[23:45:45] [Server thread/WARN]: [AIBot] PERCEPTION event=snapshot_slow bot=Bob {elapsed_ms=20}
[23:45:45] [Server thread/WARN]: [AIBot] PERCEPTION event=snapshot_slow bot=Bob {elapsed_ms=17}
[23:45:45] [Server thread/INFO]: [AIBot] ACTION event=fake_player_jump bot=Bob {from=class_2338{x=570, y=63, z=154}, to=class_2338{x=570, y=64, z=153}, reason=path_jump_up}
[23:45:45] [Server thread/INFO]: [AIBot] ACTION event=mine_start bot=Bob {pos=570,64,149, face=south}
[23:45:46] [Server thread/WARN]: [AIBot] PERCEPTION event=snapshot_slow bot=Bob {elapsed_ms=20}
[23:45:46] [Server thread/INFO]: [AIBot] ACTION event=capability_decision bot=Bob {context=observable_block_query, capability=HIDDEN_BLOCK_SCAN, profile=strict_survival, allowed=false, reason=DENIED_STRICT_SURVIVAL}
[23:45:46] [Server thread/INFO]: [AIBot] ACTION event=capability_decision bot=Bob {context=perception_snapshot, capability=HIDDEN_BLOCK_SCAN, profile=strict_survival, allowed=false, reason=DENIED_STRICT_SURVIVAL}
[23:45:46] [Server thread/WARN]: [AIBot] PERCEPTION event=snapshot_slow bot=Bob {elapsed_ms=20}
[23:45:46] [Server thread/INFO]: [AIBot] ACTION event=diag_snapshot bot=Bob {on_ground=true, hp=20.0/20.0, mining_idle=false, nearby=animals=0 hostiles=0, inv=minecraft:stone_axex1 minecraft:wooden_swordx1 minecraft:crafting_tablex1 minecraft:stickx2 minecraft:wooden_pickaxex1 minecraft:wooden_axex1 minecraft:cobblestonex2 minecraft:stone_pickaxex1 minecraft:cherry_planksx1 minecraft:eggx1 minecraft:stone_swordx1 minecraft:raw_ironx2, path_idle=true, food=19, air=300, mode=survival, task=gather, task_progress=0.0, goal=none, task_phase=HARVEST, in_lava=false, step=, light=15, submerged=false, task_state=RUNNING, held=minecraft:stone_axex1, fall=0.0, pos=570,64,153}
[23:45:46] [Server thread/INFO]: [AIBot] ACTION event=mine_complete bot=Bob {}
[23:45:46] [Server thread/INFO]: [AIBot] ACTION event=capability_decision bot=Bob {context=harvest_force_pickup, capability=FORCED_PICKUP, profile=strict_survival, allowed=false, reason=DENIED_STRICT_SURVIVAL}
[23:45:46] [Server thread/INFO]: [AIBot] ACTION event=capability_decision bot=Bob {context=observable_entity_query, capability=HIDDEN_BLOCK_SCAN, profile=strict_survival, allowed=false, reason=DENIED_STRICT_SURVIVAL}
[23:45:46] [Server thread/INFO]: [AIBot] ACTION event=gather_pickup_origin_approach bot=Bob {origin=570, 64, 149, from=570, 64, 153}
[23:45:46] [Server thread/INFO]: [AIBot] ACTION event=capability_decision bot=Bob {context=observable_cell_query, capability=HIDDEN_BLOCK_SCAN, profile=strict_survival, allowed=false, reason=DENIED_STRICT_SURVIVAL}
[23:45:47] [Server thread/WARN]: [AIBot] PERCEPTION event=snapshot_slow bot=Bob {elapsed_ms=19}
[23:45:47] [Server thread/INFO]: [AIBot] TASK event=task_completed bot=Bob {name=gather, elapsed_ticks=49}
[23:45:47] [Server thread/WARN]: [AIBot] PERCEPTION event=snapshot_slow bot=Bob {elapsed_ms=16}
[23:45:48] [Server thread/WARN]: [AIBot] PERCEPTION event=snapshot_slow bot=Bob {elapsed_ms=17}
[23:45:48] [Server thread/WARN]: [AIBot] PERCEPTION event=snapshot_slow bot=Bob {elapsed_ms=13}
[23:45:48] [Server thread/INFO]: [AIBot] ACTION event=diag_snapshot bot=Bob {on_ground=true, hp=20.0/20.0, mining_idle=true, nearby=animals=0 hostiles=0, inv=minecraft:stone_axex1 minecraft:wooden_swordx1 minecraft:crafting_tablex1 minecraft:stickx2 minecraft:wooden_pickaxex1 minecraft:wooden_axex1 minecraft:cobblestonex2 minecraft:stone_pickaxex1 minecraft:cherry_planksx1 minecraft:eggx1 minecraft:stone_swordx1 minecraft:raw_ironx2 minecraft:oak_logx1, path_idle=true, food=19, air=300, mode=survival, task=gather, task_progress=1.0, goal=none, task_phase=DONE, in_lava=false, step=, light=13, submerged=false, task_state=COMPLETED, held=minecraft:stone_axex1, fall=0.0, pos=570,64,150}
[23:45:49] [Server thread/WARN]: [AIBot] PERCEPTION event=snapshot_slow bot=Bob {elapsed_ms=12}
[23:45:50] [Server thread/WARN]: [AIBot] PERCEPTION event=snapshot_slow bot=Bob {elapsed_ms=11}
[23:45:50] [Server thread/INFO]: [AIBot] ACTION event=capability_decision bot=Bob {context=diagnostic_nearby, capability=HIDDEN_BLOCK_SCAN, profile=strict_survival, allowed=false, reason=DENIED_STRICT_SURVIVAL}
[23:45:50] [Server thread/INFO]: [AIBot] ACTION event=diag_snapshot bot=Bob {on_ground=true, hp=20.0/20.0, mining_idle=true, nearby=animals=0 hostiles=0, inv=minecraft:stone_axex1 minecraft:wooden_swordx1 minecraft:crafting_tablex1 minecraft:stickx2 minecraft:wooden_pickaxex1 minecraft:wooden_axex1 minecraft:cobblestonex2 minecraft:stone_pickaxex1 minecraft:cherry_planksx1 minecraft:eggx1 minecraft:stone_swordx1 minecraft:raw_ironx2 minecraft:oak_logx1, path_idle=true, food=19, air=300, mode=survival, task=gather, task_progress=1.0, goal=none, task_phase=DONE, in_lava=false, step=, light=12, submerged=false, task_state=COMPLETED, held=minecraft:stone_axex1, fall=0.0, pos=570,64,150}
[23:45:51] [Server thread/INFO]: [AIBot] ACTION event=capability_decision bot=Bob {context=observable_block_query, capability=HIDDEN_BLOCK_SCAN, profile=strict_survival, allowed=false, reason=DENIED_STRICT_SURVIVAL}
[23:45:51] [Server thread/INFO]: [AIBot] ACTION event=capability_decision bot=Bob {context=perception_snapshot, capability=HIDDEN_BLOCK_SCAN, profile=strict_survival, allowed=false, reason=DENIED_STRICT_SURVIVAL}
[23:45:51] [Server thread/WARN]: [AIBot] PERCEPTION event=snapshot_slow bot=Bob {elapsed_ms=15}
[23:45:51] [Server thread/INFO]: [AIBot] ACTION event=capability_decision bot=Bob {context=observable_cell_query, capability=HIDDEN_BLOCK_SCAN, profile=strict_survival, allowed=false, reason=DENIED_STRICT_SURVIVAL}
[23:45:52] [Server thread/WARN]: [AIBot] PERCEPTION event=snapshot_slow bot=Bob {elapsed_ms=16}
[23:45:52] [Server thread/WARN]: [AIBot] PERCEPTION event=snapshot_slow bot=Bob {elapsed_ms=11}
[23:45:52] [Server thread/INFO]: [AIBot] ACTION event=capability_decision bot=Bob {context=observable_entity_query, capability=HIDDEN_BLOCK_SCAN, profile=strict_survival, allowed=false, reason=DENIED_STRICT_SURVIVAL}
[23:45:52] [Server thread/INFO]: [AIBot] ACTION event=diag_snapshot bot=Bob {on_ground=true, hp=20.0/20.0, mining_idle=true, nearby=animals=0 hostiles=0, inv=minecraft:stone_axex1 minecraft:wooden_swordx1 minecraft:crafting_tablex1 minecraft:stickx2 minecraft:wooden_pickaxex1 minecraft:wooden_axex1 minecraft:cobblestonex2 minecraft:stone_pickaxex1 minecraft:cherry_planksx1 minecraft:eggx1 minecraft:stone_swordx1 minecraft:raw_ironx2 minecraft:oak_logx1, path_idle=true, food=19, air=300, mode=survival, task=gather, task_progress=1.0, goal=none, task_phase=DONE, in_lava=false, step=, light=12, submerged=false, task_state=COMPLETED, held=minecraft:stone_axex1, fall=0.0, pos=570,64,150}
[23:45:53] [Server thread/WARN]: [AIBot] PERCEPTION event=snapshot_slow bot=Bob {elapsed_ms=13}
[23:45:54] [Server thread/WARN]: [AIBot] PERCEPTION event=snapshot_slow bot=Bob {elapsed_ms=11}
[23:45:54] [Server thread/WARN]: [AIBot] PERCEPTION event=snapshot_slow bot=Bob {elapsed_ms=12}
[23:45:54] [Server thread/INFO]: [AIBot] ACTION event=diag_snapshot bot=Bob {on_ground=true, hp=20.0/20.0, mining_idle=true, nearby=animals=0 hostiles=0, inv=minecraft:stone_axex1 minecraft:wooden_swordx1 minecraft:crafting_tablex1 minecraft:stickx2 minecraft:wooden_pickaxex1 minecraft:wooden_axex1 minecraft:cobblestonex2 minecraft:stone_pickaxex1 minecraft:cherry_planksx1 minecraft:eggx1 minecraft:stone_swordx1 minecraft:raw_ironx2 minecraft:oak_logx1, path_idle=true, food=19, air=300, mode=survival, task=gather, task_progress=1.0, goal=none, task_phase=DONE, in_lava=false, step=, light=12, submerged=false, task_state=COMPLETED, held=minecraft:stone_axex1, fall=0.0, pos=570,64,150}
[23:45:55] [Server thread/WARN]: [AIBot] PERCEPTION event=snapshot_slow bot=Bob {elapsed_ms=14}
[23:45:55] [Server thread/INFO]: [AIBot] ACTION event=capability_decision bot=Bob {context=danger_dark_trap_surface, capability=EMERGENCY_TELEPORT, profile=strict_survival, allowed=false, reason=DENIED_STRICT_SURVIVAL}
[23:45:55] [Server thread/WARN]: [AIBot] PERCEPTION event=snapshot_slow bot=Bob {elapsed_ms=13}
[23:45:56] [Server thread/WARN]: [AIBot] PERCEPTION event=snapshot_slow bot=Bob {elapsed_ms=18}
[23:45:56] [Server thread/INFO]: [AIBot] ACTION event=capability_decision bot=Bob {context=observable_block_query, capability=HIDDEN_BLOCK_SCAN, profile=strict_survival, allowed=false, reason=DENIED_STRICT_SURVIVAL}
[23:45:56] [Server thread/INFO]: [AIBot] ACTION event=capability_decision bot=Bob {context=perception_snapshot, capability=HIDDEN_BLOCK_SCAN, profile=strict_survival, allowed=false, reason=DENIED_STRICT_SURVIVAL}
[23:45:56] [Server thread/WARN]: [AIBot] PERCEPTION event=snapshot_slow bot=Bob {elapsed_ms=15}
[23:45:56] [Server thread/INFO]: [AIBot] ACTION event=capability_decision bot=Bob {context=diagnostic_nearby, capability=HIDDEN_BLOCK_SCAN, profile=strict_survival, allowed=false, reason=DENIED_STRICT_SURVIVAL}
[23:45:56] [Server thread/INFO]: [AIBot] ACTION event=diag_snapshot bot=Bob {on_ground=true, hp=20.0/20.0, mining_idle=true, nearby=animals=0 hostiles=0, inv=minecraft:stone_axex1 minecraft:wooden_swordx1 minecraft:crafting_tablex1 minecraft:stickx2 minecraft:wooden_pickaxex1 minecraft:wooden_axex1 minecraft:cobblestonex2 minecraft:stone_pickaxex1 minecraft:cherry_planksx1 minecraft:eggx1 minecraft:stone_swordx1 minecraft:raw_ironx2 minecraft:oak_logx1, path_idle=true, food=19, air=300, mode=survival, task=gather, task_progress=1.0, goal=none, task_phase=DONE, in_lava=false, step=, light=12, submerged=false, task_state=COMPLETED, held=minecraft:stone_axex1, fall=0.0, pos=570,64,150}
[23:45:56] [Server thread/INFO]: [AIBot] ACTION event=capability_decision bot=Bob {context=observable_cell_query, capability=HIDDEN_BLOCK_SCAN, profile=strict_survival, allowed=false, reason=DENIED_STRICT_SURVIVAL}
[23:45:57] [Server thread/WARN]: [AIBot] PERCEPTION event=snapshot_slow bot=Bob {elapsed_ms=16}
[23:45:57] [Server thread/WARN]: [AIBot] PERCEPTION event=snapshot_slow bot=Bob {elapsed_ms=16}
[23:45:58] [Server thread/WARN]: [AIBot] PERCEPTION event=snapshot_slow bot=Bob {elapsed_ms=15}
[23:45:58] [Server thread/WARN]: [AIBot] PERCEPTION event=snapshot_slow bot=Bob {elapsed_ms=16}
[23:45:58] [Server thread/INFO]: [AIBot] ACTION event=capability_decision bot=Bob {context=observable_entity_query, capability=HIDDEN_BLOCK_SCAN, profile=strict_survival, allowed=false, reason=DENIED_STRICT_SURVIVAL}
[23:45:58] [Server thread/INFO]: [AIBot] ACTION event=diag_snapshot bot=Bob {on_ground=true, hp=20.0/20.0, mining_idle=true, nearby=animals=0 hostiles=0, inv=minecraft:stone_axex1 minecraft:wooden_swordx1 minecraft:crafting_tablex1 minecraft:stickx2 minecraft:wooden_pickaxex1 minecraft:wooden_axex1 minecraft:cobblestonex2 minecraft:stone_pickaxex1 minecraft:cherry_planksx1 minecraft:eggx1 minecraft:stone_swordx1 minecraft:raw_ironx2 minecraft:oak_logx1, path_idle=true, food=19, air=300, mode=survival, task=gather, task_progress=1.0, goal=none, task_phase=DONE, in_lava=false, step=, light=11, submerged=false, task_state=COMPLETED, held=minecraft:stone_axex1, fall=0.0, pos=570,64,150}
[23:45:59] [Server thread/WARN]: [AIBot] PERCEPTION event=snapshot_slow bot=Bob {elapsed_ms=14}
[23:45:59] [Server thread/WARN]: [AIBot] PERCEPTION event=snapshot_slow bot=Bob {elapsed_ms=18}
[23:46:00] [Server thread/WARN]: [AIBot] PERCEPTION event=snapshot_slow bot=Bob {elapsed_ms=15}
[23:46:00] [Server thread/WARN]: [AIBot] PERCEPTION event=snapshot_slow bot=Bob {elapsed_ms=13}
[23:46:00] [Server thread/INFO]: [AIBot] ACTION event=diag_snapshot bot=Bob {on_ground=true, hp=20.0/20.0, mining_idle=true, nearby=animals=0 hostiles=0, inv=minecraft:stone_axex1 minecraft:wooden_swordx1 minecraft:crafting_tablex1 minecraft:stickx2 minecraft:wooden_pickaxex1 minecraft:wooden_axex1 minecraft:cobblestonex2 minecraft:stone_pickaxex1 minecraft:cherry_planksx1 minecraft:eggx1 minecraft:stone_swordx1 minecraft:raw_ironx2 minecraft:oak_logx1, path_idle=true, food=19, air=300, mode=survival, task=gather, task_progress=1.0, goal=none, task_phase=DONE, in_lava=false, step=, light=11, submerged=false, task_state=COMPLETED, held=minecraft:stone_axex1, fall=0.0, pos=570,64,150}
[23:46:01] [Server thread/WARN]: [AIBot] PERCEPTION event=snapshot_slow bot=Bob {elapsed_ms=15}
[23:46:01] [Server thread/INFO]: [AIBot] ACTION event=capability_decision bot=Bob {context=observable_block_query, capability=HIDDEN_BLOCK_SCAN, profile=strict_survival, allowed=false, reason=DENIED_STRICT_SURVIVAL}
[23:46:01] [Server thread/INFO]: [AIBot] ACTION event=capability_decision bot=Bob {context=perception_snapshot, capability=HIDDEN_BLOCK_SCAN, profile=strict_survival, allowed=false, reason=DENIED_STRICT_SURVIVAL}
[23:46:01] [Server thread/WARN]: [AIBot] PERCEPTION event=snapshot_slow bot=Bob {elapsed_ms=19}
[23:46:01] [Server thread/INFO]: [AIBot] ACTION event=capability_decision bot=Bob {context=observable_cell_query, capability=HIDDEN_BLOCK_SCAN, profile=strict_survival, allowed=false, reason=DENIED_STRICT_SURVIVAL}
[23:46:02] [Server thread/WARN]: [AIBot] PERCEPTION event=snapshot_slow bot=Bob {elapsed_ms=12}
[23:46:02] [Server thread/WARN]: [AIBot] PERCEPTION event=snapshot_slow bot=Bob {elapsed_ms=14}
[23:46:02] [Server thread/INFO]: [AIBot] ACTION event=capability_decision bot=Bob {context=diagnostic_nearby, capability=HIDDEN_BLOCK_SCAN, profile=strict_survival, allowed=false, reason=DENIED_STRICT_SURVIVAL}
[23:46:02] [Server thread/INFO]: [AIBot] ACTION event=diag_snapshot bot=Bob {on_ground=true, hp=20.0/20.0, mining_idle=true, nearby=animals=0 hostiles=0, inv=minecraft:stone_axex1 minecraft:wooden_swordx1 minecraft:crafting_tablex1 minecraft:stickx2 minecraft:wooden_pickaxex1 minecraft:wooden_axex1 minecraft:cobblestonex2 minecraft:stone_pickaxex1 minecraft:cherry_planksx1 minecraft:eggx1 minecraft:stone_swordx1 minecraft:raw_ironx2 minecraft:oak_logx1, path_idle=true, food=19, air=300, mode=survival, task=gather, task_progress=1.0, goal=none, task_phase=DONE, in_lava=false, step=, light=11, submerged=false, task_state=COMPLETED, held=minecraft:stone_axex1, fall=0.0, pos=570,64,150}
[23:46:03] [Server thread/WARN]: [AIBot] PERCEPTION event=snapshot_slow bot=Bob {elapsed_ms=11}
[23:46:03] [Server thread/INFO]: [AIBot] ACTION event=capability_decision bot=Bob {context=danger_dark_trap_surface, capability=EMERGENCY_TELEPORT, profile=strict_survival, allowed=false, reason=DENIED_STRICT_SURVIVAL}
[23:46:03] [Server thread/INFO]: [AIBot] ACTION event=capability_decision bot=Bob {context=observable_entity_query, capability=HIDDEN_BLOCK_SCAN, profile=strict_survival, allowed=false, reason=DENIED_STRICT_SURVIVAL}
[23:46:03] [Server thread/WARN]: [AIBot] PERCEPTION event=snapshot_slow bot=Bob {elapsed_ms=11}
[23:46:04] [Server thread/WARN]: [AIBot] PERCEPTION event=snapshot_slow bot=Bob {elapsed_ms=13}
[23:46:04] [Server thread/WARN]: [AIBot] PERCEPTION event=snapshot_slow bot=Bob {elapsed_ms=11}
[23:46:04] [Server thread/INFO]: [AIBot] ACTION event=diag_snapshot bot=Bob {on_ground=true, hp=20.0/20.0, mining_idle=true, nearby=animals=0 hostiles=0, inv=minecraft:stone_axex1 minecraft:wooden_swordx1 minecraft:crafting_tablex1 minecraft:stickx2 minecraft:wooden_pickaxex1 minecraft:wooden_axex1 minecraft:cobblestonex2 minecraft:stone_pickaxex1 minecraft:cherry_planksx1 minecraft:eggx1 minecraft:stone_swordx1 minecraft:raw_ironx2 minecraft:oak_logx1, path_idle=true, food=19, air=300, mode=survival, task=gather, task_progress=1.0, goal=none, task_phase=DONE, in_lava=false, step=, light=11, submerged=false, task_state=COMPLETED, held=minecraft:stone_axex1, fall=0.0, pos=570,64,150}
[23:46:05] [Server thread/WARN]: [AIBot] PERCEPTION event=snapshot_slow bot=Bob {elapsed_ms=17}
[23:46:05] [Server thread/WARN]: [AIBot] PERCEPTION event=snapshot_slow bot=Bob {elapsed_ms=18}
[23:46:06] [Server thread/WARN]: [AIBot] PERCEPTION event=snapshot_slow bot=Bob {elapsed_ms=14}
[23:46:06] [Server thread/INFO]: [AIBot] LIFECYCLE event=mixin_alive bot=- {server_tick=3600}
[23:46:06] [Server thread/INFO]: [AIBot] ACTION event=capability_decision bot=Bob {context=observable_block_query, capability=HIDDEN_BLOCK_SCAN, profile=strict_survival, allowed=false, reason=DENIED_STRICT_SURVIVAL}
[23:46:06] [Server thread/INFO]: [AIBot] ACTION event=capability_decision bot=Bob {context=perception_snapshot, capability=HIDDEN_BLOCK_SCAN, profile=strict_survival, allowed=false, reason=DENIED_STRICT_SURVIVAL}
[23:46:06] [Server thread/WARN]: [AIBot] PERCEPTION event=snapshot_slow bot=Bob {elapsed_ms=16}
[23:46:06] [Server thread/INFO]: [AIBot] ACTION event=diag_snapshot bot=Bob {on_ground=true, hp=20.0/20.0, mining_idle=true, nearby=animals=0 hostiles=0, inv=minecraft:stone_axex1 minecraft:wooden_swordx1 minecraft:crafting_tablex1 minecraft:stickx2 minecraft:wooden_pickaxex1 minecraft:wooden_axex1 minecraft:cobblestonex2 minecraft:stone_pickaxex1 minecraft:cherry_planksx1 minecraft:eggx1 minecraft:stone_swordx1 minecraft:raw_ironx2 minecraft:oak_logx1, path_idle=true, food=19, air=300, mode=survival, task=gather, task_progress=1.0, goal=none, task_phase=DONE, in_lava=false, step=, light=11, submerged=false, task_state=COMPLETED, held=minecraft:stone_axex1, fall=0.0, pos=570,64,150}
[23:46:06] [Server thread/INFO]: [AIBot] ACTION event=capability_decision bot=Bob {context=observable_cell_query, capability=HIDDEN_BLOCK_SCAN, profile=strict_survival, allowed=false, reason=DENIED_STRICT_SURVIVAL}
[23:46:07] [Server thread/WARN]: [AIBot] PERCEPTION event=snapshot_slow bot=Bob {elapsed_ms=17}
[23:46:07] [Server thread/WARN]: [AIBot] PERCEPTION event=snapshot_slow bot=Bob {elapsed_ms=11}
[23:46:08] [Server thread/WARN]: [AIBot] PERCEPTION event=snapshot_slow bot=Bob {elapsed_ms=11}
[23:46:08] [Server thread/WARN]: [AIBot] PERCEPTION event=snapshot_slow bot=Bob {elapsed_ms=14}
[23:46:08] [Server thread/INFO]: [AIBot] ACTION event=capability_decision bot=Bob {context=diagnostic_nearby, capability=HIDDEN_BLOCK_SCAN, profile=strict_survival, allowed=false, reason=DENIED_STRICT_SURVIVAL}
[23:46:08] [Server thread/INFO]: [AIBot] ACTION event=capability_decision bot=Bob {context=observable_entity_query, capability=HIDDEN_BLOCK_SCAN, profile=strict_survival, allowed=false, reason=DENIED_STRICT_SURVIVAL}
[23:46:08] [Server thread/INFO]: [AIBot] ACTION event=diag_snapshot bot=Bob {on_ground=true, hp=20.0/20.0, mining_idle=true, nearby=animals=0 hostiles=0, inv=minecraft:stone_axex1 minecraft:wooden_swordx1 minecraft:crafting_tablex1 minecraft:stickx2 minecraft:wooden_pickaxex1 minecraft:wooden_axex1 minecraft:cobblestonex2 minecraft:stone_pickaxex1 minecraft:cherry_planksx1 minecraft:eggx1 minecraft:stone_swordx1 minecraft:raw_ironx2 minecraft:oak_logx1, path_idle=true, food=19, air=300, mode=survival, task=gather, task_progress=1.0, goal=none, task_phase=DONE, in_lava=false, step=, light=10, submerged=false, task_state=COMPLETED, held=minecraft:stone_axex1, fall=0.0, pos=570,64,150}
[23:46:09] [Server thread/WARN]: [AIBot] PERCEPTION event=snapshot_slow bot=Bob {elapsed_ms=13}
[23:46:09] [Server thread/WARN]: [AIBot] PERCEPTION event=snapshot_slow bot=Bob {elapsed_ms=16}
[23:46:10] [Server thread/WARN]: [AIBot] PERCEPTION event=snapshot_slow bot=Bob {elapsed_ms=14}
[23:46:10] [Server thread/WARN]: [AIBot] PERCEPTION event=snapshot_slow bot=Bob {elapsed_ms=12}
[23:46:10] [Server thread/INFO]: [AIBot] ACTION event=diag_snapshot bot=Bob {on_ground=true, hp=20.0/20.0, mining_idle=true, nearby=animals=0 hostiles=0, inv=minecraft:stone_axex1 minecraft:wooden_swordx1 minecraft:crafting_tablex1 minecraft:stickx2 minecraft:wooden_pickaxex1 minecraft:wooden_axex1 minecraft:cobblestonex2 minecraft:stone_pickaxex1 minecraft:cherry_planksx1 minecraft:eggx1 minecraft:stone_swordx1 minecraft:raw_ironx2 minecraft:oak_logx1, path_idle=true, food=19, air=300, mode=survival, task=gather, task_progress=1.0, goal=none, task_phase=DONE, in_lava=false, step=, light=10, submerged=false, task_state=COMPLETED, held=minecraft:stone_axex1, fall=0.0, pos=570,64,150}
[23:46:11] [Server thread/WARN]: [AIBot] PERCEPTION event=snapshot_slow bot=Bob {elapsed_ms=15}
[23:46:11] [Server thread/INFO]: [AIBot] ACTION event=capability_decision bot=Bob {context=danger_dark_trap_surface, capability=EMERGENCY_TELEPORT, profile=strict_survival, allowed=false, reason=DENIED_STRICT_SURVIVAL}
[23:46:11] [Server thread/INFO]: [AIBot] ACTION event=capability_decision bot=Bob {context=observable_block_query, capability=HIDDEN_BLOCK_SCAN, profile=strict_survival, allowed=false, reason=DENIED_STRICT_SURVIVAL}
[23:46:11] [Server thread/INFO]: [AIBot] ACTION event=capability_decision bot=Bob {context=perception_snapshot, capability=HIDDEN_BLOCK_SCAN, profile=strict_survival, allowed=false, reason=DENIED_STRICT_SURVIVAL}
[23:46:11] [Server thread/WARN]: [AIBot] PERCEPTION event=snapshot_slow bot=Bob {elapsed_ms=18}
[23:46:11] [Server thread/INFO]: [AIBot] ACTION event=capability_decision bot=Bob {context=observable_cell_query, capability=HIDDEN_BLOCK_SCAN, profile=strict_survival, allowed=false, reason=DENIED_STRICT_SURVIVAL}
[23:46:12] [Server thread/WARN]: [AIBot] PERCEPTION event=snapshot_slow bot=Bob {elapsed_ms=12}
[23:46:12] [Server thread/WARN]: [AIBot] PERCEPTION event=snapshot_slow bot=Bob {elapsed_ms=11}
[23:46:12] [Server thread/INFO]: [AIBot] ACTION event=diag_snapshot bot=Bob {on_ground=true, hp=20.0/20.0, mining_idle=true, nearby=animals=0 hostiles=0, inv=minecraft:stone_axex1 minecraft:wooden_swordx1 minecraft:crafting_tablex1 minecraft:stickx2 minecraft:wooden_pickaxex1 minecraft:wooden_axex1 minecraft:cobblestonex2 minecraft:stone_pickaxex1 minecraft:cherry_planksx1 minecraft:eggx1 minecraft:stone_swordx1 minecraft:raw_ironx2 minecraft:oak_logx1, path_idle=true, food=19, air=300, mode=survival, task=gather, task_progress=1.0, goal=none, task_phase=DONE, in_lava=false, step=, light=10, submerged=false, task_state=COMPLETED, held=minecraft:stone_axex1, fall=0.0, pos=570,64,150}
[23:46:13] [Server thread/WARN]: [AIBot] PERCEPTION event=snapshot_slow bot=Bob {elapsed_ms=18}
[23:46:13] [Server thread/WARN]: [AIBot] PERCEPTION event=snapshot_slow bot=Bob {elapsed_ms=17}
[23:46:14] [Server thread/WARN]: [AIBot] PERCEPTION event=snapshot_slow bot=Bob {elapsed_ms=16}
[23:46:14] [Server thread/INFO]: [AIBot] ACTION event=capability_decision bot=Bob {context=diagnostic_nearby, capability=HIDDEN_BLOCK_SCAN, profile=strict_survival, allowed=false, reason=DENIED_STRICT_SURVIVAL}
[23:46:14] [Server thread/INFO]: [AIBot] ACTION event=capability_decision bot=Bob {context=observable_entity_query, capability=HIDDEN_BLOCK_SCAN, profile=strict_survival, allowed=false, reason=DENIED_STRICT_SURVIVAL}
[23:46:14] [Server thread/INFO]: [AIBot] ACTION event=diag_snapshot bot=Bob {on_ground=true, hp=20.0/20.0, mining_idle=true, nearby=animals=0 hostiles=0, inv=minecraft:stone_axex1 minecraft:wooden_swordx1 minecraft:crafting_tablex1 minecraft:stickx2 minecraft:wooden_pickaxex1 minecraft:wooden_axex1 minecraft:cobblestonex2 minecraft:stone_pickaxex1 minecraft:cherry_planksx1 minecraft:eggx1 minecraft:stone_swordx1 minecraft:raw_ironx2 minecraft:oak_logx1, path_idle=true, food=19, air=300, mode=survival, task=gather, task_progress=1.0, goal=none, task_phase=DONE, in_lava=false, step=, light=10, submerged=false, task_state=COMPLETED, held=minecraft:stone_axex1, fall=0.0, pos=570,64,150}
[23:46:15] [Server thread/WARN]: [AIBot] PERCEPTION event=snapshot_slow bot=Bob {elapsed_ms=18}
[23:46:15] [Server thread/WARN]: [AIBot] PERCEPTION event=snapshot_slow bot=Bob {elapsed_ms=11}
[23:46:16] [Server thread/WARN]: [AIBot] PERCEPTION event=snapshot_slow bot=Bob {elapsed_ms=14}
[23:46:16] [Server thread/INFO]: [AIBot] ACTION event=capability_decision bot=Bob {context=observable_block_query, capability=HIDDEN_BLOCK_SCAN, profile=strict_survival, allowed=false, reason=DENIED_STRICT_SURVIVAL}
[23:46:16] [Server thread/INFO]: [AIBot] ACTION event=capability_decision bot=Bob {context=perception_snapshot, capability=HIDDEN_BLOCK_SCAN, profile=strict_survival, allowed=false, reason=DENIED_STRICT_SURVIVAL}
[23:46:16] [Server thread/WARN]: [AIBot] PERCEPTION event=snapshot_slow bot=Bob {elapsed_ms=16}
[23:46:16] [Server thread/INFO]: [AIBot] ACTION event=diag_snapshot bot=Bob {on_ground=true, hp=20.0/20.0, mining_idle=true, nearby=animals=0 hostiles=0, inv=minecraft:stone_axex1 minecraft:wooden_swordx1 minecraft:crafting_tablex1 minecraft:stickx2 minecraft:wooden_pickaxex1 minecraft:wooden_axex1 minecraft:cobblestonex2 minecraft:stone_pickaxex1 minecraft:cherry_planksx1 minecraft:eggx1 minecraft:stone_swordx1 minecraft:raw_ironx2 minecraft:oak_logx1, path_idle=true, food=19, air=300, mode=survival, task=gather, task_progress=1.0, goal=none, task_phase=DONE, in_lava=false, step=, light=9, submerged=false, task_state=COMPLETED, held=minecraft:stone_axex1, fall=0.0, pos=570,64,150}
[23:46:16] [Server thread/INFO]: [AIBot] ACTION event=capability_decision bot=Bob {context=observable_cell_query, capability=HIDDEN_BLOCK_SCAN, profile=strict_survival, allowed=false, reason=DENIED_STRICT_SURVIVAL}
[23:46:17] [Server thread/WARN]: [AIBot] PERCEPTION event=snapshot_slow bot=Bob {elapsed_ms=18}
[23:46:17] [Server thread/WARN]: [AIBot] PERCEPTION event=snapshot_slow bot=Bob {elapsed_ms=15}
[23:46:18] [Server thread/WARN]: [AIBot] PERCEPTION event=snapshot_slow bot=Bob {elapsed_ms=11}
[23:46:18] [Server thread/WARN]: [AIBot] PERCEPTION event=snapshot_slow bot=Bob {elapsed_ms=11}
[23:46:18] [Server thread/INFO]: [AIBot] ACTION event=diag_snapshot bot=Bob {on_ground=true, hp=20.0/20.0, mining_idle=true, nearby=animals=0 hostiles=0, inv=minecraft:stone_axex1 minecraft:wooden_swordx1 minecraft:crafting_tablex1 minecraft:stickx2 minecraft:wooden_pickaxex1 minecraft:wooden_axex1 minecraft:cobblestonex2 minecraft:stone_pickaxex1 minecraft:cherry_planksx1 minecraft:eggx1 minecraft:stone_swordx1 minecraft:raw_ironx2 minecraft:oak_logx1, path_idle=true, food=19, air=300, mode=survival, task=gather, task_progress=1.0, goal=none, task_phase=DONE, in_lava=false, step=, light=9, submerged=false, task_state=COMPLETED, held=minecraft:stone_axex1, fall=0.0, pos=570,64,150}
[23:46:19] [Server thread/INFO]: [AIBot] ACTION event=capability_decision bot=Bob {context=danger_dark_trap_surface, capability=EMERGENCY_TELEPORT, profile=strict_survival, allowed=false, reason=DENIED_STRICT_SURVIVAL}
[23:46:19] [Server thread/WARN]: [AIBot] PERCEPTION event=snapshot_slow bot=Bob {elapsed_ms=11}
[23:46:20] [Server thread/WARN]: [AIBot] PERCEPTION event=snapshot_slow bot=Bob {elapsed_ms=15}
[23:46:20] [Server thread/INFO]: [AIBot] ACTION event=capability_decision bot=Bob {context=diagnostic_nearby, capability=HIDDEN_BLOCK_SCAN, profile=strict_survival, allowed=false, reason=DENIED_STRICT_SURVIVAL}
[23:46:20] [Server thread/INFO]: [AIBot] ACTION event=capability_decision bot=Bob {context=observable_entity_query, capability=HIDDEN_BLOCK_SCAN, profile=strict_survival, allowed=false, reason=DENIED_STRICT_SURVIVAL}
[23:46:20] [Server thread/INFO]: [AIBot] ACTION event=diag_snapshot bot=Bob {on_ground=true, hp=20.0/20.0, mining_idle=true, nearby=animals=0 hostiles=0, inv=minecraft:stone_axex1 minecraft:wooden_swordx1 minecraft:crafting_tablex1 minecraft:stickx2 minecraft:wooden_pickaxex1 minecraft:wooden_axex1 minecraft:cobblestonex2 minecraft:stone_pickaxex1 minecraft:cherry_planksx1 minecraft:eggx1 minecraft:stone_swordx1 minecraft:raw_ironx2 minecraft:oak_logx1, path_idle=true, food=19, air=300, mode=survival, task=gather, task_progress=1.0, goal=none, task_phase=DONE, in_lava=false, step=, light=9, submerged=false, task_state=COMPLETED, held=minecraft:stone_axex1, fall=0.0, pos=570,64,150}
[23:46:21] [Server thread/WARN]: [AIBot] PERCEPTION event=snapshot_slow bot=Bob {elapsed_ms=17}
[23:46:21] [Server thread/INFO]: [AIBot] ACTION event=capability_decision bot=Bob {context=observable_block_query, capability=HIDDEN_BLOCK_SCAN, profile=strict_survival, allowed=false, reason=DENIED_STRICT_SURVIVAL}
[23:46:21] [Server thread/INFO]: [AIBot] ACTION event=capability_decision bot=Bob {context=perception_snapshot, capability=HIDDEN_BLOCK_SCAN, profile=strict_survival, allowed=false, reason=DENIED_STRICT_SURVIVAL}
[23:46:21] [Server thread/WARN]: [AIBot] PERCEPTION event=snapshot_slow bot=Bob {elapsed_ms=12}
[23:46:21] [Server thread/INFO]: [AIBot] ACTION event=capability_decision bot=Bob {context=observable_cell_query, capability=HIDDEN_BLOCK_SCAN, profile=strict_survival, allowed=false, reason=DENIED_STRICT_SURVIVAL}
[23:46:22] [Server thread/WARN]: [AIBot] PERCEPTION event=snapshot_slow bot=Bob {elapsed_ms=14}
[23:46:22] [Server thread/WARN]: [AIBot] PERCEPTION event=snapshot_slow bot=Bob {elapsed_ms=19}
[23:46:22] [Server thread/INFO]: [AIBot] ACTION event=diag_snapshot bot=Bob {on_ground=true, hp=20.0/20.0, mining_idle=true, nearby=animals=0 hostiles=0, inv=minecraft:stone_axex1 minecraft:wooden_swordx1 minecraft:crafting_tablex1 minecraft:stickx2 minecraft:wooden_pickaxex1 minecraft:wooden_axex1 minecraft:cobblestonex2 minecraft:stone_pickaxex1 minecraft:cherry_planksx1 minecraft:eggx1 minecraft:stone_swordx1 minecraft:raw_ironx2 minecraft:oak_logx1, path_idle=true, food=19, air=300, mode=survival, task=gather, task_progress=1.0, goal=none, task_phase=DONE, in_lava=false, step=, light=9, submerged=false, task_state=COMPLETED, held=minecraft:stone_axex1, fall=0.0, pos=570,64,150}
[23:46:23] [Server thread/WARN]: [AIBot] PERCEPTION event=snapshot_slow bot=Bob {elapsed_ms=13}
[23:46:24] [Server thread/WARN]: [AIBot] PERCEPTION event=snapshot_slow bot=Bob {elapsed_ms=14}
[23:46:24] [Server thread/INFO]: [AIBot] TASK event=task_assigned bot=Bob {name=gather, origin_reason=external_dsh, params=Gathering minecraft:cobblestone 2/16 phase=SURVEY, origin=LLM_TOOL}
[23:46:24] [Server thread/INFO]: [AIBot] ACTION event=capability_decision bot=Bob {context=harvest_nearest_blocks, capability=HIDDEN_BLOCK_SCAN, profile=strict_survival, allowed=false, reason=DENIED_STRICT_SURVIVAL}
[23:46:24] [Server thread/INFO]: [AIBot] ACTION event=gather_expand_search bot=Bob {radius=32, item=minecraft:cobblestone}
[23:46:24] [Server thread/INFO]: [AIBot] PROFILE event=profile_slow_section bot=- {elapsed_ms=88.09, bot=Bob, section=task_tick}
[23:46:24] [Server thread/WARN]: [AIBot] PERCEPTION event=snapshot_slow bot=Bob {elapsed_ms=15}
[23:46:24] [Server thread/INFO]: [AIBot] ACTION event=diag_snapshot bot=Bob {on_ground=true, hp=20.0/20.0, mining_idle=true, nearby=animals=0 hostiles=0, inv=minecraft:stone_axex1 minecraft:wooden_swordx1 minecraft:crafting_tablex1 minecraft:stickx2 minecraft:wooden_pickaxex1 minecraft:wooden_axex1 minecraft:cobblestonex2 minecraft:stone_pickaxex1 minecraft:cherry_planksx1 minecraft:eggx1 minecraft:stone_swordx1 minecraft:raw_ironx2 minecraft:oak_logx1, path_idle=true, food=19, air=300, mode=survival, task=gather, task_progress=0.1, goal=none, task_phase=SURVEY, in_lava=false, step=, light=8, submerged=false, task_state=RUNNING, held=minecraft:stone_axex1, fall=0.0, pos=570,64,150}
[23:46:25] [Server thread/INFO]: [AIBot] ACTION event=gather_expand_search bot=Bob {radius=48, item=minecraft:cobblestone}
[23:46:25] [Server thread/INFO]: [AIBot] PROFILE event=profile_slow_section bot=- {elapsed_ms=82.13, bot=Bob, section=task_tick}
[23:46:25] [Server thread/WARN]: [AIBot] PERCEPTION event=snapshot_slow bot=Bob {elapsed_ms=18}
[23:46:25] [Server thread/INFO]: [AIBot] ACTION event=capability_decision bot=Bob {context=gather_surface, capability=EMERGENCY_TELEPORT, profile=strict_survival, allowed=false, reason=DENIED_STRICT_SURVIVAL}
[23:46:25] [Server thread/INFO]: [AIBot] ACTION event=capability_decision bot=Bob {context=ore_prospector, capability=HIDDEN_BLOCK_SCAN, profile=strict_survival, allowed=false, reason=DENIED_STRICT_SURVIVAL}
[23:46:25] [Server thread/INFO]: [AIBot] ACTION event=gather_prospected bot=Bob {to=570,63,155, item=minecraft:cobblestone, dist=6, found=570,62,156}
[23:46:25] [Server thread/INFO]: [AIBot] PROFILE event=profile_slow_section bot=- {elapsed_ms=304.83, bot=Bob, section=task_tick}
[23:46:25] [Server thread/WARN]: [AIBot] PERCEPTION event=snapshot_slow bot=Bob {elapsed_ms=16}
[23:46:26] [Server thread/WARN]: [AIBot] PERCEPTION event=snapshot_slow bot=Bob {elapsed_ms=12}
[23:46:26] [Server thread/INFO]: [AIBot] ACTION event=fake_player_step bot=Bob {from=class_2338{x=570, y=64, z=153}, to=class_2338{x=570, y=63, z=154}, reason=path_drop_down}
[23:46:26] [Server thread/INFO]: [AIBot] ACTION event=equip_slot bot=Bob {source_slot=7, hotbar_slot=7}
[23:46:26] [Server thread/INFO]: [AIBot] ACTION event=equip_best_tool bot=Bob {slot=7, score=150.4, tool=minecraft:stone_pickaxe}
[23:46:26] [Server thread/INFO]: [AIBot] ACTION event=mine_start bot=Bob {pos=570,62,156, face=up}
[23:46:26] [Server thread/INFO]: [AIBot] ACTION event=capability_decision bot=Bob {context=observable_block_query, capability=HIDDEN_BLOCK_SCAN, profile=strict_survival, allowed=false, reason=DENIED_STRICT_SURVIVAL}
[23:46:26] [Server thread/INFO]: [AIBot] ACTION event=capability_decision bot=Bob {context=perception_snapshot, capability=HIDDEN_BLOCK_SCAN, profile=strict_survival, allowed=false, reason=DENIED_STRICT_SURVIVAL}
[23:46:26] [Server thread/WARN]: [AIBot] PERCEPTION event=snapshot_slow bot=Bob {elapsed_ms=11}
[23:46:26] [Server thread/INFO]: [AIBot] ACTION event=capability_decision bot=Bob {context=diagnostic_nearby, capability=HIDDEN_BLOCK_SCAN, profile=strict_survival, allowed=false, reason=DENIED_STRICT_SURVIVAL}
[23:46:26] [Server thread/INFO]: [AIBot] ACTION event=capability_decision bot=Bob {context=observable_entity_query, capability=HIDDEN_BLOCK_SCAN, profile=strict_survival, allowed=false, reason=DENIED_STRICT_SURVIVAL}
[23:46:26] [Server thread/INFO]: [AIBot] ACTION event=diag_snapshot bot=Bob {on_ground=true, hp=20.0/20.0, mining_idle=false, nearby=animals=0 hostiles=0, inv=minecraft:stone_axex1 minecraft:wooden_swordx1 minecraft:crafting_tablex1 minecraft:stickx2 minecraft:wooden_pickaxex1 minecraft:wooden_axex1 minecraft:cobblestonex2 minecraft:stone_pickaxex1 minecraft:cherry_planksx1 minecraft:eggx1 minecraft:stone_swordx1 minecraft:raw_ironx2 minecraft:oak_logx1, path_idle=true, food=19, air=300, mode=survival, task=gather, task_progress=0.1, goal=none, task_phase=HARVEST, in_lava=false, step=, light=10, submerged=false, task_state=RUNNING, held=minecraft:stone_pickaxex1, fall=0.0, pos=570,63,154}
[23:46:26] [Server thread/INFO]: [AIBot] ACTION event=capability_decision bot=Bob {context=observable_cell_query, capability=HIDDEN_BLOCK_SCAN, profile=strict_survival, allowed=false, reason=DENIED_STRICT_SURVIVAL}
[23:46:26] [Server thread/INFO]: [AIBot] ACTION event=mine_complete bot=Bob {}
[23:46:27] [Server thread/INFO]: [AIBot] ACTION event=capability_decision bot=Bob {context=harvest_force_pickup, capability=FORCED_PICKUP, profile=strict_survival, allowed=false, reason=DENIED_STRICT_SURVIVAL}
[23:46:27] [Server thread/INFO]: [AIBot] ACTION event=gather_pickup_origin_approach bot=Bob {origin=570, 62, 156, from=570, 63, 154}
[23:46:27] [Server thread/WARN]: [AIBot] PERCEPTION event=snapshot_slow bot=Bob {elapsed_ms=11}
[23:46:27] [Server thread/INFO]: [AIBot] ACTION event=fake_player_step bot=Bob {from=class_2338{x=570, y=63, z=155}, to=class_2338{x=570, y=62, z=156}, reason=path_drop_down}
[23:46:27] [Server thread/INFO]: [AIBot] PROFILE event=profile_slow_section bot=- {elapsed_ms=102.91, bot=Bob, section=task_tick}
[23:46:27] [Server thread/INFO]: [AIBot] ACTION event=mine_start bot=Bob {pos=570,62,155, face=up}
[23:46:28] [Server thread/INFO]: [AIBot] ACTION event=mine_complete bot=Bob {}
[23:46:28] [Server thread/WARN]: [AIBot] PERCEPTION event=snapshot_slow bot=Bob {elapsed_ms=12}
[23:46:28] [Server thread/INFO]: [AIBot] ACTION event=gather_pickup_origin_approach bot=Bob {origin=570, 62, 155, from=570, 62, 156}
[23:46:28] [Server thread/WARN]: [AIBot] PERCEPTION event=snapshot_slow bot=Bob {elapsed_ms=17}
[23:46:28] [Server thread/INFO]: [AIBot] ACTION event=diag_snapshot bot=Bob {on_ground=true, hp=20.0/20.0, mining_idle=true, nearby=animals=0 hostiles=0, inv=minecraft:stone_axex1 minecraft:wooden_swordx1 minecraft:crafting_tablex1 minecraft:stickx2 minecraft:wooden_pickaxex1 minecraft:wooden_axex1 minecraft:cobblestonex3 minecraft:stone_pickaxex1 minecraft:cherry_planksx1 minecraft:eggx1 minecraft:stone_swordx1 minecraft:raw_ironx2 minecraft:oak_logx1, path_idle=true, food=19, air=300, mode=survival, task=gather, task_progress=0.2, goal=none, task_phase=PICKUP, in_lava=false, step=, light=10, submerged=false, task_state=RUNNING, held=minecraft:stone_pickaxex1, fall=0.0, pos=570,62,155}
[23:46:28] [Server thread/INFO]: [AIBot] PROFILE event=profile_slow_section bot=- {elapsed_ms=104.56, bot=Bob, section=task_tick}
[23:46:28] [Server thread/INFO]: [AIBot] ACTION event=mine_start bot=Bob {pos=570,62,154, face=up}
[23:46:29] [Server thread/WARN]: [AIBot] PERCEPTION event=snapshot_slow bot=Bob {elapsed_ms=11}
[23:46:29] [Server thread/INFO]: [AIBot] ACTION event=mine_complete bot=Bob {}
[23:46:29] [Server thread/INFO]: [AIBot] ACTION event=gather_pickup_origin_approach bot=Bob {origin=570, 62, 154, from=570, 62, 155}
[23:46:29] [Server thread/INFO]: [AIBot] ACTION event=fake_player_pickup_nudge bot=Bob {reason=physical_drop_pickup, anchor=class_2338{x=570, y=62, z=154}}
[23:46:29] [Server thread/INFO]: [AIBot] ACTION event=capability_decision bot=Bob {context=harvest_nearest_blocks, capability=HIDDEN_BLOCK_SCAN, profile=strict_survival, allowed=false, reason=DENIED_STRICT_SURVIVAL}
[23:46:30] [Server thread/INFO]: [AIBot] PROFILE event=profile_slow_section bot=- {elapsed_ms=122.33, bot=Bob, section=task_tick}
[23:46:30] [Server thread/INFO]: [AIBot] ACTION event=mine_start bot=Bob {pos=569,62,154, face=up}
[23:46:30] [Server thread/WARN]: [AIBot] PERCEPTION event=snapshot_slow bot=Bob {elapsed_ms=16}
[23:46:30] [Server thread/INFO]: [AIBot] ACTION event=mine_complete bot=Bob {}
[23:46:30] [Server thread/INFO]: [AIBot] ACTION event=gather_pickup_origin_approach bot=Bob {origin=569, 62, 154, from=570, 62, 154}
[23:46:30] [Server thread/WARN]: [AIBot] PERCEPTION event=snapshot_slow bot=Bob {elapsed_ms=17}
[23:46:30] [Server thread/INFO]: [AIBot] ACTION event=diag_snapshot bot=Bob {on_ground=true, hp=20.0/20.0, mining_idle=true, nearby=animals=0 hostiles=0, inv=minecraft:stone_axex1 minecraft:wooden_swordx1 minecraft:crafting_tablex1 minecraft:stickx2 minecraft:wooden_pickaxex1 minecraft:wooden_axex1 minecraft:cobblestonex5 minecraft:stone_pickaxex1 minecraft:cherry_planksx1 minecraft:eggx1 minecraft:stone_swordx1 minecraft:raw_ironx2 minecraft:oak_logx1, path_idle=false, food=19, air=300, mode=survival, task=gather, task_progress=0.3, goal=none, task_phase=PICKUP, in_lava=false, step=, light=10, submerged=false, task_state=RUNNING, held=minecraft:stone_pickaxex1, fall=0.0, pos=570,62,154}
[23:46:31] [Server thread/INFO]: [AIBot] PROFILE event=profile_slow_section bot=- {elapsed_ms=129.87, bot=Bob, section=task_tick}
[23:46:31] [Server thread/WARN]: [AIBot] PERCEPTION event=snapshot_slow bot=Bob {elapsed_ms=17}
[23:46:31] [Server thread/INFO]: [AIBot] ACTION event=mine_start bot=Bob {pos=569,62,155, face=up}
[23:46:31] [Server thread/INFO]: [AIBot] PROFILE event=tps_guard_state bot=- {avg_tick_ms=55.29, degraded=true, estimated_tps=18.09}
[23:46:31] [Server thread/INFO]: [AIBot] PROFILE event=tps_guard_state bot=- {avg_tick_ms=52.85, degraded=false, estimated_tps=18.92}
[23:46:31] [Server thread/INFO]: [AIBot] ACTION event=capability_decision bot=Bob {context=observable_block_query, capability=HIDDEN_BLOCK_SCAN, profile=strict_survival, allowed=false, reason=DENIED_STRICT_SURVIVAL}
[23:46:31] [Server thread/INFO]: [AIBot] ACTION event=capability_decision bot=Bob {context=perception_snapshot, capability=HIDDEN_BLOCK_SCAN, profile=strict_survival, allowed=false, reason=DENIED_STRICT_SURVIVAL}
[23:46:31] [Server thread/WARN]: [AIBot] PERCEPTION event=snapshot_slow bot=Bob {elapsed_ms=17}
[23:46:31] [Server thread/INFO]: [AIBot] ACTION event=mine_complete bot=Bob {}
[23:46:31] [Server thread/INFO]: [AIBot] ACTION event=capability_decision bot=Bob {context=observable_entity_query, capability=HIDDEN_BLOCK_SCAN, profile=strict_survival, allowed=false, reason=DENIED_STRICT_SURVIVAL}
[23:46:31] [Server thread/INFO]: [AIBot] ACTION event=gather_pickup_origin_approach bot=Bob {origin=569, 62, 155, from=569, 62, 154}
[23:46:31] [Server thread/INFO]: [AIBot] ACTION event=capability_decision bot=Bob {context=observable_cell_query, capability=HIDDEN_BLOCK_SCAN, profile=strict_survival, allowed=false, reason=DENIED_STRICT_SURVIVAL}
[23:46:32] [Server thread/INFO]: [AIBot] ACTION event=capability_decision bot=Bob {context=harvest_force_pickup, capability=FORCED_PICKUP, profile=strict_survival, allowed=false, reason=DENIED_STRICT_SURVIVAL}
[23:46:32] [Server thread/WARN]: [AIBot] PERCEPTION event=snapshot_slow bot=Bob {elapsed_ms=16}
[23:46:32] [Server thread/INFO]: [AIBot] PROFILE event=profile_slow_section bot=- {elapsed_ms=103.89, bot=Bob, section=task_tick}
[23:46:32] [Server thread/INFO]: [AIBot] ACTION event=mine_start bot=Bob {pos=569,62,156, face=up}
[23:46:32] [Server thread/WARN]: [AIBot] PERCEPTION event=snapshot_slow bot=Bob {elapsed_ms=15}
[23:46:32] [Server thread/INFO]: [AIBot] ACTION event=capability_decision bot=Bob {context=diagnostic_nearby, capability=HIDDEN_BLOCK_SCAN, profile=strict_survival, allowed=false, reason=DENIED_STRICT_SURVIVAL}
[23:46:32] [Server thread/INFO]: [AIBot] ACTION event=diag_snapshot bot=Bob {on_ground=true, hp=20.0/20.0, mining_idle=false, nearby=animals=0 hostiles=0, inv=minecraft:stone_axex1 minecraft:wooden_swordx1 minecraft:crafting_tablex1 minecraft:stickx2 minecraft:wooden_pickaxex1 minecraft:wooden_axex1 minecraft:cobblestonex7 minecraft:stone_pickaxex1 minecraft:cherry_planksx1 minecraft:eggx1 minecraft:stone_swordx1 minecraft:raw_ironx2 minecraft:oak_logx1, path_idle=true, food=19, air=300, mode=survival, task=gather, task_progress=0.4, goal=none, task_phase=HARVEST, in_lava=false, step=, light=9, submerged=false, task_state=RUNNING, held=minecraft:stone_pickaxex1, fall=0.0, pos=569,62,155}
[23:46:32] [Server thread/INFO]: [AIBot] ACTION event=mine_complete bot=Bob {}
[23:46:33] [Server thread/INFO]: [AIBot] ACTION event=gather_pickup_origin_approach bot=Bob {origin=569, 62, 156, from=569, 62, 155}
[23:46:33] [Server thread/WARN]: [AIBot] PERCEPTION event=snapshot_slow bot=Bob {elapsed_ms=13}
[23:46:33] [Server thread/INFO]: [AIBot] ACTION event=fake_player_step bot=Bob {from=class_2338{x=569, y=62, z=155}, to=class_2338{x=569, y=62, z=154}, reason=navsafe_water_rescue}
[23:46:33] [Server thread/INFO]: [AIBot] DANGER event=navsafe_water_step bot=Bob {air=300, hp=20.0, pos=569,62,155}
[23:46:33] [Server thread/INFO]: [AIBot] PROFILE event=profile_slow_section bot=- {elapsed_ms=94.68, bot=Bob, section=task_tick}
[23:46:33] [Server thread/INFO]: [AIBot] ACTION event=mine_start bot=Bob {pos=571,62,154, face=west}
[23:46:33] [Server thread/INFO]: [AIBot] ACTION event=fake_player_step bot=Bob {from=class_2338{x=569, y=62, z=154}, to=class_2338{x=570, y=62, z=154}, reason=navsafe_water_rescue}
[23:46:33] [Server thread/INFO]: [AIBot] PROFILE event=profile_slow_section bot=- {elapsed_ms=86.21, bot=Bob, section=task_tick}
[23:46:33] [Server thread/INFO]: [AIBot] ACTION event=mine_start bot=Bob {pos=571,62,155, face=up}
[23:46:33] [Server thread/WARN]: [AIBot] PERCEPTION event=snapshot_slow bot=Bob {elapsed_ms=11}
[23:46:33] [Server thread/INFO]: [AIBot] ACTION event=fake_player_step bot=Bob {from=class_2338{x=570, y=62, z=154}, to=class_2338{x=571, y=63, z=154}, reason=navsafe_water_rescue}
[23:46:34] [Server thread/INFO]: [AIBot] PROFILE event=profile_slow_section bot=- {elapsed_ms=153.97, bot=Bob, section=task_tick}
[23:46:34] [Server thread/INFO]: [AIBot] ACTION event=mine_start bot=Bob {pos=571,62,156, face=up}
[23:46:34] [Server thread/INFO]: [AIBot] PROFILE event=tps_guard_state bot=- {avg_tick_ms=55.09, degraded=true, estimated_tps=18.15}
[23:46:34] [Server thread/INFO]: [AIBot] PROFILE event=tps_guard_state bot=- {avg_tick_ms=52.64, degraded=false, estimated_tps=19.00}
[23:46:34] [Server thread/WARN]: [AIBot] PERCEPTION event=snapshot_slow bot=Bob {elapsed_ms=21}
[23:46:34] [Server thread/INFO]: [AIBot] ACTION event=mine_complete bot=Bob {}
[23:46:34] [Server thread/WARN]: [AIBot] PERCEPTION event=snapshot_slow bot=Bob {elapsed_ms=16}
[23:46:34] [Server thread/INFO]: [AIBot] ACTION event=diag_snapshot bot=Bob {on_ground=true, hp=20.0/20.0, mining_idle=true, nearby=animals=0 hostiles=0, inv=minecraft:stone_axex1 minecraft:wooden_swordx1 minecraft:crafting_tablex1 minecraft:stickx2 minecraft:wooden_pickaxex1 minecraft:wooden_axex1 minecraft:cobblestonex7 minecraft:stone_pickaxex1 minecraft:cherry_planksx1 minecraft:eggx1 minecraft:stone_swordx1 minecraft:raw_ironx2 minecraft:oak_logx1, path_idle=true, food=19, air=300, mode=survival, task=gather, task_progress=0.4, goal=none, task_phase=PICKUP, in_lava=false, step=, light=9, submerged=false, task_state=RUNNING, held=minecraft:stone_pickaxex1, fall=0.0, pos=571,63,154}
[23:46:34] [Server thread/INFO]: [AIBot] ACTION event=gather_pickup_origin_approach bot=Bob {origin=571, 62, 156, from=571, 63, 154}
[23:46:35] [Server thread/INFO]: [AIBot] ACTION event=fake_player_step bot=Bob {from=class_2338{x=571, y=63, z=155}, to=class_2338{x=571, y=62, z=156}, reason=path_drop_down}
[23:46:35] [Server thread/INFO]: [AIBot] ACTION event=fake_player_step bot=Bob {from=class_2338{x=571, y=62, z=156}, to=class_2338{x=571, y=63, z=155}, reason=navsafe_water_rescue}
[23:46:35] [Server thread/INFO]: [AIBot] ACTION event=capability_decision bot=Bob {context=harvest_nearest_blocks, capability=HIDDEN_BLOCK_SCAN, profile=strict_survival, allowed=false, reason=DENIED_STRICT_SURVIVAL}
[23:46:35] [Server thread/INFO]: [AIBot] PROFILE event=profile_slow_section bot=- {elapsed_ms=144.07, bot=Bob, section=task_tick}
[23:46:35] [Server thread/WARN]: [AIBot] PERCEPTION event=snapshot_slow bot=Bob {elapsed_ms=18}
[23:46:35] [Server thread/INFO]: [AIBot] ACTION event=mine_start bot=Bob {pos=572,62,156, face=up}
[23:46:35] [Server thread/INFO]: [AIBot] PROFILE event=tps_guard_state bot=- {avg_tick_ms=56.92, degraded=true, estimated_tps=17.57}
[23:46:35] [Server thread/INFO]: [AIBot] PROFILE event=tps_guard_state bot=- {avg_tick_ms=54.38, degraded=false, estimated_tps=18.39}
[23:46:35] [Server thread/WARN]: [AIBot] PERCEPTION event=snapshot_slow bot=Bob {elapsed_ms=20}
[23:46:35] [Server thread/INFO]: [AIBot] ACTION event=mine_complete bot=Bob {}
[23:46:36] [Server thread/INFO]: [AIBot] PROFILE event=profile_slow_section bot=- {elapsed_ms=169.81, bot=Bob, section=task_tick}
[23:46:36] [Server thread/INFO]: [AIBot] ACTION event=mine_start bot=Bob {pos=571,62,157, face=up}
[23:46:36] [Server thread/INFO]: [AIBot] PROFILE event=tps_guard_state bot=- {avg_tick_ms=55.87, degraded=true, estimated_tps=17.90}
[23:46:36] [Server thread/INFO]: [AIBot] PROFILE event=tps_guard_state bot=- {avg_tick_ms=53.45, degraded=false, estimated_tps=18.71}
[23:46:36] [Server thread/WARN]: [AIBot] PERCEPTION event=snapshot_slow bot=Bob {elapsed_ms=18}
[23:46:36] [Server thread/INFO]: [AIBot] ACTION event=mine_complete bot=Bob {}
[23:46:36] [Server thread/INFO]: [AIBot] ACTION event=gather_pickup_origin_approach bot=Bob {origin=571, 62, 157, from=571, 63, 155}
[23:46:36] [Server thread/INFO]: [AIBot] ACTION event=fake_player_jump bot=Bob {from=class_2338{x=571, y=63, z=155}, to=class_2338{x=572, y=64, z=155}, reason=path_jump_up}
[23:46:36] [Server thread/INFO]: [AIBot] ACTION event=fake_player_step bot=Bob {from=class_2338{x=572, y=64, z=155}, to=class_2338{x=573, y=63, z=155}, reason=path_drop_down}
[23:46:36] [Server thread/INFO]: [AIBot] ACTION event=capability_decision bot=Bob {context=observable_block_query, capability=HIDDEN_BLOCK_SCAN, profile=strict_survival, allowed=false, reason=DENIED_STRICT_SURVIVAL}
[23:46:36] [Server thread/INFO]: [AIBot] ACTION event=capability_decision bot=Bob {context=perception_snapshot, capability=HIDDEN_BLOCK_SCAN, profile=strict_survival, allowed=false, reason=DENIED_STRICT_SURVIVAL}
[23:46:36] [Server thread/WARN]: [AIBot] PERCEPTION event=snapshot_slow bot=Bob {elapsed_ms=17}
[23:46:36] [Server thread/INFO]: [AIBot] ACTION event=diag_snapshot bot=Bob {on_ground=false, hp=20.0/20.0, mining_idle=true, nearby=animals=0 hostiles=0, inv=minecraft:stone_axex1 minecraft:wooden_swordx1 minecraft:crafting_tablex1 minecraft:stickx2 minecraft:wooden_pickaxex1 minecraft:wooden_axex1 minecraft:cobblestonex8 minecraft:stone_pickaxex1 minecraft:cherry_planksx1 minecraft:eggx1 minecraft:stone_swordx1 minecraft:raw_ironx2 minecraft:oak_logx1, path_idle=false, food=19, air=300, mode=survival, task=gather, task_progress=0.5, goal=none, task_phase=PICKUP, in_lava=false, step=, light=9, submerged=false, task_state=RUNNING, held=minecraft:stone_pickaxex1, fall=0.0, pos=573,63,155}
[23:46:36] [Server thread/INFO]: [AIBot] ACTION event=capability_decision bot=Bob {context=observable_entity_query, capability=HIDDEN_BLOCK_SCAN, profile=strict_survival, allowed=false, reason=DENIED_STRICT_SURVIVAL}
[23:46:36] [Server thread/INFO]: [AIBot] ACTION event=capability_decision bot=Bob {context=observable_cell_query, capability=HIDDEN_BLOCK_SCAN, profile=strict_survival, allowed=false, reason=DENIED_STRICT_SURVIVAL}
[23:46:37] [Server thread/INFO]: [AIBot] ACTION event=capability_decision bot=Bob {context=harvest_force_pickup, capability=FORCED_PICKUP, profile=strict_survival, allowed=false, reason=DENIED_STRICT_SURVIVAL}
[23:46:37] [Server thread/WARN]: [AIBot] PERCEPTION event=snapshot_slow bot=Bob {elapsed_ms=17}
[23:46:37] [Server thread/INFO]: [AIBot] ACTION event=fake_player_step bot=Bob {from=class_2338{x=572, y=63, z=157}, to=class_2338{x=571, y=62, z=157}, reason=path_drop_down}
[23:46:37] [Server thread/INFO]: [AIBot] ACTION event=fake_player_step bot=Bob {from=class_2338{x=571, y=62, z=157}, to=class_2338{x=572, y=63, z=157}, reason=navsafe_water_rescue}
[23:46:37] [Server thread/INFO]: [AIBot] DANGER event=navsafe_water_step bot=Bob {air=300, hp=20.0, pos=571,62,157}
[23:46:37] [Server thread/INFO]: [AIBot] PROFILE event=profile_slow_section bot=- {elapsed_ms=149.04, bot=Bob, section=task_tick}
[23:46:37] [Server thread/INFO]: [AIBot] ACTION event=mine_start bot=Bob {pos=572,62,157, face=up}
[23:46:37] [Server thread/WARN]: [AIBot] PERCEPTION event=snapshot_slow bot=Bob {elapsed_ms=17}
[23:46:38] [Server thread/INFO]: [AIBot] ACTION event=mine_complete bot=Bob {}
[23:46:38] [Server thread/WARN]: [AIBot] PERCEPTION event=snapshot_slow bot=Bob {elapsed_ms=15}
[23:46:38] [Server thread/INFO]: [AIBot] ACTION event=gather_pickup_origin_approach bot=Bob {origin=572, 62, 157, from=572, 62, 157}
[23:46:38] [Server thread/INFO]: [AIBot] ACTION event=fake_player_step bot=Bob {from=class_2338{x=572, y=62, z=157}, to=class_2338{x=573, y=63, z=157}, reason=navsafe_water_rescue}
[23:46:38] [Server thread/INFO]: [AIBot] PROFILE event=profile_slow_section bot=- {elapsed_ms=125.07, bot=Bob, section=task_tick}
[23:46:38] [Server thread/INFO]: [AIBot] ACTION event=mine_start bot=Bob {pos=573,62,157, face=up}
[23:46:38] [Server thread/WARN]: [AIBot] PERCEPTION event=snapshot_slow bot=Bob {elapsed_ms=13}
[23:46:38] [Server thread/INFO]: [AIBot] ACTION event=capability_decision bot=Bob {context=diagnostic_nearby, capability=HIDDEN_BLOCK_SCAN, profile=strict_survival, allowed=false, reason=DENIED_STRICT_SURVIVAL}
[23:46:38] [Server thread/INFO]: [AIBot] ACTION event=diag_snapshot bot=Bob {on_ground=true, hp=20.0/20.0, mining_idle=false, nearby=animals=0 hostiles=0, inv=minecraft:stone_axex1 minecraft:wooden_swordx1 minecraft:crafting_tablex1 minecraft:stickx2 minecraft:wooden_pickaxex1 minecraft:wooden_axex1 minecraft:cobblestonex11 minecraft:stone_pickaxex1 minecraft:cherry_planksx1 minecraft:eggx1 minecraft:stone_swordx1 minecraft:raw_ironx2 minecraft:oak_logx1, path_idle=true, food=19, air=300, mode=survival, task=gather, task_progress=0.7, goal=none, task_phase=HARVEST, in_lava=false, step=, light=9, submerged=false, task_state=RUNNING, held=minecraft:stone_pickaxex1, fall=0.0, pos=573,63,157}
[23:46:39] [Server thread/INFO]: [AIBot] ACTION event=mine_complete bot=Bob {}
[23:46:39] [Server thread/WARN]: [AIBot] PERCEPTION event=snapshot_slow bot=Bob {elapsed_ms=19}
[23:46:39] [Server thread/INFO]: [AIBot] PROFILE event=profile_slow_section bot=- {elapsed_ms=124.55, bot=Bob, section=task_tick}
[23:46:39] [Server thread/INFO]: [AIBot] ACTION event=mine_start bot=Bob {pos=573,62,156, face=up}
[23:46:39] [Server thread/INFO]: [AIBot] ACTION event=fake_player_step bot=Bob {from=class_2338{x=573, y=62, z=157}, to=class_2338{x=573, y=63, z=156}, reason=navsafe_water_rescue}
[23:46:39] [Server thread/INFO]: [AIBot] PROFILE event=profile_slow_section bot=- {elapsed_ms=165.71, bot=Bob, section=task_tick}
[23:46:39] [Server thread/INFO]: [AIBot] ACTION event=mine_start bot=Bob {pos=573,62,155, face=up}
[23:46:39] [Server thread/INFO]: [AIBot] PROFILE event=tps_guard_state bot=- {avg_tick_ms=55.52, degraded=true, estimated_tps=18.01}
[23:46:39] [Server thread/INFO]: [AIBot] PROFILE event=tps_guard_state bot=- {avg_tick_ms=53.66, degraded=false, estimated_tps=18.64}
[23:46:39] [Server thread/WARN]: [AIBot] PERCEPTION event=snapshot_slow bot=Bob {elapsed_ms=22}
[23:46:40] [Server thread/INFO]: [AIBot] ACTION event=mine_complete bot=Bob {}
[23:46:40] [Server thread/INFO]: [AIBot] ACTION event=gather_pickup_origin_approach bot=Bob {origin=573, 62, 155, from=573, 63, 156}
[23:46:40] [Server thread/WARN]: [AIBot] PERCEPTION event=snapshot_slow bot=Bob {elapsed_ms=12}
[23:46:40] [Server thread/INFO]: [AIBot] ACTION event=fake_player_step bot=Bob {from=class_2338{x=573, y=63, z=156}, to=class_2338{x=573, y=62, z=155}, reason=path_drop_down}
[23:46:40] [Server thread/INFO]: [AIBot] ACTION event=fake_player_pickup_nudge bot=Bob {reason=physical_drop_pickup, anchor=class_2338{x=573, y=62, z=155}}
[23:46:40] [Server thread/INFO]: [AIBot] ACTION event=fake_player_pickup_nudge bot=Bob {reason=physical_drop_pickup, anchor=class_2338{x=573, y=62, z=155}}
[23:46:40] [Server thread/WARN]: [AIBot] PERCEPTION event=snapshot_slow bot=Bob {elapsed_ms=13}
[23:46:40] [Server thread/INFO]: [AIBot] ACTION event=diag_snapshot bot=Bob {on_ground=false, hp=20.0/20.0, mining_idle=true, nearby=animals=0 hostiles=0, inv=minecraft:stone_axex1 minecraft:wooden_swordx1 minecraft:crafting_tablex1 minecraft:stickx2 minecraft:wooden_pickaxex1 minecraft:wooden_axex1 minecraft:cobblestonex13 minecraft:stone_pickaxex1 minecraft:cherry_planksx1 minecraft:eggx1 minecraft:stone_swordx1 minecraft:raw_ironx2 minecraft:oak_logx1, path_idle=true, food=19, air=300, mode=survival, task=gather, task_progress=0.8, goal=none, task_phase=SURVEY, in_lava=false, step=, light=8, submerged=false, task_state=RUNNING, held=minecraft:stone_pickaxex1, fall=0.0, pos=573,62,155}
[23:46:40] [Server thread/INFO]: [AIBot] ACTION event=capability_decision bot=Bob {context=harvest_nearest_blocks, capability=HIDDEN_BLOCK_SCAN, profile=strict_survival, allowed=false, reason=DENIED_STRICT_SURVIVAL}
[23:46:40] [Server thread/INFO]: [AIBot] PROFILE event=profile_slow_section bot=- {elapsed_ms=127.78, bot=Bob, section=task_tick}
[23:46:40] [Server thread/INFO]: [AIBot] ACTION event=mine_start bot=Bob {pos=573,62,154, face=up}
[23:46:41] [Server thread/WARN]: [AIBot] PERCEPTION event=snapshot_slow bot=Bob {elapsed_ms=17}
[23:46:41] [Server thread/INFO]: [AIBot] ACTION event=mine_complete bot=Bob {}
[23:46:41] [Server thread/INFO]: [AIBot] ACTION event=gather_pickup_origin_approach bot=Bob {origin=573, 62, 154, from=573, 62, 155}
[23:46:41] [Server thread/INFO]: [AIBot] ACTION event=capability_decision bot=Bob {context=observable_block_query, capability=HIDDEN_BLOCK_SCAN, profile=strict_survival, allowed=false, reason=DENIED_STRICT_SURVIVAL}
[23:46:41] [Server thread/INFO]: [AIBot] ACTION event=capability_decision bot=Bob {context=perception_snapshot, capability=HIDDEN_BLOCK_SCAN, profile=strict_survival, allowed=false, reason=DENIED_STRICT_SURVIVAL}
[23:46:41] [Server thread/WARN]: [AIBot] PERCEPTION event=snapshot_slow bot=Bob {elapsed_ms=13}
[23:46:41] [Server thread/INFO]: [AIBot] ACTION event=fake_player_pickup_nudge bot=Bob {reason=physical_drop_pickup, anchor=class_2338{x=573, y=62, z=154}}
[23:46:41] [Server thread/INFO]: [AIBot] ACTION event=capability_decision bot=Bob {context=observable_entity_query, capability=HIDDEN_BLOCK_SCAN, profile=strict_survival, allowed=false, reason=DENIED_STRICT_SURVIVAL}
[23:46:42] [Server thread/INFO]: [AIBot] PROFILE event=profile_slow_section bot=- {elapsed_ms=138.60, bot=Bob, section=task_tick}
[23:46:42] [Server thread/INFO]: [AIBot] ACTION event=capability_decision bot=Bob {context=observable_cell_query, capability=HIDDEN_BLOCK_SCAN, profile=strict_survival, allowed=false, reason=DENIED_STRICT_SURVIVAL}
[23:46:42] [Server thread/INFO]: [AIBot] ACTION event=mine_start bot=Bob {pos=572,62,154, face=up}
[23:46:42] [Server thread/WARN]: [AIBot] PERCEPTION event=snapshot_slow bot=Bob {elapsed_ms=14}
[23:46:42] [Server thread/INFO]: [AIBot] ACTION event=mine_complete bot=Bob {}
[23:46:42] [Server thread/INFO]: [AIBot] ACTION event=capability_decision bot=Bob {context=harvest_force_pickup, capability=FORCED_PICKUP, profile=strict_survival, allowed=false, reason=DENIED_STRICT_SURVIVAL}
[23:46:42] [Server thread/INFO]: [AIBot] ACTION event=fake_player_pickup_nudge bot=Bob {reason=physical_drop_pickup, anchor=class_2338{x=573, y=62, z=154}}
[23:46:42] [Server thread/INFO]: [AIBot] ACTION event=gather_pickup_origin_approach bot=Bob {origin=572, 62, 154, from=573, 62, 154}
[23:46:42] [Server thread/INFO]: [AIBot] ACTION event=fake_player_pickup_nudge bot=Bob {reason=physical_drop_pickup, anchor=class_2338{x=573, y=62, z=154}}
[23:46:42] [Server thread/WARN]: [AIBot] PERCEPTION event=snapshot_slow bot=Bob {elapsed_ms=22}
[23:46:42] [Server thread/INFO]: [AIBot] ACTION event=diag_snapshot bot=Bob {on_ground=true, hp=20.0/20.0, mining_idle=true, nearby=animals=0 hostiles=0, inv=minecraft:stone_axex1 minecraft:wooden_swordx1 minecraft:crafting_tablex1 minecraft:stickx2 minecraft:wooden_pickaxex1 minecraft:wooden_axex1 minecraft:cobblestonex14 minecraft:stone_pickaxex1 minecraft:cherry_planksx1 minecraft:eggx1 minecraft:stone_swordx1 minecraft:raw_ironx2 minecraft:oak_logx1, path_idle=true, food=19, air=300, mode=survival, task=gather, task_progress=0.9, goal=none, task_phase=PICKUP, in_lava=false, step=, light=8, submerged=false, task_state=RUNNING, held=minecraft:stone_pickaxex1, fall=0.0, pos=573,62,154}
[23:46:42] [Server thread/INFO]: [AIBot] ACTION event=fake_player_pickup_nudge bot=Bob {reason=physical_drop_pickup, anchor=class_2338{x=573, y=62, z=154}}
[23:46:42] [Server thread/INFO]: [AIBot] ACTION event=fake_player_pickup_nudge bot=Bob {reason=physical_drop_pickup, anchor=class_2338{x=573, y=62, z=154}}
[23:46:42] [Server thread/INFO]: [AIBot] ACTION event=fake_player_pickup_nudge bot=Bob {reason=physical_drop_pickup, anchor=class_2338{x=573, y=62, z=154}}
[23:46:43] [Server thread/INFO]: [AIBot] PROFILE event=profile_slow_section bot=- {elapsed_ms=89.84, bot=Bob, section=task_tick}
[23:46:43] [Server thread/INFO]: [AIBot] ACTION event=mine_start bot=Bob {pos=574,62,154, face=west}
[23:46:43] [Server thread/INFO]: [AIBot] ACTION event=mine_complete bot=Bob {}
[23:46:43] [Server thread/INFO]: [AIBot] ACTION event=gather_pickup_origin_approach bot=Bob {origin=574, 62, 154, from=573, 62, 154}
[23:46:44] [Server thread/INFO]: [AIBot] ACTION event=fake_player_step bot=Bob {from=class_2338{x=573, y=62, z=154}, to=class_2338{x=573, y=63, z=153}, reason=navsafe_water_rescue}
[23:46:44] [Server thread/INFO]: [AIBot] DANGER event=navsafe_water_step bot=Bob {air=300, hp=20.0, pos=573,62,154}
[23:46:44] [Server thread/INFO]: [AIBot] PROFILE event=profile_slow_section bot=- {elapsed_ms=111.78, bot=Bob, section=task_tick}
[23:46:44] [Server thread/INFO]: [AIBot] ACTION event=mine_start bot=Bob {pos=575,62,154, face=up}
[23:46:44] [Server thread/WARN]: [AIBot] PERCEPTION event=snapshot_slow bot=Bob {elapsed_ms=12}
[23:46:44] [Server thread/INFO]: [AIBot] TASK event=task_completed bot=Bob {name=gather, elapsed_ticks=391}
[23:46:44] [Server thread/WARN]: [AIBot] PERCEPTION event=snapshot_slow bot=Bob {elapsed_ms=13}
[23:46:44] [Server thread/INFO]: [AIBot] ACTION event=capability_decision bot=Bob {context=diagnostic_nearby, capability=HIDDEN_BLOCK_SCAN, profile=strict_survival, allowed=false, reason=DENIED_STRICT_SURVIVAL}
[23:46:44] [Server thread/INFO]: [AIBot] ACTION event=diag_snapshot bot=Bob {on_ground=true, hp=20.0/20.0, mining_idle=true, nearby=animals=0 hostiles=0, inv=minecraft:stone_axex1 minecraft:wooden_swordx1 minecraft:crafting_tablex1 minecraft:stickx2 minecraft:wooden_pickaxex1 minecraft:wooden_axex1 minecraft:cobblestonex16 minecraft:stone_pickaxex1 minecraft:cherry_planksx1 minecraft:eggx1 minecraft:stone_swordx1 minecraft:raw_ironx2 minecraft:oak_logx1, path_idle=true, food=19, air=300, mode=survival, task=gather, task_progress=1.0, goal=none, task_phase=DONE, in_lava=false, step=, light=8, submerged=false, task_state=COMPLETED, held=minecraft:stone_pickaxex1, fall=0.0, pos=573,63,153}
[23:46:45] [Server thread/WARN]: [AIBot] PERCEPTION event=snapshot_slow bot=Bob {elapsed_ms=18}
[23:46:45] [Server thread/WARN]: [AIBot] PERCEPTION event=snapshot_slow bot=Bob {elapsed_ms=16}
[23:46:46] [Server thread/WARN]: [AIBot] PERCEPTION event=snapshot_slow bot=Bob {elapsed_ms=13}
[23:46:46] [Server thread/INFO]: [AIBot] ACTION event=capability_decision bot=Bob {context=observable_block_query, capability=HIDDEN_BLOCK_SCAN, profile=strict_survival, allowed=false, reason=DENIED_STRICT_SURVIVAL}
[23:46:46] [Server thread/INFO]: [AIBot] ACTION event=capability_decision bot=Bob {context=perception_snapshot, capability=HIDDEN_BLOCK_SCAN, profile=strict_survival, allowed=false, reason=DENIED_STRICT_SURVIVAL}
[23:46:46] [Server thread/WARN]: [AIBot] PERCEPTION event=snapshot_slow bot=Bob {elapsed_ms=20}
[23:46:46] [Server thread/INFO]: [AIBot] ACTION event=diag_snapshot bot=Bob {on_ground=true, hp=20.0/20.0, mining_idle=true, nearby=animals=0 hostiles=0, inv=minecraft:stone_axex1 minecraft:wooden_swordx1 minecraft:crafting_tablex1 minecraft:stickx2 minecraft:wooden_pickaxex1 minecraft:wooden_axex1 minecraft:cobblestonex16 minecraft:stone_pickaxex1 minecraft:cherry_planksx1 minecraft:eggx1 minecraft:stone_swordx1 minecraft:raw_ironx2 minecraft:oak_logx1, path_idle=true, food=19, air=300, mode=survival, task=gather, task_progress=1.0, goal=none, task_phase=DONE, in_lava=false, step=, light=8, submerged=false, task_state=COMPLETED, held=minecraft:stone_pickaxex1, fall=0.0, pos=573,63,153}
[23:46:46] [Server thread/INFO]: [AIBot] ACTION event=capability_decision bot=Bob {context=observable_cell_query, capability=HIDDEN_BLOCK_SCAN, profile=strict_survival, allowed=false, reason=DENIED_STRICT_SURVIVAL}
[23:46:47] [Server thread/INFO]: [AIBot] ACTION event=capability_decision bot=Bob {context=observable_entity_query, capability=HIDDEN_BLOCK_SCAN, profile=strict_survival, allowed=false, reason=DENIED_STRICT_SURVIVAL}
[23:46:47] [Server thread/WARN]: [AIBot] PERCEPTION event=snapshot_slow bot=Bob {elapsed_ms=12}
[23:46:47] [Server thread/WARN]: [AIBot] PERCEPTION event=snapshot_slow bot=Bob {elapsed_ms=13}
[23:46:48] [Server thread/WARN]: [AIBot] PERCEPTION event=snapshot_slow bot=Bob {elapsed_ms=13}
[23:46:48] [Server thread/WARN]: [AIBot] PERCEPTION event=snapshot_slow bot=Bob {elapsed_ms=11}
[23:46:48] [Server thread/INFO]: [AIBot] ACTION event=diag_snapshot bot=Bob {on_ground=true, hp=20.0/20.0, mining_idle=true, nearby=animals=0 hostiles=0, inv=minecraft:stone_axex1 minecraft:wooden_swordx1 minecraft:crafting_tablex1 minecraft:stickx2 minecraft:wooden_pickaxex1 minecraft:wooden_axex1 minecraft:cobblestonex16 minecraft:stone_pickaxex1 minecraft:cherry_planksx1 minecraft:eggx1 minecraft:stone_swordx1 minecraft:raw_ironx2 minecraft:oak_logx1, path_idle=true, food=19, air=300, mode=survival, task=gather, task_progress=1.0, goal=none, task_phase=DONE, in_lava=false, step=, light=7, submerged=false, task_state=COMPLETED, held=minecraft:stone_pickaxex1, fall=0.0, pos=573,63,153}
[23:46:49] [Server thread/WARN]: [AIBot] PERCEPTION event=snapshot_slow bot=Bob {elapsed_ms=11}
[23:46:49] [Server thread/WARN]: [AIBot] PERCEPTION event=snapshot_slow bot=Bob {elapsed_ms=21}
[23:46:50] [Server thread/WARN]: [AIBot] PERCEPTION event=snapshot_slow bot=Bob {elapsed_ms=11}
[23:46:50] [Server thread/WARN]: [AIBot] PERCEPTION event=snapshot_slow bot=Bob {elapsed_ms=12}
[23:46:50] [Server thread/INFO]: [AIBot] ACTION event=capability_decision bot=Bob {context=diagnostic_nearby, capability=HIDDEN_BLOCK_SCAN, profile=strict_survival, allowed=false, reason=DENIED_STRICT_SURVIVAL}
[23:46:50] [Server thread/INFO]: [AIBot] ACTION event=diag_snapshot bot=Bob {on_ground=true, hp=20.0/20.0, mining_idle=true, nearby=animals=0 hostiles=0, inv=minecraft:stone_axex1 minecraft:wooden_swordx1 minecraft:crafting_tablex1 minecraft:stickx2 minecraft:wooden_pickaxex1 minecraft:wooden_axex1 minecraft:cobblestonex16 minecraft:stone_pickaxex1 minecraft:cherry_planksx1 minecraft:eggx1 minecraft:stone_swordx1 minecraft:raw_ironx2 minecraft:oak_logx1, path_idle=true, food=19, air=300, mode=survival, task=gather, task_progress=1.0, goal=none, task_phase=DONE, in_lava=false, step=, light=7, submerged=false, task_state=COMPLETED, held=minecraft:stone_pickaxex1, fall=0.0, pos=573,63,153}
[23:46:51] [Server thread/WARN]: [AIBot] PERCEPTION event=snapshot_slow bot=Bob {elapsed_ms=15}
[23:46:51] [Server thread/INFO]: [AIBot] ACTION event=capability_decision bot=Bob {context=observable_block_query, capability=HIDDEN_BLOCK_SCAN, profile=strict_survival, allowed=false, reason=DENIED_STRICT_SURVIVAL}
[23:46:51] [Server thread/INFO]: [AIBot] ACTION event=capability_decision bot=Bob {context=perception_snapshot, capability=HIDDEN_BLOCK_SCAN, profile=strict_survival, allowed=false, reason=DENIED_STRICT_SURVIVAL}
[23:46:51] [Server thread/WARN]: [AIBot] PERCEPTION event=snapshot_slow bot=Bob {elapsed_ms=19}
[23:46:51] [Server thread/INFO]: [AIBot] ACTION event=capability_decision bot=Bob {context=observable_cell_query, capability=HIDDEN_BLOCK_SCAN, profile=strict_survival, allowed=false, reason=DENIED_STRICT_SURVIVAL}
[23:46:52] [Server thread/INFO]: [AIBot] ACTION event=capability_decision bot=Bob {context=observable_entity_query, capability=HIDDEN_BLOCK_SCAN, profile=strict_survival, allowed=false, reason=DENIED_STRICT_SURVIVAL}
[23:46:52] [Server thread/WARN]: [AIBot] PERCEPTION event=snapshot_slow bot=Bob {elapsed_ms=19}
[23:46:52] [Server thread/WARN]: [AIBot] PERCEPTION event=snapshot_slow bot=Bob {elapsed_ms=15}
[23:46:52] [Server thread/INFO]: [AIBot] ACTION event=diag_snapshot bot=Bob {on_ground=true, hp=20.0/20.0, mining_idle=true, nearby=animals=0 hostiles=0, inv=minecraft:stone_axex1 minecraft:wooden_swordx1 minecraft:crafting_tablex1 minecraft:stickx2 minecraft:wooden_pickaxex1 minecraft:wooden_axex1 minecraft:cobblestonex16 minecraft:stone_pickaxex1 minecraft:cherry_planksx1 minecraft:eggx1 minecraft:stone_swordx1 minecraft:raw_ironx2 minecraft:oak_logx1, path_idle=true, food=19, air=300, mode=survival, task=gather, task_progress=1.0, goal=none, task_phase=DONE, in_lava=false, step=, light=7, submerged=false, task_state=COMPLETED, held=minecraft:stone_pickaxex1, fall=0.0, pos=573,63,153}
[23:46:53] [Server thread/WARN]: [AIBot] PERCEPTION event=snapshot_slow bot=Bob {elapsed_ms=11}
[23:46:54] [Server thread/WARN]: [AIBot] PERCEPTION event=snapshot_slow bot=Bob {elapsed_ms=14}
[23:46:54] [Server thread/WARN]: [AIBot] PERCEPTION event=snapshot_slow bot=Bob {elapsed_ms=18}
[23:46:54] [Server thread/INFO]: [AIBot] ACTION event=diag_snapshot bot=Bob {on_ground=true, hp=20.0/20.0, mining_idle=true, nearby=animals=0 hostiles=0, inv=minecraft:stone_axex1 minecraft:wooden_swordx1 minecraft:crafting_tablex1 minecraft:stickx2 minecraft:wooden_pickaxex1 minecraft:wooden_axex1 minecraft:cobblestonex16 minecraft:stone_pickaxex1 minecraft:cherry_planksx1 minecraft:eggx1 minecraft:stone_swordx1 minecraft:raw_ironx2 minecraft:oak_logx1, path_idle=true, food=19, air=300, mode=survival, task=gather, task_progress=1.0, goal=none, task_phase=DONE, in_lava=false, step=, light=7, submerged=false, task_state=COMPLETED, held=minecraft:stone_pickaxex1, fall=0.0, pos=573,63,153}
[23:46:55] [Server thread/WARN]: [AIBot] PERCEPTION event=snapshot_slow bot=Bob {elapsed_ms=18}
[23:46:55] [Server thread/WARN]: [AIBot] PERCEPTION event=snapshot_slow bot=Bob {elapsed_ms=14}
[23:46:56] [Server thread/WARN]: [AIBot] PERCEPTION event=snapshot_slow bot=Bob {elapsed_ms=12}
[23:46:56] [Server thread/INFO]: [AIBot] ACTION event=capability_decision bot=Bob {context=observable_block_query, capability=HIDDEN_BLOCK_SCAN, profile=strict_survival, allowed=false, reason=DENIED_STRICT_SURVIVAL}
[23:46:56] [Server thread/INFO]: [AIBot] ACTION event=capability_decision bot=Bob {context=perception_snapshot, capability=HIDDEN_BLOCK_SCAN, profile=strict_survival, allowed=false, reason=DENIED_STRICT_SURVIVAL}
[23:46:56] [Server thread/WARN]: [AIBot] PERCEPTION event=snapshot_slow bot=Bob {elapsed_ms=13}
[23:46:56] [Server thread/INFO]: [AIBot] ACTION event=capability_decision bot=Bob {context=diagnostic_nearby, capability=HIDDEN_BLOCK_SCAN, profile=strict_survival, allowed=false, reason=DENIED_STRICT_SURVIVAL}
[23:46:56] [Server thread/INFO]: [AIBot] ACTION event=diag_snapshot bot=Bob {on_ground=true, hp=20.0/20.0, mining_idle=true, nearby=animals=0 hostiles=0, inv=minecraft:stone_axex1 minecraft:wooden_swordx1 minecraft:crafting_tablex1 minecraft:stickx2 minecraft:wooden_pickaxex1 minecraft:wooden_axex1 minecraft:cobblestonex16 minecraft:stone_pickaxex1 minecraft:cherry_planksx1 minecraft:eggx1 minecraft:stone_swordx1 minecraft:raw_ironx2 minecraft:oak_logx1, path_idle=true, food=19, air=300, mode=survival, task=gather, task_progress=1.0, goal=none, task_phase=DONE, in_lava=false, step=, light=6, submerged=false, task_state=COMPLETED, held=minecraft:stone_pickaxex1, fall=0.0, pos=573,63,153}
[23:46:56] [Server thread/INFO]: [AIBot] ACTION event=capability_decision bot=Bob {context=observable_cell_query, capability=HIDDEN_BLOCK_SCAN, profile=strict_survival, allowed=false, reason=DENIED_STRICT_SURVIVAL}
[23:46:57] [Server thread/INFO]: [AIBot] ACTION event=capability_decision bot=Bob {context=observable_entity_query, capability=HIDDEN_BLOCK_SCAN, profile=strict_survival, allowed=false, reason=DENIED_STRICT_SURVIVAL}
[23:46:57] [Server thread/WARN]: [AIBot] PERCEPTION event=snapshot_slow bot=Bob {elapsed_ms=13}
[23:46:57] [Server thread/WARN]: [AIBot] PERCEPTION event=snapshot_slow bot=Bob {elapsed_ms=11}
[23:46:58] [Server thread/WARN]: [AIBot] PERCEPTION event=snapshot_slow bot=Bob {elapsed_ms=16}
[23:46:58] [Server thread/INFO]: [AIBot] ACTION event=diag_snapshot bot=Bob {on_ground=true, hp=20.0/20.0, mining_idle=true, nearby=animals=0 hostiles=0, inv=minecraft:stone_axex1 minecraft:wooden_swordx1 minecraft:crafting_tablex1 minecraft:stickx2 minecraft:wooden_pickaxex1 minecraft:wooden_axex1 minecraft:cobblestonex16 minecraft:stone_pickaxex1 minecraft:cherry_planksx1 minecraft:eggx1 minecraft:stone_swordx1 minecraft:raw_ironx2 minecraft:oak_logx1, path_idle=true, food=19, air=300, mode=survival, task=gather, task_progress=1.0, goal=none, task_phase=DONE, in_lava=false, step=, light=6, submerged=false, task_state=COMPLETED, held=minecraft:stone_pickaxex1, fall=0.0, pos=573,63,153}
[23:46:59] [Server thread/WARN]: [AIBot] PERCEPTION event=snapshot_slow bot=Bob {elapsed_ms=18}
[23:46:59] [Server thread/WARN]: [AIBot] PERCEPTION event=snapshot_slow bot=Bob {elapsed_ms=18}
[23:47:00] [Server thread/WARN]: [AIBot] PERCEPTION event=snapshot_slow bot=Bob {elapsed_ms=13}
[23:47:00] [Server thread/INFO]: [AIBot] ACTION event=diag_snapshot bot=Bob {on_ground=true, hp=20.0/20.0, mining_idle=true, nearby=animals=0 hostiles=0, inv=minecraft:stone_axex1 minecraft:wooden_swordx1 minecraft:crafting_tablex1 minecraft:stickx2 minecraft:wooden_pickaxex1 minecraft:wooden_axex1 minecraft:cobblestonex16 minecraft:stone_pickaxex1 minecraft:cherry_planksx1 minecraft:eggx1 minecraft:stone_swordx1 minecraft:raw_ironx2 minecraft:oak_logx1, path_idle=true, food=19, air=300, mode=survival, task=gather, task_progress=1.0, goal=none, task_phase=DONE, in_lava=false, step=, light=6, submerged=false, task_state=COMPLETED, held=minecraft:stone_pickaxex1, fall=0.0, pos=573,63,153}
[23:47:01] [Server thread/INFO]: [AIBot] ACTION event=capability_decision bot=Bob {context=observable_block_query, capability=HIDDEN_BLOCK_SCAN, profile=strict_survival, allowed=false, reason=DENIED_STRICT_SURVIVAL}
[23:47:01] [Server thread/INFO]: [AIBot] ACTION event=capability_decision bot=Bob {context=perception_snapshot, capability=HIDDEN_BLOCK_SCAN, profile=strict_survival, allowed=false, reason=DENIED_STRICT_SURVIVAL}
[23:47:01] [Server thread/INFO]: [AIBot] ACTION event=capability_decision bot=Bob {context=observable_cell_query, capability=HIDDEN_BLOCK_SCAN, profile=strict_survival, allowed=false, reason=DENIED_STRICT_SURVIVAL}
[23:47:02] [Server thread/INFO]: [AIBot] ACTION event=capability_decision bot=Bob {context=observable_entity_query, capability=HIDDEN_BLOCK_SCAN, profile=strict_survival, allowed=false, reason=DENIED_STRICT_SURVIVAL}
[23:47:02] [Server thread/WARN]: [AIBot] PERCEPTION event=snapshot_slow bot=Bob {elapsed_ms=17}
[23:47:02] [Server thread/INFO]: [AIBot] ACTION event=capability_decision bot=Bob {context=diagnostic_nearby, capability=HIDDEN_BLOCK_SCAN, profile=strict_survival, allowed=false, reason=DENIED_STRICT_SURVIVAL}
[23:47:02] [Server thread/INFO]: [AIBot] ACTION event=diag_snapshot bot=Bob {on_ground=true, hp=20.0/20.0, mining_idle=true, nearby=animals=0 hostiles=0, inv=minecraft:stone_axex1 minecraft:wooden_swordx1 minecraft:crafting_tablex1 minecraft:stickx2 minecraft:wooden_pickaxex1 minecraft:wooden_axex1 minecraft:cobblestonex16 minecraft:stone_pickaxex1 minecraft:cherry_planksx1 minecraft:eggx1 minecraft:stone_swordx1 minecraft:raw_ironx2 minecraft:oak_logx1, path_idle=true, food=19, air=300, mode=survival, task=gather, task_progress=1.0, goal=none, task_phase=DONE, in_lava=false, step=, light=6, submerged=false, task_state=COMPLETED, held=minecraft:stone_pickaxex1, fall=0.0, pos=573,63,153}
[23:47:03] [Server thread/WARN]: [AIBot] PERCEPTION event=snapshot_slow bot=Bob {elapsed_ms=14}
[23:47:03] [Server thread/WARN]: [AIBot] PERCEPTION event=snapshot_slow bot=Bob {elapsed_ms=11}
[23:47:04] [Server thread/INFO]: [AIBot] ACTION event=diag_snapshot bot=Bob {on_ground=true, hp=20.0/20.0, mining_idle=true, nearby=animals=0 hostiles=0, inv=minecraft:stone_axex1 minecraft:wooden_swordx1 minecraft:crafting_tablex1 minecraft:stickx2 minecraft:wooden_pickaxex1 minecraft:wooden_axex1 minecraft:cobblestonex16 minecraft:stone_pickaxex1 minecraft:cherry_planksx1 minecraft:eggx1 minecraft:stone_swordx1 minecraft:raw_ironx2 minecraft:oak_logx1, path_idle=true, food=19, air=300, mode=survival, task=gather, task_progress=1.0, goal=none, task_phase=DONE, in_lava=false, step=, light=5, submerged=false, task_state=COMPLETED, held=minecraft:stone_pickaxex1, fall=0.0, pos=573,63,153}
[23:47:05] [Server thread/WARN]: [AIBot] PERCEPTION event=snapshot_slow bot=Bob {elapsed_ms=13}
[23:47:06] [Server thread/WARN]: [AIBot] PERCEPTION event=snapshot_slow bot=Bob {elapsed_ms=13}
[23:47:06] [Server thread/INFO]: [AIBot] LIFECYCLE event=mixin_alive bot=- {server_tick=4800}
[23:47:06] [Server thread/INFO]: [AIBot] ACTION event=capability_decision bot=Bob {context=observable_block_query, capability=HIDDEN_BLOCK_SCAN, profile=strict_survival, allowed=false, reason=DENIED_STRICT_SURVIVAL}
[23:47:06] [Server thread/INFO]: [AIBot] ACTION event=capability_decision bot=Bob {context=perception_snapshot, capability=HIDDEN_BLOCK_SCAN, profile=strict_survival, allowed=false, reason=DENIED_STRICT_SURVIVAL}
[23:47:06] [Server thread/WARN]: [AIBot] PERCEPTION event=snapshot_slow bot=Bob {elapsed_ms=13}
[23:47:06] [Server thread/INFO]: [AIBot] ACTION event=diag_snapshot bot=Bob {on_ground=true, hp=20.0/20.0, mining_idle=true, nearby=animals=0 hostiles=0, inv=minecraft:stone_axex1 minecraft:wooden_swordx1 minecraft:crafting_tablex1 minecraft:stickx2 minecraft:wooden_pickaxex1 minecraft:wooden_axex1 minecraft:cobblestonex16 minecraft:stone_pickaxex1 minecraft:cherry_planksx1 minecraft:eggx1 minecraft:stone_swordx1 minecraft:raw_ironx2 minecraft:oak_logx1, path_idle=true, food=19, air=300, mode=survival, task=gather, task_progress=1.0, goal=none, task_phase=DONE, in_lava=false, step=, light=5, submerged=false, task_state=COMPLETED, held=minecraft:stone_pickaxex1, fall=0.0, pos=573,63,153}
[23:47:06] [Server thread/INFO]: [AIBot] ACTION event=capability_decision bot=Bob {context=observable_cell_query, capability=HIDDEN_BLOCK_SCAN, profile=strict_survival, allowed=false, reason=DENIED_STRICT_SURVIVAL}
[23:47:07] [Server thread/INFO]: [AIBot] ACTION event=capability_decision bot=Bob {context=observable_entity_query, capability=HIDDEN_BLOCK_SCAN, profile=strict_survival, allowed=false, reason=DENIED_STRICT_SURVIVAL}
[23:47:07] [Server thread/WARN]: [AIBot] PERCEPTION event=snapshot_slow bot=Bob {elapsed_ms=13}
[23:47:07] [Server thread/WARN]: [AIBot] PERCEPTION event=snapshot_slow bot=Bob {elapsed_ms=11}
[23:47:08] [Server thread/WARN]: [AIBot] PERCEPTION event=snapshot_slow bot=Bob {elapsed_ms=14}
[23:47:08] [Server thread/WARN]: [AIBot] PERCEPTION event=snapshot_slow bot=Bob {elapsed_ms=12}
[23:47:08] [Server thread/INFO]: [AIBot] ACTION event=capability_decision bot=Bob {context=diagnostic_nearby, capability=HIDDEN_BLOCK_SCAN, profile=strict_survival, allowed=false, reason=DENIED_STRICT_SURVIVAL}
[23:47:08] [Server thread/INFO]: [AIBot] ACTION event=diag_snapshot bot=Bob {on_ground=true, hp=20.0/20.0, mining_idle=true, nearby=animals=0 hostiles=0, inv=minecraft:stone_axex1 minecraft:wooden_swordx1 minecraft:crafting_tablex1 minecraft:stickx2 minecraft:wooden_pickaxex1 minecraft:wooden_axex1 minecraft:cobblestonex16 minecraft:stone_pickaxex1 minecraft:cherry_planksx1 minecraft:eggx1 minecraft:stone_swordx1 minecraft:raw_ironx2 minecraft:oak_logx1, path_idle=true, food=19, air=300, mode=survival, task=gather, task_progress=1.0, goal=none, task_phase=DONE, in_lava=false, step=, light=5, submerged=false, task_state=COMPLETED, held=minecraft:stone_pickaxex1, fall=0.0, pos=573,63,153}
[23:47:09] [Server thread/WARN]: [AIBot] PERCEPTION event=snapshot_slow bot=Bob {elapsed_ms=12}
[23:47:09] [Server thread/WARN]: [AIBot] PERCEPTION event=snapshot_slow bot=Bob {elapsed_ms=11}
[23:47:10] [Server thread/WARN]: [AIBot] PERCEPTION event=snapshot_slow bot=Bob {elapsed_ms=11}
[23:47:10] [Server thread/WARN]: [AIBot] PERCEPTION event=snapshot_slow bot=Bob {elapsed_ms=13}
[23:47:10] [Server thread/INFO]: [AIBot] ACTION event=diag_snapshot bot=Bob {on_ground=true, hp=20.0/20.0, mining_idle=true, nearby=animals=0 hostiles=0, inv=minecraft:stone_axex1 minecraft:wooden_swordx1 minecraft:crafting_tablex1 minecraft:stickx2 minecraft:wooden_pickaxex1 minecraft:wooden_axex1 minecraft:cobblestonex16 minecraft:stone_pickaxex1 minecraft:cherry_planksx1 minecraft:eggx1 minecraft:stone_swordx1 minecraft:raw_ironx2 minecraft:oak_logx1, path_idle=true, food=19, air=300, mode=survival, task=gather, task_progress=1.0, goal=none, task_phase=DONE, in_lava=false, step=, light=5, submerged=false, task_state=COMPLETED, held=minecraft:stone_pickaxex1, fall=0.0, pos=573,63,153}
[23:47:11] [Server thread/WARN]: [AIBot] PERCEPTION event=snapshot_slow bot=Bob {elapsed_ms=31}
[23:47:11] [Server thread/INFO]: [AIBot] ACTION event=capability_decision bot=Bob {context=observable_block_query, capability=HIDDEN_BLOCK_SCAN, profile=strict_survival, allowed=false, reason=DENIED_STRICT_SURVIVAL}
[23:47:11] [Server thread/INFO]: [AIBot] ACTION event=capability_decision bot=Bob {context=perception_snapshot, capability=HIDDEN_BLOCK_SCAN, profile=strict_survival, allowed=false, reason=DENIED_STRICT_SURVIVAL}
[23:47:11] [Server thread/WARN]: [AIBot] PERCEPTION event=snapshot_slow bot=Bob {elapsed_ms=11}
[23:47:11] [Server thread/INFO]: [AIBot] ACTION event=capability_decision bot=Bob {context=observable_cell_query, capability=HIDDEN_BLOCK_SCAN, profile=strict_survival, allowed=false, reason=DENIED_STRICT_SURVIVAL}
[23:47:12] [Server thread/INFO]: [AIBot] ACTION event=capability_decision bot=Bob {context=observable_entity_query, capability=HIDDEN_BLOCK_SCAN, profile=strict_survival, allowed=false, reason=DENIED_STRICT_SURVIVAL}
[23:47:12] [Server thread/WARN]: [AIBot] PERCEPTION event=snapshot_slow bot=Bob {elapsed_ms=13}
[23:47:12] [Server thread/WARN]: [AIBot] PERCEPTION event=snapshot_slow bot=Bob {elapsed_ms=19}
[23:47:12] [Server thread/INFO]: [AIBot] ACTION event=diag_snapshot bot=Bob {on_ground=true, hp=20.0/20.0, mining_idle=true, nearby=animals=0 hostiles=0, inv=minecraft:stone_axex1 minecraft:wooden_swordx1 minecraft:crafting_tablex1 minecraft:stickx2 minecraft:wooden_pickaxex1 minecraft:wooden_axex1 minecraft:cobblestonex16 minecraft:stone_pickaxex1 minecraft:cherry_planksx1 minecraft:eggx1 minecraft:stone_swordx1 minecraft:raw_ironx2 minecraft:oak_logx1, path_idle=true, food=19, air=300, mode=survival, task=gather, task_progress=1.0, goal=none, task_phase=DONE, in_lava=false, step=, light=4, submerged=false, task_state=COMPLETED, held=minecraft:stone_pickaxex1, fall=0.0, pos=573,63,153}
[23:47:13] [Server thread/WARN]: [AIBot] PERCEPTION event=snapshot_slow bot=Bob {elapsed_ms=21}
[23:47:13] [Server thread/WARN]: [AIBot] PERCEPTION event=snapshot_slow bot=Bob {elapsed_ms=11}
[23:47:14] [Server thread/WARN]: [AIBot] PERCEPTION event=snapshot_slow bot=Bob {elapsed_ms=12}
[23:47:14] [Server thread/WARN]: [AIBot] PERCEPTION event=snapshot_slow bot=Bob {elapsed_ms=11}
[23:47:14] [Server thread/INFO]: [AIBot] ACTION event=capability_decision bot=Bob {context=diagnostic_nearby, capability=HIDDEN_BLOCK_SCAN, profile=strict_survival, allowed=false, reason=DENIED_STRICT_SURVIVAL}
[23:47:14] [Server thread/INFO]: [AIBot] ACTION event=diag_snapshot bot=Bob {on_ground=true, hp=20.0/20.0, mining_idle=true, nearby=animals=0 hostiles=0, inv=minecraft:stone_axex1 minecraft:wooden_swordx1 minecraft:crafting_tablex1 minecraft:stickx2 minecraft:wooden_pickaxex1 minecraft:wooden_axex1 minecraft:cobblestonex16 minecraft:stone_pickaxex1 minecraft:cherry_planksx1 minecraft:eggx1 minecraft:stone_swordx1 minecraft:raw_ironx2 minecraft:oak_logx1, path_idle=true, food=19, air=300, mode=survival, task=gather, task_progress=1.0, goal=none, task_phase=DONE, in_lava=false, step=, light=4, submerged=false, task_state=COMPLETED, held=minecraft:stone_pickaxex1, fall=0.0, pos=573,63,153}
[23:47:15] [Server thread/WARN]: [AIBot] PERCEPTION event=snapshot_slow bot=Bob {elapsed_ms=12}
[23:47:15] [Server thread/WARN]: [AIBot] PERCEPTION event=snapshot_slow bot=Bob {elapsed_ms=19}
[23:47:16] [Server thread/WARN]: [AIBot] PERCEPTION event=snapshot_slow bot=Bob {elapsed_ms=17}
[23:47:16] [Server thread/INFO]: [AIBot] ACTION event=capability_decision bot=Bob {context=observable_block_query, capability=HIDDEN_BLOCK_SCAN, profile=strict_survival, allowed=false, reason=DENIED_STRICT_SURVIVAL}
[23:47:16] [Server thread/INFO]: [AIBot] ACTION event=capability_decision bot=Bob {context=perception_snapshot, capability=HIDDEN_BLOCK_SCAN, profile=strict_survival, allowed=false, reason=DENIED_STRICT_SURVIVAL}
[23:47:16] [Server thread/WARN]: [AIBot] PERCEPTION event=snapshot_slow bot=Bob {elapsed_ms=14}
[23:47:16] [Server thread/INFO]: [AIBot] ACTION event=diag_snapshot bot=Bob {on_ground=true, hp=20.0/20.0, mining_idle=true, nearby=animals=0 hostiles=0, inv=minecraft:stone_axex1 minecraft:wooden_swordx1 minecraft:crafting_tablex1 minecraft:stickx2 minecraft:wooden_pickaxex1 minecraft:wooden_axex1 minecraft:cobblestonex16 minecraft:stone_pickaxex1 minecraft:cherry_planksx1 minecraft:eggx1 minecraft:stone_swordx1 minecraft:raw_ironx2 minecraft:oak_logx1, path_idle=true, food=19, air=300, mode=survival, task=gather, task_progress=1.0, goal=none, task_phase=DONE, in_lava=false, step=, light=4, submerged=false, task_state=COMPLETED, held=minecraft:stone_pickaxex1, fall=0.0, pos=573,63,153}
[23:47:16] [Server thread/INFO]: [AIBot] ACTION event=capability_decision bot=Bob {context=observable_cell_query, capability=HIDDEN_BLOCK_SCAN, profile=strict_survival, allowed=false, reason=DENIED_STRICT_SURVIVAL}
[23:47:17] [Server thread/INFO]: [AIBot] ACTION event=capability_decision bot=Bob {context=observable_entity_query, capability=HIDDEN_BLOCK_SCAN, profile=strict_survival, allowed=false, reason=DENIED_STRICT_SURVIVAL}
[23:47:17] [Server thread/WARN]: [AIBot] PERCEPTION event=snapshot_slow bot=Bob {elapsed_ms=20}
[23:47:17] [Server thread/WARN]: [AIBot] PERCEPTION event=snapshot_slow bot=Bob {elapsed_ms=19}
[23:47:18] [Server thread/WARN]: [AIBot] PERCEPTION event=snapshot_slow bot=Bob {elapsed_ms=20}
[23:47:18] [Server thread/WARN]: [AIBot] PERCEPTION event=snapshot_slow bot=Bob {elapsed_ms=20}
[23:47:18] [Server thread/INFO]: [AIBot] ACTION event=diag_snapshot bot=Bob {on_ground=true, hp=20.0/20.0, mining_idle=true, nearby=animals=0 hostiles=0, inv=minecraft:stone_axex1 minecraft:wooden_swordx1 minecraft:crafting_tablex1 minecraft:stickx2 minecraft:wooden_pickaxex1 minecraft:wooden_axex1 minecraft:cobblestonex16 minecraft:stone_pickaxex1 minecraft:cherry_planksx1 minecraft:eggx1 minecraft:stone_swordx1 minecraft:raw_ironx2 minecraft:oak_logx1, path_idle=true, food=19, air=300, mode=survival, task=gather, task_progress=1.0, goal=none, task_phase=DONE, in_lava=false, step=, light=4, submerged=false, task_state=COMPLETED, held=minecraft:stone_pickaxex1, fall=0.0, pos=573,63,153}
[23:47:19] [Server thread/WARN]: [AIBot] PERCEPTION event=snapshot_slow bot=Bob {elapsed_ms=16}
[23:47:19] [Server thread/WARN]: [AIBot] PERCEPTION event=snapshot_slow bot=Bob {elapsed_ms=17}
[23:47:20] [Server thread/WARN]: [AIBot] PERCEPTION event=snapshot_slow bot=Bob {elapsed_ms=13}
[23:47:20] [Server thread/WARN]: [AIBot] PERCEPTION event=snapshot_slow bot=Bob {elapsed_ms=12}
[23:47:20] [Server thread/INFO]: [AIBot] ACTION event=capability_decision bot=Bob {context=diagnostic_nearby, capability=HIDDEN_BLOCK_SCAN, profile=strict_survival, allowed=false, reason=DENIED_STRICT_SURVIVAL}
[23:47:20] [Server thread/INFO]: [AIBot] ACTION event=diag_snapshot bot=Bob {on_ground=true, hp=20.0/20.0, mining_idle=true, nearby=animals=0 hostiles=0, inv=minecraft:stone_axex1 minecraft:wooden_swordx1 minecraft:crafting_tablex1 minecraft:stickx2 minecraft:wooden_pickaxex1 minecraft:wooden_axex1 minecraft:cobblestonex16 minecraft:stone_pickaxex1 minecraft:cherry_planksx1 minecraft:eggx1 minecraft:stone_swordx1 minecraft:raw_ironx2 minecraft:oak_logx1, path_idle=true, food=19, air=300, mode=survival, task=gather, task_progress=1.0, goal=none, task_phase=DONE, in_lava=false, step=, light=4, submerged=false, task_state=COMPLETED, held=minecraft:stone_pickaxex1, fall=0.0, pos=573,63,153}
[23:47:21] [Server thread/WARN]: [AIBot] PERCEPTION event=snapshot_slow bot=Bob {elapsed_ms=18}
[23:47:21] [Server thread/INFO]: [AIBot] ACTION event=capability_decision bot=Bob {context=observable_block_query, capability=HIDDEN_BLOCK_SCAN, profile=strict_survival, allowed=false, reason=DENIED_STRICT_SURVIVAL}
[23:47:21] [Server thread/INFO]: [AIBot] ACTION event=capability_decision bot=Bob {context=perception_snapshot, capability=HIDDEN_BLOCK_SCAN, profile=strict_survival, allowed=false, reason=DENIED_STRICT_SURVIVAL}
[23:47:21] [Server thread/WARN]: [AIBot] PERCEPTION event=snapshot_slow bot=Bob {elapsed_ms=16}
[23:47:21] [Server thread/INFO]: [AIBot] ACTION event=capability_decision bot=Bob {context=observable_cell_query, capability=HIDDEN_BLOCK_SCAN, profile=strict_survival, allowed=false, reason=DENIED_STRICT_SURVIVAL}
[23:47:22] [Server thread/INFO]: [AIBot] ACTION event=capability_decision bot=Bob {context=observable_entity_query, capability=HIDDEN_BLOCK_SCAN, profile=strict_survival, allowed=false, reason=DENIED_STRICT_SURVIVAL}
[23:47:22] [Server thread/WARN]: [AIBot] PERCEPTION event=snapshot_slow bot=Bob {elapsed_ms=12}
[23:47:22] [Server thread/WARN]: [AIBot] PERCEPTION event=snapshot_slow bot=Bob {elapsed_ms=18}
[23:47:22] [Server thread/INFO]: [AIBot] ACTION event=diag_snapshot bot=Bob {on_ground=true, hp=20.0/20.0, mining_idle=true, nearby=animals=0 hostiles=0, inv=minecraft:stone_axex1 minecraft:wooden_swordx1 minecraft:crafting_tablex1 minecraft:stickx2 minecraft:wooden_pickaxex1 minecraft:wooden_axex1 minecraft:cobblestonex16 minecraft:stone_pickaxex1 minecraft:cherry_planksx1 minecraft:eggx1 minecraft:stone_swordx1 minecraft:raw_ironx2 minecraft:oak_logx1, path_idle=true, food=19, air=300, mode=survival, task=gather, task_progress=1.0, goal=none, task_phase=DONE, in_lava=false, step=, light=4, submerged=false, task_state=COMPLETED, held=minecraft:stone_pickaxex1, fall=0.0, pos=573,63,153}
[23:47:23] [Server thread/WARN]: [AIBot] PERCEPTION event=snapshot_slow bot=Bob {elapsed_ms=18}
[23:47:23] [Server thread/WARN]: [AIBot] PERCEPTION event=snapshot_slow bot=Bob {elapsed_ms=13}
[23:47:24] [Server thread/WARN]: [AIBot] PERCEPTION event=snapshot_slow bot=Bob {elapsed_ms=12}
[23:47:24] [Server thread/WARN]: [AIBot] PERCEPTION event=snapshot_slow bot=Bob {elapsed_ms=11}
[23:47:24] [Server thread/INFO]: [AIBot] ACTION event=diag_snapshot bot=Bob {on_ground=true, hp=20.0/20.0, mining_idle=true, nearby=animals=0 hostiles=0, inv=minecraft:stone_axex1 minecraft:wooden_swordx1 minecraft:crafting_tablex1 minecraft:stickx2 minecraft:wooden_pickaxex1 minecraft:wooden_axex1 minecraft:cobblestonex16 minecraft:stone_pickaxex1 minecraft:cherry_planksx1 minecraft:eggx1 minecraft:stone_swordx1 minecraft:raw_ironx2 minecraft:oak_logx1, path_idle=true, food=19, air=300, mode=survival, task=gather, task_progress=1.0, goal=none, task_phase=DONE, in_lava=false, step=, light=4, submerged=false, task_state=COMPLETED, held=minecraft:stone_pickaxex1, fall=0.0, pos=573,63,153}
[23:47:25] [Server thread/WARN]: [AIBot] PERCEPTION event=snapshot_slow bot=Bob {elapsed_ms=12}
[23:47:25] [Server thread/WARN]: [AIBot] PERCEPTION event=snapshot_slow bot=Bob {elapsed_ms=15}
[23:47:26] [Server thread/WARN]: [AIBot] PERCEPTION event=snapshot_slow bot=Bob {elapsed_ms=19}
[23:47:26] [Server thread/INFO]: [AIBot] ACTION event=capability_decision bot=Bob {context=observable_block_query, capability=HIDDEN_BLOCK_SCAN, profile=strict_survival, allowed=false, reason=DENIED_STRICT_SURVIVAL}
[23:47:26] [Server thread/INFO]: [AIBot] ACTION event=capability_decision bot=Bob {context=perception_snapshot, capability=HIDDEN_BLOCK_SCAN, profile=strict_survival, allowed=false, reason=DENIED_STRICT_SURVIVAL}
[23:47:26] [Server thread/WARN]: [AIBot] PERCEPTION event=snapshot_slow bot=Bob {elapsed_ms=19}
[23:47:26] [Server thread/INFO]: [AIBot] ACTION event=capability_decision bot=Bob {context=diagnostic_nearby, capability=HIDDEN_BLOCK_SCAN, profile=strict_survival, allowed=false, reason=DENIED_STRICT_SURVIVAL}
[23:47:26] [Server thread/INFO]: [AIBot] ACTION event=diag_snapshot bot=Bob {on_ground=true, hp=20.0/20.0, mining_idle=true, nearby=animals=0 hostiles=0, inv=minecraft:stone_axex1 minecraft:wooden_swordx1 minecraft:crafting_tablex1 minecraft:stickx2 minecraft:wooden_pickaxex1 minecraft:wooden_axex1 minecraft:cobblestonex16 minecraft:stone_pickaxex1 minecraft:cherry_planksx1 minecraft:eggx1 minecraft:stone_swordx1 minecraft:raw_ironx2 minecraft:oak_logx1, path_idle=true, food=19, air=300, mode=survival, task=gather, task_progress=1.0, goal=none, task_phase=DONE, in_lava=false, step=, light=4, submerged=false, task_state=COMPLETED, held=minecraft:stone_pickaxex1, fall=0.0, pos=573,63,153}
[23:47:26] [Server thread/INFO]: [AIBot] ACTION event=capability_decision bot=Bob {context=observable_cell_query, capability=HIDDEN_BLOCK_SCAN, profile=strict_survival, allowed=false, reason=DENIED_STRICT_SURVIVAL}
[23:47:27] [Server thread/INFO]: [AIBot] ACTION event=capability_decision bot=Bob {context=observable_entity_query, capability=HIDDEN_BLOCK_SCAN, profile=strict_survival, allowed=false, reason=DENIED_STRICT_SURVIVAL}
[23:47:27] [Server thread/WARN]: [AIBot] PERCEPTION event=snapshot_slow bot=Bob {elapsed_ms=20}
[23:47:27] [Server thread/WARN]: [AIBot] PERCEPTION event=snapshot_slow bot=Bob {elapsed_ms=17}
[23:47:28] [Server thread/WARN]: [AIBot] PERCEPTION event=snapshot_slow bot=Bob {elapsed_ms=13}
[23:47:28] [Server thread/WARN]: [AIBot] PERCEPTION event=snapshot_slow bot=Bob {elapsed_ms=19}
[23:47:28] [Server thread/INFO]: [AIBot] ACTION event=diag_snapshot bot=Bob {on_ground=true, hp=20.0/20.0, mining_idle=true, nearby=animals=0 hostiles=0, inv=minecraft:stone_axex1 minecraft:wooden_swordx1 minecraft:crafting_tablex1 minecraft:stickx2 minecraft:wooden_pickaxex1 minecraft:wooden_axex1 minecraft:cobblestonex16 minecraft:stone_pickaxex1 minecraft:cherry_planksx1 minecraft:eggx1 minecraft:stone_swordx1 minecraft:raw_ironx2 minecraft:oak_logx1, path_idle=true, food=19, air=300, mode=survival, task=gather, task_progress=1.0, goal=none, task_phase=DONE, in_lava=false, step=, light=4, submerged=false, task_state=COMPLETED, held=minecraft:stone_pickaxex1, fall=0.0, pos=573,63,153}
[23:47:29] [Server thread/WARN]: [AIBot] PERCEPTION event=snapshot_slow bot=Bob {elapsed_ms=18}
[23:47:29] [Server thread/WARN]: [AIBot] PERCEPTION event=snapshot_slow bot=Bob {elapsed_ms=17}
[23:47:30] [Server thread/WARN]: [AIBot] PERCEPTION event=snapshot_slow bot=Bob {elapsed_ms=14}
[23:47:30] [Server thread/WARN]: [AIBot] PERCEPTION event=snapshot_slow bot=Bob {elapsed_ms=15}
[23:47:30] [Server thread/INFO]: [AIBot] ACTION event=diag_snapshot bot=Bob {on_ground=true, hp=20.0/20.0, mining_idle=true, nearby=animals=0 hostiles=0, inv=minecraft:stone_axex1 minecraft:wooden_swordx1 minecraft:crafting_tablex1 minecraft:stickx2 minecraft:wooden_pickaxex1 minecraft:wooden_axex1 minecraft:cobblestonex16 minecraft:stone_pickaxex1 minecraft:cherry_planksx1 minecraft:eggx1 minecraft:stone_swordx1 minecraft:raw_ironx2 minecraft:oak_logx1, path_idle=true, food=19, air=300, mode=survival, task=gather, task_progress=1.0, goal=none, task_phase=DONE, in_lava=false, step=, light=4, submerged=false, task_state=COMPLETED, held=minecraft:stone_pickaxex1, fall=0.0, pos=573,63,153}
[23:47:31] [Server thread/WARN]: [AIBot] PERCEPTION event=snapshot_slow bot=Bob {elapsed_ms=18}
[23:47:31] [Server thread/INFO]: [AIBot] ACTION event=capability_decision bot=Bob {context=observable_block_query, capability=HIDDEN_BLOCK_SCAN, profile=strict_survival, allowed=false, reason=DENIED_STRICT_SURVIVAL}
[23:47:31] [Server thread/INFO]: [AIBot] ACTION event=capability_decision bot=Bob {context=perception_snapshot, capability=HIDDEN_BLOCK_SCAN, profile=strict_survival, allowed=false, reason=DENIED_STRICT_SURVIVAL}
[23:47:31] [Server thread/WARN]: [AIBot] PERCEPTION event=snapshot_slow bot=Bob {elapsed_ms=21}
[23:47:31] [Server thread/INFO]: [AIBot] ACTION event=capability_decision bot=Bob {context=observable_cell_query, capability=HIDDEN_BLOCK_SCAN, profile=strict_survival, allowed=false, reason=DENIED_STRICT_SURVIVAL}
[23:47:32] [Server thread/INFO]: [AIBot] ACTION event=capability_decision bot=Bob {context=observable_entity_query, capability=HIDDEN_BLOCK_SCAN, profile=strict_survival, allowed=false, reason=DENIED_STRICT_SURVIVAL}
[23:47:32] [Server thread/WARN]: [AIBot] PERCEPTION event=snapshot_slow bot=Bob {elapsed_ms=21}
[23:47:32] [Server thread/WARN]: [AIBot] PERCEPTION event=snapshot_slow bot=Bob {elapsed_ms=16}
[23:47:32] [Server thread/INFO]: [AIBot] ACTION event=capability_decision bot=Bob {context=diagnostic_nearby, capability=HIDDEN_BLOCK_SCAN, profile=strict_survival, allowed=false, reason=DENIED_STRICT_SURVIVAL}
[23:47:32] [Server thread/INFO]: [AIBot] ACTION event=diag_snapshot bot=Bob {on_ground=true, hp=20.0/20.0, mining_idle=true, nearby=animals=0 hostiles=0, inv=minecraft:stone_axex1 minecraft:wooden_swordx1 minecraft:crafting_tablex1 minecraft:stickx2 minecraft:wooden_pickaxex1 minecraft:wooden_axex1 minecraft:cobblestonex16 minecraft:stone_pickaxex1 minecraft:cherry_planksx1 minecraft:eggx1 minecraft:stone_swordx1 minecraft:raw_ironx2 minecraft:oak_logx1, path_idle=true, food=19, air=300, mode=survival, task=gather, task_progress=1.0, goal=none, task_phase=DONE, in_lava=false, step=, light=4, submerged=false, task_state=COMPLETED, held=minecraft:stone_pickaxex1, fall=0.0, pos=573,63,153}
[23:47:33] [Server thread/WARN]: [AIBot] PERCEPTION event=snapshot_slow bot=Bob {elapsed_ms=15}
[23:47:33] [Server thread/WARN]: [AIBot] PERCEPTION event=snapshot_slow bot=Bob {elapsed_ms=20}
[23:47:34] [Server thread/WARN]: [AIBot] PERCEPTION event=snapshot_slow bot=Bob {elapsed_ms=16}
[23:47:34] [Server thread/WARN]: [AIBot] PERCEPTION event=snapshot_slow bot=Bob {elapsed_ms=19}
[23:47:34] [Server thread/INFO]: [AIBot] ACTION event=diag_snapshot bot=Bob {on_ground=true, hp=20.0/20.0, mining_idle=true, nearby=animals=0 hostiles=0, inv=minecraft:stone_axex1 minecraft:wooden_swordx1 minecraft:crafting_tablex1 minecraft:stickx2 minecraft:wooden_pickaxex1 minecraft:wooden_axex1 minecraft:cobblestonex16 minecraft:stone_pickaxex1 minecraft:cherry_planksx1 minecraft:eggx1 minecraft:stone_swordx1 minecraft:raw_ironx2 minecraft:oak_logx1, path_idle=true, food=19, air=300, mode=survival, task=gather, task_progress=1.0, goal=none, task_phase=DONE, in_lava=false, step=, light=4, submerged=false, task_state=COMPLETED, held=minecraft:stone_pickaxex1, fall=0.0, pos=573,63,153}
[23:47:35] [Server thread/WARN]: [AIBot] PERCEPTION event=snapshot_slow bot=Bob {elapsed_ms=19}
[23:47:35] [Server thread/WARN]: [AIBot] PERCEPTION event=snapshot_slow bot=Bob {elapsed_ms=17}
[23:47:36] [Server thread/WARN]: [AIBot] PERCEPTION event=snapshot_slow bot=Bob {elapsed_ms=17}
[23:47:36] [Server thread/INFO]: [AIBot] ACTION event=capability_decision bot=Bob {context=observable_block_query, capability=HIDDEN_BLOCK_SCAN, profile=strict_survival, allowed=false, reason=DENIED_STRICT_SURVIVAL}
[23:47:36] [Server thread/INFO]: [AIBot] ACTION event=capability_decision bot=Bob {context=perception_snapshot, capability=HIDDEN_BLOCK_SCAN, profile=strict_survival, allowed=false, reason=DENIED_STRICT_SURVIVAL}
[23:47:36] [Server thread/WARN]: [AIBot] PERCEPTION event=snapshot_slow bot=Bob {elapsed_ms=18}
[23:47:36] [Server thread/INFO]: [AIBot] ACTION event=diag_snapshot bot=Bob {on_ground=true, hp=20.0/20.0, mining_idle=true, nearby=animals=0 hostiles=0, inv=minecraft:stone_axex1 minecraft:wooden_swordx1 minecraft:crafting_tablex1 minecraft:stickx2 minecraft:wooden_pickaxex1 minecraft:wooden_axex1 minecraft:cobblestonex16 minecraft:stone_pickaxex1 minecraft:cherry_planksx1 minecraft:eggx1 minecraft:stone_swordx1 minecraft:raw_ironx2 minecraft:oak_logx1, path_idle=true, food=19, air=300, mode=survival, task=gather, task_progress=1.0, goal=none, task_phase=DONE, in_lava=false, step=, light=4, submerged=false, task_state=COMPLETED, held=minecraft:stone_pickaxex1, fall=0.0, pos=573,63,153}
[23:47:36] [Server thread/INFO]: [AIBot] ACTION event=capability_decision bot=Bob {context=observable_cell_query, capability=HIDDEN_BLOCK_SCAN, profile=strict_survival, allowed=false, reason=DENIED_STRICT_SURVIVAL}
[23:47:37] [Server thread/INFO]: [AIBot] ACTION event=capability_decision bot=Bob {context=observable_entity_query, capability=HIDDEN_BLOCK_SCAN, profile=strict_survival, allowed=false, reason=DENIED_STRICT_SURVIVAL}
[23:47:37] [Server thread/WARN]: [AIBot] PERCEPTION event=snapshot_slow bot=Bob {elapsed_ms=15}
[23:47:37] [Server thread/WARN]: [AIBot] PERCEPTION event=snapshot_slow bot=Bob {elapsed_ms=13}
[23:47:38] [Server thread/WARN]: [AIBot] PERCEPTION event=snapshot_slow bot=Bob {elapsed_ms=14}
[23:47:38] [Server thread/WARN]: [AIBot] PERCEPTION event=snapshot_slow bot=Bob {elapsed_ms=15}
[23:47:38] [Server thread/INFO]: [AIBot] ACTION event=capability_decision bot=Bob {context=diagnostic_nearby, capability=HIDDEN_BLOCK_SCAN, profile=strict_survival, allowed=false, reason=DENIED_STRICT_SURVIVAL}
[23:47:38] [Server thread/INFO]: [AIBot] ACTION event=diag_snapshot bot=Bob {on_ground=true, hp=20.0/20.0, mining_idle=true, nearby=animals=0 hostiles=0, inv=minecraft:stone_axex1 minecraft:wooden_swordx1 minecraft:crafting_tablex1 minecraft:stickx2 minecraft:wooden_pickaxex1 minecraft:wooden_axex1 minecraft:cobblestonex16 minecraft:stone_pickaxex1 minecraft:cherry_planksx1 minecraft:eggx1 minecraft:stone_swordx1 minecraft:raw_ironx2 minecraft:oak_logx1, path_idle=true, food=19, air=300, mode=survival, task=gather, task_progress=1.0, goal=none, task_phase=DONE, in_lava=false, step=, light=4, submerged=false, task_state=COMPLETED, held=minecraft:stone_pickaxex1, fall=0.0, pos=573,63,153}
[23:47:39] [Server thread/WARN]: [AIBot] PERCEPTION event=snapshot_slow bot=Bob {elapsed_ms=13}
[23:47:39] [Server thread/WARN]: [AIBot] PERCEPTION event=snapshot_slow bot=Bob {elapsed_ms=19}
[23:47:40] [Server thread/WARN]: [AIBot] PERCEPTION event=snapshot_slow bot=Bob {elapsed_ms=16}
[23:47:40] [Server thread/WARN]: [AIBot] PERCEPTION event=snapshot_slow bot=Bob {elapsed_ms=17}
[23:47:40] [Server thread/INFO]: [AIBot] ACTION event=diag_snapshot bot=Bob {on_ground=true, hp=20.0/20.0, mining_idle=true, nearby=animals=0 hostiles=0, inv=minecraft:stone_axex1 minecraft:wooden_swordx1 minecraft:crafting_tablex1 minecraft:stickx2 minecraft:wooden_pickaxex1 minecraft:wooden_axex1 minecraft:cobblestonex16 minecraft:stone_pickaxex1 minecraft:cherry_planksx1 minecraft:eggx1 minecraft:stone_swordx1 minecraft:raw_ironx2 minecraft:oak_logx1, path_idle=true, food=19, air=300, mode=survival, task=gather, task_progress=1.0, goal=none, task_phase=DONE, in_lava=false, step=, light=4, submerged=false, task_state=COMPLETED, held=minecraft:stone_pickaxex1, fall=0.0, pos=573,63,153}
[23:47:41] [Server thread/WARN]: [AIBot] PERCEPTION event=snapshot_slow bot=Bob {elapsed_ms=16}
[23:47:41] [Server thread/INFO]: [AIBot] ACTION event=capability_decision bot=Bob {context=observable_block_query, capability=HIDDEN_BLOCK_SCAN, profile=strict_survival, allowed=false, reason=DENIED_STRICT_SURVIVAL}
[23:47:41] [Server thread/INFO]: [AIBot] ACTION event=capability_decision bot=Bob {context=perception_snapshot, capability=HIDDEN_BLOCK_SCAN, profile=strict_survival, allowed=false, reason=DENIED_STRICT_SURVIVAL}
[23:47:41] [Server thread/WARN]: [AIBot] PERCEPTION event=snapshot_slow bot=Bob {elapsed_ms=19}
[23:47:41] [Server thread/INFO]: [AIBot] ACTION event=capability_decision bot=Bob {context=observable_cell_query, capability=HIDDEN_BLOCK_SCAN, profile=strict_survival, allowed=false, reason=DENIED_STRICT_SURVIVAL}
[23:47:42] [Server thread/INFO]: [AIBot] ACTION event=capability_decision bot=Bob {context=observable_entity_query, capability=HIDDEN_BLOCK_SCAN, profile=strict_survival, allowed=false, reason=DENIED_STRICT_SURVIVAL}
[23:47:42] [Server thread/WARN]: [AIBot] PERCEPTION event=snapshot_slow bot=Bob {elapsed_ms=15}
[23:47:42] [Server thread/WARN]: [AIBot] PERCEPTION event=snapshot_slow bot=Bob {elapsed_ms=14}
[23:47:42] [Server thread/INFO]: [AIBot] ACTION event=diag_snapshot bot=Bob {on_ground=true, hp=20.0/20.0, mining_idle=true, nearby=animals=0 hostiles=0, inv=minecraft:stone_axex1 minecraft:wooden_swordx1 minecraft:crafting_tablex1 minecraft:stickx2 minecraft:wooden_pickaxex1 minecraft:wooden_axex1 minecraft:cobblestonex16 minecraft:stone_pickaxex1 minecraft:cherry_planksx1 minecraft:eggx1 minecraft:stone_swordx1 minecraft:raw_ironx2 minecraft:oak_logx1, path_idle=true, food=19, air=300, mode=survival, task=gather, task_progress=1.0, goal=none, task_phase=DONE, in_lava=false, step=, light=4, submerged=false, task_state=COMPLETED, held=minecraft:stone_pickaxex1, fall=0.0, pos=573,63,153}
[23:47:43] [Server thread/WARN]: [AIBot] PERCEPTION event=snapshot_slow bot=Bob {elapsed_ms=13}
[23:47:43] [Server thread/WARN]: [AIBot] PERCEPTION event=snapshot_slow bot=Bob {elapsed_ms=12}
[23:47:44] [Server thread/WARN]: [AIBot] PERCEPTION event=snapshot_slow bot=Bob {elapsed_ms=12}
[23:47:44] [Server thread/WARN]: [AIBot] PERCEPTION event=snapshot_slow bot=Bob {elapsed_ms=14}
[23:47:44] [Server thread/INFO]: [AIBot] ACTION event=capability_decision bot=Bob {context=diagnostic_nearby, capability=HIDDEN_BLOCK_SCAN, profile=strict_survival, allowed=false, reason=DENIED_STRICT_SURVIVAL}
[23:47:44] [Server thread/INFO]: [AIBot] ACTION event=diag_snapshot bot=Bob {on_ground=true, hp=20.0/20.0, mining_idle=true, nearby=animals=0 hostiles=0, inv=minecraft:stone_axex1 minecraft:wooden_swordx1 minecraft:crafting_tablex1 minecraft:stickx2 minecraft:wooden_pickaxex1 minecraft:wooden_axex1 minecraft:cobblestonex16 minecraft:stone_pickaxex1 minecraft:cherry_planksx1 minecraft:eggx1 minecraft:stone_swordx1 minecraft:raw_ironx2 minecraft:oak_logx1, path_idle=true, food=19, air=300, mode=survival, task=gather, task_progress=1.0, goal=none, task_phase=DONE, in_lava=false, step=, light=4, submerged=false, task_state=COMPLETED, held=minecraft:stone_pickaxex1, fall=0.0, pos=573,63,153}
[23:47:45] [Server thread/WARN]: [AIBot] PERCEPTION event=snapshot_slow bot=Bob {elapsed_ms=18}
[23:47:45] [Server thread/WARN]: [AIBot] PERCEPTION event=snapshot_slow bot=Bob {elapsed_ms=11}
[23:47:46] [Server thread/WARN]: [AIBot] PERCEPTION event=snapshot_slow bot=Bob {elapsed_ms=16}
[23:47:46] [Server thread/INFO]: [AIBot] ACTION event=capability_decision bot=Bob {context=observable_block_query, capability=HIDDEN_BLOCK_SCAN, profile=strict_survival, allowed=false, reason=DENIED_STRICT_SURVIVAL}
[23:47:46] [Server thread/INFO]: [AIBot] ACTION event=capability_decision bot=Bob {context=perception_snapshot, capability=HIDDEN_BLOCK_SCAN, profile=strict_survival, allowed=false, reason=DENIED_STRICT_SURVIVAL}
[23:47:46] [Server thread/WARN]: [AIBot] PERCEPTION event=snapshot_slow bot=Bob {elapsed_ms=17}
[23:47:46] [Server thread/INFO]: [AIBot] ACTION event=diag_snapshot bot=Bob {on_ground=true, hp=20.0/20.0, mining_idle=true, nearby=animals=0 hostiles=0, inv=minecraft:stone_axex1 minecraft:wooden_swordx1 minecraft:crafting_tablex1 minecraft:stickx2 minecraft:wooden_pickaxex1 minecraft:wooden_axex1 minecraft:cobblestonex16 minecraft:stone_pickaxex1 minecraft:cherry_planksx1 minecraft:eggx1 minecraft:stone_swordx1 minecraft:raw_ironx2 minecraft:oak_logx1, path_idle=true, food=19, air=300, mode=survival, task=gather, task_progress=1.0, goal=none, task_phase=DONE, in_lava=false, step=, light=4, submerged=false, task_state=COMPLETED, held=minecraft:stone_pickaxex1, fall=0.0, pos=573,63,153}
[23:47:46] [Server thread/INFO]: [AIBot] ACTION event=capability_decision bot=Bob {context=observable_cell_query, capability=HIDDEN_BLOCK_SCAN, profile=strict_survival, allowed=false, reason=DENIED_STRICT_SURVIVAL}
[23:47:47] [Server thread/INFO]: [AIBot] ACTION event=capability_decision bot=Bob {context=observable_entity_query, capability=HIDDEN_BLOCK_SCAN, profile=strict_survival, allowed=false, reason=DENIED_STRICT_SURVIVAL}
[23:47:47] [Server thread/WARN]: [AIBot] PERCEPTION event=snapshot_slow bot=Bob {elapsed_ms=15}
[23:47:47] [Server thread/WARN]: [AIBot] PERCEPTION event=snapshot_slow bot=Bob {elapsed_ms=15}
[23:47:48] [Server thread/WARN]: [AIBot] PERCEPTION event=snapshot_slow bot=Bob {elapsed_ms=14}
[23:47:48] [Server thread/WARN]: [AIBot] PERCEPTION event=snapshot_slow bot=Bob {elapsed_ms=18}
[23:47:48] [Server thread/INFO]: [AIBot] ACTION event=diag_snapshot bot=Bob {on_ground=true, hp=20.0/20.0, mining_idle=true, nearby=animals=0 hostiles=0, inv=minecraft:stone_axex1 minecraft:wooden_swordx1 minecraft:crafting_tablex1 minecraft:stickx2 minecraft:wooden_pickaxex1 minecraft:wooden_axex1 minecraft:cobblestonex16 minecraft:stone_pickaxex1 minecraft:cherry_planksx1 minecraft:eggx1 minecraft:stone_swordx1 minecraft:raw_ironx2 minecraft:oak_logx1, path_idle=true, food=19, air=300, mode=survival, task=gather, task_progress=1.0, goal=none, task_phase=DONE, in_lava=false, step=, light=4, submerged=false, task_state=COMPLETED, held=minecraft:stone_pickaxex1, fall=0.0, pos=573,63,153}
[23:47:49] [Server thread/WARN]: [AIBot] PERCEPTION event=snapshot_slow bot=Bob {elapsed_ms=11}
[23:47:49] [Server thread/WARN]: [AIBot] PERCEPTION event=snapshot_slow bot=Bob {elapsed_ms=17}
[23:47:50] [Server thread/WARN]: [AIBot] PERCEPTION event=snapshot_slow bot=Bob {elapsed_ms=12}
[23:47:50] [Server thread/WARN]: [AIBot] PERCEPTION event=snapshot_slow bot=Bob {elapsed_ms=19}
[23:47:50] [Server thread/INFO]: [AIBot] ACTION event=capability_decision bot=Bob {context=diagnostic_nearby, capability=HIDDEN_BLOCK_SCAN, profile=strict_survival, allowed=false, reason=DENIED_STRICT_SURVIVAL}
[23:47:50] [Server thread/INFO]: [AIBot] ACTION event=diag_snapshot bot=Bob {on_ground=true, hp=20.0/20.0, mining_idle=true, nearby=animals=0 hostiles=0, inv=minecraft:stone_axex1 minecraft:wooden_swordx1 minecraft:crafting_tablex1 minecraft:stickx2 minecraft:wooden_pickaxex1 minecraft:wooden_axex1 minecraft:cobblestonex16 minecraft:stone_pickaxex1 minecraft:cherry_planksx1 minecraft:eggx1 minecraft:stone_swordx1 minecraft:raw_ironx2 minecraft:oak_logx1, path_idle=true, food=19, air=300, mode=survival, task=gather, task_progress=1.0, goal=none, task_phase=DONE, in_lava=false, step=, light=4, submerged=false, task_state=COMPLETED, held=minecraft:stone_pickaxex1, fall=0.0, pos=573,63,153}
[23:47:51] [Server thread/WARN]: [AIBot] PERCEPTION event=snapshot_slow bot=Bob {elapsed_ms=15}
[23:47:51] [Server thread/INFO]: [AIBot] ACTION event=capability_decision bot=Bob {context=observable_block_query, capability=HIDDEN_BLOCK_SCAN, profile=strict_survival, allowed=false, reason=DENIED_STRICT_SURVIVAL}
[23:47:51] [Server thread/INFO]: [AIBot] ACTION event=capability_decision bot=Bob {context=perception_snapshot, capability=HIDDEN_BLOCK_SCAN, profile=strict_survival, allowed=false, reason=DENIED_STRICT_SURVIVAL}
[23:47:51] [Server thread/WARN]: [AIBot] PERCEPTION event=snapshot_slow bot=Bob {elapsed_ms=12}
[23:47:51] [Server thread/INFO]: [AIBot] ACTION event=capability_decision bot=Bob {context=observable_cell_query, capability=HIDDEN_BLOCK_SCAN, profile=strict_survival, allowed=false, reason=DENIED_STRICT_SURVIVAL}
[23:47:52] [Server thread/INFO]: [AIBot] ACTION event=capability_decision bot=Bob {context=observable_entity_query, capability=HIDDEN_BLOCK_SCAN, profile=strict_survival, allowed=false, reason=DENIED_STRICT_SURVIVAL}
[23:47:52] [Server thread/WARN]: [AIBot] PERCEPTION event=snapshot_slow bot=Bob {elapsed_ms=12}
[23:47:52] [Server thread/WARN]: [AIBot] PERCEPTION event=snapshot_slow bot=Bob {elapsed_ms=21}
[23:47:52] [Server thread/INFO]: [AIBot] ACTION event=diag_snapshot bot=Bob {on_ground=true, hp=20.0/20.0, mining_idle=true, nearby=animals=0 hostiles=0, inv=minecraft:stone_axex1 minecraft:wooden_swordx1 minecraft:crafting_tablex1 minecraft:stickx2 minecraft:wooden_pickaxex1 minecraft:wooden_axex1 minecraft:cobblestonex16 minecraft:stone_pickaxex1 minecraft:cherry_planksx1 minecraft:eggx1 minecraft:stone_swordx1 minecraft:raw_ironx2 minecraft:oak_logx1, path_idle=true, food=19, air=300, mode=survival, task=gather, task_progress=1.0, goal=none, task_phase=DONE, in_lava=false, step=, light=4, submerged=false, task_state=COMPLETED, held=minecraft:stone_pickaxex1, fall=0.0, pos=573,63,153}
[23:47:53] [Server thread/WARN]: [AIBot] PERCEPTION event=snapshot_slow bot=Bob {elapsed_ms=12}
[23:47:53] [Server thread/WARN]: [AIBot] PERCEPTION event=snapshot_slow bot=Bob {elapsed_ms=13}
[23:47:54] [Server thread/WARN]: [AIBot] PERCEPTION event=snapshot_slow bot=Bob {elapsed_ms=11}
[23:47:54] [Server thread/WARN]: [AIBot] PERCEPTION event=snapshot_slow bot=Bob {elapsed_ms=19}
[23:47:54] [Server thread/INFO]: [AIBot] ACTION event=diag_snapshot bot=Bob {on_ground=true, hp=20.0/20.0, mining_idle=true, nearby=animals=0 hostiles=0, inv=minecraft:stone_axex1 minecraft:wooden_swordx1 minecraft:crafting_tablex1 minecraft:stickx2 minecraft:wooden_pickaxex1 minecraft:wooden_axex1 minecraft:cobblestonex16 minecraft:stone_pickaxex1 minecraft:cherry_planksx1 minecraft:eggx1 minecraft:stone_swordx1 minecraft:raw_ironx2 minecraft:oak_logx1, path_idle=true, food=19, air=300, mode=survival, task=gather, task_progress=1.0, goal=none, task_phase=DONE, in_lava=false, step=, light=4, submerged=false, task_state=COMPLETED, held=minecraft:stone_pickaxex1, fall=0.0, pos=573,63,153}
[23:47:55] [Server thread/WARN]: [AIBot] PERCEPTION event=snapshot_slow bot=Bob {elapsed_ms=11}
[23:47:55] [Server thread/WARN]: [AIBot] PERCEPTION event=snapshot_slow bot=Bob {elapsed_ms=13}
[23:47:56] [Server thread/WARN]: [AIBot] PERCEPTION event=snapshot_slow bot=Bob {elapsed_ms=12}
[23:47:56] [Server thread/INFO]: [AIBot] ACTION event=capability_decision bot=Bob {context=observable_block_query, capability=HIDDEN_BLOCK_SCAN, profile=strict_survival, allowed=false, reason=DENIED_STRICT_SURVIVAL}
[23:47:56] [Server thread/INFO]: [AIBot] ACTION event=capability_decision bot=Bob {context=perception_snapshot, capability=HIDDEN_BLOCK_SCAN, profile=strict_survival, allowed=false, reason=DENIED_STRICT_SURVIVAL}
[23:47:56] [Server thread/WARN]: [AIBot] PERCEPTION event=snapshot_slow bot=Bob {elapsed_ms=12}
[23:47:56] [Server thread/INFO]: [AIBot] ACTION event=capability_decision bot=Bob {context=diagnostic_nearby, capability=HIDDEN_BLOCK_SCAN, profile=strict_survival, allowed=false, reason=DENIED_STRICT_SURVIVAL}
[23:47:56] [Server thread/INFO]: [AIBot] ACTION event=diag_snapshot bot=Bob {on_ground=true, hp=20.0/20.0, mining_idle=true, nearby=animals=0 hostiles=0, inv=minecraft:stone_axex1 minecraft:wooden_swordx1 minecraft:crafting_tablex1 minecraft:stickx2 minecraft:wooden_pickaxex1 minecraft:wooden_axex1 minecraft:cobblestonex16 minecraft:stone_pickaxex1 minecraft:cherry_planksx1 minecraft:eggx1 minecraft:stone_swordx1 minecraft:raw_ironx2 minecraft:oak_logx1, path_idle=true, food=19, air=300, mode=survival, task=gather, task_progress=1.0, goal=none, task_phase=DONE, in_lava=false, step=, light=4, submerged=false, task_state=COMPLETED, held=minecraft:stone_pickaxex1, fall=0.0, pos=573,63,153}
[23:47:56] [Server thread/INFO]: [AIBot] ACTION event=capability_decision bot=Bob {context=observable_cell_query, capability=HIDDEN_BLOCK_SCAN, profile=strict_survival, allowed=false, reason=DENIED_STRICT_SURVIVAL}
[23:47:57] [Server thread/INFO]: [AIBot] ACTION event=capability_decision bot=Bob {context=observable_entity_query, capability=HIDDEN_BLOCK_SCAN, profile=strict_survival, allowed=false, reason=DENIED_STRICT_SURVIVAL}
[23:47:57] [Server thread/WARN]: [AIBot] PERCEPTION event=snapshot_slow bot=Bob {elapsed_ms=13}
[23:47:57] [Server thread/WARN]: [AIBot] PERCEPTION event=snapshot_slow bot=Bob {elapsed_ms=12}
[23:47:58] [Server thread/WARN]: [AIBot] PERCEPTION event=snapshot_slow bot=Bob {elapsed_ms=11}
[23:47:58] [Server thread/WARN]: [AIBot] PERCEPTION event=snapshot_slow bot=Bob {elapsed_ms=15}
[23:47:58] [Server thread/INFO]: [AIBot] ACTION event=diag_snapshot bot=Bob {on_ground=true, hp=20.0/20.0, mining_idle=true, nearby=animals=0 hostiles=0, inv=minecraft:stone_axex1 minecraft:wooden_swordx1 minecraft:crafting_tablex1 minecraft:stickx2 minecraft:wooden_pickaxex1 minecraft:wooden_axex1 minecraft:cobblestonex16 minecraft:stone_pickaxex1 minecraft:cherry_planksx1 minecraft:eggx1 minecraft:stone_swordx1 minecraft:raw_ironx2 minecraft:oak_logx1, path_idle=true, food=19, air=300, mode=survival, task=gather, task_progress=1.0, goal=none, task_phase=DONE, in_lava=false, step=, light=4, submerged=false, task_state=COMPLETED, held=minecraft:stone_pickaxex1, fall=0.0, pos=573,63,153}
[23:47:59] [Server thread/WARN]: [AIBot] PERCEPTION event=snapshot_slow bot=Bob {elapsed_ms=16}
[23:47:59] [Server thread/WARN]: [AIBot] PERCEPTION event=snapshot_slow bot=Bob {elapsed_ms=11}
[23:48:00] [Server thread/WARN]: [AIBot] PERCEPTION event=snapshot_slow bot=Bob {elapsed_ms=12}
[23:48:00] [Server thread/WARN]: [AIBot] PERCEPTION event=snapshot_slow bot=Bob {elapsed_ms=12}
[23:48:00] [Server thread/INFO]: [AIBot] ACTION event=diag_snapshot bot=Bob {on_ground=true, hp=20.0/20.0, mining_idle=true, nearby=animals=0 hostiles=0, inv=minecraft:stone_axex1 minecraft:wooden_swordx1 minecraft:crafting_tablex1 minecraft:stickx2 minecraft:wooden_pickaxex1 minecraft:wooden_axex1 minecraft:cobblestonex16 minecraft:stone_pickaxex1 minecraft:cherry_planksx1 minecraft:eggx1 minecraft:stone_swordx1 minecraft:raw_ironx2 minecraft:oak_logx1, path_idle=true, food=19, air=300, mode=survival, task=gather, task_progress=1.0, goal=none, task_phase=DONE, in_lava=false, step=, light=4, submerged=false, task_state=COMPLETED, held=minecraft:stone_pickaxex1, fall=0.0, pos=573,63,153}
[23:48:01] [Server thread/WARN]: [AIBot] PERCEPTION event=snapshot_slow bot=Bob {elapsed_ms=17}
[23:48:01] [Server thread/INFO]: [AIBot] ACTION event=capability_decision bot=Bob {context=observable_block_query, capability=HIDDEN_BLOCK_SCAN, profile=strict_survival, allowed=false, reason=DENIED_STRICT_SURVIVAL}
[23:48:01] [Server thread/INFO]: [AIBot] ACTION event=capability_decision bot=Bob {context=perception_snapshot, capability=HIDDEN_BLOCK_SCAN, profile=strict_survival, allowed=false, reason=DENIED_STRICT_SURVIVAL}
[23:48:01] [Server thread/WARN]: [AIBot] PERCEPTION event=snapshot_slow bot=Bob {elapsed_ms=17}
[23:48:01] [Server thread/INFO]: [AIBot] ACTION event=capability_decision bot=Bob {context=observable_cell_query, capability=HIDDEN_BLOCK_SCAN, profile=strict_survival, allowed=false, reason=DENIED_STRICT_SURVIVAL}
[23:48:02] [Server thread/INFO]: [AIBot] ACTION event=capability_decision bot=Bob {context=observable_entity_query, capability=HIDDEN_BLOCK_SCAN, profile=strict_survival, allowed=false, reason=DENIED_STRICT_SURVIVAL}
[23:48:02] [Server thread/WARN]: [AIBot] PERCEPTION event=snapshot_slow bot=Bob {elapsed_ms=14}
[23:48:02] [Server thread/WARN]: [AIBot] PERCEPTION event=snapshot_slow bot=Bob {elapsed_ms=20}
[23:48:02] [Server thread/INFO]: [AIBot] ACTION event=capability_decision bot=Bob {context=diagnostic_nearby, capability=HIDDEN_BLOCK_SCAN, profile=strict_survival, allowed=false, reason=DENIED_STRICT_SURVIVAL}
[23:48:02] [Server thread/INFO]: [AIBot] ACTION event=diag_snapshot bot=Bob {on_ground=true, hp=20.0/20.0, mining_idle=true, nearby=animals=0 hostiles=0, inv=minecraft:stone_axex1 minecraft:wooden_swordx1 minecraft:crafting_tablex1 minecraft:stickx2 minecraft:wooden_pickaxex1 minecraft:wooden_axex1 minecraft:cobblestonex16 minecraft:stone_pickaxex1 minecraft:cherry_planksx1 minecraft:eggx1 minecraft:stone_swordx1 minecraft:raw_ironx2 minecraft:oak_logx1, path_idle=true, food=19, air=300, mode=survival, task=gather, task_progress=1.0, goal=none, task_phase=DONE, in_lava=false, step=, light=4, submerged=false, task_state=COMPLETED, held=minecraft:stone_pickaxex1, fall=0.0, pos=573,63,153}
[23:48:03] [Server thread/WARN]: [AIBot] PERCEPTION event=snapshot_slow bot=Bob {elapsed_ms=20}
[23:48:03] [Server thread/WARN]: [AIBot] PERCEPTION event=snapshot_slow bot=Bob {elapsed_ms=16}
[23:48:04] [Server thread/WARN]: [AIBot] PERCEPTION event=snapshot_slow bot=Bob {elapsed_ms=16}
[23:48:04] [Server thread/WARN]: [AIBot] PERCEPTION event=snapshot_slow bot=Bob {elapsed_ms=15}
[23:48:04] [Server thread/INFO]: [AIBot] ACTION event=diag_snapshot bot=Bob {on_ground=true, hp=20.0/20.0, mining_idle=true, nearby=animals=0 hostiles=0, inv=minecraft:stone_axex1 minecraft:wooden_swordx1 minecraft:crafting_tablex1 minecraft:stickx2 minecraft:wooden_pickaxex1 minecraft:wooden_axex1 minecraft:cobblestonex16 minecraft:stone_pickaxex1 minecraft:cherry_planksx1 minecraft:eggx1 minecraft:stone_swordx1 minecraft:raw_ironx2 minecraft:oak_logx1, path_idle=true, food=19, air=300, mode=survival, task=gather, task_progress=1.0, goal=none, task_phase=DONE, in_lava=false, step=, light=4, submerged=false, task_state=COMPLETED, held=minecraft:stone_pickaxex1, fall=0.0, pos=573,63,153}
[23:48:05] [Server thread/WARN]: [AIBot] PERCEPTION event=snapshot_slow bot=Bob {elapsed_ms=14}
[23:48:05] [Server thread/WARN]: [AIBot] PERCEPTION event=snapshot_slow bot=Bob {elapsed_ms=15}
[23:48:06] [Server thread/WARN]: [AIBot] PERCEPTION event=snapshot_slow bot=Bob {elapsed_ms=14}
[23:48:06] [Server thread/INFO]: [AIBot] LIFECYCLE event=mixin_alive bot=- {server_tick=6000}
[23:48:06] [Server thread/INFO]: [AIBot] ACTION event=capability_decision bot=Bob {context=observable_block_query, capability=HIDDEN_BLOCK_SCAN, profile=strict_survival, allowed=false, reason=DENIED_STRICT_SURVIVAL}
[23:48:06] [Server thread/INFO]: [AIBot] ACTION event=capability_decision bot=Bob {context=perception_snapshot, capability=HIDDEN_BLOCK_SCAN, profile=strict_survival, allowed=false, reason=DENIED_STRICT_SURVIVAL}
[23:48:06] [Server thread/WARN]: [AIBot] PERCEPTION event=snapshot_slow bot=Bob {elapsed_ms=19}
[23:48:06] [Server thread/INFO]: [AIBot] ACTION event=diag_snapshot bot=Bob {on_ground=true, hp=20.0/20.0, mining_idle=true, nearby=animals=0 hostiles=0, inv=minecraft:stone_axex1 minecraft:wooden_swordx1 minecraft:crafting_tablex1 minecraft:stickx2 minecraft:wooden_pickaxex1 minecraft:wooden_axex1 minecraft:cobblestonex16 minecraft:stone_pickaxex1 minecraft:cherry_planksx1 minecraft:eggx1 minecraft:stone_swordx1 minecraft:raw_ironx2 minecraft:oak_logx1, path_idle=true, food=19, air=300, mode=survival, task=gather, task_progress=1.0, goal=none, task_phase=DONE, in_lava=false, step=, light=4, submerged=false, task_state=COMPLETED, held=minecraft:stone_pickaxex1, fall=0.0, pos=573,63,153}
[23:48:06] [Server thread/INFO]: [AIBot] ACTION event=capability_decision bot=Bob {context=observable_cell_query, capability=HIDDEN_BLOCK_SCAN, profile=strict_survival, allowed=false, reason=DENIED_STRICT_SURVIVAL}
[23:48:07] [Server thread/INFO]: [AIBot] ACTION event=capability_decision bot=Bob {context=observable_entity_query, capability=HIDDEN_BLOCK_SCAN, profile=strict_survival, allowed=false, reason=DENIED_STRICT_SURVIVAL}
[23:48:07] [Server thread/WARN]: [AIBot] PERCEPTION event=snapshot_slow bot=Bob {elapsed_ms=19}
[23:48:07] [Server thread/WARN]: [AIBot] PERCEPTION event=snapshot_slow bot=Bob {elapsed_ms=14}
[23:48:07] [AIBotPersistenceWriter/INFO]: [AIBot] LIFECYCLE event=runtime_persist_saved bot=- {path=.\world_play\.\aibot\runtime.json, bots=1, jobs=0, schema=1, atomic_move=true}
[23:48:08] [Server thread/WARN]: [AIBot] PERCEPTION event=snapshot_slow bot=Bob {elapsed_ms=14}
[23:48:08] [Server thread/WARN]: [AIBot] PERCEPTION event=snapshot_slow bot=Bob {elapsed_ms=17}
[23:48:08] [Server thread/INFO]: [AIBot] ACTION event=capability_decision bot=Bob {context=inspect_local, capability=HIDDEN_BLOCK_SCAN, profile=strict_survival, allowed=false, reason=DENIED_STRICT_SURVIVAL}
[23:48:08] [Server thread/INFO]: [AIBot] ACTION event=capability_decision bot=Bob {context=diagnostic_nearby, capability=HIDDEN_BLOCK_SCAN, profile=strict_survival, allowed=false, reason=DENIED_STRICT_SURVIVAL}
[23:48:08] [Server thread/INFO]: [AIBot] ACTION event=diag_snapshot bot=Bob {on_ground=true, hp=20.0/20.0, mining_idle=true, nearby=animals=0 hostiles=0, inv=minecraft:stone_axex1 minecraft:wooden_swordx1 minecraft:crafting_tablex1 minecraft:stickx2 minecraft:wooden_pickaxex1 minecraft:wooden_axex1 minecraft:cobblestonex16 minecraft:stone_pickaxex1 minecraft:cherry_planksx1 minecraft:eggx1 minecraft:stone_swordx1 minecraft:raw_ironx2 minecraft:oak_logx1, path_idle=true, food=19, air=300, mode=survival, task=gather, task_progress=1.0, goal=none, task_phase=DONE, in_lava=false, step=, light=4, submerged=false, task_state=COMPLETED, held=minecraft:stone_pickaxex1, fall=0.0, pos=573,63,153}
[23:48:09] [Server thread/WARN]: [AIBot] PERCEPTION event=snapshot_slow bot=Bob {elapsed_ms=19}
[23:48:09] [Server thread/WARN]: [AIBot] PERCEPTION event=snapshot_slow bot=Bob {elapsed_ms=17}
[23:48:10] [Server thread/WARN]: [AIBot] PERCEPTION event=snapshot_slow bot=Bob {elapsed_ms=11}
[23:48:10] [Server thread/WARN]: [AIBot] PERCEPTION event=snapshot_slow bot=Bob {elapsed_ms=13}
[23:48:10] [Server thread/INFO]: [AIBot] ACTION event=diag_snapshot bot=Bob {on_ground=true, hp=20.0/20.0, mining_idle=true, nearby=animals=0 hostiles=0, inv=minecraft:stone_axex1 minecraft:wooden_swordx1 minecraft:crafting_tablex1 minecraft:stickx2 minecraft:wooden_pickaxex1 minecraft:wooden_axex1 minecraft:cobblestonex16 minecraft:stone_pickaxex1 minecraft:cherry_planksx1 minecraft:eggx1 minecraft:stone_swordx1 minecraft:raw_ironx2 minecraft:oak_logx1, path_idle=true, food=19, air=300, mode=survival, task=gather, task_progress=1.0, goal=none, task_phase=DONE, in_lava=false, step=, light=4, submerged=false, task_state=COMPLETED, held=minecraft:stone_pickaxex1, fall=0.0, pos=573,63,153}
[23:48:11] [Server thread/WARN]: [AIBot] PERCEPTION event=snapshot_slow bot=Bob {elapsed_ms=15}
[23:48:11] [Server thread/INFO]: [AIBot] ACTION event=capability_decision bot=Bob {context=observable_block_query, capability=HIDDEN_BLOCK_SCAN, profile=strict_survival, allowed=false, reason=DENIED_STRICT_SURVIVAL}
[23:48:11] [Server thread/INFO]: [AIBot] ACTION event=capability_decision bot=Bob {context=perception_snapshot, capability=HIDDEN_BLOCK_SCAN, profile=strict_survival, allowed=false, reason=DENIED_STRICT_SURVIVAL}
[23:48:11] [Server thread/WARN]: [AIBot] PERCEPTION event=snapshot_slow bot=Bob {elapsed_ms=13}
[23:48:11] [Server thread/INFO]: [AIBot] ACTION event=capability_decision bot=Bob {context=observable_cell_query, capability=HIDDEN_BLOCK_SCAN, profile=strict_survival, allowed=false, reason=DENIED_STRICT_SURVIVAL}
[23:48:12] [Server thread/INFO]: [AIBot] ACTION event=capability_decision bot=Bob {context=observable_entity_query, capability=HIDDEN_BLOCK_SCAN, profile=strict_survival, allowed=false, reason=DENIED_STRICT_SURVIVAL}
[23:48:12] [Server thread/WARN]: [AIBot] PERCEPTION event=snapshot_slow bot=Bob {elapsed_ms=12}
[23:48:12] [Server thread/WARN]: [AIBot] PERCEPTION event=snapshot_slow bot=Bob {elapsed_ms=19}
[23:48:12] [Server thread/INFO]: [AIBot] ACTION event=diag_snapshot bot=Bob {on_ground=true, hp=20.0/20.0, mining_idle=true, nearby=animals=0 hostiles=0, inv=minecraft:stone_axex1 minecraft:wooden_swordx1 minecraft:crafting_tablex1 minecraft:stickx2 minecraft:wooden_pickaxex1 minecraft:wooden_axex1 minecraft:cobblestonex16 minecraft:stone_pickaxex1 minecraft:cherry_planksx1 minecraft:eggx1 minecraft:stone_swordx1 minecraft:raw_ironx2 minecraft:oak_logx1, path_idle=true, food=19, air=300, mode=survival, task=gather, task_progress=1.0, goal=none, task_phase=DONE, in_lava=false, step=, light=4, submerged=false, task_state=COMPLETED, held=minecraft:stone_pickaxex1, fall=0.0, pos=573,63,153}
[23:48:13] [Server thread/WARN]: [AIBot] PERCEPTION event=snapshot_slow bot=Bob {elapsed_ms=14}
[23:48:13] [Server thread/WARN]: [AIBot] PERCEPTION event=snapshot_slow bot=Bob {elapsed_ms=15}
[23:48:14] [Server thread/WARN]: [AIBot] PERCEPTION event=snapshot_slow bot=Bob {elapsed_ms=12}
[23:48:14] [Server thread/WARN]: [AIBot] PERCEPTION event=snapshot_slow bot=Bob {elapsed_ms=11}
[23:48:14] [Server thread/INFO]: [AIBot] ACTION event=capability_decision bot=Bob {context=diagnostic_nearby, capability=HIDDEN_BLOCK_SCAN, profile=strict_survival, allowed=false, reason=DENIED_STRICT_SURVIVAL}
[23:48:14] [Server thread/INFO]: [AIBot] ACTION event=diag_snapshot bot=Bob {on_ground=true, hp=20.0/20.0, mining_idle=true, nearby=animals=0 hostiles=0, inv=minecraft:stone_axex1 minecraft:wooden_swordx1 minecraft:crafting_tablex1 minecraft:stickx2 minecraft:wooden_pickaxex1 minecraft:wooden_axex1 minecraft:cobblestonex16 minecraft:stone_pickaxex1 minecraft:cherry_planksx1 minecraft:eggx1 minecraft:stone_swordx1 minecraft:raw_ironx2 minecraft:oak_logx1, path_idle=true, food=19, air=300, mode=survival, task=gather, task_progress=1.0, goal=none, task_phase=DONE, in_lava=false, step=, light=4, submerged=false, task_state=COMPLETED, held=minecraft:stone_pickaxex1, fall=0.0, pos=573,63,153}
[23:48:15] [Server thread/WARN]: [AIBot] PERCEPTION event=snapshot_slow bot=Bob {elapsed_ms=14}
[23:48:15] [Server thread/WARN]: [AIBot] PERCEPTION event=snapshot_slow bot=Bob {elapsed_ms=13}
[23:48:16] [Server thread/WARN]: [AIBot] PERCEPTION event=snapshot_slow bot=Bob {elapsed_ms=20}
[23:48:16] [Server thread/INFO]: [AIBot] ACTION event=capability_decision bot=Bob {context=observable_block_query, capability=HIDDEN_BLOCK_SCAN, profile=strict_survival, allowed=false, reason=DENIED_STRICT_SURVIVAL}
[23:48:16] [Server thread/INFO]: [AIBot] ACTION event=capability_decision bot=Bob {context=perception_snapshot, capability=HIDDEN_BLOCK_SCAN, profile=strict_survival, allowed=false, reason=DENIED_STRICT_SURVIVAL}
[23:48:16] [Server thread/WARN]: [AIBot] PERCEPTION event=snapshot_slow bot=Bob {elapsed_ms=12}
[23:48:16] [Server thread/INFO]: [AIBot] ACTION event=diag_snapshot bot=Bob {on_ground=true, hp=20.0/20.0, mining_idle=true, nearby=animals=0 hostiles=0, inv=minecraft:stone_axex1 minecraft:wooden_swordx1 minecraft:crafting_tablex1 minecraft:stickx2 minecraft:wooden_pickaxex1 minecraft:wooden_axex1 minecraft:cobblestonex16 minecraft:stone_pickaxex1 minecraft:cherry_planksx1 minecraft:eggx1 minecraft:stone_swordx1 minecraft:raw_ironx2 minecraft:oak_logx1, path_idle=true, food=19, air=300, mode=survival, task=gather, task_progress=1.0, goal=none, task_phase=DONE, in_lava=false, step=, light=4, submerged=false, task_state=COMPLETED, held=minecraft:stone_pickaxex1, fall=0.0, pos=573,63,153}
[23:48:16] [Server thread/INFO]: [AIBot] ACTION event=capability_decision bot=Bob {context=observable_cell_query, capability=HIDDEN_BLOCK_SCAN, profile=strict_survival, allowed=false, reason=DENIED_STRICT_SURVIVAL}
[23:48:17] [Server thread/INFO]: [AIBot] ACTION event=capability_decision bot=Bob {context=observable_entity_query, capability=HIDDEN_BLOCK_SCAN, profile=strict_survival, allowed=false, reason=DENIED_STRICT_SURVIVAL}
[23:48:17] [Server thread/WARN]: [AIBot] PERCEPTION event=snapshot_slow bot=Bob {elapsed_ms=19}
[23:48:17] [Server thread/WARN]: [AIBot] PERCEPTION event=snapshot_slow bot=Bob {elapsed_ms=12}
[23:48:18] [Server thread/WARN]: [AIBot] PERCEPTION event=snapshot_slow bot=Bob {elapsed_ms=12}
[23:48:18] [Server thread/WARN]: [AIBot] PERCEPTION event=snapshot_slow bot=Bob {elapsed_ms=11}
[23:48:18] [Server thread/INFO]: [AIBot] ACTION event=diag_snapshot bot=Bob {on_ground=true, hp=20.0/20.0, mining_idle=true, nearby=animals=0 hostiles=0, inv=minecraft:stone_axex1 minecraft:wooden_swordx1 minecraft:crafting_tablex1 minecraft:stickx2 minecraft:wooden_pickaxex1 minecraft:wooden_axex1 minecraft:cobblestonex16 minecraft:stone_pickaxex1 minecraft:cherry_planksx1 minecraft:eggx1 minecraft:stone_swordx1 minecraft:raw_ironx2 minecraft:oak_logx1, path_idle=true, food=19, air=300, mode=survival, task=gather, task_progress=1.0, goal=none, task_phase=DONE, in_lava=false, step=, light=4, submerged=false, task_state=COMPLETED, held=minecraft:stone_pickaxex1, fall=0.0, pos=573,63,153}
[23:48:19] [Server thread/WARN]: [AIBot] PERCEPTION event=snapshot_slow bot=Bob {elapsed_ms=18}
[23:48:19] [Server thread/WARN]: [AIBot] PERCEPTION event=snapshot_slow bot=Bob {elapsed_ms=11}
[23:48:20] [Server thread/WARN]: [AIBot] PERCEPTION event=snapshot_slow bot=Bob {elapsed_ms=11}
[23:48:20] [Server thread/WARN]: [AIBot] PERCEPTION event=snapshot_slow bot=Bob {elapsed_ms=20}
[23:48:20] [Server thread/INFO]: [AIBot] ACTION event=capability_decision bot=Bob {context=diagnostic_nearby, capability=HIDDEN_BLOCK_SCAN, profile=strict_survival, allowed=false, reason=DENIED_STRICT_SURVIVAL}
[23:48:20] [Server thread/INFO]: [AIBot] ACTION event=diag_snapshot bot=Bob {on_ground=true, hp=20.0/20.0, mining_idle=true, nearby=animals=0 hostiles=0, inv=minecraft:stone_axex1 minecraft:wooden_swordx1 minecraft:crafting_tablex1 minecraft:stickx2 minecraft:wooden_pickaxex1 minecraft:wooden_axex1 minecraft:cobblestonex16 minecraft:stone_pickaxex1 minecraft:cherry_planksx1 minecraft:eggx1 minecraft:stone_swordx1 minecraft:raw_ironx2 minecraft:oak_logx1, path_idle=true, food=19, air=300, mode=survival, task=gather, task_progress=1.0, goal=none, task_phase=DONE, in_lava=false, step=, light=4, submerged=false, task_state=COMPLETED, held=minecraft:stone_pickaxex1, fall=0.0, pos=573,63,153}
[23:48:21] [Server thread/WARN]: [AIBot] PERCEPTION event=snapshot_slow bot=Bob {elapsed_ms=11}
[23:48:21] [Server thread/INFO]: [AIBot] ACTION event=capability_decision bot=Bob {context=observable_block_query, capability=HIDDEN_BLOCK_SCAN, profile=strict_survival, allowed=false, reason=DENIED_STRICT_SURVIVAL}
[23:48:21] [Server thread/INFO]: [AIBot] ACTION event=capability_decision bot=Bob {context=perception_snapshot, capability=HIDDEN_BLOCK_SCAN, profile=strict_survival, allowed=false, reason=DENIED_STRICT_SURVIVAL}
[23:48:21] [Server thread/WARN]: [AIBot] PERCEPTION event=snapshot_slow bot=Bob {elapsed_ms=12}
[23:48:21] [Server thread/INFO]: [AIBot] ACTION event=capability_decision bot=Bob {context=observable_cell_query, capability=HIDDEN_BLOCK_SCAN, profile=strict_survival, allowed=false, reason=DENIED_STRICT_SURVIVAL}
[23:48:22] [Server thread/INFO]: [AIBot] ACTION event=capability_decision bot=Bob {context=observable_entity_query, capability=HIDDEN_BLOCK_SCAN, profile=strict_survival, allowed=false, reason=DENIED_STRICT_SURVIVAL}
[23:48:22] [Server thread/WARN]: [AIBot] PERCEPTION event=snapshot_slow bot=Bob {elapsed_ms=12}
[23:48:22] [Server thread/WARN]: [AIBot] PERCEPTION event=snapshot_slow bot=Bob {elapsed_ms=11}
[23:48:22] [Server thread/INFO]: [AIBot] ACTION event=diag_snapshot bot=Bob {on_ground=true, hp=20.0/20.0, mining_idle=true, nearby=animals=0 hostiles=0, inv=minecraft:stone_axex1 minecraft:wooden_swordx1 minecraft:crafting_tablex1 minecraft:stickx2 minecraft:wooden_pickaxex1 minecraft:wooden_axex1 minecraft:cobblestonex16 minecraft:stone_pickaxex1 minecraft:cherry_planksx1 minecraft:eggx1 minecraft:stone_swordx1 minecraft:raw_ironx2 minecraft:oak_logx1, path_idle=true, food=19, air=300, mode=survival, task=gather, task_progress=1.0, goal=none, task_phase=DONE, in_lava=false, step=, light=4, submerged=false, task_state=COMPLETED, held=minecraft:stone_pickaxex1, fall=0.0, pos=573,63,153}
[23:48:23] [Server thread/WARN]: [AIBot] PERCEPTION event=snapshot_slow bot=Bob {elapsed_ms=16}
[23:48:23] [Server thread/WARN]: [AIBot] PERCEPTION event=snapshot_slow bot=Bob {elapsed_ms=12}
[23:48:24] [Server thread/WARN]: [AIBot] PERCEPTION event=snapshot_slow bot=Bob {elapsed_ms=17}
[23:48:24] [Server thread/WARN]: [AIBot] PERCEPTION event=snapshot_slow bot=Bob {elapsed_ms=12}
[23:48:24] [Server thread/INFO]: [AIBot] ACTION event=diag_snapshot bot=Bob {on_ground=true, hp=20.0/20.0, mining_idle=true, nearby=animals=0 hostiles=0, inv=minecraft:stone_axex1 minecraft:wooden_swordx1 minecraft:crafting_tablex1 minecraft:stickx2 minecraft:wooden_pickaxex1 minecraft:wooden_axex1 minecraft:cobblestonex16 minecraft:stone_pickaxex1 minecraft:cherry_planksx1 minecraft:eggx1 minecraft:stone_swordx1 minecraft:raw_ironx2 minecraft:oak_logx1, path_idle=true, food=19, air=300, mode=survival, task=gather, task_progress=1.0, goal=none, task_phase=DONE, in_lava=false, step=, light=4, submerged=false, task_state=COMPLETED, held=minecraft:stone_pickaxex1, fall=0.0, pos=573,63,153}
[23:48:25] [Server thread/WARN]: [AIBot] PERCEPTION event=snapshot_slow bot=Bob {elapsed_ms=11}
[23:48:25] [Server thread/WARN]: [AIBot] PERCEPTION event=snapshot_slow bot=Bob {elapsed_ms=12}
[23:48:26] [Server thread/WARN]: [AIBot] PERCEPTION event=snapshot_slow bot=Bob {elapsed_ms=20}
[23:48:26] [Server thread/INFO]: [AIBot] ACTION event=capability_decision bot=Bob {context=observable_block_query, capability=HIDDEN_BLOCK_SCAN, profile=strict_survival, allowed=false, reason=DENIED_STRICT_SURVIVAL}
[23:48:26] [Server thread/INFO]: [AIBot] ACTION event=capability_decision bot=Bob {context=perception_snapshot, capability=HIDDEN_BLOCK_SCAN, profile=strict_survival, allowed=false, reason=DENIED_STRICT_SURVIVAL}
[23:48:26] [Server thread/WARN]: [AIBot] PERCEPTION event=snapshot_slow bot=Bob {elapsed_ms=17}
[23:48:26] [Server thread/INFO]: [AIBot] ACTION event=capability_decision bot=Bob {context=diagnostic_nearby, capability=HIDDEN_BLOCK_SCAN, profile=strict_survival, allowed=false, reason=DENIED_STRICT_SURVIVAL}
[23:48:26] [Server thread/INFO]: [AIBot] ACTION event=diag_snapshot bot=Bob {on_ground=true, hp=20.0/20.0, mining_idle=true, nearby=animals=0 hostiles=0, inv=minecraft:stone_axex1 minecraft:wooden_swordx1 minecraft:crafting_tablex1 minecraft:stickx2 minecraft:wooden_pickaxex1 minecraft:wooden_axex1 minecraft:cobblestonex16 minecraft:stone_pickaxex1 minecraft:cherry_planksx1 minecraft:eggx1 minecraft:stone_swordx1 minecraft:raw_ironx2 minecraft:oak_logx1, path_idle=true, food=19, air=300, mode=survival, task=gather, task_progress=1.0, goal=none, task_phase=DONE, in_lava=false, step=, light=4, submerged=false, task_state=COMPLETED, held=minecraft:stone_pickaxex1, fall=0.0, pos=573,63,153}
[23:48:26] [Server thread/INFO]: [AIBot] ACTION event=capability_decision bot=Bob {context=observable_cell_query, capability=HIDDEN_BLOCK_SCAN, profile=strict_survival, allowed=false, reason=DENIED_STRICT_SURVIVAL}
[23:48:27] [Server thread/INFO]: [AIBot] ACTION event=capability_decision bot=Bob {context=observable_entity_query, capability=HIDDEN_BLOCK_SCAN, profile=strict_survival, allowed=false, reason=DENIED_STRICT_SURVIVAL}
[23:48:27] [Server thread/WARN]: [AIBot] PERCEPTION event=snapshot_slow bot=Bob {elapsed_ms=11}
[23:48:27] [Server thread/WARN]: [AIBot] PERCEPTION event=snapshot_slow bot=Bob {elapsed_ms=15}
[23:48:28] [Server thread/WARN]: [AIBot] PERCEPTION event=snapshot_slow bot=Bob {elapsed_ms=12}
[23:48:28] [Server thread/WARN]: [AIBot] PERCEPTION event=snapshot_slow bot=Bob {elapsed_ms=12}
[23:48:28] [Server thread/INFO]: [AIBot] ACTION event=diag_snapshot bot=Bob {on_ground=true, hp=20.0/20.0, mining_idle=true, nearby=animals=0 hostiles=0, inv=minecraft:stone_axex1 minecraft:wooden_swordx1 minecraft:crafting_tablex1 minecraft:stickx2 minecraft:wooden_pickaxex1 minecraft:wooden_axex1 minecraft:cobblestonex16 minecraft:stone_pickaxex1 minecraft:cherry_planksx1 minecraft:eggx1 minecraft:stone_swordx1 minecraft:raw_ironx2 minecraft:oak_logx1, path_idle=true, food=19, air=300, mode=survival, task=gather, task_progress=1.0, goal=none, task_phase=DONE, in_lava=false, step=, light=4, submerged=false, task_state=COMPLETED, held=minecraft:stone_pickaxex1, fall=0.0, pos=573,63,153}
[23:48:29] [Server thread/WARN]: [AIBot] PERCEPTION event=snapshot_slow bot=Bob {elapsed_ms=18}
[23:48:29] [Server thread/WARN]: [AIBot] PERCEPTION event=snapshot_slow bot=Bob {elapsed_ms=18}
[23:48:30] [Server thread/WARN]: [AIBot] PERCEPTION event=snapshot_slow bot=Bob {elapsed_ms=19}
[23:48:30] [Server thread/WARN]: [AIBot] PERCEPTION event=snapshot_slow bot=Bob {elapsed_ms=19}
[23:48:30] [Server thread/INFO]: [AIBot] ACTION event=diag_snapshot bot=Bob {on_ground=true, hp=20.0/20.0, mining_idle=true, nearby=animals=0 hostiles=0, inv=minecraft:stone_axex1 minecraft:wooden_swordx1 minecraft:crafting_tablex1 minecraft:stickx2 minecraft:wooden_pickaxex1 minecraft:wooden_axex1 minecraft:cobblestonex16 minecraft:stone_pickaxex1 minecraft:cherry_planksx1 minecraft:eggx1 minecraft:stone_swordx1 minecraft:raw_ironx2 minecraft:oak_logx1, path_idle=true, food=19, air=300, mode=survival, task=gather, task_progress=1.0, goal=none, task_phase=DONE, in_lava=false, step=, light=4, submerged=false, task_state=COMPLETED, held=minecraft:stone_pickaxex1, fall=0.0, pos=573,63,153}
[23:48:31] [Server thread/WARN]: [AIBot] PERCEPTION event=snapshot_slow bot=Bob {elapsed_ms=18}
[23:48:31] [Server thread/INFO]: [AIBot] ACTION event=capability_decision bot=Bob {context=observable_block_query, capability=HIDDEN_BLOCK_SCAN, profile=strict_survival, allowed=false, reason=DENIED_STRICT_SURVIVAL}
[23:48:31] [Server thread/INFO]: [AIBot] ACTION event=capability_decision bot=Bob {context=perception_snapshot, capability=HIDDEN_BLOCK_SCAN, profile=strict_survival, allowed=false, reason=DENIED_STRICT_SURVIVAL}
[23:48:31] [Server thread/WARN]: [AIBot] PERCEPTION event=snapshot_slow bot=Bob {elapsed_ms=13}
[23:48:31] [Server thread/INFO]: [AIBot] ACTION event=capability_decision bot=Bob {context=observable_cell_query, capability=HIDDEN_BLOCK_SCAN, profile=strict_survival, allowed=false, reason=DENIED_STRICT_SURVIVAL}
[23:48:32] [Server thread/INFO]: [AIBot] ACTION event=capability_decision bot=Bob {context=observable_entity_query, capability=HIDDEN_BLOCK_SCAN, profile=strict_survival, allowed=false, reason=DENIED_STRICT_SURVIVAL}
[23:48:32] [Server thread/WARN]: [AIBot] PERCEPTION event=snapshot_slow bot=Bob {elapsed_ms=16}
[23:48:32] [Server thread/WARN]: [AIBot] PERCEPTION event=snapshot_slow bot=Bob {elapsed_ms=17}
[23:48:32] [Server thread/INFO]: [AIBot] ACTION event=capability_decision bot=Bob {context=diagnostic_nearby, capability=HIDDEN_BLOCK_SCAN, profile=strict_survival, allowed=false, reason=DENIED_STRICT_SURVIVAL}
[23:48:32] [Server thread/INFO]: [AIBot] ACTION event=diag_snapshot bot=Bob {on_ground=true, hp=20.0/20.0, mining_idle=true, nearby=animals=0 hostiles=0, inv=minecraft:stone_axex1 minecraft:wooden_swordx1 minecraft:crafting_tablex1 minecraft:stickx2 minecraft:wooden_pickaxex1 minecraft:wooden_axex1 minecraft:cobblestonex16 minecraft:stone_pickaxex1 minecraft:cherry_planksx1 minecraft:eggx1 minecraft:stone_swordx1 minecraft:raw_ironx2 minecraft:oak_logx1, path_idle=true, food=19, air=300, mode=survival, task=gather, task_progress=1.0, goal=none, task_phase=DONE, in_lava=false, step=, light=4, submerged=false, task_state=COMPLETED, held=minecraft:stone_pickaxex1, fall=0.0, pos=573,63,153}
[23:48:33] [Server thread/WARN]: [AIBot] PERCEPTION event=snapshot_slow bot=Bob {elapsed_ms=19}
[23:48:33] [Server thread/WARN]: [AIBot] PERCEPTION event=snapshot_slow bot=Bob {elapsed_ms=18}
[23:48:34] [Server thread/WARN]: [AIBot] PERCEPTION event=snapshot_slow bot=Bob {elapsed_ms=18}
[23:48:34] [Server thread/WARN]: [AIBot] PERCEPTION event=snapshot_slow bot=Bob {elapsed_ms=17}
[23:48:34] [Server thread/INFO]: [AIBot] ACTION event=diag_snapshot bot=Bob {on_ground=true, hp=20.0/20.0, mining_idle=true, nearby=animals=0 hostiles=0, inv=minecraft:stone_axex1 minecraft:wooden_swordx1 minecraft:crafting_tablex1 minecraft:stickx2 minecraft:wooden_pickaxex1 minecraft:wooden_axex1 minecraft:cobblestonex16 minecraft:stone_pickaxex1 minecraft:cherry_planksx1 minecraft:eggx1 minecraft:stone_swordx1 minecraft:raw_ironx2 minecraft:oak_logx1, path_idle=true, food=19, air=300, mode=survival, task=gather, task_progress=1.0, goal=none, task_phase=DONE, in_lava=false, step=, light=4, submerged=false, task_state=COMPLETED, held=minecraft:stone_pickaxex1, fall=0.0, pos=573,63,153}
[23:48:35] [Server thread/WARN]: [AIBot] PERCEPTION event=snapshot_slow bot=Bob {elapsed_ms=22}
[23:48:35] [Server thread/WARN]: [AIBot] PERCEPTION event=snapshot_slow bot=Bob {elapsed_ms=17}
[23:48:36] [Server thread/WARN]: [AIBot] PERCEPTION event=snapshot_slow bot=Bob {elapsed_ms=19}
[23:48:36] [Server thread/INFO]: [AIBot] ACTION event=capability_decision bot=Bob {context=observable_block_query, capability=HIDDEN_BLOCK_SCAN, profile=strict_survival, allowed=false, reason=DENIED_STRICT_SURVIVAL}
[23:48:36] [Server thread/INFO]: [AIBot] ACTION event=capability_decision bot=Bob {context=perception_snapshot, capability=HIDDEN_BLOCK_SCAN, profile=strict_survival, allowed=false, reason=DENIED_STRICT_SURVIVAL}
[23:48:36] [Server thread/WARN]: [AIBot] PERCEPTION event=snapshot_slow bot=Bob {elapsed_ms=11}
[23:48:36] [Server thread/INFO]: [AIBot] ACTION event=diag_snapshot bot=Bob {on_ground=true, hp=20.0/20.0, mining_idle=true, nearby=animals=0 hostiles=0, inv=minecraft:stone_axex1 minecraft:wooden_swordx1 minecraft:crafting_tablex1 minecraft:stickx2 minecraft:wooden_pickaxex1 minecraft:wooden_axex1 minecraft:cobblestonex16 minecraft:stone_pickaxex1 minecraft:cherry_planksx1 minecraft:eggx1 minecraft:stone_swordx1 minecraft:raw_ironx2 minecraft:oak_logx1, path_idle=true, food=19, air=300, mode=survival, task=gather, task_progress=1.0, goal=none, task_phase=DONE, in_lava=false, step=, light=4, submerged=false, task_state=COMPLETED, held=minecraft:stone_pickaxex1, fall=0.0, pos=573,63,153}
[23:48:36] [Server thread/INFO]: [AIBot] ACTION event=capability_decision bot=Bob {context=observable_cell_query, capability=HIDDEN_BLOCK_SCAN, profile=strict_survival, allowed=false, reason=DENIED_STRICT_SURVIVAL}
[23:48:37] [Server thread/INFO]: [AIBot] ACTION event=capability_decision bot=Bob {context=observable_entity_query, capability=HIDDEN_BLOCK_SCAN, profile=strict_survival, allowed=false, reason=DENIED_STRICT_SURVIVAL}
[23:48:37] [Server thread/WARN]: [AIBot] PERCEPTION event=snapshot_slow bot=Bob {elapsed_ms=19}
[23:48:37] [Server thread/WARN]: [AIBot] PERCEPTION event=snapshot_slow bot=Bob {elapsed_ms=11}
[23:48:38] [Server thread/WARN]: [AIBot] PERCEPTION event=snapshot_slow bot=Bob {elapsed_ms=13}
[23:48:38] [Server thread/WARN]: [AIBot] PERCEPTION event=snapshot_slow bot=Bob {elapsed_ms=12}
[23:48:38] [Server thread/INFO]: [AIBot] ACTION event=capability_decision bot=Bob {context=diagnostic_nearby, capability=HIDDEN_BLOCK_SCAN, profile=strict_survival, allowed=false, reason=DENIED_STRICT_SURVIVAL}
[23:48:38] [Server thread/INFO]: [AIBot] ACTION event=diag_snapshot bot=Bob {on_ground=true, hp=20.0/20.0, mining_idle=true, nearby=animals=0 hostiles=0, inv=minecraft:stone_axex1 minecraft:wooden_swordx1 minecraft:crafting_tablex1 minecraft:stickx2 minecraft:wooden_pickaxex1 minecraft:wooden_axex1 minecraft:cobblestonex16 minecraft:stone_pickaxex1 minecraft:cherry_planksx1 minecraft:eggx1 minecraft:stone_swordx1 minecraft:raw_ironx2 minecraft:oak_logx1, path_idle=true, food=19, air=300, mode=survival, task=gather, task_progress=1.0, goal=none, task_phase=DONE, in_lava=false, step=, light=4, submerged=false, task_state=COMPLETED, held=minecraft:stone_pickaxex1, fall=0.0, pos=573,63,153}
[23:48:39] [Server thread/WARN]: [AIBot] PERCEPTION event=snapshot_slow bot=Bob {elapsed_ms=13}
[23:48:39] [Server thread/WARN]: [AIBot] PERCEPTION event=snapshot_slow bot=Bob {elapsed_ms=12}
[23:48:40] [Server thread/INFO]: [AIBot] COMM event=findpath_timeout_diag bot=- {dig=false, ms=51, explored=2299, open=112}
[23:48:40] [Server thread/INFO]: [AIBot] COMM event=findpath_timeout_diag bot=- {dig=false, ms=51, explored=3073, open=141}
[23:48:40] [Server thread/INFO]: [AIBot] COMM event=findpath_timeout_diag bot=- {dig=false, ms=51, explored=3535, open=169}
[23:48:40] [Server thread/INFO]: [AIBot] ACTION event=creeper_defense_escape_started bot=Bob {source_id=e152a3b4-b7f2-4e37-9168-54ba4be5dda9, goal=class_2338{x=563, y=63, z=158}, source=class_2338{x=568, y=63, z=142}, reason=initial, hidden_ticks=0}
[23:48:40] [Server thread/INFO]: [AIBot] TASK event=task_assigned bot=Bob {name=creeper_defense, origin_reason=creeper_defense, params=Creeper defense phase=ESCAPE source=568,63,142 source_id=e152a3b4-b7f2-4e37-9168-54ba4be5dda9 escape=563,63,158 core_remaining=0 wing_remaining=0 wall_placed=0 hidden_ticks=0, origin=SAFETY}
[23:48:40] [Server thread/INFO]: [AIBot] DANGER event=creeper_defense_started bot=Bob {source=class_2338{x=568, y=63, z=142}, replaced=none, replace_in_place=false, paused_depth=0}
[23:48:40] [Server thread/INFO]: [AIBot] ACTION event=fake_player_jump bot=Bob {from=class_2338{x=573, y=63, z=153}, to=class_2338{x=572, y=64, z=153}, reason=path_jump_up}
[23:48:40] [Server thread/INFO]: [AIBot] PROFILE event=tps_guard_state bot=- {avg_tick_ms=56.33, degraded=true, estimated_tps=17.75}
[23:48:40] [Server thread/WARN]: [AIBot] PERCEPTION event=snapshot_slow bot=Bob {elapsed_ms=18}
[23:48:40] [Server thread/INFO]: [AIBot] PROFILE event=tps_guard_state bot=- {avg_tick_ms=54.81, degraded=false, estimated_tps=18.25}
[23:48:40] [Server thread/INFO]: [AIBot] COMM event=findpath_timeout_diag bot=- {dig=false, ms=52, explored=5880, open=183}
[23:48:40] [Server thread/INFO]: [AIBot] ACTION event=creeper_defense_escape_started bot=Bob {source_id=e152a3b4-b7f2-4e37-9168-54ba4be5dda9, goal=class_2338{x=562, y=63, z=161}, source=class_2338{x=568, y=63, z=143}, reason=away_displacement_stalled, hidden_ticks=0}
[23:48:40] [Server thread/INFO]: [AIBot] PROFILE event=profile_slow_section bot=- {elapsed_ms=53.69, bot=Bob, section=task_tick}
[23:48:40] [Server thread/WARN]: [AIBot] PERCEPTION event=snapshot_slow bot=Bob {elapsed_ms=20}
[23:48:40] [Server thread/INFO]: [AIBot] ACTION event=diag_snapshot bot=Bob {on_ground=true, hp=20.0/20.0, mining_idle=true, nearby=animals=0 hostiles=1(creeper@10), inv=minecraft:stone_axex1 minecraft:wooden_swordx1 minecraft:crafting_tablex1 minecraft:stickx2 minecraft:wooden_pickaxex1 minecraft:wooden_axex1 minecraft:cobblestonex16 minecraft:stone_pickaxex1 minecraft:cherry_planksx1 minecraft:eggx1 minecraft:stone_swordx1 minecraft:raw_ironx2 minecraft:oak_logx1, path_idle=false, food=19, air=300, mode=survival, task=creeper_defense, task_progress=0.0, goal=none, task_phase=ESCAPE, in_lava=false, step=, light=4, submerged=false, task_state=RUNNING, held=minecraft:stone_pickaxex1, fall=0.0, pos=570,64,153}
[23:48:41] [Server thread/INFO]: [AIBot] ACTION event=fake_player_step bot=Bob {from=class_2338{x=568, y=64, z=153}, to=class_2338{x=568, y=63, z=154}, reason=path_drop_down}
[23:48:41] [Server thread/WARN]: [AIBot] PERCEPTION event=snapshot_slow bot=Bob {elapsed_ms=12}
[23:48:41] [Server thread/INFO]: [AIBot] ACTION event=capability_decision bot=Bob {context=perception_snapshot, capability=HIDDEN_BLOCK_SCAN, profile=strict_survival, allowed=false, reason=DENIED_STRICT_SURVIVAL}
[23:48:41] [Server thread/INFO]: [AIBot] ACTION event=capability_decision bot=Bob {context=observable_block_query, capability=HIDDEN_BLOCK_SCAN, profile=strict_survival, allowed=false, reason=DENIED_STRICT_SURVIVAL}
[23:48:41] [Server thread/WARN]: [AIBot] PERCEPTION event=snapshot_slow bot=Bob {elapsed_ms=13}
[23:48:41] [Server thread/INFO]: [AIBot] ACTION event=capability_decision bot=Bob {context=observable_cell_query, capability=HIDDEN_BLOCK_SCAN, profile=strict_survival, allowed=false, reason=DENIED_STRICT_SURVIVAL}
[23:48:42] [Server thread/INFO]: [AIBot] ACTION event=capability_decision bot=Bob {context=observable_entity_query, capability=HIDDEN_BLOCK_SCAN, profile=strict_survival, allowed=false, reason=DENIED_STRICT_SURVIVAL}
[23:48:42] [Server thread/WARN]: [AIBot] PERCEPTION event=snapshot_slow bot=Bob {elapsed_ms=18}
[23:48:42] [Server thread/INFO]: [AIBot] ACTION event=creeper_defense_escape_started bot=Bob {source_id=e152a3b4-b7f2-4e37-9168-54ba4be5dda9, goal=class_2338{x=557, y=63, z=167}, source=class_2338{x=568, y=63, z=143}, reason=route_boundary, hidden_ticks=5}
[23:48:42] [Server thread/WARN]: [AIBot] PERCEPTION event=snapshot_slow bot=Bob {elapsed_ms=18}
[23:48:42] [Server thread/INFO]: [AIBot] ACTION event=diag_snapshot bot=Bob {on_ground=true, hp=20.0/20.0, mining_idle=true, nearby=animals=0 hostiles=0, inv=minecraft:stone_axex1 minecraft:wooden_swordx1 minecraft:crafting_tablex1 minecraft:stickx2 minecraft:wooden_pickaxex1 minecraft:wooden_axex1 minecraft:cobblestonex16 minecraft:stone_pickaxex1 minecraft:cherry_planksx1 minecraft:eggx1 minecraft:stone_swordx1 minecraft:raw_ironx2 minecraft:oak_logx1, path_idle=false, food=19, air=300, mode=survival, task=creeper_defense, task_progress=0.1, goal=none, task_phase=ESCAPE, in_lava=false, step=, light=4, submerged=false, task_state=RUNNING, held=minecraft:stone_pickaxex1, fall=0.0, pos=563,63,160}
[23:48:43] [Server thread/WARN]: [AIBot] PERCEPTION event=snapshot_slow bot=Bob {elapsed_ms=18}
[23:48:43] [Server thread/WARN]: [AIBot] PERCEPTION event=snapshot_slow bot=Bob {elapsed_ms=14}
[23:48:43] [Server thread/INFO]: [AIBot] ACTION event=creeper_defense_escape_started bot=Bob {source_id=e152a3b4-b7f2-4e37-9168-54ba4be5dda9, goal=class_2338{x=555, y=63, z=175}, source=class_2338{x=568, y=63, z=143}, reason=route_boundary, hidden_ticks=32}
[23:48:44] [Server thread/INFO]: [AIBot] ACTION event=fake_player_jump bot=Bob {from=class_2338{x=557, y=63, z=166}, to=class_2338{x=556, y=64, z=166}, reason=path_jump_up}
[23:48:44] [Server thread/WARN]: [AIBot] PERCEPTION event=snapshot_slow bot=Bob {elapsed_ms=13}
[23:48:44] [Server thread/INFO]: [AIBot] DANGER event=creeper_defense_risk_owner_changed bot=Bob {from=e152a3b4-b7f2-4e37-9168-54ba4be5dda9, to=1cbcce7a-76e8-490f-bcf1-72922d8f0974, rank=1, source=class_2338{x=543, y=67, z=169}, distance_sq=130.6318516838344}
[23:48:44] [Server thread/INFO]: [AIBot] ACTION event=creeper_defense_escape_started bot=Bob {source_id=1cbcce7a-76e8-490f-bcf1-72922d8f0974, goal=class_2338{x=560, y=64, z=157}, source=class_2338{x=543, y=67, z=169}, reason=risk_owner_changed, hidden_ticks=0}
[23:48:44] [Server thread/WARN]: [AIBot] PERCEPTION event=snapshot_slow bot=Bob {elapsed_ms=19}
[23:48:44] [Server thread/INFO]: [AIBot] ACTION event=capability_decision bot=Bob {context=diagnostic_nearby, capability=HIDDEN_BLOCK_SCAN, profile=strict_survival, allowed=false, reason=DENIED_STRICT_SURVIVAL}
[23:48:44] [Server thread/INFO]: [AIBot] ACTION event=diag_snapshot bot=Bob {on_ground=true, hp=20.0/20.0, mining_idle=true, nearby=animals=0 hostiles=1(creeper@11), inv=minecraft:stone_axex1 minecraft:wooden_swordx1 minecraft:crafting_tablex1 minecraft:stickx2 minecraft:wooden_pickaxex1 minecraft:wooden_axex1 minecraft:cobblestonex16 minecraft:stone_pickaxex1 minecraft:cherry_planksx1 minecraft:eggx1 minecraft:stone_swordx1 minecraft:raw_ironx2 minecraft:oak_logx1, path_idle=false, food=19, air=300, mode=survival, task=creeper_defense, task_progress=0.2, goal=none, task_phase=ESCAPE, in_lava=false, step=, light=4, submerged=false, task_state=RUNNING, held=minecraft:stone_pickaxex1, fall=0.0, pos=554,64,167}
[23:48:45] [Server thread/WARN]: [AIBot] PERCEPTION event=snapshot_slow bot=Bob {elapsed_ms=19}
[23:48:45] [Server thread/WARN]: [AIBot] PERCEPTION event=snapshot_slow bot=Bob {elapsed_ms=20}
[23:48:46] [Server thread/WARN]: [AIBot] PERCEPTION event=snapshot_slow bot=Bob {elapsed_ms=18}
[23:48:46] [Server thread/INFO]: [AIBot] DANGER event=creeper_defense_risk_owner_changed bot=Bob {from=1cbcce7a-76e8-490f-bcf1-72922d8f0974, to=e152a3b4-b7f2-4e37-9168-54ba4be5dda9, rank=1, source=class_2338{x=568, y=63, z=143}, distance_sq=344.3480398315701}
[23:48:46] [Server thread/INFO]: [AIBot] ACTION event=creeper_defense_escape_started bot=Bob {source_id=e152a3b4-b7f2-4e37-9168-54ba4be5dda9, goal=class_2338{x=552, y=64, z=169}, source=class_2338{x=568, y=63, z=143}, reason=risk_owner_changed, hidden_ticks=89}
[23:48:46] [Server thread/INFO]: [AIBot] ACTION event=capability_decision bot=Bob {context=observable_block_query, capability=HIDDEN_BLOCK_SCAN, profile=strict_survival, allowed=false, reason=DENIED_STRICT_SURVIVAL}
[23:48:46] [Server thread/INFO]: [AIBot] ACTION event=capability_decision bot=Bob {context=perception_snapshot, capability=HIDDEN_BLOCK_SCAN, profile=strict_survival, allowed=false, reason=DENIED_STRICT_SURVIVAL}
[23:48:46] [Server thread/WARN]: [AIBot] PERCEPTION event=snapshot_slow bot=Bob {elapsed_ms=13}
[23:48:46] [Server thread/INFO]: [AIBot] ACTION event=diag_snapshot bot=Bob {on_ground=true, hp=20.0/20.0, mining_idle=true, nearby=animals=0 hostiles=0, inv=minecraft:stone_axex1 minecraft:wooden_swordx1 minecraft:crafting_tablex1 minecraft:stickx2 minecraft:wooden_pickaxex1 minecraft:wooden_axex1 minecraft:cobblestonex16 minecraft:stone_pickaxex1 minecraft:cherry_planksx1 minecraft:eggx1 minecraft:stone_swordx1 minecraft:raw_ironx2 minecraft:oak_logx1, path_idle=false, food=19, air=300, mode=survival, task=creeper_defense, task_progress=0.3, goal=none, task_phase=ESCAPE, in_lava=false, step=, light=4, submerged=false, task_state=RUNNING, held=minecraft:stone_pickaxex1, fall=0.0, pos=559,64,159}
[23:48:46] [Server thread/INFO]: [AIBot] DANGER event=creeper_defense_risk_owner_changed bot=Bob {from=e152a3b4-b7f2-4e37-9168-54ba4be5dda9, to=1cbcce7a-76e8-490f-bcf1-72922d8f0974, rank=1, source=class_2338{x=543, y=67, z=169}, distance_sq=344.3211924577928}
[23:48:46] [Server thread/INFO]: [AIBot] ACTION event=creeper_defense_escape_started bot=Bob {source_id=1cbcce7a-76e8-490f-bcf1-72922d8f0974, goal=class_2338{x=569, y=64, z=153}, source=class_2338{x=543, y=67, z=169}, reason=risk_owner_changed, hidden_ticks=40}
[23:48:47] [Server thread/INFO]: [AIBot] DANGER event=creeper_defense_risk_owner_changed bot=Bob {from=1cbcce7a-76e8-490f-bcf1-72922d8f0974, to=e152a3b4-b7f2-4e37-9168-54ba4be5dda9, rank=1, source=class_2338{x=568, y=63, z=143}, distance_sq=351.5210792286344}
[23:48:47] [Server thread/INFO]: [AIBot] ACTION event=creeper_defense_escape_started bot=Bob {source_id=e152a3b4-b7f2-4e37-9168-54ba4be5dda9, goal=class_2338{x=553, y=64, z=170}, source=class_2338{x=568, y=63, z=143}, reason=risk_owner_changed, hidden_ticks=99}
[23:48:47] [Server thread/INFO]: [AIBot] ACTION event=capability_decision bot=Bob {context=observable_entity_query, capability=HIDDEN_BLOCK_SCAN, profile=strict_survival, allowed=false, reason=DENIED_STRICT_SURVIVAL}
[23:48:47] [Server thread/WARN]: [AIBot] PERCEPTION event=snapshot_slow bot=Bob {elapsed_ms=21}
[23:48:47] [Server thread/INFO]: [AIBot] DANGER event=creeper_defense_risk_owner_changed bot=Bob {from=e152a3b4-b7f2-4e37-9168-54ba4be5dda9, to=1cbcce7a-76e8-490f-bcf1-72922d8f0974, rank=1, source=class_2338{x=543, y=67, z=169}, distance_sq=364.69555854050554}
[23:48:47] [Server thread/INFO]: [AIBot] ACTION event=creeper_defense_escape_started bot=Bob {source_id=1cbcce7a-76e8-490f-bcf1-72922d8f0974, goal=class_2338{x=570, y=64, z=153}, source=class_2338{x=543, y=67, z=169}, reason=risk_owner_changed, hidden_ticks=47}
[23:48:47] [Server thread/INFO]: [AIBot] ACTION event=capability_decision bot=Bob {context=observable_cell_query, capability=HIDDEN_BLOCK_SCAN, profile=strict_survival, allowed=false, reason=DENIED_STRICT_SURVIVAL}
[23:48:47] [Server thread/INFO]: [AIBot] ACTION event=fake_player_step bot=Bob {from=class_2338{x=560, y=64, z=159}, to=class_2338{x=561, y=63, z=159}, reason=path_drop_down}
[23:48:47] [Server thread/WARN]: [AIBot] PERCEPTION event=snapshot_slow bot=Bob {elapsed_ms=14}
[23:48:48] [Server thread/INFO]: [AIBot] DANGER event=creeper_defense_risk_owner_changed bot=Bob {from=1cbcce7a-76e8-490f-bcf1-72922d8f0974, to=e152a3b4-b7f2-4e37-9168-54ba4be5dda9, rank=1, source=class_2338{x=568, y=63, z=143}, distance_sq=238.83030092095933}
[23:48:48] [Server thread/INFO]: [AIBot] ACTION event=creeper_defense_escape_started bot=Bob {source_id=e152a3b4-b7f2-4e37-9168-54ba4be5dda9, goal=class_2338{x=558, y=63, z=167}, source=class_2338{x=568, y=63, z=143}, reason=risk_owner_changed, hidden_ticks=0}
[23:48:48] [Server thread/WARN]: [AIBot] PERCEPTION event=snapshot_slow bot=Bob {elapsed_ms=13}
[23:48:48] [Server thread/WARN]: [AIBot] PERCEPTION event=snapshot_slow bot=Bob {elapsed_ms=20}
[23:48:48] [Server thread/INFO]: [AIBot] ACTION event=diag_snapshot bot=Bob {on_ground=true, hp=20.0/20.0, mining_idle=true, nearby=animals=0 hostiles=0, inv=minecraft:stone_axex1 minecraft:wooden_swordx1 minecraft:crafting_tablex1 minecraft:stickx2 minecraft:wooden_pickaxex1 minecraft:wooden_axex1 minecraft:cobblestonex16 minecraft:stone_pickaxex1 minecraft:cherry_planksx1 minecraft:eggx1 minecraft:stone_swordx1 minecraft:raw_ironx2 minecraft:oak_logx1, path_idle=false, food=19, air=300, mode=survival, task=creeper_defense, task_progress=0.4, goal=none, task_phase=ESCAPE, in_lava=false, step=, light=4, submerged=false, task_state=RUNNING, held=minecraft:stone_pickaxex1, fall=0.0, pos=563,63,160}
[23:48:49] [Server thread/INFO]: [AIBot] DANGER event=creeper_defense_risk_owner_changed bot=Bob {from=e152a3b4-b7f2-4e37-9168-54ba4be5dda9, to=1cbcce7a-76e8-490f-bcf1-72922d8f0974, rank=1, source=class_2338{x=543, y=67, z=169}, distance_sq=391.84482208142003}
[23:48:49] [Server thread/INFO]: [AIBot] COMM event=findpath_timeout_diag bot=- {dig=false, ms=51, explored=7070, open=197}
[23:48:49] [Server thread/INFO]: [AIBot] COMM event=findpath_timeout_diag bot=- {dig=false, ms=51, explored=5850, open=175}
[23:48:49] [Server thread/INFO]: [AIBot] ACTION event=creeper_defense_escape_started bot=Bob {source_id=1cbcce7a-76e8-490f-bcf1-72922d8f0974, goal=class_2338{x=566, y=64, z=151}, source=class_2338{x=543, y=67, z=169}, reason=risk_owner_changed, hidden_ticks=86}
[23:48:49] [Server thread/INFO]: [AIBot] PROFILE event=profile_slow_section bot=- {elapsed_ms=107.12, bot=Bob, section=task_tick}
[23:48:49] [Server thread/WARN]: [AIBot] PERCEPTION event=snapshot_slow bot=Bob {elapsed_ms=20}
[23:48:49] [Server thread/INFO]: [AIBot] DANGER event=creeper_defense_risk_owner_changed bot=Bob {from=1cbcce7a-76e8-490f-bcf1-72922d8f0974, to=e152a3b4-b7f2-4e37-9168-54ba4be5dda9, rank=1, source=class_2338{x=568, y=63, z=143}, distance_sq=394.8981480669241}
[23:48:49] [Server thread/INFO]: [AIBot] ACTION event=creeper_defense_escape_started bot=Bob {source_id=e152a3b4-b7f2-4e37-9168-54ba4be5dda9, goal=class_2338{x=556, y=63, z=173}, source=class_2338{x=568, y=63, z=143}, reason=risk_owner_changed, hidden_ticks=22}
[23:48:49] [Server thread/INFO]: [AIBot] DANGER event=creeper_defense_risk_owner_changed bot=Bob {from=e152a3b4-b7f2-4e37-9168-54ba4be5dda9, to=1cbcce7a-76e8-490f-bcf1-72922d8f0974, rank=1, source=class_2338{x=543, y=67, z=169}, distance_sq=392.54496522251486}
[23:48:49] [Server thread/INFO]: [AIBot] COMM event=findpath_timeout_diag bot=- {dig=false, ms=51, explored=7194, open=198}
[23:48:49] [Server thread/INFO]: [AIBot] ACTION event=creeper_defense_escape_started bot=Bob {source_id=1cbcce7a-76e8-490f-bcf1-72922d8f0974, goal=class_2338{x=566, y=64, z=151}, source=class_2338{x=543, y=67, z=169}, reason=risk_owner_changed, hidden_ticks=96}
[23:48:49] [Server thread/INFO]: [AIBot] PROFILE event=profile_slow_section bot=- {elapsed_ms=54.74, bot=Bob, section=task_tick}
[23:48:49] [Server thread/WARN]: [AIBot] PERCEPTION event=snapshot_slow bot=Bob {elapsed_ms=20}
[23:48:49] [Server thread/INFO]: [AIBot] DANGER event=creeper_defense_risk_owner_changed bot=Bob {from=1cbcce7a-76e8-490f-bcf1-72922d8f0974, to=e152a3b4-b7f2-4e37-9168-54ba4be5dda9, rank=1, source=class_2338{x=568, y=63, z=143}, distance_sq=395.96844230992644}
[23:48:49] [Server thread/INFO]: [AIBot] ACTION event=creeper_defense_escape_started bot=Bob {source_id=e152a3b4-b7f2-4e37-9168-54ba4be5dda9, goal=class_2338{x=556, y=63, z=173}, source=class_2338{x=568, y=63, z=143}, reason=risk_owner_changed, hidden_ticks=32}
[23:48:50] [Server thread/INFO]: [AIBot] DANGER event=creeper_defense_watchdog bot=Bob {source=class_2338{x=568, y=63, z=143}, wall_placed=0, recent_risks=1, phase=ESCAPE, hidden_ticks=36, source_id=e152a3b4-b7f2-4e37-9168-54ba4be5dda9, distance_sq=397.72621040826533}
[23:48:50] [Server thread/WARN]: [AIBot] PERCEPTION event=snapshot_slow bot=Bob {elapsed_ms=20}
[23:48:50] [Server thread/WARN]: [AIBot] PERCEPTION event=snapshot_slow bot=Bob {elapsed_ms=19}
[23:48:50] [Server thread/INFO]: [AIBot] ACTION event=capability_decision bot=Bob {context=diagnostic_nearby, capability=HIDDEN_BLOCK_SCAN, profile=strict_survival, allowed=false, reason=DENIED_STRICT_SURVIVAL}
[23:48:50] [Server thread/INFO]: [AIBot] ACTION event=diag_snapshot bot=Bob {on_ground=true, hp=20.0/20.0, mining_idle=true, nearby=animals=0 hostiles=0, inv=minecraft:stone_axex1 minecraft:wooden_swordx1 minecraft:crafting_tablex1 minecraft:stickx2 minecraft:wooden_pickaxex1 minecraft:wooden_axex1 minecraft:cobblestonex16 minecraft:stone_pickaxex1 minecraft:cherry_planksx1 minecraft:eggx1 minecraft:stone_swordx1 minecraft:raw_ironx2 minecraft:oak_logx1, path_idle=false, food=19, air=300, mode=survival, task=creeper_defense, task_progress=0.5, goal=none, task_phase=ESCAPE, in_lava=false, step=, light=4, submerged=false, task_state=RUNNING, held=minecraft:stone_pickaxex1, fall=0.0, pos=559,63,164}
[23:48:51] [Server thread/INFO]: [AIBot] ACTION event=fake_player_jump bot=Bob {from=class_2338{x=557, y=63, z=166}, to=class_2338{x=556, y=64, z=166}, reason=path_jump_up}
[23:48:51] [Server thread/WARN]: [AIBot] PERCEPTION event=snapshot_slow bot=Bob {elapsed_ms=18}
[23:48:51] [Server thread/INFO]: [AIBot] DANGER event=creeper_defense_risk_owner_changed bot=Bob {from=e152a3b4-b7f2-4e37-9168-54ba4be5dda9, to=1cbcce7a-76e8-490f-bcf1-72922d8f0974, rank=1, source=class_2338{x=544, y=67, z=170}, distance_sq=124.4671098326425}
[23:48:51] [Server thread/INFO]: [AIBot] ACTION event=creeper_defense_escape_started bot=Bob {source_id=1cbcce7a-76e8-490f-bcf1-72922d8f0974, goal=class_2338{x=563, y=63, z=160}, source=class_2338{x=544, y=67, z=170}, reason=risk_owner_changed, hidden_ticks=0}
[23:48:51] [Server thread/INFO]: [AIBot] ACTION event=capability_decision bot=Bob {context=perception_snapshot, capability=HIDDEN_BLOCK_SCAN, profile=strict_survival, allowed=false, reason=DENIED_STRICT_SURVIVAL}
[23:48:51] [Server thread/INFO]: [AIBot] ACTION event=capability_decision bot=Bob {context=observable_block_query, capability=HIDDEN_BLOCK_SCAN, profile=strict_survival, allowed=false, reason=DENIED_STRICT_SURVIVAL}
[23:48:51] [Server thread/WARN]: [AIBot] PERCEPTION event=snapshot_slow bot=Bob {elapsed_ms=16}
[23:48:52] [Server thread/INFO]: [AIBot] ACTION event=capability_decision bot=Bob {context=observable_entity_query, capability=HIDDEN_BLOCK_SCAN, profile=strict_survival, allowed=false, reason=DENIED_STRICT_SURVIVAL}
[23:48:52] [Server thread/WARN]: [AIBot] PERCEPTION event=snapshot_slow bot=Bob {elapsed_ms=12}
[23:48:52] [Server thread/INFO]: [AIBot] ACTION event=fake_player_step bot=Bob {from=class_2338{x=556, y=64, z=166}, to=class_2338{x=557, y=63, z=166}, reason=path_drop_down}
[23:48:52] [Server thread/INFO]: [AIBot] ACTION event=capability_decision bot=Bob {context=observable_cell_query, capability=HIDDEN_BLOCK_SCAN, profile=strict_survival, allowed=false, reason=DENIED_STRICT_SURVIVAL}
[23:48:52] [Server thread/WARN]: [AIBot] PERCEPTION event=snapshot_slow bot=Bob {elapsed_ms=21}
[23:48:52] [Server thread/INFO]: [AIBot] ACTION event=diag_snapshot bot=Bob {on_ground=true, hp=20.0/20.0, mining_idle=true, nearby=animals=0 hostiles=0, inv=minecraft:stone_axex1 minecraft:wooden_swordx1 minecraft:crafting_tablex1 minecraft:stickx2 minecraft:wooden_pickaxex1 minecraft:wooden_axex1 minecraft:cobblestonex16 minecraft:stone_pickaxex1 minecraft:cherry_planksx1 minecraft:eggx1 minecraft:stone_swordx1 minecraft:raw_ironx2 minecraft:oak_logx1, path_idle=false, food=19, air=300, mode=survival, task=creeper_defense, task_progress=0.6, goal=none, task_phase=ESCAPE, in_lava=false, step=, light=4, submerged=false, task_state=RUNNING, held=minecraft:stone_pickaxex1, fall=0.0, pos=558,63,165}
[23:48:53] [Server thread/WARN]: [AIBot] PERCEPTION event=snapshot_slow bot=Bob {elapsed_ms=16}
[23:48:53] [Server thread/INFO]: [AIBot] ACTION event=creeper_defense_escape_started bot=Bob {source_id=1cbcce7a-76e8-490f-bcf1-72922d8f0974, goal=class_2338{x=572, y=64, z=155}, source=class_2338{x=545, y=67, z=171}, reason=route_boundary, hidden_ticks=20}
[23:48:53] [Server thread/WARN]: [AIBot] PERCEPTION event=snapshot_slow bot=Bob {elapsed_ms=12}
[23:48:54] [Server thread/WARN]: [AIBot] PERCEPTION event=snapshot_slow bot=Bob {elapsed_ms=14}
[23:48:54] [Server thread/INFO]: [AIBot] DANGER event=creeper_defense_risk_owner_changed bot=Bob {from=1cbcce7a-76e8-490f-bcf1-72922d8f0974, to=e152a3b4-b7f2-4e37-9168-54ba4be5dda9, rank=1, source=class_2338{x=568, y=63, z=143}, distance_sq=243.03115984853264}
[23:48:54] [Server thread/INFO]: [AIBot] ACTION event=creeper_defense_escape_started bot=Bob {source_id=e152a3b4-b7f2-4e37-9168-54ba4be5dda9, goal=class_2338{x=558, y=63, z=166}, source=class_2338{x=568, y=63, z=143}, reason=risk_owner_changed, hidden_ticks=0}
[23:48:54] [Server thread/WARN]: [AIBot] PERCEPTION event=snapshot_slow bot=Bob {elapsed_ms=15}
[23:48:54] [Server thread/INFO]: [AIBot] ACTION event=diag_snapshot bot=Bob {on_ground=true, hp=20.0/20.0, mining_idle=true, nearby=animals=0 hostiles=0, inv=minecraft:stone_axex1 minecraft:wooden_swordx1 minecraft:crafting_tablex1 minecraft:stickx2 minecraft:wooden_pickaxex1 minecraft:wooden_axex1 minecraft:cobblestonex16 minecraft:stone_pickaxex1 minecraft:cherry_planksx1 minecraft:eggx1 minecraft:stone_swordx1 minecraft:raw_ironx2 minecraft:oak_logx1, path_idle=false, food=19, air=300, mode=survival, task=creeper_defense, task_progress=0.6, goal=none, task_phase=ESCAPE, in_lava=false, step=, light=3, submerged=false, task_state=RUNNING, held=minecraft:stone_pickaxex1, fall=0.0, pos=564,63,159}
[23:48:55] [Server thread/WARN]: [AIBot] PERCEPTION event=snapshot_slow bot=Bob {elapsed_ms=13}
[23:48:55] [Server thread/INFO]: [AIBot] DANGER event=creeper_defense_risk_owner_changed bot=Bob {from=e152a3b4-b7f2-4e37-9168-54ba4be5dda9, to=1cbcce7a-76e8-490f-bcf1-72922d8f0974, rank=1, source=class_2338{x=545, y=67, z=171}, distance_sq=376.40820132529944}
[23:48:55] [Server thread/INFO]: [AIBot] ACTION event=creeper_defense_escape_started bot=Bob {source_id=1cbcce7a-76e8-490f-bcf1-72922d8f0974, goal=class_2338{x=571, y=63, z=155}, source=class_2338{x=545, y=67, z=171}, reason=risk_owner_changed, hidden_ticks=57}
[23:48:55] [Server thread/INFO]: [AIBot] DANGER event=creeper_defense_risk_owner_changed bot=Bob {from=1cbcce7a-76e8-490f-bcf1-72922d8f0974, to=e152a3b4-b7f2-4e37-9168-54ba4be5dda9, rank=1, source=class_2338{x=568, y=63, z=143}, distance_sq=378.52204592067733}
[23:48:55] [Server thread/INFO]: [AIBot] ACTION event=creeper_defense_escape_started bot=Bob {source_id=e152a3b4-b7f2-4e37-9168-54ba4be5dda9, goal=class_2338{x=556, y=63, z=173}, source=class_2338{x=568, y=63, z=143}, reason=risk_owner_changed, hidden_ticks=22}
[23:48:55] [Server thread/WARN]: [AIBot] PERCEPTION event=snapshot_slow bot=Bob {elapsed_ms=18}
[23:48:55] [Server thread/INFO]: [AIBot] DANGER event=creeper_defense_risk_owner_changed bot=Bob {from=e152a3b4-b7f2-4e37-9168-54ba4be5dda9, to=1cbcce7a-76e8-490f-bcf1-72922d8f0974, rank=1, source=class_2338{x=545, y=67, z=171}, distance_sq=374.3194631348294}
[23:48:55] [Server thread/INFO]: [AIBot] ACTION event=creeper_defense_escape_started bot=Bob {source_id=1cbcce7a-76e8-490f-bcf1-72922d8f0974, goal=class_2338{x=571, y=63, z=155}, source=class_2338{x=545, y=67, z=171}, reason=risk_owner_changed, hidden_ticks=67}
[23:48:56] [Server thread/INFO]: [AIBot] DANGER event=creeper_defense_risk_owner_changed bot=Bob {from=1cbcce7a-76e8-490f-bcf1-72922d8f0974, to=e152a3b4-b7f2-4e37-9168-54ba4be5dda9, rank=1, source=class_2338{x=568, y=63, z=143}, distance_sq=378.61902522951937}
[23:48:56] [Server thread/INFO]: [AIBot] ACTION event=creeper_defense_escape_started bot=Bob {source_id=e152a3b4-b7f2-4e37-9168-54ba4be5dda9, goal=class_2338{x=556, y=63, z=173}, source=class_2338{x=568, y=63, z=143}, reason=risk_owner_changed, hidden_ticks=32}
[23:48:56] [Server thread/WARN]: [AIBot] PERCEPTION event=snapshot_slow bot=Bob {elapsed_ms=21}
[23:48:56] [Server thread/INFO]: [AIBot] DANGER event=creeper_defense_risk_owner_changed bot=Bob {from=e152a3b4-b7f2-4e37-9168-54ba4be5dda9, to=1cbcce7a-76e8-490f-bcf1-72922d8f0974, rank=1, source=class_2338{x=545, y=67, z=171}, distance_sq=374.31455256857095}
[23:48:56] [Server thread/INFO]: [AIBot] ACTION event=creeper_defense_escape_started bot=Bob {source_id=1cbcce7a-76e8-490f-bcf1-72922d8f0974, goal=class_2338{x=571, y=63, z=155}, source=class_2338{x=545, y=67, z=171}, reason=risk_owner_changed, hidden_ticks=77}
[23:48:56] [Server thread/INFO]: [AIBot] DANGER event=creeper_defense_risk_owner_changed bot=Bob {from=1cbcce7a-76e8-490f-bcf1-72922d8f0974, to=e152a3b4-b7f2-4e37-9168-54ba4be5dda9, rank=1, source=class_2338{x=568, y=63, z=143}, distance_sq=378.6192536002508}
[23:48:56] [Server thread/INFO]: [AIBot] ACTION event=creeper_defense_escape_started bot=Bob {source_id=e152a3b4-b7f2-4e37-9168-54ba4be5dda9, goal=class_2338{x=556, y=63, z=173}, source=class_2338{x=568, y=63, z=143}, reason=risk_owner_changed, hidden_ticks=42}
[23:48:56] [Server thread/INFO]: [AIBot] ACTION event=capability_decision bot=Bob {context=observable_block_query, capability=HIDDEN_BLOCK_SCAN, profile=strict_survival, allowed=false, reason=DENIED_STRICT_SURVIVAL}
[23:48:56] [Server thread/INFO]: [AIBot] ACTION event=capability_decision bot=Bob {context=perception_snapshot, capability=HIDDEN_BLOCK_SCAN, profile=strict_survival, allowed=false, reason=DENIED_STRICT_SURVIVAL}
[23:48:56] [Server thread/WARN]: [AIBot] PERCEPTION event=snapshot_slow bot=Bob {elapsed_ms=18}
[23:48:56] [Server thread/INFO]: [AIBot] ACTION event=capability_decision bot=Bob {context=diagnostic_nearby, capability=HIDDEN_BLOCK_SCAN, profile=strict_survival, allowed=false, reason=DENIED_STRICT_SURVIVAL}
[23:48:56] [Server thread/INFO]: [AIBot] ACTION event=diag_snapshot bot=Bob {on_ground=true, hp=20.0/20.0, mining_idle=true, nearby=animals=0 hostiles=0, inv=minecraft:stone_axex1 minecraft:wooden_swordx1 minecraft:crafting_tablex1 minecraft:stickx2 minecraft:wooden_pickaxex1 minecraft:wooden_axex1 minecraft:cobblestonex16 minecraft:stone_pickaxex1 minecraft:cherry_planksx1 minecraft:eggx1 minecraft:stone_swordx1 minecraft:raw_ironx2 minecraft:oak_logx1, path_idle=false, food=19, air=300, mode=survival, task=creeper_defense, task_progress=0.6, goal=none, task_phase=ESCAPE, in_lava=false, step=, light=4, submerged=false, task_state=RUNNING, held=minecraft:stone_pickaxex1, fall=0.0, pos=562,63,161}
[23:48:56] [Server thread/INFO]: [AIBot] DANGER event=creeper_defense_risk_owner_changed bot=Bob {from=e152a3b4-b7f2-4e37-9168-54ba4be5dda9, to=1cbcce7a-76e8-490f-bcf1-72922d8f0974, rank=1, source=class_2338{x=545, y=67, z=171}, distance_sq=374.3145410059322}
[23:48:56] [Server thread/INFO]: [AIBot] ACTION event=creeper_defense_escape_started bot=Bob {source_id=1cbcce7a-76e8-490f-bcf1-72922d8f0974, goal=class_2338{x=571, y=63, z=155}, source=class_2338{x=545, y=67, z=171}, reason=risk_owner_changed, hidden_ticks=87}
[23:48:57] [Server thread/INFO]: [AIBot] ACTION event=capability_decision bot=Bob {context=observable_entity_query, capability=HIDDEN_BLOCK_SCAN, profile=strict_survival, allowed=false, reason=DENIED_STRICT_SURVIVAL}
[23:48:57] [Server thread/INFO]: [AIBot] DANGER event=creeper_defense_risk_owner_changed bot=Bob {from=1cbcce7a-76e8-490f-bcf1-72922d8f0974, to=e152a3b4-b7f2-4e37-9168-54ba4be5dda9, rank=1, source=class_2338{x=568, y=63, z=143}, distance_sq=378.61925413798565}
[23:48:57] [Server thread/INFO]: [AIBot] ACTION event=creeper_defense_escape_started bot=Bob {source_id=e152a3b4-b7f2-4e37-9168-54ba4be5dda9, goal=class_2338{x=556, y=63, z=173}, source=class_2338{x=568, y=63, z=143}, reason=risk_owner_changed, hidden_ticks=52}
[23:48:57] [Server thread/WARN]: [AIBot] PERCEPTION event=snapshot_slow bot=Bob {elapsed_ms=20}
[23:48:57] [Server thread/INFO]: [AIBot] DANGER event=creeper_defense_risk_owner_changed bot=Bob {from=e152a3b4-b7f2-4e37-9168-54ba4be5dda9, to=1cbcce7a-76e8-490f-bcf1-72922d8f0974, rank=1, source=class_2338{x=545, y=67, z=171}, distance_sq=374.3145409787032}
[23:48:57] [Server thread/INFO]: [AIBot] ACTION event=creeper_defense_escape_started bot=Bob {source_id=1cbcce7a-76e8-490f-bcf1-72922d8f0974, goal=class_2338{x=571, y=63, z=155}, source=class_2338{x=545, y=67, z=171}, reason=risk_owner_changed, hidden_ticks=97}
[23:48:57] [Server thread/INFO]: [AIBot] ACTION event=capability_decision bot=Bob {context=observable_cell_query, capability=HIDDEN_BLOCK_SCAN, profile=strict_survival, allowed=false, reason=DENIED_STRICT_SURVIVAL}
[23:48:57] [Server thread/INFO]: [AIBot] DANGER event=creeper_defense_risk_owner_changed bot=Bob {from=1cbcce7a-76e8-490f-bcf1-72922d8f0974, to=e152a3b4-b7f2-4e37-9168-54ba4be5dda9, rank=1, source=class_2338{x=568, y=63, z=143}, distance_sq=386.8351087934381}
[23:48:57] [Server thread/INFO]: [AIBot] ACTION event=creeper_defense_escape_started bot=Bob {source_id=e152a3b4-b7f2-4e37-9168-54ba4be5dda9, goal=class_2338{x=556, y=63, z=173}, source=class_2338{x=568, y=63, z=143}, reason=risk_owner_changed, hidden_ticks=61}
[23:48:57] [Server thread/WARN]: [AIBot] PERCEPTION event=snapshot_slow bot=Bob {elapsed_ms=18}
[23:48:58] [Server thread/WARN]: [AIBot] PERCEPTION event=snapshot_slow bot=Bob {elapsed_ms=21}
[23:48:58] [Server thread/INFO]: [AIBot] DANGER event=creeper_defense_risk_owner_changed bot=Bob {from=e152a3b4-b7f2-4e37-9168-54ba4be5dda9, to=1cbcce7a-76e8-490f-bcf1-72922d8f0974, rank=1, source=class_2338{x=546, y=66, z=172}, distance_sq=253.79518631721868}
[23:48:58] [Server thread/INFO]: [AIBot] COMM event=findpath_timeout_diag bot=- {dig=false, ms=51, explored=8130, open=161}
[23:48:58] [Server thread/INFO]: [AIBot] COMM event=findpath_timeout_diag bot=- {dig=false, ms=51, explored=7037, open=214}
[23:48:58] [Server thread/INFO]: [AIBot] ACTION event=creeper_defense_escape_started bot=Bob {source_id=1cbcce7a-76e8-490f-bcf1-72922d8f0974, goal=class_2338{x=563, y=64, z=151}, source=class_2338{x=546, y=66, z=172}, reason=risk_owner_changed, hidden_ticks=0}
[23:48:58] [Server thread/INFO]: [AIBot] PROFILE event=profile_slow_section bot=- {elapsed_ms=105.90, bot=Bob, section=task_tick}
[23:48:58] [Server thread/WARN]: [AIBot] PERCEPTION event=snapshot_slow bot=Bob {elapsed_ms=19}
[23:48:58] [Server thread/INFO]: [AIBot] ACTION event=diag_snapshot bot=Bob {on_ground=true, hp=20.0/20.0, mining_idle=true, nearby=animals=0 hostiles=0, inv=minecraft:stone_axex1 minecraft:wooden_swordx1 minecraft:crafting_tablex1 minecraft:stickx2 minecraft:wooden_pickaxex1 minecraft:wooden_axex1 minecraft:cobblestonex16 minecraft:stone_pickaxex1 minecraft:cherry_planksx1 minecraft:eggx1 minecraft:stone_swordx1 minecraft:raw_ironx2 minecraft:oak_logx1, path_idle=false, food=19, air=300, mode=survival, task=creeper_defense, task_progress=0.6, goal=none, task_phase=ESCAPE, in_lava=false, step=, light=4, submerged=false, task_state=RUNNING, held=minecraft:stone_pickaxex1, fall=0.0, pos=560,63,163}
[23:48:59] [Server thread/WARN]: [AIBot] PERCEPTION event=snapshot_slow bot=Bob {elapsed_ms=22}
[23:48:59] [Server thread/INFO]: [AIBot] DANGER event=creeper_defense_risk_owner_changed bot=Bob {from=1cbcce7a-76e8-490f-bcf1-72922d8f0974, to=e152a3b4-b7f2-4e37-9168-54ba4be5dda9, rank=1, source=class_2338{x=568, y=63, z=143}, distance_sq=370.8318361922475}
[23:48:59] [Server thread/INFO]: [AIBot] ACTION event=creeper_defense_escape_started bot=Bob {source_id=e152a3b4-b7f2-4e37-9168-54ba4be5dda9, goal=class_2338{x=556, y=63, z=173}, source=class_2338{x=568, y=63, z=143}, reason=risk_owner_changed, hidden_ticks=93}
[23:48:59] [Server thread/INFO]: [AIBot] DANGER event=creeper_defense_risk_owner_changed bot=Bob {from=e152a3b4-b7f2-4e37-9168-54ba4be5dda9, to=1cbcce7a-76e8-490f-bcf1-72922d8f0974, rank=1, source=class_2338{x=546, y=66, z=172}, distance_sq=365.04703076922203}
[23:48:59] [Server thread/INFO]: [AIBot] ACTION event=creeper_defense_escape_started bot=Bob {source_id=1cbcce7a-76e8-490f-bcf1-72922d8f0974, goal=class_2338{x=571, y=63, z=155}, source=class_2338{x=546, y=66, z=172}, reason=risk_owner_changed, hidden_ticks=18}
[23:48:59] [Server thread/WARN]: [AIBot] PERCEPTION event=snapshot_slow bot=Bob {elapsed_ms=23}
[23:49:00] [Server thread/INFO]: [AIBot] DANGER event=creeper_defense_watchdog bot=Bob {source=class_2338{x=546, y=66, z=172}, wall_placed=0, recent_risks=1, phase=ESCAPE, hidden_ticks=31, source_id=1cbcce7a-76e8-490f-bcf1-72922d8f0974, distance_sq=463.21610941162555}
[23:49:00] [Server thread/WARN]: [AIBot] PERCEPTION event=snapshot_slow bot=Bob {elapsed_ms=22}
[23:49:00] [Server thread/INFO]: [AIBot] DANGER event=creeper_defense_risk_owner_changed bot=Bob {from=1cbcce7a-76e8-490f-bcf1-72922d8f0974, to=e152a3b4-b7f2-4e37-9168-54ba4be5dda9, rank=1, source=class_2338{x=568, y=63, z=143}, distance_sq=243.13073879774387}
[23:49:00] [Server thread/INFO]: [AIBot] ACTION event=creeper_defense_escape_started bot=Bob {source_id=e152a3b4-b7f2-4e37-9168-54ba4be5dda9, goal=class_2338{x=558, y=63, z=166}, source=class_2338{x=568, y=63, z=143}, reason=risk_owner_changed, hidden_ticks=0}
[23:49:00] [Server thread/WARN]: [AIBot] PERCEPTION event=snapshot_slow bot=Bob {elapsed_ms=22}
[23:49:00] [Server thread/INFO]: [AIBot] ACTION event=diag_snapshot bot=Bob {on_ground=true, hp=20.0/20.0, mining_idle=true, nearby=animals=0 hostiles=1(creeper@15), inv=minecraft:stone_axex1 minecraft:wooden_swordx1 minecraft:crafting_tablex1 minecraft:stickx2 minecraft:wooden_pickaxex1 minecraft:wooden_axex1 minecraft:cobblestonex16 minecraft:stone_pickaxex1 minecraft:cherry_planksx1 minecraft:eggx1 minecraft:stone_swordx1 minecraft:raw_ironx2 minecraft:oak_logx1, path_idle=false, food=19, air=300, mode=survival, task=creeper_defense, task_progress=0.6, goal=none, task_phase=ESCAPE, in_lava=false, step=, light=3, submerged=false, task_state=RUNNING, held=minecraft:stone_pickaxex1, fall=0.0, pos=565,63,158}
[23:49:01] [Server thread/WARN]: [AIBot] PERCEPTION event=snapshot_slow bot=Bob {elapsed_ms=21}
[23:49:01] [Server thread/INFO]: [AIBot] DANGER event=creeper_defense_risk_owner_changed bot=Bob {from=e152a3b4-b7f2-4e37-9168-54ba4be5dda9, to=1cbcce7a-76e8-490f-bcf1-72922d8f0974, rank=1, source=class_2338{x=546, y=66, z=172}, distance_sq=367.6337449121791}
[23:49:01] [Server thread/INFO]: [AIBot] ACTION event=creeper_defense_escape_started bot=Bob {source_id=1cbcce7a-76e8-490f-bcf1-72922d8f0974, goal=class_2338{x=572, y=64, z=155}, source=class_2338{x=546, y=66, z=172}, reason=risk_owner_changed, hidden_ticks=58}
[23:49:01] [Server thread/INFO]: [AIBot] ACTION event=capability_decision bot=Bob {context=observable_block_query, capability=HIDDEN_BLOCK_SCAN, profile=strict_survival, allowed=false, reason=DENIED_STRICT_SURVIVAL}
[23:49:01] [Server thread/INFO]: [AIBot] ACTION event=capability_decision bot=Bob {context=perception_snapshot, capability=HIDDEN_BLOCK_SCAN, profile=strict_survival, allowed=false, reason=DENIED_STRICT_SURVIVAL}
[23:49:01] [Server thread/WARN]: [AIBot] PERCEPTION event=snapshot_slow bot=Bob {elapsed_ms=24}
[23:49:01] [Server thread/INFO]: [AIBot] DANGER event=creeper_defense_risk_owner_changed bot=Bob {from=1cbcce7a-76e8-490f-bcf1-72922d8f0974, to=e152a3b4-b7f2-4e37-9168-54ba4be5dda9, rank=1, source=class_2338{x=568, y=63, z=143}, distance_sq=368.90402226537884}
[23:49:01] [Server thread/INFO]: [AIBot] ACTION event=creeper_defense_escape_started bot=Bob {source_id=e152a3b4-b7f2-4e37-9168-54ba4be5dda9, goal=class_2338{x=556, y=63, z=173}, source=class_2338{x=568, y=63, z=143}, reason=risk_owner_changed, hidden_ticks=21}
[23:49:01] [Server thread/INFO]: [AIBot] DANGER event=creeper_defense_risk_owner_changed bot=Bob {from=e152a3b4-b7f2-4e37-9168-54ba4be5dda9, to=1cbcce7a-76e8-490f-bcf1-72922d8f0974, rank=1, source=class_2338{x=546, y=66, z=172}, distance_sq=365.5135190663305}
[23:49:01] [Server thread/INFO]: [AIBot] ACTION event=creeper_defense_escape_started bot=Bob {source_id=1cbcce7a-76e8-490f-bcf1-72922d8f0974, goal=class_2338{x=572, y=64, z=155}, source=class_2338{x=546, y=66, z=172}, reason=risk_owner_changed, hidden_ticks=68}
[23:49:02] [Server thread/INFO]: [AIBot] ACTION event=capability_decision bot=Bob {context=observable_entity_query, capability=HIDDEN_BLOCK_SCAN, profile=strict_survival, allowed=false, reason=DENIED_STRICT_SURVIVAL}
[23:49:02] [Server thread/WARN]: [AIBot] PERCEPTION event=snapshot_slow bot=Bob {elapsed_ms=21}
[23:49:02] [Server thread/INFO]: [AIBot] DANGER event=creeper_defense_risk_owner_changed bot=Bob {from=1cbcce7a-76e8-490f-bcf1-72922d8f0974, to=e152a3b4-b7f2-4e37-9168-54ba4be5dda9, rank=1, source=class_2338{x=568, y=63, z=143}, distance_sq=368.99946284642164}
[23:49:02] [Server thread/INFO]: [AIBot] ACTION event=creeper_defense_escape_started bot=Bob {source_id=e152a3b4-b7f2-4e37-9168-54ba4be5dda9, goal=class_2338{x=556, y=63, z=173}, source=class_2338{x=568, y=63, z=143}, reason=risk_owner_changed, hidden_ticks=31}
[23:49:02] [Server thread/INFO]: [AIBot] ACTION event=capability_decision bot=Bob {context=observable_cell_query, capability=HIDDEN_BLOCK_SCAN, profile=strict_survival, allowed=false, reason=DENIED_STRICT_SURVIVAL}
[23:49:02] [Server thread/INFO]: [AIBot] DANGER event=creeper_defense_risk_owner_changed bot=Bob {from=e152a3b4-b7f2-4e37-9168-54ba4be5dda9, to=1cbcce7a-76e8-490f-bcf1-72922d8f0974, rank=1, source=class_2338{x=546, y=66, z=172}, distance_sq=365.5085343567264}
[23:49:02] [Server thread/INFO]: [AIBot] ACTION event=creeper_defense_escape_started bot=Bob {source_id=1cbcce7a-76e8-490f-bcf1-72922d8f0974, goal=class_2338{x=572, y=64, z=155}, source=class_2338{x=546, y=66, z=172}, reason=risk_owner_changed, hidden_ticks=78}
[23:49:02] [Server thread/WARN]: [AIBot] PERCEPTION event=snapshot_slow bot=Bob {elapsed_ms=20}
[23:49:02] [Server thread/INFO]: [AIBot] ACTION event=capability_decision bot=Bob {context=diagnostic_nearby, capability=HIDDEN_BLOCK_SCAN, profile=strict_survival, allowed=false, reason=DENIED_STRICT_SURVIVAL}
[23:49:02] [Server thread/INFO]: [AIBot] ACTION event=diag_snapshot bot=Bob {on_ground=true, hp=20.0/20.0, mining_idle=true, nearby=animals=0 hostiles=0, inv=minecraft:stone_axex1 minecraft:wooden_swordx1 minecraft:crafting_tablex1 minecraft:stickx2 minecraft:wooden_pickaxex1 minecraft:wooden_axex1 minecraft:cobblestonex16 minecraft:stone_pickaxex1 minecraft:cherry_planksx1 minecraft:eggx1 minecraft:stone_swordx1 minecraft:raw_ironx2 minecraft:oak_logx1, path_idle=false, food=19, air=300, mode=survival, task=creeper_defense, task_progress=0.6, goal=none, task_phase=ESCAPE, in_lava=false, step=, light=4, submerged=false, task_state=RUNNING, held=minecraft:stone_pickaxex1, fall=0.0, pos=562,63,161}
[23:49:02] [Server thread/INFO]: [AIBot] DANGER event=creeper_defense_risk_owner_changed bot=Bob {from=1cbcce7a-76e8-490f-bcf1-72922d8f0974, to=e152a3b4-b7f2-4e37-9168-54ba4be5dda9, rank=1, source=class_2338{x=568, y=63, z=143}, distance_sq=368.99968759398064}
[23:49:02] [Server thread/INFO]: [AIBot] ACTION event=creeper_defense_escape_started bot=Bob {source_id=e152a3b4-b7f2-4e37-9168-54ba4be5dda9, goal=class_2338{x=556, y=63, z=173}, source=class_2338{x=568, y=63, z=143}, reason=risk_owner_changed, hidden_ticks=41}
[23:49:02] [Server thread/INFO]: [AIBot] DANGER event=creeper_defense_risk_owner_changed bot=Bob {from=e152a3b4-b7f2-4e37-9168-54ba4be5dda9, to=1cbcce7a-76e8-490f-bcf1-72922d8f0974, rank=1, source=class_2338{x=546, y=66, z=172}, distance_sq=365.50852261950905}
[23:49:02] [Server thread/INFO]: [AIBot] ACTION event=creeper_defense_escape_started bot=Bob {source_id=1cbcce7a-76e8-490f-bcf1-72922d8f0974, goal=class_2338{x=572, y=64, z=155}, source=class_2338{x=546, y=66, z=172}, reason=risk_owner_changed, hidden_ticks=88}
[23:49:03] [Server thread/WARN]: [AIBot] PERCEPTION event=snapshot_slow bot=Bob {elapsed_ms=23}
[23:49:03] [Server thread/INFO]: [AIBot] DANGER event=creeper_defense_risk_owner_changed bot=Bob {from=1cbcce7a-76e8-490f-bcf1-72922d8f0974, to=e152a3b4-b7f2-4e37-9168-54ba4be5dda9, rank=1, source=class_2338{x=568, y=63, z=143}, distance_sq=368.9996881231832}
[23:49:03] [Server thread/INFO]: [AIBot] ACTION event=creeper_defense_escape_started bot=Bob {source_id=e152a3b4-b7f2-4e37-9168-54ba4be5dda9, goal=class_2338{x=556, y=63, z=173}, source=class_2338{x=568, y=63, z=143}, reason=risk_owner_changed, hidden_ticks=51}
[23:49:03] [Server thread/INFO]: [AIBot] DANGER event=creeper_defense_risk_owner_changed bot=Bob {from=e152a3b4-b7f2-4e37-9168-54ba4be5dda9, to=1cbcce7a-76e8-490f-bcf1-72922d8f0974, rank=1, source=class_2338{x=546, y=66, z=172}, distance_sq=365.5085225918688}
[23:49:03] [Server thread/INFO]: [AIBot] ACTION event=creeper_defense_escape_started bot=Bob {source_id=1cbcce7a-76e8-490f-bcf1-72922d8f0974, goal=class_2338{x=572, y=64, z=155}, source=class_2338{x=546, y=66, z=172}, reason=risk_owner_changed, hidden_ticks=98}
[23:49:03] [Server thread/INFO]: [AIBot] DANGER event=creeper_defense_risk_owner_changed bot=Bob {from=1cbcce7a-76e8-490f-bcf1-72922d8f0974, to=e152a3b4-b7f2-4e37-9168-54ba4be5dda9, rank=1, source=class_2338{x=568, y=63, z=143}, distance_sq=383.8832661130838}
[23:49:03] [Server thread/INFO]: [AIBot] ACTION event=creeper_defense_escape_started bot=Bob {source_id=e152a3b4-b7f2-4e37-9168-54ba4be5dda9, goal=class_2338{x=556, y=63, z=173}, source=class_2338{x=568, y=63, z=143}, reason=risk_owner_changed, hidden_ticks=59}
[23:49:03] [Server thread/WARN]: [AIBot] PERCEPTION event=snapshot_slow bot=Bob {elapsed_ms=12}
[23:49:04] [Server thread/WARN]: [AIBot] PERCEPTION event=snapshot_slow bot=Bob {elapsed_ms=22}
[23:49:04] [Server thread/INFO]: [AIBot] DANGER event=creeper_defense_risk_owner_changed bot=Bob {from=e152a3b4-b7f2-4e37-9168-54ba4be5dda9, to=1cbcce7a-76e8-490f-bcf1-72922d8f0974, rank=1, source=class_2338{x=546, y=66, z=172}, distance_sq=253.67093164529817}
[23:49:04] [Server thread/INFO]: [AIBot] COMM event=findpath_timeout_diag bot=- {dig=false, ms=51, explored=6645, open=192}
[23:49:04] [Server thread/INFO]: [AIBot] COMM event=findpath_timeout_diag bot=- {dig=false, ms=51, explored=8907, open=134}
[23:49:04] [Server thread/INFO]: [AIBot] ACTION event=creeper_defense_escape_started bot=Bob {source_id=1cbcce7a-76e8-490f-bcf1-72922d8f0974, goal=class_2338{x=563, y=64, z=151}, source=class_2338{x=546, y=66, z=172}, reason=risk_owner_changed, hidden_ticks=0}
[23:49:04] [Server thread/INFO]: [AIBot] PROFILE event=profile_slow_section bot=- {elapsed_ms=104.69, bot=Bob, section=task_tick}
[23:49:04] [Server thread/WARN]: [AIBot] PERCEPTION event=snapshot_slow bot=Bob {elapsed_ms=24}
[23:49:04] [Server thread/INFO]: [AIBot] ACTION event=diag_snapshot bot=Bob {on_ground=true, hp=20.0/20.0, mining_idle=true, nearby=animals=0 hostiles=0, inv=minecraft:stone_axex1 minecraft:wooden_swordx1 minecraft:crafting_tablex1 minecraft:stickx2 minecraft:wooden_pickaxex1 minecraft:wooden_axex1 minecraft:cobblestonex16 minecraft:stone_pickaxex1 minecraft:cherry_planksx1 minecraft:eggx1 minecraft:stone_swordx1 minecraft:raw_ironx2 minecraft:oak_logx1, path_idle=false, food=19, air=300, mode=survival, task=creeper_defense, task_progress=0.6, goal=none, task_phase=ESCAPE, in_lava=false, step=, light=4, submerged=false, task_state=RUNNING, held=minecraft:stone_pickaxex1, fall=0.0, pos=560,63,163}
[23:49:05] [Server thread/WARN]: [AIBot] PERCEPTION event=snapshot_slow bot=Bob {elapsed_ms=23}
[23:49:05] [Server thread/INFO]: [AIBot] DANGER event=creeper_defense_risk_owner_changed bot=Bob {from=1cbcce7a-76e8-490f-bcf1-72922d8f0974, to=e152a3b4-b7f2-4e37-9168-54ba4be5dda9, rank=1, source=class_2338{x=568, y=63, z=143}, distance_sq=370.9733852737047}
[23:49:05] [Server thread/INFO]: [AIBot] ACTION event=creeper_defense_escape_started bot=Bob {source_id=e152a3b4-b7f2-4e37-9168-54ba4be5dda9, goal=class_2338{x=556, y=63, z=173}, source=class_2338{x=568, y=63, z=143}, reason=risk_owner_changed, hidden_ticks=91}
[23:49:05] [Server thread/INFO]: [AIBot] DANGER event=creeper_defense_risk_owner_changed bot=Bob {from=e152a3b4-b7f2-4e37-9168-54ba4be5dda9, to=1cbcce7a-76e8-490f-bcf1-72922d8f0974, rank=1, source=class_2338{x=546, y=66, z=172}, distance_sq=364.8964003247248}
[23:49:05] [Server thread/INFO]: [AIBot] ACTION event=creeper_defense_escape_started bot=Bob {source_id=1cbcce7a-76e8-490f-bcf1-72922d8f0974, goal=class_2338{x=571, y=63, z=155}, source=class_2338{x=546, y=66, z=172}, reason=risk_owner_changed, hidden_ticks=18}
[23:49:05] [Server thread/WARN]: [AIBot] PERCEPTION event=snapshot_slow bot=Bob {elapsed_ms=22}
[23:49:06] [Server thread/WARN]: [AIBot] PERCEPTION event=snapshot_slow bot=Bob {elapsed_ms=18}
[23:49:06] [Server thread/INFO]: [AIBot] DANGER event=creeper_defense_risk_owner_changed bot=Bob {from=1cbcce7a-76e8-490f-bcf1-72922d8f0974, to=e152a3b4-b7f2-4e37-9168-54ba4be5dda9, rank=1, source=class_2338{x=568, y=63, z=143}, distance_sq=243.23799173192526}
[23:49:06] [Server thread/INFO]: [AIBot] ACTION event=creeper_defense_escape_started bot=Bob {source_id=e152a3b4-b7f2-4e37-9168-54ba4be5dda9, goal=class_2338{x=558, y=63, z=166}, source=class_2338{x=568, y=63, z=143}, reason=risk_owner_changed, hidden_ticks=0}
[23:49:06] [Server thread/INFO]: [AIBot] LIFECYCLE event=mixin_alive bot=- {server_tick=7200}
[23:49:06] [Server thread/INFO]: [AIBot] ACTION event=capability_decision bot=Bob {context=perception_snapshot, capability=HIDDEN_BLOCK_SCAN, profile=strict_survival, allowed=false, reason=DENIED_STRICT_SURVIVAL}
[23:49:06] [Server thread/INFO]: [AIBot] ACTION event=capability_decision bot=Bob {context=observable_block_query, capability=HIDDEN_BLOCK_SCAN, profile=strict_survival, allowed=false, reason=DENIED_STRICT_SURVIVAL}
[23:49:06] [Server thread/WARN]: [AIBot] PERCEPTION event=snapshot_slow bot=Bob {elapsed_ms=13}
[23:49:06] [Server thread/INFO]: [AIBot] ACTION event=diag_snapshot bot=Bob {on_ground=true, hp=20.0/20.0, mining_idle=true, nearby=animals=0 hostiles=1(creeper@15), inv=minecraft:stone_axex1 minecraft:wooden_swordx1 minecraft:crafting_tablex1 minecraft:stickx2 minecraft:wooden_pickaxex1 minecraft:wooden_axex1 minecraft:cobblestonex16 minecraft:stone_pickaxex1 minecraft:cherry_planksx1 minecraft:eggx1 minecraft:stone_swordx1 minecraft:raw_ironx2 minecraft:oak_logx1, path_idle=false, food=19, air=300, mode=survival, task=creeper_defense, task_progress=0.6, goal=none, task_phase=ESCAPE, in_lava=false, step=, light=3, submerged=false, task_state=RUNNING, held=minecraft:stone_pickaxex1, fall=0.0, pos=565,63,158}
[23:49:07] [Server thread/INFO]: [AIBot] ACTION event=capability_decision bot=Bob {context=observable_entity_query, capability=HIDDEN_BLOCK_SCAN, profile=strict_survival, allowed=false, reason=DENIED_STRICT_SURVIVAL}
[23:49:07] [Server thread/WARN]: [AIBot] PERCEPTION event=snapshot_slow bot=Bob {elapsed_ms=12}
[23:49:07] [Server thread/INFO]: [AIBot] ACTION event=capability_decision bot=Bob {context=observable_cell_query, capability=HIDDEN_BLOCK_SCAN, profile=strict_survival, allowed=false, reason=DENIED_STRICT_SURVIVAL}
[23:49:07] [Server thread/INFO]: [AIBot] DANGER event=creeper_defense_risk_owner_changed bot=Bob {from=e152a3b4-b7f2-4e37-9168-54ba4be5dda9, to=1cbcce7a-76e8-490f-bcf1-72922d8f0974, rank=1, source=class_2338{x=546, y=66, z=172}, distance_sq=367.4822899521929}
[23:49:07] [Server thread/INFO]: [AIBot] ACTION event=creeper_defense_escape_started bot=Bob {source_id=1cbcce7a-76e8-490f-bcf1-72922d8f0974, goal=class_2338{x=572, y=64, z=155}, source=class_2338{x=546, y=66, z=172}, reason=risk_owner_changed, hidden_ticks=58}
[23:49:07] [Server thread/WARN]: [AIBot] PERCEPTION event=snapshot_slow bot=Bob {elapsed_ms=14}
[23:49:07] [Server thread/INFO]: [AIBot] DANGER event=creeper_defense_risk_owner_changed bot=Bob {from=1cbcce7a-76e8-490f-bcf1-72922d8f0974, to=e152a3b4-b7f2-4e37-9168-54ba4be5dda9, rank=1, source=class_2338{x=568, y=63, z=143}, distance_sq=369.0451762427965}
[23:49:07] [Server thread/INFO]: [AIBot] ACTION event=creeper_defense_escape_started bot=Bob {source_id=e152a3b4-b7f2-4e37-9168-54ba4be5dda9, goal=class_2338{x=556, y=63, z=173}, source=class_2338{x=568, y=63, z=143}, reason=risk_owner_changed, hidden_ticks=21}
[23:49:07] [Server thread/INFO]: [AIBot] DANGER event=creeper_defense_risk_owner_changed bot=Bob {from=e152a3b4-b7f2-4e37-9168-54ba4be5dda9, to=1cbcce7a-76e8-490f-bcf1-72922d8f0974, rank=1, source=class_2338{x=546, y=66, z=172}, distance_sq=365.36252951948313}
[23:49:07] [Server thread/INFO]: [AIBot] ACTION event=creeper_defense_escape_started bot=Bob {source_id=1cbcce7a-76e8-490f-bcf1-72922d8f0974, goal=class_2338{x=572, y=64, z=155}, source=class_2338{x=546, y=66, z=172}, reason=risk_owner_changed, hidden_ticks=68}
[23:49:08] [Server thread/WARN]: [AIBot] PERCEPTION event=snapshot_slow bot=Bob {elapsed_ms=16}
[23:49:08] [Server thread/INFO]: [AIBot] DANGER event=creeper_defense_risk_owner_changed bot=Bob {from=1cbcce7a-76e8-490f-bcf1-72922d8f0974, to=e152a3b4-b7f2-4e37-9168-54ba4be5dda9, rank=1, source=class_2338{x=568, y=63, z=143}, distance_sq=369.1406394079163}
[23:49:08] [Server thread/INFO]: [AIBot] ACTION event=creeper_defense_escape_started bot=Bob {source_id=e152a3b4-b7f2-4e37-9168-54ba4be5dda9, goal=class_2338{x=556, y=63, z=173}, source=class_2338{x=568, y=63, z=143}, reason=risk_owner_changed, hidden_ticks=31}
[23:49:08] [Server thread/INFO]: [AIBot] DANGER event=creeper_defense_risk_owner_changed bot=Bob {from=e152a3b4-b7f2-4e37-9168-54ba4be5dda9, to=1cbcce7a-76e8-490f-bcf1-72922d8f0974, rank=1, source=class_2338{x=546, y=66, z=172}, distance_sq=365.3575459057646}
[23:49:08] [Server thread/INFO]: [AIBot] ACTION event=creeper_defense_escape_started bot=Bob {source_id=1cbcce7a-76e8-490f-bcf1-72922d8f0974, goal=class_2338{x=572, y=64, z=155}, source=class_2338{x=546, y=66, z=172}, reason=risk_owner_changed, hidden_ticks=78}
[23:49:08] [Server thread/WARN]: [AIBot] PERCEPTION event=snapshot_slow bot=Bob {elapsed_ms=20}
[23:49:08] [Server thread/INFO]: [AIBot] ACTION event=capability_decision bot=Bob {context=diagnostic_nearby, capability=HIDDEN_BLOCK_SCAN, profile=strict_survival, allowed=false, reason=DENIED_STRICT_SURVIVAL}
[23:49:08] [Server thread/INFO]: [AIBot] ACTION event=diag_snapshot bot=Bob {on_ground=true, hp=20.0/20.0, mining_idle=true, nearby=animals=0 hostiles=0, inv=minecraft:stone_axex1 minecraft:wooden_swordx1 minecraft:crafting_tablex1 minecraft:stickx2 minecraft:wooden_pickaxex1 minecraft:wooden_axex1 minecraft:cobblestonex16 minecraft:stone_pickaxex1 minecraft:cherry_planksx1 minecraft:eggx1 minecraft:stone_swordx1 minecraft:raw_ironx2 minecraft:oak_logx1, path_idle=false, food=19, air=300, mode=survival, task=creeper_defense, task_progress=0.6, goal=none, task_phase=ESCAPE, in_lava=false, step=, light=4, submerged=false, task_state=RUNNING, held=minecraft:stone_pickaxex1, fall=0.0, pos=562,63,161}
[23:49:08] [Server thread/INFO]: [AIBot] DANGER event=creeper_defense_risk_owner_changed bot=Bob {from=1cbcce7a-76e8-490f-bcf1-72922d8f0974, to=e152a3b4-b7f2-4e37-9168-54ba4be5dda9, rank=1, source=class_2338{x=568, y=63, z=143}, distance_sq=369.1408642086529}
[23:49:08] [Server thread/INFO]: [AIBot] ACTION event=creeper_defense_escape_started bot=Bob {source_id=e152a3b4-b7f2-4e37-9168-54ba4be5dda9, goal=class_2338{x=556, y=63, z=173}, source=class_2338{x=568, y=63, z=143}, reason=risk_owner_changed, hidden_ticks=41}
[23:49:08] [Server thread/INFO]: [AIBot] DANGER event=creeper_defense_risk_owner_changed bot=Bob {from=e152a3b4-b7f2-4e37-9168-54ba4be5dda9, to=1cbcce7a-76e8-490f-bcf1-72922d8f0974, rank=1, source=class_2338{x=546, y=66, z=172}, distance_sq=365.35753417112767}
[23:49:08] [Server thread/INFO]: [AIBot] ACTION event=creeper_defense_escape_started bot=Bob {source_id=1cbcce7a-76e8-490f-bcf1-72922d8f0974, goal=class_2338{x=572, y=64, z=155}, source=class_2338{x=546, y=66, z=172}, reason=risk_owner_changed, hidden_ticks=88}
[23:49:09] [Server thread/WARN]: [AIBot] PERCEPTION event=snapshot_slow bot=Bob {elapsed_ms=19}
[23:49:09] [Server thread/INFO]: [AIBot] DANGER event=creeper_defense_risk_owner_changed bot=Bob {from=1cbcce7a-76e8-490f-bcf1-72922d8f0974, to=e152a3b4-b7f2-4e37-9168-54ba4be5dda9, rank=1, source=class_2338{x=568, y=63, z=143}, distance_sq=369.1408647379807}
[23:49:09] [Server thread/INFO]: [AIBot] ACTION event=creeper_defense_escape_started bot=Bob {source_id=e152a3b4-b7f2-4e37-9168-54ba4be5dda9, goal=class_2338{x=556, y=63, z=173}, source=class_2338{x=568, y=63, z=143}, reason=risk_owner_changed, hidden_ticks=51}
[23:49:09] [Server thread/INFO]: [AIBot] DANGER event=creeper_defense_risk_owner_changed bot=Bob {from=e152a3b4-b7f2-4e37-9168-54ba4be5dda9, to=1cbcce7a-76e8-490f-bcf1-72922d8f0974, rank=1, source=class_2338{x=546, y=66, z=172}, distance_sq=365.35753414349347}
[23:49:09] [Server thread/INFO]: [AIBot] ACTION event=creeper_defense_escape_started bot=Bob {source_id=1cbcce7a-76e8-490f-bcf1-72922d8f0974, goal=class_2338{x=572, y=64, z=155}, source=class_2338{x=546, y=66, z=172}, reason=risk_owner_changed, hidden_ticks=98}
[23:49:09] [Server thread/INFO]: [AIBot] DANGER event=creeper_defense_risk_owner_changed bot=Bob {from=1cbcce7a-76e8-490f-bcf1-72922d8f0974, to=e152a3b4-b7f2-4e37-9168-54ba4be5dda9, rank=1, source=class_2338{x=568, y=63, z=143}, distance_sq=384.0279212895754}
[23:49:09] [Server thread/INFO]: [AIBot] ACTION event=creeper_defense_escape_started bot=Bob {source_id=e152a3b4-b7f2-4e37-9168-54ba4be5dda9, goal=class_2338{x=556, y=63, z=173}, source=class_2338{x=568, y=63, z=143}, reason=risk_owner_changed, hidden_ticks=59}
[23:49:09] [Server thread/WARN]: [AIBot] PERCEPTION event=snapshot_slow bot=Bob {elapsed_ms=19}
[23:49:10] [Server thread/INFO]: [AIBot] DANGER event=creeper_defense_watchdog bot=Bob {source=class_2338{x=568, y=63, z=143}, wall_placed=0, recent_risks=1, phase=ESCAPE, hidden_ticks=69, source_id=e152a3b4-b7f2-4e37-9168-54ba4be5dda9, distance_sq=449.4722444535582}
[23:49:10] [Server thread/WARN]: [AIBot] PERCEPTION event=snapshot_slow bot=Bob {elapsed_ms=21}
[23:49:10] [Server thread/WARN]: [AIBot] PERCEPTION event=snapshot_slow bot=Bob {elapsed_ms=18}
[23:49:10] [Server thread/INFO]: [AIBot] ACTION event=diag_snapshot bot=Bob {on_ground=true, hp=20.0/20.0, mining_idle=true, nearby=animals=0 hostiles=0, inv=minecraft:stone_axex1 minecraft:wooden_swordx1 minecraft:crafting_tablex1 minecraft:stickx2 minecraft:wooden_pickaxex1 minecraft:wooden_axex1 minecraft:cobblestonex16 minecraft:stone_pickaxex1 minecraft:cherry_planksx1 minecraft:eggx1 minecraft:stone_swordx1 minecraft:raw_ironx2 minecraft:oak_logx1, path_idle=false, food=19, air=300, mode=survival, task=creeper_defense, task_progress=0.6, goal=none, task_phase=ESCAPE, in_lava=false, step=, light=4, submerged=false, task_state=RUNNING, held=minecraft:stone_pickaxex1, fall=0.0, pos=558,63,165}
[23:49:10] [Server thread/INFO]: [AIBot] ACTION event=fake_player_jump bot=Bob {from=class_2338{x=557, y=63, z=166}, to=class_2338{x=556, y=64, z=166}, reason=path_jump_up}
[23:49:11] [Server thread/WARN]: [AIBot] PERCEPTION event=snapshot_slow bot=Bob {elapsed_ms=18}
[23:49:11] [Server thread/INFO]: [AIBot] DANGER event=creeper_defense_completed bot=Bob {hidden_ticks=100, source_id=e152a3b4-b7f2-4e37-9168-54ba4be5dda9, reason=last_seen_clearance, distance_sq=851.9235482217401, occluded=false, source=class_2338{x=568, y=63, z=143}}
[23:49:11] [Server thread/INFO]: [AIBot] TASK event=task_completed bot=Bob {name=creeper_defense, elapsed_ticks=631}
[23:49:11] [Server thread/INFO]: [AIBot] ACTION event=capability_decision bot=Bob {context=observable_block_query, capability=HIDDEN_BLOCK_SCAN, profile=strict_survival, allowed=false, reason=DENIED_STRICT_SURVIVAL}
[23:49:11] [Server thread/INFO]: [AIBot] ACTION event=capability_decision bot=Bob {context=perception_snapshot, capability=HIDDEN_BLOCK_SCAN, profile=strict_survival, allowed=false, reason=DENIED_STRICT_SURVIVAL}
[23:49:11] [Server thread/WARN]: [AIBot] PERCEPTION event=snapshot_slow bot=Bob {elapsed_ms=22}
[23:49:12] [Server thread/INFO]: [AIBot] ACTION event=capability_decision bot=Bob {context=observable_entity_query, capability=HIDDEN_BLOCK_SCAN, profile=strict_survival, allowed=false, reason=DENIED_STRICT_SURVIVAL}
[23:49:12] [Server thread/WARN]: [AIBot] PERCEPTION event=snapshot_slow bot=Bob {elapsed_ms=15}
[23:49:12] [Server thread/WARN]: [AIBot] PERCEPTION event=snapshot_slow bot=Bob {elapsed_ms=13}
[23:49:12] [Server thread/INFO]: [AIBot] ACTION event=diag_snapshot bot=Bob {on_ground=true, hp=20.0/20.0, mining_idle=true, nearby=animals=0 hostiles=0, inv=minecraft:stone_axex1 minecraft:wooden_swordx1 minecraft:crafting_tablex1 minecraft:stickx2 minecraft:wooden_pickaxex1 minecraft:wooden_axex1 minecraft:cobblestonex16 minecraft:stone_pickaxex1 minecraft:cherry_planksx1 minecraft:eggx1 minecraft:stone_swordx1 minecraft:raw_ironx2 minecraft:oak_logx1, path_idle=true, food=19, air=300, mode=survival, task=creeper_defense, task_progress=1.0, goal=none, task_phase=ESCAPE, in_lava=false, step=, light=4, submerged=false, task_state=COMPLETED, held=minecraft:stone_pickaxex1, fall=0.0, pos=553,64,168}
[23:49:13] [Server thread/WARN]: [AIBot] PERCEPTION event=snapshot_slow bot=Bob {elapsed_ms=14}
[23:49:13] [Server thread/WARN]: [AIBot] PERCEPTION event=snapshot_slow bot=Bob {elapsed_ms=13}
[23:49:14] [Server thread/WARN]: [AIBot] PERCEPTION event=snapshot_slow bot=Bob {elapsed_ms=13}
[23:49:14] [Server thread/WARN]: [AIBot] PERCEPTION event=snapshot_slow bot=Bob {elapsed_ms=13}
[23:49:14] [Server thread/INFO]: [AIBot] ACTION event=capability_decision bot=Bob {context=diagnostic_nearby, capability=HIDDEN_BLOCK_SCAN, profile=strict_survival, allowed=false, reason=DENIED_STRICT_SURVIVAL}
[23:49:14] [Server thread/INFO]: [AIBot] ACTION event=diag_snapshot bot=Bob {on_ground=true, hp=20.0/20.0, mining_idle=true, nearby=animals=0 hostiles=0, inv=minecraft:stone_axex1 minecraft:wooden_swordx1 minecraft:crafting_tablex1 minecraft:stickx2 minecraft:wooden_pickaxex1 minecraft:wooden_axex1 minecraft:cobblestonex16 minecraft:stone_pickaxex1 minecraft:cherry_planksx1 minecraft:eggx1 minecraft:stone_swordx1 minecraft:raw_ironx2 minecraft:oak_logx1, path_idle=true, food=19, air=300, mode=survival, task=creeper_defense, task_progress=1.0, goal=none, task_phase=ESCAPE, in_lava=false, step=, light=4, submerged=false, task_state=COMPLETED, held=minecraft:stone_pickaxex1, fall=0.0, pos=553,64,168}
[23:49:15] [Server thread/WARN]: [AIBot] PERCEPTION event=snapshot_slow bot=Bob {elapsed_ms=15}
[23:49:15] [Server thread/WARN]: [AIBot] PERCEPTION event=snapshot_slow bot=Bob {elapsed_ms=13}
[23:49:16] [Server thread/WARN]: [AIBot] PERCEPTION event=snapshot_slow bot=Bob {elapsed_ms=13}
[23:49:16] [Server thread/INFO]: [AIBot] ACTION event=capability_decision bot=Bob {context=observable_block_query, capability=HIDDEN_BLOCK_SCAN, profile=strict_survival, allowed=false, reason=DENIED_STRICT_SURVIVAL}
[23:49:16] [Server thread/INFO]: [AIBot] ACTION event=capability_decision bot=Bob {context=perception_snapshot, capability=HIDDEN_BLOCK_SCAN, profile=strict_survival, allowed=false, reason=DENIED_STRICT_SURVIVAL}
[23:49:16] [Server thread/WARN]: [AIBot] PERCEPTION event=snapshot_slow bot=Bob {elapsed_ms=15}
[23:49:16] [Server thread/INFO]: [AIBot] ACTION event=diag_snapshot bot=Bob {on_ground=true, hp=20.0/20.0, mining_idle=true, nearby=animals=0 hostiles=0, inv=minecraft:stone_axex1 minecraft:wooden_swordx1 minecraft:crafting_tablex1 minecraft:stickx2 minecraft:wooden_pickaxex1 minecraft:wooden_axex1 minecraft:cobblestonex16 minecraft:stone_pickaxex1 minecraft:cherry_planksx1 minecraft:eggx1 minecraft:stone_swordx1 minecraft:raw_ironx2 minecraft:oak_logx1, path_idle=true, food=19, air=300, mode=survival, task=creeper_defense, task_progress=1.0, goal=none, task_phase=ESCAPE, in_lava=false, step=, light=4, submerged=false, task_state=COMPLETED, held=minecraft:stone_pickaxex1, fall=0.0, pos=553,64,168}
[23:49:17] [Server thread/INFO]: [AIBot] ACTION event=capability_decision bot=Bob {context=observable_entity_query, capability=HIDDEN_BLOCK_SCAN, profile=strict_survival, allowed=false, reason=DENIED_STRICT_SURVIVAL}
[23:49:17] [Server thread/WARN]: [AIBot] PERCEPTION event=snapshot_slow bot=Bob {elapsed_ms=20}
[23:49:17] [Server thread/WARN]: [AIBot] PERCEPTION event=snapshot_slow bot=Bob {elapsed_ms=16}
[23:49:17] [Server thread/INFO]: [AIBot] ACTION event=creeper_defense_escape_started bot=Bob {source_id=1cbcce7a-76e8-490f-bcf1-72922d8f0974, goal=class_2338{x=557, y=64, z=157}, source=class_2338{x=551, y=65, z=176}, reason=initial, hidden_ticks=0}
[23:49:17] [Server thread/INFO]: [AIBot] TASK event=task_assigned bot=Bob {name=creeper_defense, origin_reason=creeper_defense, params=Creeper defense phase=ESCAPE source=551,65,176 source_id=1cbcce7a-76e8-490f-bcf1-72922d8f0974 escape=557,64,157 core_remaining=0 wing_remaining=0 wall_placed=0 hidden_ticks=0, origin=SAFETY}
[23:49:17] [Server thread/INFO]: [AIBot] DANGER event=creeper_defense_started bot=Bob {source=class_2338{x=551, y=65, z=176}, replaced=none, replace_in_place=false, paused_depth=0}
[23:49:18] [Server thread/WARN]: [AIBot] PERCEPTION event=snapshot_slow bot=Bob {elapsed_ms=17}
[23:49:18] [Server thread/WARN]: [AIBot] PERCEPTION event=snapshot_slow bot=Bob {elapsed_ms=14}
[23:49:18] [Server thread/INFO]: [AIBot] ACTION event=capability_decision bot=Bob {context=observable_cell_query, capability=HIDDEN_BLOCK_SCAN, profile=strict_survival, allowed=false, reason=DENIED_STRICT_SURVIVAL}
[23:49:18] [Server thread/INFO]: [AIBot] ACTION event=diag_snapshot bot=Bob {on_ground=true, hp=20.0/20.0, mining_idle=true, nearby=animals=0 hostiles=0, inv=minecraft:stone_axex1 minecraft:wooden_swordx1 minecraft:crafting_tablex1 minecraft:stickx2 minecraft:wooden_pickaxex1 minecraft:wooden_axex1 minecraft:cobblestonex16 minecraft:stone_pickaxex1 minecraft:cherry_planksx1 minecraft:eggx1 minecraft:stone_swordx1 minecraft:raw_ironx2 minecraft:oak_logx1, path_idle=false, food=19, air=300, mode=survival, task=creeper_defense, task_progress=0.0, goal=none, task_phase=ESCAPE, in_lava=false, step=, light=4, submerged=false, task_state=RUNNING, held=minecraft:stone_pickaxex1, fall=0.0, pos=555,64,165}
[23:49:19] [Server thread/WARN]: [AIBot] PERCEPTION event=snapshot_slow bot=Bob {elapsed_ms=16}
[23:49:19] [Server thread/WARN]: [AIBot] PERCEPTION event=snapshot_slow bot=Bob {elapsed_ms=19}
[23:49:19] [Server thread/INFO]: [AIBot] ACTION event=creeper_defense_escape_started bot=Bob {source_id=1cbcce7a-76e8-490f-bcf1-72922d8f0974, goal=class_2338{x=562, y=65, z=148}, source=class_2338{x=550, y=65, z=176}, reason=route_boundary, hidden_ticks=8}
[23:49:20] [Server thread/WARN]: [AIBot] PERCEPTION event=snapshot_slow bot=Bob {elapsed_ms=20}
[23:49:20] [Server thread/INFO]: [AIBot] ACTION event=fake_player_jump bot=Bob {from=class_2338{x=557, y=64, z=156}, to=class_2338{x=557, y=65, z=155}, reason=path_jump_up}
[23:49:20] [Server thread/WARN]: [AIBot] PERCEPTION event=snapshot_slow bot=Bob {elapsed_ms=12}
[23:49:20] [Server thread/INFO]: [AIBot] ACTION event=capability_decision bot=Bob {context=diagnostic_nearby, capability=HIDDEN_BLOCK_SCAN, profile=strict_survival, allowed=false, reason=DENIED_STRICT_SURVIVAL}
[23:49:20] [Server thread/INFO]: [AIBot] ACTION event=diag_snapshot bot=Bob {on_ground=true, hp=20.0/20.0, mining_idle=true, nearby=animals=0 hostiles=1(spider@14), inv=minecraft:stone_axex1 minecraft:wooden_swordx1 minecraft:crafting_tablex1 minecraft:stickx2 minecraft:wooden_pickaxex1 minecraft:wooden_axex1 minecraft:cobblestonex16 minecraft:stone_pickaxex1 minecraft:cherry_planksx1 minecraft:eggx1 minecraft:stone_swordx1 minecraft:raw_ironx2 minecraft:oak_logx1, path_idle=false, food=19, air=300, mode=survival, task=creeper_defense, task_progress=0.1, goal=none, task_phase=ESCAPE, in_lava=false, step=, light=4, submerged=false, task_state=RUNNING, held=minecraft:stone_pickaxex1, fall=0.0, pos=557,65,154}
[23:49:21] [Server thread/WARN]: [AIBot] PERCEPTION event=snapshot_slow bot=Bob {elapsed_ms=12}
[23:49:21] [Server thread/INFO]: [AIBot] ACTION event=fake_player_jump bot=Bob {from=class_2338{x=557, y=65, z=151}, to=class_2338{x=557, y=66, z=150}, reason=path_jump_up}
[23:49:21] [Server thread/INFO]: [AIBot] ACTION event=fake_player_step bot=Bob {from=class_2338{x=557, y=66, z=150}, to=class_2338{x=558, y=65, z=150}, reason=path_drop_down}
[23:49:21] [Server thread/INFO]: [AIBot] DANGER event=creeper_defense_risk_owner_changed bot=Bob {from=1cbcce7a-76e8-490f-bcf1-72922d8f0974, to=e152a3b4-b7f2-4e37-9168-54ba4be5dda9, rank=1, source=class_2338{x=567, y=63, z=142}, distance_sq=149.0}
[23:49:21] [Server thread/INFO]: [AIBot] ACTION event=creeper_defense_escape_started bot=Bob {source_id=e152a3b4-b7f2-4e37-9168-54ba4be5dda9, goal=class_2338{x=549, y=67, z=158}, source=class_2338{x=567, y=63, z=142}, reason=risk_owner_changed, hidden_ticks=0}
[23:49:21] [Server thread/INFO]: [AIBot] ACTION event=fake_player_jump bot=Bob {from=class_2338{x=558, y=65, z=150}, to=class_2338{x=557, y=66, z=150}, reason=path_jump_up}
[23:49:21] [Server thread/INFO]: [AIBot] ACTION event=capability_decision bot=Bob {context=observable_block_query, capability=HIDDEN_BLOCK_SCAN, profile=strict_survival, allowed=false, reason=DENIED_STRICT_SURVIVAL}
[23:49:21] [Server thread/INFO]: [AIBot] ACTION event=capability_decision bot=Bob {context=perception_snapshot, capability=HIDDEN_BLOCK_SCAN, profile=strict_survival, allowed=false, reason=DENIED_STRICT_SURVIVAL}
[23:49:21] [Server thread/WARN]: [AIBot] PERCEPTION event=snapshot_slow bot=Bob {elapsed_ms=20}
[23:49:22] [Server thread/INFO]: [AIBot] ACTION event=capability_decision bot=Bob {context=observable_entity_query, capability=HIDDEN_BLOCK_SCAN, profile=strict_survival, allowed=false, reason=DENIED_STRICT_SURVIVAL}
[23:49:22] [Server thread/WARN]: [AIBot] PERCEPTION event=snapshot_slow bot=Bob {elapsed_ms=21}
[23:49:22] [Server thread/WARN]: [AIBot] PERCEPTION event=snapshot_slow bot=Bob {elapsed_ms=12}
[23:49:22] [Server thread/INFO]: [AIBot] ACTION event=diag_snapshot bot=Bob {on_ground=true, hp=20.0/20.0, mining_idle=true, nearby=animals=0 hostiles=0, inv=minecraft:stone_axex1 minecraft:wooden_swordx1 minecraft:crafting_tablex1 minecraft:stickx2 minecraft:wooden_pickaxex1 minecraft:wooden_axex1 minecraft:cobblestonex16 minecraft:stone_pickaxex1 minecraft:cherry_planksx1 minecraft:eggx1 minecraft:stone_swordx1 minecraft:raw_ironx2 minecraft:oak_logx1, path_idle=false, food=19, air=300, mode=survival, task=creeper_defense, task_progress=0.2, goal=none, task_phase=ESCAPE, in_lava=false, step=, light=2, submerged=false, task_state=RUNNING, held=minecraft:stone_pickaxex1, fall=0.0, pos=552,66,155}
[23:49:22] [Server thread/INFO]: [AIBot] ACTION event=fake_player_jump bot=Bob {from=class_2338{x=552, y=66, z=155}, to=class_2338{x=551, y=67, z=155}, reason=path_jump_up}
[23:49:22] [Server thread/INFO]: [AIBot] DANGER event=creeper_defense_risk_owner_changed bot=Bob {from=e152a3b4-b7f2-4e37-9168-54ba4be5dda9, to=1cbcce7a-76e8-490f-bcf1-72922d8f0974, rank=1, source=class_2338{x=550, y=65, z=176}, distance_sq=439.682787834139}
[23:49:22] [Server thread/INFO]: [AIBot] ACTION event=creeper_defense_escape_started bot=Bob {source_id=1cbcce7a-76e8-490f-bcf1-72922d8f0974, goal=class_2338{x=551, y=68, z=143}, source=class_2338{x=550, y=65, z=176}, reason=risk_owner_changed, hidden_ticks=69}
[23:49:23] [Server thread/WARN]: [AIBot] PERCEPTION event=snapshot_slow bot=Bob {elapsed_ms=12}
[23:49:23] [Server thread/INFO]: [AIBot] DANGER event=creeper_defense_risk_owner_changed bot=Bob {from=1cbcce7a-76e8-490f-bcf1-72922d8f0974, to=e152a3b4-b7f2-4e37-9168-54ba4be5dda9, rank=1, source=class_2338{x=567, y=63, z=142}, distance_sq=458.30652063128224}
[23:49:23] [Server thread/INFO]: [AIBot] ACTION event=creeper_defense_escape_started bot=Bob {source_id=e152a3b4-b7f2-4e37-9168-54ba4be5dda9, goal=class_2338{x=540, y=69, z=162}, source=class_2338{x=567, y=63, z=142}, reason=risk_owner_changed, hidden_ticks=40}
[23:49:23] [Server thread/INFO]: [AIBot] DANGER event=creeper_defense_risk_owner_changed bot=Bob {from=e152a3b4-b7f2-4e37-9168-54ba4be5dda9, to=1cbcce7a-76e8-490f-bcf1-72922d8f0974, rank=1, source=class_2338{x=550, y=65, z=176}, distance_sq=465.6771306623244}
[23:49:23] [Server thread/INFO]: [AIBot] ACTION event=creeper_defense_escape_started bot=Bob {source_id=1cbcce7a-76e8-490f-bcf1-72922d8f0974, goal=class_2338{x=549, y=68, z=143}, source=class_2338{x=550, y=65, z=176}, reason=risk_owner_changed, hidden_ticks=83}
[23:49:23] [Server thread/WARN]: [AIBot] PERCEPTION event=snapshot_slow bot=Bob {elapsed_ms=16}
[23:49:23] [Server thread/INFO]: [AIBot] DANGER event=creeper_defense_risk_owner_changed bot=Bob {from=1cbcce7a-76e8-490f-bcf1-72922d8f0974, to=e152a3b4-b7f2-4e37-9168-54ba4be5dda9, rank=1, source=class_2338{x=567, y=63, z=142}, distance_sq=480.4768278430479}
[23:49:23] [Server thread/INFO]: [AIBot] ACTION event=creeper_defense_escape_started bot=Bob {source_id=e152a3b4-b7f2-4e37-9168-54ba4be5dda9, goal=class_2338{x=539, y=69, z=160}, source=class_2338{x=567, y=63, z=142}, reason=risk_owner_changed, hidden_ticks=51}
[23:49:23] [Server thread/INFO]: [AIBot] ACTION event=fake_player_jump bot=Bob {from=class_2338{x=549, y=67, z=154}, to=class_2338{x=548, y=68, z=154}, reason=path_jump_up}
[23:49:23] [Server thread/INFO]: [AIBot] DANGER event=creeper_defense_risk_owner_changed bot=Bob {from=e152a3b4-b7f2-4e37-9168-54ba4be5dda9, to=1cbcce7a-76e8-490f-bcf1-72922d8f0974, rank=1, source=class_2338{x=550, y=65, z=176}, distance_sq=497.0}
[23:49:23] [Server thread/INFO]: [AIBot] ACTION event=creeper_defense_escape_started bot=Bob {source_id=1cbcce7a-76e8-490f-bcf1-72922d8f0974, goal=class_2338{x=547, y=68, z=142}, source=class_2338{x=550, y=65, z=176}, reason=risk_owner_changed, hidden_ticks=90}
[23:49:24] [Server thread/INFO]: [AIBot] DANGER event=creeper_defense_risk_owner_changed bot=Bob {from=1cbcce7a-76e8-490f-bcf1-72922d8f0974, to=e152a3b4-b7f2-4e37-9168-54ba4be5dda9, rank=1, source=class_2338{x=567, y=63, z=142}, distance_sq=520.3022330563866}
[23:49:24] [Server thread/INFO]: [AIBot] ACTION event=creeper_defense_escape_started bot=Bob {source_id=e152a3b4-b7f2-4e37-9168-54ba4be5dda9, goal=class_2338{x=538, y=69, z=160}, source=class_2338{x=567, y=63, z=142}, reason=risk_owner_changed, hidden_ticks=57}
[23:49:24] [Server thread/WARN]: [AIBot] PERCEPTION event=snapshot_slow bot=Bob {elapsed_ms=23}
[23:49:24] [Server thread/INFO]: [AIBot] DANGER event=creeper_defense_risk_owner_changed bot=Bob {from=e152a3b4-b7f2-4e37-9168-54ba4be5dda9, to=1cbcce7a-76e8-490f-bcf1-72922d8f0974, rank=1, source=class_2338{x=550, y=65, z=176}, distance_sq=539.2250702480018}
[23:49:24] [Server thread/INFO]: [AIBot] ACTION event=creeper_defense_escape_started bot=Bob {source_id=1cbcce7a-76e8-490f-bcf1-72922d8f0974, goal=class_2338{x=544, y=68, z=140}, source=class_2338{x=550, y=65, z=176}, reason=risk_owner_changed, hidden_ticks=100}
[23:49:24] [Server thread/INFO]: [AIBot] DANGER event=creeper_defense_risk_owner_changed bot=Bob {from=1cbcce7a-76e8-490f-bcf1-72922d8f0974, to=e152a3b4-b7f2-4e37-9168-54ba4be5dda9, rank=1, source=class_2338{x=567, y=63, z=142}, distance_sq=561.0326705099786}
[23:49:24] [Server thread/INFO]: [AIBot] ACTION event=creeper_defense_escape_started bot=Bob {source_id=e152a3b4-b7f2-4e37-9168-54ba4be5dda9, goal=class_2338{x=536, y=69, z=158}, source=class_2338{x=567, y=63, z=142}, reason=risk_owner_changed, hidden_ticks=63}
[23:49:24] [Server thread/WARN]: [AIBot] PERCEPTION event=snapshot_slow bot=Bob {elapsed_ms=12}
[23:49:24] [Server thread/INFO]: [AIBot] ACTION event=diag_snapshot bot=Bob {on_ground=true, hp=20.0/20.0, mining_idle=true, nearby=animals=0 hostiles=0, inv=minecraft:stone_axex1 minecraft:wooden_swordx1 minecraft:crafting_tablex1 minecraft:stickx2 minecraft:wooden_pickaxex1 minecraft:wooden_axex1 minecraft:cobblestonex16 minecraft:stone_pickaxex1 minecraft:cherry_planksx1 minecraft:eggx1 minecraft:stone_swordx1 minecraft:raw_ironx2 minecraft:oak_logx1, path_idle=false, food=19, air=300, mode=survival, task=creeper_defense, task_progress=0.3, goal=none, task_phase=ESCAPE, in_lava=false, step=, light=4, submerged=false, task_state=RUNNING, held=minecraft:stone_pickaxex1, fall=0.0, pos=546,68,154}
[23:49:25] [Server thread/WARN]: [AIBot] PERCEPTION event=snapshot_slow bot=Bob {elapsed_ms=11}
[23:49:25] [Server thread/INFO]: [AIBot] ACTION event=fake_player_jump bot=Bob {from=class_2338{x=544, y=68, z=156}, to=class_2338{x=543, y=69, z=156}, reason=path_jump_up}
[23:49:25] [Server thread/WARN]: [AIBot] PERCEPTION event=snapshot_slow bot=Bob {elapsed_ms=12}
[23:49:26] [Server thread/WARN]: [AIBot] PERCEPTION event=snapshot_slow bot=Bob {elapsed_ms=21}
[23:49:26] [Server thread/INFO]: [AIBot] ACTION event=creeper_defense_escape_started bot=Bob {source_id=e152a3b4-b7f2-4e37-9168-54ba4be5dda9, goal=class_2338{x=528, y=70, z=163}, source=class_2338{x=567, y=63, z=142}, reason=route_boundary, hidden_ticks=98}
[23:49:26] [Server thread/INFO]: [AIBot] DANGER event=creeper_defense_completed bot=Bob {hidden_ticks=100, source_id=e152a3b4-b7f2-4e37-9168-54ba4be5dda9, reason=last_seen_clearance, distance_sq=1126.2036149496628, occluded=false, source=class_2338{x=567, y=63, z=142}}
[23:49:26] [Server thread/INFO]: [AIBot] TASK event=task_completed bot=Bob {name=creeper_defense, elapsed_ticks=168}
[23:49:26] [Server thread/INFO]: [AIBot] ACTION event=capability_decision bot=Bob {context=observable_block_query, capability=HIDDEN_BLOCK_SCAN, profile=strict_survival, allowed=false, reason=DENIED_STRICT_SURVIVAL}
[23:49:26] [Server thread/INFO]: [AIBot] ACTION event=capability_decision bot=Bob {context=perception_snapshot, capability=HIDDEN_BLOCK_SCAN, profile=strict_survival, allowed=false, reason=DENIED_STRICT_SURVIVAL}
[23:49:26] [Server thread/WARN]: [AIBot] PERCEPTION event=snapshot_slow bot=Bob {elapsed_ms=14}
[23:49:26] [Server thread/INFO]: [AIBot] ACTION event=capability_decision bot=Bob {context=diagnostic_nearby, capability=HIDDEN_BLOCK_SCAN, profile=strict_survival, allowed=false, reason=DENIED_STRICT_SURVIVAL}
[23:49:26] [Server thread/INFO]: [AIBot] ACTION event=diag_snapshot bot=Bob {on_ground=true, hp=20.0/20.0, mining_idle=true, nearby=animals=0 hostiles=0, inv=minecraft:stone_axex1 minecraft:wooden_swordx1 minecraft:crafting_tablex1 minecraft:stickx2 minecraft:wooden_pickaxex1 minecraft:wooden_axex1 minecraft:cobblestonex16 minecraft:stone_pickaxex1 minecraft:cherry_planksx1 minecraft:eggx1 minecraft:stone_swordx1 minecraft:raw_ironx2 minecraft:oak_logx1, path_idle=true, food=19, air=300, mode=survival, task=creeper_defense, task_progress=1.0, goal=none, task_phase=ESCAPE, in_lava=false, step=, light=3, submerged=false, task_state=COMPLETED, held=minecraft:stone_pickaxex1, fall=0.0, pos=537,69,158}
[23:49:27] [Server thread/INFO]: [AIBot] ACTION event=capability_decision bot=Bob {context=observable_entity_query, capability=HIDDEN_BLOCK_SCAN, profile=strict_survival, allowed=false, reason=DENIED_STRICT_SURVIVAL}
[23:49:27] [Server thread/WARN]: [AIBot] PERCEPTION event=snapshot_slow bot=Bob {elapsed_ms=18}
[23:49:27] [Server thread/WARN]: [AIBot] PERCEPTION event=snapshot_slow bot=Bob {elapsed_ms=17}
[23:49:28] [Server thread/WARN]: [AIBot] PERCEPTION event=snapshot_slow bot=Bob {elapsed_ms=18}
[23:49:28] [Server thread/WARN]: [AIBot] PERCEPTION event=snapshot_slow bot=Bob {elapsed_ms=22}
[23:49:28] [Server thread/INFO]: [AIBot] ACTION event=diag_snapshot bot=Bob {on_ground=true, hp=20.0/20.0, mining_idle=true, nearby=animals=0 hostiles=0, inv=minecraft:stone_axex1 minecraft:wooden_swordx1 minecraft:crafting_tablex1 minecraft:stickx2 minecraft:wooden_pickaxex1 minecraft:wooden_axex1 minecraft:cobblestonex16 minecraft:stone_pickaxex1 minecraft:cherry_planksx1 minecraft:eggx1 minecraft:stone_swordx1 minecraft:raw_ironx2 minecraft:oak_logx1, path_idle=true, food=19, air=300, mode=survival, task=creeper_defense, task_progress=1.0, goal=none, task_phase=ESCAPE, in_lava=false, step=, light=3, submerged=false, task_state=COMPLETED, held=minecraft:stone_pickaxex1, fall=0.0, pos=537,69,158}
[23:49:29] [Server thread/WARN]: [AIBot] PERCEPTION event=snapshot_slow bot=Bob {elapsed_ms=21}
[23:49:29] [Server thread/WARN]: [AIBot] PERCEPTION event=snapshot_slow bot=Bob {elapsed_ms=16}
[23:49:30] [Server thread/WARN]: [AIBot] PERCEPTION event=snapshot_slow bot=Bob {elapsed_ms=18}
[23:49:30] [Server thread/WARN]: [AIBot] PERCEPTION event=snapshot_slow bot=Bob {elapsed_ms=18}
[23:49:30] [Server thread/INFO]: [AIBot] ACTION event=diag_snapshot bot=Bob {on_ground=true, hp=20.0/20.0, mining_idle=true, nearby=animals=0 hostiles=0, inv=minecraft:stone_axex1 minecraft:wooden_swordx1 minecraft:crafting_tablex1 minecraft:stickx2 minecraft:wooden_pickaxex1 minecraft:wooden_axex1 minecraft:cobblestonex16 minecraft:stone_pickaxex1 minecraft:cherry_planksx1 minecraft:eggx1 minecraft:stone_swordx1 minecraft:raw_ironx2 minecraft:oak_logx1, path_idle=true, food=19, air=300, mode=survival, task=creeper_defense, task_progress=1.0, goal=none, task_phase=ESCAPE, in_lava=false, step=, light=3, submerged=false, task_state=COMPLETED, held=minecraft:stone_pickaxex1, fall=0.0, pos=537,69,158}
[23:49:31] [Server thread/WARN]: [AIBot] PERCEPTION event=snapshot_slow bot=Bob {elapsed_ms=17}
[23:49:31] [Server thread/INFO]: [AIBot] ACTION event=capability_decision bot=Bob {context=observable_block_query, capability=HIDDEN_BLOCK_SCAN, profile=strict_survival, allowed=false, reason=DENIED_STRICT_SURVIVAL}
[23:49:31] [Server thread/INFO]: [AIBot] ACTION event=capability_decision bot=Bob {context=perception_snapshot, capability=HIDDEN_BLOCK_SCAN, profile=strict_survival, allowed=false, reason=DENIED_STRICT_SURVIVAL}
[23:49:31] [Server thread/WARN]: [AIBot] PERCEPTION event=snapshot_slow bot=Bob {elapsed_ms=18}
[23:49:32] [Server thread/INFO]: [AIBot] ACTION event=capability_decision bot=Bob {context=observable_entity_query, capability=HIDDEN_BLOCK_SCAN, profile=strict_survival, allowed=false, reason=DENIED_STRICT_SURVIVAL}
[23:49:32] [Server thread/WARN]: [AIBot] PERCEPTION event=snapshot_slow bot=Bob {elapsed_ms=17}
[23:49:32] [Server thread/WARN]: [AIBot] PERCEPTION event=snapshot_slow bot=Bob {elapsed_ms=17}
[23:49:32] [Server thread/INFO]: [AIBot] ACTION event=capability_decision bot=Bob {context=diagnostic_nearby, capability=HIDDEN_BLOCK_SCAN, profile=strict_survival, allowed=false, reason=DENIED_STRICT_SURVIVAL}
[23:49:32] [Server thread/INFO]: [AIBot] ACTION event=diag_snapshot bot=Bob {on_ground=true, hp=20.0/20.0, mining_idle=true, nearby=animals=0 hostiles=0, inv=minecraft:stone_axex1 minecraft:wooden_swordx1 minecraft:crafting_tablex1 minecraft:stickx2 minecraft:wooden_pickaxex1 minecraft:wooden_axex1 minecraft:cobblestonex16 minecraft:stone_pickaxex1 minecraft:cherry_planksx1 minecraft:eggx1 minecraft:stone_swordx1 minecraft:raw_ironx2 minecraft:oak_logx1, path_idle=true, food=19, air=300, mode=survival, task=creeper_defense, task_progress=1.0, goal=none, task_phase=ESCAPE, in_lava=false, step=, light=3, submerged=false, task_state=COMPLETED, held=minecraft:stone_pickaxex1, fall=0.0, pos=537,69,158}
[23:49:33] [Server thread/WARN]: [AIBot] PERCEPTION event=snapshot_slow bot=Bob {elapsed_ms=18}
[23:49:33] [Server thread/WARN]: [AIBot] PERCEPTION event=snapshot_slow bot=Bob {elapsed_ms=15}
[23:49:34] [Server thread/WARN]: [AIBot] PERCEPTION event=snapshot_slow bot=Bob {elapsed_ms=19}
[23:49:34] [Server thread/INFO]: [AIBot] ACTION event=capability_decision bot=Bob {context=danger_dark_trap_surface, capability=EMERGENCY_TELEPORT, profile=strict_survival, allowed=false, reason=DENIED_STRICT_SURVIVAL}
[23:49:34] [Server thread/WARN]: [AIBot] PERCEPTION event=snapshot_slow bot=Bob {elapsed_ms=13}
[23:49:34] [Server thread/INFO]: [AIBot] ACTION event=diag_snapshot bot=Bob {on_ground=true, hp=20.0/20.0, mining_idle=true, nearby=animals=0 hostiles=0, inv=minecraft:stone_axex1 minecraft:wooden_swordx1 minecraft:crafting_tablex1 minecraft:stickx2 minecraft:wooden_pickaxex1 minecraft:wooden_axex1 minecraft:cobblestonex16 minecraft:stone_pickaxex1 minecraft:cherry_planksx1 minecraft:eggx1 minecraft:stone_swordx1 minecraft:raw_ironx2 minecraft:oak_logx1, path_idle=true, food=19, air=300, mode=survival, task=creeper_defense, task_progress=1.0, goal=none, task_phase=ESCAPE, in_lava=false, step=, light=3, submerged=false, task_state=COMPLETED, held=minecraft:stone_pickaxex1, fall=0.0, pos=537,69,158}
[23:49:35] [Server thread/WARN]: [AIBot] PERCEPTION event=snapshot_slow bot=Bob {elapsed_ms=19}
[23:49:35] [Server thread/WARN]: [AIBot] PERCEPTION event=snapshot_slow bot=Bob {elapsed_ms=18}
[23:49:36] [Server thread/WARN]: [AIBot] PERCEPTION event=snapshot_slow bot=Bob {elapsed_ms=18}
[23:49:36] [Server thread/INFO]: [AIBot] ACTION event=capability_decision bot=Bob {context=observable_block_query, capability=HIDDEN_BLOCK_SCAN, profile=strict_survival, allowed=false, reason=DENIED_STRICT_SURVIVAL}
[23:49:36] [Server thread/INFO]: [AIBot] ACTION event=capability_decision bot=Bob {context=perception_snapshot, capability=HIDDEN_BLOCK_SCAN, profile=strict_survival, allowed=false, reason=DENIED_STRICT_SURVIVAL}
[23:49:36] [Server thread/WARN]: [AIBot] PERCEPTION event=snapshot_slow bot=Bob {elapsed_ms=13}
[23:49:36] [Server thread/INFO]: [AIBot] ACTION event=diag_snapshot bot=Bob {on_ground=true, hp=20.0/20.0, mining_idle=true, nearby=animals=0 hostiles=0, inv=minecraft:stone_axex1 minecraft:wooden_swordx1 minecraft:crafting_tablex1 minecraft:stickx2 minecraft:wooden_pickaxex1 minecraft:wooden_axex1 minecraft:cobblestonex16 minecraft:stone_pickaxex1 minecraft:cherry_planksx1 minecraft:eggx1 minecraft:stone_swordx1 minecraft:raw_ironx2 minecraft:oak_logx1, path_idle=true, food=19, air=300, mode=survival, task=creeper_defense, task_progress=1.0, goal=none, task_phase=ESCAPE, in_lava=false, step=, light=3, submerged=false, task_state=COMPLETED, held=minecraft:stone_pickaxex1, fall=0.0, pos=537,69,158}
[23:49:37] [Server thread/INFO]: [AIBot] ACTION event=capability_decision bot=Bob {context=observable_entity_query, capability=HIDDEN_BLOCK_SCAN, profile=strict_survival, allowed=false, reason=DENIED_STRICT_SURVIVAL}
[23:49:37] [Server thread/WARN]: [AIBot] PERCEPTION event=snapshot_slow bot=Bob {elapsed_ms=18}
[23:49:38] [Server thread/WARN]: [AIBot] PERCEPTION event=snapshot_slow bot=Bob {elapsed_ms=14}
[23:49:38] [Server thread/WARN]: [AIBot] PERCEPTION event=snapshot_slow bot=Bob {elapsed_ms=14}
[23:49:38] [Server thread/INFO]: [AIBot] ACTION event=capability_decision bot=Bob {context=diagnostic_nearby, capability=HIDDEN_BLOCK_SCAN, profile=strict_survival, allowed=false, reason=DENIED_STRICT_SURVIVAL}
[23:49:38] [Server thread/INFO]: [AIBot] ACTION event=diag_snapshot bot=Bob {on_ground=true, hp=20.0/20.0, mining_idle=true, nearby=animals=0 hostiles=0, inv=minecraft:stone_axex1 minecraft:wooden_swordx1 minecraft:crafting_tablex1 minecraft:stickx2 minecraft:wooden_pickaxex1 minecraft:wooden_axex1 minecraft:cobblestonex16 minecraft:stone_pickaxex1 minecraft:cherry_planksx1 minecraft:eggx1 minecraft:stone_swordx1 minecraft:raw_ironx2 minecraft:oak_logx1, path_idle=true, food=19, air=300, mode=survival, task=creeper_defense, task_progress=1.0, goal=none, task_phase=ESCAPE, in_lava=false, step=, light=3, submerged=false, task_state=COMPLETED, held=minecraft:stone_pickaxex1, fall=0.0, pos=537,69,158}
[23:49:39] [Server thread/WARN]: [AIBot] PERCEPTION event=snapshot_slow bot=Bob {elapsed_ms=15}
[23:49:39] [Server thread/WARN]: [AIBot] PERCEPTION event=snapshot_slow bot=Bob {elapsed_ms=15}
[23:49:39] [Server thread/INFO]: [AIBot] ACTION event=equip_slot bot=Bob {source_slot=0, hotbar_slot=0}
[23:49:39] [Server thread/INFO]: [AIBot] TASK event=task_assigned bot=Bob {name=combat, origin_reason=threat:HOSTILE, params=Attacking minecraft:zombie 0/1 phase=ACQUIRE, origin=SAFETY}
[23:49:39] [Server thread/INFO]: [AIBot] DANGER event=threat_detected bot=Bob {source=class_2338{x=533, y=69, z=155}, decision=combat, severity=MEDIUM, type=HOSTILE}
[23:49:40] [Server thread/WARN]: [AIBot] PERCEPTION event=snapshot_slow bot=Bob {elapsed_ms=19}
[23:49:40] [Server thread/WARN]: [AIBot] PERCEPTION event=snapshot_slow bot=Bob {elapsed_ms=19}
[23:49:40] [Server thread/INFO]: [AIBot] ACTION event=diag_snapshot bot=Bob {on_ground=true, hp=20.0/20.0, mining_idle=true, nearby=animals=0 hostiles=2(zombie@1), inv=minecraft:stone_axex1 minecraft:wooden_swordx1 minecraft:crafting_tablex1 minecraft:stickx2 minecraft:wooden_pickaxex1 minecraft:wooden_axex1 minecraft:cobblestonex16 minecraft:stone_pickaxex1 minecraft:cherry_planksx1 minecraft:eggx1 minecraft:stone_swordx1 minecraft:raw_ironx2 minecraft:oak_logx1, path_idle=true, food=19, air=300, mode=survival, task=combat, task_progress=0.0, goal=none, task_phase=STRIKE, in_lava=false, step=, light=1, submerged=false, task_state=RUNNING, held=minecraft:stone_axex1, fall=0.0, pos=534,69,157}
[23:49:40] [Server thread/INFO]: [AIBot] DANGER event=diag_health_drop bot=Bob {fall=0.0, in_lava=false, submerged=false, to=17.5, delta=2.5, air=300, pos=534,69,157, task=combat/STRIKE, from=20.0}
[23:49:41] [Server thread/INFO]: [AIBot] ACTION event=attack bot=Bob {target_type=entity.minecraft.zombie, target_id=1055}
[23:49:41] [Server thread/WARN]: [AIBot] PERCEPTION event=snapshot_slow bot=Bob {elapsed_ms=18}
[23:49:41] [Server thread/INFO]: [AIBot] ACTION event=capability_decision bot=Bob {context=perception_snapshot, capability=HIDDEN_BLOCK_SCAN, profile=strict_survival, allowed=false, reason=DENIED_STRICT_SURVIVAL}
[23:49:41] [Server thread/INFO]: [AIBot] ACTION event=capability_decision bot=Bob {context=observable_block_query, capability=HIDDEN_BLOCK_SCAN, profile=strict_survival, allowed=false, reason=DENIED_STRICT_SURVIVAL}
[23:49:41] [Server thread/WARN]: [AIBot] PERCEPTION event=snapshot_slow bot=Bob {elapsed_ms=17}
[23:49:42] [Server thread/INFO]: [AIBot] ACTION event=capability_decision bot=Bob {context=observable_entity_query, capability=HIDDEN_BLOCK_SCAN, profile=strict_survival, allowed=false, reason=DENIED_STRICT_SURVIVAL}
[23:49:42] [Server thread/WARN]: [AIBot] PERCEPTION event=snapshot_slow bot=Bob {elapsed_ms=15}
[23:49:42] [Server thread/INFO]: [AIBot] DANGER event=diag_health_drop bot=Bob {fall=0.0, in_lava=false, submerged=false, to=15.0, delta=2.5, air=300, pos=536,69,157, task=combat/STRIKE, from=17.5}
[23:49:42] [Server thread/INFO]: [AIBot] ACTION event=attack bot=Bob {target_type=entity.minecraft.zombie, target_id=1055}
[23:49:42] [Server thread/WARN]: [AIBot] PERCEPTION event=snapshot_slow bot=Bob {elapsed_ms=18}
[23:49:42] [Server thread/INFO]: [AIBot] ACTION event=diag_snapshot bot=Bob {on_ground=true, hp=15.0/20.0, mining_idle=true, nearby=animals=0 hostiles=2(zombie@2), inv=minecraft:stone_axex1 minecraft:wooden_swordx1 minecraft:crafting_tablex1 minecraft:stickx2 minecraft:wooden_pickaxex1 minecraft:wooden_axex1 minecraft:cobblestonex16 minecraft:stone_pickaxex1 minecraft:cherry_planksx1 minecraft:eggx1 minecraft:stone_swordx1 minecraft:raw_ironx2 minecraft:oak_logx1, path_idle=true, food=19, air=300, mode=survival, task=combat, task_progress=0.0, goal=none, task_phase=REPOSITION, in_lava=false, step=, light=2, submerged=false, task_state=RUNNING, held=minecraft:stone_axex1, fall=0.0, pos=537,69,157}
[23:49:43] [Server thread/WARN]: [AIBot] PERCEPTION event=snapshot_slow bot=Bob {elapsed_ms=20}
[23:49:43] [Server thread/INFO]: [AIBot] DANGER event=diag_health_drop bot=Bob {fall=0.0, in_lava=false, submerged=false, to=12.5, delta=2.5, air=300, pos=537,69,157, task=combat/STRIKE, from=15.0}
[23:49:43] [Server thread/INFO]: Bob has made the advancement [Monster Hunter]
[23:49:43] [Server thread/INFO]: [AIBot] ACTION event=attack bot=Bob {target_type=entity.minecraft.zombie, target_id=1055}
[23:49:43] [Server thread/WARN]: [AIBot] PERCEPTION event=snapshot_slow bot=Bob {elapsed_ms=22}
[23:49:44] [Server thread/WARN]: [AIBot] PERCEPTION event=snapshot_slow bot=Bob {elapsed_ms=21}
[23:49:44] [Server thread/WARN]: [AIBot] PERCEPTION event=snapshot_slow bot=Bob {elapsed_ms=18}
[23:49:44] [Server thread/INFO]: [AIBot] ACTION event=capability_decision bot=Bob {context=diagnostic_nearby, capability=HIDDEN_BLOCK_SCAN, profile=strict_survival, allowed=false, reason=DENIED_STRICT_SURVIVAL}
[23:49:44] [Server thread/INFO]: [AIBot] ACTION event=diag_snapshot bot=Bob {on_ground=true, hp=12.5/20.0, mining_idle=true, nearby=animals=0 hostiles=1(spider@4), inv=minecraft:stone_axex1 minecraft:wooden_swordx1 minecraft:crafting_tablex1 minecraft:stickx2 minecraft:wooden_pickaxex1 minecraft:wooden_axex1 minecraft:cobblestonex16 minecraft:stone_pickaxex1 minecraft:cherry_planksx1 minecraft:eggx1 minecraft:stone_swordx1 minecraft:raw_ironx2 minecraft:oak_logx1, path_idle=false, food=19, air=300, mode=survival, task=combat, task_progress=1.0, goal=none, task_phase=RETREAT, in_lava=false, step=, light=1, submerged=false, task_state=RUNNING, held=minecraft:stone_axex1, fall=0.0, pos=538,69,163}
[23:49:45] [Server thread/INFO]: [AIBot] ACTION event=attack bot=Bob {target_type=entity.minecraft.spider, target_id=820}
[23:49:45] [Server thread/WARN]: [AIBot] PERCEPTION event=snapshot_slow bot=Bob {elapsed_ms=11}
[23:49:45] [Server thread/INFO]: [AIBot] TASK event=task_completed bot=Bob {name=combat, elapsed_ticks=114}
[23:49:45] [Server thread/INFO]: [AIBot] TASK event=task_assigned bot=Bob {name=combat, origin_reason=threat:HOSTILE, params=Attacking minecraft:spider 0/1 phase=ACQUIRE, origin=SAFETY}
[23:49:45] [Server thread/INFO]: [AIBot] DANGER event=threat_detected bot=Bob {source=class_2338{x=537, y=69, z=159}, decision=combat, severity=MEDIUM, type=HOSTILE}
[23:49:45] [Server thread/WARN]: [AIBot] PERCEPTION event=snapshot_slow bot=Bob {elapsed_ms=20}
[23:49:46] [Server thread/WARN]: [AIBot] PERCEPTION event=snapshot_slow bot=Bob {elapsed_ms=20}
[23:49:46] [Server thread/INFO]: [AIBot] DANGER event=diag_health_drop bot=Bob {fall=0.0, in_lava=false, submerged=false, to=11.5, delta=2.0, air=300, pos=538,69,162, task=combat/STRIKE, from=13.5}
[23:49:46] [Server thread/INFO]: [AIBot] ACTION event=attack bot=Bob {target_type=entity.minecraft.spider, target_id=820}
[23:49:46] [Server thread/INFO]: [AIBot] TASK event=task_completed bot=Bob {name=combat, elapsed_ticks=17}
[23:49:46] [Server thread/INFO]: [AIBot] ACTION event=capability_decision bot=Bob {context=observable_block_query, capability=HIDDEN_BLOCK_SCAN, profile=strict_survival, allowed=false, reason=DENIED_STRICT_SURVIVAL}
[23:49:46] [Server thread/INFO]: [AIBot] ACTION event=capability_decision bot=Bob {context=perception_snapshot, capability=HIDDEN_BLOCK_SCAN, profile=strict_survival, allowed=false, reason=DENIED_STRICT_SURVIVAL}
[23:49:46] [Server thread/WARN]: [AIBot] PERCEPTION event=snapshot_slow bot=Bob {elapsed_ms=20}
[23:49:46] [Server thread/INFO]: [AIBot] ACTION event=diag_snapshot bot=Bob {on_ground=true, hp=11.5/20.0, mining_idle=true, nearby=animals=0 hostiles=1(zombie@13), inv=minecraft:stone_axex1 minecraft:wooden_swordx1 minecraft:crafting_tablex1 minecraft:stickx2 minecraft:wooden_pickaxex1 minecraft:wooden_axex1 minecraft:cobblestonex16 minecraft:stone_pickaxex1 minecraft:cherry_planksx1 minecraft:eggx1 minecraft:stone_swordx1 minecraft:raw_ironx2 minecraft:oak_logx1, path_idle=true, food=17, air=300, mode=survival, task=combat, task_progress=1.0, goal=none, task_phase=REPOSITION, in_lava=false, step=, light=2, submerged=false, task_state=COMPLETED, held=minecraft:stone_axex1, fall=0.0, pos=539,69,163}
[23:49:47] [Server thread/INFO]: [AIBot] ACTION event=capability_decision bot=Bob {context=observable_entity_query, capability=HIDDEN_BLOCK_SCAN, profile=strict_survival, allowed=false, reason=DENIED_STRICT_SURVIVAL}
[23:49:47] [Server thread/WARN]: [AIBot] PERCEPTION event=snapshot_slow bot=Bob {elapsed_ms=20}
[23:49:47] [Server thread/WARN]: [AIBot] PERCEPTION event=snapshot_slow bot=Bob {elapsed_ms=18}
[23:49:48] [Server thread/WARN]: [AIBot] PERCEPTION event=snapshot_slow bot=Bob {elapsed_ms=21}
[23:49:48] [Server thread/INFO]: [AIBot] ACTION event=fake_player_center_return bot=Bob {reason=shelter_anchor_settle, anchor=class_2338{x=539, y=69, z=163}}
[23:49:48] [Server thread/INFO]: [AIBot] TASK event=task_assigned bot=Bob {name=shelter, origin_reason=threat:HOSTILE, params=Emergency shelter phase=BUILD placed=0 remaining=10 observation_reseals=0 pressured_egress=0 daylight_ticks=0 exit_age=0 force_pressure_exit=false, origin=SAFETY}
[23:49:48] [Server thread/INFO]: [AIBot] DANGER event=threat_detected bot=Bob {source=class_2338{x=529, y=70, z=161}, decision=shelter, severity=MEDIUM, type=HOSTILE}
[23:49:48] [Server thread/INFO]: [AIBot] ACTION event=equip_slot bot=Bob {source_slot=8, hotbar_slot=8}
[23:49:48] [Server thread/INFO]: [AIBot] ACTION event=place bot=Bob {face=up, item=minecraft:cherry_planks, pos=539,69,162}
[23:49:48] [Server thread/INFO]: [AIBot] ACTION event=equip_slot bot=Bob {source_slot=12, hotbar_slot=8}
[23:49:48] [Server thread/INFO]: [AIBot] ACTION event=place bot=Bob {face=up, item=minecraft:oak_log, pos=539,70,162}
[23:49:48] [Server thread/INFO]: [AIBot] ACTION event=equip_slot bot=Bob {source_slot=6, hotbar_slot=6}
[23:49:48] [Server thread/INFO]: [AIBot] ACTION event=place bot=Bob {face=up, item=minecraft:cobblestone, pos=540,69,163}
[23:49:48] [Server thread/WARN]: [AIBot] PERCEPTION event=snapshot_slow bot=Bob {elapsed_ms=18}
[23:49:48] [Server thread/INFO]: [AIBot] ACTION event=diag_snapshot bot=Bob {on_ground=true, hp=11.5/20.0, mining_idle=true, nearby=animals=0 hostiles=1(zombie@9), inv=minecraft:stone_axex1 minecraft:wooden_swordx1 minecraft:crafting_tablex1 minecraft:stickx2 minecraft:wooden_pickaxex1 minecraft:wooden_axex1 minecraft:cobblestonex15 minecraft:stone_pickaxex1 minecraft:eggx1 minecraft:stone_swordx1 minecraft:raw_ironx2, path_idle=true, food=17, air=300, mode=survival, task=shelter, task_progress=0.2, goal=none, task_phase=BUILD, in_lava=false, step=, light=2, submerged=false, task_state=RUNNING, held=minecraft:cobblestonex15, fall=0.0, pos=539,69,163}
[23:49:48] [Server thread/INFO]: [AIBot] ACTION event=place bot=Bob {face=up, item=minecraft:cobblestone, pos=540,70,163}
[23:49:48] [Server thread/INFO]: [AIBot] ACTION event=place bot=Bob {face=up, item=minecraft:cobblestone, pos=539,69,164}
[23:49:48] [Server thread/INFO]: [AIBot] ACTION event=place bot=Bob {face=up, item=minecraft:cobblestone, pos=539,70,164}
[23:49:48] [Server thread/INFO]: [AIBot] ACTION event=place bot=Bob {face=up, item=minecraft:cobblestone, pos=538,69,163}
[23:49:48] [Server thread/INFO]: [AIBot] ACTION event=place bot=Bob {face=up, item=minecraft:cobblestone, pos=538,70,163}
[23:49:48] [Server thread/INFO]: [AIBot] ACTION event=fake_player_jump bot=Bob {from=class_2338{x=539, y=69, z=163}, to=class_2338{x=539, y=70, z=163}, reason=shelter_roof_support_view}
[23:49:49] [Server thread/INFO]: [AIBot] ACTION event=place bot=Bob {face=up, item=minecraft:cobblestone, pos=539,71,162}
[23:49:49] [Server thread/WARN]: [AIBot] PERCEPTION event=snapshot_slow bot=Bob {elapsed_ms=15}
[23:49:49] [Server thread/INFO]: [AIBot] ACTION event=place bot=Bob {face=north, item=minecraft:cobblestone, pos=539,71,163}
[23:49:49] [Server thread/INFO]: [AIBot] ACTION event=shelter_hold_started bot=Bob {placed=10}
[23:49:49] [Server thread/WARN]: [AIBot] PERCEPTION event=snapshot_slow bot=Bob {elapsed_ms=14}
[23:49:50] [Server thread/WARN]: [AIBot] PERCEPTION event=snapshot_slow bot=Bob {elapsed_ms=13}
[23:49:50] [Server thread/WARN]: [AIBot] PERCEPTION event=snapshot_slow bot=Bob {elapsed_ms=12}
[23:49:50] [Server thread/INFO]: [AIBot] ACTION event=capability_decision bot=Bob {context=diagnostic_nearby, capability=HIDDEN_BLOCK_SCAN, profile=strict_survival, allowed=false, reason=DENIED_STRICT_SURVIVAL}
[23:49:50] [Server thread/INFO]: [AIBot] ACTION event=diag_snapshot bot=Bob {on_ground=true, hp=11.5/20.0, mining_idle=true, nearby=animals=0 hostiles=0, inv=minecraft:stone_axex1 minecraft:wooden_swordx1 minecraft:crafting_tablex1 minecraft:stickx2 minecraft:wooden_pickaxex1 minecraft:wooden_axex1 minecraft:cobblestonex8 minecraft:stone_pickaxex1 minecraft:eggx1 minecraft:stone_swordx1 minecraft:raw_ironx2, path_idle=true, food=17, air=300, mode=survival, task=shelter, task_progress=0.8, goal=none, task_phase=HOLD, in_lava=false, step=, light=0, submerged=false, task_state=RUNNING, held=minecraft:cobblestonex8, fall=0.0, pos=539,69,163}
[23:49:51] [Server thread/WARN]: [AIBot] PERCEPTION event=snapshot_slow bot=Bob {elapsed_ms=12}
[23:49:51] [Server thread/INFO]: [AIBot] ACTION event=capability_decision bot=Bob {context=observable_block_query, capability=HIDDEN_BLOCK_SCAN, profile=strict_survival, allowed=false, reason=DENIED_STRICT_SURVIVAL}
[23:49:51] [Server thread/INFO]: [AIBot] ACTION event=capability_decision bot=Bob {context=perception_snapshot, capability=HIDDEN_BLOCK_SCAN, profile=strict_survival, allowed=false, reason=DENIED_STRICT_SURVIVAL}
[23:49:51] [Server thread/WARN]: [AIBot] PERCEPTION event=snapshot_slow bot=Bob {elapsed_ms=12}
[23:49:52] [Server thread/INFO]: [AIBot] ACTION event=capability_decision bot=Bob {context=observable_entity_query, capability=HIDDEN_BLOCK_SCAN, profile=strict_survival, allowed=false, reason=DENIED_STRICT_SURVIVAL}
[23:49:52] [Server thread/WARN]: [AIBot] PERCEPTION event=snapshot_slow bot=Bob {elapsed_ms=11}
[23:49:52] [Server thread/WARN]: [AIBot] PERCEPTION event=snapshot_slow bot=Bob {elapsed_ms=16}
[23:49:52] [Server thread/INFO]: [AIBot] ACTION event=diag_snapshot bot=Bob {on_ground=true, hp=11.5/20.0, mining_idle=true, nearby=animals=0 hostiles=0, inv=minecraft:stone_axex1 minecraft:wooden_swordx1 minecraft:crafting_tablex1 minecraft:stickx2 minecraft:wooden_pickaxex1 minecraft:wooden_axex1 minecraft:cobblestonex8 minecraft:stone_pickaxex1 minecraft:eggx1 minecraft:stone_swordx1 minecraft:raw_ironx2, path_idle=true, food=17, air=300, mode=survival, task=shelter, task_progress=0.8, goal=none, task_phase=HOLD, in_lava=false, step=, light=0, submerged=false, task_state=RUNNING, held=minecraft:cobblestonex8, fall=0.0, pos=539,69,163}
[23:49:53] [Server thread/WARN]: [AIBot] PERCEPTION event=snapshot_slow bot=Bob {elapsed_ms=16}
[23:49:53] [Server thread/WARN]: [AIBot] PERCEPTION event=snapshot_slow bot=Bob {elapsed_ms=12}
[23:49:54] [Server thread/WARN]: [AIBot] PERCEPTION event=snapshot_slow bot=Bob {elapsed_ms=13}
[23:49:54] [Server thread/WARN]: [AIBot] PERCEPTION event=snapshot_slow bot=Bob {elapsed_ms=11}
[23:49:54] [Server thread/INFO]: [AIBot] ACTION event=diag_snapshot bot=Bob {on_ground=true, hp=11.5/20.0, mining_idle=true, nearby=animals=0 hostiles=0, inv=minecraft:stone_axex1 minecraft:wooden_swordx1 minecraft:crafting_tablex1 minecraft:stickx2 minecraft:wooden_pickaxex1 minecraft:wooden_axex1 minecraft:cobblestonex8 minecraft:stone_pickaxex1 minecraft:eggx1 minecraft:stone_swordx1 minecraft:raw_ironx2, path_idle=true, food=17, air=300, mode=survival, task=shelter, task_progress=0.8, goal=none, task_phase=HOLD, in_lava=false, step=, light=0, submerged=false, task_state=RUNNING, held=minecraft:cobblestonex8, fall=0.0, pos=539,69,163}
[23:49:55] [Server thread/WARN]: [AIBot] PERCEPTION event=snapshot_slow bot=Bob {elapsed_ms=11}
[23:49:55] [Server thread/WARN]: [AIBot] PERCEPTION event=snapshot_slow bot=Bob {elapsed_ms=12}
[23:49:56] [Server thread/INFO]: [AIBot] ACTION event=capability_decision bot=Bob {context=observable_block_query, capability=HIDDEN_BLOCK_SCAN, profile=strict_survival, allowed=false, reason=DENIED_STRICT_SURVIVAL}
[23:49:56] [Server thread/INFO]: [AIBot] ACTION event=capability_decision bot=Bob {context=perception_snapshot, capability=HIDDEN_BLOCK_SCAN, profile=strict_survival, allowed=false, reason=DENIED_STRICT_SURVIVAL}
[23:49:56] [Server thread/INFO]: [AIBot] ACTION event=capability_decision bot=Bob {context=diagnostic_nearby, capability=HIDDEN_BLOCK_SCAN, profile=strict_survival, allowed=false, reason=DENIED_STRICT_SURVIVAL}
[23:49:56] [Server thread/INFO]: [AIBot] ACTION event=diag_snapshot bot=Bob {on_ground=true, hp=11.5/20.0, mining_idle=true, nearby=animals=0 hostiles=0, inv=minecraft:stone_axex1 minecraft:wooden_swordx1 minecraft:crafting_tablex1 minecraft:stickx2 minecraft:wooden_pickaxex1 minecraft:wooden_axex1 minecraft:cobblestonex8 minecraft:stone_pickaxex1 minecraft:eggx1 minecraft:stone_swordx1 minecraft:raw_ironx2, path_idle=true, food=17, air=300, mode=survival, task=shelter, task_progress=0.8, goal=none, task_phase=HOLD, in_lava=false, step=, light=0, submerged=false, task_state=RUNNING, held=minecraft:cobblestonex8, fall=0.0, pos=539,69,163}
[23:49:57] [Server thread/INFO]: [AIBot] ACTION event=capability_decision bot=Bob {context=observable_entity_query, capability=HIDDEN_BLOCK_SCAN, profile=strict_survival, allowed=false, reason=DENIED_STRICT_SURVIVAL}
[23:49:57] [Server thread/WARN]: [AIBot] PERCEPTION event=snapshot_slow bot=Bob {elapsed_ms=12}
[23:49:58] [Server thread/WARN]: [AIBot] PERCEPTION event=snapshot_slow bot=Bob {elapsed_ms=13}
[23:49:58] [Server thread/WARN]: [AIBot] PERCEPTION event=snapshot_slow bot=Bob {elapsed_ms=12}
[23:49:58] [Server thread/INFO]: [AIBot] ACTION event=diag_snapshot bot=Bob {on_ground=true, hp=11.5/20.0, mining_idle=true, nearby=animals=0 hostiles=0, inv=minecraft:stone_axex1 minecraft:wooden_swordx1 minecraft:crafting_tablex1 minecraft:stickx2 minecraft:wooden_pickaxex1 minecraft:wooden_axex1 minecraft:cobblestonex8 minecraft:stone_pickaxex1 minecraft:eggx1 minecraft:stone_swordx1 minecraft:raw_ironx2, path_idle=true, food=17, air=300, mode=survival, task=shelter, task_progress=0.8, goal=none, task_phase=HOLD, in_lava=false, step=, light=0, submerged=false, task_state=RUNNING, held=minecraft:cobblestonex8, fall=0.0, pos=539,69,163}
[23:49:59] [Server thread/WARN]: [AIBot] PERCEPTION event=snapshot_slow bot=Bob {elapsed_ms=12}
[23:50:00] [Server thread/WARN]: [AIBot] PERCEPTION event=snapshot_slow bot=Bob {elapsed_ms=13}
[23:50:00] [Server thread/WARN]: [AIBot] PERCEPTION event=snapshot_slow bot=Bob {elapsed_ms=12}
[23:50:00] [Server thread/INFO]: [AIBot] ACTION event=diag_snapshot bot=Bob {on_ground=true, hp=11.5/20.0, mining_idle=true, nearby=animals=0 hostiles=0, inv=minecraft:stone_axex1 minecraft:wooden_swordx1 minecraft:crafting_tablex1 minecraft:stickx2 minecraft:wooden_pickaxex1 minecraft:wooden_axex1 minecraft:cobblestonex8 minecraft:stone_pickaxex1 minecraft:eggx1 minecraft:stone_swordx1 minecraft:raw_ironx2, path_idle=true, food=17, air=300, mode=survival, task=shelter, task_progress=0.8, goal=none, task_phase=HOLD, in_lava=false, step=, light=0, submerged=false, task_state=RUNNING, held=minecraft:cobblestonex8, fall=0.0, pos=539,69,163}
[23:50:01] [Server thread/INFO]: [AIBot] ACTION event=capability_decision bot=Bob {context=observable_block_query, capability=HIDDEN_BLOCK_SCAN, profile=strict_survival, allowed=false, reason=DENIED_STRICT_SURVIVAL}
[23:50:01] [Server thread/INFO]: [AIBot] ACTION event=capability_decision bot=Bob {context=perception_snapshot, capability=HIDDEN_BLOCK_SCAN, profile=strict_survival, allowed=false, reason=DENIED_STRICT_SURVIVAL}
[23:50:02] [Server thread/INFO]: [AIBot] ACTION event=capability_decision bot=Bob {context=observable_entity_query, capability=HIDDEN_BLOCK_SCAN, profile=strict_survival, allowed=false, reason=DENIED_STRICT_SURVIVAL}
[23:50:02] [Server thread/WARN]: [AIBot] PERCEPTION event=snapshot_slow bot=Bob {elapsed_ms=12}
[23:50:02] [Server thread/WARN]: [AIBot] PERCEPTION event=snapshot_slow bot=Bob {elapsed_ms=13}
[23:50:02] [Server thread/INFO]: [AIBot] ACTION event=capability_decision bot=Bob {context=diagnostic_nearby, capability=HIDDEN_BLOCK_SCAN, profile=strict_survival, allowed=false, reason=DENIED_STRICT_SURVIVAL}
[23:50:02] [Server thread/INFO]: [AIBot] ACTION event=diag_snapshot bot=Bob {on_ground=true, hp=11.5/20.0, mining_idle=true, nearby=animals=0 hostiles=0, inv=minecraft:stone_axex1 minecraft:wooden_swordx1 minecraft:crafting_tablex1 minecraft:stickx2 minecraft:wooden_pickaxex1 minecraft:wooden_axex1 minecraft:cobblestonex8 minecraft:stone_pickaxex1 minecraft:eggx1 minecraft:stone_swordx1 minecraft:raw_ironx2, path_idle=true, food=17, air=300, mode=survival, task=shelter, task_progress=0.8, goal=none, task_phase=HOLD, in_lava=false, step=, light=0, submerged=false, task_state=RUNNING, held=minecraft:cobblestonex8, fall=0.0, pos=539,69,163}
[23:50:04] [Server thread/INFO]: [AIBot] ACTION event=diag_snapshot bot=Bob {on_ground=true, hp=11.5/20.0, mining_idle=true, nearby=animals=0 hostiles=0, inv=minecraft:stone_axex1 minecraft:wooden_swordx1 minecraft:crafting_tablex1 minecraft:stickx2 minecraft:wooden_pickaxex1 minecraft:wooden_axex1 minecraft:cobblestonex8 minecraft:stone_pickaxex1 minecraft:eggx1 minecraft:stone_swordx1 minecraft:raw_ironx2, path_idle=true, food=17, air=300, mode=survival, task=shelter, task_progress=0.8, goal=none, task_phase=HOLD, in_lava=false, step=, light=0, submerged=false, task_state=RUNNING, held=minecraft:cobblestonex8, fall=0.0, pos=539,69,163}
[23:50:06] [Server thread/INFO]: [AIBot] LIFECYCLE event=mixin_alive bot=- {server_tick=8400}
[23:50:06] [Server thread/INFO]: [AIBot] ACTION event=capability_decision bot=Bob {context=observable_block_query, capability=HIDDEN_BLOCK_SCAN, profile=strict_survival, allowed=false, reason=DENIED_STRICT_SURVIVAL}
[23:50:06] [Server thread/INFO]: [AIBot] ACTION event=capability_decision bot=Bob {context=perception_snapshot, capability=HIDDEN_BLOCK_SCAN, profile=strict_survival, allowed=false, reason=DENIED_STRICT_SURVIVAL}
[23:50:06] [Server thread/WARN]: [AIBot] PERCEPTION event=snapshot_slow bot=Bob {elapsed_ms=15}
[23:50:06] [Server thread/INFO]: [AIBot] ACTION event=diag_snapshot bot=Bob {on_ground=true, hp=11.5/20.0, mining_idle=true, nearby=animals=0 hostiles=0, inv=minecraft:stone_axex1 minecraft:wooden_swordx1 minecraft:crafting_tablex1 minecraft:stickx2 minecraft:wooden_pickaxex1 minecraft:wooden_axex1 minecraft:cobblestonex8 minecraft:stone_pickaxex1 minecraft:eggx1 minecraft:stone_swordx1 minecraft:raw_ironx2, path_idle=true, food=17, air=300, mode=survival, task=shelter, task_progress=0.8, goal=none, task_phase=HOLD, in_lava=false, step=, light=0, submerged=false, task_state=RUNNING, held=minecraft:cobblestonex8, fall=0.0, pos=539,69,163}
[23:50:07] [Server thread/INFO]: [AIBot] ACTION event=capability_decision bot=Bob {context=observable_entity_query, capability=HIDDEN_BLOCK_SCAN, profile=strict_survival, allowed=false, reason=DENIED_STRICT_SURVIVAL}
[23:50:08] [Server thread/INFO]: [AIBot] ACTION event=capability_decision bot=Bob {context=diagnostic_nearby, capability=HIDDEN_BLOCK_SCAN, profile=strict_survival, allowed=false, reason=DENIED_STRICT_SURVIVAL}
[23:50:08] [Server thread/INFO]: [AIBot] ACTION event=diag_snapshot bot=Bob {on_ground=true, hp=11.5/20.0, mining_idle=true, nearby=animals=0 hostiles=0, inv=minecraft:stone_axex1 minecraft:wooden_swordx1 minecraft:crafting_tablex1 minecraft:stickx2 minecraft:wooden_pickaxex1 minecraft:wooden_axex1 minecraft:cobblestonex8 minecraft:stone_pickaxex1 minecraft:eggx1 minecraft:stone_swordx1 minecraft:raw_ironx2, path_idle=true, food=17, air=300, mode=survival, task=shelter, task_progress=0.8, goal=none, task_phase=HOLD, in_lava=false, step=, light=0, submerged=false, task_state=RUNNING, held=minecraft:cobblestonex8, fall=0.0, pos=539,69,163}
[23:50:09] [Server thread/WARN]: [AIBot] PERCEPTION event=snapshot_slow bot=Bob {elapsed_ms=11}
[23:50:09] [Server thread/WARN]: [AIBot] PERCEPTION event=snapshot_slow bot=Bob {elapsed_ms=11}
[23:50:09] [RCON Listener #1/INFO]: Thread RCON Client /127.0.0.1 started
[23:50:09] [Server thread/INFO]: [Rcon: Stopping the server]
[23:50:09] [RCON Client /127.0.0.1 #13/INFO]: Thread RCON Client /127.0.0.1 shutting down
[23:50:09] [Server thread/INFO]: [AIBot] LIFECYCLE event=server_stopping bot=- {}
[23:50:09] [AIBotPersistenceWriter/INFO]: [AIBot] LIFECYCLE event=runtime_persist_saved bot=- {path=.\world_play\.\aibot\runtime.json, bots=1, jobs=0, schema=1, atomic_move=true}
[23:50:09] [Server thread/INFO]: [AIBot] COMM event=conversation_reset bot=Bob {}
[23:50:09] [Server thread/INFO]: [AIBot] TASK event=task_cancelled bot=Bob {name=shelter, reason=bot_unload}
[23:50:09] [Server thread/INFO]: Bob lost connection: AIBot server unload
[23:50:09] [Server thread/INFO]: Bob left the game
[23:50:09] [Server thread/INFO]: [AIBot] LIFECYCLE event=all_bots_cleared bot=- {count=1}
[23:50:09] [Server thread/INFO]: [AIBot] TASK event=jobs_cleared bot=- {}
[23:50:09] [Server thread/INFO]: [AIBot] LIFECYCLE event=server_runtime_stopped bot=- {persisted_bots=1}
[23:50:09] [Server thread/INFO]: Stopping server
[23:50:09] [Server thread/INFO]: Saving players
[23:50:09] [Server thread/INFO]: Saving worlds
[23:50:10] [Server thread/INFO]: Saving chunks for level 'ServerLevel[world_play]'/minecraft:overworld
[23:50:10] [Server thread/INFO]: Saving chunks for level 'ServerLevel[world_play]'/minecraft:the_end
[23:50:10] [Server thread/INFO]: Saving chunks for level 'ServerLevel[world_play]'/minecraft:the_nether
[23:50:10] [Server thread/INFO]: ThreadedAnvilChunkStorage (world_play): All chunks are saved
[23:50:10] [Server thread/INFO]: ThreadedAnvilChunkStorage (DIM1): All chunks are saved
[23:50:10] [Server thread/INFO]: ThreadedAnvilChunkStorage (DIM-1): All chunks are saved
[23:50:10] [Server thread/INFO]: ThreadedAnvilChunkStorage: All dimensions are saved
[23:50:10] [Server thread/INFO]: Thread RCON Listener stopped
