Starting net.fabricmc.loader.impl.game.minecraft.BundlerClassPathCapture
[01:41:13] [main/INFO]: Loading Minecraft 1.21.3 with Fabric Loader 0.19.5
[01:41:13] [ForkJoinPool-1-worker-5/WARN]: Mod mr_vein_miner uses the version 26.x which isn't compatible with Loader's extended semantic version format (Could not parse version number component 'x'!), SemVer is recommended for reliably evaluating dependencies and prioritizing newer version
[01:41:13] [main/INFO]: Loading 47 mods:
	- aibot 0.0.1
	- appleskin 3.0.6+mc1.21.3
	   \-- cloth-config 16.0.141
	        \-- cloth-basic-math 0.6.1
	- fabric-api 0.114.1+1.21.3
	   |-- fabric-api-base 0.4.50+119c825640
	   |-- fabric-api-lookup-api-v1 1.6.81+fd37071f40
	   |-- fabric-biome-api-v1 14.0.7+add2a48640
	   |-- fabric-block-api-v1 1.0.28+fd37071f40
	   |-- fabric-block-view-api-v2 1.0.16+fd37071f40
	   |-- fabric-command-api-v1 1.2.58+f71b366f40
	   |-- fabric-command-api-v2 2.2.37+c9d82ab240
	   |-- fabric-commands-v0 0.2.75+df3654b340
	   |-- fabric-content-registries-v0 9.1.8+fd37071f40
	   |-- fabric-convention-tags-v1 2.1.4+7f945d5b40
	   |-- fabric-convention-tags-v2 2.9.4+129f0c1f40
	   |-- fabric-crash-report-info-v1 0.3.3+fd37071f40
	   |-- fabric-data-attachment-api-v1 1.4.0+dbad41f140
	   |-- fabric-data-generation-api-v1 21.1.2+a730659c40
	   |-- fabric-dimensions-v1 4.0.7+fd37071f40
	   |-- fabric-entity-events-v1 2.0.8+825023f840
	   |-- fabric-events-interaction-v0 2.0.12+c2c3ac4740
	   |-- fabric-game-rule-api-v1 1.0.59+fd37071f40
	   |-- fabric-item-api-v1 11.1.7+fd37071f40
	   |-- fabric-item-group-api-v1 4.1.17+fd37071f40
	   |-- fabric-lifecycle-events-v1 2.5.1+6da5ef6940
	   |-- fabric-loot-api-v2 3.0.26+3f89f5a540
	   |-- fabric-loot-api-v3 1.0.14+fd37071f40
	   |-- fabric-message-api-v1 6.0.22+5a9b22c640
	   |-- fabric-networking-api-v1 4.3.5+fd37071f40
	   |-- fabric-object-builder-api-v1 17.0.9+fd37071f40
	   |-- fabric-particles-v1 4.0.10+fd37071f40
	   |-- fabric-recipe-api-v1 7.0.5+8ea69ff840
	   |-- fabric-registry-sync-v0 5.4.1+3f3c499540
	   |-- fabric-rendering-data-attachment-v1 0.3.54+73761d2e40
	   |-- fabric-rendering-fluids-v1 3.1.15+fd37071f40
	   |-- fabric-resource-conditions-api-v1 5.0.8+fd37071f40
	   |-- fabric-resource-loader-v0 3.0.6+fd37071f40
	   |-- fabric-screen-handler-api-v1 1.3.103+fd37071f40
	   |-- fabric-tag-api-v1 1.0.0+a730659c40
	   |-- fabric-transfer-api-v1 5.4.3+cb44d14340
	   \-- fabric-transitive-access-wideners-v1 6.2.0+54a41b1c40
	- fabricloader 0.19.5
	   \-- mixinextras 0.5.5
	- java 21
	- minecraft 1.21.3
	- mr_vein_miner 26.x
[01:41:14] [main/INFO]: SpongePowered MIXIN Subsystem Version=0.8.7 Source=file:/D:/code/mc-experiment/mc-server-mc1ca/libraries/net/fabricmc/sponge-mixin/0.17.4+mixin.0.8.7/sponge-mixin-0.17.4+mixin.0.8.7.jar Service=Knot/Fabric Env=SERVER
[01:41:15] [main/INFO]: Initializing MixinExtras via com.llamalad7.mixinextras.service.MixinExtrasServiceImpl(version=0.5.5).
[01:41:28] [main/INFO]: [AIBot] CONFIG event=operating_profile_resolved bot=- {effective_capabilities=[], configured_manual_teleport=true, profile=strict_survival, source=FILE_OR_DEFAULT, configured_forced_pickup=true, configured_hidden_block_scan=true, configured_emergency_teleport=true}
[01:41:28] [main/INFO]: [AIBot] LIFECYCLE event=mod_loaded bot=- {version=0.0.1}
[01:41:28] [main/INFO]: [AIBot] CONFIG event=config_loaded bot=- {logging_enabled=true, configured_operator_capabilities=OperatorCapabilities[hiddenBlockScan=true, emergencyTeleport=true, forcedPickup=true, manualTeleport=true], deepseek_model=deepseek/deepseek-v4-flash, effective_capabilities=[], perception_radius=16, pickup_force_radius=2.75, profile=strict_survival, nav_lookahead=4}
[01:41:28] [main/INFO]: ================================
[01:41:28] [main/INFO]:   AIBot v0.0.1 loaded
[01:41:28] [main/INFO]:   Mode: M6 structured logs over M5 tasks
[01:41:28] [main/INFO]: ================================
[01:41:29] [main/INFO]: Environment: Environment[sessionHost=https://sessionserver.mojang.com, servicesHost=https://api.minecraftservices.com, name=PROD]
[01:41:33] [main/INFO]: Loaded 1338 recipes
[01:41:33] [main/INFO]: Loaded 1448 advancements
[01:41:34] [main/INFO]: Applied 0 biome modifications to 0 of 64 new biomes in 11.77 ms
[01:41:34] [Server thread/INFO]: Starting minecraft server version 1.21.3
[01:41:34] [Server thread/INFO]: Loading properties
[01:41:34] [Server thread/INFO]: Default game type: SURVIVAL
[01:41:34] [Server thread/INFO]: Generating keypair
[01:41:34] [Server thread/INFO]: Starting Minecraft server on *:25565
[01:41:34] [Server thread/INFO]: Using default channel type
[01:41:34] [Server thread/WARN]: **** SERVER IS RUNNING IN OFFLINE/INSECURE MODE!
[01:41:34] [Server thread/WARN]: The server will make no attempt to authenticate usernames. Beware.
[01:41:34] [Server thread/WARN]: While this makes the game possible to play without internet access, it also opens up the ability for hackers to connect with any username they choose.
[01:41:34] [Server thread/WARN]: To change this, set "online-mode" to "true" in the server.properties file.
[01:41:34] [Server thread/INFO]: Preparing level "world_play"
[01:41:35] [Server thread/INFO]: Preparing start region for dimension minecraft:overworld
[01:41:36] [Worker-Main-12/INFO]: Preparing spawn area: 0%
[01:41:36] [Worker-Main-12/INFO]: Preparing spawn area: 0%
[01:41:36] [Worker-Main-12/INFO]: Preparing spawn area: 0%
[01:41:37] [Server thread/INFO]: Time elapsed: 1482 ms
[01:41:37] [Server thread/INFO]: Done (2.114s)! For help, type "help"
[01:41:37] [Server thread/INFO]: Starting remote control listener
[01:41:37] [Server thread/INFO]: Thread RCON Listener started
[01:41:37] [Server thread/INFO]: RCON running on 0.0.0.0:25575
[01:41:37] [Server thread/INFO]: [AIBot] LIFECYCLE event=server_started bot=- {motd=aibot-dsh-m0 isolated acceptance}
[01:41:37] [Server thread/INFO]: [AIBot] TASK event=jobs_cleared bot=- {}
[01:41:37] [Server thread/INFO]: [AIBot] COMM event=runtime_recipe_index_built bot=- {indexed=757, scanned=1338}
[01:41:37] [Server thread/INFO]: Bob[127.0.0.1] logged in with entity id 2 at (539.5, 69.0, 163.5)
[01:41:37] [Server thread/INFO]: Bob joined the game
[01:41:38] [Server thread/INFO]: [AIBot] LIFECYCLE event=bot_spawned bot=Bob {mode=survival, pos=539,69,163}
[01:41:38] [Server thread/INFO]: [AIBot] LIFECYCLE event=bot_role_set bot=Bob {role=worker}
[01:41:38] [Server thread/INFO]: [AIBot] COMM event=bot_memory_loaded bot=- {bot_uuid=faa5dca3-c3d4-354b-ae1b-dde9e5a14b3b}
[01:41:38] [Server thread/INFO]: [AIBot] LIFECYCLE event=bot_restored bot=Bob {dimension=minecraft:overworld, pos=539,69,163, mode=survival, fallback=false}
[01:41:38] [Server thread/INFO]: [AIBot] LIFECYCLE event=server_runtime_ready bot=- {runtime_session=49896b80-2ed3-4f42-9423-bb66cb2767d9, restored_bots=1}
[01:41:38] [Server thread/INFO]: [AIBot] COMM event=conversation_reset bot=Bob {}
[01:41:38] [Server thread/INFO]: [AIBot] ACTION event=capability_decision bot=Bob {allowed=false, profile=strict_survival, capability=HIDDEN_BLOCK_SCAN, context=perception_snapshot, reason=DENIED_STRICT_SURVIVAL}
[01:41:38] [Server thread/INFO]: [AIBot] ACTION event=capability_decision bot=Bob {allowed=false, profile=strict_survival, capability=HIDDEN_BLOCK_SCAN, context=observable_block_query, reason=DENIED_STRICT_SURVIVAL}
[01:41:38] [Server thread/WARN]: [AIBot] PERCEPTION event=snapshot_slow bot=Bob {elapsed_ms=312}
[01:41:38] [Server thread/INFO]: AIBot external-body bridge bound to loopback port 8765 for Bob
[01:41:39] [Server thread/WARN]: Can't keep up! Is the server overloaded? Running 2342ms or 46 ticks behind
[01:41:39] [Server thread/INFO]: [AIBot] ACTION event=capability_decision bot=Bob {allowed=false, profile=strict_survival, capability=HIDDEN_BLOCK_SCAN, context=observable_entity_query, reason=DENIED_STRICT_SURVIVAL}
[01:41:40] [Server thread/WARN]: [AIBot] PERCEPTION event=snapshot_slow bot=Bob {elapsed_ms=46}
[01:41:40] [Server thread/WARN]: [AIBot] PERCEPTION event=snapshot_slow bot=Bob {elapsed_ms=56}
[01:41:40] [Server thread/WARN]: [AIBot] PERCEPTION event=snapshot_slow bot=Bob {elapsed_ms=50}
[01:41:41] [Server thread/WARN]: [AIBot] PERCEPTION event=snapshot_slow bot=Bob {elapsed_ms=51}
[01:41:41] [Server thread/INFO]: [AIBot] ACTION event=capability_decision bot=Bob {allowed=false, profile=strict_survival, capability=HIDDEN_BLOCK_SCAN, context=diagnostic_nearby, reason=DENIED_STRICT_SURVIVAL}
[01:41:41] [Server thread/INFO]: [AIBot] ACTION event=diag_snapshot bot=Bob {submerged=false, light=0, step=, in_lava=false, task_phase=, goal=none, task_progress=1.0, task=idle, mode=survival, air=300, food=17, path_idle=true, inv=minecraft:stone_axex1 minecraft:wooden_swordx1 minecraft:crafting_tablex1 minecraft:stickx2 minecraft:wooden_pickaxex1 minecraft:wooden_axex1 minecraft:cobblestonex8 minecraft:stone_pickaxex1 minecraft:eggx1 minecraft:stone_swordx1 minecraft:raw_ironx2, nearby=animals=0 hostiles=0, mining_idle=true, hp=11.5/20.0, on_ground=true, pos=539,69,163, fall=0.0, held=minecraft:cobblestonex8, task_state=COMPLETED}
[01:41:41] [Server thread/WARN]: [AIBot] PERCEPTION event=snapshot_slow bot=Bob {elapsed_ms=28}
[01:41:42] [Server thread/WARN]: [AIBot] PERCEPTION event=snapshot_slow bot=Bob {elapsed_ms=13}
[01:41:42] [Server thread/WARN]: [AIBot] PERCEPTION event=snapshot_slow bot=Bob {elapsed_ms=11}
[01:41:43] [Server thread/WARN]: [AIBot] PERCEPTION event=snapshot_slow bot=Bob {elapsed_ms=12}
[01:41:43] [Server thread/INFO]: [AIBot] ACTION event=diag_snapshot bot=Bob {submerged=false, light=0, step=, in_lava=false, task_phase=, goal=none, task_progress=1.0, task=idle, mode=survival, air=300, food=17, path_idle=true, inv=minecraft:stone_axex1 minecraft:wooden_swordx1 minecraft:crafting_tablex1 minecraft:stickx2 minecraft:wooden_pickaxex1 minecraft:wooden_axex1 minecraft:cobblestonex8 minecraft:stone_pickaxex1 minecraft:eggx1 minecraft:stone_swordx1 minecraft:raw_ironx2, nearby=animals=0 hostiles=0, mining_idle=true, hp=11.5/20.0, on_ground=true, pos=539,69,163, fall=0.0, held=minecraft:cobblestonex8, task_state=COMPLETED}
[01:41:44] [Server thread/INFO]: [AIBot] ACTION event=capability_decision bot=Bob {allowed=false, profile=strict_survival, capability=HIDDEN_BLOCK_SCAN, context=observable_block_query, reason=DENIED_STRICT_SURVIVAL}
[01:41:44] [Server thread/INFO]: [AIBot] ACTION event=capability_decision bot=Bob {allowed=false, profile=strict_survival, capability=HIDDEN_BLOCK_SCAN, context=perception_snapshot, reason=DENIED_STRICT_SURVIVAL}
[01:41:44] [Server thread/WARN]: [AIBot] PERCEPTION event=snapshot_slow bot=Bob {elapsed_ms=15}
[01:41:44] [Server thread/INFO]: [AIBot] ACTION event=capability_decision bot=Bob {allowed=false, profile=strict_survival, capability=HIDDEN_BLOCK_SCAN, context=observable_entity_query, reason=DENIED_STRICT_SURVIVAL}
[01:41:45] [Server thread/INFO]: [AIBot] ACTION event=diag_snapshot bot=Bob {submerged=false, light=0, step=, in_lava=false, task_phase=, goal=none, task_progress=1.0, task=idle, mode=survival, air=300, food=17, path_idle=true, inv=minecraft:stone_axex1 minecraft:wooden_swordx1 minecraft:crafting_tablex1 minecraft:stickx2 minecraft:wooden_pickaxex1 minecraft:wooden_axex1 minecraft:cobblestonex8 minecraft:stone_pickaxex1 minecraft:eggx1 minecraft:stone_swordx1 minecraft:raw_ironx2, nearby=animals=0 hostiles=0, mining_idle=true, hp=11.5/20.0, on_ground=true, pos=539,69,163, fall=0.0, held=minecraft:cobblestonex8, task_state=COMPLETED}
[01:41:47] [Server thread/INFO]: [AIBot] ACTION event=capability_decision bot=Bob {allowed=false, profile=strict_survival, capability=HIDDEN_BLOCK_SCAN, context=diagnostic_nearby, reason=DENIED_STRICT_SURVIVAL}
[01:41:47] [Server thread/INFO]: [AIBot] ACTION event=diag_snapshot bot=Bob {submerged=false, light=0, step=, in_lava=false, task_phase=, goal=none, task_progress=1.0, task=idle, mode=survival, air=300, food=17, path_idle=true, inv=minecraft:stone_axex1 minecraft:wooden_swordx1 minecraft:crafting_tablex1 minecraft:stickx2 minecraft:wooden_pickaxex1 minecraft:wooden_axex1 minecraft:cobblestonex8 minecraft:stone_pickaxex1 minecraft:eggx1 minecraft:stone_swordx1 minecraft:raw_ironx2, nearby=animals=0 hostiles=0, mining_idle=true, hp=11.5/20.0, on_ground=true, pos=539,69,163, fall=0.0, held=minecraft:cobblestonex8, task_state=COMPLETED}
[01:41:47] [Server thread/INFO]: [AIBot] ACTION event=capability_decision bot=Bob {allowed=false, profile=strict_survival, capability=EMERGENCY_TELEPORT, context=danger_dark_trap_surface, reason=DENIED_STRICT_SURVIVAL}
[01:41:49] [Server thread/INFO]: [AIBot] ACTION event=capability_decision bot=Bob {allowed=false, profile=strict_survival, capability=HIDDEN_BLOCK_SCAN, context=observable_block_query, reason=DENIED_STRICT_SURVIVAL}
[01:41:49] [Server thread/INFO]: [AIBot] ACTION event=capability_decision bot=Bob {allowed=false, profile=strict_survival, capability=HIDDEN_BLOCK_SCAN, context=perception_snapshot, reason=DENIED_STRICT_SURVIVAL}
[01:41:49] [Server thread/INFO]: [AIBot] ACTION event=diag_snapshot bot=Bob {submerged=false, light=0, step=, in_lava=false, task_phase=, goal=none, task_progress=1.0, task=idle, mode=survival, air=300, food=17, path_idle=true, inv=minecraft:stone_axex1 minecraft:wooden_swordx1 minecraft:crafting_tablex1 minecraft:stickx2 minecraft:wooden_pickaxex1 minecraft:wooden_axex1 minecraft:cobblestonex8 minecraft:stone_pickaxex1 minecraft:eggx1 minecraft:stone_swordx1 minecraft:raw_ironx2, nearby=animals=0 hostiles=0, mining_idle=true, hp=11.5/20.0, on_ground=true, pos=539,69,163, fall=0.0, held=minecraft:cobblestonex8, task_state=COMPLETED}
[01:41:49] [Server thread/INFO]: [AIBot] ACTION event=capability_decision bot=Bob {allowed=false, profile=strict_survival, capability=HIDDEN_BLOCK_SCAN, context=observable_entity_query, reason=DENIED_STRICT_SURVIVAL}
[01:41:51] [Server thread/INFO]: [AIBot] ACTION event=diag_snapshot bot=Bob {submerged=false, light=0, step=, in_lava=false, task_phase=, goal=none, task_progress=1.0, task=idle, mode=survival, air=300, food=17, path_idle=true, inv=minecraft:stone_axex1 minecraft:wooden_swordx1 minecraft:crafting_tablex1 minecraft:stickx2 minecraft:wooden_pickaxex1 minecraft:wooden_axex1 minecraft:cobblestonex8 minecraft:stone_pickaxex1 minecraft:eggx1 minecraft:stone_swordx1 minecraft:raw_ironx2, nearby=animals=0 hostiles=0, mining_idle=true, hp=11.5/20.0, on_ground=true, pos=539,69,163, fall=0.0, held=minecraft:cobblestonex8, task_state=COMPLETED}
[01:41:53] [Server thread/INFO]: [AIBot] ACTION event=capability_decision bot=Bob {allowed=false, profile=strict_survival, capability=HIDDEN_BLOCK_SCAN, context=diagnostic_nearby, reason=DENIED_STRICT_SURVIVAL}
[01:41:53] [Server thread/INFO]: [AIBot] ACTION event=diag_snapshot bot=Bob {submerged=false, light=0, step=, in_lava=false, task_phase=, goal=none, task_progress=1.0, task=idle, mode=survival, air=300, food=17, path_idle=true, inv=minecraft:stone_axex1 minecraft:wooden_swordx1 minecraft:crafting_tablex1 minecraft:stickx2 minecraft:wooden_pickaxex1 minecraft:wooden_axex1 minecraft:cobblestonex8 minecraft:stone_pickaxex1 minecraft:eggx1 minecraft:stone_swordx1 minecraft:raw_ironx2, nearby=animals=0 hostiles=0, mining_idle=true, hp=11.5/20.0, on_ground=true, pos=539,69,163, fall=0.0, held=minecraft:cobblestonex8, task_state=COMPLETED}
[01:41:54] [Server thread/INFO]: [AIBot] ACTION event=capability_decision bot=Bob {allowed=false, profile=strict_survival, capability=HIDDEN_BLOCK_SCAN, context=observable_block_query, reason=DENIED_STRICT_SURVIVAL}
[01:41:54] [Server thread/INFO]: [AIBot] ACTION event=capability_decision bot=Bob {allowed=false, profile=strict_survival, capability=HIDDEN_BLOCK_SCAN, context=perception_snapshot, reason=DENIED_STRICT_SURVIVAL}
[01:41:54] [Server thread/INFO]: [AIBot] ACTION event=capability_decision bot=Bob {allowed=false, profile=strict_survival, capability=HIDDEN_BLOCK_SCAN, context=observable_entity_query, reason=DENIED_STRICT_SURVIVAL}
[01:41:55] [Server thread/INFO]: [AIBot] ACTION event=diag_snapshot bot=Bob {submerged=false, light=0, step=, in_lava=false, task_phase=, goal=none, task_progress=1.0, task=idle, mode=survival, air=300, food=17, path_idle=true, inv=minecraft:stone_axex1 minecraft:wooden_swordx1 minecraft:crafting_tablex1 minecraft:stickx2 minecraft:wooden_pickaxex1 minecraft:wooden_axex1 minecraft:cobblestonex8 minecraft:stone_pickaxex1 minecraft:eggx1 minecraft:stone_swordx1 minecraft:raw_ironx2, nearby=animals=0 hostiles=0, mining_idle=true, hp=11.5/20.0, on_ground=true, pos=539,69,163, fall=0.0, held=minecraft:cobblestonex8, task_state=COMPLETED}
[01:41:55] [Server thread/INFO]: [AIBot] ACTION event=capability_decision bot=Bob {allowed=false, profile=strict_survival, capability=EMERGENCY_TELEPORT, context=danger_dark_trap_surface, reason=DENIED_STRICT_SURVIVAL}
[01:41:57] [Server thread/INFO]: [AIBot] ACTION event=diag_snapshot bot=Bob {submerged=false, light=0, step=, in_lava=false, task_phase=, goal=none, task_progress=1.0, task=idle, mode=survival, air=300, food=17, path_idle=true, inv=minecraft:stone_axex1 minecraft:wooden_swordx1 minecraft:crafting_tablex1 minecraft:stickx2 minecraft:wooden_pickaxex1 minecraft:wooden_axex1 minecraft:cobblestonex8 minecraft:stone_pickaxex1 minecraft:eggx1 minecraft:stone_swordx1 minecraft:raw_ironx2, nearby=animals=0 hostiles=0, mining_idle=true, hp=11.5/20.0, on_ground=true, pos=539,69,163, fall=0.0, held=minecraft:cobblestonex8, task_state=COMPLETED}
[01:41:59] [Server thread/INFO]: [AIBot] ACTION event=capability_decision bot=Bob {allowed=false, profile=strict_survival, capability=HIDDEN_BLOCK_SCAN, context=observable_block_query, reason=DENIED_STRICT_SURVIVAL}
[01:41:59] [Server thread/INFO]: [AIBot] ACTION event=capability_decision bot=Bob {allowed=false, profile=strict_survival, capability=HIDDEN_BLOCK_SCAN, context=perception_snapshot, reason=DENIED_STRICT_SURVIVAL}
[01:41:59] [Server thread/INFO]: [AIBot] ACTION event=capability_decision bot=Bob {allowed=false, profile=strict_survival, capability=HIDDEN_BLOCK_SCAN, context=diagnostic_nearby, reason=DENIED_STRICT_SURVIVAL}
[01:41:59] [Server thread/INFO]: [AIBot] ACTION event=diag_snapshot bot=Bob {submerged=false, light=0, step=, in_lava=false, task_phase=, goal=none, task_progress=1.0, task=idle, mode=survival, air=300, food=17, path_idle=true, inv=minecraft:stone_axex1 minecraft:wooden_swordx1 minecraft:crafting_tablex1 minecraft:stickx2 minecraft:wooden_pickaxex1 minecraft:wooden_axex1 minecraft:cobblestonex8 minecraft:stone_pickaxex1 minecraft:eggx1 minecraft:stone_swordx1 minecraft:raw_ironx2, nearby=animals=0 hostiles=0, mining_idle=true, hp=11.5/20.0, on_ground=true, pos=539,69,163, fall=0.0, held=minecraft:cobblestonex8, task_state=COMPLETED}
[01:41:59] [Server thread/INFO]: [AIBot] ACTION event=capability_decision bot=Bob {allowed=false, profile=strict_survival, capability=HIDDEN_BLOCK_SCAN, context=observable_entity_query, reason=DENIED_STRICT_SURVIVAL}
[01:42:01] [Server thread/INFO]: [AIBot] ACTION event=diag_snapshot bot=Bob {submerged=false, light=0, step=, in_lava=false, task_phase=, goal=none, task_progress=1.0, task=idle, mode=survival, air=300, food=17, path_idle=true, inv=minecraft:stone_axex1 minecraft:wooden_swordx1 minecraft:crafting_tablex1 minecraft:stickx2 minecraft:wooden_pickaxex1 minecraft:wooden_axex1 minecraft:cobblestonex8 minecraft:stone_pickaxex1 minecraft:eggx1 minecraft:stone_swordx1 minecraft:raw_ironx2, nearby=animals=0 hostiles=0, mining_idle=true, hp=11.5/20.0, on_ground=true, pos=539,69,163, fall=0.0, held=minecraft:cobblestonex8, task_state=COMPLETED}
[01:42:03] [Server thread/INFO]: [AIBot] ACTION event=diag_snapshot bot=Bob {submerged=false, light=0, step=, in_lava=false, task_phase=, goal=none, task_progress=1.0, task=idle, mode=survival, air=300, food=17, path_idle=true, inv=minecraft:stone_axex1 minecraft:wooden_swordx1 minecraft:crafting_tablex1 minecraft:stickx2 minecraft:wooden_pickaxex1 minecraft:wooden_axex1 minecraft:cobblestonex8 minecraft:stone_pickaxex1 minecraft:eggx1 minecraft:stone_swordx1 minecraft:raw_ironx2, nearby=animals=0 hostiles=0, mining_idle=true, hp=11.5/20.0, on_ground=true, pos=539,69,163, fall=0.0, held=minecraft:cobblestonex8, task_state=COMPLETED}
[01:42:03] [Server thread/INFO]: [AIBot] ACTION event=capability_decision bot=Bob {allowed=false, profile=strict_survival, capability=EMERGENCY_TELEPORT, context=danger_dark_trap_surface, reason=DENIED_STRICT_SURVIVAL}
[01:42:04] [Server thread/INFO]: [AIBot] ACTION event=capability_decision bot=Bob {allowed=false, profile=strict_survival, capability=HIDDEN_BLOCK_SCAN, context=observable_block_query, reason=DENIED_STRICT_SURVIVAL}
[01:42:04] [Server thread/INFO]: [AIBot] ACTION event=capability_decision bot=Bob {allowed=false, profile=strict_survival, capability=HIDDEN_BLOCK_SCAN, context=perception_snapshot, reason=DENIED_STRICT_SURVIVAL}
[01:42:04] [Server thread/INFO]: [AIBot] ACTION event=capability_decision bot=Bob {allowed=false, profile=strict_survival, capability=HIDDEN_BLOCK_SCAN, context=observable_entity_query, reason=DENIED_STRICT_SURVIVAL}
[01:42:05] [Server thread/INFO]: [AIBot] ACTION event=capability_decision bot=Bob {allowed=false, profile=strict_survival, capability=HIDDEN_BLOCK_SCAN, context=diagnostic_nearby, reason=DENIED_STRICT_SURVIVAL}
[01:42:05] [Server thread/INFO]: [AIBot] ACTION event=diag_snapshot bot=Bob {submerged=false, light=0, step=, in_lava=false, task_phase=, goal=none, task_progress=1.0, task=idle, mode=survival, air=300, food=17, path_idle=true, inv=minecraft:stone_axex1 minecraft:wooden_swordx1 minecraft:crafting_tablex1 minecraft:stickx2 minecraft:wooden_pickaxex1 minecraft:wooden_axex1 minecraft:cobblestonex8 minecraft:stone_pickaxex1 minecraft:eggx1 minecraft:stone_swordx1 minecraft:raw_ironx2, nearby=animals=0 hostiles=0, mining_idle=true, hp=11.5/20.0, on_ground=true, pos=539,69,163, fall=0.0, held=minecraft:cobblestonex8, task_state=COMPLETED}
[01:42:05] [RCON Listener #1/INFO]: Thread RCON Client /127.0.0.1 started
[01:42:05] [RCON Client /127.0.0.1 #2/INFO]: Thread RCON Client /127.0.0.1 shutting down
[01:42:05] [RCON Listener #1/INFO]: Thread RCON Client /127.0.0.1 started
[01:42:05] [RCON Client /127.0.0.1 #3/INFO]: Thread RCON Client /127.0.0.1 shutting down
[01:42:07] [Server thread/INFO]: [AIBot] ACTION event=diag_snapshot bot=Bob {submerged=false, light=0, step=, in_lava=false, task_phase=, goal=none, task_progress=1.0, task=idle, mode=survival, air=300, food=17, path_idle=true, inv=minecraft:stone_axex1 minecraft:wooden_swordx1 minecraft:crafting_tablex1 minecraft:stickx2 minecraft:wooden_pickaxex1 minecraft:wooden_axex1 minecraft:cobblestonex8 minecraft:stone_pickaxex1 minecraft:eggx1 minecraft:stone_swordx1 minecraft:raw_ironx2, nearby=animals=0 hostiles=0, mining_idle=true, hp=11.5/20.0, on_ground=true, pos=539,69,163, fall=0.0, held=minecraft:cobblestonex8, task_state=COMPLETED}
[01:42:09] [Server thread/INFO]: [AIBot] ACTION event=capability_decision bot=Bob {allowed=false, profile=strict_survival, capability=HIDDEN_BLOCK_SCAN, context=observable_block_query, reason=DENIED_STRICT_SURVIVAL}
[01:42:09] [Server thread/INFO]: [AIBot] ACTION event=capability_decision bot=Bob {allowed=false, profile=strict_survival, capability=HIDDEN_BLOCK_SCAN, context=perception_snapshot, reason=DENIED_STRICT_SURVIVAL}
[01:42:09] [Server thread/INFO]: [AIBot] ACTION event=diag_snapshot bot=Bob {submerged=false, light=0, step=, in_lava=false, task_phase=, goal=none, task_progress=1.0, task=idle, mode=survival, air=300, food=17, path_idle=true, inv=minecraft:stone_axex1 minecraft:wooden_swordx1 minecraft:crafting_tablex1 minecraft:stickx2 minecraft:wooden_pickaxex1 minecraft:wooden_axex1 minecraft:cobblestonex8 minecraft:stone_pickaxex1 minecraft:eggx1 minecraft:stone_swordx1 minecraft:raw_ironx2, nearby=animals=0 hostiles=0, mining_idle=true, hp=11.5/20.0, on_ground=true, pos=539,69,163, fall=0.0, held=minecraft:cobblestonex8, task_state=COMPLETED}
[01:42:09] [Server thread/INFO]: [AIBot] ACTION event=capability_decision bot=Bob {allowed=false, profile=strict_survival, capability=HIDDEN_BLOCK_SCAN, context=observable_entity_query, reason=DENIED_STRICT_SURVIVAL}
[01:42:11] [Server thread/INFO]: [AIBot] ACTION event=capability_decision bot=Bob {allowed=false, profile=strict_survival, capability=HIDDEN_BLOCK_SCAN, context=diagnostic_nearby, reason=DENIED_STRICT_SURVIVAL}
[01:42:11] [Server thread/INFO]: [AIBot] ACTION event=diag_snapshot bot=Bob {submerged=false, light=0, step=, in_lava=false, task_phase=, goal=none, task_progress=1.0, task=idle, mode=survival, air=300, food=17, path_idle=true, inv=minecraft:stone_axex1 minecraft:wooden_swordx1 minecraft:crafting_tablex1 minecraft:stickx2 minecraft:wooden_pickaxex1 minecraft:wooden_axex1 minecraft:cobblestonex8 minecraft:stone_pickaxex1 minecraft:eggx1 minecraft:stone_swordx1 minecraft:raw_ironx2, nearby=animals=0 hostiles=0, mining_idle=true, hp=11.5/20.0, on_ground=true, pos=539,69,163, fall=0.0, held=minecraft:cobblestonex8, task_state=COMPLETED}
[01:42:11] [Server thread/INFO]: [AIBot] ACTION event=capability_decision bot=Bob {allowed=false, profile=strict_survival, capability=EMERGENCY_TELEPORT, context=danger_dark_trap_surface, reason=DENIED_STRICT_SURVIVAL}
[01:42:13] [Server thread/INFO]: [AIBot] ACTION event=diag_snapshot bot=Bob {submerged=false, light=0, step=, in_lava=false, task_phase=, goal=none, task_progress=1.0, task=idle, mode=survival, air=300, food=17, path_idle=true, inv=minecraft:stone_axex1 minecraft:wooden_swordx1 minecraft:crafting_tablex1 minecraft:stickx2 minecraft:wooden_pickaxex1 minecraft:wooden_axex1 minecraft:cobblestonex8 minecraft:stone_pickaxex1 minecraft:eggx1 minecraft:stone_swordx1 minecraft:raw_ironx2, nearby=animals=0 hostiles=0, mining_idle=true, hp=11.5/20.0, on_ground=true, pos=539,69,163, fall=0.0, held=minecraft:cobblestonex8, task_state=COMPLETED}
[01:42:14] [Server thread/INFO]: [AIBot] ACTION event=capability_decision bot=Bob {allowed=false, profile=strict_survival, capability=HIDDEN_BLOCK_SCAN, context=observable_block_query, reason=DENIED_STRICT_SURVIVAL}
[01:42:14] [Server thread/INFO]: [AIBot] ACTION event=capability_decision bot=Bob {allowed=false, profile=strict_survival, capability=HIDDEN_BLOCK_SCAN, context=perception_snapshot, reason=DENIED_STRICT_SURVIVAL}
[01:42:14] [Server thread/INFO]: [AIBot] ACTION event=capability_decision bot=Bob {allowed=false, profile=strict_survival, capability=HIDDEN_BLOCK_SCAN, context=observable_entity_query, reason=DENIED_STRICT_SURVIVAL}
[01:42:15] [Server thread/INFO]: [AIBot] ACTION event=diag_snapshot bot=Bob {submerged=false, light=0, step=, in_lava=false, task_phase=, goal=none, task_progress=1.0, task=idle, mode=survival, air=300, food=17, path_idle=true, inv=minecraft:stone_axex1 minecraft:wooden_swordx1 minecraft:crafting_tablex1 minecraft:stickx2 minecraft:wooden_pickaxex1 minecraft:wooden_axex1 minecraft:cobblestonex8 minecraft:stone_pickaxex1 minecraft:eggx1 minecraft:stone_swordx1 minecraft:raw_ironx2, nearby=animals=0 hostiles=0, mining_idle=true, hp=11.5/20.0, on_ground=true, pos=539,69,163, fall=0.0, held=minecraft:cobblestonex8, task_state=COMPLETED}
[01:42:16] [Server thread/WARN]: [AIBot] PERCEPTION event=snapshot_slow bot=Bob {elapsed_ms=11}
[01:42:17] [Server thread/INFO]: [AIBot] ACTION event=capability_decision bot=Bob {allowed=false, profile=strict_survival, capability=HIDDEN_BLOCK_SCAN, context=diagnostic_nearby, reason=DENIED_STRICT_SURVIVAL}
[01:42:17] [Server thread/INFO]: [AIBot] ACTION event=diag_snapshot bot=Bob {submerged=false, light=0, step=, in_lava=false, task_phase=, goal=none, task_progress=1.0, task=idle, mode=survival, air=300, food=17, path_idle=true, inv=minecraft:stone_axex1 minecraft:wooden_swordx1 minecraft:crafting_tablex1 minecraft:stickx2 minecraft:wooden_pickaxex1 minecraft:wooden_axex1 minecraft:cobblestonex8 minecraft:stone_pickaxex1 minecraft:eggx1 minecraft:stone_swordx1 minecraft:raw_ironx2, nearby=animals=0 hostiles=0, mining_idle=true, hp=11.5/20.0, on_ground=true, pos=539,69,163, fall=0.0, held=minecraft:cobblestonex8, task_state=COMPLETED}
[01:42:19] [Server thread/INFO]: [AIBot] ACTION event=capability_decision bot=Bob {allowed=false, profile=strict_survival, capability=HIDDEN_BLOCK_SCAN, context=observable_block_query, reason=DENIED_STRICT_SURVIVAL}
[01:42:19] [Server thread/INFO]: [AIBot] ACTION event=capability_decision bot=Bob {allowed=false, profile=strict_survival, capability=HIDDEN_BLOCK_SCAN, context=perception_snapshot, reason=DENIED_STRICT_SURVIVAL}
[01:42:19] [Server thread/INFO]: [AIBot] ACTION event=diag_snapshot bot=Bob {submerged=false, light=0, step=, in_lava=false, task_phase=, goal=none, task_progress=1.0, task=idle, mode=survival, air=300, food=17, path_idle=true, inv=minecraft:stone_axex1 minecraft:wooden_swordx1 minecraft:crafting_tablex1 minecraft:stickx2 minecraft:wooden_pickaxex1 minecraft:wooden_axex1 minecraft:cobblestonex8 minecraft:stone_pickaxex1 minecraft:eggx1 minecraft:stone_swordx1 minecraft:raw_ironx2, nearby=animals=0 hostiles=0, mining_idle=true, hp=11.5/20.0, on_ground=true, pos=539,69,163, fall=0.0, held=minecraft:cobblestonex8, task_state=COMPLETED}
[01:42:19] [Server thread/INFO]: [AIBot] ACTION event=capability_decision bot=Bob {allowed=false, profile=strict_survival, capability=HIDDEN_BLOCK_SCAN, context=observable_entity_query, reason=DENIED_STRICT_SURVIVAL}
[01:42:19] [Server thread/INFO]: [AIBot] ACTION event=capability_decision bot=Bob {allowed=false, profile=strict_survival, capability=EMERGENCY_TELEPORT, context=danger_dark_trap_surface, reason=DENIED_STRICT_SURVIVAL}
[01:42:21] [Server thread/INFO]: [AIBot] ACTION event=diag_snapshot bot=Bob {submerged=false, light=0, step=, in_lava=false, task_phase=, goal=none, task_progress=1.0, task=idle, mode=survival, air=300, food=17, path_idle=true, inv=minecraft:stone_axex1 minecraft:wooden_swordx1 minecraft:crafting_tablex1 minecraft:stickx2 minecraft:wooden_pickaxex1 minecraft:wooden_axex1 minecraft:cobblestonex8 minecraft:stone_pickaxex1 minecraft:eggx1 minecraft:stone_swordx1 minecraft:raw_ironx2, nearby=animals=0 hostiles=0, mining_idle=true, hp=11.5/20.0, on_ground=true, pos=539,69,163, fall=0.0, held=minecraft:cobblestonex8, task_state=COMPLETED}
[01:42:23] [Server thread/WARN]: [AIBot] PERCEPTION event=snapshot_slow bot=Bob {elapsed_ms=11}
[01:42:23] [Server thread/INFO]: [AIBot] ACTION event=capability_decision bot=Bob {allowed=false, profile=strict_survival, capability=HIDDEN_BLOCK_SCAN, context=diagnostic_nearby, reason=DENIED_STRICT_SURVIVAL}
[01:42:23] [Server thread/INFO]: [AIBot] ACTION event=diag_snapshot bot=Bob {submerged=false, light=0, step=, in_lava=false, task_phase=, goal=none, task_progress=1.0, task=idle, mode=survival, air=300, food=17, path_idle=true, inv=minecraft:stone_axex1 minecraft:wooden_swordx1 minecraft:crafting_tablex1 minecraft:stickx2 minecraft:wooden_pickaxex1 minecraft:wooden_axex1 minecraft:cobblestonex8 minecraft:stone_pickaxex1 minecraft:eggx1 minecraft:stone_swordx1 minecraft:raw_ironx2, nearby=animals=0 hostiles=0, mining_idle=true, hp=11.5/20.0, on_ground=true, pos=539,69,163, fall=0.0, held=minecraft:cobblestonex8, task_state=COMPLETED}
[01:42:24] [Server thread/INFO]: [AIBot] ACTION event=capability_decision bot=Bob {allowed=false, profile=strict_survival, capability=HIDDEN_BLOCK_SCAN, context=observable_block_query, reason=DENIED_STRICT_SURVIVAL}
[01:42:24] [Server thread/INFO]: [AIBot] ACTION event=capability_decision bot=Bob {allowed=false, profile=strict_survival, capability=HIDDEN_BLOCK_SCAN, context=perception_snapshot, reason=DENIED_STRICT_SURVIVAL}
[01:42:24] [Server thread/INFO]: [AIBot] ACTION event=capability_decision bot=Bob {allowed=false, profile=strict_survival, capability=HIDDEN_BLOCK_SCAN, context=observable_entity_query, reason=DENIED_STRICT_SURVIVAL}
[01:42:25] [Server thread/INFO]: [AIBot] ACTION event=diag_snapshot bot=Bob {submerged=false, light=0, step=, in_lava=false, task_phase=, goal=none, task_progress=1.0, task=idle, mode=survival, air=300, food=17, path_idle=true, inv=minecraft:stone_axex1 minecraft:wooden_swordx1 minecraft:crafting_tablex1 minecraft:stickx2 minecraft:wooden_pickaxex1 minecraft:wooden_axex1 minecraft:cobblestonex8 minecraft:stone_pickaxex1 minecraft:eggx1 minecraft:stone_swordx1 minecraft:raw_ironx2, nearby=animals=0 hostiles=0, mining_idle=true, hp=11.5/20.0, on_ground=true, pos=539,69,163, fall=0.0, held=minecraft:cobblestonex8, task_state=COMPLETED}
[01:42:27] [Server thread/INFO]: [AIBot] ACTION event=diag_snapshot bot=Bob {submerged=false, light=0, step=, in_lava=false, task_phase=, goal=none, task_progress=1.0, task=idle, mode=survival, air=300, food=17, path_idle=true, inv=minecraft:stone_axex1 minecraft:wooden_swordx1 minecraft:crafting_tablex1 minecraft:stickx2 minecraft:wooden_pickaxex1 minecraft:wooden_axex1 minecraft:cobblestonex8 minecraft:stone_pickaxex1 minecraft:eggx1 minecraft:stone_swordx1 minecraft:raw_ironx2, nearby=animals=0 hostiles=0, mining_idle=true, hp=11.5/20.0, on_ground=true, pos=539,69,163, fall=0.0, held=minecraft:cobblestonex8, task_state=COMPLETED}
[01:42:27] [Server thread/INFO]: [AIBot] ACTION event=capability_decision bot=Bob {allowed=false, profile=strict_survival, capability=EMERGENCY_TELEPORT, context=danger_dark_trap_surface, reason=DENIED_STRICT_SURVIVAL}
[01:42:29] [Server thread/INFO]: [AIBot] ACTION event=capability_decision bot=Bob {allowed=false, profile=strict_survival, capability=HIDDEN_BLOCK_SCAN, context=observable_block_query, reason=DENIED_STRICT_SURVIVAL}
[01:42:29] [Server thread/INFO]: [AIBot] ACTION event=capability_decision bot=Bob {allowed=false, profile=strict_survival, capability=HIDDEN_BLOCK_SCAN, context=perception_snapshot, reason=DENIED_STRICT_SURVIVAL}
[01:42:29] [Server thread/INFO]: [AIBot] ACTION event=capability_decision bot=Bob {allowed=false, profile=strict_survival, capability=HIDDEN_BLOCK_SCAN, context=diagnostic_nearby, reason=DENIED_STRICT_SURVIVAL}
[01:42:29] [Server thread/INFO]: [AIBot] ACTION event=diag_snapshot bot=Bob {submerged=false, light=0, step=, in_lava=false, task_phase=, goal=none, task_progress=1.0, task=idle, mode=survival, air=300, food=17, path_idle=true, inv=minecraft:stone_axex1 minecraft:wooden_swordx1 minecraft:crafting_tablex1 minecraft:stickx2 minecraft:wooden_pickaxex1 minecraft:wooden_axex1 minecraft:cobblestonex8 minecraft:stone_pickaxex1 minecraft:eggx1 minecraft:stone_swordx1 minecraft:raw_ironx2, nearby=animals=0 hostiles=0, mining_idle=true, hp=11.5/20.0, on_ground=true, pos=539,69,163, fall=0.0, held=minecraft:cobblestonex8, task_state=COMPLETED}
[01:42:29] [Server thread/INFO]: [AIBot] ACTION event=capability_decision bot=Bob {allowed=false, profile=strict_survival, capability=HIDDEN_BLOCK_SCAN, context=observable_entity_query, reason=DENIED_STRICT_SURVIVAL}
[01:42:31] [Server thread/INFO]: [AIBot] ACTION event=diag_snapshot bot=Bob {submerged=false, light=0, step=, in_lava=false, task_phase=, goal=none, task_progress=1.0, task=idle, mode=survival, air=300, food=17, path_idle=true, inv=minecraft:stone_axex1 minecraft:wooden_swordx1 minecraft:crafting_tablex1 minecraft:stickx2 minecraft:wooden_pickaxex1 minecraft:wooden_axex1 minecraft:cobblestonex8 minecraft:stone_pickaxex1 minecraft:eggx1 minecraft:stone_swordx1 minecraft:raw_ironx2, nearby=animals=0 hostiles=0, mining_idle=true, hp=11.5/20.0, on_ground=true, pos=539,69,163, fall=0.0, held=minecraft:cobblestonex8, task_state=COMPLETED}
[01:42:33] [Server thread/INFO]: [AIBot] ACTION event=diag_snapshot bot=Bob {submerged=false, light=0, step=, in_lava=false, task_phase=, goal=none, task_progress=1.0, task=idle, mode=survival, air=300, food=17, path_idle=true, inv=minecraft:stone_axex1 minecraft:wooden_swordx1 minecraft:crafting_tablex1 minecraft:stickx2 minecraft:wooden_pickaxex1 minecraft:wooden_axex1 minecraft:cobblestonex8 minecraft:stone_pickaxex1 minecraft:eggx1 minecraft:stone_swordx1 minecraft:raw_ironx2, nearby=animals=0 hostiles=0, mining_idle=true, hp=11.5/20.0, on_ground=true, pos=539,69,163, fall=0.0, held=minecraft:cobblestonex8, task_state=COMPLETED}
[01:42:34] [Server thread/INFO]: [AIBot] ACTION event=capability_decision bot=Bob {allowed=false, profile=strict_survival, capability=HIDDEN_BLOCK_SCAN, context=observable_block_query, reason=DENIED_STRICT_SURVIVAL}
[01:42:34] [Server thread/INFO]: [AIBot] ACTION event=capability_decision bot=Bob {allowed=false, profile=strict_survival, capability=HIDDEN_BLOCK_SCAN, context=perception_snapshot, reason=DENIED_STRICT_SURVIVAL}
[01:42:34] [Server thread/INFO]: [AIBot] ACTION event=capability_decision bot=Bob {allowed=false, profile=strict_survival, capability=HIDDEN_BLOCK_SCAN, context=observable_entity_query, reason=DENIED_STRICT_SURVIVAL}
[01:42:35] [Server thread/INFO]: [AIBot] ACTION event=capability_decision bot=Bob {allowed=false, profile=strict_survival, capability=HIDDEN_BLOCK_SCAN, context=diagnostic_nearby, reason=DENIED_STRICT_SURVIVAL}
[01:42:35] [Server thread/INFO]: [AIBot] ACTION event=diag_snapshot bot=Bob {submerged=false, light=0, step=, in_lava=false, task_phase=, goal=none, task_progress=1.0, task=idle, mode=survival, air=300, food=17, path_idle=true, inv=minecraft:stone_axex1 minecraft:wooden_swordx1 minecraft:crafting_tablex1 minecraft:stickx2 minecraft:wooden_pickaxex1 minecraft:wooden_axex1 minecraft:cobblestonex8 minecraft:stone_pickaxex1 minecraft:eggx1 minecraft:stone_swordx1 minecraft:raw_ironx2, nearby=animals=0 hostiles=0, mining_idle=true, hp=11.5/20.0, on_ground=true, pos=539,69,163, fall=0.0, held=minecraft:cobblestonex8, task_state=COMPLETED}
[01:42:35] [Server thread/INFO]: [AIBot] ACTION event=capability_decision bot=Bob {allowed=false, profile=strict_survival, capability=EMERGENCY_TELEPORT, context=danger_dark_trap_surface, reason=DENIED_STRICT_SURVIVAL}
[01:42:37] [RCON Listener #1/INFO]: Thread RCON Client /127.0.0.1 started
[01:42:37] [Server thread/INFO]: [Rcon: Gamerule doDaylightCycle is now set to: false]
[01:42:37] [RCON Client /127.0.0.1 #4/INFO]: Thread RCON Client /127.0.0.1 shutting down
[01:42:37] [RCON Listener #1/INFO]: Thread RCON Client /127.0.0.1 started
[01:42:37] [Server thread/INFO]: [Rcon: Set the time to 1000]
[01:42:37] [RCON Client /127.0.0.1 #5/INFO]: Thread RCON Client /127.0.0.1 shutting down
[01:42:37] [Server thread/INFO]: [AIBot] ACTION event=diag_snapshot bot=Bob {submerged=false, light=0, step=, in_lava=false, task_phase=, goal=none, task_progress=1.0, task=idle, mode=survival, air=300, food=17, path_idle=true, inv=minecraft:stone_axex1 minecraft:wooden_swordx1 minecraft:crafting_tablex1 minecraft:stickx2 minecraft:wooden_pickaxex1 minecraft:wooden_axex1 minecraft:cobblestonex8 minecraft:stone_pickaxex1 minecraft:eggx1 minecraft:stone_swordx1 minecraft:raw_ironx2, nearby=animals=0 hostiles=0, mining_idle=true, hp=11.5/20.0, on_ground=true, pos=539,69,163, fall=0.0, held=minecraft:cobblestonex8, task_state=COMPLETED}
[01:42:39] [Server thread/INFO]: [AIBot] LIFECYCLE event=mixin_alive bot=- {server_tick=1200}
[01:42:39] [Server thread/INFO]: [AIBot] ACTION event=capability_decision bot=Bob {allowed=false, profile=strict_survival, capability=HIDDEN_BLOCK_SCAN, context=observable_block_query, reason=DENIED_STRICT_SURVIVAL}
[01:42:39] [Server thread/INFO]: [AIBot] ACTION event=capability_decision bot=Bob {allowed=false, profile=strict_survival, capability=HIDDEN_BLOCK_SCAN, context=perception_snapshot, reason=DENIED_STRICT_SURVIVAL}
[01:42:39] [Server thread/INFO]: [AIBot] ACTION event=diag_snapshot bot=Bob {submerged=false, light=0, step=, in_lava=false, task_phase=, goal=none, task_progress=1.0, task=idle, mode=survival, air=300, food=17, path_idle=true, inv=minecraft:stone_axex1 minecraft:wooden_swordx1 minecraft:crafting_tablex1 minecraft:stickx2 minecraft:wooden_pickaxex1 minecraft:wooden_axex1 minecraft:cobblestonex8 minecraft:stone_pickaxex1 minecraft:eggx1 minecraft:stone_swordx1 minecraft:raw_ironx2, nearby=animals=0 hostiles=0, mining_idle=true, hp=11.5/20.0, on_ground=true, pos=539,69,163, fall=0.0, held=minecraft:cobblestonex8, task_state=COMPLETED}
[01:42:39] [Server thread/INFO]: [AIBot] ACTION event=capability_decision bot=Bob {allowed=false, profile=strict_survival, capability=HIDDEN_BLOCK_SCAN, context=observable_entity_query, reason=DENIED_STRICT_SURVIVAL}
[01:42:41] [Server thread/INFO]: [AIBot] ACTION event=capability_decision bot=Bob {allowed=false, profile=strict_survival, capability=HIDDEN_BLOCK_SCAN, context=diagnostic_nearby, reason=DENIED_STRICT_SURVIVAL}
[01:42:41] [Server thread/INFO]: [AIBot] ACTION event=diag_snapshot bot=Bob {submerged=false, light=0, step=, in_lava=false, task_phase=, goal=none, task_progress=1.0, task=idle, mode=survival, air=300, food=17, path_idle=true, inv=minecraft:stone_axex1 minecraft:wooden_swordx1 minecraft:crafting_tablex1 minecraft:stickx2 minecraft:wooden_pickaxex1 minecraft:wooden_axex1 minecraft:cobblestonex8 minecraft:stone_pickaxex1 minecraft:eggx1 minecraft:stone_swordx1 minecraft:raw_ironx2, nearby=animals=0 hostiles=0, mining_idle=true, hp=11.5/20.0, on_ground=true, pos=539,69,163, fall=0.0, held=minecraft:cobblestonex8, task_state=COMPLETED}
[01:42:43] [Server thread/INFO]: [AIBot] ACTION event=diag_snapshot bot=Bob {submerged=false, light=0, step=, in_lava=false, task_phase=, goal=none, task_progress=1.0, task=idle, mode=survival, air=300, food=17, path_idle=true, inv=minecraft:stone_axex1 minecraft:wooden_swordx1 minecraft:crafting_tablex1 minecraft:stickx2 minecraft:wooden_pickaxex1 minecraft:wooden_axex1 minecraft:cobblestonex8 minecraft:stone_pickaxex1 minecraft:eggx1 minecraft:stone_swordx1 minecraft:raw_ironx2, nearby=animals=0 hostiles=0, mining_idle=true, hp=11.5/20.0, on_ground=true, pos=539,69,163, fall=0.0, held=minecraft:cobblestonex8, task_state=COMPLETED}
[01:42:43] [Server thread/INFO]: [AIBot] ACTION event=capability_decision bot=Bob {allowed=false, profile=strict_survival, capability=EMERGENCY_TELEPORT, context=danger_dark_trap_surface, reason=DENIED_STRICT_SURVIVAL}
[01:42:44] [Server thread/INFO]: [AIBot] ACTION event=capability_decision bot=Bob {allowed=false, profile=strict_survival, capability=HIDDEN_BLOCK_SCAN, context=observable_block_query, reason=DENIED_STRICT_SURVIVAL}
[01:42:44] [Server thread/INFO]: [AIBot] ACTION event=capability_decision bot=Bob {allowed=false, profile=strict_survival, capability=HIDDEN_BLOCK_SCAN, context=perception_snapshot, reason=DENIED_STRICT_SURVIVAL}
[01:42:44] [Server thread/INFO]: [AIBot] ACTION event=capability_decision bot=Bob {allowed=false, profile=strict_survival, capability=HIDDEN_BLOCK_SCAN, context=observable_entity_query, reason=DENIED_STRICT_SURVIVAL}
[01:42:45] [Server thread/INFO]: [AIBot] ACTION event=diag_snapshot bot=Bob {submerged=false, light=0, step=, in_lava=false, task_phase=, goal=none, task_progress=1.0, task=idle, mode=survival, air=300, food=17, path_idle=true, inv=minecraft:stone_axex1 minecraft:wooden_swordx1 minecraft:crafting_tablex1 minecraft:stickx2 minecraft:wooden_pickaxex1 minecraft:wooden_axex1 minecraft:cobblestonex8 minecraft:stone_pickaxex1 minecraft:eggx1 minecraft:stone_swordx1 minecraft:raw_ironx2, nearby=animals=0 hostiles=0, mining_idle=true, hp=11.5/20.0, on_ground=true, pos=539,69,163, fall=0.0, held=minecraft:cobblestonex8, task_state=COMPLETED}
[01:42:47] [Server thread/INFO]: [AIBot] ACTION event=capability_decision bot=Bob {allowed=false, profile=strict_survival, capability=HIDDEN_BLOCK_SCAN, context=diagnostic_nearby, reason=DENIED_STRICT_SURVIVAL}
[01:42:47] [Server thread/INFO]: [AIBot] ACTION event=diag_snapshot bot=Bob {submerged=false, light=0, step=, in_lava=false, task_phase=, goal=none, task_progress=1.0, task=idle, mode=survival, air=300, food=17, path_idle=true, inv=minecraft:stone_axex1 minecraft:wooden_swordx1 minecraft:crafting_tablex1 minecraft:stickx2 minecraft:wooden_pickaxex1 minecraft:wooden_axex1 minecraft:cobblestonex8 minecraft:stone_pickaxex1 minecraft:eggx1 minecraft:stone_swordx1 minecraft:raw_ironx2, nearby=animals=0 hostiles=0, mining_idle=true, hp=11.5/20.0, on_ground=true, pos=539,69,163, fall=0.0, held=minecraft:cobblestonex8, task_state=COMPLETED}
[01:42:49] [Server thread/INFO]: [AIBot] ACTION event=capability_decision bot=Bob {allowed=false, profile=strict_survival, capability=HIDDEN_BLOCK_SCAN, context=observable_block_query, reason=DENIED_STRICT_SURVIVAL}
[01:42:49] [Server thread/INFO]: [AIBot] ACTION event=capability_decision bot=Bob {allowed=false, profile=strict_survival, capability=HIDDEN_BLOCK_SCAN, context=perception_snapshot, reason=DENIED_STRICT_SURVIVAL}
[01:42:49] [Server thread/INFO]: [AIBot] ACTION event=diag_snapshot bot=Bob {submerged=false, light=0, step=, in_lava=false, task_phase=, goal=none, task_progress=1.0, task=idle, mode=survival, air=300, food=17, path_idle=true, inv=minecraft:stone_axex1 minecraft:wooden_swordx1 minecraft:crafting_tablex1 minecraft:stickx2 minecraft:wooden_pickaxex1 minecraft:wooden_axex1 minecraft:cobblestonex8 minecraft:stone_pickaxex1 minecraft:eggx1 minecraft:stone_swordx1 minecraft:raw_ironx2, nearby=animals=0 hostiles=0, mining_idle=true, hp=11.5/20.0, on_ground=true, pos=539,69,163, fall=0.0, held=minecraft:cobblestonex8, task_state=COMPLETED}
[01:42:49] [Server thread/INFO]: [AIBot] ACTION event=capability_decision bot=Bob {allowed=false, profile=strict_survival, capability=HIDDEN_BLOCK_SCAN, context=observable_entity_query, reason=DENIED_STRICT_SURVIVAL}
[01:42:51] [Server thread/INFO]: [AIBot] ACTION event=diag_snapshot bot=Bob {submerged=false, light=0, step=, in_lava=false, task_phase=, goal=none, task_progress=1.0, task=idle, mode=survival, air=300, food=17, path_idle=true, inv=minecraft:stone_axex1 minecraft:wooden_swordx1 minecraft:crafting_tablex1 minecraft:stickx2 minecraft:wooden_pickaxex1 minecraft:wooden_axex1 minecraft:cobblestonex8 minecraft:stone_pickaxex1 minecraft:eggx1 minecraft:stone_swordx1 minecraft:raw_ironx2, nearby=animals=0 hostiles=0, mining_idle=true, hp=11.5/20.0, on_ground=true, pos=539,69,163, fall=0.0, held=minecraft:cobblestonex8, task_state=COMPLETED}
[01:42:51] [Server thread/INFO]: [AIBot] ACTION event=capability_decision bot=Bob {allowed=false, profile=strict_survival, capability=EMERGENCY_TELEPORT, context=danger_dark_trap_surface, reason=DENIED_STRICT_SURVIVAL}
[01:42:53] [Server thread/INFO]: [AIBot] ACTION event=capability_decision bot=Bob {allowed=false, profile=strict_survival, capability=HIDDEN_BLOCK_SCAN, context=diagnostic_nearby, reason=DENIED_STRICT_SURVIVAL}
[01:42:53] [Server thread/INFO]: [AIBot] ACTION event=diag_snapshot bot=Bob {submerged=false, light=0, step=, in_lava=false, task_phase=, goal=none, task_progress=1.0, task=idle, mode=survival, air=300, food=17, path_idle=true, inv=minecraft:stone_axex1 minecraft:wooden_swordx1 minecraft:crafting_tablex1 minecraft:stickx2 minecraft:wooden_pickaxex1 minecraft:wooden_axex1 minecraft:cobblestonex8 minecraft:stone_pickaxex1 minecraft:eggx1 minecraft:stone_swordx1 minecraft:raw_ironx2, nearby=animals=0 hostiles=0, mining_idle=true, hp=11.5/20.0, on_ground=true, pos=539,69,163, fall=0.0, held=minecraft:cobblestonex8, task_state=COMPLETED}
[01:42:54] [Server thread/INFO]: [AIBot] ACTION event=capability_decision bot=Bob {allowed=false, profile=strict_survival, capability=HIDDEN_BLOCK_SCAN, context=observable_block_query, reason=DENIED_STRICT_SURVIVAL}
[01:42:54] [Server thread/INFO]: [AIBot] ACTION event=capability_decision bot=Bob {allowed=false, profile=strict_survival, capability=HIDDEN_BLOCK_SCAN, context=perception_snapshot, reason=DENIED_STRICT_SURVIVAL}
[01:42:54] [Server thread/INFO]: [AIBot] ACTION event=capability_decision bot=Bob {allowed=false, profile=strict_survival, capability=HIDDEN_BLOCK_SCAN, context=observable_entity_query, reason=DENIED_STRICT_SURVIVAL}
[01:42:55] [Server thread/INFO]: [AIBot] ACTION event=diag_snapshot bot=Bob {submerged=false, light=0, step=, in_lava=false, task_phase=, goal=none, task_progress=1.0, task=idle, mode=survival, air=300, food=17, path_idle=true, inv=minecraft:stone_axex1 minecraft:wooden_swordx1 minecraft:crafting_tablex1 minecraft:stickx2 minecraft:wooden_pickaxex1 minecraft:wooden_axex1 minecraft:cobblestonex8 minecraft:stone_pickaxex1 minecraft:eggx1 minecraft:stone_swordx1 minecraft:raw_ironx2, nearby=animals=0 hostiles=0, mining_idle=true, hp=11.5/20.0, on_ground=true, pos=539,69,163, fall=0.0, held=minecraft:cobblestonex8, task_state=COMPLETED}
[01:42:57] [Server thread/INFO]: [AIBot] ACTION event=diag_snapshot bot=Bob {submerged=false, light=0, step=, in_lava=false, task_phase=, goal=none, task_progress=1.0, task=idle, mode=survival, air=300, food=17, path_idle=true, inv=minecraft:stone_axex1 minecraft:wooden_swordx1 minecraft:crafting_tablex1 minecraft:stickx2 minecraft:wooden_pickaxex1 minecraft:wooden_axex1 minecraft:cobblestonex8 minecraft:stone_pickaxex1 minecraft:eggx1 minecraft:stone_swordx1 minecraft:raw_ironx2, nearby=animals=0 hostiles=0, mining_idle=true, hp=11.5/20.0, on_ground=true, pos=539,69,163, fall=0.0, held=minecraft:cobblestonex8, task_state=COMPLETED}
[01:42:59] [Server thread/INFO]: [AIBot] ACTION event=capability_decision bot=Bob {allowed=false, profile=strict_survival, capability=HIDDEN_BLOCK_SCAN, context=observable_block_query, reason=DENIED_STRICT_SURVIVAL}
[01:42:59] [Server thread/INFO]: [AIBot] ACTION event=capability_decision bot=Bob {allowed=false, profile=strict_survival, capability=HIDDEN_BLOCK_SCAN, context=perception_snapshot, reason=DENIED_STRICT_SURVIVAL}
[01:42:59] [Server thread/INFO]: [AIBot] ACTION event=capability_decision bot=Bob {allowed=false, profile=strict_survival, capability=HIDDEN_BLOCK_SCAN, context=diagnostic_nearby, reason=DENIED_STRICT_SURVIVAL}
[01:42:59] [Server thread/INFO]: [AIBot] ACTION event=diag_snapshot bot=Bob {submerged=false, light=0, step=, in_lava=false, task_phase=, goal=none, task_progress=1.0, task=idle, mode=survival, air=300, food=17, path_idle=true, inv=minecraft:stone_axex1 minecraft:wooden_swordx1 minecraft:crafting_tablex1 minecraft:stickx2 minecraft:wooden_pickaxex1 minecraft:wooden_axex1 minecraft:cobblestonex8 minecraft:stone_pickaxex1 minecraft:eggx1 minecraft:stone_swordx1 minecraft:raw_ironx2, nearby=animals=0 hostiles=0, mining_idle=true, hp=11.5/20.0, on_ground=true, pos=539,69,163, fall=0.0, held=minecraft:cobblestonex8, task_state=COMPLETED}
[01:42:59] [Server thread/INFO]: [AIBot] ACTION event=capability_decision bot=Bob {allowed=false, profile=strict_survival, capability=HIDDEN_BLOCK_SCAN, context=observable_entity_query, reason=DENIED_STRICT_SURVIVAL}
[01:42:59] [Server thread/INFO]: [AIBot] ACTION event=capability_decision bot=Bob {allowed=false, profile=strict_survival, capability=EMERGENCY_TELEPORT, context=danger_dark_trap_surface, reason=DENIED_STRICT_SURVIVAL}
[01:43:01] [Server thread/INFO]: [AIBot] ACTION event=diag_snapshot bot=Bob {submerged=false, light=0, step=, in_lava=false, task_phase=, goal=none, task_progress=1.0, task=idle, mode=survival, air=300, food=17, path_idle=true, inv=minecraft:stone_axex1 minecraft:wooden_swordx1 minecraft:crafting_tablex1 minecraft:stickx2 minecraft:wooden_pickaxex1 minecraft:wooden_axex1 minecraft:cobblestonex8 minecraft:stone_pickaxex1 minecraft:eggx1 minecraft:stone_swordx1 minecraft:raw_ironx2, nearby=animals=0 hostiles=0, mining_idle=true, hp=11.5/20.0, on_ground=true, pos=539,69,163, fall=0.0, held=minecraft:cobblestonex8, task_state=COMPLETED}
[01:43:03] [Server thread/INFO]: [AIBot] ACTION event=diag_snapshot bot=Bob {submerged=false, light=0, step=, in_lava=false, task_phase=, goal=none, task_progress=1.0, task=idle, mode=survival, air=300, food=17, path_idle=true, inv=minecraft:stone_axex1 minecraft:wooden_swordx1 minecraft:crafting_tablex1 minecraft:stickx2 minecraft:wooden_pickaxex1 minecraft:wooden_axex1 minecraft:cobblestonex8 minecraft:stone_pickaxex1 minecraft:eggx1 minecraft:stone_swordx1 minecraft:raw_ironx2, nearby=animals=0 hostiles=0, mining_idle=true, hp=11.5/20.0, on_ground=true, pos=539,69,163, fall=0.0, held=minecraft:cobblestonex8, task_state=COMPLETED}
[01:43:04] [Server thread/INFO]: [AIBot] ACTION event=capability_decision bot=Bob {allowed=false, profile=strict_survival, capability=HIDDEN_BLOCK_SCAN, context=observable_block_query, reason=DENIED_STRICT_SURVIVAL}
[01:43:04] [Server thread/INFO]: [AIBot] ACTION event=capability_decision bot=Bob {allowed=false, profile=strict_survival, capability=HIDDEN_BLOCK_SCAN, context=perception_snapshot, reason=DENIED_STRICT_SURVIVAL}
[01:43:04] [Server thread/INFO]: [AIBot] ACTION event=capability_decision bot=Bob {allowed=false, profile=strict_survival, capability=HIDDEN_BLOCK_SCAN, context=observable_entity_query, reason=DENIED_STRICT_SURVIVAL}
[01:43:05] [Server thread/INFO]: [AIBot] ACTION event=capability_decision bot=Bob {allowed=false, profile=strict_survival, capability=HIDDEN_BLOCK_SCAN, context=diagnostic_nearby, reason=DENIED_STRICT_SURVIVAL}
[01:43:05] [Server thread/INFO]: [AIBot] ACTION event=diag_snapshot bot=Bob {submerged=false, light=0, step=, in_lava=false, task_phase=, goal=none, task_progress=1.0, task=idle, mode=survival, air=300, food=17, path_idle=true, inv=minecraft:stone_axex1 minecraft:wooden_swordx1 minecraft:crafting_tablex1 minecraft:stickx2 minecraft:wooden_pickaxex1 minecraft:wooden_axex1 minecraft:cobblestonex8 minecraft:stone_pickaxex1 minecraft:eggx1 minecraft:stone_swordx1 minecraft:raw_ironx2, nearby=animals=0 hostiles=0, mining_idle=true, hp=11.5/20.0, on_ground=true, pos=539,69,163, fall=0.0, held=minecraft:cobblestonex8, task_state=COMPLETED}
[01:43:07] [Server thread/INFO]: [AIBot] ACTION event=diag_snapshot bot=Bob {submerged=false, light=0, step=, in_lava=false, task_phase=, goal=none, task_progress=1.0, task=idle, mode=survival, air=300, food=17, path_idle=true, inv=minecraft:stone_axex1 minecraft:wooden_swordx1 minecraft:crafting_tablex1 minecraft:stickx2 minecraft:wooden_pickaxex1 minecraft:wooden_axex1 minecraft:cobblestonex8 minecraft:stone_pickaxex1 minecraft:eggx1 minecraft:stone_swordx1 minecraft:raw_ironx2, nearby=animals=0 hostiles=0, mining_idle=true, hp=11.5/20.0, on_ground=true, pos=539,69,163, fall=0.0, held=minecraft:cobblestonex8, task_state=COMPLETED}
[01:43:07] [Server thread/INFO]: [AIBot] ACTION event=capability_decision bot=Bob {allowed=false, profile=strict_survival, capability=EMERGENCY_TELEPORT, context=danger_dark_trap_surface, reason=DENIED_STRICT_SURVIVAL}
[01:43:09] [Server thread/INFO]: [AIBot] ACTION event=capability_decision bot=Bob {allowed=false, profile=strict_survival, capability=HIDDEN_BLOCK_SCAN, context=observable_block_query, reason=DENIED_STRICT_SURVIVAL}
[01:43:09] [Server thread/INFO]: [AIBot] ACTION event=capability_decision bot=Bob {allowed=false, profile=strict_survival, capability=HIDDEN_BLOCK_SCAN, context=perception_snapshot, reason=DENIED_STRICT_SURVIVAL}
[01:43:09] [Server thread/INFO]: [AIBot] ACTION event=diag_snapshot bot=Bob {submerged=false, light=0, step=, in_lava=false, task_phase=, goal=none, task_progress=1.0, task=idle, mode=survival, air=300, food=17, path_idle=true, inv=minecraft:stone_axex1 minecraft:wooden_swordx1 minecraft:crafting_tablex1 minecraft:stickx2 minecraft:wooden_pickaxex1 minecraft:wooden_axex1 minecraft:cobblestonex8 minecraft:stone_pickaxex1 minecraft:eggx1 minecraft:stone_swordx1 minecraft:raw_ironx2, nearby=animals=0 hostiles=0, mining_idle=true, hp=11.5/20.0, on_ground=true, pos=539,69,163, fall=0.0, held=minecraft:cobblestonex8, task_state=COMPLETED}
[01:43:09] [Server thread/INFO]: [AIBot] ACTION event=capability_decision bot=Bob {allowed=false, profile=strict_survival, capability=HIDDEN_BLOCK_SCAN, context=observable_entity_query, reason=DENIED_STRICT_SURVIVAL}
[01:43:11] [Server thread/INFO]: [AIBot] ACTION event=capability_decision bot=Bob {allowed=false, profile=strict_survival, capability=HIDDEN_BLOCK_SCAN, context=diagnostic_nearby, reason=DENIED_STRICT_SURVIVAL}
[01:43:11] [Server thread/INFO]: [AIBot] ACTION event=diag_snapshot bot=Bob {submerged=false, light=0, step=, in_lava=false, task_phase=, goal=none, task_progress=1.0, task=idle, mode=survival, air=300, food=17, path_idle=true, inv=minecraft:stone_axex1 minecraft:wooden_swordx1 minecraft:crafting_tablex1 minecraft:stickx2 minecraft:wooden_pickaxex1 minecraft:wooden_axex1 minecraft:cobblestonex8 minecraft:stone_pickaxex1 minecraft:eggx1 minecraft:stone_swordx1 minecraft:raw_ironx2, nearby=animals=0 hostiles=0, mining_idle=true, hp=11.5/20.0, on_ground=true, pos=539,69,163, fall=0.0, held=minecraft:cobblestonex8, task_state=COMPLETED}
[01:43:13] [Server thread/INFO]: [AIBot] ACTION event=diag_snapshot bot=Bob {submerged=false, light=0, step=, in_lava=false, task_phase=, goal=none, task_progress=1.0, task=idle, mode=survival, air=300, food=17, path_idle=true, inv=minecraft:stone_axex1 minecraft:wooden_swordx1 minecraft:crafting_tablex1 minecraft:stickx2 minecraft:wooden_pickaxex1 minecraft:wooden_axex1 minecraft:cobblestonex8 minecraft:stone_pickaxex1 minecraft:eggx1 minecraft:stone_swordx1 minecraft:raw_ironx2, nearby=animals=0 hostiles=0, mining_idle=true, hp=11.5/20.0, on_ground=true, pos=539,69,163, fall=0.0, held=minecraft:cobblestonex8, task_state=COMPLETED}
[01:43:14] [Server thread/INFO]: [AIBot] ACTION event=capability_decision bot=Bob {allowed=false, profile=strict_survival, capability=HIDDEN_BLOCK_SCAN, context=observable_block_query, reason=DENIED_STRICT_SURVIVAL}
[01:43:14] [Server thread/INFO]: [AIBot] ACTION event=capability_decision bot=Bob {allowed=false, profile=strict_survival, capability=HIDDEN_BLOCK_SCAN, context=perception_snapshot, reason=DENIED_STRICT_SURVIVAL}
[01:43:14] [Server thread/INFO]: [AIBot] ACTION event=capability_decision bot=Bob {allowed=false, profile=strict_survival, capability=HIDDEN_BLOCK_SCAN, context=observable_entity_query, reason=DENIED_STRICT_SURVIVAL}
[01:43:14] [Server thread/WARN]: [AIBot] PERCEPTION event=snapshot_slow bot=Bob {elapsed_ms=13}
[01:43:15] [Server thread/INFO]: [AIBot] ACTION event=diag_snapshot bot=Bob {submerged=false, light=0, step=, in_lava=false, task_phase=, goal=none, task_progress=1.0, task=idle, mode=survival, air=300, food=17, path_idle=true, inv=minecraft:stone_axex1 minecraft:wooden_swordx1 minecraft:crafting_tablex1 minecraft:stickx2 minecraft:wooden_pickaxex1 minecraft:wooden_axex1 minecraft:cobblestonex8 minecraft:stone_pickaxex1 minecraft:eggx1 minecraft:stone_swordx1 minecraft:raw_ironx2, nearby=animals=0 hostiles=0, mining_idle=true, hp=11.5/20.0, on_ground=true, pos=539,69,163, fall=0.0, held=minecraft:cobblestonex8, task_state=COMPLETED}
[01:43:15] [Server thread/INFO]: [AIBot] ACTION event=capability_decision bot=Bob {allowed=false, profile=strict_survival, capability=EMERGENCY_TELEPORT, context=danger_dark_trap_surface, reason=DENIED_STRICT_SURVIVAL}
[01:43:16] [Server thread/WARN]: [AIBot] PERCEPTION event=snapshot_slow bot=Bob {elapsed_ms=11}
[01:43:17] [Server thread/INFO]: [AIBot] ACTION event=capability_decision bot=Bob {allowed=false, profile=strict_survival, capability=HIDDEN_BLOCK_SCAN, context=diagnostic_nearby, reason=DENIED_STRICT_SURVIVAL}
[01:43:17] [Server thread/INFO]: [AIBot] ACTION event=diag_snapshot bot=Bob {submerged=false, light=0, step=, in_lava=false, task_phase=, goal=none, task_progress=1.0, task=idle, mode=survival, air=300, food=17, path_idle=true, inv=minecraft:stone_axex1 minecraft:wooden_swordx1 minecraft:crafting_tablex1 minecraft:stickx2 minecraft:wooden_pickaxex1 minecraft:wooden_axex1 minecraft:cobblestonex8 minecraft:stone_pickaxex1 minecraft:eggx1 minecraft:stone_swordx1 minecraft:raw_ironx2, nearby=animals=0 hostiles=0, mining_idle=true, hp=11.5/20.0, on_ground=true, pos=539,69,163, fall=0.0, held=minecraft:cobblestonex8, task_state=COMPLETED}
[01:43:19] [Server thread/INFO]: [AIBot] ACTION event=capability_decision bot=Bob {allowed=false, profile=strict_survival, capability=HIDDEN_BLOCK_SCAN, context=observable_block_query, reason=DENIED_STRICT_SURVIVAL}
[01:43:19] [Server thread/INFO]: [AIBot] ACTION event=capability_decision bot=Bob {allowed=false, profile=strict_survival, capability=HIDDEN_BLOCK_SCAN, context=perception_snapshot, reason=DENIED_STRICT_SURVIVAL}
[01:43:19] [Server thread/INFO]: [AIBot] ACTION event=diag_snapshot bot=Bob {submerged=false, light=0, step=, in_lava=false, task_phase=, goal=none, task_progress=1.0, task=idle, mode=survival, air=300, food=17, path_idle=true, inv=minecraft:stone_axex1 minecraft:wooden_swordx1 minecraft:crafting_tablex1 minecraft:stickx2 minecraft:wooden_pickaxex1 minecraft:wooden_axex1 minecraft:cobblestonex8 minecraft:stone_pickaxex1 minecraft:eggx1 minecraft:stone_swordx1 minecraft:raw_ironx2, nearby=animals=0 hostiles=0, mining_idle=true, hp=11.5/20.0, on_ground=true, pos=539,69,163, fall=0.0, held=minecraft:cobblestonex8, task_state=COMPLETED}
[01:43:19] [Server thread/INFO]: [AIBot] ACTION event=capability_decision bot=Bob {allowed=false, profile=strict_survival, capability=HIDDEN_BLOCK_SCAN, context=observable_entity_query, reason=DENIED_STRICT_SURVIVAL}
[01:43:21] [Server thread/INFO]: [AIBot] ACTION event=diag_snapshot bot=Bob {submerged=false, light=0, step=, in_lava=false, task_phase=, goal=none, task_progress=1.0, task=idle, mode=survival, air=300, food=17, path_idle=true, inv=minecraft:stone_axex1 minecraft:wooden_swordx1 minecraft:crafting_tablex1 minecraft:stickx2 minecraft:wooden_pickaxex1 minecraft:wooden_axex1 minecraft:cobblestonex8 minecraft:stone_pickaxex1 minecraft:eggx1 minecraft:stone_swordx1 minecraft:raw_ironx2, nearby=animals=0 hostiles=0, mining_idle=true, hp=11.5/20.0, on_ground=true, pos=539,69,163, fall=0.0, held=minecraft:cobblestonex8, task_state=COMPLETED}
[01:43:23] [Server thread/WARN]: [AIBot] PERCEPTION event=snapshot_slow bot=Bob {elapsed_ms=13}
[01:43:23] [Server thread/INFO]: [AIBot] ACTION event=capability_decision bot=Bob {allowed=false, profile=strict_survival, capability=HIDDEN_BLOCK_SCAN, context=diagnostic_nearby, reason=DENIED_STRICT_SURVIVAL}
[01:43:23] [Server thread/INFO]: [AIBot] ACTION event=diag_snapshot bot=Bob {submerged=false, light=0, step=, in_lava=false, task_phase=, goal=none, task_progress=1.0, task=idle, mode=survival, air=300, food=17, path_idle=true, inv=minecraft:stone_axex1 minecraft:wooden_swordx1 minecraft:crafting_tablex1 minecraft:stickx2 minecraft:wooden_pickaxex1 minecraft:wooden_axex1 minecraft:cobblestonex8 minecraft:stone_pickaxex1 minecraft:eggx1 minecraft:stone_swordx1 minecraft:raw_ironx2, nearby=animals=0 hostiles=0, mining_idle=true, hp=11.5/20.0, on_ground=true, pos=539,69,163, fall=0.0, held=minecraft:cobblestonex8, task_state=COMPLETED}
[01:43:23] [Server thread/WARN]: [AIBot] PERCEPTION event=snapshot_slow bot=Bob {elapsed_ms=11}
[01:43:23] [Server thread/INFO]: [AIBot] ACTION event=capability_decision bot=Bob {allowed=false, profile=strict_survival, capability=EMERGENCY_TELEPORT, context=danger_dark_trap_surface, reason=DENIED_STRICT_SURVIVAL}
[01:43:24] [Server thread/INFO]: [AIBot] ACTION event=capability_decision bot=Bob {allowed=false, profile=strict_survival, capability=HIDDEN_BLOCK_SCAN, context=observable_block_query, reason=DENIED_STRICT_SURVIVAL}
[01:43:24] [Server thread/INFO]: [AIBot] ACTION event=capability_decision bot=Bob {allowed=false, profile=strict_survival, capability=HIDDEN_BLOCK_SCAN, context=perception_snapshot, reason=DENIED_STRICT_SURVIVAL}
[01:43:24] [Server thread/INFO]: [AIBot] ACTION event=capability_decision bot=Bob {allowed=false, profile=strict_survival, capability=HIDDEN_BLOCK_SCAN, context=observable_entity_query, reason=DENIED_STRICT_SURVIVAL}
[01:43:25] [Server thread/INFO]: [AIBot] ACTION event=diag_snapshot bot=Bob {submerged=false, light=0, step=, in_lava=false, task_phase=, goal=none, task_progress=1.0, task=idle, mode=survival, air=300, food=17, path_idle=true, inv=minecraft:stone_axex1 minecraft:wooden_swordx1 minecraft:crafting_tablex1 minecraft:stickx2 minecraft:wooden_pickaxex1 minecraft:wooden_axex1 minecraft:cobblestonex8 minecraft:stone_pickaxex1 minecraft:eggx1 minecraft:stone_swordx1 minecraft:raw_ironx2, nearby=animals=0 hostiles=0, mining_idle=true, hp=11.5/20.0, on_ground=true, pos=539,69,163, fall=0.0, held=minecraft:cobblestonex8, task_state=COMPLETED}
[01:43:27] [Server thread/INFO]: [AIBot] ACTION event=diag_snapshot bot=Bob {submerged=false, light=0, step=, in_lava=false, task_phase=, goal=none, task_progress=1.0, task=idle, mode=survival, air=300, food=17, path_idle=true, inv=minecraft:stone_axex1 minecraft:wooden_swordx1 minecraft:crafting_tablex1 minecraft:stickx2 minecraft:wooden_pickaxex1 minecraft:wooden_axex1 minecraft:cobblestonex8 minecraft:stone_pickaxex1 minecraft:eggx1 minecraft:stone_swordx1 minecraft:raw_ironx2, nearby=animals=0 hostiles=0, mining_idle=true, hp=11.5/20.0, on_ground=true, pos=539,69,163, fall=0.0, held=minecraft:cobblestonex8, task_state=COMPLETED}
[01:43:29] [Server thread/INFO]: [AIBot] ACTION event=capability_decision bot=Bob {allowed=false, profile=strict_survival, capability=HIDDEN_BLOCK_SCAN, context=observable_block_query, reason=DENIED_STRICT_SURVIVAL}
[01:43:29] [Server thread/INFO]: [AIBot] ACTION event=capability_decision bot=Bob {allowed=false, profile=strict_survival, capability=HIDDEN_BLOCK_SCAN, context=perception_snapshot, reason=DENIED_STRICT_SURVIVAL}
[01:43:29] [Server thread/INFO]: [AIBot] ACTION event=capability_decision bot=Bob {allowed=false, profile=strict_survival, capability=HIDDEN_BLOCK_SCAN, context=diagnostic_nearby, reason=DENIED_STRICT_SURVIVAL}
[01:43:29] [Server thread/INFO]: [AIBot] ACTION event=diag_snapshot bot=Bob {submerged=false, light=0, step=, in_lava=false, task_phase=, goal=none, task_progress=1.0, task=idle, mode=survival, air=300, food=17, path_idle=true, inv=minecraft:stone_axex1 minecraft:wooden_swordx1 minecraft:crafting_tablex1 minecraft:stickx2 minecraft:wooden_pickaxex1 minecraft:wooden_axex1 minecraft:cobblestonex8 minecraft:stone_pickaxex1 minecraft:eggx1 minecraft:stone_swordx1 minecraft:raw_ironx2, nearby=animals=0 hostiles=0, mining_idle=true, hp=11.5/20.0, on_ground=true, pos=539,69,163, fall=0.0, held=minecraft:cobblestonex8, task_state=COMPLETED}
[01:43:29] [Server thread/INFO]: [AIBot] ACTION event=capability_decision bot=Bob {allowed=false, profile=strict_survival, capability=HIDDEN_BLOCK_SCAN, context=observable_entity_query, reason=DENIED_STRICT_SURVIVAL}
[01:43:29] [Server thread/WARN]: [AIBot] PERCEPTION event=snapshot_slow bot=Bob {elapsed_ms=11}
[01:43:31] [Server thread/INFO]: [AIBot] ACTION event=diag_snapshot bot=Bob {submerged=false, light=0, step=, in_lava=false, task_phase=, goal=none, task_progress=1.0, task=idle, mode=survival, air=300, food=17, path_idle=true, inv=minecraft:stone_axex1 minecraft:wooden_swordx1 minecraft:crafting_tablex1 minecraft:stickx2 minecraft:wooden_pickaxex1 minecraft:wooden_axex1 minecraft:cobblestonex8 minecraft:stone_pickaxex1 minecraft:eggx1 minecraft:stone_swordx1 minecraft:raw_ironx2, nearby=animals=0 hostiles=0, mining_idle=true, hp=11.5/20.0, on_ground=true, pos=539,69,163, fall=0.0, held=minecraft:cobblestonex8, task_state=COMPLETED}
[01:43:31] [Server thread/WARN]: [AIBot] PERCEPTION event=snapshot_slow bot=Bob {elapsed_ms=11}
[01:43:32] [Server thread/INFO]: [AIBot] ACTION event=capability_decision bot=Bob {allowed=false, profile=strict_survival, capability=EMERGENCY_TELEPORT, context=danger_dark_trap_surface, reason=DENIED_STRICT_SURVIVAL}
[01:43:33] [Server thread/INFO]: [AIBot] ACTION event=diag_snapshot bot=Bob {submerged=false, light=0, step=, in_lava=false, task_phase=, goal=none, task_progress=1.0, task=idle, mode=survival, air=300, food=17, path_idle=true, inv=minecraft:stone_axex1 minecraft:wooden_swordx1 minecraft:crafting_tablex1 minecraft:stickx2 minecraft:wooden_pickaxex1 minecraft:wooden_axex1 minecraft:cobblestonex8 minecraft:stone_pickaxex1 minecraft:eggx1 minecraft:stone_swordx1 minecraft:raw_ironx2, nearby=animals=0 hostiles=0, mining_idle=true, hp=11.5/20.0, on_ground=true, pos=539,69,163, fall=0.0, held=minecraft:cobblestonex8, task_state=COMPLETED}
[01:43:33] [Server thread/WARN]: [AIBot] PERCEPTION event=snapshot_slow bot=Bob {elapsed_ms=12}
[01:43:34] [Server thread/INFO]: [AIBot] ACTION event=capability_decision bot=Bob {allowed=false, profile=strict_survival, capability=HIDDEN_BLOCK_SCAN, context=observable_block_query, reason=DENIED_STRICT_SURVIVAL}
[01:43:34] [Server thread/INFO]: [AIBot] ACTION event=capability_decision bot=Bob {allowed=false, profile=strict_survival, capability=HIDDEN_BLOCK_SCAN, context=perception_snapshot, reason=DENIED_STRICT_SURVIVAL}
[01:43:34] [Server thread/INFO]: [AIBot] ACTION event=capability_decision bot=Bob {allowed=false, profile=strict_survival, capability=HIDDEN_BLOCK_SCAN, context=observable_entity_query, reason=DENIED_STRICT_SURVIVAL}
[01:43:35] [Server thread/INFO]: [AIBot] ACTION event=capability_decision bot=Bob {allowed=false, profile=strict_survival, capability=HIDDEN_BLOCK_SCAN, context=diagnostic_nearby, reason=DENIED_STRICT_SURVIVAL}
[01:43:35] [Server thread/INFO]: [AIBot] ACTION event=diag_snapshot bot=Bob {submerged=false, light=0, step=, in_lava=false, task_phase=, goal=none, task_progress=1.0, task=idle, mode=survival, air=300, food=17, path_idle=true, inv=minecraft:stone_axex1 minecraft:wooden_swordx1 minecraft:crafting_tablex1 minecraft:stickx2 minecraft:wooden_pickaxex1 minecraft:wooden_axex1 minecraft:cobblestonex8 minecraft:stone_pickaxex1 minecraft:eggx1 minecraft:stone_swordx1 minecraft:raw_ironx2, nearby=animals=0 hostiles=0, mining_idle=true, hp=11.5/20.0, on_ground=true, pos=539,69,163, fall=0.0, held=minecraft:cobblestonex8, task_state=COMPLETED}
[01:43:37] [Server thread/INFO]: [AIBot] ACTION event=diag_snapshot bot=Bob {submerged=false, light=0, step=, in_lava=false, task_phase=, goal=none, task_progress=1.0, task=idle, mode=survival, air=300, food=17, path_idle=true, inv=minecraft:stone_axex1 minecraft:wooden_swordx1 minecraft:crafting_tablex1 minecraft:stickx2 minecraft:wooden_pickaxex1 minecraft:wooden_axex1 minecraft:cobblestonex8 minecraft:stone_pickaxex1 minecraft:eggx1 minecraft:stone_swordx1 minecraft:raw_ironx2, nearby=animals=0 hostiles=0, mining_idle=true, hp=11.5/20.0, on_ground=true, pos=539,69,163, fall=0.0, held=minecraft:cobblestonex8, task_state=COMPLETED}
[01:43:37] [Server thread/WARN]: [AIBot] PERCEPTION event=snapshot_slow bot=Bob {elapsed_ms=13}
[01:43:38] [Server thread/WARN]: [AIBot] PERCEPTION event=snapshot_slow bot=Bob {elapsed_ms=12}
[01:43:39] [Server thread/INFO]: [AIBot] LIFECYCLE event=mixin_alive bot=- {server_tick=2400}
[01:43:39] [Server thread/INFO]: [AIBot] ACTION event=capability_decision bot=Bob {allowed=false, profile=strict_survival, capability=HIDDEN_BLOCK_SCAN, context=observable_block_query, reason=DENIED_STRICT_SURVIVAL}
[01:43:39] [Server thread/INFO]: [AIBot] ACTION event=capability_decision bot=Bob {allowed=false, profile=strict_survival, capability=HIDDEN_BLOCK_SCAN, context=perception_snapshot, reason=DENIED_STRICT_SURVIVAL}
[01:43:39] [Server thread/INFO]: [AIBot] ACTION event=diag_snapshot bot=Bob {submerged=false, light=0, step=, in_lava=false, task_phase=, goal=none, task_progress=1.0, task=idle, mode=survival, air=300, food=17, path_idle=true, inv=minecraft:stone_axex1 minecraft:wooden_swordx1 minecraft:crafting_tablex1 minecraft:stickx2 minecraft:wooden_pickaxex1 minecraft:wooden_axex1 minecraft:cobblestonex8 minecraft:stone_pickaxex1 minecraft:eggx1 minecraft:stone_swordx1 minecraft:raw_ironx2, nearby=animals=0 hostiles=0, mining_idle=true, hp=11.5/20.0, on_ground=true, pos=539,69,163, fall=0.0, held=minecraft:cobblestonex8, task_state=COMPLETED}
[01:43:39] [Server thread/INFO]: [AIBot] ACTION event=capability_decision bot=Bob {allowed=false, profile=strict_survival, capability=HIDDEN_BLOCK_SCAN, context=observable_entity_query, reason=DENIED_STRICT_SURVIVAL}
[01:43:40] [Server thread/INFO]: [AIBot] ACTION event=capability_decision bot=Bob {allowed=false, profile=strict_survival, capability=EMERGENCY_TELEPORT, context=danger_dark_trap_surface, reason=DENIED_STRICT_SURVIVAL}
[01:43:41] [Server thread/INFO]: [AIBot] ACTION event=capability_decision bot=Bob {allowed=false, profile=strict_survival, capability=HIDDEN_BLOCK_SCAN, context=diagnostic_nearby, reason=DENIED_STRICT_SURVIVAL}
[01:43:41] [Server thread/INFO]: [AIBot] ACTION event=diag_snapshot bot=Bob {submerged=false, light=0, step=, in_lava=false, task_phase=, goal=none, task_progress=1.0, task=idle, mode=survival, air=300, food=17, path_idle=true, inv=minecraft:stone_axex1 minecraft:wooden_swordx1 minecraft:crafting_tablex1 minecraft:stickx2 minecraft:wooden_pickaxex1 minecraft:wooden_axex1 minecraft:cobblestonex8 minecraft:stone_pickaxex1 minecraft:eggx1 minecraft:stone_swordx1 minecraft:raw_ironx2, nearby=animals=0 hostiles=0, mining_idle=true, hp=11.5/20.0, on_ground=true, pos=539,69,163, fall=0.0, held=minecraft:cobblestonex8, task_state=COMPLETED}
[01:43:41] [Server thread/WARN]: [AIBot] PERCEPTION event=snapshot_slow bot=Bob {elapsed_ms=12}
[01:43:43] [Server thread/INFO]: [AIBot] ACTION event=diag_snapshot bot=Bob {submerged=false, light=0, step=, in_lava=false, task_phase=, goal=none, task_progress=1.0, task=idle, mode=survival, air=300, food=17, path_idle=true, inv=minecraft:stone_axex1 minecraft:wooden_swordx1 minecraft:crafting_tablex1 minecraft:stickx2 minecraft:wooden_pickaxex1 minecraft:wooden_axex1 minecraft:cobblestonex8 minecraft:stone_pickaxex1 minecraft:eggx1 minecraft:stone_swordx1 minecraft:raw_ironx2, nearby=animals=0 hostiles=0, mining_idle=true, hp=11.5/20.0, on_ground=true, pos=539,69,163, fall=0.0, held=minecraft:cobblestonex8, task_state=COMPLETED}
[01:43:44] [Server thread/INFO]: [AIBot] ACTION event=capability_decision bot=Bob {allowed=false, profile=strict_survival, capability=HIDDEN_BLOCK_SCAN, context=observable_block_query, reason=DENIED_STRICT_SURVIVAL}
[01:43:44] [Server thread/INFO]: [AIBot] ACTION event=capability_decision bot=Bob {allowed=false, profile=strict_survival, capability=HIDDEN_BLOCK_SCAN, context=perception_snapshot, reason=DENIED_STRICT_SURVIVAL}
[01:43:44] [Server thread/INFO]: [AIBot] ACTION event=capability_decision bot=Bob {allowed=false, profile=strict_survival, capability=HIDDEN_BLOCK_SCAN, context=observable_entity_query, reason=DENIED_STRICT_SURVIVAL}
[01:43:45] [Server thread/INFO]: [AIBot] ACTION event=diag_snapshot bot=Bob {submerged=false, light=0, step=, in_lava=false, task_phase=, goal=none, task_progress=1.0, task=idle, mode=survival, air=300, food=17, path_idle=true, inv=minecraft:stone_axex1 minecraft:wooden_swordx1 minecraft:crafting_tablex1 minecraft:stickx2 minecraft:wooden_pickaxex1 minecraft:wooden_axex1 minecraft:cobblestonex8 minecraft:stone_pickaxex1 minecraft:eggx1 minecraft:stone_swordx1 minecraft:raw_ironx2, nearby=animals=0 hostiles=0, mining_idle=true, hp=11.5/20.0, on_ground=true, pos=539,69,163, fall=0.0, held=minecraft:cobblestonex8, task_state=COMPLETED}
[01:43:47] [Server thread/INFO]: [AIBot] ACTION event=capability_decision bot=Bob {allowed=false, profile=strict_survival, capability=HIDDEN_BLOCK_SCAN, context=diagnostic_nearby, reason=DENIED_STRICT_SURVIVAL}
[01:43:47] [Server thread/INFO]: [AIBot] ACTION event=diag_snapshot bot=Bob {submerged=false, light=0, step=, in_lava=false, task_phase=, goal=none, task_progress=1.0, task=idle, mode=survival, air=300, food=17, path_idle=true, inv=minecraft:stone_axex1 minecraft:wooden_swordx1 minecraft:crafting_tablex1 minecraft:stickx2 minecraft:wooden_pickaxex1 minecraft:wooden_axex1 minecraft:cobblestonex8 minecraft:stone_pickaxex1 minecraft:eggx1 minecraft:stone_swordx1 minecraft:raw_ironx2, nearby=animals=0 hostiles=0, mining_idle=true, hp=11.5/20.0, on_ground=true, pos=539,69,163, fall=0.0, held=minecraft:cobblestonex8, task_state=COMPLETED}
[01:43:48] [Server thread/INFO]: [AIBot] ACTION event=capability_decision bot=Bob {allowed=false, profile=strict_survival, capability=EMERGENCY_TELEPORT, context=danger_dark_trap_surface, reason=DENIED_STRICT_SURVIVAL}
[01:43:49] [Server thread/INFO]: [AIBot] ACTION event=capability_decision bot=Bob {allowed=false, profile=strict_survival, capability=HIDDEN_BLOCK_SCAN, context=observable_block_query, reason=DENIED_STRICT_SURVIVAL}
[01:43:49] [Server thread/INFO]: [AIBot] ACTION event=capability_decision bot=Bob {allowed=false, profile=strict_survival, capability=HIDDEN_BLOCK_SCAN, context=perception_snapshot, reason=DENIED_STRICT_SURVIVAL}
[01:43:49] [Server thread/INFO]: [AIBot] ACTION event=diag_snapshot bot=Bob {submerged=false, light=0, step=, in_lava=false, task_phase=, goal=none, task_progress=1.0, task=idle, mode=survival, air=300, food=17, path_idle=true, inv=minecraft:stone_axex1 minecraft:wooden_swordx1 minecraft:crafting_tablex1 minecraft:stickx2 minecraft:wooden_pickaxex1 minecraft:wooden_axex1 minecraft:cobblestonex8 minecraft:stone_pickaxex1 minecraft:eggx1 minecraft:stone_swordx1 minecraft:raw_ironx2, nearby=animals=0 hostiles=0, mining_idle=true, hp=11.5/20.0, on_ground=true, pos=539,69,163, fall=0.0, held=minecraft:cobblestonex8, task_state=COMPLETED}
[01:43:49] [Server thread/INFO]: [AIBot] ACTION event=capability_decision bot=Bob {allowed=false, profile=strict_survival, capability=HIDDEN_BLOCK_SCAN, context=observable_entity_query, reason=DENIED_STRICT_SURVIVAL}
[01:43:51] [Server thread/INFO]: [AIBot] ACTION event=diag_snapshot bot=Bob {submerged=false, light=0, step=, in_lava=false, task_phase=, goal=none, task_progress=1.0, task=idle, mode=survival, air=300, food=17, path_idle=true, inv=minecraft:stone_axex1 minecraft:wooden_swordx1 minecraft:crafting_tablex1 minecraft:stickx2 minecraft:wooden_pickaxex1 minecraft:wooden_axex1 minecraft:cobblestonex8 minecraft:stone_pickaxex1 minecraft:eggx1 minecraft:stone_swordx1 minecraft:raw_ironx2, nearby=animals=0 hostiles=0, mining_idle=true, hp=11.5/20.0, on_ground=true, pos=539,69,163, fall=0.0, held=minecraft:cobblestonex8, task_state=COMPLETED}
[01:43:53] [Server thread/INFO]: [AIBot] ACTION event=capability_decision bot=Bob {allowed=false, profile=strict_survival, capability=HIDDEN_BLOCK_SCAN, context=diagnostic_nearby, reason=DENIED_STRICT_SURVIVAL}
[01:43:53] [Server thread/INFO]: [AIBot] ACTION event=diag_snapshot bot=Bob {submerged=false, light=0, step=, in_lava=false, task_phase=, goal=none, task_progress=1.0, task=idle, mode=survival, air=300, food=17, path_idle=true, inv=minecraft:stone_axex1 minecraft:wooden_swordx1 minecraft:crafting_tablex1 minecraft:stickx2 minecraft:wooden_pickaxex1 minecraft:wooden_axex1 minecraft:cobblestonex8 minecraft:stone_pickaxex1 minecraft:eggx1 minecraft:stone_swordx1 minecraft:raw_ironx2, nearby=animals=0 hostiles=0, mining_idle=true, hp=11.5/20.0, on_ground=true, pos=539,69,163, fall=0.0, held=minecraft:cobblestonex8, task_state=COMPLETED}
[01:43:54] [Server thread/INFO]: [AIBot] ACTION event=capability_decision bot=Bob {allowed=false, profile=strict_survival, capability=HIDDEN_BLOCK_SCAN, context=observable_block_query, reason=DENIED_STRICT_SURVIVAL}
[01:43:54] [Server thread/INFO]: [AIBot] ACTION event=capability_decision bot=Bob {allowed=false, profile=strict_survival, capability=HIDDEN_BLOCK_SCAN, context=perception_snapshot, reason=DENIED_STRICT_SURVIVAL}
[01:43:54] [Server thread/INFO]: [AIBot] ACTION event=capability_decision bot=Bob {allowed=false, profile=strict_survival, capability=HIDDEN_BLOCK_SCAN, context=observable_entity_query, reason=DENIED_STRICT_SURVIVAL}
[01:43:55] [Server thread/INFO]: [AIBot] ACTION event=diag_snapshot bot=Bob {submerged=false, light=0, step=, in_lava=false, task_phase=, goal=none, task_progress=1.0, task=idle, mode=survival, air=300, food=17, path_idle=true, inv=minecraft:stone_axex1 minecraft:wooden_swordx1 minecraft:crafting_tablex1 minecraft:stickx2 minecraft:wooden_pickaxex1 minecraft:wooden_axex1 minecraft:cobblestonex8 minecraft:stone_pickaxex1 minecraft:eggx1 minecraft:stone_swordx1 minecraft:raw_ironx2, nearby=animals=0 hostiles=0, mining_idle=true, hp=11.5/20.0, on_ground=true, pos=539,69,163, fall=0.0, held=minecraft:cobblestonex8, task_state=COMPLETED}
[01:43:56] [Server thread/INFO]: [AIBot] ACTION event=capability_decision bot=Bob {allowed=false, profile=strict_survival, capability=EMERGENCY_TELEPORT, context=danger_dark_trap_surface, reason=DENIED_STRICT_SURVIVAL}
[01:43:57] [Server thread/INFO]: [AIBot] ACTION event=diag_snapshot bot=Bob {submerged=false, light=0, step=, in_lava=false, task_phase=, goal=none, task_progress=1.0, task=idle, mode=survival, air=300, food=17, path_idle=true, inv=minecraft:stone_axex1 minecraft:wooden_swordx1 minecraft:crafting_tablex1 minecraft:stickx2 minecraft:wooden_pickaxex1 minecraft:wooden_axex1 minecraft:cobblestonex8 minecraft:stone_pickaxex1 minecraft:eggx1 minecraft:stone_swordx1 minecraft:raw_ironx2, nearby=animals=0 hostiles=0, mining_idle=true, hp=11.5/20.0, on_ground=true, pos=539,69,163, fall=0.0, held=minecraft:cobblestonex8, task_state=COMPLETED}
[01:43:59] [Server thread/INFO]: [AIBot] ACTION event=capability_decision bot=Bob {allowed=false, profile=strict_survival, capability=HIDDEN_BLOCK_SCAN, context=observable_block_query, reason=DENIED_STRICT_SURVIVAL}
[01:43:59] [Server thread/INFO]: [AIBot] ACTION event=capability_decision bot=Bob {allowed=false, profile=strict_survival, capability=HIDDEN_BLOCK_SCAN, context=perception_snapshot, reason=DENIED_STRICT_SURVIVAL}
[01:43:59] [Server thread/WARN]: [AIBot] PERCEPTION event=snapshot_slow bot=Bob {elapsed_ms=11}
[01:43:59] [Server thread/INFO]: [AIBot] ACTION event=capability_decision bot=Bob {allowed=false, profile=strict_survival, capability=HIDDEN_BLOCK_SCAN, context=diagnostic_nearby, reason=DENIED_STRICT_SURVIVAL}
[01:43:59] [Server thread/INFO]: [AIBot] ACTION event=diag_snapshot bot=Bob {submerged=false, light=0, step=, in_lava=false, task_phase=, goal=none, task_progress=1.0, task=idle, mode=survival, air=300, food=17, path_idle=true, inv=minecraft:stone_axex1 minecraft:wooden_swordx1 minecraft:crafting_tablex1 minecraft:stickx2 minecraft:wooden_pickaxex1 minecraft:wooden_axex1 minecraft:cobblestonex8 minecraft:stone_pickaxex1 minecraft:eggx1 minecraft:stone_swordx1 minecraft:raw_ironx2, nearby=animals=0 hostiles=0, mining_idle=true, hp=11.5/20.0, on_ground=true, pos=539,69,163, fall=0.0, held=minecraft:cobblestonex8, task_state=COMPLETED}
[01:43:59] [Server thread/INFO]: [AIBot] ACTION event=capability_decision bot=Bob {allowed=false, profile=strict_survival, capability=HIDDEN_BLOCK_SCAN, context=observable_entity_query, reason=DENIED_STRICT_SURVIVAL}
[01:44:01] [Server thread/INFO]: [AIBot] ACTION event=diag_snapshot bot=Bob {submerged=false, light=0, step=, in_lava=false, task_phase=, goal=none, task_progress=1.0, task=idle, mode=survival, air=300, food=17, path_idle=true, inv=minecraft:stone_axex1 minecraft:wooden_swordx1 minecraft:crafting_tablex1 minecraft:stickx2 minecraft:wooden_pickaxex1 minecraft:wooden_axex1 minecraft:cobblestonex8 minecraft:stone_pickaxex1 minecraft:eggx1 minecraft:stone_swordx1 minecraft:raw_ironx2, nearby=animals=0 hostiles=0, mining_idle=true, hp=11.5/20.0, on_ground=true, pos=539,69,163, fall=0.0, held=minecraft:cobblestonex8, task_state=COMPLETED}
[01:44:03] [Server thread/INFO]: [AIBot] ACTION event=diag_snapshot bot=Bob {submerged=false, light=0, step=, in_lava=false, task_phase=, goal=none, task_progress=1.0, task=idle, mode=survival, air=300, food=17, path_idle=true, inv=minecraft:stone_axex1 minecraft:wooden_swordx1 minecraft:crafting_tablex1 minecraft:stickx2 minecraft:wooden_pickaxex1 minecraft:wooden_axex1 minecraft:cobblestonex8 minecraft:stone_pickaxex1 minecraft:eggx1 minecraft:stone_swordx1 minecraft:raw_ironx2, nearby=animals=0 hostiles=0, mining_idle=true, hp=11.5/20.0, on_ground=true, pos=539,69,163, fall=0.0, held=minecraft:cobblestonex8, task_state=COMPLETED}
[01:44:04] [Server thread/INFO]: [AIBot] ACTION event=capability_decision bot=Bob {allowed=false, profile=strict_survival, capability=EMERGENCY_TELEPORT, context=danger_dark_trap_surface, reason=DENIED_STRICT_SURVIVAL}
[01:44:04] [Server thread/INFO]: [AIBot] ACTION event=capability_decision bot=Bob {allowed=false, profile=strict_survival, capability=HIDDEN_BLOCK_SCAN, context=observable_block_query, reason=DENIED_STRICT_SURVIVAL}
[01:44:04] [Server thread/INFO]: [AIBot] ACTION event=capability_decision bot=Bob {allowed=false, profile=strict_survival, capability=HIDDEN_BLOCK_SCAN, context=perception_snapshot, reason=DENIED_STRICT_SURVIVAL}
[01:44:04] [Server thread/INFO]: [AIBot] ACTION event=capability_decision bot=Bob {allowed=false, profile=strict_survival, capability=HIDDEN_BLOCK_SCAN, context=observable_entity_query, reason=DENIED_STRICT_SURVIVAL}
[01:44:05] [Server thread/INFO]: [AIBot] ACTION event=capability_decision bot=Bob {allowed=false, profile=strict_survival, capability=HIDDEN_BLOCK_SCAN, context=diagnostic_nearby, reason=DENIED_STRICT_SURVIVAL}
[01:44:05] [Server thread/INFO]: [AIBot] ACTION event=diag_snapshot bot=Bob {submerged=false, light=0, step=, in_lava=false, task_phase=, goal=none, task_progress=1.0, task=idle, mode=survival, air=300, food=17, path_idle=true, inv=minecraft:stone_axex1 minecraft:wooden_swordx1 minecraft:crafting_tablex1 minecraft:stickx2 minecraft:wooden_pickaxex1 minecraft:wooden_axex1 minecraft:cobblestonex8 minecraft:stone_pickaxex1 minecraft:eggx1 minecraft:stone_swordx1 minecraft:raw_ironx2, nearby=animals=0 hostiles=0, mining_idle=true, hp=11.5/20.0, on_ground=true, pos=539,69,163, fall=0.0, held=minecraft:cobblestonex8, task_state=COMPLETED}
[01:44:07] [Server thread/INFO]: [AIBot] ACTION event=diag_snapshot bot=Bob {submerged=false, light=0, step=, in_lava=false, task_phase=, goal=none, task_progress=1.0, task=idle, mode=survival, air=300, food=17, path_idle=true, inv=minecraft:stone_axex1 minecraft:wooden_swordx1 minecraft:crafting_tablex1 minecraft:stickx2 minecraft:wooden_pickaxex1 minecraft:wooden_axex1 minecraft:cobblestonex8 minecraft:stone_pickaxex1 minecraft:eggx1 minecraft:stone_swordx1 minecraft:raw_ironx2, nearby=animals=0 hostiles=0, mining_idle=true, hp=11.5/20.0, on_ground=true, pos=539,69,163, fall=0.0, held=minecraft:cobblestonex8, task_state=COMPLETED}
[01:44:09] [Server thread/INFO]: [AIBot] ACTION event=capability_decision bot=Bob {allowed=false, profile=strict_survival, capability=HIDDEN_BLOCK_SCAN, context=observable_block_query, reason=DENIED_STRICT_SURVIVAL}
[01:44:09] [Server thread/INFO]: [AIBot] ACTION event=capability_decision bot=Bob {allowed=false, profile=strict_survival, capability=HIDDEN_BLOCK_SCAN, context=perception_snapshot, reason=DENIED_STRICT_SURVIVAL}
[01:44:09] [Server thread/INFO]: [AIBot] ACTION event=diag_snapshot bot=Bob {submerged=false, light=0, step=, in_lava=false, task_phase=, goal=none, task_progress=1.0, task=idle, mode=survival, air=300, food=17, path_idle=true, inv=minecraft:stone_axex1 minecraft:wooden_swordx1 minecraft:crafting_tablex1 minecraft:stickx2 minecraft:wooden_pickaxex1 minecraft:wooden_axex1 minecraft:cobblestonex8 minecraft:stone_pickaxex1 minecraft:eggx1 minecraft:stone_swordx1 minecraft:raw_ironx2, nearby=animals=0 hostiles=0, mining_idle=true, hp=11.5/20.0, on_ground=true, pos=539,69,163, fall=0.0, held=minecraft:cobblestonex8, task_state=COMPLETED}
[01:44:09] [Server thread/INFO]: [AIBot] ACTION event=capability_decision bot=Bob {allowed=false, profile=strict_survival, capability=HIDDEN_BLOCK_SCAN, context=observable_entity_query, reason=DENIED_STRICT_SURVIVAL}
[01:44:11] [Server thread/INFO]: [AIBot] ACTION event=capability_decision bot=Bob {allowed=false, profile=strict_survival, capability=HIDDEN_BLOCK_SCAN, context=diagnostic_nearby, reason=DENIED_STRICT_SURVIVAL}
[01:44:11] [Server thread/INFO]: [AIBot] ACTION event=diag_snapshot bot=Bob {submerged=false, light=0, step=, in_lava=false, task_phase=, goal=none, task_progress=1.0, task=idle, mode=survival, air=300, food=17, path_idle=true, inv=minecraft:stone_axex1 minecraft:wooden_swordx1 minecraft:crafting_tablex1 minecraft:stickx2 minecraft:wooden_pickaxex1 minecraft:wooden_axex1 minecraft:cobblestonex8 minecraft:stone_pickaxex1 minecraft:eggx1 minecraft:stone_swordx1 minecraft:raw_ironx2, nearby=animals=0 hostiles=0, mining_idle=true, hp=11.5/20.0, on_ground=true, pos=539,69,163, fall=0.0, held=minecraft:cobblestonex8, task_state=COMPLETED}
[01:44:12] [Server thread/INFO]: [AIBot] ACTION event=capability_decision bot=Bob {allowed=false, profile=strict_survival, capability=EMERGENCY_TELEPORT, context=danger_dark_trap_surface, reason=DENIED_STRICT_SURVIVAL}
[01:44:13] [Server thread/INFO]: [AIBot] ACTION event=diag_snapshot bot=Bob {submerged=false, light=0, step=, in_lava=false, task_phase=, goal=none, task_progress=1.0, task=idle, mode=survival, air=300, food=17, path_idle=true, inv=minecraft:stone_axex1 minecraft:wooden_swordx1 minecraft:crafting_tablex1 minecraft:stickx2 minecraft:wooden_pickaxex1 minecraft:wooden_axex1 minecraft:cobblestonex8 minecraft:stone_pickaxex1 minecraft:eggx1 minecraft:stone_swordx1 minecraft:raw_ironx2, nearby=animals=0 hostiles=0, mining_idle=true, hp=11.5/20.0, on_ground=true, pos=539,69,163, fall=0.0, held=minecraft:cobblestonex8, task_state=COMPLETED}
[01:44:13] [Server thread/WARN]: [AIBot] PERCEPTION event=snapshot_slow bot=Bob {elapsed_ms=12}
[01:44:14] [Server thread/INFO]: [AIBot] ACTION event=capability_decision bot=Bob {allowed=false, profile=strict_survival, capability=HIDDEN_BLOCK_SCAN, context=observable_block_query, reason=DENIED_STRICT_SURVIVAL}
[01:44:14] [Server thread/INFO]: [AIBot] ACTION event=capability_decision bot=Bob {allowed=false, profile=strict_survival, capability=HIDDEN_BLOCK_SCAN, context=perception_snapshot, reason=DENIED_STRICT_SURVIVAL}
[01:44:14] [Server thread/INFO]: [AIBot] ACTION event=capability_decision bot=Bob {allowed=false, profile=strict_survival, capability=HIDDEN_BLOCK_SCAN, context=observable_entity_query, reason=DENIED_STRICT_SURVIVAL}
[01:44:15] [Server thread/INFO]: [AIBot] ACTION event=diag_snapshot bot=Bob {submerged=false, light=0, step=, in_lava=false, task_phase=, goal=none, task_progress=1.0, task=idle, mode=survival, air=300, food=17, path_idle=true, inv=minecraft:stone_axex1 minecraft:wooden_swordx1 minecraft:crafting_tablex1 minecraft:stickx2 minecraft:wooden_pickaxex1 minecraft:wooden_axex1 minecraft:cobblestonex8 minecraft:stone_pickaxex1 minecraft:eggx1 minecraft:stone_swordx1 minecraft:raw_ironx2, nearby=animals=0 hostiles=0, mining_idle=true, hp=11.5/20.0, on_ground=true, pos=539,69,163, fall=0.0, held=minecraft:cobblestonex8, task_state=COMPLETED}
[01:44:17] [Server thread/INFO]: [AIBot] ACTION event=capability_decision bot=Bob {allowed=false, profile=strict_survival, capability=HIDDEN_BLOCK_SCAN, context=diagnostic_nearby, reason=DENIED_STRICT_SURVIVAL}
[01:44:17] [Server thread/INFO]: [AIBot] ACTION event=diag_snapshot bot=Bob {submerged=false, light=0, step=, in_lava=false, task_phase=, goal=none, task_progress=1.0, task=idle, mode=survival, air=300, food=17, path_idle=true, inv=minecraft:stone_axex1 minecraft:wooden_swordx1 minecraft:crafting_tablex1 minecraft:stickx2 minecraft:wooden_pickaxex1 minecraft:wooden_axex1 minecraft:cobblestonex8 minecraft:stone_pickaxex1 minecraft:eggx1 minecraft:stone_swordx1 minecraft:raw_ironx2, nearby=animals=0 hostiles=0, mining_idle=true, hp=11.5/20.0, on_ground=true, pos=539,69,163, fall=0.0, held=minecraft:cobblestonex8, task_state=COMPLETED}
[01:44:19] [Server thread/INFO]: [AIBot] ACTION event=capability_decision bot=Bob {allowed=false, profile=strict_survival, capability=HIDDEN_BLOCK_SCAN, context=observable_block_query, reason=DENIED_STRICT_SURVIVAL}
[01:44:19] [Server thread/INFO]: [AIBot] ACTION event=capability_decision bot=Bob {allowed=false, profile=strict_survival, capability=HIDDEN_BLOCK_SCAN, context=perception_snapshot, reason=DENIED_STRICT_SURVIVAL}
[01:44:19] [Server thread/INFO]: [AIBot] ACTION event=diag_snapshot bot=Bob {submerged=false, light=0, step=, in_lava=false, task_phase=, goal=none, task_progress=1.0, task=idle, mode=survival, air=300, food=17, path_idle=true, inv=minecraft:stone_axex1 minecraft:wooden_swordx1 minecraft:crafting_tablex1 minecraft:stickx2 minecraft:wooden_pickaxex1 minecraft:wooden_axex1 minecraft:cobblestonex8 minecraft:stone_pickaxex1 minecraft:eggx1 minecraft:stone_swordx1 minecraft:raw_ironx2, nearby=animals=0 hostiles=0, mining_idle=true, hp=11.5/20.0, on_ground=true, pos=539,69,163, fall=0.0, held=minecraft:cobblestonex8, task_state=COMPLETED}
[01:44:19] [Server thread/INFO]: [AIBot] ACTION event=capability_decision bot=Bob {allowed=false, profile=strict_survival, capability=HIDDEN_BLOCK_SCAN, context=observable_entity_query, reason=DENIED_STRICT_SURVIVAL}
[01:44:20] [Server thread/INFO]: [AIBot] ACTION event=capability_decision bot=Bob {allowed=false, profile=strict_survival, capability=EMERGENCY_TELEPORT, context=danger_dark_trap_surface, reason=DENIED_STRICT_SURVIVAL}
[01:44:21] [Server thread/INFO]: [AIBot] ACTION event=diag_snapshot bot=Bob {submerged=false, light=0, step=, in_lava=false, task_phase=, goal=none, task_progress=1.0, task=idle, mode=survival, air=300, food=17, path_idle=true, inv=minecraft:stone_axex1 minecraft:wooden_swordx1 minecraft:crafting_tablex1 minecraft:stickx2 minecraft:wooden_pickaxex1 minecraft:wooden_axex1 minecraft:cobblestonex8 minecraft:stone_pickaxex1 minecraft:eggx1 minecraft:stone_swordx1 minecraft:raw_ironx2, nearby=animals=0 hostiles=0, mining_idle=true, hp=11.5/20.0, on_ground=true, pos=539,69,163, fall=0.0, held=minecraft:cobblestonex8, task_state=COMPLETED}
[01:44:23] [Server thread/INFO]: [AIBot] ACTION event=capability_decision bot=Bob {allowed=false, profile=strict_survival, capability=HIDDEN_BLOCK_SCAN, context=diagnostic_nearby, reason=DENIED_STRICT_SURVIVAL}
[01:44:23] [Server thread/INFO]: [AIBot] ACTION event=diag_snapshot bot=Bob {submerged=false, light=0, step=, in_lava=false, task_phase=, goal=none, task_progress=1.0, task=idle, mode=survival, air=300, food=17, path_idle=true, inv=minecraft:stone_axex1 minecraft:wooden_swordx1 minecraft:crafting_tablex1 minecraft:stickx2 minecraft:wooden_pickaxex1 minecraft:wooden_axex1 minecraft:cobblestonex8 minecraft:stone_pickaxex1 minecraft:eggx1 minecraft:stone_swordx1 minecraft:raw_ironx2, nearby=animals=0 hostiles=0, mining_idle=true, hp=11.5/20.0, on_ground=true, pos=539,69,163, fall=0.0, held=minecraft:cobblestonex8, task_state=COMPLETED}
[01:44:24] [Server thread/INFO]: [AIBot] ACTION event=capability_decision bot=Bob {allowed=false, profile=strict_survival, capability=HIDDEN_BLOCK_SCAN, context=observable_block_query, reason=DENIED_STRICT_SURVIVAL}
[01:44:24] [Server thread/INFO]: [AIBot] ACTION event=capability_decision bot=Bob {allowed=false, profile=strict_survival, capability=HIDDEN_BLOCK_SCAN, context=perception_snapshot, reason=DENIED_STRICT_SURVIVAL}
[01:44:24] [Server thread/INFO]: [AIBot] ACTION event=capability_decision bot=Bob {allowed=false, profile=strict_survival, capability=HIDDEN_BLOCK_SCAN, context=observable_entity_query, reason=DENIED_STRICT_SURVIVAL}
[01:44:25] [Server thread/INFO]: [AIBot] ACTION event=diag_snapshot bot=Bob {submerged=false, light=0, step=, in_lava=false, task_phase=, goal=none, task_progress=1.0, task=idle, mode=survival, air=300, food=17, path_idle=true, inv=minecraft:stone_axex1 minecraft:wooden_swordx1 minecraft:crafting_tablex1 minecraft:stickx2 minecraft:wooden_pickaxex1 minecraft:wooden_axex1 minecraft:cobblestonex8 minecraft:stone_pickaxex1 minecraft:eggx1 minecraft:stone_swordx1 minecraft:raw_ironx2, nearby=animals=0 hostiles=0, mining_idle=true, hp=11.5/20.0, on_ground=true, pos=539,69,163, fall=0.0, held=minecraft:cobblestonex8, task_state=COMPLETED}
[01:44:27] [Server thread/INFO]: [AIBot] ACTION event=diag_snapshot bot=Bob {submerged=false, light=0, step=, in_lava=false, task_phase=, goal=none, task_progress=1.0, task=idle, mode=survival, air=300, food=17, path_idle=true, inv=minecraft:stone_axex1 minecraft:wooden_swordx1 minecraft:crafting_tablex1 minecraft:stickx2 minecraft:wooden_pickaxex1 minecraft:wooden_axex1 minecraft:cobblestonex8 minecraft:stone_pickaxex1 minecraft:eggx1 minecraft:stone_swordx1 minecraft:raw_ironx2, nearby=animals=0 hostiles=0, mining_idle=true, hp=11.5/20.0, on_ground=true, pos=539,69,163, fall=0.0, held=minecraft:cobblestonex8, task_state=COMPLETED}
[01:44:28] [Server thread/INFO]: [AIBot] ACTION event=capability_decision bot=Bob {allowed=false, profile=strict_survival, capability=EMERGENCY_TELEPORT, context=danger_dark_trap_surface, reason=DENIED_STRICT_SURVIVAL}
[01:44:29] [Server thread/INFO]: [AIBot] ACTION event=capability_decision bot=Bob {allowed=false, profile=strict_survival, capability=HIDDEN_BLOCK_SCAN, context=observable_block_query, reason=DENIED_STRICT_SURVIVAL}
[01:44:29] [Server thread/INFO]: [AIBot] ACTION event=capability_decision bot=Bob {allowed=false, profile=strict_survival, capability=HIDDEN_BLOCK_SCAN, context=perception_snapshot, reason=DENIED_STRICT_SURVIVAL}
[01:44:29] [Server thread/INFO]: [AIBot] ACTION event=capability_decision bot=Bob {allowed=false, profile=strict_survival, capability=HIDDEN_BLOCK_SCAN, context=diagnostic_nearby, reason=DENIED_STRICT_SURVIVAL}
[01:44:29] [Server thread/INFO]: [AIBot] ACTION event=diag_snapshot bot=Bob {submerged=false, light=0, step=, in_lava=false, task_phase=, goal=none, task_progress=1.0, task=idle, mode=survival, air=300, food=17, path_idle=true, inv=minecraft:stone_axex1 minecraft:wooden_swordx1 minecraft:crafting_tablex1 minecraft:stickx2 minecraft:wooden_pickaxex1 minecraft:wooden_axex1 minecraft:cobblestonex8 minecraft:stone_pickaxex1 minecraft:eggx1 minecraft:stone_swordx1 minecraft:raw_ironx2, nearby=animals=0 hostiles=0, mining_idle=true, hp=11.5/20.0, on_ground=true, pos=539,69,163, fall=0.0, held=minecraft:cobblestonex8, task_state=COMPLETED}
[01:44:29] [Server thread/INFO]: [AIBot] ACTION event=capability_decision bot=Bob {allowed=false, profile=strict_survival, capability=HIDDEN_BLOCK_SCAN, context=observable_entity_query, reason=DENIED_STRICT_SURVIVAL}
[01:44:31] [Server thread/INFO]: [AIBot] ACTION event=diag_snapshot bot=Bob {submerged=false, light=0, step=, in_lava=false, task_phase=, goal=none, task_progress=1.0, task=idle, mode=survival, air=300, food=17, path_idle=true, inv=minecraft:stone_axex1 minecraft:wooden_swordx1 minecraft:crafting_tablex1 minecraft:stickx2 minecraft:wooden_pickaxex1 minecraft:wooden_axex1 minecraft:cobblestonex8 minecraft:stone_pickaxex1 minecraft:eggx1 minecraft:stone_swordx1 minecraft:raw_ironx2, nearby=animals=0 hostiles=0, mining_idle=true, hp=11.5/20.0, on_ground=true, pos=539,69,163, fall=0.0, held=minecraft:cobblestonex8, task_state=COMPLETED}
[01:44:33] [Server thread/INFO]: [AIBot] ACTION event=diag_snapshot bot=Bob {submerged=false, light=0, step=, in_lava=false, task_phase=, goal=none, task_progress=1.0, task=idle, mode=survival, air=300, food=17, path_idle=true, inv=minecraft:stone_axex1 minecraft:wooden_swordx1 minecraft:crafting_tablex1 minecraft:stickx2 minecraft:wooden_pickaxex1 minecraft:wooden_axex1 minecraft:cobblestonex8 minecraft:stone_pickaxex1 minecraft:eggx1 minecraft:stone_swordx1 minecraft:raw_ironx2, nearby=animals=0 hostiles=0, mining_idle=true, hp=11.5/20.0, on_ground=true, pos=539,69,163, fall=0.0, held=minecraft:cobblestonex8, task_state=COMPLETED}
[01:44:34] [Server thread/INFO]: [AIBot] ACTION event=capability_decision bot=Bob {allowed=false, profile=strict_survival, capability=HIDDEN_BLOCK_SCAN, context=observable_block_query, reason=DENIED_STRICT_SURVIVAL}
[01:44:34] [Server thread/INFO]: [AIBot] ACTION event=capability_decision bot=Bob {allowed=false, profile=strict_survival, capability=HIDDEN_BLOCK_SCAN, context=perception_snapshot, reason=DENIED_STRICT_SURVIVAL}
[01:44:34] [Server thread/INFO]: [AIBot] ACTION event=capability_decision bot=Bob {allowed=false, profile=strict_survival, capability=HIDDEN_BLOCK_SCAN, context=observable_entity_query, reason=DENIED_STRICT_SURVIVAL}
[01:44:35] [Server thread/INFO]: [AIBot] ACTION event=capability_decision bot=Bob {allowed=false, profile=strict_survival, capability=HIDDEN_BLOCK_SCAN, context=diagnostic_nearby, reason=DENIED_STRICT_SURVIVAL}
[01:44:35] [Server thread/INFO]: [AIBot] ACTION event=diag_snapshot bot=Bob {submerged=false, light=0, step=, in_lava=false, task_phase=, goal=none, task_progress=1.0, task=idle, mode=survival, air=300, food=17, path_idle=true, inv=minecraft:stone_axex1 minecraft:wooden_swordx1 minecraft:crafting_tablex1 minecraft:stickx2 minecraft:wooden_pickaxex1 minecraft:wooden_axex1 minecraft:cobblestonex8 minecraft:stone_pickaxex1 minecraft:eggx1 minecraft:stone_swordx1 minecraft:raw_ironx2, nearby=animals=0 hostiles=0, mining_idle=true, hp=11.5/20.0, on_ground=true, pos=539,69,163, fall=0.0, held=minecraft:cobblestonex8, task_state=COMPLETED}
[01:44:36] [Server thread/INFO]: [AIBot] ACTION event=capability_decision bot=Bob {allowed=false, profile=strict_survival, capability=EMERGENCY_TELEPORT, context=danger_dark_trap_surface, reason=DENIED_STRICT_SURVIVAL}
[01:44:37] [Server thread/INFO]: [AIBot] ACTION event=diag_snapshot bot=Bob {submerged=false, light=0, step=, in_lava=false, task_phase=, goal=none, task_progress=1.0, task=idle, mode=survival, air=300, food=17, path_idle=true, inv=minecraft:stone_axex1 minecraft:wooden_swordx1 minecraft:crafting_tablex1 minecraft:stickx2 minecraft:wooden_pickaxex1 minecraft:wooden_axex1 minecraft:cobblestonex8 minecraft:stone_pickaxex1 minecraft:eggx1 minecraft:stone_swordx1 minecraft:raw_ironx2, nearby=animals=0 hostiles=0, mining_idle=true, hp=11.5/20.0, on_ground=true, pos=539,69,163, fall=0.0, held=minecraft:cobblestonex8, task_state=COMPLETED}
[01:44:39] [Server thread/INFO]: [AIBot] LIFECYCLE event=mixin_alive bot=- {server_tick=3600}
[01:44:39] [Server thread/INFO]: [AIBot] ACTION event=capability_decision bot=Bob {allowed=false, profile=strict_survival, capability=HIDDEN_BLOCK_SCAN, context=observable_block_query, reason=DENIED_STRICT_SURVIVAL}
[01:44:39] [Server thread/INFO]: [AIBot] ACTION event=capability_decision bot=Bob {allowed=false, profile=strict_survival, capability=HIDDEN_BLOCK_SCAN, context=perception_snapshot, reason=DENIED_STRICT_SURVIVAL}
[01:44:39] [Server thread/INFO]: [AIBot] ACTION event=diag_snapshot bot=Bob {submerged=false, light=0, step=, in_lava=false, task_phase=, goal=none, task_progress=1.0, task=idle, mode=survival, air=300, food=17, path_idle=true, inv=minecraft:stone_axex1 minecraft:wooden_swordx1 minecraft:crafting_tablex1 minecraft:stickx2 minecraft:wooden_pickaxex1 minecraft:wooden_axex1 minecraft:cobblestonex8 minecraft:stone_pickaxex1 minecraft:eggx1 minecraft:stone_swordx1 minecraft:raw_ironx2, nearby=animals=0 hostiles=0, mining_idle=true, hp=11.5/20.0, on_ground=true, pos=539,69,163, fall=0.0, held=minecraft:cobblestonex8, task_state=COMPLETED}
[01:44:39] [Server thread/INFO]: [AIBot] ACTION event=capability_decision bot=Bob {allowed=false, profile=strict_survival, capability=HIDDEN_BLOCK_SCAN, context=observable_entity_query, reason=DENIED_STRICT_SURVIVAL}
[01:44:40] [Server thread/WARN]: [AIBot] PERCEPTION event=snapshot_slow bot=Bob {elapsed_ms=11}
[01:44:41] [Server thread/INFO]: [AIBot] ACTION event=capability_decision bot=Bob {allowed=false, profile=strict_survival, capability=HIDDEN_BLOCK_SCAN, context=diagnostic_nearby, reason=DENIED_STRICT_SURVIVAL}
[01:44:41] [Server thread/INFO]: [AIBot] ACTION event=diag_snapshot bot=Bob {submerged=false, light=0, step=, in_lava=false, task_phase=, goal=none, task_progress=1.0, task=idle, mode=survival, air=300, food=17, path_idle=true, inv=minecraft:stone_axex1 minecraft:wooden_swordx1 minecraft:crafting_tablex1 minecraft:stickx2 minecraft:wooden_pickaxex1 minecraft:wooden_axex1 minecraft:cobblestonex8 minecraft:stone_pickaxex1 minecraft:eggx1 minecraft:stone_swordx1 minecraft:raw_ironx2, nearby=animals=0 hostiles=0, mining_idle=true, hp=11.5/20.0, on_ground=true, pos=539,69,163, fall=0.0, held=minecraft:cobblestonex8, task_state=COMPLETED}
[01:44:43] [Server thread/INFO]: [AIBot] ACTION event=diag_snapshot bot=Bob {submerged=false, light=0, step=, in_lava=false, task_phase=, goal=none, task_progress=1.0, task=idle, mode=survival, air=300, food=17, path_idle=true, inv=minecraft:stone_axex1 minecraft:wooden_swordx1 minecraft:crafting_tablex1 minecraft:stickx2 minecraft:wooden_pickaxex1 minecraft:wooden_axex1 minecraft:cobblestonex8 minecraft:stone_pickaxex1 minecraft:eggx1 minecraft:stone_swordx1 minecraft:raw_ironx2, nearby=animals=0 hostiles=0, mining_idle=true, hp=11.5/20.0, on_ground=true, pos=539,69,163, fall=0.0, held=minecraft:cobblestonex8, task_state=COMPLETED}
[01:44:44] [Server thread/INFO]: [AIBot] ACTION event=capability_decision bot=Bob {allowed=false, profile=strict_survival, capability=HIDDEN_BLOCK_SCAN, context=observable_block_query, reason=DENIED_STRICT_SURVIVAL}
[01:44:44] [Server thread/INFO]: [AIBot] ACTION event=capability_decision bot=Bob {allowed=false, profile=strict_survival, capability=HIDDEN_BLOCK_SCAN, context=perception_snapshot, reason=DENIED_STRICT_SURVIVAL}
[01:44:44] [Server thread/INFO]: [AIBot] ACTION event=capability_decision bot=Bob {allowed=false, profile=strict_survival, capability=EMERGENCY_TELEPORT, context=danger_dark_trap_surface, reason=DENIED_STRICT_SURVIVAL}
[01:44:44] [Server thread/INFO]: [AIBot] ACTION event=capability_decision bot=Bob {allowed=false, profile=strict_survival, capability=HIDDEN_BLOCK_SCAN, context=observable_entity_query, reason=DENIED_STRICT_SURVIVAL}
[01:44:45] [Server thread/INFO]: [AIBot] ACTION event=diag_snapshot bot=Bob {submerged=false, light=0, step=, in_lava=false, task_phase=, goal=none, task_progress=1.0, task=idle, mode=survival, air=300, food=17, path_idle=true, inv=minecraft:stone_axex1 minecraft:wooden_swordx1 minecraft:crafting_tablex1 minecraft:stickx2 minecraft:wooden_pickaxex1 minecraft:wooden_axex1 minecraft:cobblestonex8 minecraft:stone_pickaxex1 minecraft:eggx1 minecraft:stone_swordx1 minecraft:raw_ironx2, nearby=animals=0 hostiles=0, mining_idle=true, hp=11.5/20.0, on_ground=true, pos=539,69,163, fall=0.0, held=minecraft:cobblestonex8, task_state=COMPLETED}
[01:44:47] [Server thread/INFO]: [AIBot] ACTION event=capability_decision bot=Bob {allowed=false, profile=strict_survival, capability=HIDDEN_BLOCK_SCAN, context=diagnostic_nearby, reason=DENIED_STRICT_SURVIVAL}
[01:44:47] [Server thread/INFO]: [AIBot] ACTION event=diag_snapshot bot=Bob {submerged=false, light=0, step=, in_lava=false, task_phase=, goal=none, task_progress=1.0, task=idle, mode=survival, air=300, food=17, path_idle=true, inv=minecraft:stone_axex1 minecraft:wooden_swordx1 minecraft:crafting_tablex1 minecraft:stickx2 minecraft:wooden_pickaxex1 minecraft:wooden_axex1 minecraft:cobblestonex8 minecraft:stone_pickaxex1 minecraft:eggx1 minecraft:stone_swordx1 minecraft:raw_ironx2, nearby=animals=0 hostiles=0, mining_idle=true, hp=11.5/20.0, on_ground=true, pos=539,69,163, fall=0.0, held=minecraft:cobblestonex8, task_state=COMPLETED}
[01:44:49] [Server thread/INFO]: [AIBot] ACTION event=capability_decision bot=Bob {allowed=false, profile=strict_survival, capability=HIDDEN_BLOCK_SCAN, context=observable_block_query, reason=DENIED_STRICT_SURVIVAL}
[01:44:49] [Server thread/INFO]: [AIBot] ACTION event=capability_decision bot=Bob {allowed=false, profile=strict_survival, capability=HIDDEN_BLOCK_SCAN, context=perception_snapshot, reason=DENIED_STRICT_SURVIVAL}
[01:44:49] [Server thread/INFO]: [AIBot] ACTION event=diag_snapshot bot=Bob {submerged=false, light=0, step=, in_lava=false, task_phase=, goal=none, task_progress=1.0, task=idle, mode=survival, air=300, food=17, path_idle=true, inv=minecraft:stone_axex1 minecraft:wooden_swordx1 minecraft:crafting_tablex1 minecraft:stickx2 minecraft:wooden_pickaxex1 minecraft:wooden_axex1 minecraft:cobblestonex8 minecraft:stone_pickaxex1 minecraft:eggx1 minecraft:stone_swordx1 minecraft:raw_ironx2, nearby=animals=0 hostiles=0, mining_idle=true, hp=11.5/20.0, on_ground=true, pos=539,69,163, fall=0.0, held=minecraft:cobblestonex8, task_state=COMPLETED}
[01:44:49] [Server thread/INFO]: [AIBot] ACTION event=capability_decision bot=Bob {allowed=false, profile=strict_survival, capability=HIDDEN_BLOCK_SCAN, context=observable_entity_query, reason=DENIED_STRICT_SURVIVAL}
[01:44:51] [Server thread/INFO]: [AIBot] ACTION event=diag_snapshot bot=Bob {submerged=false, light=0, step=, in_lava=false, task_phase=, goal=none, task_progress=1.0, task=idle, mode=survival, air=300, food=17, path_idle=true, inv=minecraft:stone_axex1 minecraft:wooden_swordx1 minecraft:crafting_tablex1 minecraft:stickx2 minecraft:wooden_pickaxex1 minecraft:wooden_axex1 minecraft:cobblestonex8 minecraft:stone_pickaxex1 minecraft:eggx1 minecraft:stone_swordx1 minecraft:raw_ironx2, nearby=animals=0 hostiles=0, mining_idle=true, hp=11.5/20.0, on_ground=true, pos=539,69,163, fall=0.0, held=minecraft:cobblestonex8, task_state=COMPLETED}
[01:44:52] [Server thread/INFO]: [AIBot] ACTION event=capability_decision bot=Bob {allowed=false, profile=strict_survival, capability=EMERGENCY_TELEPORT, context=danger_dark_trap_surface, reason=DENIED_STRICT_SURVIVAL}
[01:44:53] [Server thread/INFO]: [AIBot] ACTION event=capability_decision bot=Bob {allowed=false, profile=strict_survival, capability=HIDDEN_BLOCK_SCAN, context=diagnostic_nearby, reason=DENIED_STRICT_SURVIVAL}
[01:44:53] [Server thread/INFO]: [AIBot] ACTION event=diag_snapshot bot=Bob {submerged=false, light=0, step=, in_lava=false, task_phase=, goal=none, task_progress=1.0, task=idle, mode=survival, air=300, food=17, path_idle=true, inv=minecraft:stone_axex1 minecraft:wooden_swordx1 minecraft:crafting_tablex1 minecraft:stickx2 minecraft:wooden_pickaxex1 minecraft:wooden_axex1 minecraft:cobblestonex8 minecraft:stone_pickaxex1 minecraft:eggx1 minecraft:stone_swordx1 minecraft:raw_ironx2, nearby=animals=0 hostiles=0, mining_idle=true, hp=11.5/20.0, on_ground=true, pos=539,69,163, fall=0.0, held=minecraft:cobblestonex8, task_state=COMPLETED}
[01:44:54] [Server thread/INFO]: [AIBot] ACTION event=capability_decision bot=Bob {allowed=false, profile=strict_survival, capability=HIDDEN_BLOCK_SCAN, context=observable_block_query, reason=DENIED_STRICT_SURVIVAL}
[01:44:54] [Server thread/INFO]: [AIBot] ACTION event=capability_decision bot=Bob {allowed=false, profile=strict_survival, capability=HIDDEN_BLOCK_SCAN, context=perception_snapshot, reason=DENIED_STRICT_SURVIVAL}
[01:44:54] [Server thread/INFO]: [AIBot] ACTION event=capability_decision bot=Bob {allowed=false, profile=strict_survival, capability=HIDDEN_BLOCK_SCAN, context=observable_entity_query, reason=DENIED_STRICT_SURVIVAL}
[01:44:55] [Server thread/INFO]: [AIBot] ACTION event=diag_snapshot bot=Bob {submerged=false, light=0, step=, in_lava=false, task_phase=, goal=none, task_progress=1.0, task=idle, mode=survival, air=300, food=17, path_idle=true, inv=minecraft:stone_axex1 minecraft:wooden_swordx1 minecraft:crafting_tablex1 minecraft:stickx2 minecraft:wooden_pickaxex1 minecraft:wooden_axex1 minecraft:cobblestonex8 minecraft:stone_pickaxex1 minecraft:eggx1 minecraft:stone_swordx1 minecraft:raw_ironx2, nearby=animals=0 hostiles=0, mining_idle=true, hp=11.5/20.0, on_ground=true, pos=539,69,163, fall=0.0, held=minecraft:cobblestonex8, task_state=COMPLETED}
[01:44:57] [Server thread/INFO]: [AIBot] ACTION event=diag_snapshot bot=Bob {submerged=false, light=0, step=, in_lava=false, task_phase=, goal=none, task_progress=1.0, task=idle, mode=survival, air=300, food=17, path_idle=true, inv=minecraft:stone_axex1 minecraft:wooden_swordx1 minecraft:crafting_tablex1 minecraft:stickx2 minecraft:wooden_pickaxex1 minecraft:wooden_axex1 minecraft:cobblestonex8 minecraft:stone_pickaxex1 minecraft:eggx1 minecraft:stone_swordx1 minecraft:raw_ironx2, nearby=animals=0 hostiles=0, mining_idle=true, hp=11.5/20.0, on_ground=true, pos=539,69,163, fall=0.0, held=minecraft:cobblestonex8, task_state=COMPLETED}
[01:44:59] [Server thread/INFO]: [AIBot] ACTION event=capability_decision bot=Bob {allowed=false, profile=strict_survival, capability=HIDDEN_BLOCK_SCAN, context=observable_block_query, reason=DENIED_STRICT_SURVIVAL}
[01:44:59] [Server thread/INFO]: [AIBot] ACTION event=capability_decision bot=Bob {allowed=false, profile=strict_survival, capability=HIDDEN_BLOCK_SCAN, context=perception_snapshot, reason=DENIED_STRICT_SURVIVAL}
[01:44:59] [Server thread/INFO]: [AIBot] ACTION event=capability_decision bot=Bob {allowed=false, profile=strict_survival, capability=HIDDEN_BLOCK_SCAN, context=diagnostic_nearby, reason=DENIED_STRICT_SURVIVAL}
[01:44:59] [Server thread/INFO]: [AIBot] ACTION event=diag_snapshot bot=Bob {submerged=false, light=0, step=, in_lava=false, task_phase=, goal=none, task_progress=1.0, task=idle, mode=survival, air=300, food=17, path_idle=true, inv=minecraft:stone_axex1 minecraft:wooden_swordx1 minecraft:crafting_tablex1 minecraft:stickx2 minecraft:wooden_pickaxex1 minecraft:wooden_axex1 minecraft:cobblestonex8 minecraft:stone_pickaxex1 minecraft:eggx1 minecraft:stone_swordx1 minecraft:raw_ironx2, nearby=animals=0 hostiles=0, mining_idle=true, hp=11.5/20.0, on_ground=true, pos=539,69,163, fall=0.0, held=minecraft:cobblestonex8, task_state=COMPLETED}
[01:44:59] [Server thread/INFO]: [AIBot] ACTION event=capability_decision bot=Bob {allowed=false, profile=strict_survival, capability=HIDDEN_BLOCK_SCAN, context=observable_entity_query, reason=DENIED_STRICT_SURVIVAL}
[01:45:00] [Server thread/INFO]: [AIBot] ACTION event=capability_decision bot=Bob {allowed=false, profile=strict_survival, capability=EMERGENCY_TELEPORT, context=danger_dark_trap_surface, reason=DENIED_STRICT_SURVIVAL}
[01:45:01] [Server thread/INFO]: [AIBot] ACTION event=diag_snapshot bot=Bob {submerged=false, light=0, step=, in_lava=false, task_phase=, goal=none, task_progress=1.0, task=idle, mode=survival, air=300, food=17, path_idle=true, inv=minecraft:stone_axex1 minecraft:wooden_swordx1 minecraft:crafting_tablex1 minecraft:stickx2 minecraft:wooden_pickaxex1 minecraft:wooden_axex1 minecraft:cobblestonex8 minecraft:stone_pickaxex1 minecraft:eggx1 minecraft:stone_swordx1 minecraft:raw_ironx2, nearby=animals=0 hostiles=0, mining_idle=true, hp=11.5/20.0, on_ground=true, pos=539,69,163, fall=0.0, held=minecraft:cobblestonex8, task_state=COMPLETED}
[01:45:03] [Server thread/INFO]: [AIBot] ACTION event=diag_snapshot bot=Bob {submerged=false, light=0, step=, in_lava=false, task_phase=, goal=none, task_progress=1.0, task=idle, mode=survival, air=300, food=17, path_idle=true, inv=minecraft:stone_axex1 minecraft:wooden_swordx1 minecraft:crafting_tablex1 minecraft:stickx2 minecraft:wooden_pickaxex1 minecraft:wooden_axex1 minecraft:cobblestonex8 minecraft:stone_pickaxex1 minecraft:eggx1 minecraft:stone_swordx1 minecraft:raw_ironx2, nearby=animals=0 hostiles=0, mining_idle=true, hp=11.5/20.0, on_ground=true, pos=539,69,163, fall=0.0, held=minecraft:cobblestonex8, task_state=COMPLETED}
[01:45:04] [Server thread/INFO]: [AIBot] ACTION event=capability_decision bot=Bob {allowed=false, profile=strict_survival, capability=HIDDEN_BLOCK_SCAN, context=observable_block_query, reason=DENIED_STRICT_SURVIVAL}
[01:45:04] [Server thread/INFO]: [AIBot] ACTION event=capability_decision bot=Bob {allowed=false, profile=strict_survival, capability=HIDDEN_BLOCK_SCAN, context=perception_snapshot, reason=DENIED_STRICT_SURVIVAL}
[01:45:04] [Server thread/INFO]: [AIBot] ACTION event=capability_decision bot=Bob {allowed=false, profile=strict_survival, capability=HIDDEN_BLOCK_SCAN, context=observable_entity_query, reason=DENIED_STRICT_SURVIVAL}
[01:45:05] [Server thread/INFO]: [AIBot] ACTION event=capability_decision bot=Bob {allowed=false, profile=strict_survival, capability=HIDDEN_BLOCK_SCAN, context=diagnostic_nearby, reason=DENIED_STRICT_SURVIVAL}
[01:45:05] [Server thread/INFO]: [AIBot] ACTION event=diag_snapshot bot=Bob {submerged=false, light=0, step=, in_lava=false, task_phase=, goal=none, task_progress=1.0, task=idle, mode=survival, air=300, food=17, path_idle=true, inv=minecraft:stone_axex1 minecraft:wooden_swordx1 minecraft:crafting_tablex1 minecraft:stickx2 minecraft:wooden_pickaxex1 minecraft:wooden_axex1 minecraft:cobblestonex8 minecraft:stone_pickaxex1 minecraft:eggx1 minecraft:stone_swordx1 minecraft:raw_ironx2, nearby=animals=0 hostiles=0, mining_idle=true, hp=11.5/20.0, on_ground=true, pos=539,69,163, fall=0.0, held=minecraft:cobblestonex8, task_state=COMPLETED}
[01:45:07] [Server thread/INFO]: [AIBot] ACTION event=diag_snapshot bot=Bob {submerged=false, light=0, step=, in_lava=false, task_phase=, goal=none, task_progress=1.0, task=idle, mode=survival, air=300, food=17, path_idle=true, inv=minecraft:stone_axex1 minecraft:wooden_swordx1 minecraft:crafting_tablex1 minecraft:stickx2 minecraft:wooden_pickaxex1 minecraft:wooden_axex1 minecraft:cobblestonex8 minecraft:stone_pickaxex1 minecraft:eggx1 minecraft:stone_swordx1 minecraft:raw_ironx2, nearby=animals=0 hostiles=0, mining_idle=true, hp=11.5/20.0, on_ground=true, pos=539,69,163, fall=0.0, held=minecraft:cobblestonex8, task_state=COMPLETED}
[01:45:08] [Server thread/INFO]: [AIBot] ACTION event=capability_decision bot=Bob {allowed=false, profile=strict_survival, capability=EMERGENCY_TELEPORT, context=danger_dark_trap_surface, reason=DENIED_STRICT_SURVIVAL}
[01:45:09] [Server thread/INFO]: [AIBot] ACTION event=capability_decision bot=Bob {allowed=false, profile=strict_survival, capability=HIDDEN_BLOCK_SCAN, context=observable_block_query, reason=DENIED_STRICT_SURVIVAL}
[01:45:09] [Server thread/INFO]: [AIBot] ACTION event=capability_decision bot=Bob {allowed=false, profile=strict_survival, capability=HIDDEN_BLOCK_SCAN, context=perception_snapshot, reason=DENIED_STRICT_SURVIVAL}
[01:45:09] [Server thread/INFO]: [AIBot] ACTION event=diag_snapshot bot=Bob {submerged=false, light=0, step=, in_lava=false, task_phase=, goal=none, task_progress=1.0, task=idle, mode=survival, air=300, food=17, path_idle=true, inv=minecraft:stone_axex1 minecraft:wooden_swordx1 minecraft:crafting_tablex1 minecraft:stickx2 minecraft:wooden_pickaxex1 minecraft:wooden_axex1 minecraft:cobblestonex8 minecraft:stone_pickaxex1 minecraft:eggx1 minecraft:stone_swordx1 minecraft:raw_ironx2, nearby=animals=0 hostiles=0, mining_idle=true, hp=11.5/20.0, on_ground=true, pos=539,69,163, fall=0.0, held=minecraft:cobblestonex8, task_state=COMPLETED}
[01:45:09] [Server thread/INFO]: [AIBot] ACTION event=capability_decision bot=Bob {allowed=false, profile=strict_survival, capability=HIDDEN_BLOCK_SCAN, context=observable_entity_query, reason=DENIED_STRICT_SURVIVAL}
[01:45:11] [Server thread/INFO]: [AIBot] ACTION event=capability_decision bot=Bob {allowed=false, profile=strict_survival, capability=HIDDEN_BLOCK_SCAN, context=diagnostic_nearby, reason=DENIED_STRICT_SURVIVAL}
[01:45:11] [Server thread/INFO]: [AIBot] ACTION event=diag_snapshot bot=Bob {submerged=false, light=0, step=, in_lava=false, task_phase=, goal=none, task_progress=1.0, task=idle, mode=survival, air=300, food=17, path_idle=true, inv=minecraft:stone_axex1 minecraft:wooden_swordx1 minecraft:crafting_tablex1 minecraft:stickx2 minecraft:wooden_pickaxex1 minecraft:wooden_axex1 minecraft:cobblestonex8 minecraft:stone_pickaxex1 minecraft:eggx1 minecraft:stone_swordx1 minecraft:raw_ironx2, nearby=animals=0 hostiles=0, mining_idle=true, hp=11.5/20.0, on_ground=true, pos=539,69,163, fall=0.0, held=minecraft:cobblestonex8, task_state=COMPLETED}
[01:45:13] [Server thread/INFO]: [AIBot] ACTION event=diag_snapshot bot=Bob {submerged=false, light=0, step=, in_lava=false, task_phase=, goal=none, task_progress=1.0, task=idle, mode=survival, air=300, food=17, path_idle=true, inv=minecraft:stone_axex1 minecraft:wooden_swordx1 minecraft:crafting_tablex1 minecraft:stickx2 minecraft:wooden_pickaxex1 minecraft:wooden_axex1 minecraft:cobblestonex8 minecraft:stone_pickaxex1 minecraft:eggx1 minecraft:stone_swordx1 minecraft:raw_ironx2, nearby=animals=0 hostiles=0, mining_idle=true, hp=11.5/20.0, on_ground=true, pos=539,69,163, fall=0.0, held=minecraft:cobblestonex8, task_state=COMPLETED}
[01:45:13] [Server thread/WARN]: [AIBot] PERCEPTION event=snapshot_slow bot=Bob {elapsed_ms=11}
[01:45:14] [Server thread/INFO]: [AIBot] ACTION event=capability_decision bot=Bob {allowed=false, profile=strict_survival, capability=HIDDEN_BLOCK_SCAN, context=observable_block_query, reason=DENIED_STRICT_SURVIVAL}
[01:45:14] [Server thread/INFO]: [AIBot] ACTION event=capability_decision bot=Bob {allowed=false, profile=strict_survival, capability=HIDDEN_BLOCK_SCAN, context=perception_snapshot, reason=DENIED_STRICT_SURVIVAL}
[01:45:14] [Server thread/INFO]: [AIBot] ACTION event=capability_decision bot=Bob {allowed=false, profile=strict_survival, capability=HIDDEN_BLOCK_SCAN, context=observable_entity_query, reason=DENIED_STRICT_SURVIVAL}
[01:45:15] [Server thread/INFO]: [AIBot] ACTION event=diag_snapshot bot=Bob {submerged=false, light=0, step=, in_lava=false, task_phase=, goal=none, task_progress=1.0, task=idle, mode=survival, air=300, food=17, path_idle=true, inv=minecraft:stone_axex1 minecraft:wooden_swordx1 minecraft:crafting_tablex1 minecraft:stickx2 minecraft:wooden_pickaxex1 minecraft:wooden_axex1 minecraft:cobblestonex8 minecraft:stone_pickaxex1 minecraft:eggx1 minecraft:stone_swordx1 minecraft:raw_ironx2, nearby=animals=0 hostiles=0, mining_idle=true, hp=11.5/20.0, on_ground=true, pos=539,69,163, fall=0.0, held=minecraft:cobblestonex8, task_state=COMPLETED}
[01:45:16] [Server thread/INFO]: [AIBot] ACTION event=capability_decision bot=Bob {allowed=false, profile=strict_survival, capability=EMERGENCY_TELEPORT, context=danger_dark_trap_surface, reason=DENIED_STRICT_SURVIVAL}
[01:45:17] [Server thread/INFO]: [AIBot] ACTION event=capability_decision bot=Bob {allowed=false, profile=strict_survival, capability=HIDDEN_BLOCK_SCAN, context=diagnostic_nearby, reason=DENIED_STRICT_SURVIVAL}
[01:45:17] [Server thread/INFO]: [AIBot] ACTION event=diag_snapshot bot=Bob {submerged=false, light=0, step=, in_lava=false, task_phase=, goal=none, task_progress=1.0, task=idle, mode=survival, air=300, food=17, path_idle=true, inv=minecraft:stone_axex1 minecraft:wooden_swordx1 minecraft:crafting_tablex1 minecraft:stickx2 minecraft:wooden_pickaxex1 minecraft:wooden_axex1 minecraft:cobblestonex8 minecraft:stone_pickaxex1 minecraft:eggx1 minecraft:stone_swordx1 minecraft:raw_ironx2, nearby=animals=0 hostiles=0, mining_idle=true, hp=11.5/20.0, on_ground=true, pos=539,69,163, fall=0.0, held=minecraft:cobblestonex8, task_state=COMPLETED}
[01:45:19] [Server thread/INFO]: [AIBot] ACTION event=capability_decision bot=Bob {allowed=false, profile=strict_survival, capability=HIDDEN_BLOCK_SCAN, context=observable_block_query, reason=DENIED_STRICT_SURVIVAL}
[01:45:19] [Server thread/INFO]: [AIBot] ACTION event=capability_decision bot=Bob {allowed=false, profile=strict_survival, capability=HIDDEN_BLOCK_SCAN, context=perception_snapshot, reason=DENIED_STRICT_SURVIVAL}
[01:45:19] [Server thread/INFO]: [AIBot] ACTION event=diag_snapshot bot=Bob {submerged=false, light=0, step=, in_lava=false, task_phase=, goal=none, task_progress=1.0, task=idle, mode=survival, air=300, food=17, path_idle=true, inv=minecraft:stone_axex1 minecraft:wooden_swordx1 minecraft:crafting_tablex1 minecraft:stickx2 minecraft:wooden_pickaxex1 minecraft:wooden_axex1 minecraft:cobblestonex8 minecraft:stone_pickaxex1 minecraft:eggx1 minecraft:stone_swordx1 minecraft:raw_ironx2, nearby=animals=0 hostiles=0, mining_idle=true, hp=11.5/20.0, on_ground=true, pos=539,69,163, fall=0.0, held=minecraft:cobblestonex8, task_state=COMPLETED}
[01:45:19] [Server thread/INFO]: [AIBot] ACTION event=capability_decision bot=Bob {allowed=false, profile=strict_survival, capability=HIDDEN_BLOCK_SCAN, context=observable_entity_query, reason=DENIED_STRICT_SURVIVAL}
[01:45:21] [Server thread/INFO]: [AIBot] ACTION event=diag_snapshot bot=Bob {submerged=false, light=0, step=, in_lava=false, task_phase=, goal=none, task_progress=1.0, task=idle, mode=survival, air=300, food=17, path_idle=true, inv=minecraft:stone_axex1 minecraft:wooden_swordx1 minecraft:crafting_tablex1 minecraft:stickx2 minecraft:wooden_pickaxex1 minecraft:wooden_axex1 minecraft:cobblestonex8 minecraft:stone_pickaxex1 minecraft:eggx1 minecraft:stone_swordx1 minecraft:raw_ironx2, nearby=animals=0 hostiles=0, mining_idle=true, hp=11.5/20.0, on_ground=true, pos=539,69,163, fall=0.0, held=minecraft:cobblestonex8, task_state=COMPLETED}
[01:45:23] [Server thread/INFO]: [AIBot] ACTION event=capability_decision bot=Bob {allowed=false, profile=strict_survival, capability=HIDDEN_BLOCK_SCAN, context=diagnostic_nearby, reason=DENIED_STRICT_SURVIVAL}
[01:45:23] [Server thread/INFO]: [AIBot] ACTION event=diag_snapshot bot=Bob {submerged=false, light=0, step=, in_lava=false, task_phase=, goal=none, task_progress=1.0, task=idle, mode=survival, air=300, food=17, path_idle=true, inv=minecraft:stone_axex1 minecraft:wooden_swordx1 minecraft:crafting_tablex1 minecraft:stickx2 minecraft:wooden_pickaxex1 minecraft:wooden_axex1 minecraft:cobblestonex8 minecraft:stone_pickaxex1 minecraft:eggx1 minecraft:stone_swordx1 minecraft:raw_ironx2, nearby=animals=0 hostiles=0, mining_idle=true, hp=11.5/20.0, on_ground=true, pos=539,69,163, fall=0.0, held=minecraft:cobblestonex8, task_state=COMPLETED}
[01:45:24] [Server thread/INFO]: [AIBot] ACTION event=capability_decision bot=Bob {allowed=false, profile=strict_survival, capability=HIDDEN_BLOCK_SCAN, context=observable_block_query, reason=DENIED_STRICT_SURVIVAL}
[01:45:24] [Server thread/INFO]: [AIBot] ACTION event=capability_decision bot=Bob {allowed=false, profile=strict_survival, capability=HIDDEN_BLOCK_SCAN, context=perception_snapshot, reason=DENIED_STRICT_SURVIVAL}
[01:45:24] [Server thread/INFO]: [AIBot] ACTION event=capability_decision bot=Bob {allowed=false, profile=strict_survival, capability=HIDDEN_BLOCK_SCAN, context=observable_entity_query, reason=DENIED_STRICT_SURVIVAL}
[01:45:24] [Server thread/INFO]: [AIBot] ACTION event=capability_decision bot=Bob {allowed=false, profile=strict_survival, capability=EMERGENCY_TELEPORT, context=danger_dark_trap_surface, reason=DENIED_STRICT_SURVIVAL}
[01:45:25] [Server thread/INFO]: [AIBot] ACTION event=diag_snapshot bot=Bob {submerged=false, light=0, step=, in_lava=false, task_phase=, goal=none, task_progress=1.0, task=idle, mode=survival, air=300, food=17, path_idle=true, inv=minecraft:stone_axex1 minecraft:wooden_swordx1 minecraft:crafting_tablex1 minecraft:stickx2 minecraft:wooden_pickaxex1 minecraft:wooden_axex1 minecraft:cobblestonex8 minecraft:stone_pickaxex1 minecraft:eggx1 minecraft:stone_swordx1 minecraft:raw_ironx2, nearby=animals=0 hostiles=0, mining_idle=true, hp=11.5/20.0, on_ground=true, pos=539,69,163, fall=0.0, held=minecraft:cobblestonex8, task_state=COMPLETED}
[01:45:27] [Server thread/INFO]: [AIBot] ACTION event=diag_snapshot bot=Bob {submerged=false, light=0, step=, in_lava=false, task_phase=, goal=none, task_progress=1.0, task=idle, mode=survival, air=300, food=17, path_idle=true, inv=minecraft:stone_axex1 minecraft:wooden_swordx1 minecraft:crafting_tablex1 minecraft:stickx2 minecraft:wooden_pickaxex1 minecraft:wooden_axex1 minecraft:cobblestonex8 minecraft:stone_pickaxex1 minecraft:eggx1 minecraft:stone_swordx1 minecraft:raw_ironx2, nearby=animals=0 hostiles=0, mining_idle=true, hp=11.5/20.0, on_ground=true, pos=539,69,163, fall=0.0, held=minecraft:cobblestonex8, task_state=COMPLETED}
[01:45:29] [Server thread/INFO]: [AIBot] ACTION event=capability_decision bot=Bob {allowed=false, profile=strict_survival, capability=HIDDEN_BLOCK_SCAN, context=observable_block_query, reason=DENIED_STRICT_SURVIVAL}
[01:45:29] [Server thread/INFO]: [AIBot] ACTION event=capability_decision bot=Bob {allowed=false, profile=strict_survival, capability=HIDDEN_BLOCK_SCAN, context=perception_snapshot, reason=DENIED_STRICT_SURVIVAL}
[01:45:29] [Server thread/INFO]: [AIBot] ACTION event=capability_decision bot=Bob {allowed=false, profile=strict_survival, capability=HIDDEN_BLOCK_SCAN, context=diagnostic_nearby, reason=DENIED_STRICT_SURVIVAL}
[01:45:29] [Server thread/INFO]: [AIBot] ACTION event=diag_snapshot bot=Bob {submerged=false, light=0, step=, in_lava=false, task_phase=, goal=none, task_progress=1.0, task=idle, mode=survival, air=300, food=17, path_idle=true, inv=minecraft:stone_axex1 minecraft:wooden_swordx1 minecraft:crafting_tablex1 minecraft:stickx2 minecraft:wooden_pickaxex1 minecraft:wooden_axex1 minecraft:cobblestonex8 minecraft:stone_pickaxex1 minecraft:eggx1 minecraft:stone_swordx1 minecraft:raw_ironx2, nearby=animals=0 hostiles=0, mining_idle=true, hp=11.5/20.0, on_ground=true, pos=539,69,163, fall=0.0, held=minecraft:cobblestonex8, task_state=COMPLETED}
[01:45:29] [Server thread/INFO]: [AIBot] ACTION event=capability_decision bot=Bob {allowed=false, profile=strict_survival, capability=HIDDEN_BLOCK_SCAN, context=observable_entity_query, reason=DENIED_STRICT_SURVIVAL}
[01:45:31] [RCON Listener #1/INFO]: Thread RCON Client /127.0.0.1 started
[01:45:31] [Server thread/INFO]: [Rcon: Teleported Bob to 572.500000, 63.000000, 157.500000]
[01:45:31] [RCON Client /127.0.0.1 #6/INFO]: Thread RCON Client /127.0.0.1 shutting down
[01:45:31] [Server thread/INFO]: [AIBot] ACTION event=capability_decision bot=Bob {allowed=false, profile=strict_survival, capability=HIDDEN_BLOCK_SCAN, context=observable_cell_query, reason=DENIED_STRICT_SURVIVAL}
[01:45:31] [Server thread/INFO]: [AIBot] DANGER event=diag_y_drop bot=Bob {task=idle/, pos=572,63,157, to_y=63, from_y=69}
[01:45:31] [Server thread/WARN]: [AIBot] PERCEPTION event=snapshot_slow bot=Bob {elapsed_ms=17}
[01:45:31] [Server thread/INFO]: [AIBot] ACTION event=diag_snapshot bot=Bob {submerged=false, light=14, step=, in_lava=false, task_phase=, goal=none, task_progress=1.0, task=idle, mode=survival, air=300, food=17, path_idle=true, inv=minecraft:stone_axex1 minecraft:wooden_swordx1 minecraft:crafting_tablex1 minecraft:stickx2 minecraft:wooden_pickaxex1 minecraft:wooden_axex1 minecraft:cobblestonex8 minecraft:stone_pickaxex1 minecraft:eggx1 minecraft:stone_swordx1 minecraft:raw_ironx2, nearby=animals=0 hostiles=0, mining_idle=true, hp=11.5/20.0, on_ground=true, pos=572,62,157, fall=0.0, held=minecraft:cobblestonex8, task_state=COMPLETED}
[01:45:31] [Server thread/WARN]: [AIBot] PERCEPTION event=snapshot_slow bot=Bob {elapsed_ms=11}
[01:45:32] [Server thread/WARN]: [AIBot] PERCEPTION event=snapshot_slow bot=Bob {elapsed_ms=15}
[01:45:33] [Server thread/WARN]: [AIBot] PERCEPTION event=snapshot_slow bot=Bob {elapsed_ms=11}
[01:45:33] [Server thread/INFO]: [AIBot] ACTION event=diag_snapshot bot=Bob {submerged=false, light=14, step=, in_lava=false, task_phase=, goal=none, task_progress=1.0, task=idle, mode=survival, air=300, food=17, path_idle=true, inv=minecraft:stone_axex1 minecraft:wooden_swordx1 minecraft:crafting_tablex1 minecraft:stickx2 minecraft:wooden_pickaxex1 minecraft:wooden_axex1 minecraft:cobblestonex8 minecraft:stone_pickaxex1 minecraft:eggx1 minecraft:stone_swordx1 minecraft:raw_ironx2, nearby=animals=0 hostiles=0, mining_idle=true, hp=11.5/20.0, on_ground=true, pos=573,62,157, fall=0.0, held=minecraft:cobblestonex8, task_state=COMPLETED}
[01:45:33] [Server thread/WARN]: [AIBot] PERCEPTION event=snapshot_slow bot=Bob {elapsed_ms=11}
[01:45:34] [Server thread/INFO]: [AIBot] ACTION event=capability_decision bot=Bob {allowed=false, profile=strict_survival, capability=HIDDEN_BLOCK_SCAN, context=observable_block_query, reason=DENIED_STRICT_SURVIVAL}
[01:45:34] [Server thread/INFO]: [AIBot] ACTION event=capability_decision bot=Bob {allowed=false, profile=strict_survival, capability=HIDDEN_BLOCK_SCAN, context=perception_snapshot, reason=DENIED_STRICT_SURVIVAL}
[01:45:34] [Server thread/INFO]: [AIBot] ACTION event=capability_decision bot=Bob {allowed=false, profile=strict_survival, capability=HIDDEN_BLOCK_SCAN, context=observable_entity_query, reason=DENIED_STRICT_SURVIVAL}
[01:45:35] [Server thread/INFO]: [AIBot] ACTION event=capability_decision bot=Bob {allowed=false, profile=strict_survival, capability=HIDDEN_BLOCK_SCAN, context=diagnostic_nearby, reason=DENIED_STRICT_SURVIVAL}
[01:45:35] [Server thread/INFO]: [AIBot] ACTION event=diag_snapshot bot=Bob {submerged=false, light=14, step=, in_lava=false, task_phase=, goal=none, task_progress=1.0, task=idle, mode=survival, air=300, food=17, path_idle=true, inv=minecraft:stone_axex1 minecraft:wooden_swordx1 minecraft:crafting_tablex1 minecraft:stickx2 minecraft:wooden_pickaxex1 minecraft:wooden_axex1 minecraft:cobblestonex8 minecraft:stone_pickaxex1 minecraft:eggx1 minecraft:stone_swordx1 minecraft:raw_ironx2, nearby=animals=0 hostiles=0, mining_idle=true, hp=11.5/20.0, on_ground=true, pos=573,62,157, fall=0.0, held=minecraft:cobblestonex8, task_state=COMPLETED}
[01:45:36] [Server thread/INFO]: [AIBot] ACTION event=capability_decision bot=Bob {allowed=false, profile=strict_survival, capability=HIDDEN_BLOCK_SCAN, context=observable_cell_query, reason=DENIED_STRICT_SURVIVAL}
[01:45:37] [Server thread/WARN]: [AIBot] PERCEPTION event=snapshot_slow bot=Bob {elapsed_ms=13}
[01:45:37] [Server thread/INFO]: [AIBot] ACTION event=diag_snapshot bot=Bob {submerged=false, light=14, step=, in_lava=false, task_phase=, goal=none, task_progress=1.0, task=idle, mode=survival, air=300, food=17, path_idle=true, inv=minecraft:stone_axex1 minecraft:wooden_swordx1 minecraft:crafting_tablex1 minecraft:stickx2 minecraft:wooden_pickaxex1 minecraft:wooden_axex1 minecraft:cobblestonex8 minecraft:stone_pickaxex1 minecraft:eggx1 minecraft:stone_swordx1 minecraft:raw_ironx2, nearby=animals=0 hostiles=0, mining_idle=true, hp=11.5/20.0, on_ground=true, pos=573,62,157, fall=0.0, held=minecraft:cobblestonex8, task_state=COMPLETED}
[01:45:38] [Server thread/WARN]: [AIBot] PERCEPTION event=snapshot_slow bot=Bob {elapsed_ms=15}
[01:45:39] [Server thread/INFO]: [AIBot] LIFECYCLE event=mixin_alive bot=- {server_tick=4800}
[01:45:39] [Server thread/INFO]: [AIBot] ACTION event=capability_decision bot=Bob {allowed=false, profile=strict_survival, capability=HIDDEN_BLOCK_SCAN, context=observable_block_query, reason=DENIED_STRICT_SURVIVAL}
[01:45:39] [Server thread/INFO]: [AIBot] ACTION event=capability_decision bot=Bob {allowed=false, profile=strict_survival, capability=HIDDEN_BLOCK_SCAN, context=perception_snapshot, reason=DENIED_STRICT_SURVIVAL}
[01:45:39] [Server thread/INFO]: [AIBot] ACTION event=diag_snapshot bot=Bob {submerged=false, light=14, step=, in_lava=false, task_phase=, goal=none, task_progress=1.0, task=idle, mode=survival, air=300, food=17, path_idle=true, inv=minecraft:stone_axex1 minecraft:wooden_swordx1 minecraft:crafting_tablex1 minecraft:stickx2 minecraft:wooden_pickaxex1 minecraft:wooden_axex1 minecraft:cobblestonex8 minecraft:stone_pickaxex1 minecraft:eggx1 minecraft:stone_swordx1 minecraft:raw_ironx2, nearby=animals=0 hostiles=0, mining_idle=true, hp=11.5/20.0, on_ground=true, pos=573,62,157, fall=0.0, held=minecraft:cobblestonex8, task_state=COMPLETED}
[01:45:39] [Server thread/INFO]: [AIBot] ACTION event=capability_decision bot=Bob {allowed=false, profile=strict_survival, capability=HIDDEN_BLOCK_SCAN, context=observable_entity_query, reason=DENIED_STRICT_SURVIVAL}
[01:45:41] [Server thread/INFO]: [AIBot] ACTION event=capability_decision bot=Bob {allowed=false, profile=strict_survival, capability=HIDDEN_BLOCK_SCAN, context=observable_cell_query, reason=DENIED_STRICT_SURVIVAL}
[01:45:41] [Server thread/INFO]: [AIBot] ACTION event=capability_decision bot=Bob {allowed=false, profile=strict_survival, capability=HIDDEN_BLOCK_SCAN, context=diagnostic_nearby, reason=DENIED_STRICT_SURVIVAL}
[01:45:41] [Server thread/INFO]: [AIBot] ACTION event=diag_snapshot bot=Bob {submerged=false, light=14, step=, in_lava=false, task_phase=, goal=none, task_progress=1.0, task=idle, mode=survival, air=300, food=17, path_idle=true, inv=minecraft:stone_axex1 minecraft:wooden_swordx1 minecraft:crafting_tablex1 minecraft:stickx2 minecraft:wooden_pickaxex1 minecraft:wooden_axex1 minecraft:cobblestonex8 minecraft:stone_pickaxex1 minecraft:eggx1 minecraft:stone_swordx1 minecraft:raw_ironx2, nearby=animals=0 hostiles=0, mining_idle=true, hp=11.5/20.0, on_ground=true, pos=573,62,157, fall=0.0, held=minecraft:cobblestonex8, task_state=COMPLETED}
[01:45:41] [Server thread/WARN]: [AIBot] PERCEPTION event=snapshot_slow bot=Bob {elapsed_ms=15}
[01:45:42] [Server thread/WARN]: [AIBot] PERCEPTION event=snapshot_slow bot=Bob {elapsed_ms=12}
[01:45:43] [Server thread/INFO]: [AIBot] ACTION event=diag_snapshot bot=Bob {submerged=false, light=14, step=, in_lava=false, task_phase=, goal=none, task_progress=1.0, task=idle, mode=survival, air=300, food=17, path_idle=true, inv=minecraft:stone_axex1 minecraft:wooden_swordx1 minecraft:crafting_tablex1 minecraft:stickx2 minecraft:wooden_pickaxex1 minecraft:wooden_axex1 minecraft:cobblestonex8 minecraft:stone_pickaxex1 minecraft:eggx1 minecraft:stone_swordx1 minecraft:raw_ironx2, nearby=animals=0 hostiles=0, mining_idle=true, hp=11.5/20.0, on_ground=true, pos=573,62,157, fall=0.0, held=minecraft:cobblestonex8, task_state=COMPLETED}
[01:45:44] [Server thread/INFO]: [AIBot] ACTION event=capability_decision bot=Bob {allowed=false, profile=strict_survival, capability=HIDDEN_BLOCK_SCAN, context=observable_block_query, reason=DENIED_STRICT_SURVIVAL}
[01:45:44] [Server thread/INFO]: [AIBot] ACTION event=capability_decision bot=Bob {allowed=false, profile=strict_survival, capability=HIDDEN_BLOCK_SCAN, context=perception_snapshot, reason=DENIED_STRICT_SURVIVAL}
[01:45:44] [Server thread/INFO]: [AIBot] ACTION event=capability_decision bot=Bob {allowed=false, profile=strict_survival, capability=HIDDEN_BLOCK_SCAN, context=observable_entity_query, reason=DENIED_STRICT_SURVIVAL}
[01:45:45] [Server thread/INFO]: [AIBot] ACTION event=diag_snapshot bot=Bob {submerged=false, light=14, step=, in_lava=false, task_phase=, goal=none, task_progress=1.0, task=idle, mode=survival, air=300, food=17, path_idle=true, inv=minecraft:stone_axex1 minecraft:wooden_swordx1 minecraft:crafting_tablex1 minecraft:stickx2 minecraft:wooden_pickaxex1 minecraft:wooden_axex1 minecraft:cobblestonex8 minecraft:stone_pickaxex1 minecraft:eggx1 minecraft:stone_swordx1 minecraft:raw_ironx2, nearby=animals=0 hostiles=0, mining_idle=true, hp=11.5/20.0, on_ground=true, pos=573,62,157, fall=0.0, held=minecraft:cobblestonex8, task_state=COMPLETED}
[01:45:46] [Server thread/INFO]: [AIBot] ACTION event=capability_decision bot=Bob {allowed=false, profile=strict_survival, capability=HIDDEN_BLOCK_SCAN, context=observable_cell_query, reason=DENIED_STRICT_SURVIVAL}
[01:45:47] [Server thread/INFO]: [AIBot] ACTION event=capability_decision bot=Bob {allowed=false, profile=strict_survival, capability=HIDDEN_BLOCK_SCAN, context=diagnostic_nearby, reason=DENIED_STRICT_SURVIVAL}
[01:45:47] [Server thread/INFO]: [AIBot] ACTION event=diag_snapshot bot=Bob {submerged=false, light=14, step=, in_lava=false, task_phase=, goal=none, task_progress=1.0, task=idle, mode=survival, air=300, food=17, path_idle=true, inv=minecraft:stone_axex1 minecraft:wooden_swordx1 minecraft:crafting_tablex1 minecraft:stickx2 minecraft:wooden_pickaxex1 minecraft:wooden_axex1 minecraft:cobblestonex8 minecraft:stone_pickaxex1 minecraft:eggx1 minecraft:stone_swordx1 minecraft:raw_ironx2, nearby=animals=0 hostiles=0, mining_idle=true, hp=11.5/20.0, on_ground=true, pos=573,62,157, fall=0.0, held=minecraft:cobblestonex8, task_state=COMPLETED}
[01:45:49] [Server thread/INFO]: [AIBot] ACTION event=capability_decision bot=Bob {allowed=false, profile=strict_survival, capability=HIDDEN_BLOCK_SCAN, context=observable_block_query, reason=DENIED_STRICT_SURVIVAL}
[01:45:49] [Server thread/INFO]: [AIBot] ACTION event=capability_decision bot=Bob {allowed=false, profile=strict_survival, capability=HIDDEN_BLOCK_SCAN, context=perception_snapshot, reason=DENIED_STRICT_SURVIVAL}
[01:45:49] [Server thread/INFO]: [AIBot] ACTION event=diag_snapshot bot=Bob {submerged=false, light=14, step=, in_lava=false, task_phase=, goal=none, task_progress=1.0, task=idle, mode=survival, air=300, food=17, path_idle=true, inv=minecraft:stone_axex1 minecraft:wooden_swordx1 minecraft:crafting_tablex1 minecraft:stickx2 minecraft:wooden_pickaxex1 minecraft:wooden_axex1 minecraft:cobblestonex8 minecraft:stone_pickaxex1 minecraft:eggx1 minecraft:stone_swordx1 minecraft:raw_ironx2, nearby=animals=0 hostiles=0, mining_idle=true, hp=11.5/20.0, on_ground=true, pos=573,62,157, fall=0.0, held=minecraft:cobblestonex8, task_state=COMPLETED}
[01:45:49] [Server thread/INFO]: [AIBot] ACTION event=capability_decision bot=Bob {allowed=false, profile=strict_survival, capability=HIDDEN_BLOCK_SCAN, context=observable_entity_query, reason=DENIED_STRICT_SURVIVAL}
[01:45:50] [Server thread/WARN]: [AIBot] PERCEPTION event=snapshot_slow bot=Bob {elapsed_ms=17}
[01:45:51] [Server thread/INFO]: [AIBot] ACTION event=capability_decision bot=Bob {allowed=false, profile=strict_survival, capability=HIDDEN_BLOCK_SCAN, context=observable_cell_query, reason=DENIED_STRICT_SURVIVAL}
[01:45:51] [Server thread/INFO]: [AIBot] ACTION event=diag_snapshot bot=Bob {submerged=false, light=14, step=, in_lava=false, task_phase=, goal=none, task_progress=1.0, task=idle, mode=survival, air=300, food=17, path_idle=true, inv=minecraft:stone_axex1 minecraft:wooden_swordx1 minecraft:crafting_tablex1 minecraft:stickx2 minecraft:wooden_pickaxex1 minecraft:wooden_axex1 minecraft:cobblestonex8 minecraft:stone_pickaxex1 minecraft:eggx1 minecraft:stone_swordx1 minecraft:raw_ironx2, nearby=animals=0 hostiles=0, mining_idle=true, hp=11.5/20.0, on_ground=true, pos=573,62,157, fall=0.0, held=minecraft:cobblestonex8, task_state=COMPLETED}
[01:45:51] [Server thread/WARN]: [AIBot] PERCEPTION event=snapshot_slow bot=Bob {elapsed_ms=11}
[01:45:53] [Server thread/INFO]: [AIBot] ACTION event=capability_decision bot=Bob {allowed=false, profile=strict_survival, capability=HIDDEN_BLOCK_SCAN, context=diagnostic_nearby, reason=DENIED_STRICT_SURVIVAL}
[01:45:53] [Server thread/INFO]: [AIBot] ACTION event=diag_snapshot bot=Bob {submerged=false, light=14, step=, in_lava=false, task_phase=, goal=none, task_progress=1.0, task=idle, mode=survival, air=300, food=17, path_idle=true, inv=minecraft:stone_axex1 minecraft:wooden_swordx1 minecraft:crafting_tablex1 minecraft:stickx2 minecraft:wooden_pickaxex1 minecraft:wooden_axex1 minecraft:cobblestonex8 minecraft:stone_pickaxex1 minecraft:eggx1 minecraft:stone_swordx1 minecraft:raw_ironx2, nearby=animals=0 hostiles=0, mining_idle=true, hp=11.5/20.0, on_ground=true, pos=573,62,157, fall=0.0, held=minecraft:cobblestonex8, task_state=COMPLETED}
[01:45:54] [Server thread/INFO]: [AIBot] ACTION event=capability_decision bot=Bob {allowed=false, profile=strict_survival, capability=HIDDEN_BLOCK_SCAN, context=observable_block_query, reason=DENIED_STRICT_SURVIVAL}
[01:45:54] [Server thread/INFO]: [AIBot] ACTION event=capability_decision bot=Bob {allowed=false, profile=strict_survival, capability=HIDDEN_BLOCK_SCAN, context=perception_snapshot, reason=DENIED_STRICT_SURVIVAL}
[01:45:54] [Server thread/INFO]: [AIBot] ACTION event=capability_decision bot=Bob {allowed=false, profile=strict_survival, capability=HIDDEN_BLOCK_SCAN, context=observable_entity_query, reason=DENIED_STRICT_SURVIVAL}
[01:45:55] [Server thread/INFO]: [AIBot] ACTION event=diag_snapshot bot=Bob {submerged=false, light=14, step=, in_lava=false, task_phase=, goal=none, task_progress=1.0, task=idle, mode=survival, air=300, food=17, path_idle=true, inv=minecraft:stone_axex1 minecraft:wooden_swordx1 minecraft:crafting_tablex1 minecraft:stickx2 minecraft:wooden_pickaxex1 minecraft:wooden_axex1 minecraft:cobblestonex8 minecraft:stone_pickaxex1 minecraft:eggx1 minecraft:stone_swordx1 minecraft:raw_ironx2, nearby=animals=0 hostiles=0, mining_idle=true, hp=11.5/20.0, on_ground=true, pos=573,62,157, fall=0.0, held=minecraft:cobblestonex8, task_state=COMPLETED}
[01:45:56] [Server thread/INFO]: [AIBot] ACTION event=capability_decision bot=Bob {allowed=false, profile=strict_survival, capability=HIDDEN_BLOCK_SCAN, context=observable_cell_query, reason=DENIED_STRICT_SURVIVAL}
[01:45:57] [Server thread/INFO]: [AIBot] ACTION event=diag_snapshot bot=Bob {submerged=false, light=14, step=, in_lava=false, task_phase=, goal=none, task_progress=1.0, task=idle, mode=survival, air=300, food=17, path_idle=true, inv=minecraft:stone_axex1 minecraft:wooden_swordx1 minecraft:crafting_tablex1 minecraft:stickx2 minecraft:wooden_pickaxex1 minecraft:wooden_axex1 minecraft:cobblestonex8 minecraft:stone_pickaxex1 minecraft:eggx1 minecraft:stone_swordx1 minecraft:raw_ironx2, nearby=animals=0 hostiles=0, mining_idle=true, hp=11.5/20.0, on_ground=true, pos=573,62,157, fall=0.0, held=minecraft:cobblestonex8, task_state=COMPLETED}
[01:45:57] [Server thread/WARN]: [AIBot] PERCEPTION event=snapshot_slow bot=Bob {elapsed_ms=11}
[01:45:59] [Server thread/INFO]: [AIBot] ACTION event=capability_decision bot=Bob {allowed=false, profile=strict_survival, capability=HIDDEN_BLOCK_SCAN, context=observable_block_query, reason=DENIED_STRICT_SURVIVAL}
[01:45:59] [Server thread/INFO]: [AIBot] ACTION event=capability_decision bot=Bob {allowed=false, profile=strict_survival, capability=HIDDEN_BLOCK_SCAN, context=perception_snapshot, reason=DENIED_STRICT_SURVIVAL}
[01:45:59] [Server thread/INFO]: [AIBot] ACTION event=capability_decision bot=Bob {allowed=false, profile=strict_survival, capability=HIDDEN_BLOCK_SCAN, context=diagnostic_nearby, reason=DENIED_STRICT_SURVIVAL}
[01:45:59] [Server thread/INFO]: [AIBot] ACTION event=diag_snapshot bot=Bob {submerged=false, light=14, step=, in_lava=false, task_phase=, goal=none, task_progress=1.0, task=idle, mode=survival, air=300, food=17, path_idle=true, inv=minecraft:stone_axex1 minecraft:wooden_swordx1 minecraft:crafting_tablex1 minecraft:stickx2 minecraft:wooden_pickaxex1 minecraft:wooden_axex1 minecraft:cobblestonex8 minecraft:stone_pickaxex1 minecraft:eggx1 minecraft:stone_swordx1 minecraft:raw_ironx2, nearby=animals=0 hostiles=0, mining_idle=true, hp=11.5/20.0, on_ground=true, pos=573,62,157, fall=0.0, held=minecraft:cobblestonex8, task_state=COMPLETED}
[01:45:59] [Server thread/INFO]: [AIBot] ACTION event=capability_decision bot=Bob {allowed=false, profile=strict_survival, capability=HIDDEN_BLOCK_SCAN, context=observable_entity_query, reason=DENIED_STRICT_SURVIVAL}
[01:46:01] [Server thread/INFO]: [AIBot] ACTION event=capability_decision bot=Bob {allowed=false, profile=strict_survival, capability=HIDDEN_BLOCK_SCAN, context=observable_cell_query, reason=DENIED_STRICT_SURVIVAL}
[01:46:01] [Server thread/INFO]: [AIBot] ACTION event=diag_snapshot bot=Bob {submerged=false, light=14, step=, in_lava=false, task_phase=, goal=none, task_progress=1.0, task=idle, mode=survival, air=300, food=17, path_idle=true, inv=minecraft:stone_axex1 minecraft:wooden_swordx1 minecraft:crafting_tablex1 minecraft:stickx2 minecraft:wooden_pickaxex1 minecraft:wooden_axex1 minecraft:cobblestonex8 minecraft:stone_pickaxex1 minecraft:eggx1 minecraft:stone_swordx1 minecraft:raw_ironx2, nearby=animals=0 hostiles=0, mining_idle=true, hp=11.5/20.0, on_ground=true, pos=573,62,157, fall=0.0, held=minecraft:cobblestonex8, task_state=COMPLETED}
[01:46:03] [Server thread/WARN]: [AIBot] PERCEPTION event=snapshot_slow bot=Bob {elapsed_ms=11}
[01:46:03] [Server thread/INFO]: [AIBot] ACTION event=diag_snapshot bot=Bob {submerged=false, light=14, step=, in_lava=false, task_phase=, goal=none, task_progress=1.0, task=idle, mode=survival, air=300, food=17, path_idle=true, inv=minecraft:stone_axex1 minecraft:wooden_swordx1 minecraft:crafting_tablex1 minecraft:stickx2 minecraft:wooden_pickaxex1 minecraft:wooden_axex1 minecraft:cobblestonex8 minecraft:stone_pickaxex1 minecraft:eggx1 minecraft:stone_swordx1 minecraft:raw_ironx2, nearby=animals=0 hostiles=0, mining_idle=true, hp=11.5/20.0, on_ground=true, pos=573,62,157, fall=0.0, held=minecraft:cobblestonex8, task_state=COMPLETED}
[01:46:04] [Server thread/INFO]: [AIBot] ACTION event=capability_decision bot=Bob {allowed=false, profile=strict_survival, capability=HIDDEN_BLOCK_SCAN, context=observable_block_query, reason=DENIED_STRICT_SURVIVAL}
[01:46:04] [Server thread/INFO]: [AIBot] ACTION event=capability_decision bot=Bob {allowed=false, profile=strict_survival, capability=HIDDEN_BLOCK_SCAN, context=perception_snapshot, reason=DENIED_STRICT_SURVIVAL}
[01:46:04] [Server thread/INFO]: [AIBot] ACTION event=capability_decision bot=Bob {allowed=false, profile=strict_survival, capability=HIDDEN_BLOCK_SCAN, context=observable_entity_query, reason=DENIED_STRICT_SURVIVAL}
[01:46:05] [Server thread/INFO]: [AIBot] ACTION event=capability_decision bot=Bob {allowed=false, profile=strict_survival, capability=HIDDEN_BLOCK_SCAN, context=diagnostic_nearby, reason=DENIED_STRICT_SURVIVAL}
[01:46:05] [Server thread/INFO]: [AIBot] ACTION event=diag_snapshot bot=Bob {submerged=false, light=14, step=, in_lava=false, task_phase=, goal=none, task_progress=1.0, task=idle, mode=survival, air=300, food=17, path_idle=true, inv=minecraft:stone_axex1 minecraft:wooden_swordx1 minecraft:crafting_tablex1 minecraft:stickx2 minecraft:wooden_pickaxex1 minecraft:wooden_axex1 minecraft:cobblestonex8 minecraft:stone_pickaxex1 minecraft:eggx1 minecraft:stone_swordx1 minecraft:raw_ironx2, nearby=animals=0 hostiles=0, mining_idle=true, hp=11.5/20.0, on_ground=true, pos=573,62,157, fall=0.0, held=minecraft:cobblestonex8, task_state=COMPLETED}
[01:46:06] [Server thread/INFO]: [AIBot] ACTION event=capability_decision bot=Bob {allowed=false, profile=strict_survival, capability=HIDDEN_BLOCK_SCAN, context=observable_cell_query, reason=DENIED_STRICT_SURVIVAL}
[01:46:07] [Server thread/INFO]: [AIBot] ACTION event=diag_snapshot bot=Bob {submerged=false, light=14, step=, in_lava=false, task_phase=, goal=none, task_progress=1.0, task=idle, mode=survival, air=300, food=17, path_idle=true, inv=minecraft:stone_axex1 minecraft:wooden_swordx1 minecraft:crafting_tablex1 minecraft:stickx2 minecraft:wooden_pickaxex1 minecraft:wooden_axex1 minecraft:cobblestonex8 minecraft:stone_pickaxex1 minecraft:eggx1 minecraft:stone_swordx1 minecraft:raw_ironx2, nearby=animals=0 hostiles=0, mining_idle=true, hp=11.5/20.0, on_ground=true, pos=573,62,157, fall=0.0, held=minecraft:cobblestonex8, task_state=COMPLETED}
[01:46:09] [Server thread/INFO]: [AIBot] ACTION event=capability_decision bot=Bob {allowed=false, profile=strict_survival, capability=HIDDEN_BLOCK_SCAN, context=observable_block_query, reason=DENIED_STRICT_SURVIVAL}
[01:46:09] [Server thread/INFO]: [AIBot] ACTION event=capability_decision bot=Bob {allowed=false, profile=strict_survival, capability=HIDDEN_BLOCK_SCAN, context=perception_snapshot, reason=DENIED_STRICT_SURVIVAL}
[01:46:09] [Server thread/INFO]: [AIBot] ACTION event=diag_snapshot bot=Bob {submerged=false, light=14, step=, in_lava=false, task_phase=, goal=none, task_progress=1.0, task=idle, mode=survival, air=300, food=17, path_idle=true, inv=minecraft:stone_axex1 minecraft:wooden_swordx1 minecraft:crafting_tablex1 minecraft:stickx2 minecraft:wooden_pickaxex1 minecraft:wooden_axex1 minecraft:cobblestonex8 minecraft:stone_pickaxex1 minecraft:eggx1 minecraft:stone_swordx1 minecraft:raw_ironx2, nearby=animals=0 hostiles=0, mining_idle=true, hp=11.5/20.0, on_ground=true, pos=573,62,157, fall=0.0, held=minecraft:cobblestonex8, task_state=COMPLETED}
[01:46:09] [Server thread/INFO]: [AIBot] ACTION event=capability_decision bot=Bob {allowed=false, profile=strict_survival, capability=HIDDEN_BLOCK_SCAN, context=observable_entity_query, reason=DENIED_STRICT_SURVIVAL}
[01:46:11] [Server thread/INFO]: [AIBot] ACTION event=capability_decision bot=Bob {allowed=false, profile=strict_survival, capability=HIDDEN_BLOCK_SCAN, context=observable_cell_query, reason=DENIED_STRICT_SURVIVAL}
[01:46:11] [Server thread/INFO]: [AIBot] ACTION event=capability_decision bot=Bob {allowed=false, profile=strict_survival, capability=HIDDEN_BLOCK_SCAN, context=diagnostic_nearby, reason=DENIED_STRICT_SURVIVAL}
[01:46:11] [Server thread/INFO]: [AIBot] ACTION event=diag_snapshot bot=Bob {submerged=false, light=14, step=, in_lava=false, task_phase=, goal=none, task_progress=1.0, task=idle, mode=survival, air=300, food=17, path_idle=true, inv=minecraft:stone_axex1 minecraft:wooden_swordx1 minecraft:crafting_tablex1 minecraft:stickx2 minecraft:wooden_pickaxex1 minecraft:wooden_axex1 minecraft:cobblestonex8 minecraft:stone_pickaxex1 minecraft:eggx1 minecraft:stone_swordx1 minecraft:raw_ironx2, nearby=animals=0 hostiles=0, mining_idle=true, hp=11.5/20.0, on_ground=true, pos=573,62,157, fall=0.0, held=minecraft:cobblestonex8, task_state=COMPLETED}
[01:46:11] [Server thread/WARN]: [AIBot] PERCEPTION event=snapshot_slow bot=Bob {elapsed_ms=12}
[01:46:13] [Server thread/INFO]: [AIBot] ACTION event=diag_snapshot bot=Bob {submerged=false, light=14, step=, in_lava=false, task_phase=, goal=none, task_progress=1.0, task=idle, mode=survival, air=300, food=17, path_idle=true, inv=minecraft:stone_axex1 minecraft:wooden_swordx1 minecraft:crafting_tablex1 minecraft:stickx2 minecraft:wooden_pickaxex1 minecraft:wooden_axex1 minecraft:cobblestonex8 minecraft:stone_pickaxex1 minecraft:eggx1 minecraft:stone_swordx1 minecraft:raw_ironx2, nearby=animals=0 hostiles=0, mining_idle=true, hp=11.5/20.0, on_ground=true, pos=573,62,157, fall=0.0, held=minecraft:cobblestonex8, task_state=COMPLETED}
[01:46:13] [Server thread/WARN]: [AIBot] PERCEPTION event=snapshot_slow bot=Bob {elapsed_ms=12}
[01:46:14] [Server thread/INFO]: [AIBot] ACTION event=capability_decision bot=Bob {allowed=false, profile=strict_survival, capability=HIDDEN_BLOCK_SCAN, context=observable_block_query, reason=DENIED_STRICT_SURVIVAL}
[01:46:14] [Server thread/INFO]: [AIBot] ACTION event=capability_decision bot=Bob {allowed=false, profile=strict_survival, capability=HIDDEN_BLOCK_SCAN, context=perception_snapshot, reason=DENIED_STRICT_SURVIVAL}
[01:46:14] [Server thread/INFO]: [AIBot] ACTION event=capability_decision bot=Bob {allowed=false, profile=strict_survival, capability=HIDDEN_BLOCK_SCAN, context=observable_entity_query, reason=DENIED_STRICT_SURVIVAL}
[01:46:15] [Server thread/WARN]: [AIBot] PERCEPTION event=snapshot_slow bot=Bob {elapsed_ms=12}
[01:46:15] [Server thread/INFO]: [AIBot] ACTION event=diag_snapshot bot=Bob {submerged=false, light=14, step=, in_lava=false, task_phase=, goal=none, task_progress=1.0, task=idle, mode=survival, air=300, food=17, path_idle=true, inv=minecraft:stone_axex1 minecraft:wooden_swordx1 minecraft:crafting_tablex1 minecraft:stickx2 minecraft:wooden_pickaxex1 minecraft:wooden_axex1 minecraft:cobblestonex8 minecraft:stone_pickaxex1 minecraft:eggx1 minecraft:stone_swordx1 minecraft:raw_ironx2, nearby=animals=0 hostiles=0, mining_idle=true, hp=11.5/20.0, on_ground=true, pos=573,62,157, fall=0.0, held=minecraft:cobblestonex8, task_state=COMPLETED}
[01:46:16] [Server thread/INFO]: [AIBot] ACTION event=capability_decision bot=Bob {allowed=false, profile=strict_survival, capability=HIDDEN_BLOCK_SCAN, context=observable_cell_query, reason=DENIED_STRICT_SURVIVAL}
[01:46:17] [Server thread/INFO]: [AIBot] ACTION event=capability_decision bot=Bob {allowed=false, profile=strict_survival, capability=HIDDEN_BLOCK_SCAN, context=diagnostic_nearby, reason=DENIED_STRICT_SURVIVAL}
[01:46:17] [Server thread/INFO]: [AIBot] ACTION event=diag_snapshot bot=Bob {submerged=false, light=14, step=, in_lava=false, task_phase=, goal=none, task_progress=1.0, task=idle, mode=survival, air=300, food=17, path_idle=true, inv=minecraft:stone_axex1 minecraft:wooden_swordx1 minecraft:crafting_tablex1 minecraft:stickx2 minecraft:wooden_pickaxex1 minecraft:wooden_axex1 minecraft:cobblestonex8 minecraft:stone_pickaxex1 minecraft:eggx1 minecraft:stone_swordx1 minecraft:raw_ironx2, nearby=animals=0 hostiles=0, mining_idle=true, hp=11.5/20.0, on_ground=true, pos=573,62,157, fall=0.0, held=minecraft:cobblestonex8, task_state=COMPLETED}
[01:46:18] [Server thread/WARN]: [AIBot] PERCEPTION event=snapshot_slow bot=Bob {elapsed_ms=12}
[01:46:19] [Server thread/INFO]: [AIBot] ACTION event=capability_decision bot=Bob {allowed=false, profile=strict_survival, capability=HIDDEN_BLOCK_SCAN, context=observable_block_query, reason=DENIED_STRICT_SURVIVAL}
[01:46:19] [Server thread/INFO]: [AIBot] ACTION event=capability_decision bot=Bob {allowed=false, profile=strict_survival, capability=HIDDEN_BLOCK_SCAN, context=perception_snapshot, reason=DENIED_STRICT_SURVIVAL}
[01:46:19] [Server thread/WARN]: [AIBot] PERCEPTION event=snapshot_slow bot=Bob {elapsed_ms=16}
[01:46:19] [Server thread/INFO]: [AIBot] ACTION event=diag_snapshot bot=Bob {submerged=false, light=14, step=, in_lava=false, task_phase=, goal=none, task_progress=1.0, task=idle, mode=survival, air=300, food=17, path_idle=true, inv=minecraft:stone_axex1 minecraft:wooden_swordx1 minecraft:crafting_tablex1 minecraft:stickx2 minecraft:wooden_pickaxex1 minecraft:wooden_axex1 minecraft:cobblestonex8 minecraft:stone_pickaxex1 minecraft:eggx1 minecraft:stone_swordx1 minecraft:raw_ironx2, nearby=animals=0 hostiles=0, mining_idle=true, hp=11.5/20.0, on_ground=true, pos=573,62,157, fall=0.0, held=minecraft:cobblestonex8, task_state=COMPLETED}
[01:46:19] [Server thread/INFO]: [AIBot] ACTION event=capability_decision bot=Bob {allowed=false, profile=strict_survival, capability=HIDDEN_BLOCK_SCAN, context=observable_entity_query, reason=DENIED_STRICT_SURVIVAL}
[01:46:21] [Server thread/INFO]: [AIBot] ACTION event=capability_decision bot=Bob {allowed=false, profile=strict_survival, capability=HIDDEN_BLOCK_SCAN, context=observable_cell_query, reason=DENIED_STRICT_SURVIVAL}
[01:46:21] [Server thread/INFO]: [AIBot] ACTION event=diag_snapshot bot=Bob {submerged=false, light=14, step=, in_lava=false, task_phase=, goal=none, task_progress=1.0, task=idle, mode=survival, air=300, food=17, path_idle=true, inv=minecraft:stone_axex1 minecraft:wooden_swordx1 minecraft:crafting_tablex1 minecraft:stickx2 minecraft:wooden_pickaxex1 minecraft:wooden_axex1 minecraft:cobblestonex8 minecraft:stone_pickaxex1 minecraft:eggx1 minecraft:stone_swordx1 minecraft:raw_ironx2, nearby=animals=0 hostiles=0, mining_idle=true, hp=11.5/20.0, on_ground=true, pos=573,62,157, fall=0.0, held=minecraft:cobblestonex8, task_state=COMPLETED}
[01:46:22] [Server thread/WARN]: [AIBot] PERCEPTION event=snapshot_slow bot=Bob {elapsed_ms=12}
[01:46:23] [Server thread/INFO]: [AIBot] ACTION event=capability_decision bot=Bob {allowed=false, profile=strict_survival, capability=HIDDEN_BLOCK_SCAN, context=diagnostic_nearby, reason=DENIED_STRICT_SURVIVAL}
[01:46:23] [Server thread/INFO]: [AIBot] ACTION event=diag_snapshot bot=Bob {submerged=false, light=14, step=, in_lava=false, task_phase=, goal=none, task_progress=1.0, task=idle, mode=survival, air=300, food=17, path_idle=true, inv=minecraft:stone_axex1 minecraft:wooden_swordx1 minecraft:crafting_tablex1 minecraft:stickx2 minecraft:wooden_pickaxex1 minecraft:wooden_axex1 minecraft:cobblestonex8 minecraft:stone_pickaxex1 minecraft:eggx1 minecraft:stone_swordx1 minecraft:raw_ironx2, nearby=animals=0 hostiles=0, mining_idle=true, hp=11.5/20.0, on_ground=true, pos=573,62,157, fall=0.0, held=minecraft:cobblestonex8, task_state=COMPLETED}
[01:46:24] [Server thread/INFO]: [AIBot] ACTION event=capability_decision bot=Bob {allowed=false, profile=strict_survival, capability=HIDDEN_BLOCK_SCAN, context=observable_block_query, reason=DENIED_STRICT_SURVIVAL}
[01:46:24] [Server thread/INFO]: [AIBot] ACTION event=capability_decision bot=Bob {allowed=false, profile=strict_survival, capability=HIDDEN_BLOCK_SCAN, context=perception_snapshot, reason=DENIED_STRICT_SURVIVAL}
[01:46:24] [Server thread/WARN]: [AIBot] PERCEPTION event=snapshot_slow bot=Bob {elapsed_ms=12}
[01:46:24] [Server thread/INFO]: [AIBot] ACTION event=capability_decision bot=Bob {allowed=false, profile=strict_survival, capability=HIDDEN_BLOCK_SCAN, context=observable_entity_query, reason=DENIED_STRICT_SURVIVAL}
[01:46:25] [Server thread/INFO]: [AIBot] ACTION event=diag_snapshot bot=Bob {submerged=false, light=14, step=, in_lava=false, task_phase=, goal=none, task_progress=1.0, task=idle, mode=survival, air=300, food=17, path_idle=true, inv=minecraft:stone_axex1 minecraft:wooden_swordx1 minecraft:crafting_tablex1 minecraft:stickx2 minecraft:wooden_pickaxex1 minecraft:wooden_axex1 minecraft:cobblestonex8 minecraft:stone_pickaxex1 minecraft:eggx1 minecraft:stone_swordx1 minecraft:raw_ironx2, nearby=animals=0 hostiles=0, mining_idle=true, hp=11.5/20.0, on_ground=true, pos=573,62,157, fall=0.0, held=minecraft:cobblestonex8, task_state=COMPLETED}
[01:46:25] [Server thread/WARN]: [AIBot] PERCEPTION event=snapshot_slow bot=Bob {elapsed_ms=11}
[01:46:26] [Server thread/INFO]: [AIBot] ACTION event=capability_decision bot=Bob {allowed=false, profile=strict_survival, capability=HIDDEN_BLOCK_SCAN, context=observable_cell_query, reason=DENIED_STRICT_SURVIVAL}
[01:46:27] [Server thread/INFO]: [AIBot] ACTION event=diag_snapshot bot=Bob {submerged=false, light=14, step=, in_lava=false, task_phase=, goal=none, task_progress=1.0, task=idle, mode=survival, air=300, food=17, path_idle=true, inv=minecraft:stone_axex1 minecraft:wooden_swordx1 minecraft:crafting_tablex1 minecraft:stickx2 minecraft:wooden_pickaxex1 minecraft:wooden_axex1 minecraft:cobblestonex8 minecraft:stone_pickaxex1 minecraft:eggx1 minecraft:stone_swordx1 minecraft:raw_ironx2, nearby=animals=0 hostiles=0, mining_idle=true, hp=11.5/20.0, on_ground=true, pos=573,62,157, fall=0.0, held=minecraft:cobblestonex8, task_state=COMPLETED}
[01:46:27] [Server thread/WARN]: [AIBot] PERCEPTION event=snapshot_slow bot=Bob {elapsed_ms=11}
[01:46:29] [Server thread/INFO]: [AIBot] ACTION event=capability_decision bot=Bob {allowed=false, profile=strict_survival, capability=HIDDEN_BLOCK_SCAN, context=observable_block_query, reason=DENIED_STRICT_SURVIVAL}
[01:46:29] [Server thread/INFO]: [AIBot] ACTION event=capability_decision bot=Bob {allowed=false, profile=strict_survival, capability=HIDDEN_BLOCK_SCAN, context=perception_snapshot, reason=DENIED_STRICT_SURVIVAL}
[01:46:29] [Server thread/INFO]: [AIBot] ACTION event=capability_decision bot=Bob {allowed=false, profile=strict_survival, capability=HIDDEN_BLOCK_SCAN, context=diagnostic_nearby, reason=DENIED_STRICT_SURVIVAL}
[01:46:29] [Server thread/INFO]: [AIBot] ACTION event=diag_snapshot bot=Bob {submerged=false, light=14, step=, in_lava=false, task_phase=, goal=none, task_progress=1.0, task=idle, mode=survival, air=300, food=17, path_idle=true, inv=minecraft:stone_axex1 minecraft:wooden_swordx1 minecraft:crafting_tablex1 minecraft:stickx2 minecraft:wooden_pickaxex1 minecraft:wooden_axex1 minecraft:cobblestonex8 minecraft:stone_pickaxex1 minecraft:eggx1 minecraft:stone_swordx1 minecraft:raw_ironx2, nearby=animals=0 hostiles=0, mining_idle=true, hp=11.5/20.0, on_ground=true, pos=573,62,157, fall=0.0, held=minecraft:cobblestonex8, task_state=COMPLETED}
[01:46:29] [Server thread/INFO]: [AIBot] ACTION event=capability_decision bot=Bob {allowed=false, profile=strict_survival, capability=HIDDEN_BLOCK_SCAN, context=observable_entity_query, reason=DENIED_STRICT_SURVIVAL}
[01:46:31] [Server thread/INFO]: [AIBot] ACTION event=capability_decision bot=Bob {allowed=false, profile=strict_survival, capability=HIDDEN_BLOCK_SCAN, context=observable_cell_query, reason=DENIED_STRICT_SURVIVAL}
[01:46:31] [Server thread/INFO]: [AIBot] ACTION event=diag_snapshot bot=Bob {submerged=false, light=14, step=, in_lava=false, task_phase=, goal=none, task_progress=1.0, task=idle, mode=survival, air=300, food=17, path_idle=true, inv=minecraft:stone_axex1 minecraft:wooden_swordx1 minecraft:crafting_tablex1 minecraft:stickx2 minecraft:wooden_pickaxex1 minecraft:wooden_axex1 minecraft:cobblestonex8 minecraft:stone_pickaxex1 minecraft:eggx1 minecraft:stone_swordx1 minecraft:raw_ironx2, nearby=animals=0 hostiles=0, mining_idle=true, hp=11.5/20.0, on_ground=true, pos=573,62,157, fall=0.0, held=minecraft:cobblestonex8, task_state=COMPLETED}
[01:46:32] [Server thread/WARN]: [AIBot] PERCEPTION event=snapshot_slow bot=Bob {elapsed_ms=14}
[01:46:33] [Server thread/INFO]: [AIBot] ACTION event=diag_snapshot bot=Bob {submerged=false, light=14, step=, in_lava=false, task_phase=, goal=none, task_progress=1.0, task=idle, mode=survival, air=300, food=17, path_idle=true, inv=minecraft:stone_axex1 minecraft:wooden_swordx1 minecraft:crafting_tablex1 minecraft:stickx2 minecraft:wooden_pickaxex1 minecraft:wooden_axex1 minecraft:cobblestonex8 minecraft:stone_pickaxex1 minecraft:eggx1 minecraft:stone_swordx1 minecraft:raw_ironx2, nearby=animals=0 hostiles=0, mining_idle=true, hp=11.5/20.0, on_ground=true, pos=573,62,157, fall=0.0, held=minecraft:cobblestonex8, task_state=COMPLETED}
[01:46:34] [Server thread/INFO]: [AIBot] ACTION event=capability_decision bot=Bob {allowed=false, profile=strict_survival, capability=HIDDEN_BLOCK_SCAN, context=observable_block_query, reason=DENIED_STRICT_SURVIVAL}
[01:46:34] [Server thread/INFO]: [AIBot] ACTION event=capability_decision bot=Bob {allowed=false, profile=strict_survival, capability=HIDDEN_BLOCK_SCAN, context=perception_snapshot, reason=DENIED_STRICT_SURVIVAL}
[01:46:34] [Server thread/INFO]: [AIBot] ACTION event=capability_decision bot=Bob {allowed=false, profile=strict_survival, capability=HIDDEN_BLOCK_SCAN, context=observable_entity_query, reason=DENIED_STRICT_SURVIVAL}
[01:46:35] [Server thread/INFO]: [AIBot] ACTION event=capability_decision bot=Bob {allowed=false, profile=strict_survival, capability=HIDDEN_BLOCK_SCAN, context=diagnostic_nearby, reason=DENIED_STRICT_SURVIVAL}
[01:46:35] [Server thread/INFO]: [AIBot] ACTION event=diag_snapshot bot=Bob {submerged=false, light=14, step=, in_lava=false, task_phase=, goal=none, task_progress=1.0, task=idle, mode=survival, air=300, food=17, path_idle=true, inv=minecraft:stone_axex1 minecraft:wooden_swordx1 minecraft:crafting_tablex1 minecraft:stickx2 minecraft:wooden_pickaxex1 minecraft:wooden_axex1 minecraft:cobblestonex8 minecraft:stone_pickaxex1 minecraft:eggx1 minecraft:stone_swordx1 minecraft:raw_ironx2, nearby=animals=0 hostiles=0, mining_idle=true, hp=11.5/20.0, on_ground=true, pos=573,62,157, fall=0.0, held=minecraft:cobblestonex8, task_state=COMPLETED}
[01:46:36] [Server thread/INFO]: [AIBot] ACTION event=capability_decision bot=Bob {allowed=false, profile=strict_survival, capability=HIDDEN_BLOCK_SCAN, context=observable_cell_query, reason=DENIED_STRICT_SURVIVAL}
[01:46:37] [Server thread/INFO]: [AIBot] ACTION event=diag_snapshot bot=Bob {submerged=false, light=14, step=, in_lava=false, task_phase=, goal=none, task_progress=1.0, task=idle, mode=survival, air=300, food=17, path_idle=true, inv=minecraft:stone_axex1 minecraft:wooden_swordx1 minecraft:crafting_tablex1 minecraft:stickx2 minecraft:wooden_pickaxex1 minecraft:wooden_axex1 minecraft:cobblestonex8 minecraft:stone_pickaxex1 minecraft:eggx1 minecraft:stone_swordx1 minecraft:raw_ironx2, nearby=animals=0 hostiles=0, mining_idle=true, hp=11.5/20.0, on_ground=true, pos=573,62,157, fall=0.0, held=minecraft:cobblestonex8, task_state=COMPLETED}
[01:46:39] [Server thread/INFO]: [AIBot] LIFECYCLE event=mixin_alive bot=- {server_tick=6000}
[01:46:39] [Server thread/INFO]: [AIBot] ACTION event=capability_decision bot=Bob {allowed=false, profile=strict_survival, capability=HIDDEN_BLOCK_SCAN, context=observable_block_query, reason=DENIED_STRICT_SURVIVAL}
[01:46:39] [Server thread/INFO]: [AIBot] ACTION event=capability_decision bot=Bob {allowed=false, profile=strict_survival, capability=HIDDEN_BLOCK_SCAN, context=perception_snapshot, reason=DENIED_STRICT_SURVIVAL}
[01:46:39] [Server thread/WARN]: [AIBot] PERCEPTION event=snapshot_slow bot=Bob {elapsed_ms=17}
[01:46:39] [Server thread/INFO]: [AIBot] ACTION event=diag_snapshot bot=Bob {submerged=false, light=14, step=, in_lava=false, task_phase=, goal=none, task_progress=1.0, task=idle, mode=survival, air=300, food=17, path_idle=true, inv=minecraft:stone_axex1 minecraft:wooden_swordx1 minecraft:crafting_tablex1 minecraft:stickx2 minecraft:wooden_pickaxex1 minecraft:wooden_axex1 minecraft:cobblestonex8 minecraft:stone_pickaxex1 minecraft:eggx1 minecraft:stone_swordx1 minecraft:raw_ironx2, nearby=animals=0 hostiles=0, mining_idle=true, hp=11.5/20.0, on_ground=true, pos=573,62,157, fall=0.0, held=minecraft:cobblestonex8, task_state=COMPLETED}
[01:46:39] [Server thread/INFO]: [AIBot] ACTION event=capability_decision bot=Bob {allowed=false, profile=strict_survival, capability=HIDDEN_BLOCK_SCAN, context=observable_entity_query, reason=DENIED_STRICT_SURVIVAL}
[01:46:40] [AIBotPersistenceWriter/INFO]: [AIBot] LIFECYCLE event=runtime_persist_saved bot=- {bots=1, path=.\world_play\.\aibot\runtime.json, atomic_move=true, schema=1, jobs=0}
[01:46:41] [Server thread/INFO]: [AIBot] ACTION event=capability_decision bot=Bob {allowed=false, profile=strict_survival, capability=HIDDEN_BLOCK_SCAN, context=observable_cell_query, reason=DENIED_STRICT_SURVIVAL}
[01:46:41] [Server thread/INFO]: [AIBot] ACTION event=capability_decision bot=Bob {allowed=false, profile=strict_survival, capability=HIDDEN_BLOCK_SCAN, context=diagnostic_nearby, reason=DENIED_STRICT_SURVIVAL}
[01:46:41] [Server thread/INFO]: [AIBot] ACTION event=diag_snapshot bot=Bob {submerged=false, light=14, step=, in_lava=false, task_phase=, goal=none, task_progress=1.0, task=idle, mode=survival, air=300, food=17, path_idle=true, inv=minecraft:stone_axex1 minecraft:wooden_swordx1 minecraft:crafting_tablex1 minecraft:stickx2 minecraft:wooden_pickaxex1 minecraft:wooden_axex1 minecraft:cobblestonex8 minecraft:stone_pickaxex1 minecraft:eggx1 minecraft:stone_swordx1 minecraft:raw_ironx2, nearby=animals=0 hostiles=0, mining_idle=true, hp=11.5/20.0, on_ground=true, pos=573,62,157, fall=0.0, held=minecraft:cobblestonex8, task_state=COMPLETED}
[01:46:43] [Server thread/INFO]: [AIBot] ACTION event=diag_snapshot bot=Bob {submerged=false, light=14, step=, in_lava=false, task_phase=, goal=none, task_progress=1.0, task=idle, mode=survival, air=300, food=17, path_idle=true, inv=minecraft:stone_axex1 minecraft:wooden_swordx1 minecraft:crafting_tablex1 minecraft:stickx2 minecraft:wooden_pickaxex1 minecraft:wooden_axex1 minecraft:cobblestonex8 minecraft:stone_pickaxex1 minecraft:eggx1 minecraft:stone_swordx1 minecraft:raw_ironx2, nearby=animals=0 hostiles=0, mining_idle=true, hp=11.5/20.0, on_ground=true, pos=573,62,157, fall=0.0, held=minecraft:cobblestonex8, task_state=COMPLETED}
[01:46:44] [Server thread/INFO]: [AIBot] ACTION event=capability_decision bot=Bob {allowed=false, profile=strict_survival, capability=HIDDEN_BLOCK_SCAN, context=observable_block_query, reason=DENIED_STRICT_SURVIVAL}
[01:46:44] [Server thread/INFO]: [AIBot] ACTION event=capability_decision bot=Bob {allowed=false, profile=strict_survival, capability=HIDDEN_BLOCK_SCAN, context=perception_snapshot, reason=DENIED_STRICT_SURVIVAL}
[01:46:44] [Server thread/INFO]: [AIBot] ACTION event=capability_decision bot=Bob {allowed=false, profile=strict_survival, capability=HIDDEN_BLOCK_SCAN, context=observable_entity_query, reason=DENIED_STRICT_SURVIVAL}
[01:46:45] [Server thread/WARN]: [AIBot] PERCEPTION event=snapshot_slow bot=Bob {elapsed_ms=11}
[01:46:45] [Server thread/INFO]: [AIBot] ACTION event=diag_snapshot bot=Bob {submerged=false, light=14, step=, in_lava=false, task_phase=, goal=none, task_progress=1.0, task=idle, mode=survival, air=300, food=17, path_idle=true, inv=minecraft:stone_axex1 minecraft:wooden_swordx1 minecraft:crafting_tablex1 minecraft:stickx2 minecraft:wooden_pickaxex1 minecraft:wooden_axex1 minecraft:cobblestonex8 minecraft:stone_pickaxex1 minecraft:eggx1 minecraft:stone_swordx1 minecraft:raw_ironx2, nearby=animals=0 hostiles=0, mining_idle=true, hp=11.5/20.0, on_ground=true, pos=573,62,157, fall=0.0, held=minecraft:cobblestonex8, task_state=COMPLETED}
[01:46:45] [Server thread/WARN]: [AIBot] PERCEPTION event=snapshot_slow bot=Bob {elapsed_ms=12}
[01:46:46] [Server thread/INFO]: [AIBot] ACTION event=capability_decision bot=Bob {allowed=false, profile=strict_survival, capability=HIDDEN_BLOCK_SCAN, context=observable_cell_query, reason=DENIED_STRICT_SURVIVAL}
[01:46:47] [Server thread/INFO]: [AIBot] ACTION event=capability_decision bot=Bob {allowed=false, profile=strict_survival, capability=HIDDEN_BLOCK_SCAN, context=diagnostic_nearby, reason=DENIED_STRICT_SURVIVAL}
[01:46:47] [Server thread/INFO]: [AIBot] ACTION event=diag_snapshot bot=Bob {submerged=false, light=14, step=, in_lava=false, task_phase=, goal=none, task_progress=1.0, task=idle, mode=survival, air=300, food=17, path_idle=true, inv=minecraft:stone_axex1 minecraft:wooden_swordx1 minecraft:crafting_tablex1 minecraft:stickx2 minecraft:wooden_pickaxex1 minecraft:wooden_axex1 minecraft:cobblestonex8 minecraft:stone_pickaxex1 minecraft:eggx1 minecraft:stone_swordx1 minecraft:raw_ironx2, nearby=animals=0 hostiles=0, mining_idle=true, hp=11.5/20.0, on_ground=true, pos=573,62,157, fall=0.0, held=minecraft:cobblestonex8, task_state=COMPLETED}
[01:46:48] [Server thread/WARN]: [AIBot] PERCEPTION event=snapshot_slow bot=Bob {elapsed_ms=13}
[01:46:49] [Server thread/INFO]: [AIBot] ACTION event=capability_decision bot=Bob {allowed=false, profile=strict_survival, capability=HIDDEN_BLOCK_SCAN, context=observable_block_query, reason=DENIED_STRICT_SURVIVAL}
[01:46:49] [Server thread/INFO]: [AIBot] ACTION event=capability_decision bot=Bob {allowed=false, profile=strict_survival, capability=HIDDEN_BLOCK_SCAN, context=perception_snapshot, reason=DENIED_STRICT_SURVIVAL}
[01:46:49] [Server thread/INFO]: [AIBot] ACTION event=diag_snapshot bot=Bob {submerged=false, light=14, step=, in_lava=false, task_phase=, goal=none, task_progress=1.0, task=idle, mode=survival, air=300, food=17, path_idle=true, inv=minecraft:stone_axex1 minecraft:wooden_swordx1 minecraft:crafting_tablex1 minecraft:stickx2 minecraft:wooden_pickaxex1 minecraft:wooden_axex1 minecraft:cobblestonex8 minecraft:stone_pickaxex1 minecraft:eggx1 minecraft:stone_swordx1 minecraft:raw_ironx2, nearby=animals=0 hostiles=0, mining_idle=true, hp=11.5/20.0, on_ground=true, pos=573,62,157, fall=0.0, held=minecraft:cobblestonex8, task_state=COMPLETED}
[01:46:49] [Server thread/INFO]: [AIBot] ACTION event=capability_decision bot=Bob {allowed=false, profile=strict_survival, capability=HIDDEN_BLOCK_SCAN, context=observable_entity_query, reason=DENIED_STRICT_SURVIVAL}
[01:46:51] [Server thread/INFO]: [AIBot] ACTION event=capability_decision bot=Bob {allowed=false, profile=strict_survival, capability=HIDDEN_BLOCK_SCAN, context=observable_cell_query, reason=DENIED_STRICT_SURVIVAL}
[01:46:51] [Server thread/INFO]: [AIBot] ACTION event=diag_snapshot bot=Bob {submerged=false, light=14, step=, in_lava=false, task_phase=, goal=none, task_progress=1.0, task=idle, mode=survival, air=300, food=17, path_idle=true, inv=minecraft:stone_axex1 minecraft:wooden_swordx1 minecraft:crafting_tablex1 minecraft:stickx2 minecraft:wooden_pickaxex1 minecraft:wooden_axex1 minecraft:cobblestonex8 minecraft:stone_pickaxex1 minecraft:eggx1 minecraft:stone_swordx1 minecraft:raw_ironx2, nearby=animals=0 hostiles=0, mining_idle=true, hp=11.5/20.0, on_ground=true, pos=573,62,157, fall=0.0, held=minecraft:cobblestonex8, task_state=COMPLETED}
[01:46:52] [Server thread/WARN]: [AIBot] PERCEPTION event=snapshot_slow bot=Bob {elapsed_ms=15}
[01:46:53] [Server thread/INFO]: [AIBot] ACTION event=capability_decision bot=Bob {allowed=false, profile=strict_survival, capability=HIDDEN_BLOCK_SCAN, context=diagnostic_nearby, reason=DENIED_STRICT_SURVIVAL}
[01:46:53] [Server thread/INFO]: [AIBot] ACTION event=diag_snapshot bot=Bob {submerged=false, light=14, step=, in_lava=false, task_phase=, goal=none, task_progress=1.0, task=idle, mode=survival, air=300, food=17, path_idle=true, inv=minecraft:stone_axex1 minecraft:wooden_swordx1 minecraft:crafting_tablex1 minecraft:stickx2 minecraft:wooden_pickaxex1 minecraft:wooden_axex1 minecraft:cobblestonex8 minecraft:stone_pickaxex1 minecraft:eggx1 minecraft:stone_swordx1 minecraft:raw_ironx2, nearby=animals=0 hostiles=0, mining_idle=true, hp=11.5/20.0, on_ground=true, pos=573,62,157, fall=0.0, held=minecraft:cobblestonex8, task_state=COMPLETED}
[01:46:54] [Server thread/INFO]: [AIBot] ACTION event=capability_decision bot=Bob {allowed=false, profile=strict_survival, capability=HIDDEN_BLOCK_SCAN, context=observable_block_query, reason=DENIED_STRICT_SURVIVAL}
[01:46:54] [Server thread/INFO]: [AIBot] ACTION event=capability_decision bot=Bob {allowed=false, profile=strict_survival, capability=HIDDEN_BLOCK_SCAN, context=perception_snapshot, reason=DENIED_STRICT_SURVIVAL}
[01:46:54] [Server thread/INFO]: [AIBot] ACTION event=capability_decision bot=Bob {allowed=false, profile=strict_survival, capability=HIDDEN_BLOCK_SCAN, context=observable_entity_query, reason=DENIED_STRICT_SURVIVAL}
[01:46:55] [Server thread/INFO]: [AIBot] ACTION event=diag_snapshot bot=Bob {submerged=false, light=14, step=, in_lava=false, task_phase=, goal=none, task_progress=1.0, task=idle, mode=survival, air=300, food=17, path_idle=true, inv=minecraft:stone_axex1 minecraft:wooden_swordx1 minecraft:crafting_tablex1 minecraft:stickx2 minecraft:wooden_pickaxex1 minecraft:wooden_axex1 minecraft:cobblestonex8 minecraft:stone_pickaxex1 minecraft:eggx1 minecraft:stone_swordx1 minecraft:raw_ironx2, nearby=animals=0 hostiles=0, mining_idle=true, hp=11.5/20.0, on_ground=true, pos=573,62,157, fall=0.0, held=minecraft:cobblestonex8, task_state=COMPLETED}
[01:46:56] [Server thread/INFO]: [AIBot] ACTION event=capability_decision bot=Bob {allowed=false, profile=strict_survival, capability=HIDDEN_BLOCK_SCAN, context=observable_cell_query, reason=DENIED_STRICT_SURVIVAL}
[01:46:56] [Server thread/WARN]: [AIBot] PERCEPTION event=snapshot_slow bot=Bob {elapsed_ms=14}
[01:46:57] [Server thread/INFO]: [AIBot] ACTION event=diag_snapshot bot=Bob {submerged=false, light=14, step=, in_lava=false, task_phase=, goal=none, task_progress=1.0, task=idle, mode=survival, air=300, food=17, path_idle=true, inv=minecraft:stone_axex1 minecraft:wooden_swordx1 minecraft:crafting_tablex1 minecraft:stickx2 minecraft:wooden_pickaxex1 minecraft:wooden_axex1 minecraft:cobblestonex8 minecraft:stone_pickaxex1 minecraft:eggx1 minecraft:stone_swordx1 minecraft:raw_ironx2, nearby=animals=0 hostiles=0, mining_idle=true, hp=11.5/20.0, on_ground=true, pos=573,62,157, fall=0.0, held=minecraft:cobblestonex8, task_state=COMPLETED}
[01:46:59] [Server thread/INFO]: [AIBot] ACTION event=capability_decision bot=Bob {allowed=false, profile=strict_survival, capability=HIDDEN_BLOCK_SCAN, context=observable_block_query, reason=DENIED_STRICT_SURVIVAL}
[01:46:59] [Server thread/INFO]: [AIBot] ACTION event=capability_decision bot=Bob {allowed=false, profile=strict_survival, capability=HIDDEN_BLOCK_SCAN, context=perception_snapshot, reason=DENIED_STRICT_SURVIVAL}
[01:46:59] [Server thread/INFO]: [AIBot] ACTION event=capability_decision bot=Bob {allowed=false, profile=strict_survival, capability=HIDDEN_BLOCK_SCAN, context=diagnostic_nearby, reason=DENIED_STRICT_SURVIVAL}
[01:46:59] [Server thread/INFO]: [AIBot] ACTION event=diag_snapshot bot=Bob {submerged=false, light=14, step=, in_lava=false, task_phase=, goal=none, task_progress=1.0, task=idle, mode=survival, air=300, food=17, path_idle=true, inv=minecraft:stone_axex1 minecraft:wooden_swordx1 minecraft:crafting_tablex1 minecraft:stickx2 minecraft:wooden_pickaxex1 minecraft:wooden_axex1 minecraft:cobblestonex8 minecraft:stone_pickaxex1 minecraft:eggx1 minecraft:stone_swordx1 minecraft:raw_ironx2, nearby=animals=0 hostiles=0, mining_idle=true, hp=11.5/20.0, on_ground=true, pos=573,62,157, fall=0.0, held=minecraft:cobblestonex8, task_state=COMPLETED}
[01:46:59] [Server thread/INFO]: [AIBot] ACTION event=capability_decision bot=Bob {allowed=false, profile=strict_survival, capability=HIDDEN_BLOCK_SCAN, context=observable_entity_query, reason=DENIED_STRICT_SURVIVAL}
[01:47:01] [Server thread/INFO]: [AIBot] ACTION event=capability_decision bot=Bob {allowed=false, profile=strict_survival, capability=HIDDEN_BLOCK_SCAN, context=observable_cell_query, reason=DENIED_STRICT_SURVIVAL}
[01:47:01] [Server thread/WARN]: [AIBot] PERCEPTION event=snapshot_slow bot=Bob {elapsed_ms=11}
[01:47:01] [Server thread/INFO]: [AIBot] ACTION event=diag_snapshot bot=Bob {submerged=false, light=14, step=, in_lava=false, task_phase=, goal=none, task_progress=1.0, task=idle, mode=survival, air=300, food=17, path_idle=true, inv=minecraft:stone_axex1 minecraft:wooden_swordx1 minecraft:crafting_tablex1 minecraft:stickx2 minecraft:wooden_pickaxex1 minecraft:wooden_axex1 minecraft:cobblestonex8 minecraft:stone_pickaxex1 minecraft:eggx1 minecraft:stone_swordx1 minecraft:raw_ironx2, nearby=animals=0 hostiles=0, mining_idle=true, hp=11.5/20.0, on_ground=true, pos=573,62,157, fall=0.0, held=minecraft:cobblestonex8, task_state=COMPLETED}
[01:47:03] [Server thread/WARN]: [AIBot] PERCEPTION event=snapshot_slow bot=Bob {elapsed_ms=14}
[01:47:03] [Server thread/INFO]: [AIBot] ACTION event=diag_snapshot bot=Bob {submerged=false, light=14, step=, in_lava=false, task_phase=, goal=none, task_progress=1.0, task=idle, mode=survival, air=300, food=17, path_idle=true, inv=minecraft:stone_axex1 minecraft:wooden_swordx1 minecraft:crafting_tablex1 minecraft:stickx2 minecraft:wooden_pickaxex1 minecraft:wooden_axex1 minecraft:cobblestonex8 minecraft:stone_pickaxex1 minecraft:eggx1 minecraft:stone_swordx1 minecraft:raw_ironx2, nearby=animals=0 hostiles=0, mining_idle=true, hp=11.5/20.0, on_ground=true, pos=573,62,157, fall=0.0, held=minecraft:cobblestonex8, task_state=COMPLETED}
[01:47:04] [Server thread/INFO]: [AIBot] ACTION event=capability_decision bot=Bob {allowed=false, profile=strict_survival, capability=HIDDEN_BLOCK_SCAN, context=observable_block_query, reason=DENIED_STRICT_SURVIVAL}
[01:47:04] [Server thread/INFO]: [AIBot] ACTION event=capability_decision bot=Bob {allowed=false, profile=strict_survival, capability=HIDDEN_BLOCK_SCAN, context=perception_snapshot, reason=DENIED_STRICT_SURVIVAL}
[01:47:04] [Server thread/INFO]: [AIBot] ACTION event=capability_decision bot=Bob {allowed=false, profile=strict_survival, capability=HIDDEN_BLOCK_SCAN, context=observable_entity_query, reason=DENIED_STRICT_SURVIVAL}
[01:47:05] [Server thread/INFO]: [AIBot] ACTION event=capability_decision bot=Bob {allowed=false, profile=strict_survival, capability=HIDDEN_BLOCK_SCAN, context=diagnostic_nearby, reason=DENIED_STRICT_SURVIVAL}
[01:47:05] [Server thread/INFO]: [AIBot] ACTION event=diag_snapshot bot=Bob {submerged=false, light=14, step=, in_lava=false, task_phase=, goal=none, task_progress=1.0, task=idle, mode=survival, air=300, food=17, path_idle=true, inv=minecraft:stone_axex1 minecraft:wooden_swordx1 minecraft:crafting_tablex1 minecraft:stickx2 minecraft:wooden_pickaxex1 minecraft:wooden_axex1 minecraft:cobblestonex8 minecraft:stone_pickaxex1 minecraft:eggx1 minecraft:stone_swordx1 minecraft:raw_ironx2, nearby=animals=0 hostiles=0, mining_idle=true, hp=11.5/20.0, on_ground=true, pos=573,62,157, fall=0.0, held=minecraft:cobblestonex8, task_state=COMPLETED}
[01:47:06] [Server thread/INFO]: [AIBot] ACTION event=capability_decision bot=Bob {allowed=false, profile=strict_survival, capability=HIDDEN_BLOCK_SCAN, context=observable_cell_query, reason=DENIED_STRICT_SURVIVAL}
[01:47:07] [Server thread/INFO]: [AIBot] ACTION event=diag_snapshot bot=Bob {submerged=false, light=14, step=, in_lava=false, task_phase=, goal=none, task_progress=1.0, task=idle, mode=survival, air=300, food=17, path_idle=true, inv=minecraft:stone_axex1 minecraft:wooden_swordx1 minecraft:crafting_tablex1 minecraft:stickx2 minecraft:wooden_pickaxex1 minecraft:wooden_axex1 minecraft:cobblestonex8 minecraft:stone_pickaxex1 minecraft:eggx1 minecraft:stone_swordx1 minecraft:raw_ironx2, nearby=animals=0 hostiles=0, mining_idle=true, hp=11.5/20.0, on_ground=true, pos=573,62,157, fall=0.0, held=minecraft:cobblestonex8, task_state=COMPLETED}
[01:47:09] [Server thread/INFO]: [AIBot] ACTION event=capability_decision bot=Bob {allowed=false, profile=strict_survival, capability=HIDDEN_BLOCK_SCAN, context=observable_block_query, reason=DENIED_STRICT_SURVIVAL}
[01:47:09] [Server thread/INFO]: [AIBot] ACTION event=capability_decision bot=Bob {allowed=false, profile=strict_survival, capability=HIDDEN_BLOCK_SCAN, context=perception_snapshot, reason=DENIED_STRICT_SURVIVAL}
[01:47:09] [Server thread/INFO]: [AIBot] ACTION event=diag_snapshot bot=Bob {submerged=false, light=14, step=, in_lava=false, task_phase=, goal=none, task_progress=1.0, task=idle, mode=survival, air=300, food=17, path_idle=true, inv=minecraft:stone_axex1 minecraft:wooden_swordx1 minecraft:crafting_tablex1 minecraft:stickx2 minecraft:wooden_pickaxex1 minecraft:wooden_axex1 minecraft:cobblestonex8 minecraft:stone_pickaxex1 minecraft:eggx1 minecraft:stone_swordx1 minecraft:raw_ironx2, nearby=animals=0 hostiles=0, mining_idle=true, hp=11.5/20.0, on_ground=true, pos=573,62,157, fall=0.0, held=minecraft:cobblestonex8, task_state=COMPLETED}
[01:47:09] [Server thread/INFO]: [AIBot] ACTION event=capability_decision bot=Bob {allowed=false, profile=strict_survival, capability=HIDDEN_BLOCK_SCAN, context=observable_entity_query, reason=DENIED_STRICT_SURVIVAL}
[01:47:10] [Server thread/WARN]: [AIBot] PERCEPTION event=snapshot_slow bot=Bob {elapsed_ms=16}
[01:47:11] [Server thread/INFO]: [AIBot] ACTION event=capability_decision bot=Bob {allowed=false, profile=strict_survival, capability=HIDDEN_BLOCK_SCAN, context=observable_cell_query, reason=DENIED_STRICT_SURVIVAL}
[01:47:11] [Server thread/INFO]: [AIBot] ACTION event=capability_decision bot=Bob {allowed=false, profile=strict_survival, capability=HIDDEN_BLOCK_SCAN, context=diagnostic_nearby, reason=DENIED_STRICT_SURVIVAL}
[01:47:11] [Server thread/INFO]: [AIBot] ACTION event=diag_snapshot bot=Bob {submerged=false, light=14, step=, in_lava=false, task_phase=, goal=none, task_progress=1.0, task=idle, mode=survival, air=300, food=17, path_idle=true, inv=minecraft:stone_axex1 minecraft:wooden_swordx1 minecraft:crafting_tablex1 minecraft:stickx2 minecraft:wooden_pickaxex1 minecraft:wooden_axex1 minecraft:cobblestonex8 minecraft:stone_pickaxex1 minecraft:eggx1 minecraft:stone_swordx1 minecraft:raw_ironx2, nearby=animals=0 hostiles=0, mining_idle=true, hp=11.5/20.0, on_ground=true, pos=573,62,157, fall=0.0, held=minecraft:cobblestonex8, task_state=COMPLETED}
[01:47:13] [Server thread/WARN]: [AIBot] PERCEPTION event=snapshot_slow bot=Bob {elapsed_ms=11}
[01:47:13] [Server thread/INFO]: [AIBot] ACTION event=diag_snapshot bot=Bob {submerged=false, light=14, step=, in_lava=false, task_phase=, goal=none, task_progress=1.0, task=idle, mode=survival, air=300, food=17, path_idle=true, inv=minecraft:stone_axex1 minecraft:wooden_swordx1 minecraft:crafting_tablex1 minecraft:stickx2 minecraft:wooden_pickaxex1 minecraft:wooden_axex1 minecraft:cobblestonex8 minecraft:stone_pickaxex1 minecraft:eggx1 minecraft:stone_swordx1 minecraft:raw_ironx2, nearby=animals=0 hostiles=0, mining_idle=true, hp=11.5/20.0, on_ground=true, pos=573,62,157, fall=0.0, held=minecraft:cobblestonex8, task_state=COMPLETED}
[01:47:14] [Server thread/INFO]: [AIBot] ACTION event=capability_decision bot=Bob {allowed=false, profile=strict_survival, capability=HIDDEN_BLOCK_SCAN, context=observable_block_query, reason=DENIED_STRICT_SURVIVAL}
[01:47:14] [Server thread/INFO]: [AIBot] ACTION event=capability_decision bot=Bob {allowed=false, profile=strict_survival, capability=HIDDEN_BLOCK_SCAN, context=perception_snapshot, reason=DENIED_STRICT_SURVIVAL}
[01:47:14] [Server thread/INFO]: [AIBot] ACTION event=capability_decision bot=Bob {allowed=false, profile=strict_survival, capability=HIDDEN_BLOCK_SCAN, context=observable_entity_query, reason=DENIED_STRICT_SURVIVAL}
[01:47:15] [Server thread/INFO]: [AIBot] ACTION event=diag_snapshot bot=Bob {submerged=false, light=14, step=, in_lava=false, task_phase=, goal=none, task_progress=1.0, task=idle, mode=survival, air=300, food=17, path_idle=true, inv=minecraft:stone_axex1 minecraft:wooden_swordx1 minecraft:crafting_tablex1 minecraft:stickx2 minecraft:wooden_pickaxex1 minecraft:wooden_axex1 minecraft:cobblestonex8 minecraft:stone_pickaxex1 minecraft:eggx1 minecraft:stone_swordx1 minecraft:raw_ironx2, nearby=animals=0 hostiles=0, mining_idle=true, hp=11.5/20.0, on_ground=true, pos=573,62,157, fall=0.0, held=minecraft:cobblestonex8, task_state=COMPLETED}
[01:47:16] [Server thread/INFO]: [AIBot] ACTION event=capability_decision bot=Bob {allowed=false, profile=strict_survival, capability=HIDDEN_BLOCK_SCAN, context=observable_cell_query, reason=DENIED_STRICT_SURVIVAL}
[01:47:17] [Server thread/INFO]: [AIBot] ACTION event=capability_decision bot=Bob {allowed=false, profile=strict_survival, capability=HIDDEN_BLOCK_SCAN, context=diagnostic_nearby, reason=DENIED_STRICT_SURVIVAL}
[01:47:17] [Server thread/INFO]: [AIBot] ACTION event=diag_snapshot bot=Bob {submerged=false, light=14, step=, in_lava=false, task_phase=, goal=none, task_progress=1.0, task=idle, mode=survival, air=300, food=17, path_idle=true, inv=minecraft:stone_axex1 minecraft:wooden_swordx1 minecraft:crafting_tablex1 minecraft:stickx2 minecraft:wooden_pickaxex1 minecraft:wooden_axex1 minecraft:cobblestonex8 minecraft:stone_pickaxex1 minecraft:eggx1 minecraft:stone_swordx1 minecraft:raw_ironx2, nearby=animals=0 hostiles=0, mining_idle=true, hp=11.5/20.0, on_ground=true, pos=573,62,157, fall=0.0, held=minecraft:cobblestonex8, task_state=COMPLETED}
[01:47:19] [Server thread/INFO]: [AIBot] ACTION event=capability_decision bot=Bob {allowed=false, profile=strict_survival, capability=HIDDEN_BLOCK_SCAN, context=observable_block_query, reason=DENIED_STRICT_SURVIVAL}
[01:47:19] [Server thread/INFO]: [AIBot] ACTION event=capability_decision bot=Bob {allowed=false, profile=strict_survival, capability=HIDDEN_BLOCK_SCAN, context=perception_snapshot, reason=DENIED_STRICT_SURVIVAL}
[01:47:19] [Server thread/INFO]: [AIBot] ACTION event=diag_snapshot bot=Bob {submerged=false, light=14, step=, in_lava=false, task_phase=, goal=none, task_progress=1.0, task=idle, mode=survival, air=300, food=17, path_idle=true, inv=minecraft:stone_axex1 minecraft:wooden_swordx1 minecraft:crafting_tablex1 minecraft:stickx2 minecraft:wooden_pickaxex1 minecraft:wooden_axex1 minecraft:cobblestonex8 minecraft:stone_pickaxex1 minecraft:eggx1 minecraft:stone_swordx1 minecraft:raw_ironx2, nearby=animals=0 hostiles=0, mining_idle=true, hp=11.5/20.0, on_ground=true, pos=573,62,157, fall=0.0, held=minecraft:cobblestonex8, task_state=COMPLETED}
[01:47:19] [Server thread/INFO]: [AIBot] ACTION event=capability_decision bot=Bob {allowed=false, profile=strict_survival, capability=HIDDEN_BLOCK_SCAN, context=observable_entity_query, reason=DENIED_STRICT_SURVIVAL}
[01:47:19] [Server thread/WARN]: [AIBot] PERCEPTION event=snapshot_slow bot=Bob {elapsed_ms=11}
[01:47:21] [Server thread/INFO]: [AIBot] ACTION event=capability_decision bot=Bob {allowed=false, profile=strict_survival, capability=HIDDEN_BLOCK_SCAN, context=observable_cell_query, reason=DENIED_STRICT_SURVIVAL}
[01:47:21] [Server thread/INFO]: [AIBot] ACTION event=diag_snapshot bot=Bob {submerged=false, light=14, step=, in_lava=false, task_phase=, goal=none, task_progress=1.0, task=idle, mode=survival, air=300, food=17, path_idle=true, inv=minecraft:stone_axex1 minecraft:wooden_swordx1 minecraft:crafting_tablex1 minecraft:stickx2 minecraft:wooden_pickaxex1 minecraft:wooden_axex1 minecraft:cobblestonex8 minecraft:stone_pickaxex1 minecraft:eggx1 minecraft:stone_swordx1 minecraft:raw_ironx2, nearby=animals=0 hostiles=0, mining_idle=true, hp=11.5/20.0, on_ground=true, pos=573,62,157, fall=0.0, held=minecraft:cobblestonex8, task_state=COMPLETED}
[01:47:22] [Server thread/WARN]: [AIBot] PERCEPTION event=snapshot_slow bot=Bob {elapsed_ms=11}
[01:47:23] [Server thread/WARN]: [AIBot] PERCEPTION event=snapshot_slow bot=Bob {elapsed_ms=11}
[01:47:23] [Server thread/INFO]: [AIBot] ACTION event=capability_decision bot=Bob {allowed=false, profile=strict_survival, capability=HIDDEN_BLOCK_SCAN, context=diagnostic_nearby, reason=DENIED_STRICT_SURVIVAL}
[01:47:23] [Server thread/INFO]: [AIBot] ACTION event=diag_snapshot bot=Bob {submerged=false, light=14, step=, in_lava=false, task_phase=, goal=none, task_progress=1.0, task=idle, mode=survival, air=300, food=17, path_idle=true, inv=minecraft:stone_axex1 minecraft:wooden_swordx1 minecraft:crafting_tablex1 minecraft:stickx2 minecraft:wooden_pickaxex1 minecraft:wooden_axex1 minecraft:cobblestonex8 minecraft:stone_pickaxex1 minecraft:eggx1 minecraft:stone_swordx1 minecraft:raw_ironx2, nearby=animals=0 hostiles=0, mining_idle=true, hp=11.5/20.0, on_ground=true, pos=573,62,157, fall=0.0, held=minecraft:cobblestonex8, task_state=COMPLETED}
[01:47:24] [Server thread/INFO]: [AIBot] ACTION event=capability_decision bot=Bob {allowed=false, profile=strict_survival, capability=HIDDEN_BLOCK_SCAN, context=observable_block_query, reason=DENIED_STRICT_SURVIVAL}
[01:47:24] [Server thread/INFO]: [AIBot] ACTION event=capability_decision bot=Bob {allowed=false, profile=strict_survival, capability=HIDDEN_BLOCK_SCAN, context=perception_snapshot, reason=DENIED_STRICT_SURVIVAL}
[01:47:24] [Server thread/WARN]: [AIBot] PERCEPTION event=snapshot_slow bot=Bob {elapsed_ms=16}
[01:47:24] [Server thread/INFO]: [AIBot] ACTION event=capability_decision bot=Bob {allowed=false, profile=strict_survival, capability=HIDDEN_BLOCK_SCAN, context=observable_entity_query, reason=DENIED_STRICT_SURVIVAL}
[01:47:25] [Server thread/INFO]: [AIBot] ACTION event=diag_snapshot bot=Bob {submerged=false, light=14, step=, in_lava=false, task_phase=, goal=none, task_progress=1.0, task=idle, mode=survival, air=300, food=17, path_idle=true, inv=minecraft:stone_axex1 minecraft:wooden_swordx1 minecraft:crafting_tablex1 minecraft:stickx2 minecraft:wooden_pickaxex1 minecraft:wooden_axex1 minecraft:cobblestonex8 minecraft:stone_pickaxex1 minecraft:eggx1 minecraft:stone_swordx1 minecraft:raw_ironx2, nearby=animals=0 hostiles=0, mining_idle=true, hp=11.5/20.0, on_ground=true, pos=573,62,157, fall=0.0, held=minecraft:cobblestonex8, task_state=COMPLETED}
[01:47:26] [Server thread/INFO]: [AIBot] ACTION event=capability_decision bot=Bob {allowed=false, profile=strict_survival, capability=HIDDEN_BLOCK_SCAN, context=observable_cell_query, reason=DENIED_STRICT_SURVIVAL}
[01:47:27] [Server thread/INFO]: [AIBot] ACTION event=diag_snapshot bot=Bob {submerged=false, light=14, step=, in_lava=false, task_phase=, goal=none, task_progress=1.0, task=idle, mode=survival, air=300, food=17, path_idle=true, inv=minecraft:stone_axex1 minecraft:wooden_swordx1 minecraft:crafting_tablex1 minecraft:stickx2 minecraft:wooden_pickaxex1 minecraft:wooden_axex1 minecraft:cobblestonex8 minecraft:stone_pickaxex1 minecraft:eggx1 minecraft:stone_swordx1 minecraft:raw_ironx2, nearby=animals=1(squid@15) hostiles=0, mining_idle=true, hp=11.5/20.0, on_ground=true, pos=573,62,157, fall=0.0, held=minecraft:cobblestonex8, task_state=COMPLETED}
[01:47:29] [Server thread/INFO]: [AIBot] ACTION event=capability_decision bot=Bob {allowed=false, profile=strict_survival, capability=HIDDEN_BLOCK_SCAN, context=observable_block_query, reason=DENIED_STRICT_SURVIVAL}
[01:47:29] [Server thread/INFO]: [AIBot] ACTION event=capability_decision bot=Bob {allowed=false, profile=strict_survival, capability=HIDDEN_BLOCK_SCAN, context=perception_snapshot, reason=DENIED_STRICT_SURVIVAL}
[01:47:29] [Server thread/INFO]: [AIBot] ACTION event=capability_decision bot=Bob {allowed=false, profile=strict_survival, capability=HIDDEN_BLOCK_SCAN, context=diagnostic_nearby, reason=DENIED_STRICT_SURVIVAL}
[01:47:29] [Server thread/INFO]: [AIBot] ACTION event=diag_snapshot bot=Bob {submerged=false, light=14, step=, in_lava=false, task_phase=, goal=none, task_progress=1.0, task=idle, mode=survival, air=300, food=17, path_idle=true, inv=minecraft:stone_axex1 minecraft:wooden_swordx1 minecraft:crafting_tablex1 minecraft:stickx2 minecraft:wooden_pickaxex1 minecraft:wooden_axex1 minecraft:cobblestonex8 minecraft:stone_pickaxex1 minecraft:eggx1 minecraft:stone_swordx1 minecraft:raw_ironx2, nearby=animals=1(squid@14) hostiles=0, mining_idle=true, hp=11.5/20.0, on_ground=true, pos=573,62,157, fall=0.0, held=minecraft:cobblestonex8, task_state=COMPLETED}
[01:47:29] [Server thread/INFO]: [AIBot] ACTION event=capability_decision bot=Bob {allowed=false, profile=strict_survival, capability=HIDDEN_BLOCK_SCAN, context=observable_entity_query, reason=DENIED_STRICT_SURVIVAL}
[01:47:31] [Server thread/INFO]: [AIBot] ACTION event=capability_decision bot=Bob {allowed=false, profile=strict_survival, capability=HIDDEN_BLOCK_SCAN, context=observable_cell_query, reason=DENIED_STRICT_SURVIVAL}
[01:47:31] [Server thread/WARN]: [AIBot] PERCEPTION event=snapshot_slow bot=Bob {elapsed_ms=14}
[01:47:31] [Server thread/INFO]: [AIBot] ACTION event=diag_snapshot bot=Bob {submerged=false, light=14, step=, in_lava=false, task_phase=, goal=none, task_progress=1.0, task=idle, mode=survival, air=300, food=17, path_idle=true, inv=minecraft:stone_axex1 minecraft:wooden_swordx1 minecraft:crafting_tablex1 minecraft:stickx2 minecraft:wooden_pickaxex1 minecraft:wooden_axex1 minecraft:cobblestonex8 minecraft:stone_pickaxex1 minecraft:eggx1 minecraft:stone_swordx1 minecraft:raw_ironx2, nearby=animals=1(squid@15) hostiles=0, mining_idle=true, hp=11.5/20.0, on_ground=true, pos=573,62,157, fall=0.0, held=minecraft:cobblestonex8, task_state=COMPLETED}
[01:47:33] [Server thread/WARN]: [AIBot] PERCEPTION event=snapshot_slow bot=Bob {elapsed_ms=12}
[01:47:33] [Server thread/INFO]: [AIBot] ACTION event=diag_snapshot bot=Bob {submerged=false, light=14, step=, in_lava=false, task_phase=, goal=none, task_progress=1.0, task=idle, mode=survival, air=300, food=17, path_idle=true, inv=minecraft:stone_axex1 minecraft:wooden_swordx1 minecraft:crafting_tablex1 minecraft:stickx2 minecraft:wooden_pickaxex1 minecraft:wooden_axex1 minecraft:cobblestonex8 minecraft:stone_pickaxex1 minecraft:eggx1 minecraft:stone_swordx1 minecraft:raw_ironx2, nearby=animals=1(squid@15) hostiles=0, mining_idle=true, hp=11.5/20.0, on_ground=true, pos=573,62,157, fall=0.0, held=minecraft:cobblestonex8, task_state=COMPLETED}
[01:47:34] [Server thread/INFO]: [AIBot] ACTION event=capability_decision bot=Bob {allowed=false, profile=strict_survival, capability=HIDDEN_BLOCK_SCAN, context=observable_block_query, reason=DENIED_STRICT_SURVIVAL}
[01:47:34] [Server thread/INFO]: [AIBot] ACTION event=capability_decision bot=Bob {allowed=false, profile=strict_survival, capability=HIDDEN_BLOCK_SCAN, context=perception_snapshot, reason=DENIED_STRICT_SURVIVAL}
[01:47:34] [Server thread/INFO]: [AIBot] ACTION event=capability_decision bot=Bob {allowed=false, profile=strict_survival, capability=HIDDEN_BLOCK_SCAN, context=observable_entity_query, reason=DENIED_STRICT_SURVIVAL}
[01:47:34] [Server thread/WARN]: [AIBot] PERCEPTION event=snapshot_slow bot=Bob {elapsed_ms=15}
[01:47:35] [Server thread/INFO]: [AIBot] ACTION event=capability_decision bot=Bob {allowed=false, profile=strict_survival, capability=HIDDEN_BLOCK_SCAN, context=diagnostic_nearby, reason=DENIED_STRICT_SURVIVAL}
[01:47:35] [Server thread/INFO]: [AIBot] ACTION event=diag_snapshot bot=Bob {submerged=false, light=14, step=, in_lava=false, task_phase=, goal=none, task_progress=1.0, task=idle, mode=survival, air=300, food=17, path_idle=true, inv=minecraft:stone_axex1 minecraft:wooden_swordx1 minecraft:crafting_tablex1 minecraft:stickx2 minecraft:wooden_pickaxex1 minecraft:wooden_axex1 minecraft:cobblestonex8 minecraft:stone_pickaxex1 minecraft:eggx1 minecraft:stone_swordx1 minecraft:raw_ironx2, nearby=animals=1(squid@13) hostiles=0, mining_idle=true, hp=11.5/20.0, on_ground=true, pos=573,62,157, fall=0.0, held=minecraft:cobblestonex8, task_state=COMPLETED}
[01:47:36] [Server thread/INFO]: [AIBot] ACTION event=capability_decision bot=Bob {allowed=false, profile=strict_survival, capability=HIDDEN_BLOCK_SCAN, context=observable_cell_query, reason=DENIED_STRICT_SURVIVAL}
[01:47:37] [Server thread/WARN]: [AIBot] PERCEPTION event=snapshot_slow bot=Bob {elapsed_ms=11}
[01:47:37] [Server thread/INFO]: [AIBot] ACTION event=diag_snapshot bot=Bob {submerged=false, light=14, step=, in_lava=false, task_phase=, goal=none, task_progress=1.0, task=idle, mode=survival, air=300, food=17, path_idle=true, inv=minecraft:stone_axex1 minecraft:wooden_swordx1 minecraft:crafting_tablex1 minecraft:stickx2 minecraft:wooden_pickaxex1 minecraft:wooden_axex1 minecraft:cobblestonex8 minecraft:stone_pickaxex1 minecraft:eggx1 minecraft:stone_swordx1 minecraft:raw_ironx2, nearby=animals=0 hostiles=0, mining_idle=true, hp=11.5/20.0, on_ground=true, pos=573,62,157, fall=0.0, held=minecraft:cobblestonex8, task_state=COMPLETED}
[01:47:39] [Server thread/INFO]: [AIBot] LIFECYCLE event=mixin_alive bot=- {server_tick=7200}
[01:47:39] [Server thread/INFO]: [AIBot] ACTION event=capability_decision bot=Bob {allowed=false, profile=strict_survival, capability=HIDDEN_BLOCK_SCAN, context=observable_block_query, reason=DENIED_STRICT_SURVIVAL}
[01:47:39] [Server thread/INFO]: [AIBot] ACTION event=capability_decision bot=Bob {allowed=false, profile=strict_survival, capability=HIDDEN_BLOCK_SCAN, context=perception_snapshot, reason=DENIED_STRICT_SURVIVAL}
[01:47:39] [Server thread/INFO]: [AIBot] ACTION event=diag_snapshot bot=Bob {submerged=false, light=14, step=, in_lava=false, task_phase=, goal=none, task_progress=1.0, task=idle, mode=survival, air=300, food=17, path_idle=true, inv=minecraft:stone_axex1 minecraft:wooden_swordx1 minecraft:crafting_tablex1 minecraft:stickx2 minecraft:wooden_pickaxex1 minecraft:wooden_axex1 minecraft:cobblestonex8 minecraft:stone_pickaxex1 minecraft:eggx1 minecraft:stone_swordx1 minecraft:raw_ironx2, nearby=animals=0 hostiles=0, mining_idle=true, hp=11.5/20.0, on_ground=true, pos=573,62,157, fall=0.0, held=minecraft:cobblestonex8, task_state=COMPLETED}
[01:47:39] [Server thread/INFO]: [AIBot] ACTION event=capability_decision bot=Bob {allowed=false, profile=strict_survival, capability=HIDDEN_BLOCK_SCAN, context=observable_entity_query, reason=DENIED_STRICT_SURVIVAL}
[01:47:41] [Server thread/INFO]: [AIBot] ACTION event=capability_decision bot=Bob {allowed=false, profile=strict_survival, capability=HIDDEN_BLOCK_SCAN, context=observable_cell_query, reason=DENIED_STRICT_SURVIVAL}
[01:47:41] [Server thread/INFO]: [AIBot] ACTION event=capability_decision bot=Bob {allowed=false, profile=strict_survival, capability=HIDDEN_BLOCK_SCAN, context=diagnostic_nearby, reason=DENIED_STRICT_SURVIVAL}
[01:47:41] [Server thread/INFO]: [AIBot] ACTION event=diag_snapshot bot=Bob {submerged=false, light=14, step=, in_lava=false, task_phase=, goal=none, task_progress=1.0, task=idle, mode=survival, air=300, food=17, path_idle=true, inv=minecraft:stone_axex1 minecraft:wooden_swordx1 minecraft:crafting_tablex1 minecraft:stickx2 minecraft:wooden_pickaxex1 minecraft:wooden_axex1 minecraft:cobblestonex8 minecraft:stone_pickaxex1 minecraft:eggx1 minecraft:stone_swordx1 minecraft:raw_ironx2, nearby=animals=2(squid@12) hostiles=0, mining_idle=true, hp=11.5/20.0, on_ground=true, pos=573,62,157, fall=0.0, held=minecraft:cobblestonex8, task_state=COMPLETED}
[01:47:43] [Server thread/INFO]: [AIBot] ACTION event=diag_snapshot bot=Bob {submerged=false, light=14, step=, in_lava=false, task_phase=, goal=none, task_progress=1.0, task=idle, mode=survival, air=300, food=17, path_idle=true, inv=minecraft:stone_axex1 minecraft:wooden_swordx1 minecraft:crafting_tablex1 minecraft:stickx2 minecraft:wooden_pickaxex1 minecraft:wooden_axex1 minecraft:cobblestonex8 minecraft:stone_pickaxex1 minecraft:eggx1 minecraft:stone_swordx1 minecraft:raw_ironx2, nearby=animals=2(squid@9) hostiles=0, mining_idle=true, hp=11.5/20.0, on_ground=true, pos=573,62,157, fall=0.0, held=minecraft:cobblestonex8, task_state=COMPLETED}
[01:47:44] [Server thread/INFO]: [AIBot] ACTION event=capability_decision bot=Bob {allowed=false, profile=strict_survival, capability=HIDDEN_BLOCK_SCAN, context=observable_block_query, reason=DENIED_STRICT_SURVIVAL}
[01:47:44] [Server thread/INFO]: [AIBot] ACTION event=capability_decision bot=Bob {allowed=false, profile=strict_survival, capability=HIDDEN_BLOCK_SCAN, context=perception_snapshot, reason=DENIED_STRICT_SURVIVAL}
[01:47:44] [Server thread/INFO]: [AIBot] ACTION event=capability_decision bot=Bob {allowed=false, profile=strict_survival, capability=HIDDEN_BLOCK_SCAN, context=observable_entity_query, reason=DENIED_STRICT_SURVIVAL}
[01:47:45] [Server thread/INFO]: [AIBot] ACTION event=diag_snapshot bot=Bob {submerged=false, light=14, step=, in_lava=false, task_phase=, goal=none, task_progress=1.0, task=idle, mode=survival, air=300, food=17, path_idle=true, inv=minecraft:stone_axex1 minecraft:wooden_swordx1 minecraft:crafting_tablex1 minecraft:stickx2 minecraft:wooden_pickaxex1 minecraft:wooden_axex1 minecraft:cobblestonex8 minecraft:stone_pickaxex1 minecraft:eggx1 minecraft:stone_swordx1 minecraft:raw_ironx2, nearby=animals=1(squid@7) hostiles=0, mining_idle=true, hp=11.5/20.0, on_ground=true, pos=573,62,157, fall=0.0, held=minecraft:cobblestonex8, task_state=COMPLETED}
[01:47:46] [Server thread/INFO]: [AIBot] ACTION event=capability_decision bot=Bob {allowed=false, profile=strict_survival, capability=HIDDEN_BLOCK_SCAN, context=observable_cell_query, reason=DENIED_STRICT_SURVIVAL}
[01:47:46] [Server thread/WARN]: [AIBot] PERCEPTION event=snapshot_slow bot=Bob {elapsed_ms=14}
[01:47:47] [Server thread/INFO]: [AIBot] ACTION event=capability_decision bot=Bob {allowed=false, profile=strict_survival, capability=HIDDEN_BLOCK_SCAN, context=diagnostic_nearby, reason=DENIED_STRICT_SURVIVAL}
[01:47:47] [Server thread/INFO]: [AIBot] ACTION event=diag_snapshot bot=Bob {submerged=false, light=14, step=, in_lava=false, task_phase=, goal=none, task_progress=1.0, task=idle, mode=survival, air=300, food=17, path_idle=true, inv=minecraft:stone_axex1 minecraft:wooden_swordx1 minecraft:crafting_tablex1 minecraft:stickx2 minecraft:wooden_pickaxex1 minecraft:wooden_axex1 minecraft:cobblestonex8 minecraft:stone_pickaxex1 minecraft:eggx1 minecraft:stone_swordx1 minecraft:raw_ironx2, nearby=animals=1(squid@7) hostiles=0, mining_idle=true, hp=11.5/20.0, on_ground=true, pos=573,62,157, fall=0.0, held=minecraft:cobblestonex8, task_state=COMPLETED}
[01:47:49] [Server thread/INFO]: [AIBot] ACTION event=capability_decision bot=Bob {allowed=false, profile=strict_survival, capability=HIDDEN_BLOCK_SCAN, context=observable_block_query, reason=DENIED_STRICT_SURVIVAL}
[01:47:49] [Server thread/INFO]: [AIBot] ACTION event=capability_decision bot=Bob {allowed=false, profile=strict_survival, capability=HIDDEN_BLOCK_SCAN, context=perception_snapshot, reason=DENIED_STRICT_SURVIVAL}
[01:47:49] [Server thread/INFO]: [AIBot] ACTION event=diag_snapshot bot=Bob {submerged=false, light=14, step=, in_lava=false, task_phase=, goal=none, task_progress=1.0, task=idle, mode=survival, air=300, food=17, path_idle=true, inv=minecraft:stone_axex1 minecraft:wooden_swordx1 minecraft:crafting_tablex1 minecraft:stickx2 minecraft:wooden_pickaxex1 minecraft:wooden_axex1 minecraft:cobblestonex8 minecraft:stone_pickaxex1 minecraft:eggx1 minecraft:stone_swordx1 minecraft:raw_ironx2, nearby=animals=1(squid@6) hostiles=0, mining_idle=true, hp=11.5/20.0, on_ground=true, pos=573,62,157, fall=0.0, held=minecraft:cobblestonex8, task_state=COMPLETED}
[01:47:49] [Server thread/INFO]: [AIBot] ACTION event=capability_decision bot=Bob {allowed=false, profile=strict_survival, capability=HIDDEN_BLOCK_SCAN, context=observable_entity_query, reason=DENIED_STRICT_SURVIVAL}
[01:47:51] [Server thread/INFO]: [AIBot] ACTION event=capability_decision bot=Bob {allowed=false, profile=strict_survival, capability=HIDDEN_BLOCK_SCAN, context=observable_cell_query, reason=DENIED_STRICT_SURVIVAL}
[01:47:51] [Server thread/INFO]: [AIBot] ACTION event=diag_snapshot bot=Bob {submerged=false, light=14, step=, in_lava=false, task_phase=, goal=none, task_progress=1.0, task=idle, mode=survival, air=300, food=17, path_idle=true, inv=minecraft:stone_axex1 minecraft:wooden_swordx1 minecraft:crafting_tablex1 minecraft:stickx2 minecraft:wooden_pickaxex1 minecraft:wooden_axex1 minecraft:cobblestonex8 minecraft:stone_pickaxex1 minecraft:eggx1 minecraft:stone_swordx1 minecraft:raw_ironx2, nearby=animals=1(squid@13) hostiles=0, mining_idle=true, hp=11.5/20.0, on_ground=true, pos=573,62,157, fall=0.0, held=minecraft:cobblestonex8, task_state=COMPLETED}
[01:47:53] [Server thread/INFO]: [AIBot] ACTION event=capability_decision bot=Bob {allowed=false, profile=strict_survival, capability=HIDDEN_BLOCK_SCAN, context=diagnostic_nearby, reason=DENIED_STRICT_SURVIVAL}
[01:47:53] [Server thread/INFO]: [AIBot] ACTION event=diag_snapshot bot=Bob {submerged=false, light=14, step=, in_lava=false, task_phase=, goal=none, task_progress=1.0, task=idle, mode=survival, air=300, food=17, path_idle=true, inv=minecraft:stone_axex1 minecraft:wooden_swordx1 minecraft:crafting_tablex1 minecraft:stickx2 minecraft:wooden_pickaxex1 minecraft:wooden_axex1 minecraft:cobblestonex8 minecraft:stone_pickaxex1 minecraft:eggx1 minecraft:stone_swordx1 minecraft:raw_ironx2, nearby=animals=1(squid@5) hostiles=0, mining_idle=true, hp=11.5/20.0, on_ground=true, pos=573,62,157, fall=0.0, held=minecraft:cobblestonex8, task_state=COMPLETED}
[01:47:54] [Server thread/INFO]: [AIBot] ACTION event=capability_decision bot=Bob {allowed=false, profile=strict_survival, capability=HIDDEN_BLOCK_SCAN, context=observable_block_query, reason=DENIED_STRICT_SURVIVAL}
[01:47:54] [Server thread/INFO]: [AIBot] ACTION event=capability_decision bot=Bob {allowed=false, profile=strict_survival, capability=HIDDEN_BLOCK_SCAN, context=perception_snapshot, reason=DENIED_STRICT_SURVIVAL}
[01:47:54] [Server thread/INFO]: [AIBot] ACTION event=capability_decision bot=Bob {allowed=false, profile=strict_survival, capability=HIDDEN_BLOCK_SCAN, context=observable_entity_query, reason=DENIED_STRICT_SURVIVAL}
[01:47:55] [Server thread/INFO]: [AIBot] ACTION event=diag_snapshot bot=Bob {submerged=false, light=14, step=, in_lava=false, task_phase=, goal=none, task_progress=1.0, task=idle, mode=survival, air=300, food=17, path_idle=true, inv=minecraft:stone_axex1 minecraft:wooden_swordx1 minecraft:crafting_tablex1 minecraft:stickx2 minecraft:wooden_pickaxex1 minecraft:wooden_axex1 minecraft:cobblestonex8 minecraft:stone_pickaxex1 minecraft:eggx1 minecraft:stone_swordx1 minecraft:raw_ironx2, nearby=animals=1(squid@5) hostiles=0, mining_idle=true, hp=11.5/20.0, on_ground=true, pos=573,62,157, fall=0.0, held=minecraft:cobblestonex8, task_state=COMPLETED}
[01:47:56] [Server thread/INFO]: [AIBot] ACTION event=capability_decision bot=Bob {allowed=false, profile=strict_survival, capability=HIDDEN_BLOCK_SCAN, context=observable_cell_query, reason=DENIED_STRICT_SURVIVAL}
[01:47:57] [Server thread/INFO]: [AIBot] ACTION event=diag_snapshot bot=Bob {submerged=false, light=14, step=, in_lava=false, task_phase=, goal=none, task_progress=1.0, task=idle, mode=survival, air=300, food=17, path_idle=true, inv=minecraft:stone_axex1 minecraft:wooden_swordx1 minecraft:crafting_tablex1 minecraft:stickx2 minecraft:wooden_pickaxex1 minecraft:wooden_axex1 minecraft:cobblestonex8 minecraft:stone_pickaxex1 minecraft:eggx1 minecraft:stone_swordx1 minecraft:raw_ironx2, nearby=animals=1(squid@13) hostiles=0, mining_idle=true, hp=11.5/20.0, on_ground=true, pos=573,62,157, fall=0.0, held=minecraft:cobblestonex8, task_state=COMPLETED}
[01:47:59] [Server thread/INFO]: [AIBot] ACTION event=capability_decision bot=Bob {allowed=false, profile=strict_survival, capability=HIDDEN_BLOCK_SCAN, context=observable_block_query, reason=DENIED_STRICT_SURVIVAL}
[01:47:59] [Server thread/INFO]: [AIBot] ACTION event=capability_decision bot=Bob {allowed=false, profile=strict_survival, capability=HIDDEN_BLOCK_SCAN, context=perception_snapshot, reason=DENIED_STRICT_SURVIVAL}
[01:47:59] [Server thread/INFO]: [AIBot] ACTION event=capability_decision bot=Bob {allowed=false, profile=strict_survival, capability=HIDDEN_BLOCK_SCAN, context=diagnostic_nearby, reason=DENIED_STRICT_SURVIVAL}
[01:47:59] [Server thread/INFO]: [AIBot] ACTION event=diag_snapshot bot=Bob {submerged=false, light=14, step=, in_lava=false, task_phase=, goal=none, task_progress=1.0, task=idle, mode=survival, air=300, food=17, path_idle=true, inv=minecraft:stone_axex1 minecraft:wooden_swordx1 minecraft:crafting_tablex1 minecraft:stickx2 minecraft:wooden_pickaxex1 minecraft:wooden_axex1 minecraft:cobblestonex8 minecraft:stone_pickaxex1 minecraft:eggx1 minecraft:stone_swordx1 minecraft:raw_ironx2, nearby=animals=2(squid@6) hostiles=0, mining_idle=true, hp=11.5/20.0, on_ground=true, pos=573,62,157, fall=0.0, held=minecraft:cobblestonex8, task_state=COMPLETED}
[01:47:59] [Server thread/INFO]: [AIBot] ACTION event=capability_decision bot=Bob {allowed=false, profile=strict_survival, capability=HIDDEN_BLOCK_SCAN, context=observable_entity_query, reason=DENIED_STRICT_SURVIVAL}
[01:48:01] [Server thread/INFO]: [AIBot] ACTION event=capability_decision bot=Bob {allowed=false, profile=strict_survival, capability=HIDDEN_BLOCK_SCAN, context=observable_cell_query, reason=DENIED_STRICT_SURVIVAL}
[01:48:01] [Server thread/INFO]: [AIBot] ACTION event=diag_snapshot bot=Bob {submerged=false, light=14, step=, in_lava=false, task_phase=, goal=none, task_progress=1.0, task=idle, mode=survival, air=300, food=17, path_idle=true, inv=minecraft:stone_axex1 minecraft:wooden_swordx1 minecraft:crafting_tablex1 minecraft:stickx2 minecraft:wooden_pickaxex1 minecraft:wooden_axex1 minecraft:cobblestonex8 minecraft:stone_pickaxex1 minecraft:eggx1 minecraft:stone_swordx1 minecraft:raw_ironx2, nearby=animals=2(squid@9) hostiles=0, mining_idle=true, hp=11.5/20.0, on_ground=true, pos=573,62,157, fall=0.0, held=minecraft:cobblestonex8, task_state=COMPLETED}
[01:48:03] [Server thread/WARN]: [AIBot] PERCEPTION event=snapshot_slow bot=Bob {elapsed_ms=13}
[01:48:03] [Server thread/INFO]: [AIBot] ACTION event=diag_snapshot bot=Bob {submerged=false, light=14, step=, in_lava=false, task_phase=, goal=none, task_progress=1.0, task=idle, mode=survival, air=300, food=17, path_idle=true, inv=minecraft:stone_axex1 minecraft:wooden_swordx1 minecraft:crafting_tablex1 minecraft:stickx2 minecraft:wooden_pickaxex1 minecraft:wooden_axex1 minecraft:cobblestonex8 minecraft:stone_pickaxex1 minecraft:eggx1 minecraft:stone_swordx1 minecraft:raw_ironx2, nearby=animals=2(squid@9) hostiles=0, mining_idle=true, hp=11.5/20.0, on_ground=true, pos=573,62,157, fall=0.0, held=minecraft:cobblestonex8, task_state=COMPLETED}
[01:48:04] [Server thread/INFO]: [AIBot] ACTION event=capability_decision bot=Bob {allowed=false, profile=strict_survival, capability=HIDDEN_BLOCK_SCAN, context=observable_block_query, reason=DENIED_STRICT_SURVIVAL}
[01:48:04] [Server thread/INFO]: [AIBot] ACTION event=capability_decision bot=Bob {allowed=false, profile=strict_survival, capability=HIDDEN_BLOCK_SCAN, context=perception_snapshot, reason=DENIED_STRICT_SURVIVAL}
[01:48:04] [Server thread/INFO]: [AIBot] ACTION event=capability_decision bot=Bob {allowed=false, profile=strict_survival, capability=HIDDEN_BLOCK_SCAN, context=observable_entity_query, reason=DENIED_STRICT_SURVIVAL}
[01:48:05] [Server thread/INFO]: [AIBot] ACTION event=capability_decision bot=Bob {allowed=false, profile=strict_survival, capability=HIDDEN_BLOCK_SCAN, context=diagnostic_nearby, reason=DENIED_STRICT_SURVIVAL}
[01:48:05] [Server thread/INFO]: [AIBot] ACTION event=diag_snapshot bot=Bob {submerged=false, light=14, step=, in_lava=false, task_phase=, goal=none, task_progress=1.0, task=idle, mode=survival, air=300, food=17, path_idle=true, inv=minecraft:stone_axex1 minecraft:wooden_swordx1 minecraft:crafting_tablex1 minecraft:stickx2 minecraft:wooden_pickaxex1 minecraft:wooden_axex1 minecraft:cobblestonex8 minecraft:stone_pickaxex1 minecraft:eggx1 minecraft:stone_swordx1 minecraft:raw_ironx2, nearby=animals=2(squid@9) hostiles=0, mining_idle=true, hp=11.5/20.0, on_ground=true, pos=573,62,157, fall=0.0, held=minecraft:cobblestonex8, task_state=COMPLETED}
[01:48:06] [Server thread/INFO]: [AIBot] ACTION event=capability_decision bot=Bob {allowed=false, profile=strict_survival, capability=HIDDEN_BLOCK_SCAN, context=observable_cell_query, reason=DENIED_STRICT_SURVIVAL}
[01:48:07] [Server thread/WARN]: [AIBot] PERCEPTION event=snapshot_slow bot=Bob {elapsed_ms=12}
[01:48:07] [Server thread/INFO]: [AIBot] ACTION event=diag_snapshot bot=Bob {submerged=false, light=14, step=, in_lava=false, task_phase=, goal=none, task_progress=1.0, task=idle, mode=survival, air=300, food=17, path_idle=true, inv=minecraft:stone_axex1 minecraft:wooden_swordx1 minecraft:crafting_tablex1 minecraft:stickx2 minecraft:wooden_pickaxex1 minecraft:wooden_axex1 minecraft:cobblestonex8 minecraft:stone_pickaxex1 minecraft:eggx1 minecraft:stone_swordx1 minecraft:raw_ironx2, nearby=animals=1(squid@9) hostiles=0, mining_idle=true, hp=11.5/20.0, on_ground=true, pos=573,62,157, fall=0.0, held=minecraft:cobblestonex8, task_state=COMPLETED}
[01:48:09] [Server thread/INFO]: [AIBot] ACTION event=capability_decision bot=Bob {allowed=false, profile=strict_survival, capability=HIDDEN_BLOCK_SCAN, context=observable_block_query, reason=DENIED_STRICT_SURVIVAL}
[01:48:09] [Server thread/INFO]: [AIBot] ACTION event=capability_decision bot=Bob {allowed=false, profile=strict_survival, capability=HIDDEN_BLOCK_SCAN, context=perception_snapshot, reason=DENIED_STRICT_SURVIVAL}
[01:48:09] [Server thread/INFO]: [AIBot] ACTION event=diag_snapshot bot=Bob {submerged=false, light=14, step=, in_lava=false, task_phase=, goal=none, task_progress=1.0, task=idle, mode=survival, air=300, food=17, path_idle=true, inv=minecraft:stone_axex1 minecraft:wooden_swordx1 minecraft:crafting_tablex1 minecraft:stickx2 minecraft:wooden_pickaxex1 minecraft:wooden_axex1 minecraft:cobblestonex8 minecraft:stone_pickaxex1 minecraft:eggx1 minecraft:stone_swordx1 minecraft:raw_ironx2, nearby=animals=1(squid@11) hostiles=0, mining_idle=true, hp=11.5/20.0, on_ground=true, pos=573,62,157, fall=0.0, held=minecraft:cobblestonex8, task_state=COMPLETED}
[01:48:09] [Server thread/INFO]: [AIBot] ACTION event=capability_decision bot=Bob {allowed=false, profile=strict_survival, capability=HIDDEN_BLOCK_SCAN, context=observable_entity_query, reason=DENIED_STRICT_SURVIVAL}
[01:48:11] [Server thread/INFO]: [AIBot] ACTION event=capability_decision bot=Bob {allowed=false, profile=strict_survival, capability=HIDDEN_BLOCK_SCAN, context=observable_cell_query, reason=DENIED_STRICT_SURVIVAL}
[01:48:11] [Server thread/INFO]: [AIBot] ACTION event=capability_decision bot=Bob {allowed=false, profile=strict_survival, capability=HIDDEN_BLOCK_SCAN, context=diagnostic_nearby, reason=DENIED_STRICT_SURVIVAL}
[01:48:11] [Server thread/INFO]: [AIBot] ACTION event=diag_snapshot bot=Bob {submerged=false, light=14, step=, in_lava=false, task_phase=, goal=none, task_progress=1.0, task=idle, mode=survival, air=300, food=17, path_idle=true, inv=minecraft:stone_axex1 minecraft:wooden_swordx1 minecraft:crafting_tablex1 minecraft:stickx2 minecraft:wooden_pickaxex1 minecraft:wooden_axex1 minecraft:cobblestonex8 minecraft:stone_pickaxex1 minecraft:eggx1 minecraft:stone_swordx1 minecraft:raw_ironx2, nearby=animals=1(squid@13) hostiles=0, mining_idle=true, hp=11.5/20.0, on_ground=true, pos=573,62,157, fall=0.0, held=minecraft:cobblestonex8, task_state=COMPLETED}
[01:48:13] [Server thread/WARN]: [AIBot] PERCEPTION event=snapshot_slow bot=Bob {elapsed_ms=11}
[01:48:13] [Server thread/INFO]: [AIBot] ACTION event=diag_snapshot bot=Bob {submerged=false, light=14, step=, in_lava=false, task_phase=, goal=none, task_progress=1.0, task=idle, mode=survival, air=300, food=17, path_idle=true, inv=minecraft:stone_axex1 minecraft:wooden_swordx1 minecraft:crafting_tablex1 minecraft:stickx2 minecraft:wooden_pickaxex1 minecraft:wooden_axex1 minecraft:cobblestonex8 minecraft:stone_pickaxex1 minecraft:eggx1 minecraft:stone_swordx1 minecraft:raw_ironx2, nearby=animals=1(squid@13) hostiles=0, mining_idle=true, hp=11.5/20.0, on_ground=true, pos=573,62,157, fall=0.0, held=minecraft:cobblestonex8, task_state=COMPLETED}
[01:48:14] [Server thread/INFO]: [AIBot] ACTION event=capability_decision bot=Bob {allowed=false, profile=strict_survival, capability=HIDDEN_BLOCK_SCAN, context=observable_block_query, reason=DENIED_STRICT_SURVIVAL}
[01:48:14] [Server thread/INFO]: [AIBot] ACTION event=capability_decision bot=Bob {allowed=false, profile=strict_survival, capability=HIDDEN_BLOCK_SCAN, context=perception_snapshot, reason=DENIED_STRICT_SURVIVAL}
[01:48:14] [Server thread/INFO]: [AIBot] ACTION event=capability_decision bot=Bob {allowed=false, profile=strict_survival, capability=HIDDEN_BLOCK_SCAN, context=observable_entity_query, reason=DENIED_STRICT_SURVIVAL}
[01:48:15] [Server thread/INFO]: [AIBot] ACTION event=diag_snapshot bot=Bob {submerged=false, light=14, step=, in_lava=false, task_phase=, goal=none, task_progress=1.0, task=idle, mode=survival, air=300, food=17, path_idle=true, inv=minecraft:stone_axex1 minecraft:wooden_swordx1 minecraft:crafting_tablex1 minecraft:stickx2 minecraft:wooden_pickaxex1 minecraft:wooden_axex1 minecraft:cobblestonex8 minecraft:stone_pickaxex1 minecraft:eggx1 minecraft:stone_swordx1 minecraft:raw_ironx2, nearby=animals=1(squid@12) hostiles=0, mining_idle=true, hp=11.5/20.0, on_ground=true, pos=573,62,157, fall=0.0, held=minecraft:cobblestonex8, task_state=COMPLETED}
[01:48:15] [Server thread/WARN]: [AIBot] PERCEPTION event=snapshot_slow bot=Bob {elapsed_ms=13}
[01:48:16] [Server thread/INFO]: [AIBot] ACTION event=capability_decision bot=Bob {allowed=false, profile=strict_survival, capability=HIDDEN_BLOCK_SCAN, context=observable_cell_query, reason=DENIED_STRICT_SURVIVAL}
[01:48:17] [Server thread/INFO]: [AIBot] ACTION event=capability_decision bot=Bob {allowed=false, profile=strict_survival, capability=HIDDEN_BLOCK_SCAN, context=diagnostic_nearby, reason=DENIED_STRICT_SURVIVAL}
[01:48:17] [Server thread/INFO]: [AIBot] ACTION event=diag_snapshot bot=Bob {submerged=false, light=14, step=, in_lava=false, task_phase=, goal=none, task_progress=1.0, task=idle, mode=survival, air=300, food=17, path_idle=true, inv=minecraft:stone_axex1 minecraft:wooden_swordx1 minecraft:crafting_tablex1 minecraft:stickx2 minecraft:wooden_pickaxex1 minecraft:wooden_axex1 minecraft:cobblestonex8 minecraft:stone_pickaxex1 minecraft:eggx1 minecraft:stone_swordx1 minecraft:raw_ironx2, nearby=animals=1(squid@15) hostiles=0, mining_idle=true, hp=11.5/20.0, on_ground=true, pos=573,62,157, fall=0.0, held=minecraft:cobblestonex8, task_state=COMPLETED}
[01:48:19] [Server thread/INFO]: [AIBot] ACTION event=capability_decision bot=Bob {allowed=false, profile=strict_survival, capability=HIDDEN_BLOCK_SCAN, context=observable_block_query, reason=DENIED_STRICT_SURVIVAL}
[01:48:19] [Server thread/INFO]: [AIBot] ACTION event=capability_decision bot=Bob {allowed=false, profile=strict_survival, capability=HIDDEN_BLOCK_SCAN, context=perception_snapshot, reason=DENIED_STRICT_SURVIVAL}
[01:48:19] [Server thread/INFO]: [AIBot] ACTION event=diag_snapshot bot=Bob {submerged=false, light=14, step=, in_lava=false, task_phase=, goal=none, task_progress=1.0, task=idle, mode=survival, air=300, food=17, path_idle=true, inv=minecraft:stone_axex1 minecraft:wooden_swordx1 minecraft:crafting_tablex1 minecraft:stickx2 minecraft:wooden_pickaxex1 minecraft:wooden_axex1 minecraft:cobblestonex8 minecraft:stone_pickaxex1 minecraft:eggx1 minecraft:stone_swordx1 minecraft:raw_ironx2, nearby=animals=1(squid@12) hostiles=0, mining_idle=true, hp=11.5/20.0, on_ground=true, pos=573,62,157, fall=0.0, held=minecraft:cobblestonex8, task_state=COMPLETED}
[01:48:19] [Server thread/INFO]: [AIBot] ACTION event=capability_decision bot=Bob {allowed=false, profile=strict_survival, capability=HIDDEN_BLOCK_SCAN, context=observable_entity_query, reason=DENIED_STRICT_SURVIVAL}
[01:48:19] [Server thread/WARN]: [AIBot] PERCEPTION event=snapshot_slow bot=Bob {elapsed_ms=15}
[01:48:20] [Server thread/WARN]: [AIBot] PERCEPTION event=snapshot_slow bot=Bob {elapsed_ms=13}
[01:48:21] [Server thread/INFO]: [AIBot] ACTION event=capability_decision bot=Bob {allowed=false, profile=strict_survival, capability=HIDDEN_BLOCK_SCAN, context=observable_cell_query, reason=DENIED_STRICT_SURVIVAL}
[01:48:21] [Server thread/INFO]: [AIBot] ACTION event=diag_snapshot bot=Bob {submerged=false, light=14, step=, in_lava=false, task_phase=, goal=none, task_progress=1.0, task=idle, mode=survival, air=300, food=17, path_idle=true, inv=minecraft:stone_axex1 minecraft:wooden_swordx1 minecraft:crafting_tablex1 minecraft:stickx2 minecraft:wooden_pickaxex1 minecraft:wooden_axex1 minecraft:cobblestonex8 minecraft:stone_pickaxex1 minecraft:eggx1 minecraft:stone_swordx1 minecraft:raw_ironx2, nearby=animals=1(squid@10) hostiles=0, mining_idle=true, hp=11.5/20.0, on_ground=true, pos=573,62,157, fall=0.0, held=minecraft:cobblestonex8, task_state=COMPLETED}
[01:48:22] [Server thread/WARN]: [AIBot] PERCEPTION event=snapshot_slow bot=Bob {elapsed_ms=11}
[01:48:23] [Server thread/INFO]: [AIBot] ACTION event=capability_decision bot=Bob {allowed=false, profile=strict_survival, capability=HIDDEN_BLOCK_SCAN, context=diagnostic_nearby, reason=DENIED_STRICT_SURVIVAL}
[01:48:23] [Server thread/INFO]: [AIBot] ACTION event=diag_snapshot bot=Bob {submerged=false, light=14, step=, in_lava=false, task_phase=, goal=none, task_progress=1.0, task=idle, mode=survival, air=300, food=17, path_idle=true, inv=minecraft:stone_axex1 minecraft:wooden_swordx1 minecraft:crafting_tablex1 minecraft:stickx2 minecraft:wooden_pickaxex1 minecraft:wooden_axex1 minecraft:cobblestonex8 minecraft:stone_pickaxex1 minecraft:eggx1 minecraft:stone_swordx1 minecraft:raw_ironx2, nearby=animals=0 hostiles=0, mining_idle=true, hp=11.5/20.0, on_ground=true, pos=573,62,157, fall=0.0, held=minecraft:cobblestonex8, task_state=COMPLETED}
[01:48:23] [Server thread/WARN]: [AIBot] PERCEPTION event=snapshot_slow bot=Bob {elapsed_ms=14}
[01:48:24] [Server thread/INFO]: [AIBot] ACTION event=capability_decision bot=Bob {allowed=false, profile=strict_survival, capability=HIDDEN_BLOCK_SCAN, context=observable_block_query, reason=DENIED_STRICT_SURVIVAL}
[01:48:24] [Server thread/INFO]: [AIBot] ACTION event=capability_decision bot=Bob {allowed=false, profile=strict_survival, capability=HIDDEN_BLOCK_SCAN, context=perception_snapshot, reason=DENIED_STRICT_SURVIVAL}
[01:48:24] [Server thread/INFO]: [AIBot] ACTION event=capability_decision bot=Bob {allowed=false, profile=strict_survival, capability=HIDDEN_BLOCK_SCAN, context=observable_entity_query, reason=DENIED_STRICT_SURVIVAL}
[01:48:25] [Server thread/INFO]: [AIBot] ACTION event=diag_snapshot bot=Bob {submerged=false, light=14, step=, in_lava=false, task_phase=, goal=none, task_progress=1.0, task=idle, mode=survival, air=300, food=17, path_idle=true, inv=minecraft:stone_axex1 minecraft:wooden_swordx1 minecraft:crafting_tablex1 minecraft:stickx2 minecraft:wooden_pickaxex1 minecraft:wooden_axex1 minecraft:cobblestonex8 minecraft:stone_pickaxex1 minecraft:eggx1 minecraft:stone_swordx1 minecraft:raw_ironx2, nearby=animals=0 hostiles=0, mining_idle=true, hp=11.5/20.0, on_ground=true, pos=573,62,157, fall=0.0, held=minecraft:cobblestonex8, task_state=COMPLETED}
[01:48:26] [Server thread/INFO]: [AIBot] ACTION event=capability_decision bot=Bob {allowed=false, profile=strict_survival, capability=HIDDEN_BLOCK_SCAN, context=observable_cell_query, reason=DENIED_STRICT_SURVIVAL}
[01:48:26] [Server thread/WARN]: [AIBot] PERCEPTION event=snapshot_slow bot=Bob {elapsed_ms=13}
[01:48:27] [Server thread/INFO]: [AIBot] ACTION event=diag_snapshot bot=Bob {submerged=false, light=14, step=, in_lava=false, task_phase=, goal=none, task_progress=1.0, task=idle, mode=survival, air=300, food=17, path_idle=true, inv=minecraft:stone_axex1 minecraft:wooden_swordx1 minecraft:crafting_tablex1 minecraft:stickx2 minecraft:wooden_pickaxex1 minecraft:wooden_axex1 minecraft:cobblestonex8 minecraft:stone_pickaxex1 minecraft:eggx1 minecraft:stone_swordx1 minecraft:raw_ironx2, nearby=animals=0 hostiles=0, mining_idle=true, hp=11.5/20.0, on_ground=true, pos=573,62,157, fall=0.0, held=minecraft:cobblestonex8, task_state=COMPLETED}
[01:48:28] [Server thread/WARN]: [AIBot] PERCEPTION event=snapshot_slow bot=Bob {elapsed_ms=11}
[01:48:28] [Server thread/WARN]: [AIBot] PERCEPTION event=snapshot_slow bot=Bob {elapsed_ms=13}
[01:48:29] [Server thread/INFO]: [AIBot] ACTION event=capability_decision bot=Bob {allowed=false, profile=strict_survival, capability=HIDDEN_BLOCK_SCAN, context=observable_block_query, reason=DENIED_STRICT_SURVIVAL}
[01:48:29] [Server thread/INFO]: [AIBot] ACTION event=capability_decision bot=Bob {allowed=false, profile=strict_survival, capability=HIDDEN_BLOCK_SCAN, context=perception_snapshot, reason=DENIED_STRICT_SURVIVAL}
[01:48:29] [Server thread/INFO]: [AIBot] ACTION event=capability_decision bot=Bob {allowed=false, profile=strict_survival, capability=HIDDEN_BLOCK_SCAN, context=diagnostic_nearby, reason=DENIED_STRICT_SURVIVAL}
[01:48:29] [Server thread/INFO]: [AIBot] ACTION event=diag_snapshot bot=Bob {submerged=false, light=14, step=, in_lava=false, task_phase=, goal=none, task_progress=1.0, task=idle, mode=survival, air=300, food=17, path_idle=true, inv=minecraft:stone_axex1 minecraft:wooden_swordx1 minecraft:crafting_tablex1 minecraft:stickx2 minecraft:wooden_pickaxex1 minecraft:wooden_axex1 minecraft:cobblestonex8 minecraft:stone_pickaxex1 minecraft:eggx1 minecraft:stone_swordx1 minecraft:raw_ironx2, nearby=animals=1(squid@6) hostiles=0, mining_idle=true, hp=11.5/20.0, on_ground=true, pos=573,62,157, fall=0.0, held=minecraft:cobblestonex8, task_state=COMPLETED}
[01:48:29] [Server thread/INFO]: [AIBot] ACTION event=capability_decision bot=Bob {allowed=false, profile=strict_survival, capability=HIDDEN_BLOCK_SCAN, context=observable_entity_query, reason=DENIED_STRICT_SURVIVAL}
[01:48:31] [Server thread/INFO]: [AIBot] ACTION event=capability_decision bot=Bob {allowed=false, profile=strict_survival, capability=HIDDEN_BLOCK_SCAN, context=observable_cell_query, reason=DENIED_STRICT_SURVIVAL}
[01:48:31] [Server thread/WARN]: [AIBot] PERCEPTION event=snapshot_slow bot=Bob {elapsed_ms=13}
[01:48:31] [Server thread/INFO]: [AIBot] ACTION event=diag_snapshot bot=Bob {submerged=false, light=14, step=, in_lava=false, task_phase=, goal=none, task_progress=1.0, task=idle, mode=survival, air=300, food=17, path_idle=true, inv=minecraft:stone_axex1 minecraft:wooden_swordx1 minecraft:crafting_tablex1 minecraft:stickx2 minecraft:wooden_pickaxex1 minecraft:wooden_axex1 minecraft:cobblestonex8 minecraft:stone_pickaxex1 minecraft:eggx1 minecraft:stone_swordx1 minecraft:raw_ironx2, nearby=animals=0 hostiles=0, mining_idle=true, hp=11.5/20.0, on_ground=true, pos=573,62,157, fall=0.0, held=minecraft:cobblestonex8, task_state=COMPLETED}
[01:48:32] [Server thread/WARN]: [AIBot] PERCEPTION event=snapshot_slow bot=Bob {elapsed_ms=13}
[01:48:33] [Server thread/INFO]: [AIBot] ACTION event=diag_snapshot bot=Bob {submerged=false, light=14, step=, in_lava=false, task_phase=, goal=none, task_progress=1.0, task=idle, mode=survival, air=300, food=17, path_idle=true, inv=minecraft:stone_axex1 minecraft:wooden_swordx1 minecraft:crafting_tablex1 minecraft:stickx2 minecraft:wooden_pickaxex1 minecraft:wooden_axex1 minecraft:cobblestonex8 minecraft:stone_pickaxex1 minecraft:eggx1 minecraft:stone_swordx1 minecraft:raw_ironx2, nearby=animals=0 hostiles=0, mining_idle=true, hp=11.5/20.0, on_ground=true, pos=573,62,157, fall=0.0, held=minecraft:cobblestonex8, task_state=COMPLETED}
[01:48:34] [Server thread/INFO]: [AIBot] ACTION event=capability_decision bot=Bob {allowed=false, profile=strict_survival, capability=HIDDEN_BLOCK_SCAN, context=observable_block_query, reason=DENIED_STRICT_SURVIVAL}
[01:48:34] [Server thread/INFO]: [AIBot] ACTION event=capability_decision bot=Bob {allowed=false, profile=strict_survival, capability=HIDDEN_BLOCK_SCAN, context=perception_snapshot, reason=DENIED_STRICT_SURVIVAL}
[01:48:34] [Server thread/INFO]: [AIBot] ACTION event=capability_decision bot=Bob {allowed=false, profile=strict_survival, capability=HIDDEN_BLOCK_SCAN, context=observable_entity_query, reason=DENIED_STRICT_SURVIVAL}
[01:48:35] [Server thread/WARN]: [AIBot] PERCEPTION event=snapshot_slow bot=Bob {elapsed_ms=12}
[01:48:35] [Server thread/INFO]: [AIBot] ACTION event=capability_decision bot=Bob {allowed=false, profile=strict_survival, capability=HIDDEN_BLOCK_SCAN, context=diagnostic_nearby, reason=DENIED_STRICT_SURVIVAL}
[01:48:35] [Server thread/INFO]: [AIBot] ACTION event=diag_snapshot bot=Bob {submerged=false, light=14, step=, in_lava=false, task_phase=, goal=none, task_progress=1.0, task=idle, mode=survival, air=300, food=17, path_idle=true, inv=minecraft:stone_axex1 minecraft:wooden_swordx1 minecraft:crafting_tablex1 minecraft:stickx2 minecraft:wooden_pickaxex1 minecraft:wooden_axex1 minecraft:cobblestonex8 minecraft:stone_pickaxex1 minecraft:eggx1 minecraft:stone_swordx1 minecraft:raw_ironx2, nearby=animals=0 hostiles=0, mining_idle=true, hp=11.5/20.0, on_ground=true, pos=573,62,157, fall=0.0, held=minecraft:cobblestonex8, task_state=COMPLETED}
[01:48:36] [Server thread/INFO]: [AIBot] ACTION event=capability_decision bot=Bob {allowed=false, profile=strict_survival, capability=HIDDEN_BLOCK_SCAN, context=observable_cell_query, reason=DENIED_STRICT_SURVIVAL}
[01:48:37] [Server thread/INFO]: [AIBot] ACTION event=diag_snapshot bot=Bob {submerged=false, light=14, step=, in_lava=false, task_phase=, goal=none, task_progress=1.0, task=idle, mode=survival, air=300, food=17, path_idle=true, inv=minecraft:stone_axex1 minecraft:wooden_swordx1 minecraft:crafting_tablex1 minecraft:stickx2 minecraft:wooden_pickaxex1 minecraft:wooden_axex1 minecraft:cobblestonex8 minecraft:stone_pickaxex1 minecraft:eggx1 minecraft:stone_swordx1 minecraft:raw_ironx2, nearby=animals=0 hostiles=0, mining_idle=true, hp=11.5/20.0, on_ground=true, pos=573,62,157, fall=0.0, held=minecraft:cobblestonex8, task_state=COMPLETED}
[01:48:38] [Server thread/WARN]: [AIBot] PERCEPTION event=snapshot_slow bot=Bob {elapsed_ms=11}
[01:48:39] [Server thread/INFO]: [AIBot] LIFECYCLE event=mixin_alive bot=- {server_tick=8400}
[01:48:39] [Server thread/INFO]: [AIBot] ACTION event=capability_decision bot=Bob {allowed=false, profile=strict_survival, capability=HIDDEN_BLOCK_SCAN, context=observable_block_query, reason=DENIED_STRICT_SURVIVAL}
[01:48:39] [Server thread/INFO]: [AIBot] ACTION event=capability_decision bot=Bob {allowed=false, profile=strict_survival, capability=HIDDEN_BLOCK_SCAN, context=perception_snapshot, reason=DENIED_STRICT_SURVIVAL}
[01:48:39] [Server thread/INFO]: [AIBot] ACTION event=diag_snapshot bot=Bob {submerged=false, light=14, step=, in_lava=false, task_phase=, goal=none, task_progress=1.0, task=idle, mode=survival, air=300, food=17, path_idle=true, inv=minecraft:stone_axex1 minecraft:wooden_swordx1 minecraft:crafting_tablex1 minecraft:stickx2 minecraft:wooden_pickaxex1 minecraft:wooden_axex1 minecraft:cobblestonex8 minecraft:stone_pickaxex1 minecraft:eggx1 minecraft:stone_swordx1 minecraft:raw_ironx2, nearby=animals=0 hostiles=0, mining_idle=true, hp=11.5/20.0, on_ground=true, pos=573,62,157, fall=0.0, held=minecraft:cobblestonex8, task_state=COMPLETED}
[01:48:39] [Server thread/INFO]: [AIBot] ACTION event=capability_decision bot=Bob {allowed=false, profile=strict_survival, capability=HIDDEN_BLOCK_SCAN, context=observable_entity_query, reason=DENIED_STRICT_SURVIVAL}
[01:48:41] [Server thread/INFO]: [AIBot] ACTION event=capability_decision bot=Bob {allowed=false, profile=strict_survival, capability=HIDDEN_BLOCK_SCAN, context=observable_cell_query, reason=DENIED_STRICT_SURVIVAL}
[01:48:41] [Server thread/INFO]: [AIBot] ACTION event=capability_decision bot=Bob {allowed=false, profile=strict_survival, capability=HIDDEN_BLOCK_SCAN, context=diagnostic_nearby, reason=DENIED_STRICT_SURVIVAL}
[01:48:41] [Server thread/INFO]: [AIBot] ACTION event=diag_snapshot bot=Bob {submerged=false, light=14, step=, in_lava=false, task_phase=, goal=none, task_progress=1.0, task=idle, mode=survival, air=300, food=17, path_idle=true, inv=minecraft:stone_axex1 minecraft:wooden_swordx1 minecraft:crafting_tablex1 minecraft:stickx2 minecraft:wooden_pickaxex1 minecraft:wooden_axex1 minecraft:cobblestonex8 minecraft:stone_pickaxex1 minecraft:eggx1 minecraft:stone_swordx1 minecraft:raw_ironx2, nearby=animals=1(squid@15) hostiles=0, mining_idle=true, hp=11.5/20.0, on_ground=true, pos=573,62,157, fall=0.0, held=minecraft:cobblestonex8, task_state=COMPLETED}
[01:48:43] [Server thread/INFO]: [AIBot] ACTION event=diag_snapshot bot=Bob {submerged=false, light=14, step=, in_lava=false, task_phase=, goal=none, task_progress=1.0, task=idle, mode=survival, air=300, food=17, path_idle=true, inv=minecraft:stone_axex1 minecraft:wooden_swordx1 minecraft:crafting_tablex1 minecraft:stickx2 minecraft:wooden_pickaxex1 minecraft:wooden_axex1 minecraft:cobblestonex8 minecraft:stone_pickaxex1 minecraft:eggx1 minecraft:stone_swordx1 minecraft:raw_ironx2, nearby=animals=1(squid@13) hostiles=0, mining_idle=true, hp=11.5/20.0, on_ground=true, pos=573,62,157, fall=0.0, held=minecraft:cobblestonex8, task_state=COMPLETED}
[01:48:44] [Server thread/INFO]: [AIBot] ACTION event=capability_decision bot=Bob {allowed=false, profile=strict_survival, capability=HIDDEN_BLOCK_SCAN, context=observable_block_query, reason=DENIED_STRICT_SURVIVAL}
[01:48:44] [Server thread/INFO]: [AIBot] ACTION event=capability_decision bot=Bob {allowed=false, profile=strict_survival, capability=HIDDEN_BLOCK_SCAN, context=perception_snapshot, reason=DENIED_STRICT_SURVIVAL}
[01:48:44] [Server thread/INFO]: [AIBot] ACTION event=capability_decision bot=Bob {allowed=false, profile=strict_survival, capability=HIDDEN_BLOCK_SCAN, context=observable_entity_query, reason=DENIED_STRICT_SURVIVAL}
[01:48:45] [Server thread/INFO]: [AIBot] ACTION event=diag_snapshot bot=Bob {submerged=false, light=14, step=, in_lava=false, task_phase=, goal=none, task_progress=1.0, task=idle, mode=survival, air=300, food=17, path_idle=true, inv=minecraft:stone_axex1 minecraft:wooden_swordx1 minecraft:crafting_tablex1 minecraft:stickx2 minecraft:wooden_pickaxex1 minecraft:wooden_axex1 minecraft:cobblestonex8 minecraft:stone_pickaxex1 minecraft:eggx1 minecraft:stone_swordx1 minecraft:raw_ironx2, nearby=animals=1(squid@15) hostiles=0, mining_idle=true, hp=11.5/20.0, on_ground=true, pos=573,62,157, fall=0.0, held=minecraft:cobblestonex8, task_state=COMPLETED}
[01:48:46] [Server thread/INFO]: [AIBot] ACTION event=capability_decision bot=Bob {allowed=false, profile=strict_survival, capability=HIDDEN_BLOCK_SCAN, context=observable_cell_query, reason=DENIED_STRICT_SURVIVAL}
[01:48:47] [Server thread/INFO]: [AIBot] ACTION event=capability_decision bot=Bob {allowed=false, profile=strict_survival, capability=HIDDEN_BLOCK_SCAN, context=diagnostic_nearby, reason=DENIED_STRICT_SURVIVAL}
[01:48:47] [Server thread/INFO]: [AIBot] ACTION event=diag_snapshot bot=Bob {submerged=false, light=14, step=, in_lava=false, task_phase=, goal=none, task_progress=1.0, task=idle, mode=survival, air=300, food=17, path_idle=true, inv=minecraft:stone_axex1 minecraft:wooden_swordx1 minecraft:crafting_tablex1 minecraft:stickx2 minecraft:wooden_pickaxex1 minecraft:wooden_axex1 minecraft:cobblestonex8 minecraft:stone_pickaxex1 minecraft:eggx1 minecraft:stone_swordx1 minecraft:raw_ironx2, nearby=animals=0 hostiles=0, mining_idle=true, hp=11.5/20.0, on_ground=true, pos=573,62,157, fall=0.0, held=minecraft:cobblestonex8, task_state=COMPLETED}
[01:48:49] [Server thread/INFO]: [AIBot] ACTION event=capability_decision bot=Bob {allowed=false, profile=strict_survival, capability=HIDDEN_BLOCK_SCAN, context=observable_block_query, reason=DENIED_STRICT_SURVIVAL}
[01:48:49] [Server thread/INFO]: [AIBot] ACTION event=capability_decision bot=Bob {allowed=false, profile=strict_survival, capability=HIDDEN_BLOCK_SCAN, context=perception_snapshot, reason=DENIED_STRICT_SURVIVAL}
[01:48:49] [Server thread/INFO]: [AIBot] ACTION event=diag_snapshot bot=Bob {submerged=false, light=14, step=, in_lava=false, task_phase=, goal=none, task_progress=1.0, task=idle, mode=survival, air=300, food=17, path_idle=true, inv=minecraft:stone_axex1 minecraft:wooden_swordx1 minecraft:crafting_tablex1 minecraft:stickx2 minecraft:wooden_pickaxex1 minecraft:wooden_axex1 minecraft:cobblestonex8 minecraft:stone_pickaxex1 minecraft:eggx1 minecraft:stone_swordx1 minecraft:raw_ironx2, nearby=animals=0 hostiles=0, mining_idle=true, hp=11.5/20.0, on_ground=true, pos=573,62,157, fall=0.0, held=minecraft:cobblestonex8, task_state=COMPLETED}
[01:48:49] [Server thread/INFO]: [AIBot] ACTION event=capability_decision bot=Bob {allowed=false, profile=strict_survival, capability=HIDDEN_BLOCK_SCAN, context=observable_entity_query, reason=DENIED_STRICT_SURVIVAL}
[01:48:51] [Server thread/INFO]: [AIBot] ACTION event=capability_decision bot=Bob {allowed=false, profile=strict_survival, capability=HIDDEN_BLOCK_SCAN, context=observable_cell_query, reason=DENIED_STRICT_SURVIVAL}
[01:48:51] [Server thread/INFO]: [AIBot] ACTION event=diag_snapshot bot=Bob {submerged=false, light=14, step=, in_lava=false, task_phase=, goal=none, task_progress=1.0, task=idle, mode=survival, air=300, food=17, path_idle=true, inv=minecraft:stone_axex1 minecraft:wooden_swordx1 minecraft:crafting_tablex1 minecraft:stickx2 minecraft:wooden_pickaxex1 minecraft:wooden_axex1 minecraft:cobblestonex8 minecraft:stone_pickaxex1 minecraft:eggx1 minecraft:stone_swordx1 minecraft:raw_ironx2, nearby=animals=2(squid@13) hostiles=0, mining_idle=true, hp=11.5/20.0, on_ground=true, pos=573,62,157, fall=0.0, held=minecraft:cobblestonex8, task_state=COMPLETED}
[01:48:52] [Server thread/WARN]: [AIBot] PERCEPTION event=snapshot_slow bot=Bob {elapsed_ms=11}
[01:48:53] [Server thread/INFO]: [AIBot] ACTION event=capability_decision bot=Bob {allowed=false, profile=strict_survival, capability=HIDDEN_BLOCK_SCAN, context=diagnostic_nearby, reason=DENIED_STRICT_SURVIVAL}
[01:48:53] [Server thread/INFO]: [AIBot] ACTION event=diag_snapshot bot=Bob {submerged=false, light=14, step=, in_lava=false, task_phase=, goal=none, task_progress=1.0, task=idle, mode=survival, air=300, food=17, path_idle=true, inv=minecraft:stone_axex1 minecraft:wooden_swordx1 minecraft:crafting_tablex1 minecraft:stickx2 minecraft:wooden_pickaxex1 minecraft:wooden_axex1 minecraft:cobblestonex8 minecraft:stone_pickaxex1 minecraft:eggx1 minecraft:stone_swordx1 minecraft:raw_ironx2, nearby=animals=2(squid@12) hostiles=0, mining_idle=true, hp=11.5/20.0, on_ground=true, pos=573,62,157, fall=0.0, held=minecraft:cobblestonex8, task_state=COMPLETED}
[01:48:54] [Server thread/INFO]: [AIBot] ACTION event=capability_decision bot=Bob {allowed=false, profile=strict_survival, capability=HIDDEN_BLOCK_SCAN, context=observable_block_query, reason=DENIED_STRICT_SURVIVAL}
[01:48:54] [Server thread/INFO]: [AIBot] ACTION event=capability_decision bot=Bob {allowed=false, profile=strict_survival, capability=HIDDEN_BLOCK_SCAN, context=perception_snapshot, reason=DENIED_STRICT_SURVIVAL}
[01:48:54] [Server thread/INFO]: [AIBot] ACTION event=capability_decision bot=Bob {allowed=false, profile=strict_survival, capability=HIDDEN_BLOCK_SCAN, context=observable_entity_query, reason=DENIED_STRICT_SURVIVAL}
[01:48:54] [Server thread/WARN]: [AIBot] PERCEPTION event=snapshot_slow bot=Bob {elapsed_ms=11}
[01:48:55] [Server thread/INFO]: [AIBot] ACTION event=diag_snapshot bot=Bob {submerged=false, light=14, step=, in_lava=false, task_phase=, goal=none, task_progress=1.0, task=idle, mode=survival, air=300, food=17, path_idle=true, inv=minecraft:stone_axex1 minecraft:wooden_swordx1 minecraft:crafting_tablex1 minecraft:stickx2 minecraft:wooden_pickaxex1 minecraft:wooden_axex1 minecraft:cobblestonex8 minecraft:stone_pickaxex1 minecraft:eggx1 minecraft:stone_swordx1 minecraft:raw_ironx2, nearby=animals=2(squid@12) hostiles=0, mining_idle=true, hp=11.5/20.0, on_ground=true, pos=573,62,157, fall=0.0, held=minecraft:cobblestonex8, task_state=COMPLETED}
[01:48:56] [Server thread/INFO]: [AIBot] ACTION event=capability_decision bot=Bob {allowed=false, profile=strict_survival, capability=HIDDEN_BLOCK_SCAN, context=observable_cell_query, reason=DENIED_STRICT_SURVIVAL}
[01:48:56] [Server thread/WARN]: [AIBot] PERCEPTION event=snapshot_slow bot=Bob {elapsed_ms=15}
[01:48:57] [Server thread/INFO]: [AIBot] ACTION event=diag_snapshot bot=Bob {submerged=false, light=14, step=, in_lava=false, task_phase=, goal=none, task_progress=1.0, task=idle, mode=survival, air=300, food=17, path_idle=true, inv=minecraft:stone_axex1 minecraft:wooden_swordx1 minecraft:crafting_tablex1 minecraft:stickx2 minecraft:wooden_pickaxex1 minecraft:wooden_axex1 minecraft:cobblestonex8 minecraft:stone_pickaxex1 minecraft:eggx1 minecraft:stone_swordx1 minecraft:raw_ironx2, nearby=animals=2(squid@12) hostiles=0, mining_idle=true, hp=11.5/20.0, on_ground=true, pos=573,62,157, fall=0.0, held=minecraft:cobblestonex8, task_state=COMPLETED}
[01:48:59] [Server thread/INFO]: [AIBot] ACTION event=capability_decision bot=Bob {allowed=false, profile=strict_survival, capability=HIDDEN_BLOCK_SCAN, context=observable_block_query, reason=DENIED_STRICT_SURVIVAL}
[01:48:59] [Server thread/INFO]: [AIBot] ACTION event=capability_decision bot=Bob {allowed=false, profile=strict_survival, capability=HIDDEN_BLOCK_SCAN, context=perception_snapshot, reason=DENIED_STRICT_SURVIVAL}
[01:48:59] [Server thread/INFO]: [AIBot] ACTION event=capability_decision bot=Bob {allowed=false, profile=strict_survival, capability=HIDDEN_BLOCK_SCAN, context=diagnostic_nearby, reason=DENIED_STRICT_SURVIVAL}
[01:48:59] [Server thread/INFO]: [AIBot] ACTION event=diag_snapshot bot=Bob {submerged=false, light=14, step=, in_lava=false, task_phase=, goal=none, task_progress=1.0, task=idle, mode=survival, air=300, food=17, path_idle=true, inv=minecraft:stone_axex1 minecraft:wooden_swordx1 minecraft:crafting_tablex1 minecraft:stickx2 minecraft:wooden_pickaxex1 minecraft:wooden_axex1 minecraft:cobblestonex8 minecraft:stone_pickaxex1 minecraft:eggx1 minecraft:stone_swordx1 minecraft:raw_ironx2, nearby=animals=2(squid@11) hostiles=0, mining_idle=true, hp=11.5/20.0, on_ground=true, pos=573,62,157, fall=0.0, held=minecraft:cobblestonex8, task_state=COMPLETED}
[01:48:59] [Server thread/INFO]: [AIBot] ACTION event=capability_decision bot=Bob {allowed=false, profile=strict_survival, capability=HIDDEN_BLOCK_SCAN, context=observable_entity_query, reason=DENIED_STRICT_SURVIVAL}
[01:49:01] [Server thread/INFO]: [AIBot] ACTION event=capability_decision bot=Bob {allowed=false, profile=strict_survival, capability=HIDDEN_BLOCK_SCAN, context=observable_cell_query, reason=DENIED_STRICT_SURVIVAL}
[01:49:01] [Server thread/INFO]: [AIBot] ACTION event=diag_snapshot bot=Bob {submerged=false, light=14, step=, in_lava=false, task_phase=, goal=none, task_progress=1.0, task=idle, mode=survival, air=300, food=17, path_idle=true, inv=minecraft:stone_axex1 minecraft:wooden_swordx1 minecraft:crafting_tablex1 minecraft:stickx2 minecraft:wooden_pickaxex1 minecraft:wooden_axex1 minecraft:cobblestonex8 minecraft:stone_pickaxex1 minecraft:eggx1 minecraft:stone_swordx1 minecraft:raw_ironx2, nearby=animals=1(squid@10) hostiles=0, mining_idle=true, hp=11.5/20.0, on_ground=true, pos=573,62,157, fall=0.0, held=minecraft:cobblestonex8, task_state=COMPLETED}
[01:49:01] [Server thread/WARN]: [AIBot] PERCEPTION event=snapshot_slow bot=Bob {elapsed_ms=15}
[01:49:03] [Server thread/INFO]: [AIBot] ACTION event=diag_snapshot bot=Bob {submerged=false, light=14, step=, in_lava=false, task_phase=, goal=none, task_progress=1.0, task=idle, mode=survival, air=300, food=17, path_idle=true, inv=minecraft:stone_axex1 minecraft:wooden_swordx1 minecraft:crafting_tablex1 minecraft:stickx2 minecraft:wooden_pickaxex1 minecraft:wooden_axex1 minecraft:cobblestonex8 minecraft:stone_pickaxex1 minecraft:eggx1 minecraft:stone_swordx1 minecraft:raw_ironx2, nearby=animals=1(squid@8) hostiles=0, mining_idle=true, hp=11.5/20.0, on_ground=true, pos=573,62,157, fall=0.0, held=minecraft:cobblestonex8, task_state=COMPLETED}
[01:49:04] [Server thread/INFO]: [AIBot] ACTION event=capability_decision bot=Bob {allowed=false, profile=strict_survival, capability=HIDDEN_BLOCK_SCAN, context=observable_block_query, reason=DENIED_STRICT_SURVIVAL}
[01:49:04] [Server thread/INFO]: [AIBot] ACTION event=capability_decision bot=Bob {allowed=false, profile=strict_survival, capability=HIDDEN_BLOCK_SCAN, context=perception_snapshot, reason=DENIED_STRICT_SURVIVAL}
[01:49:04] [Server thread/INFO]: [AIBot] ACTION event=capability_decision bot=Bob {allowed=false, profile=strict_survival, capability=HIDDEN_BLOCK_SCAN, context=observable_entity_query, reason=DENIED_STRICT_SURVIVAL}
[01:49:05] [Server thread/INFO]: [AIBot] ACTION event=capability_decision bot=Bob {allowed=false, profile=strict_survival, capability=HIDDEN_BLOCK_SCAN, context=diagnostic_nearby, reason=DENIED_STRICT_SURVIVAL}
[01:49:05] [Server thread/INFO]: [AIBot] ACTION event=diag_snapshot bot=Bob {submerged=false, light=14, step=, in_lava=false, task_phase=, goal=none, task_progress=1.0, task=idle, mode=survival, air=300, food=17, path_idle=true, inv=minecraft:stone_axex1 minecraft:wooden_swordx1 minecraft:crafting_tablex1 minecraft:stickx2 minecraft:wooden_pickaxex1 minecraft:wooden_axex1 minecraft:cobblestonex8 minecraft:stone_pickaxex1 minecraft:eggx1 minecraft:stone_swordx1 minecraft:raw_ironx2, nearby=animals=1(squid@15) hostiles=0, mining_idle=true, hp=11.5/20.0, on_ground=true, pos=573,62,157, fall=0.0, held=minecraft:cobblestonex8, task_state=COMPLETED}
[01:49:06] [Server thread/INFO]: [AIBot] ACTION event=capability_decision bot=Bob {allowed=false, profile=strict_survival, capability=HIDDEN_BLOCK_SCAN, context=observable_cell_query, reason=DENIED_STRICT_SURVIVAL}
[01:49:07] [Server thread/INFO]: [AIBot] ACTION event=diag_snapshot bot=Bob {submerged=false, light=14, step=, in_lava=false, task_phase=, goal=none, task_progress=1.0, task=idle, mode=survival, air=300, food=17, path_idle=true, inv=minecraft:stone_axex1 minecraft:wooden_swordx1 minecraft:crafting_tablex1 minecraft:stickx2 minecraft:wooden_pickaxex1 minecraft:wooden_axex1 minecraft:cobblestonex8 minecraft:stone_pickaxex1 minecraft:eggx1 minecraft:stone_swordx1 minecraft:raw_ironx2, nearby=animals=1(squid@14) hostiles=0, mining_idle=true, hp=11.5/20.0, on_ground=true, pos=573,62,157, fall=0.0, held=minecraft:cobblestonex8, task_state=COMPLETED}
[01:49:09] [Server thread/INFO]: [AIBot] ACTION event=capability_decision bot=Bob {allowed=false, profile=strict_survival, capability=HIDDEN_BLOCK_SCAN, context=observable_block_query, reason=DENIED_STRICT_SURVIVAL}
[01:49:09] [Server thread/INFO]: [AIBot] ACTION event=capability_decision bot=Bob {allowed=false, profile=strict_survival, capability=HIDDEN_BLOCK_SCAN, context=perception_snapshot, reason=DENIED_STRICT_SURVIVAL}
[01:49:09] [Server thread/INFO]: [AIBot] ACTION event=diag_snapshot bot=Bob {submerged=false, light=14, step=, in_lava=false, task_phase=, goal=none, task_progress=1.0, task=idle, mode=survival, air=300, food=17, path_idle=true, inv=minecraft:stone_axex1 minecraft:wooden_swordx1 minecraft:crafting_tablex1 minecraft:stickx2 minecraft:wooden_pickaxex1 minecraft:wooden_axex1 minecraft:cobblestonex8 minecraft:stone_pickaxex1 minecraft:eggx1 minecraft:stone_swordx1 minecraft:raw_ironx2, nearby=animals=1(squid@13) hostiles=0, mining_idle=true, hp=11.5/20.0, on_ground=true, pos=573,62,157, fall=0.0, held=minecraft:cobblestonex8, task_state=COMPLETED}
[01:49:09] [Server thread/INFO]: [AIBot] ACTION event=capability_decision bot=Bob {allowed=false, profile=strict_survival, capability=HIDDEN_BLOCK_SCAN, context=observable_entity_query, reason=DENIED_STRICT_SURVIVAL}
[01:49:11] [Server thread/INFO]: [AIBot] ACTION event=capability_decision bot=Bob {allowed=false, profile=strict_survival, capability=HIDDEN_BLOCK_SCAN, context=observable_cell_query, reason=DENIED_STRICT_SURVIVAL}
[01:49:11] [Server thread/INFO]: [AIBot] ACTION event=capability_decision bot=Bob {allowed=false, profile=strict_survival, capability=HIDDEN_BLOCK_SCAN, context=diagnostic_nearby, reason=DENIED_STRICT_SURVIVAL}
[01:49:11] [Server thread/INFO]: [AIBot] ACTION event=diag_snapshot bot=Bob {submerged=false, light=14, step=, in_lava=false, task_phase=, goal=none, task_progress=1.0, task=idle, mode=survival, air=300, food=17, path_idle=true, inv=minecraft:stone_axex1 minecraft:wooden_swordx1 minecraft:crafting_tablex1 minecraft:stickx2 minecraft:wooden_pickaxex1 minecraft:wooden_axex1 minecraft:cobblestonex8 minecraft:stone_pickaxex1 minecraft:eggx1 minecraft:stone_swordx1 minecraft:raw_ironx2, nearby=animals=0 hostiles=0, mining_idle=true, hp=11.5/20.0, on_ground=true, pos=573,62,157, fall=0.0, held=minecraft:cobblestonex8, task_state=COMPLETED}
[01:49:13] [Server thread/INFO]: [AIBot] ACTION event=diag_snapshot bot=Bob {submerged=false, light=14, step=, in_lava=false, task_phase=, goal=none, task_progress=1.0, task=idle, mode=survival, air=300, food=17, path_idle=true, inv=minecraft:stone_axex1 minecraft:wooden_swordx1 minecraft:crafting_tablex1 minecraft:stickx2 minecraft:wooden_pickaxex1 minecraft:wooden_axex1 minecraft:cobblestonex8 minecraft:stone_pickaxex1 minecraft:eggx1 minecraft:stone_swordx1 minecraft:raw_ironx2, nearby=animals=0 hostiles=0, mining_idle=true, hp=11.5/20.0, on_ground=true, pos=573,62,157, fall=0.0, held=minecraft:cobblestonex8, task_state=COMPLETED}
[01:49:13] [Server thread/WARN]: [AIBot] PERCEPTION event=snapshot_slow bot=Bob {elapsed_ms=13}
[01:49:14] [Server thread/INFO]: [AIBot] ACTION event=capability_decision bot=Bob {allowed=false, profile=strict_survival, capability=HIDDEN_BLOCK_SCAN, context=observable_block_query, reason=DENIED_STRICT_SURVIVAL}
[01:49:14] [Server thread/INFO]: [AIBot] ACTION event=capability_decision bot=Bob {allowed=false, profile=strict_survival, capability=HIDDEN_BLOCK_SCAN, context=perception_snapshot, reason=DENIED_STRICT_SURVIVAL}
[01:49:14] [Server thread/INFO]: [AIBot] ACTION event=capability_decision bot=Bob {allowed=false, profile=strict_survival, capability=HIDDEN_BLOCK_SCAN, context=observable_entity_query, reason=DENIED_STRICT_SURVIVAL}
[01:49:15] [Server thread/INFO]: [AIBot] ACTION event=diag_snapshot bot=Bob {submerged=false, light=14, step=, in_lava=false, task_phase=, goal=none, task_progress=1.0, task=idle, mode=survival, air=300, food=17, path_idle=true, inv=minecraft:stone_axex1 minecraft:wooden_swordx1 minecraft:crafting_tablex1 minecraft:stickx2 minecraft:wooden_pickaxex1 minecraft:wooden_axex1 minecraft:cobblestonex8 minecraft:stone_pickaxex1 minecraft:eggx1 minecraft:stone_swordx1 minecraft:raw_ironx2, nearby=animals=1(squid@12) hostiles=0, mining_idle=true, hp=11.5/20.0, on_ground=true, pos=573,62,157, fall=0.0, held=minecraft:cobblestonex8, task_state=COMPLETED}
[01:49:16] [Server thread/INFO]: [AIBot] ACTION event=capability_decision bot=Bob {allowed=false, profile=strict_survival, capability=HIDDEN_BLOCK_SCAN, context=observable_cell_query, reason=DENIED_STRICT_SURVIVAL}
[01:49:16] [Server thread/WARN]: [AIBot] PERCEPTION event=snapshot_slow bot=Bob {elapsed_ms=15}
[01:49:17] [Server thread/INFO]: [AIBot] ACTION event=capability_decision bot=Bob {allowed=false, profile=strict_survival, capability=HIDDEN_BLOCK_SCAN, context=diagnostic_nearby, reason=DENIED_STRICT_SURVIVAL}
[01:49:17] [Server thread/INFO]: [AIBot] ACTION event=diag_snapshot bot=Bob {submerged=false, light=14, step=, in_lava=false, task_phase=, goal=none, task_progress=1.0, task=idle, mode=survival, air=300, food=17, path_idle=true, inv=minecraft:stone_axex1 minecraft:wooden_swordx1 minecraft:crafting_tablex1 minecraft:stickx2 minecraft:wooden_pickaxex1 minecraft:wooden_axex1 minecraft:cobblestonex8 minecraft:stone_pickaxex1 minecraft:eggx1 minecraft:stone_swordx1 minecraft:raw_ironx2, nearby=animals=1(squid@14) hostiles=0, mining_idle=true, hp=11.5/20.0, on_ground=true, pos=573,62,157, fall=0.0, held=minecraft:cobblestonex8, task_state=COMPLETED}
[01:49:18] [Server thread/WARN]: [AIBot] PERCEPTION event=snapshot_slow bot=Bob {elapsed_ms=11}
[01:49:19] [Server thread/INFO]: [AIBot] ACTION event=capability_decision bot=Bob {allowed=false, profile=strict_survival, capability=HIDDEN_BLOCK_SCAN, context=observable_block_query, reason=DENIED_STRICT_SURVIVAL}
[01:49:19] [Server thread/INFO]: [AIBot] ACTION event=capability_decision bot=Bob {allowed=false, profile=strict_survival, capability=HIDDEN_BLOCK_SCAN, context=perception_snapshot, reason=DENIED_STRICT_SURVIVAL}
[01:49:19] [Server thread/WARN]: [AIBot] PERCEPTION event=snapshot_slow bot=Bob {elapsed_ms=12}
[01:49:19] [Server thread/INFO]: [AIBot] ACTION event=diag_snapshot bot=Bob {submerged=false, light=14, step=, in_lava=false, task_phase=, goal=none, task_progress=1.0, task=idle, mode=survival, air=300, food=17, path_idle=true, inv=minecraft:stone_axex1 minecraft:wooden_swordx1 minecraft:crafting_tablex1 minecraft:stickx2 minecraft:wooden_pickaxex1 minecraft:wooden_axex1 minecraft:cobblestonex8 minecraft:stone_pickaxex1 minecraft:eggx1 minecraft:stone_swordx1 minecraft:raw_ironx2, nearby=animals=1(squid@13) hostiles=0, mining_idle=true, hp=11.5/20.0, on_ground=true, pos=573,62,157, fall=0.0, held=minecraft:cobblestonex8, task_state=COMPLETED}
[01:49:19] [Server thread/INFO]: [AIBot] ACTION event=capability_decision bot=Bob {allowed=false, profile=strict_survival, capability=HIDDEN_BLOCK_SCAN, context=observable_entity_query, reason=DENIED_STRICT_SURVIVAL}
[01:49:21] [Server thread/INFO]: [AIBot] ACTION event=capability_decision bot=Bob {allowed=false, profile=strict_survival, capability=HIDDEN_BLOCK_SCAN, context=observable_cell_query, reason=DENIED_STRICT_SURVIVAL}
[01:49:21] [Server thread/INFO]: [AIBot] ACTION event=diag_snapshot bot=Bob {submerged=false, light=14, step=, in_lava=false, task_phase=, goal=none, task_progress=1.0, task=idle, mode=survival, air=300, food=17, path_idle=true, inv=minecraft:stone_axex1 minecraft:wooden_swordx1 minecraft:crafting_tablex1 minecraft:stickx2 minecraft:wooden_pickaxex1 minecraft:wooden_axex1 minecraft:cobblestonex8 minecraft:stone_pickaxex1 minecraft:eggx1 minecraft:stone_swordx1 minecraft:raw_ironx2, nearby=animals=1(squid@12) hostiles=0, mining_idle=true, hp=11.5/20.0, on_ground=true, pos=573,62,157, fall=0.0, held=minecraft:cobblestonex8, task_state=COMPLETED}
[01:49:21] [Server thread/WARN]: [AIBot] PERCEPTION event=snapshot_slow bot=Bob {elapsed_ms=12}
[01:49:22] [Server thread/WARN]: [AIBot] PERCEPTION event=snapshot_slow bot=Bob {elapsed_ms=12}
[01:49:23] [Server thread/INFO]: [AIBot] ACTION event=capability_decision bot=Bob {allowed=false, profile=strict_survival, capability=HIDDEN_BLOCK_SCAN, context=diagnostic_nearby, reason=DENIED_STRICT_SURVIVAL}
[01:49:23] [Server thread/INFO]: [AIBot] ACTION event=diag_snapshot bot=Bob {submerged=false, light=14, step=, in_lava=false, task_phase=, goal=none, task_progress=1.0, task=idle, mode=survival, air=300, food=17, path_idle=true, inv=minecraft:stone_axex1 minecraft:wooden_swordx1 minecraft:crafting_tablex1 minecraft:stickx2 minecraft:wooden_pickaxex1 minecraft:wooden_axex1 minecraft:cobblestonex8 minecraft:stone_pickaxex1 minecraft:eggx1 minecraft:stone_swordx1 minecraft:raw_ironx2, nearby=animals=1(squid@13) hostiles=0, mining_idle=true, hp=11.5/20.0, on_ground=true, pos=573,62,157, fall=0.0, held=minecraft:cobblestonex8, task_state=COMPLETED}
[01:49:24] [Server thread/INFO]: [AIBot] ACTION event=capability_decision bot=Bob {allowed=false, profile=strict_survival, capability=HIDDEN_BLOCK_SCAN, context=observable_block_query, reason=DENIED_STRICT_SURVIVAL}
[01:49:24] [Server thread/INFO]: [AIBot] ACTION event=capability_decision bot=Bob {allowed=false, profile=strict_survival, capability=HIDDEN_BLOCK_SCAN, context=perception_snapshot, reason=DENIED_STRICT_SURVIVAL}
[01:49:24] [Server thread/WARN]: [AIBot] PERCEPTION event=snapshot_slow bot=Bob {elapsed_ms=13}
[01:49:24] [Server thread/INFO]: [AIBot] ACTION event=capability_decision bot=Bob {allowed=false, profile=strict_survival, capability=HIDDEN_BLOCK_SCAN, context=observable_entity_query, reason=DENIED_STRICT_SURVIVAL}
[01:49:25] [Server thread/INFO]: [AIBot] ACTION event=diag_snapshot bot=Bob {submerged=false, light=14, step=, in_lava=false, task_phase=, goal=none, task_progress=1.0, task=idle, mode=survival, air=300, food=17, path_idle=true, inv=minecraft:stone_axex1 minecraft:wooden_swordx1 minecraft:crafting_tablex1 minecraft:stickx2 minecraft:wooden_pickaxex1 minecraft:wooden_axex1 minecraft:cobblestonex8 minecraft:stone_pickaxex1 minecraft:eggx1 minecraft:stone_swordx1 minecraft:raw_ironx2, nearby=animals=0 hostiles=0, mining_idle=true, hp=11.5/20.0, on_ground=true, pos=573,62,157, fall=0.0, held=minecraft:cobblestonex8, task_state=COMPLETED}
[01:49:26] [Server thread/INFO]: [AIBot] ACTION event=capability_decision bot=Bob {allowed=false, profile=strict_survival, capability=HIDDEN_BLOCK_SCAN, context=observable_cell_query, reason=DENIED_STRICT_SURVIVAL}
[01:49:26] [Server thread/WARN]: [AIBot] PERCEPTION event=snapshot_slow bot=Bob {elapsed_ms=13}
[01:49:27] [Server thread/INFO]: [AIBot] ACTION event=diag_snapshot bot=Bob {submerged=false, light=14, step=, in_lava=false, task_phase=, goal=none, task_progress=1.0, task=idle, mode=survival, air=300, food=17, path_idle=true, inv=minecraft:stone_axex1 minecraft:wooden_swordx1 minecraft:crafting_tablex1 minecraft:stickx2 minecraft:wooden_pickaxex1 minecraft:wooden_axex1 minecraft:cobblestonex8 minecraft:stone_pickaxex1 minecraft:eggx1 minecraft:stone_swordx1 minecraft:raw_ironx2, nearby=animals=0 hostiles=0, mining_idle=true, hp=11.5/20.0, on_ground=true, pos=573,62,157, fall=0.0, held=minecraft:cobblestonex8, task_state=COMPLETED}
[01:49:29] [Server thread/INFO]: [AIBot] ACTION event=capability_decision bot=Bob {allowed=false, profile=strict_survival, capability=HIDDEN_BLOCK_SCAN, context=observable_block_query, reason=DENIED_STRICT_SURVIVAL}
[01:49:29] [Server thread/INFO]: [AIBot] ACTION event=capability_decision bot=Bob {allowed=false, profile=strict_survival, capability=HIDDEN_BLOCK_SCAN, context=perception_snapshot, reason=DENIED_STRICT_SURVIVAL}
[01:49:29] [Server thread/INFO]: [AIBot] ACTION event=capability_decision bot=Bob {allowed=false, profile=strict_survival, capability=HIDDEN_BLOCK_SCAN, context=diagnostic_nearby, reason=DENIED_STRICT_SURVIVAL}
[01:49:29] [Server thread/INFO]: [AIBot] ACTION event=diag_snapshot bot=Bob {submerged=false, light=14, step=, in_lava=false, task_phase=, goal=none, task_progress=1.0, task=idle, mode=survival, air=300, food=17, path_idle=true, inv=minecraft:stone_axex1 minecraft:wooden_swordx1 minecraft:crafting_tablex1 minecraft:stickx2 minecraft:wooden_pickaxex1 minecraft:wooden_axex1 minecraft:cobblestonex8 minecraft:stone_pickaxex1 minecraft:eggx1 minecraft:stone_swordx1 minecraft:raw_ironx2, nearby=animals=0 hostiles=0, mining_idle=true, hp=11.5/20.0, on_ground=true, pos=573,62,157, fall=0.0, held=minecraft:cobblestonex8, task_state=COMPLETED}
[01:49:29] [Server thread/INFO]: [AIBot] ACTION event=capability_decision bot=Bob {allowed=false, profile=strict_survival, capability=HIDDEN_BLOCK_SCAN, context=observable_entity_query, reason=DENIED_STRICT_SURVIVAL}
[01:49:31] [Server thread/INFO]: [AIBot] ACTION event=capability_decision bot=Bob {allowed=false, profile=strict_survival, capability=HIDDEN_BLOCK_SCAN, context=observable_cell_query, reason=DENIED_STRICT_SURVIVAL}
[01:49:31] [Server thread/INFO]: [AIBot] ACTION event=diag_snapshot bot=Bob {submerged=false, light=14, step=, in_lava=false, task_phase=, goal=none, task_progress=1.0, task=idle, mode=survival, air=300, food=17, path_idle=true, inv=minecraft:stone_axex1 minecraft:wooden_swordx1 minecraft:crafting_tablex1 minecraft:stickx2 minecraft:wooden_pickaxex1 minecraft:wooden_axex1 minecraft:cobblestonex8 minecraft:stone_pickaxex1 minecraft:eggx1 minecraft:stone_swordx1 minecraft:raw_ironx2, nearby=animals=0 hostiles=0, mining_idle=true, hp=11.5/20.0, on_ground=true, pos=573,62,157, fall=0.0, held=minecraft:cobblestonex8, task_state=COMPLETED}
[01:49:33] [Server thread/INFO]: [AIBot] ACTION event=diag_snapshot bot=Bob {submerged=false, light=14, step=, in_lava=false, task_phase=, goal=none, task_progress=1.0, task=idle, mode=survival, air=300, food=17, path_idle=true, inv=minecraft:stone_axex1 minecraft:wooden_swordx1 minecraft:crafting_tablex1 minecraft:stickx2 minecraft:wooden_pickaxex1 minecraft:wooden_axex1 minecraft:cobblestonex8 minecraft:stone_pickaxex1 minecraft:eggx1 minecraft:stone_swordx1 minecraft:raw_ironx2, nearby=animals=0 hostiles=0, mining_idle=true, hp=11.5/20.0, on_ground=true, pos=573,62,157, fall=0.0, held=minecraft:cobblestonex8, task_state=COMPLETED}
[01:49:34] [Server thread/INFO]: [AIBot] ACTION event=capability_decision bot=Bob {allowed=false, profile=strict_survival, capability=HIDDEN_BLOCK_SCAN, context=observable_block_query, reason=DENIED_STRICT_SURVIVAL}
[01:49:34] [Server thread/INFO]: [AIBot] ACTION event=capability_decision bot=Bob {allowed=false, profile=strict_survival, capability=HIDDEN_BLOCK_SCAN, context=perception_snapshot, reason=DENIED_STRICT_SURVIVAL}
[01:49:34] [Server thread/INFO]: [AIBot] ACTION event=capability_decision bot=Bob {allowed=false, profile=strict_survival, capability=HIDDEN_BLOCK_SCAN, context=observable_entity_query, reason=DENIED_STRICT_SURVIVAL}
[01:49:35] [Server thread/INFO]: [AIBot] ACTION event=capability_decision bot=Bob {allowed=false, profile=strict_survival, capability=HIDDEN_BLOCK_SCAN, context=diagnostic_nearby, reason=DENIED_STRICT_SURVIVAL}
[01:49:35] [Server thread/INFO]: [AIBot] ACTION event=diag_snapshot bot=Bob {submerged=false, light=14, step=, in_lava=false, task_phase=, goal=none, task_progress=1.0, task=idle, mode=survival, air=300, food=17, path_idle=true, inv=minecraft:stone_axex1 minecraft:wooden_swordx1 minecraft:crafting_tablex1 minecraft:stickx2 minecraft:wooden_pickaxex1 minecraft:wooden_axex1 minecraft:cobblestonex8 minecraft:stone_pickaxex1 minecraft:eggx1 minecraft:stone_swordx1 minecraft:raw_ironx2, nearby=animals=0 hostiles=0, mining_idle=true, hp=11.5/20.0, on_ground=true, pos=573,62,157, fall=0.0, held=minecraft:cobblestonex8, task_state=COMPLETED}
[01:49:35] [Server thread/WARN]: [AIBot] PERCEPTION event=snapshot_slow bot=Bob {elapsed_ms=11}
[01:49:36] [Server thread/INFO]: [AIBot] ACTION event=capability_decision bot=Bob {allowed=false, profile=strict_survival, capability=HIDDEN_BLOCK_SCAN, context=observable_cell_query, reason=DENIED_STRICT_SURVIVAL}
[01:49:37] [Server thread/INFO]: [AIBot] ACTION event=diag_snapshot bot=Bob {submerged=false, light=14, step=, in_lava=false, task_phase=, goal=none, task_progress=1.0, task=idle, mode=survival, air=300, food=17, path_idle=true, inv=minecraft:stone_axex1 minecraft:wooden_swordx1 minecraft:crafting_tablex1 minecraft:stickx2 minecraft:wooden_pickaxex1 minecraft:wooden_axex1 minecraft:cobblestonex8 minecraft:stone_pickaxex1 minecraft:eggx1 minecraft:stone_swordx1 minecraft:raw_ironx2, nearby=animals=0 hostiles=0, mining_idle=true, hp=11.5/20.0, on_ground=true, pos=573,62,157, fall=0.0, held=minecraft:cobblestonex8, task_state=COMPLETED}
[01:49:37] [Server thread/WARN]: [AIBot] PERCEPTION event=snapshot_slow bot=Bob {elapsed_ms=13}
[01:49:39] [Server thread/INFO]: [AIBot] LIFECYCLE event=mixin_alive bot=- {server_tick=9600}
[01:49:39] [Server thread/INFO]: [AIBot] ACTION event=capability_decision bot=Bob {allowed=false, profile=strict_survival, capability=HIDDEN_BLOCK_SCAN, context=observable_block_query, reason=DENIED_STRICT_SURVIVAL}
[01:49:39] [Server thread/INFO]: [AIBot] ACTION event=capability_decision bot=Bob {allowed=false, profile=strict_survival, capability=HIDDEN_BLOCK_SCAN, context=perception_snapshot, reason=DENIED_STRICT_SURVIVAL}
[01:49:39] [Server thread/INFO]: [AIBot] ACTION event=diag_snapshot bot=Bob {submerged=false, light=14, step=, in_lava=false, task_phase=, goal=none, task_progress=1.0, task=idle, mode=survival, air=300, food=17, path_idle=true, inv=minecraft:stone_axex1 minecraft:wooden_swordx1 minecraft:crafting_tablex1 minecraft:stickx2 minecraft:wooden_pickaxex1 minecraft:wooden_axex1 minecraft:cobblestonex8 minecraft:stone_pickaxex1 minecraft:eggx1 minecraft:stone_swordx1 minecraft:raw_ironx2, nearby=animals=0 hostiles=0, mining_idle=true, hp=11.5/20.0, on_ground=true, pos=573,62,157, fall=0.0, held=minecraft:cobblestonex8, task_state=COMPLETED}
[01:49:39] [Server thread/INFO]: [AIBot] ACTION event=capability_decision bot=Bob {allowed=false, profile=strict_survival, capability=HIDDEN_BLOCK_SCAN, context=observable_entity_query, reason=DENIED_STRICT_SURVIVAL}
[01:49:40] [Server thread/WARN]: [AIBot] PERCEPTION event=snapshot_slow bot=Bob {elapsed_ms=12}
[01:49:41] [Server thread/INFO]: [AIBot] ACTION event=capability_decision bot=Bob {allowed=false, profile=strict_survival, capability=HIDDEN_BLOCK_SCAN, context=observable_cell_query, reason=DENIED_STRICT_SURVIVAL}
[01:49:41] [Server thread/INFO]: [AIBot] ACTION event=capability_decision bot=Bob {allowed=false, profile=strict_survival, capability=HIDDEN_BLOCK_SCAN, context=diagnostic_nearby, reason=DENIED_STRICT_SURVIVAL}
[01:49:41] [Server thread/INFO]: [AIBot] ACTION event=diag_snapshot bot=Bob {submerged=false, light=14, step=, in_lava=false, task_phase=, goal=none, task_progress=1.0, task=idle, mode=survival, air=300, food=17, path_idle=true, inv=minecraft:stone_axex1 minecraft:wooden_swordx1 minecraft:crafting_tablex1 minecraft:stickx2 minecraft:wooden_pickaxex1 minecraft:wooden_axex1 minecraft:cobblestonex8 minecraft:stone_pickaxex1 minecraft:eggx1 minecraft:stone_swordx1 minecraft:raw_ironx2, nearby=animals=0 hostiles=0, mining_idle=true, hp=11.5/20.0, on_ground=true, pos=573,62,157, fall=0.0, held=minecraft:cobblestonex8, task_state=COMPLETED}
[01:49:42] [Server thread/WARN]: [AIBot] PERCEPTION event=snapshot_slow bot=Bob {elapsed_ms=16}
[01:49:43] [Server thread/INFO]: [AIBot] ACTION event=diag_snapshot bot=Bob {submerged=false, light=14, step=, in_lava=false, task_phase=, goal=none, task_progress=1.0, task=idle, mode=survival, air=300, food=17, path_idle=true, inv=minecraft:stone_axex1 minecraft:wooden_swordx1 minecraft:crafting_tablex1 minecraft:stickx2 minecraft:wooden_pickaxex1 minecraft:wooden_axex1 minecraft:cobblestonex8 minecraft:stone_pickaxex1 minecraft:eggx1 minecraft:stone_swordx1 minecraft:raw_ironx2, nearby=animals=0 hostiles=0, mining_idle=true, hp=11.5/20.0, on_ground=true, pos=573,62,157, fall=0.0, held=minecraft:cobblestonex8, task_state=COMPLETED}
[01:49:44] [Server thread/INFO]: [AIBot] ACTION event=capability_decision bot=Bob {allowed=false, profile=strict_survival, capability=HIDDEN_BLOCK_SCAN, context=observable_block_query, reason=DENIED_STRICT_SURVIVAL}
[01:49:44] [Server thread/INFO]: [AIBot] ACTION event=capability_decision bot=Bob {allowed=false, profile=strict_survival, capability=HIDDEN_BLOCK_SCAN, context=perception_snapshot, reason=DENIED_STRICT_SURVIVAL}
[01:49:44] [Server thread/INFO]: [AIBot] ACTION event=capability_decision bot=Bob {allowed=false, profile=strict_survival, capability=HIDDEN_BLOCK_SCAN, context=observable_entity_query, reason=DENIED_STRICT_SURVIVAL}
[01:49:44] [Server thread/WARN]: [AIBot] PERCEPTION event=snapshot_slow bot=Bob {elapsed_ms=12}
[01:49:45] [Server thread/INFO]: [AIBot] ACTION event=diag_snapshot bot=Bob {submerged=false, light=14, step=, in_lava=false, task_phase=, goal=none, task_progress=1.0, task=idle, mode=survival, air=300, food=17, path_idle=true, inv=minecraft:stone_axex1 minecraft:wooden_swordx1 minecraft:crafting_tablex1 minecraft:stickx2 minecraft:wooden_pickaxex1 minecraft:wooden_axex1 minecraft:cobblestonex8 minecraft:stone_pickaxex1 minecraft:eggx1 minecraft:stone_swordx1 minecraft:raw_ironx2, nearby=animals=0 hostiles=0, mining_idle=true, hp=11.5/20.0, on_ground=true, pos=573,62,157, fall=0.0, held=minecraft:cobblestonex8, task_state=COMPLETED}
[01:49:46] [Server thread/INFO]: [AIBot] ACTION event=capability_decision bot=Bob {allowed=false, profile=strict_survival, capability=HIDDEN_BLOCK_SCAN, context=observable_cell_query, reason=DENIED_STRICT_SURVIVAL}
[01:49:47] [Server thread/INFO]: [AIBot] ACTION event=capability_decision bot=Bob {allowed=false, profile=strict_survival, capability=HIDDEN_BLOCK_SCAN, context=diagnostic_nearby, reason=DENIED_STRICT_SURVIVAL}
[01:49:47] [Server thread/INFO]: [AIBot] ACTION event=diag_snapshot bot=Bob {submerged=false, light=14, step=, in_lava=false, task_phase=, goal=none, task_progress=1.0, task=idle, mode=survival, air=300, food=17, path_idle=true, inv=minecraft:stone_axex1 minecraft:wooden_swordx1 minecraft:crafting_tablex1 minecraft:stickx2 minecraft:wooden_pickaxex1 minecraft:wooden_axex1 minecraft:cobblestonex8 minecraft:stone_pickaxex1 minecraft:eggx1 minecraft:stone_swordx1 minecraft:raw_ironx2, nearby=animals=0 hostiles=0, mining_idle=true, hp=11.5/20.0, on_ground=true, pos=573,62,157, fall=0.0, held=minecraft:cobblestonex8, task_state=COMPLETED}
[01:49:47] [Server thread/WARN]: [AIBot] PERCEPTION event=snapshot_slow bot=Bob {elapsed_ms=11}
[01:49:49] [Server thread/INFO]: [AIBot] ACTION event=capability_decision bot=Bob {allowed=false, profile=strict_survival, capability=HIDDEN_BLOCK_SCAN, context=observable_block_query, reason=DENIED_STRICT_SURVIVAL}
[01:49:49] [Server thread/INFO]: [AIBot] ACTION event=capability_decision bot=Bob {allowed=false, profile=strict_survival, capability=HIDDEN_BLOCK_SCAN, context=perception_snapshot, reason=DENIED_STRICT_SURVIVAL}
[01:49:49] [Server thread/INFO]: [AIBot] ACTION event=diag_snapshot bot=Bob {submerged=false, light=14, step=, in_lava=false, task_phase=, goal=none, task_progress=1.0, task=idle, mode=survival, air=300, food=17, path_idle=true, inv=minecraft:stone_axex1 minecraft:wooden_swordx1 minecraft:crafting_tablex1 minecraft:stickx2 minecraft:wooden_pickaxex1 minecraft:wooden_axex1 minecraft:cobblestonex8 minecraft:stone_pickaxex1 minecraft:eggx1 minecraft:stone_swordx1 minecraft:raw_ironx2, nearby=animals=1(squid@13) hostiles=0, mining_idle=true, hp=11.5/20.0, on_ground=true, pos=573,62,157, fall=0.0, held=minecraft:cobblestonex8, task_state=COMPLETED}
[01:49:49] [Server thread/INFO]: [AIBot] ACTION event=capability_decision bot=Bob {allowed=false, profile=strict_survival, capability=HIDDEN_BLOCK_SCAN, context=observable_entity_query, reason=DENIED_STRICT_SURVIVAL}
[01:49:50] [Server thread/WARN]: [AIBot] PERCEPTION event=snapshot_slow bot=Bob {elapsed_ms=13}
[01:49:51] [Server thread/INFO]: [AIBot] ACTION event=capability_decision bot=Bob {allowed=false, profile=strict_survival, capability=HIDDEN_BLOCK_SCAN, context=observable_cell_query, reason=DENIED_STRICT_SURVIVAL}
[01:49:51] [Server thread/INFO]: [AIBot] ACTION event=diag_snapshot bot=Bob {submerged=false, light=14, step=, in_lava=false, task_phase=, goal=none, task_progress=1.0, task=idle, mode=survival, air=300, food=17, path_idle=true, inv=minecraft:stone_axex1 minecraft:wooden_swordx1 minecraft:crafting_tablex1 minecraft:stickx2 minecraft:wooden_pickaxex1 minecraft:wooden_axex1 minecraft:cobblestonex8 minecraft:stone_pickaxex1 minecraft:eggx1 minecraft:stone_swordx1 minecraft:raw_ironx2, nearby=animals=1(squid@11) hostiles=0, mining_idle=true, hp=11.5/20.0, on_ground=true, pos=573,62,157, fall=0.0, held=minecraft:cobblestonex8, task_state=COMPLETED}
[01:49:51] [Server thread/WARN]: [AIBot] PERCEPTION event=snapshot_slow bot=Bob {elapsed_ms=13}
[01:49:53] [Server thread/INFO]: [AIBot] ACTION event=capability_decision bot=Bob {allowed=false, profile=strict_survival, capability=HIDDEN_BLOCK_SCAN, context=diagnostic_nearby, reason=DENIED_STRICT_SURVIVAL}
[01:49:53] [Server thread/INFO]: [AIBot] ACTION event=diag_snapshot bot=Bob {submerged=false, light=14, step=, in_lava=false, task_phase=, goal=none, task_progress=1.0, task=idle, mode=survival, air=300, food=17, path_idle=true, inv=minecraft:stone_axex1 minecraft:wooden_swordx1 minecraft:crafting_tablex1 minecraft:stickx2 minecraft:wooden_pickaxex1 minecraft:wooden_axex1 minecraft:cobblestonex8 minecraft:stone_pickaxex1 minecraft:eggx1 minecraft:stone_swordx1 minecraft:raw_ironx2, nearby=animals=1(squid@10) hostiles=0, mining_idle=true, hp=11.5/20.0, on_ground=true, pos=573,62,157, fall=0.0, held=minecraft:cobblestonex8, task_state=COMPLETED}
[01:49:54] [Server thread/INFO]: [AIBot] ACTION event=capability_decision bot=Bob {allowed=false, profile=strict_survival, capability=HIDDEN_BLOCK_SCAN, context=observable_block_query, reason=DENIED_STRICT_SURVIVAL}
[01:49:54] [Server thread/INFO]: [AIBot] ACTION event=capability_decision bot=Bob {allowed=false, profile=strict_survival, capability=HIDDEN_BLOCK_SCAN, context=perception_snapshot, reason=DENIED_STRICT_SURVIVAL}
[01:49:54] [Server thread/INFO]: [AIBot] ACTION event=capability_decision bot=Bob {allowed=false, profile=strict_survival, capability=HIDDEN_BLOCK_SCAN, context=observable_entity_query, reason=DENIED_STRICT_SURVIVAL}
[01:49:54] [Server thread/WARN]: [AIBot] PERCEPTION event=snapshot_slow bot=Bob {elapsed_ms=16}
[01:49:55] [Server thread/INFO]: [AIBot] ACTION event=diag_snapshot bot=Bob {submerged=false, light=14, step=, in_lava=false, task_phase=, goal=none, task_progress=1.0, task=idle, mode=survival, air=300, food=17, path_idle=true, inv=minecraft:stone_axex1 minecraft:wooden_swordx1 minecraft:crafting_tablex1 minecraft:stickx2 minecraft:wooden_pickaxex1 minecraft:wooden_axex1 minecraft:cobblestonex8 minecraft:stone_pickaxex1 minecraft:eggx1 minecraft:stone_swordx1 minecraft:raw_ironx2, nearby=animals=1(squid@12) hostiles=0, mining_idle=true, hp=11.5/20.0, on_ground=true, pos=573,62,157, fall=0.0, held=minecraft:cobblestonex8, task_state=COMPLETED}
[01:49:56] [Server thread/INFO]: [AIBot] ACTION event=capability_decision bot=Bob {allowed=false, profile=strict_survival, capability=HIDDEN_BLOCK_SCAN, context=observable_cell_query, reason=DENIED_STRICT_SURVIVAL}
[01:49:56] [Server thread/WARN]: [AIBot] PERCEPTION event=snapshot_slow bot=Bob {elapsed_ms=17}
[01:49:57] [Server thread/INFO]: [AIBot] ACTION event=diag_snapshot bot=Bob {submerged=false, light=14, step=, in_lava=false, task_phase=, goal=none, task_progress=1.0, task=idle, mode=survival, air=300, food=17, path_idle=true, inv=minecraft:stone_axex1 minecraft:wooden_swordx1 minecraft:crafting_tablex1 minecraft:stickx2 minecraft:wooden_pickaxex1 minecraft:wooden_axex1 minecraft:cobblestonex8 minecraft:stone_pickaxex1 minecraft:eggx1 minecraft:stone_swordx1 minecraft:raw_ironx2, nearby=animals=1(squid@11) hostiles=0, mining_idle=true, hp=11.5/20.0, on_ground=true, pos=573,62,157, fall=0.0, held=minecraft:cobblestonex8, task_state=COMPLETED}
[01:49:59] [Server thread/INFO]: [AIBot] ACTION event=capability_decision bot=Bob {allowed=false, profile=strict_survival, capability=HIDDEN_BLOCK_SCAN, context=observable_block_query, reason=DENIED_STRICT_SURVIVAL}
[01:49:59] [Server thread/INFO]: [AIBot] ACTION event=capability_decision bot=Bob {allowed=false, profile=strict_survival, capability=HIDDEN_BLOCK_SCAN, context=perception_snapshot, reason=DENIED_STRICT_SURVIVAL}
[01:49:59] [Server thread/INFO]: [AIBot] ACTION event=capability_decision bot=Bob {allowed=false, profile=strict_survival, capability=HIDDEN_BLOCK_SCAN, context=diagnostic_nearby, reason=DENIED_STRICT_SURVIVAL}
[01:49:59] [Server thread/INFO]: [AIBot] ACTION event=diag_snapshot bot=Bob {submerged=false, light=14, step=, in_lava=false, task_phase=, goal=none, task_progress=1.0, task=idle, mode=survival, air=300, food=17, path_idle=true, inv=minecraft:stone_axex1 minecraft:wooden_swordx1 minecraft:crafting_tablex1 minecraft:stickx2 minecraft:wooden_pickaxex1 minecraft:wooden_axex1 minecraft:cobblestonex8 minecraft:stone_pickaxex1 minecraft:eggx1 minecraft:stone_swordx1 minecraft:raw_ironx2, nearby=animals=0 hostiles=0, mining_idle=true, hp=11.5/20.0, on_ground=true, pos=573,62,157, fall=0.0, held=minecraft:cobblestonex8, task_state=COMPLETED}
[01:49:59] [Server thread/INFO]: [AIBot] ACTION event=capability_decision bot=Bob {allowed=false, profile=strict_survival, capability=HIDDEN_BLOCK_SCAN, context=observable_entity_query, reason=DENIED_STRICT_SURVIVAL}
[01:50:01] [Server thread/INFO]: [AIBot] ACTION event=capability_decision bot=Bob {allowed=false, profile=strict_survival, capability=HIDDEN_BLOCK_SCAN, context=observable_cell_query, reason=DENIED_STRICT_SURVIVAL}
[01:50:01] [Server thread/INFO]: [AIBot] ACTION event=diag_snapshot bot=Bob {submerged=false, light=14, step=, in_lava=false, task_phase=, goal=none, task_progress=1.0, task=idle, mode=survival, air=300, food=17, path_idle=true, inv=minecraft:stone_axex1 minecraft:wooden_swordx1 minecraft:crafting_tablex1 minecraft:stickx2 minecraft:wooden_pickaxex1 minecraft:wooden_axex1 minecraft:cobblestonex8 minecraft:stone_pickaxex1 minecraft:eggx1 minecraft:stone_swordx1 minecraft:raw_ironx2, nearby=animals=0 hostiles=0, mining_idle=true, hp=11.5/20.0, on_ground=true, pos=573,62,157, fall=0.0, held=minecraft:cobblestonex8, task_state=COMPLETED}
[01:50:03] [Server thread/INFO]: [AIBot] ACTION event=diag_snapshot bot=Bob {submerged=false, light=14, step=, in_lava=false, task_phase=, goal=none, task_progress=1.0, task=idle, mode=survival, air=300, food=17, path_idle=true, inv=minecraft:stone_axex1 minecraft:wooden_swordx1 minecraft:crafting_tablex1 minecraft:stickx2 minecraft:wooden_pickaxex1 minecraft:wooden_axex1 minecraft:cobblestonex8 minecraft:stone_pickaxex1 minecraft:eggx1 minecraft:stone_swordx1 minecraft:raw_ironx2, nearby=animals=0 hostiles=0, mining_idle=true, hp=11.5/20.0, on_ground=true, pos=573,62,157, fall=0.0, held=minecraft:cobblestonex8, task_state=COMPLETED}
[01:50:04] [Server thread/INFO]: [AIBot] ACTION event=capability_decision bot=Bob {allowed=false, profile=strict_survival, capability=HIDDEN_BLOCK_SCAN, context=observable_block_query, reason=DENIED_STRICT_SURVIVAL}
[01:50:04] [Server thread/INFO]: [AIBot] ACTION event=capability_decision bot=Bob {allowed=false, profile=strict_survival, capability=HIDDEN_BLOCK_SCAN, context=perception_snapshot, reason=DENIED_STRICT_SURVIVAL}
[01:50:04] [Server thread/INFO]: [AIBot] ACTION event=capability_decision bot=Bob {allowed=false, profile=strict_survival, capability=HIDDEN_BLOCK_SCAN, context=observable_entity_query, reason=DENIED_STRICT_SURVIVAL}
[01:50:05] [Server thread/INFO]: [AIBot] ACTION event=capability_decision bot=Bob {allowed=false, profile=strict_survival, capability=HIDDEN_BLOCK_SCAN, context=diagnostic_nearby, reason=DENIED_STRICT_SURVIVAL}
[01:50:05] [Server thread/INFO]: [AIBot] ACTION event=diag_snapshot bot=Bob {submerged=false, light=14, step=, in_lava=false, task_phase=, goal=none, task_progress=1.0, task=idle, mode=survival, air=300, food=17, path_idle=true, inv=minecraft:stone_axex1 minecraft:wooden_swordx1 minecraft:crafting_tablex1 minecraft:stickx2 minecraft:wooden_pickaxex1 minecraft:wooden_axex1 minecraft:cobblestonex8 minecraft:stone_pickaxex1 minecraft:eggx1 minecraft:stone_swordx1 minecraft:raw_ironx2, nearby=animals=1(squid@9) hostiles=0, mining_idle=true, hp=11.5/20.0, on_ground=true, pos=573,62,157, fall=0.0, held=minecraft:cobblestonex8, task_state=COMPLETED}
[01:50:06] [Server thread/INFO]: [AIBot] ACTION event=capability_decision bot=Bob {allowed=false, profile=strict_survival, capability=HIDDEN_BLOCK_SCAN, context=observable_cell_query, reason=DENIED_STRICT_SURVIVAL}
[01:50:07] [Server thread/INFO]: [AIBot] ACTION event=diag_snapshot bot=Bob {submerged=false, light=14, step=, in_lava=false, task_phase=, goal=none, task_progress=1.0, task=idle, mode=survival, air=300, food=17, path_idle=true, inv=minecraft:stone_axex1 minecraft:wooden_swordx1 minecraft:crafting_tablex1 minecraft:stickx2 minecraft:wooden_pickaxex1 minecraft:wooden_axex1 minecraft:cobblestonex8 minecraft:stone_pickaxex1 minecraft:eggx1 minecraft:stone_swordx1 minecraft:raw_ironx2, nearby=animals=1(squid@7) hostiles=0, mining_idle=true, hp=11.5/20.0, on_ground=true, pos=573,62,157, fall=0.0, held=minecraft:cobblestonex8, task_state=COMPLETED}
[01:50:09] [Server thread/INFO]: [AIBot] ACTION event=capability_decision bot=Bob {allowed=false, profile=strict_survival, capability=HIDDEN_BLOCK_SCAN, context=observable_block_query, reason=DENIED_STRICT_SURVIVAL}
[01:50:09] [Server thread/INFO]: [AIBot] ACTION event=capability_decision bot=Bob {allowed=false, profile=strict_survival, capability=HIDDEN_BLOCK_SCAN, context=perception_snapshot, reason=DENIED_STRICT_SURVIVAL}
[01:50:09] [Server thread/INFO]: [AIBot] ACTION event=diag_snapshot bot=Bob {submerged=false, light=14, step=, in_lava=false, task_phase=, goal=none, task_progress=1.0, task=idle, mode=survival, air=300, food=17, path_idle=true, inv=minecraft:stone_axex1 minecraft:wooden_swordx1 minecraft:crafting_tablex1 minecraft:stickx2 minecraft:wooden_pickaxex1 minecraft:wooden_axex1 minecraft:cobblestonex8 minecraft:stone_pickaxex1 minecraft:eggx1 minecraft:stone_swordx1 minecraft:raw_ironx2, nearby=animals=0 hostiles=0, mining_idle=true, hp=11.5/20.0, on_ground=true, pos=573,62,157, fall=0.0, held=minecraft:cobblestonex8, task_state=COMPLETED}
[01:50:09] [Server thread/INFO]: [AIBot] ACTION event=capability_decision bot=Bob {allowed=false, profile=strict_survival, capability=HIDDEN_BLOCK_SCAN, context=observable_entity_query, reason=DENIED_STRICT_SURVIVAL}
[01:50:11] [Server thread/INFO]: [AIBot] ACTION event=capability_decision bot=Bob {allowed=false, profile=strict_survival, capability=HIDDEN_BLOCK_SCAN, context=observable_cell_query, reason=DENIED_STRICT_SURVIVAL}
[01:50:11] [Server thread/INFO]: [AIBot] ACTION event=capability_decision bot=Bob {allowed=false, profile=strict_survival, capability=HIDDEN_BLOCK_SCAN, context=diagnostic_nearby, reason=DENIED_STRICT_SURVIVAL}
[01:50:11] [Server thread/INFO]: [AIBot] ACTION event=diag_snapshot bot=Bob {submerged=false, light=14, step=, in_lava=false, task_phase=, goal=none, task_progress=1.0, task=idle, mode=survival, air=300, food=17, path_idle=true, inv=minecraft:stone_axex1 minecraft:wooden_swordx1 minecraft:crafting_tablex1 minecraft:stickx2 minecraft:wooden_pickaxex1 minecraft:wooden_axex1 minecraft:cobblestonex8 minecraft:stone_pickaxex1 minecraft:eggx1 minecraft:stone_swordx1 minecraft:raw_ironx2, nearby=animals=0 hostiles=0, mining_idle=true, hp=11.5/20.0, on_ground=true, pos=573,62,157, fall=0.0, held=minecraft:cobblestonex8, task_state=COMPLETED}
[01:50:12] [Server thread/WARN]: [AIBot] PERCEPTION event=snapshot_slow bot=Bob {elapsed_ms=12}
[01:50:13] [Server thread/INFO]: [AIBot] ACTION event=diag_snapshot bot=Bob {submerged=false, light=14, step=, in_lava=false, task_phase=, goal=none, task_progress=1.0, task=idle, mode=survival, air=300, food=17, path_idle=true, inv=minecraft:stone_axex1 minecraft:wooden_swordx1 minecraft:crafting_tablex1 minecraft:stickx2 minecraft:wooden_pickaxex1 minecraft:wooden_axex1 minecraft:cobblestonex8 minecraft:stone_pickaxex1 minecraft:eggx1 minecraft:stone_swordx1 minecraft:raw_ironx2, nearby=animals=0 hostiles=0, mining_idle=true, hp=11.5/20.0, on_ground=true, pos=573,62,157, fall=0.0, held=minecraft:cobblestonex8, task_state=COMPLETED}
[01:50:14] [Server thread/INFO]: [AIBot] ACTION event=capability_decision bot=Bob {allowed=false, profile=strict_survival, capability=HIDDEN_BLOCK_SCAN, context=observable_block_query, reason=DENIED_STRICT_SURVIVAL}
[01:50:14] [Server thread/INFO]: [AIBot] ACTION event=capability_decision bot=Bob {allowed=false, profile=strict_survival, capability=HIDDEN_BLOCK_SCAN, context=perception_snapshot, reason=DENIED_STRICT_SURVIVAL}
[01:50:14] [Server thread/INFO]: [AIBot] ACTION event=capability_decision bot=Bob {allowed=false, profile=strict_survival, capability=HIDDEN_BLOCK_SCAN, context=observable_entity_query, reason=DENIED_STRICT_SURVIVAL}
[01:50:14] [Server thread/WARN]: [AIBot] PERCEPTION event=snapshot_slow bot=Bob {elapsed_ms=13}
[01:50:15] [Server thread/WARN]: [AIBot] PERCEPTION event=snapshot_slow bot=Bob {elapsed_ms=12}
[01:50:15] [Server thread/INFO]: [AIBot] ACTION event=diag_snapshot bot=Bob {submerged=false, light=14, step=, in_lava=false, task_phase=, goal=none, task_progress=1.0, task=idle, mode=survival, air=300, food=17, path_idle=true, inv=minecraft:stone_axex1 minecraft:wooden_swordx1 minecraft:crafting_tablex1 minecraft:stickx2 minecraft:wooden_pickaxex1 minecraft:wooden_axex1 minecraft:cobblestonex8 minecraft:stone_pickaxex1 minecraft:eggx1 minecraft:stone_swordx1 minecraft:raw_ironx2, nearby=animals=0 hostiles=0, mining_idle=true, hp=11.5/20.0, on_ground=true, pos=573,62,157, fall=0.0, held=minecraft:cobblestonex8, task_state=COMPLETED}
[01:50:16] [Server thread/INFO]: [AIBot] ACTION event=capability_decision bot=Bob {allowed=false, profile=strict_survival, capability=HIDDEN_BLOCK_SCAN, context=observable_cell_query, reason=DENIED_STRICT_SURVIVAL}
[01:50:16] [Server thread/WARN]: [AIBot] PERCEPTION event=snapshot_slow bot=Bob {elapsed_ms=12}
[01:50:16] [Server thread/WARN]: [AIBot] PERCEPTION event=snapshot_slow bot=Bob {elapsed_ms=11}
[01:50:17] [Server thread/INFO]: [AIBot] ACTION event=capability_decision bot=Bob {allowed=false, profile=strict_survival, capability=HIDDEN_BLOCK_SCAN, context=diagnostic_nearby, reason=DENIED_STRICT_SURVIVAL}
[01:50:17] [Server thread/INFO]: [AIBot] ACTION event=diag_snapshot bot=Bob {submerged=false, light=14, step=, in_lava=false, task_phase=, goal=none, task_progress=1.0, task=idle, mode=survival, air=300, food=17, path_idle=true, inv=minecraft:stone_axex1 minecraft:wooden_swordx1 minecraft:crafting_tablex1 minecraft:stickx2 minecraft:wooden_pickaxex1 minecraft:wooden_axex1 minecraft:cobblestonex8 minecraft:stone_pickaxex1 minecraft:eggx1 minecraft:stone_swordx1 minecraft:raw_ironx2, nearby=animals=0 hostiles=0, mining_idle=true, hp=11.5/20.0, on_ground=true, pos=573,62,157, fall=0.0, held=minecraft:cobblestonex8, task_state=COMPLETED}
[01:50:19] [Server thread/INFO]: [AIBot] ACTION event=capability_decision bot=Bob {allowed=false, profile=strict_survival, capability=HIDDEN_BLOCK_SCAN, context=observable_block_query, reason=DENIED_STRICT_SURVIVAL}
[01:50:19] [Server thread/INFO]: [AIBot] ACTION event=capability_decision bot=Bob {allowed=false, profile=strict_survival, capability=HIDDEN_BLOCK_SCAN, context=perception_snapshot, reason=DENIED_STRICT_SURVIVAL}
[01:50:19] [Server thread/INFO]: [AIBot] ACTION event=diag_snapshot bot=Bob {submerged=false, light=14, step=, in_lava=false, task_phase=, goal=none, task_progress=1.0, task=idle, mode=survival, air=300, food=17, path_idle=true, inv=minecraft:stone_axex1 minecraft:wooden_swordx1 minecraft:crafting_tablex1 minecraft:stickx2 minecraft:wooden_pickaxex1 minecraft:wooden_axex1 minecraft:cobblestonex8 minecraft:stone_pickaxex1 minecraft:eggx1 minecraft:stone_swordx1 minecraft:raw_ironx2, nearby=animals=0 hostiles=0, mining_idle=true, hp=11.5/20.0, on_ground=true, pos=573,62,157, fall=0.0, held=minecraft:cobblestonex8, task_state=COMPLETED}
[01:50:19] [Server thread/INFO]: [AIBot] ACTION event=capability_decision bot=Bob {allowed=false, profile=strict_survival, capability=HIDDEN_BLOCK_SCAN, context=observable_entity_query, reason=DENIED_STRICT_SURVIVAL}
[01:50:21] [Server thread/INFO]: [AIBot] ACTION event=capability_decision bot=Bob {allowed=false, profile=strict_survival, capability=HIDDEN_BLOCK_SCAN, context=observable_cell_query, reason=DENIED_STRICT_SURVIVAL}
[01:50:21] [Server thread/INFO]: [AIBot] ACTION event=diag_snapshot bot=Bob {submerged=false, light=14, step=, in_lava=false, task_phase=, goal=none, task_progress=1.0, task=idle, mode=survival, air=300, food=17, path_idle=true, inv=minecraft:stone_axex1 minecraft:wooden_swordx1 minecraft:crafting_tablex1 minecraft:stickx2 minecraft:wooden_pickaxex1 minecraft:wooden_axex1 minecraft:cobblestonex8 minecraft:stone_pickaxex1 minecraft:eggx1 minecraft:stone_swordx1 minecraft:raw_ironx2, nearby=animals=0 hostiles=0, mining_idle=true, hp=11.5/20.0, on_ground=true, pos=573,62,157, fall=0.0, held=minecraft:cobblestonex8, task_state=COMPLETED}
[01:50:23] [Server thread/WARN]: [AIBot] PERCEPTION event=snapshot_slow bot=Bob {elapsed_ms=12}
[01:50:23] [Server thread/INFO]: [AIBot] ACTION event=capability_decision bot=Bob {allowed=false, profile=strict_survival, capability=HIDDEN_BLOCK_SCAN, context=diagnostic_nearby, reason=DENIED_STRICT_SURVIVAL}
[01:50:23] [Server thread/INFO]: [AIBot] ACTION event=diag_snapshot bot=Bob {submerged=false, light=14, step=, in_lava=false, task_phase=, goal=none, task_progress=1.0, task=idle, mode=survival, air=300, food=17, path_idle=true, inv=minecraft:stone_axex1 minecraft:wooden_swordx1 minecraft:crafting_tablex1 minecraft:stickx2 minecraft:wooden_pickaxex1 minecraft:wooden_axex1 minecraft:cobblestonex8 minecraft:stone_pickaxex1 minecraft:eggx1 minecraft:stone_swordx1 minecraft:raw_ironx2, nearby=animals=0 hostiles=0, mining_idle=true, hp=11.5/20.0, on_ground=true, pos=573,62,157, fall=0.0, held=minecraft:cobblestonex8, task_state=COMPLETED}
[01:50:23] [Server thread/WARN]: [AIBot] PERCEPTION event=snapshot_slow bot=Bob {elapsed_ms=13}
[01:50:24] [Server thread/INFO]: [AIBot] ACTION event=capability_decision bot=Bob {allowed=false, profile=strict_survival, capability=HIDDEN_BLOCK_SCAN, context=observable_block_query, reason=DENIED_STRICT_SURVIVAL}
[01:50:24] [Server thread/INFO]: [AIBot] ACTION event=capability_decision bot=Bob {allowed=false, profile=strict_survival, capability=HIDDEN_BLOCK_SCAN, context=perception_snapshot, reason=DENIED_STRICT_SURVIVAL}
[01:50:24] [Server thread/INFO]: [AIBot] ACTION event=capability_decision bot=Bob {allowed=false, profile=strict_survival, capability=HIDDEN_BLOCK_SCAN, context=observable_entity_query, reason=DENIED_STRICT_SURVIVAL}
[01:50:25] [Server thread/INFO]: [AIBot] ACTION event=diag_snapshot bot=Bob {submerged=false, light=14, step=, in_lava=false, task_phase=, goal=none, task_progress=1.0, task=idle, mode=survival, air=300, food=17, path_idle=true, inv=minecraft:stone_axex1 minecraft:wooden_swordx1 minecraft:crafting_tablex1 minecraft:stickx2 minecraft:wooden_pickaxex1 minecraft:wooden_axex1 minecraft:cobblestonex8 minecraft:stone_pickaxex1 minecraft:eggx1 minecraft:stone_swordx1 minecraft:raw_ironx2, nearby=animals=0 hostiles=0, mining_idle=true, hp=11.5/20.0, on_ground=true, pos=573,62,157, fall=0.0, held=minecraft:cobblestonex8, task_state=COMPLETED}
[01:50:26] [Server thread/INFO]: [AIBot] ACTION event=capability_decision bot=Bob {allowed=false, profile=strict_survival, capability=HIDDEN_BLOCK_SCAN, context=observable_cell_query, reason=DENIED_STRICT_SURVIVAL}
[01:50:27] [Server thread/INFO]: [AIBot] ACTION event=diag_snapshot bot=Bob {submerged=false, light=14, step=, in_lava=false, task_phase=, goal=none, task_progress=1.0, task=idle, mode=survival, air=300, food=17, path_idle=true, inv=minecraft:stone_axex1 minecraft:wooden_swordx1 minecraft:crafting_tablex1 minecraft:stickx2 minecraft:wooden_pickaxex1 minecraft:wooden_axex1 minecraft:cobblestonex8 minecraft:stone_pickaxex1 minecraft:eggx1 minecraft:stone_swordx1 minecraft:raw_ironx2, nearby=animals=0 hostiles=0, mining_idle=true, hp=11.5/20.0, on_ground=true, pos=573,62,157, fall=0.0, held=minecraft:cobblestonex8, task_state=COMPLETED}
[01:50:27] [Server thread/WARN]: [AIBot] PERCEPTION event=snapshot_slow bot=Bob {elapsed_ms=14}
[01:50:29] [Server thread/INFO]: [AIBot] ACTION event=capability_decision bot=Bob {allowed=false, profile=strict_survival, capability=HIDDEN_BLOCK_SCAN, context=observable_block_query, reason=DENIED_STRICT_SURVIVAL}
[01:50:29] [Server thread/INFO]: [AIBot] ACTION event=capability_decision bot=Bob {allowed=false, profile=strict_survival, capability=HIDDEN_BLOCK_SCAN, context=perception_snapshot, reason=DENIED_STRICT_SURVIVAL}
[01:50:29] [Server thread/INFO]: [AIBot] ACTION event=capability_decision bot=Bob {allowed=false, profile=strict_survival, capability=HIDDEN_BLOCK_SCAN, context=diagnostic_nearby, reason=DENIED_STRICT_SURVIVAL}
[01:50:29] [Server thread/INFO]: [AIBot] ACTION event=diag_snapshot bot=Bob {submerged=false, light=14, step=, in_lava=false, task_phase=, goal=none, task_progress=1.0, task=idle, mode=survival, air=300, food=17, path_idle=true, inv=minecraft:stone_axex1 minecraft:wooden_swordx1 minecraft:crafting_tablex1 minecraft:stickx2 minecraft:wooden_pickaxex1 minecraft:wooden_axex1 minecraft:cobblestonex8 minecraft:stone_pickaxex1 minecraft:eggx1 minecraft:stone_swordx1 minecraft:raw_ironx2, nearby=animals=1(squid@7) hostiles=0, mining_idle=true, hp=11.5/20.0, on_ground=true, pos=573,62,157, fall=0.0, held=minecraft:cobblestonex8, task_state=COMPLETED}
[01:50:29] [Server thread/INFO]: [AIBot] ACTION event=capability_decision bot=Bob {allowed=false, profile=strict_survival, capability=HIDDEN_BLOCK_SCAN, context=observable_entity_query, reason=DENIED_STRICT_SURVIVAL}
[01:50:31] [Server thread/INFO]: [AIBot] ACTION event=capability_decision bot=Bob {allowed=false, profile=strict_survival, capability=HIDDEN_BLOCK_SCAN, context=observable_cell_query, reason=DENIED_STRICT_SURVIVAL}
[01:50:31] [Server thread/INFO]: [AIBot] ACTION event=diag_snapshot bot=Bob {submerged=false, light=14, step=, in_lava=false, task_phase=, goal=none, task_progress=1.0, task=idle, mode=survival, air=300, food=17, path_idle=true, inv=minecraft:stone_axex1 minecraft:wooden_swordx1 minecraft:crafting_tablex1 minecraft:stickx2 minecraft:wooden_pickaxex1 minecraft:wooden_axex1 minecraft:cobblestonex8 minecraft:stone_pickaxex1 minecraft:eggx1 minecraft:stone_swordx1 minecraft:raw_ironx2, nearby=animals=1(squid@6) hostiles=0, mining_idle=true, hp=11.5/20.0, on_ground=true, pos=573,62,157, fall=0.0, held=minecraft:cobblestonex8, task_state=COMPLETED}
[01:50:33] [Server thread/INFO]: [AIBot] ACTION event=diag_snapshot bot=Bob {submerged=false, light=14, step=, in_lava=false, task_phase=, goal=none, task_progress=1.0, task=idle, mode=survival, air=300, food=17, path_idle=true, inv=minecraft:stone_axex1 minecraft:wooden_swordx1 minecraft:crafting_tablex1 minecraft:stickx2 minecraft:wooden_pickaxex1 minecraft:wooden_axex1 minecraft:cobblestonex8 minecraft:stone_pickaxex1 minecraft:eggx1 minecraft:stone_swordx1 minecraft:raw_ironx2, nearby=animals=1(squid@4) hostiles=0, mining_idle=true, hp=11.5/20.0, on_ground=true, pos=573,62,157, fall=0.0, held=minecraft:cobblestonex8, task_state=COMPLETED}
[01:50:33] [Server thread/WARN]: [AIBot] PERCEPTION event=snapshot_slow bot=Bob {elapsed_ms=12}
[01:50:34] [Server thread/INFO]: [AIBot] ACTION event=capability_decision bot=Bob {allowed=false, profile=strict_survival, capability=HIDDEN_BLOCK_SCAN, context=observable_block_query, reason=DENIED_STRICT_SURVIVAL}
[01:50:34] [Server thread/INFO]: [AIBot] ACTION event=capability_decision bot=Bob {allowed=false, profile=strict_survival, capability=HIDDEN_BLOCK_SCAN, context=perception_snapshot, reason=DENIED_STRICT_SURVIVAL}
[01:50:34] [Server thread/INFO]: [AIBot] ACTION event=capability_decision bot=Bob {allowed=false, profile=strict_survival, capability=HIDDEN_BLOCK_SCAN, context=observable_entity_query, reason=DENIED_STRICT_SURVIVAL}
[01:50:35] [Server thread/WARN]: [AIBot] PERCEPTION event=snapshot_slow bot=Bob {elapsed_ms=11}
[01:50:35] [Server thread/INFO]: [AIBot] ACTION event=capability_decision bot=Bob {allowed=false, profile=strict_survival, capability=HIDDEN_BLOCK_SCAN, context=diagnostic_nearby, reason=DENIED_STRICT_SURVIVAL}
[01:50:35] [Server thread/INFO]: [AIBot] ACTION event=diag_snapshot bot=Bob {submerged=false, light=14, step=, in_lava=false, task_phase=, goal=none, task_progress=1.0, task=idle, mode=survival, air=300, food=17, path_idle=true, inv=minecraft:stone_axex1 minecraft:wooden_swordx1 minecraft:crafting_tablex1 minecraft:stickx2 minecraft:wooden_pickaxex1 minecraft:wooden_axex1 minecraft:cobblestonex8 minecraft:stone_pickaxex1 minecraft:eggx1 minecraft:stone_swordx1 minecraft:raw_ironx2, nearby=animals=0 hostiles=0, mining_idle=true, hp=11.5/20.0, on_ground=true, pos=573,62,157, fall=0.0, held=minecraft:cobblestonex8, task_state=COMPLETED}
[01:50:35] [Server thread/WARN]: [AIBot] PERCEPTION event=snapshot_slow bot=Bob {elapsed_ms=13}
[01:50:36] [Server thread/INFO]: [AIBot] ACTION event=capability_decision bot=Bob {allowed=false, profile=strict_survival, capability=HIDDEN_BLOCK_SCAN, context=observable_cell_query, reason=DENIED_STRICT_SURVIVAL}
[01:50:37] [Server thread/INFO]: [AIBot] ACTION event=diag_snapshot bot=Bob {submerged=false, light=14, step=, in_lava=false, task_phase=, goal=none, task_progress=1.0, task=idle, mode=survival, air=300, food=17, path_idle=true, inv=minecraft:stone_axex1 minecraft:wooden_swordx1 minecraft:crafting_tablex1 minecraft:stickx2 minecraft:wooden_pickaxex1 minecraft:wooden_axex1 minecraft:cobblestonex8 minecraft:stone_pickaxex1 minecraft:eggx1 minecraft:stone_swordx1 minecraft:raw_ironx2, nearby=animals=0 hostiles=0, mining_idle=true, hp=11.5/20.0, on_ground=true, pos=573,62,157, fall=0.0, held=minecraft:cobblestonex8, task_state=COMPLETED}
[01:50:39] [Server thread/INFO]: [AIBot] LIFECYCLE event=mixin_alive bot=- {server_tick=10800}
[01:50:39] [Server thread/INFO]: [AIBot] ACTION event=capability_decision bot=Bob {allowed=false, profile=strict_survival, capability=HIDDEN_BLOCK_SCAN, context=observable_block_query, reason=DENIED_STRICT_SURVIVAL}
[01:50:39] [Server thread/INFO]: [AIBot] ACTION event=capability_decision bot=Bob {allowed=false, profile=strict_survival, capability=HIDDEN_BLOCK_SCAN, context=perception_snapshot, reason=DENIED_STRICT_SURVIVAL}
[01:50:39] [Server thread/WARN]: [AIBot] PERCEPTION event=snapshot_slow bot=Bob {elapsed_ms=14}
[01:50:39] [Server thread/INFO]: [AIBot] ACTION event=diag_snapshot bot=Bob {submerged=false, light=14, step=, in_lava=false, task_phase=, goal=none, task_progress=1.0, task=idle, mode=survival, air=300, food=17, path_idle=true, inv=minecraft:stone_axex1 minecraft:wooden_swordx1 minecraft:crafting_tablex1 minecraft:stickx2 minecraft:wooden_pickaxex1 minecraft:wooden_axex1 minecraft:cobblestonex8 minecraft:stone_pickaxex1 minecraft:eggx1 minecraft:stone_swordx1 minecraft:raw_ironx2, nearby=animals=0 hostiles=0, mining_idle=true, hp=11.5/20.0, on_ground=true, pos=573,62,157, fall=0.0, held=minecraft:cobblestonex8, task_state=COMPLETED}
[01:50:39] [Server thread/INFO]: [AIBot] ACTION event=capability_decision bot=Bob {allowed=false, profile=strict_survival, capability=HIDDEN_BLOCK_SCAN, context=observable_entity_query, reason=DENIED_STRICT_SURVIVAL}
[01:50:40] [Server thread/WARN]: [AIBot] PERCEPTION event=snapshot_slow bot=Bob {elapsed_ms=16}
[01:50:41] [Server thread/INFO]: [AIBot] ACTION event=capability_decision bot=Bob {allowed=false, profile=strict_survival, capability=HIDDEN_BLOCK_SCAN, context=observable_cell_query, reason=DENIED_STRICT_SURVIVAL}
[01:50:41] [Server thread/INFO]: [AIBot] ACTION event=capability_decision bot=Bob {allowed=false, profile=strict_survival, capability=HIDDEN_BLOCK_SCAN, context=diagnostic_nearby, reason=DENIED_STRICT_SURVIVAL}
[01:50:41] [Server thread/INFO]: [AIBot] ACTION event=diag_snapshot bot=Bob {submerged=false, light=14, step=, in_lava=false, task_phase=, goal=none, task_progress=1.0, task=idle, mode=survival, air=300, food=17, path_idle=true, inv=minecraft:stone_axex1 minecraft:wooden_swordx1 minecraft:crafting_tablex1 minecraft:stickx2 minecraft:wooden_pickaxex1 minecraft:wooden_axex1 minecraft:cobblestonex8 minecraft:stone_pickaxex1 minecraft:eggx1 minecraft:stone_swordx1 minecraft:raw_ironx2, nearby=animals=0 hostiles=0, mining_idle=true, hp=11.5/20.0, on_ground=true, pos=573,62,157, fall=0.0, held=minecraft:cobblestonex8, task_state=COMPLETED}
[01:50:43] [Server thread/INFO]: [AIBot] ACTION event=diag_snapshot bot=Bob {submerged=false, light=14, step=, in_lava=false, task_phase=, goal=none, task_progress=1.0, task=idle, mode=survival, air=300, food=17, path_idle=true, inv=minecraft:stone_axex1 minecraft:wooden_swordx1 minecraft:crafting_tablex1 minecraft:stickx2 minecraft:wooden_pickaxex1 minecraft:wooden_axex1 minecraft:cobblestonex8 minecraft:stone_pickaxex1 minecraft:eggx1 minecraft:stone_swordx1 minecraft:raw_ironx2, nearby=animals=1(squid@7) hostiles=0, mining_idle=true, hp=11.5/20.0, on_ground=true, pos=573,62,157, fall=0.0, held=minecraft:cobblestonex8, task_state=COMPLETED}
[01:50:44] [Server thread/INFO]: [AIBot] ACTION event=capability_decision bot=Bob {allowed=false, profile=strict_survival, capability=HIDDEN_BLOCK_SCAN, context=observable_block_query, reason=DENIED_STRICT_SURVIVAL}
[01:50:44] [Server thread/INFO]: [AIBot] ACTION event=capability_decision bot=Bob {allowed=false, profile=strict_survival, capability=HIDDEN_BLOCK_SCAN, context=perception_snapshot, reason=DENIED_STRICT_SURVIVAL}
[01:50:44] [Server thread/INFO]: [AIBot] ACTION event=capability_decision bot=Bob {allowed=false, profile=strict_survival, capability=HIDDEN_BLOCK_SCAN, context=observable_entity_query, reason=DENIED_STRICT_SURVIVAL}
[01:50:45] [Server thread/INFO]: [AIBot] ACTION event=diag_snapshot bot=Bob {submerged=false, light=14, step=, in_lava=false, task_phase=, goal=none, task_progress=1.0, task=idle, mode=survival, air=300, food=17, path_idle=true, inv=minecraft:stone_axex1 minecraft:wooden_swordx1 minecraft:crafting_tablex1 minecraft:stickx2 minecraft:wooden_pickaxex1 minecraft:wooden_axex1 minecraft:cobblestonex8 minecraft:stone_pickaxex1 minecraft:eggx1 minecraft:stone_swordx1 minecraft:raw_ironx2, nearby=animals=1(squid@9) hostiles=0, mining_idle=true, hp=11.5/20.0, on_ground=true, pos=573,62,157, fall=0.0, held=minecraft:cobblestonex8, task_state=COMPLETED}
[01:50:46] [Server thread/INFO]: [AIBot] ACTION event=capability_decision bot=Bob {allowed=false, profile=strict_survival, capability=HIDDEN_BLOCK_SCAN, context=observable_cell_query, reason=DENIED_STRICT_SURVIVAL}
[01:50:47] [Server thread/INFO]: [AIBot] ACTION event=capability_decision bot=Bob {allowed=false, profile=strict_survival, capability=HIDDEN_BLOCK_SCAN, context=diagnostic_nearby, reason=DENIED_STRICT_SURVIVAL}
[01:50:47] [Server thread/INFO]: [AIBot] ACTION event=diag_snapshot bot=Bob {submerged=false, light=14, step=, in_lava=false, task_phase=, goal=none, task_progress=1.0, task=idle, mode=survival, air=300, food=17, path_idle=true, inv=minecraft:stone_axex1 minecraft:wooden_swordx1 minecraft:crafting_tablex1 minecraft:stickx2 minecraft:wooden_pickaxex1 minecraft:wooden_axex1 minecraft:cobblestonex8 minecraft:stone_pickaxex1 minecraft:eggx1 minecraft:stone_swordx1 minecraft:raw_ironx2, nearby=animals=0 hostiles=0, mining_idle=true, hp=11.5/20.0, on_ground=true, pos=573,62,157, fall=0.0, held=minecraft:cobblestonex8, task_state=COMPLETED}
[01:50:47] [Server thread/WARN]: [AIBot] PERCEPTION event=snapshot_slow bot=Bob {elapsed_ms=13}
[01:50:49] [Server thread/INFO]: [AIBot] ACTION event=capability_decision bot=Bob {allowed=false, profile=strict_survival, capability=HIDDEN_BLOCK_SCAN, context=observable_block_query, reason=DENIED_STRICT_SURVIVAL}
[01:50:49] [Server thread/INFO]: [AIBot] ACTION event=capability_decision bot=Bob {allowed=false, profile=strict_survival, capability=HIDDEN_BLOCK_SCAN, context=perception_snapshot, reason=DENIED_STRICT_SURVIVAL}
[01:50:49] [Server thread/INFO]: [AIBot] ACTION event=diag_snapshot bot=Bob {submerged=false, light=14, step=, in_lava=false, task_phase=, goal=none, task_progress=1.0, task=idle, mode=survival, air=300, food=17, path_idle=true, inv=minecraft:stone_axex1 minecraft:wooden_swordx1 minecraft:crafting_tablex1 minecraft:stickx2 minecraft:wooden_pickaxex1 minecraft:wooden_axex1 minecraft:cobblestonex8 minecraft:stone_pickaxex1 minecraft:eggx1 minecraft:stone_swordx1 minecraft:raw_ironx2, nearby=animals=0 hostiles=0, mining_idle=true, hp=11.5/20.0, on_ground=true, pos=573,62,157, fall=0.0, held=minecraft:cobblestonex8, task_state=COMPLETED}
[01:50:49] [Server thread/INFO]: [AIBot] ACTION event=capability_decision bot=Bob {allowed=false, profile=strict_survival, capability=HIDDEN_BLOCK_SCAN, context=observable_entity_query, reason=DENIED_STRICT_SURVIVAL}
[01:50:50] [Server thread/WARN]: [AIBot] PERCEPTION event=snapshot_slow bot=Bob {elapsed_ms=13}
[01:50:51] [Server thread/INFO]: [AIBot] ACTION event=capability_decision bot=Bob {allowed=false, profile=strict_survival, capability=HIDDEN_BLOCK_SCAN, context=observable_cell_query, reason=DENIED_STRICT_SURVIVAL}
[01:50:51] [Server thread/INFO]: [AIBot] ACTION event=diag_snapshot bot=Bob {submerged=false, light=14, step=, in_lava=false, task_phase=, goal=none, task_progress=1.0, task=idle, mode=survival, air=300, food=17, path_idle=true, inv=minecraft:stone_axex1 minecraft:wooden_swordx1 minecraft:crafting_tablex1 minecraft:stickx2 minecraft:wooden_pickaxex1 minecraft:wooden_axex1 minecraft:cobblestonex8 minecraft:stone_pickaxex1 minecraft:eggx1 minecraft:stone_swordx1 minecraft:raw_ironx2, nearby=animals=0 hostiles=0, mining_idle=true, hp=11.5/20.0, on_ground=true, pos=573,62,157, fall=0.0, held=minecraft:cobblestonex8, task_state=COMPLETED}
[01:50:53] [Server thread/WARN]: [AIBot] PERCEPTION event=snapshot_slow bot=Bob {elapsed_ms=12}
[01:50:53] [Server thread/INFO]: [AIBot] ACTION event=capability_decision bot=Bob {allowed=false, profile=strict_survival, capability=HIDDEN_BLOCK_SCAN, context=diagnostic_nearby, reason=DENIED_STRICT_SURVIVAL}
[01:50:53] [Server thread/INFO]: [AIBot] ACTION event=diag_snapshot bot=Bob {submerged=false, light=14, step=, in_lava=false, task_phase=, goal=none, task_progress=1.0, task=idle, mode=survival, air=300, food=17, path_idle=true, inv=minecraft:stone_axex1 minecraft:wooden_swordx1 minecraft:crafting_tablex1 minecraft:stickx2 minecraft:wooden_pickaxex1 minecraft:wooden_axex1 minecraft:cobblestonex8 minecraft:stone_pickaxex1 minecraft:eggx1 minecraft:stone_swordx1 minecraft:raw_ironx2, nearby=animals=1(squid@11) hostiles=0, mining_idle=true, hp=11.5/20.0, on_ground=true, pos=573,62,157, fall=0.0, held=minecraft:cobblestonex8, task_state=COMPLETED}
[01:50:54] [Server thread/INFO]: [AIBot] ACTION event=capability_decision bot=Bob {allowed=false, profile=strict_survival, capability=HIDDEN_BLOCK_SCAN, context=observable_block_query, reason=DENIED_STRICT_SURVIVAL}
[01:50:54] [Server thread/INFO]: [AIBot] ACTION event=capability_decision bot=Bob {allowed=false, profile=strict_survival, capability=HIDDEN_BLOCK_SCAN, context=perception_snapshot, reason=DENIED_STRICT_SURVIVAL}
[01:50:54] [Server thread/WARN]: [AIBot] PERCEPTION event=snapshot_slow bot=Bob {elapsed_ms=12}
[01:50:54] [Server thread/INFO]: [AIBot] ACTION event=capability_decision bot=Bob {allowed=false, profile=strict_survival, capability=HIDDEN_BLOCK_SCAN, context=observable_entity_query, reason=DENIED_STRICT_SURVIVAL}
[01:50:55] [Server thread/INFO]: [AIBot] ACTION event=diag_snapshot bot=Bob {submerged=false, light=14, step=, in_lava=false, task_phase=, goal=none, task_progress=1.0, task=idle, mode=survival, air=300, food=17, path_idle=true, inv=minecraft:stone_axex1 minecraft:wooden_swordx1 minecraft:crafting_tablex1 minecraft:stickx2 minecraft:wooden_pickaxex1 minecraft:wooden_axex1 minecraft:cobblestonex8 minecraft:stone_pickaxex1 minecraft:eggx1 minecraft:stone_swordx1 minecraft:raw_ironx2, nearby=animals=2(squid@8) hostiles=0, mining_idle=true, hp=11.5/20.0, on_ground=true, pos=573,62,157, fall=0.0, held=minecraft:cobblestonex8, task_state=COMPLETED}
[01:50:56] [Server thread/INFO]: [AIBot] ACTION event=capability_decision bot=Bob {allowed=false, profile=strict_survival, capability=HIDDEN_BLOCK_SCAN, context=observable_cell_query, reason=DENIED_STRICT_SURVIVAL}
[01:50:57] [Server thread/INFO]: [AIBot] ACTION event=diag_snapshot bot=Bob {submerged=false, light=14, step=, in_lava=false, task_phase=, goal=none, task_progress=1.0, task=idle, mode=survival, air=300, food=17, path_idle=true, inv=minecraft:stone_axex1 minecraft:wooden_swordx1 minecraft:crafting_tablex1 minecraft:stickx2 minecraft:wooden_pickaxex1 minecraft:wooden_axex1 minecraft:cobblestonex8 minecraft:stone_pickaxex1 minecraft:eggx1 minecraft:stone_swordx1 minecraft:raw_ironx2, nearby=animals=1(squid@8) hostiles=0, mining_idle=true, hp=11.5/20.0, on_ground=true, pos=573,62,157, fall=0.0, held=minecraft:cobblestonex8, task_state=COMPLETED}
[01:50:59] [Server thread/INFO]: [AIBot] ACTION event=capability_decision bot=Bob {allowed=false, profile=strict_survival, capability=HIDDEN_BLOCK_SCAN, context=observable_block_query, reason=DENIED_STRICT_SURVIVAL}
[01:50:59] [Server thread/INFO]: [AIBot] ACTION event=capability_decision bot=Bob {allowed=false, profile=strict_survival, capability=HIDDEN_BLOCK_SCAN, context=perception_snapshot, reason=DENIED_STRICT_SURVIVAL}
[01:50:59] [Server thread/INFO]: [AIBot] ACTION event=capability_decision bot=Bob {allowed=false, profile=strict_survival, capability=HIDDEN_BLOCK_SCAN, context=diagnostic_nearby, reason=DENIED_STRICT_SURVIVAL}
[01:50:59] [Server thread/INFO]: [AIBot] ACTION event=diag_snapshot bot=Bob {submerged=false, light=14, step=, in_lava=false, task_phase=, goal=none, task_progress=1.0, task=idle, mode=survival, air=300, food=17, path_idle=true, inv=minecraft:stone_axex1 minecraft:wooden_swordx1 minecraft:crafting_tablex1 minecraft:stickx2 minecraft:wooden_pickaxex1 minecraft:wooden_axex1 minecraft:cobblestonex8 minecraft:stone_pickaxex1 minecraft:eggx1 minecraft:stone_swordx1 minecraft:raw_ironx2, nearby=animals=2(squid@8) hostiles=0, mining_idle=true, hp=11.5/20.0, on_ground=true, pos=573,62,157, fall=0.0, held=minecraft:cobblestonex8, task_state=COMPLETED}
[01:50:59] [Server thread/INFO]: [AIBot] ACTION event=capability_decision bot=Bob {allowed=false, profile=strict_survival, capability=HIDDEN_BLOCK_SCAN, context=observable_entity_query, reason=DENIED_STRICT_SURVIVAL}
[01:51:01] [Server thread/INFO]: [AIBot] ACTION event=capability_decision bot=Bob {allowed=false, profile=strict_survival, capability=HIDDEN_BLOCK_SCAN, context=observable_cell_query, reason=DENIED_STRICT_SURVIVAL}
[01:51:01] [Server thread/INFO]: [AIBot] ACTION event=diag_snapshot bot=Bob {submerged=false, light=14, step=, in_lava=false, task_phase=, goal=none, task_progress=1.0, task=idle, mode=survival, air=300, food=17, path_idle=true, inv=minecraft:stone_axex1 minecraft:wooden_swordx1 minecraft:crafting_tablex1 minecraft:stickx2 minecraft:wooden_pickaxex1 minecraft:wooden_axex1 minecraft:cobblestonex8 minecraft:stone_pickaxex1 minecraft:eggx1 minecraft:stone_swordx1 minecraft:raw_ironx2, nearby=animals=2(squid@7) hostiles=0, mining_idle=true, hp=11.5/20.0, on_ground=true, pos=573,62,157, fall=0.0, held=minecraft:cobblestonex8, task_state=COMPLETED}
[01:51:03] [Server thread/INFO]: [AIBot] ACTION event=diag_snapshot bot=Bob {submerged=false, light=14, step=, in_lava=false, task_phase=, goal=none, task_progress=1.0, task=idle, mode=survival, air=300, food=17, path_idle=true, inv=minecraft:stone_axex1 minecraft:wooden_swordx1 minecraft:crafting_tablex1 minecraft:stickx2 minecraft:wooden_pickaxex1 minecraft:wooden_axex1 minecraft:cobblestonex8 minecraft:stone_pickaxex1 minecraft:eggx1 minecraft:stone_swordx1 minecraft:raw_ironx2, nearby=animals=1(squid@8) hostiles=0, mining_idle=true, hp=11.5/20.0, on_ground=true, pos=573,62,157, fall=0.0, held=minecraft:cobblestonex8, task_state=COMPLETED}
[01:51:04] [Server thread/INFO]: [AIBot] ACTION event=capability_decision bot=Bob {allowed=false, profile=strict_survival, capability=HIDDEN_BLOCK_SCAN, context=observable_block_query, reason=DENIED_STRICT_SURVIVAL}
[01:51:04] [Server thread/INFO]: [AIBot] ACTION event=capability_decision bot=Bob {allowed=false, profile=strict_survival, capability=HIDDEN_BLOCK_SCAN, context=perception_snapshot, reason=DENIED_STRICT_SURVIVAL}
[01:51:04] [Server thread/WARN]: [AIBot] PERCEPTION event=snapshot_slow bot=Bob {elapsed_ms=15}
[01:51:04] [Server thread/INFO]: [AIBot] ACTION event=capability_decision bot=Bob {allowed=false, profile=strict_survival, capability=HIDDEN_BLOCK_SCAN, context=observable_entity_query, reason=DENIED_STRICT_SURVIVAL}
[01:51:05] [Server thread/INFO]: [AIBot] ACTION event=capability_decision bot=Bob {allowed=false, profile=strict_survival, capability=HIDDEN_BLOCK_SCAN, context=diagnostic_nearby, reason=DENIED_STRICT_SURVIVAL}
[01:51:05] [Server thread/INFO]: [AIBot] ACTION event=diag_snapshot bot=Bob {submerged=false, light=14, step=, in_lava=false, task_phase=, goal=none, task_progress=1.0, task=idle, mode=survival, air=300, food=17, path_idle=true, inv=minecraft:stone_axex1 minecraft:wooden_swordx1 minecraft:crafting_tablex1 minecraft:stickx2 minecraft:wooden_pickaxex1 minecraft:wooden_axex1 minecraft:cobblestonex8 minecraft:stone_pickaxex1 minecraft:eggx1 minecraft:stone_swordx1 minecraft:raw_ironx2, nearby=animals=1(squid@9) hostiles=0, mining_idle=true, hp=11.5/20.0, on_ground=true, pos=573,62,157, fall=0.0, held=minecraft:cobblestonex8, task_state=COMPLETED}
[01:51:06] [Server thread/INFO]: [AIBot] ACTION event=capability_decision bot=Bob {allowed=false, profile=strict_survival, capability=HIDDEN_BLOCK_SCAN, context=observable_cell_query, reason=DENIED_STRICT_SURVIVAL}
[01:51:07] [Server thread/INFO]: [AIBot] ACTION event=diag_snapshot bot=Bob {submerged=false, light=14, step=, in_lava=false, task_phase=, goal=none, task_progress=1.0, task=idle, mode=survival, air=300, food=17, path_idle=true, inv=minecraft:stone_axex1 minecraft:wooden_swordx1 minecraft:crafting_tablex1 minecraft:stickx2 minecraft:wooden_pickaxex1 minecraft:wooden_axex1 minecraft:cobblestonex8 minecraft:stone_pickaxex1 minecraft:eggx1 minecraft:stone_swordx1 minecraft:raw_ironx2, nearby=animals=0 hostiles=0, mining_idle=true, hp=11.5/20.0, on_ground=true, pos=573,62,157, fall=0.0, held=minecraft:cobblestonex8, task_state=COMPLETED}
[01:51:09] [Server thread/INFO]: [AIBot] ACTION event=capability_decision bot=Bob {allowed=false, profile=strict_survival, capability=HIDDEN_BLOCK_SCAN, context=observable_block_query, reason=DENIED_STRICT_SURVIVAL}
[01:51:09] [Server thread/INFO]: [AIBot] ACTION event=capability_decision bot=Bob {allowed=false, profile=strict_survival, capability=HIDDEN_BLOCK_SCAN, context=perception_snapshot, reason=DENIED_STRICT_SURVIVAL}
[01:51:09] [Server thread/INFO]: [AIBot] ACTION event=diag_snapshot bot=Bob {submerged=false, light=14, step=, in_lava=false, task_phase=, goal=none, task_progress=1.0, task=idle, mode=survival, air=300, food=17, path_idle=true, inv=minecraft:stone_axex1 minecraft:wooden_swordx1 minecraft:crafting_tablex1 minecraft:stickx2 minecraft:wooden_pickaxex1 minecraft:wooden_axex1 minecraft:cobblestonex8 minecraft:stone_pickaxex1 minecraft:eggx1 minecraft:stone_swordx1 minecraft:raw_ironx2, nearby=animals=0 hostiles=0, mining_idle=true, hp=11.5/20.0, on_ground=true, pos=573,62,157, fall=0.0, held=minecraft:cobblestonex8, task_state=COMPLETED}
[01:51:09] [Server thread/INFO]: [AIBot] ACTION event=capability_decision bot=Bob {allowed=false, profile=strict_survival, capability=HIDDEN_BLOCK_SCAN, context=observable_entity_query, reason=DENIED_STRICT_SURVIVAL}
[01:51:11] [Server thread/INFO]: [AIBot] ACTION event=capability_decision bot=Bob {allowed=false, profile=strict_survival, capability=HIDDEN_BLOCK_SCAN, context=observable_cell_query, reason=DENIED_STRICT_SURVIVAL}
[01:51:11] [Server thread/INFO]: [AIBot] ACTION event=capability_decision bot=Bob {allowed=false, profile=strict_survival, capability=HIDDEN_BLOCK_SCAN, context=diagnostic_nearby, reason=DENIED_STRICT_SURVIVAL}
[01:51:11] [Server thread/INFO]: [AIBot] ACTION event=diag_snapshot bot=Bob {submerged=false, light=14, step=, in_lava=false, task_phase=, goal=none, task_progress=1.0, task=idle, mode=survival, air=300, food=17, path_idle=true, inv=minecraft:stone_axex1 minecraft:wooden_swordx1 minecraft:crafting_tablex1 minecraft:stickx2 minecraft:wooden_pickaxex1 minecraft:wooden_axex1 minecraft:cobblestonex8 minecraft:stone_pickaxex1 minecraft:eggx1 minecraft:stone_swordx1 minecraft:raw_ironx2, nearby=animals=0 hostiles=0, mining_idle=true, hp=11.5/20.0, on_ground=true, pos=573,62,157, fall=0.0, held=minecraft:cobblestonex8, task_state=COMPLETED}
[01:51:12] [Server thread/WARN]: [AIBot] PERCEPTION event=snapshot_slow bot=Bob {elapsed_ms=12}
[01:51:13] [Server thread/INFO]: [AIBot] ACTION event=diag_snapshot bot=Bob {submerged=false, light=14, step=, in_lava=false, task_phase=, goal=none, task_progress=1.0, task=idle, mode=survival, air=300, food=17, path_idle=true, inv=minecraft:stone_axex1 minecraft:wooden_swordx1 minecraft:crafting_tablex1 minecraft:stickx2 minecraft:wooden_pickaxex1 minecraft:wooden_axex1 minecraft:cobblestonex8 minecraft:stone_pickaxex1 minecraft:eggx1 minecraft:stone_swordx1 minecraft:raw_ironx2, nearby=animals=0 hostiles=0, mining_idle=true, hp=11.5/20.0, on_ground=true, pos=573,62,157, fall=0.0, held=minecraft:cobblestonex8, task_state=COMPLETED}
[01:51:14] [Server thread/INFO]: [AIBot] ACTION event=capability_decision bot=Bob {allowed=false, profile=strict_survival, capability=HIDDEN_BLOCK_SCAN, context=observable_block_query, reason=DENIED_STRICT_SURVIVAL}
[01:51:14] [Server thread/INFO]: [AIBot] ACTION event=capability_decision bot=Bob {allowed=false, profile=strict_survival, capability=HIDDEN_BLOCK_SCAN, context=perception_snapshot, reason=DENIED_STRICT_SURVIVAL}
[01:51:14] [Server thread/INFO]: [AIBot] ACTION event=capability_decision bot=Bob {allowed=false, profile=strict_survival, capability=HIDDEN_BLOCK_SCAN, context=observable_entity_query, reason=DENIED_STRICT_SURVIVAL}
[01:51:15] [Server thread/INFO]: [AIBot] ACTION event=diag_snapshot bot=Bob {submerged=false, light=14, step=, in_lava=false, task_phase=, goal=none, task_progress=1.0, task=idle, mode=survival, air=300, food=17, path_idle=true, inv=minecraft:stone_axex1 minecraft:wooden_swordx1 minecraft:crafting_tablex1 minecraft:stickx2 minecraft:wooden_pickaxex1 minecraft:wooden_axex1 minecraft:cobblestonex8 minecraft:stone_pickaxex1 minecraft:eggx1 minecraft:stone_swordx1 minecraft:raw_ironx2, nearby=animals=0 hostiles=0, mining_idle=true, hp=11.5/20.0, on_ground=true, pos=573,62,157, fall=0.0, held=minecraft:cobblestonex8, task_state=COMPLETED}
[01:51:16] [Server thread/INFO]: [AIBot] ACTION event=capability_decision bot=Bob {allowed=false, profile=strict_survival, capability=HIDDEN_BLOCK_SCAN, context=observable_cell_query, reason=DENIED_STRICT_SURVIVAL}
[01:51:16] [Server thread/WARN]: [AIBot] PERCEPTION event=snapshot_slow bot=Bob {elapsed_ms=11}
[01:51:17] [Server thread/INFO]: [AIBot] ACTION event=capability_decision bot=Bob {allowed=false, profile=strict_survival, capability=HIDDEN_BLOCK_SCAN, context=diagnostic_nearby, reason=DENIED_STRICT_SURVIVAL}
[01:51:17] [Server thread/INFO]: [AIBot] ACTION event=diag_snapshot bot=Bob {submerged=false, light=14, step=, in_lava=false, task_phase=, goal=none, task_progress=1.0, task=idle, mode=survival, air=300, food=17, path_idle=true, inv=minecraft:stone_axex1 minecraft:wooden_swordx1 minecraft:crafting_tablex1 minecraft:stickx2 minecraft:wooden_pickaxex1 minecraft:wooden_axex1 minecraft:cobblestonex8 minecraft:stone_pickaxex1 minecraft:eggx1 minecraft:stone_swordx1 minecraft:raw_ironx2, nearby=animals=0 hostiles=0, mining_idle=true, hp=11.5/20.0, on_ground=true, pos=573,62,157, fall=0.0, held=minecraft:cobblestonex8, task_state=COMPLETED}
[01:51:19] [Server thread/INFO]: [AIBot] ACTION event=capability_decision bot=Bob {allowed=false, profile=strict_survival, capability=HIDDEN_BLOCK_SCAN, context=observable_block_query, reason=DENIED_STRICT_SURVIVAL}
[01:51:19] [Server thread/INFO]: [AIBot] ACTION event=capability_decision bot=Bob {allowed=false, profile=strict_survival, capability=HIDDEN_BLOCK_SCAN, context=perception_snapshot, reason=DENIED_STRICT_SURVIVAL}
[01:51:19] [Server thread/INFO]: [AIBot] ACTION event=diag_snapshot bot=Bob {submerged=false, light=14, step=, in_lava=false, task_phase=, goal=none, task_progress=1.0, task=idle, mode=survival, air=300, food=17, path_idle=true, inv=minecraft:stone_axex1 minecraft:wooden_swordx1 minecraft:crafting_tablex1 minecraft:stickx2 minecraft:wooden_pickaxex1 minecraft:wooden_axex1 minecraft:cobblestonex8 minecraft:stone_pickaxex1 minecraft:eggx1 minecraft:stone_swordx1 minecraft:raw_ironx2, nearby=animals=0 hostiles=0, mining_idle=true, hp=11.5/20.0, on_ground=true, pos=573,62,157, fall=0.0, held=minecraft:cobblestonex8, task_state=COMPLETED}
[01:51:19] [Server thread/INFO]: [AIBot] ACTION event=capability_decision bot=Bob {allowed=false, profile=strict_survival, capability=HIDDEN_BLOCK_SCAN, context=observable_entity_query, reason=DENIED_STRICT_SURVIVAL}
[01:51:21] [Server thread/INFO]: [AIBot] ACTION event=capability_decision bot=Bob {allowed=false, profile=strict_survival, capability=HIDDEN_BLOCK_SCAN, context=observable_cell_query, reason=DENIED_STRICT_SURVIVAL}
[01:51:21] [Server thread/INFO]: [AIBot] ACTION event=diag_snapshot bot=Bob {submerged=false, light=14, step=, in_lava=false, task_phase=, goal=none, task_progress=1.0, task=idle, mode=survival, air=300, food=17, path_idle=true, inv=minecraft:stone_axex1 minecraft:wooden_swordx1 minecraft:crafting_tablex1 minecraft:stickx2 minecraft:wooden_pickaxex1 minecraft:wooden_axex1 minecraft:cobblestonex8 minecraft:stone_pickaxex1 minecraft:eggx1 minecraft:stone_swordx1 minecraft:raw_ironx2, nearby=animals=0 hostiles=0, mining_idle=true, hp=11.5/20.0, on_ground=true, pos=573,62,157, fall=0.0, held=minecraft:cobblestonex8, task_state=COMPLETED}
[01:51:23] [Server thread/INFO]: [AIBot] ACTION event=capability_decision bot=Bob {allowed=false, profile=strict_survival, capability=HIDDEN_BLOCK_SCAN, context=diagnostic_nearby, reason=DENIED_STRICT_SURVIVAL}
[01:51:23] [Server thread/INFO]: [AIBot] ACTION event=diag_snapshot bot=Bob {submerged=false, light=14, step=, in_lava=false, task_phase=, goal=none, task_progress=1.0, task=idle, mode=survival, air=300, food=17, path_idle=true, inv=minecraft:stone_axex1 minecraft:wooden_swordx1 minecraft:crafting_tablex1 minecraft:stickx2 minecraft:wooden_pickaxex1 minecraft:wooden_axex1 minecraft:cobblestonex8 minecraft:stone_pickaxex1 minecraft:eggx1 minecraft:stone_swordx1 minecraft:raw_ironx2, nearby=animals=0 hostiles=0, mining_idle=true, hp=11.5/20.0, on_ground=true, pos=573,62,157, fall=0.0, held=minecraft:cobblestonex8, task_state=COMPLETED}
[01:51:23] [Server thread/WARN]: [AIBot] PERCEPTION event=snapshot_slow bot=Bob {elapsed_ms=11}
[01:51:24] [Server thread/INFO]: [AIBot] ACTION event=capability_decision bot=Bob {allowed=false, profile=strict_survival, capability=HIDDEN_BLOCK_SCAN, context=observable_block_query, reason=DENIED_STRICT_SURVIVAL}
[01:51:24] [Server thread/INFO]: [AIBot] ACTION event=capability_decision bot=Bob {allowed=false, profile=strict_survival, capability=HIDDEN_BLOCK_SCAN, context=perception_snapshot, reason=DENIED_STRICT_SURVIVAL}
[01:51:24] [Server thread/INFO]: [AIBot] ACTION event=capability_decision bot=Bob {allowed=false, profile=strict_survival, capability=HIDDEN_BLOCK_SCAN, context=observable_entity_query, reason=DENIED_STRICT_SURVIVAL}
[01:51:24] [Server thread/WARN]: [AIBot] PERCEPTION event=snapshot_slow bot=Bob {elapsed_ms=14}
[01:51:25] [Server thread/INFO]: [AIBot] ACTION event=diag_snapshot bot=Bob {submerged=false, light=14, step=, in_lava=false, task_phase=, goal=none, task_progress=1.0, task=idle, mode=survival, air=300, food=17, path_idle=true, inv=minecraft:stone_axex1 minecraft:wooden_swordx1 minecraft:crafting_tablex1 minecraft:stickx2 minecraft:wooden_pickaxex1 minecraft:wooden_axex1 minecraft:cobblestonex8 minecraft:stone_pickaxex1 minecraft:eggx1 minecraft:stone_swordx1 minecraft:raw_ironx2, nearby=animals=0 hostiles=0, mining_idle=true, hp=11.5/20.0, on_ground=true, pos=573,62,157, fall=0.0, held=minecraft:cobblestonex8, task_state=COMPLETED}
[01:51:25] [Server thread/WARN]: [AIBot] PERCEPTION event=snapshot_slow bot=Bob {elapsed_ms=11}
[01:51:26] [Server thread/INFO]: [AIBot] ACTION event=capability_decision bot=Bob {allowed=false, profile=strict_survival, capability=HIDDEN_BLOCK_SCAN, context=observable_cell_query, reason=DENIED_STRICT_SURVIVAL}
[01:51:26] [Server thread/WARN]: [AIBot] PERCEPTION event=snapshot_slow bot=Bob {elapsed_ms=13}
[01:51:27] [Server thread/INFO]: [AIBot] ACTION event=diag_snapshot bot=Bob {submerged=false, light=14, step=, in_lava=false, task_phase=, goal=none, task_progress=1.0, task=idle, mode=survival, air=300, food=17, path_idle=true, inv=minecraft:stone_axex1 minecraft:wooden_swordx1 minecraft:crafting_tablex1 minecraft:stickx2 minecraft:wooden_pickaxex1 minecraft:wooden_axex1 minecraft:cobblestonex8 minecraft:stone_pickaxex1 minecraft:eggx1 minecraft:stone_swordx1 minecraft:raw_ironx2, nearby=animals=0 hostiles=0, mining_idle=true, hp=11.5/20.0, on_ground=true, pos=573,62,157, fall=0.0, held=minecraft:cobblestonex8, task_state=COMPLETED}
[01:51:27] [Server thread/WARN]: [AIBot] PERCEPTION event=snapshot_slow bot=Bob {elapsed_ms=11}
[01:51:29] [Server thread/INFO]: [AIBot] ACTION event=capability_decision bot=Bob {allowed=false, profile=strict_survival, capability=HIDDEN_BLOCK_SCAN, context=observable_block_query, reason=DENIED_STRICT_SURVIVAL}
[01:51:29] [Server thread/INFO]: [AIBot] ACTION event=capability_decision bot=Bob {allowed=false, profile=strict_survival, capability=HIDDEN_BLOCK_SCAN, context=perception_snapshot, reason=DENIED_STRICT_SURVIVAL}
[01:51:29] [Server thread/INFO]: [AIBot] ACTION event=capability_decision bot=Bob {allowed=false, profile=strict_survival, capability=HIDDEN_BLOCK_SCAN, context=diagnostic_nearby, reason=DENIED_STRICT_SURVIVAL}
[01:51:29] [Server thread/INFO]: [AIBot] ACTION event=diag_snapshot bot=Bob {submerged=false, light=14, step=, in_lava=false, task_phase=, goal=none, task_progress=1.0, task=idle, mode=survival, air=300, food=17, path_idle=true, inv=minecraft:stone_axex1 minecraft:wooden_swordx1 minecraft:crafting_tablex1 minecraft:stickx2 minecraft:wooden_pickaxex1 minecraft:wooden_axex1 minecraft:cobblestonex8 minecraft:stone_pickaxex1 minecraft:eggx1 minecraft:stone_swordx1 minecraft:raw_ironx2, nearby=animals=0 hostiles=0, mining_idle=true, hp=11.5/20.0, on_ground=true, pos=573,62,157, fall=0.0, held=minecraft:cobblestonex8, task_state=COMPLETED}
[01:51:29] [Server thread/INFO]: [AIBot] ACTION event=capability_decision bot=Bob {allowed=false, profile=strict_survival, capability=HIDDEN_BLOCK_SCAN, context=observable_entity_query, reason=DENIED_STRICT_SURVIVAL}
[01:51:30] [Server thread/WARN]: [AIBot] PERCEPTION event=snapshot_slow bot=Bob {elapsed_ms=12}
[01:51:31] [Server thread/INFO]: [AIBot] ACTION event=capability_decision bot=Bob {allowed=false, profile=strict_survival, capability=HIDDEN_BLOCK_SCAN, context=observable_cell_query, reason=DENIED_STRICT_SURVIVAL}
[01:51:31] [Server thread/INFO]: [AIBot] ACTION event=diag_snapshot bot=Bob {submerged=false, light=14, step=, in_lava=false, task_phase=, goal=none, task_progress=1.0, task=idle, mode=survival, air=300, food=17, path_idle=true, inv=minecraft:stone_axex1 minecraft:wooden_swordx1 minecraft:crafting_tablex1 minecraft:stickx2 minecraft:wooden_pickaxex1 minecraft:wooden_axex1 minecraft:cobblestonex8 minecraft:stone_pickaxex1 minecraft:eggx1 minecraft:stone_swordx1 minecraft:raw_ironx2, nearby=animals=0 hostiles=0, mining_idle=true, hp=11.5/20.0, on_ground=true, pos=573,62,157, fall=0.0, held=minecraft:cobblestonex8, task_state=COMPLETED}
[01:51:31] [Server thread/WARN]: [AIBot] PERCEPTION event=snapshot_slow bot=Bob {elapsed_ms=13}
[01:51:33] [Server thread/WARN]: [AIBot] PERCEPTION event=snapshot_slow bot=Bob {elapsed_ms=11}
[01:51:33] [Server thread/INFO]: [AIBot] ACTION event=diag_snapshot bot=Bob {submerged=false, light=14, step=, in_lava=false, task_phase=, goal=none, task_progress=1.0, task=idle, mode=survival, air=300, food=17, path_idle=true, inv=minecraft:stone_axex1 minecraft:wooden_swordx1 minecraft:crafting_tablex1 minecraft:stickx2 minecraft:wooden_pickaxex1 minecraft:wooden_axex1 minecraft:cobblestonex8 minecraft:stone_pickaxex1 minecraft:eggx1 minecraft:stone_swordx1 minecraft:raw_ironx2, nearby=animals=0 hostiles=0, mining_idle=true, hp=11.5/20.0, on_ground=true, pos=573,62,157, fall=0.0, held=minecraft:cobblestonex8, task_state=COMPLETED}
[01:51:34] [Server thread/INFO]: [AIBot] ACTION event=capability_decision bot=Bob {allowed=false, profile=strict_survival, capability=HIDDEN_BLOCK_SCAN, context=observable_block_query, reason=DENIED_STRICT_SURVIVAL}
[01:51:34] [Server thread/INFO]: [AIBot] ACTION event=capability_decision bot=Bob {allowed=false, profile=strict_survival, capability=HIDDEN_BLOCK_SCAN, context=perception_snapshot, reason=DENIED_STRICT_SURVIVAL}
[01:51:34] [Server thread/INFO]: [AIBot] ACTION event=capability_decision bot=Bob {allowed=false, profile=strict_survival, capability=HIDDEN_BLOCK_SCAN, context=observable_entity_query, reason=DENIED_STRICT_SURVIVAL}
[01:51:35] [Server thread/INFO]: [AIBot] ACTION event=capability_decision bot=Bob {allowed=false, profile=strict_survival, capability=HIDDEN_BLOCK_SCAN, context=diagnostic_nearby, reason=DENIED_STRICT_SURVIVAL}
[01:51:35] [Server thread/INFO]: [AIBot] ACTION event=diag_snapshot bot=Bob {submerged=false, light=14, step=, in_lava=false, task_phase=, goal=none, task_progress=1.0, task=idle, mode=survival, air=300, food=17, path_idle=true, inv=minecraft:stone_axex1 minecraft:wooden_swordx1 minecraft:crafting_tablex1 minecraft:stickx2 minecraft:wooden_pickaxex1 minecraft:wooden_axex1 minecraft:cobblestonex8 minecraft:stone_pickaxex1 minecraft:eggx1 minecraft:stone_swordx1 minecraft:raw_ironx2, nearby=animals=0 hostiles=0, mining_idle=true, hp=11.5/20.0, on_ground=true, pos=573,62,157, fall=0.0, held=minecraft:cobblestonex8, task_state=COMPLETED}
[01:51:36] [Server thread/INFO]: [AIBot] ACTION event=capability_decision bot=Bob {allowed=false, profile=strict_survival, capability=HIDDEN_BLOCK_SCAN, context=observable_cell_query, reason=DENIED_STRICT_SURVIVAL}
[01:51:37] [Server thread/WARN]: [AIBot] PERCEPTION event=snapshot_slow bot=Bob {elapsed_ms=12}
[01:51:37] [Server thread/INFO]: [AIBot] ACTION event=diag_snapshot bot=Bob {submerged=false, light=14, step=, in_lava=false, task_phase=, goal=none, task_progress=1.0, task=idle, mode=survival, air=300, food=17, path_idle=true, inv=minecraft:stone_axex1 minecraft:wooden_swordx1 minecraft:crafting_tablex1 minecraft:stickx2 minecraft:wooden_pickaxex1 minecraft:wooden_axex1 minecraft:cobblestonex8 minecraft:stone_pickaxex1 minecraft:eggx1 minecraft:stone_swordx1 minecraft:raw_ironx2, nearby=animals=0 hostiles=0, mining_idle=true, hp=11.5/20.0, on_ground=true, pos=573,62,157, fall=0.0, held=minecraft:cobblestonex8, task_state=COMPLETED}
[01:51:39] [Server thread/INFO]: [AIBot] LIFECYCLE event=mixin_alive bot=- {server_tick=12000}
[01:51:39] [Server thread/INFO]: [AIBot] ACTION event=capability_decision bot=Bob {allowed=false, profile=strict_survival, capability=HIDDEN_BLOCK_SCAN, context=observable_block_query, reason=DENIED_STRICT_SURVIVAL}
[01:51:39] [Server thread/INFO]: [AIBot] ACTION event=capability_decision bot=Bob {allowed=false, profile=strict_survival, capability=HIDDEN_BLOCK_SCAN, context=perception_snapshot, reason=DENIED_STRICT_SURVIVAL}
[01:51:39] [Server thread/WARN]: [AIBot] PERCEPTION event=snapshot_slow bot=Bob {elapsed_ms=11}
[01:51:39] [Server thread/INFO]: [AIBot] ACTION event=diag_snapshot bot=Bob {submerged=false, light=14, step=, in_lava=false, task_phase=, goal=none, task_progress=1.0, task=idle, mode=survival, air=300, food=17, path_idle=true, inv=minecraft:stone_axex1 minecraft:wooden_swordx1 minecraft:crafting_tablex1 minecraft:stickx2 minecraft:wooden_pickaxex1 minecraft:wooden_axex1 minecraft:cobblestonex8 minecraft:stone_pickaxex1 minecraft:eggx1 minecraft:stone_swordx1 minecraft:raw_ironx2, nearby=animals=0 hostiles=0, mining_idle=true, hp=11.5/20.0, on_ground=true, pos=573,62,157, fall=0.0, held=minecraft:cobblestonex8, task_state=COMPLETED}
[01:51:39] [Server thread/INFO]: [AIBot] ACTION event=capability_decision bot=Bob {allowed=false, profile=strict_survival, capability=HIDDEN_BLOCK_SCAN, context=observable_entity_query, reason=DENIED_STRICT_SURVIVAL}
[01:51:40] [AIBotPersistenceWriter/INFO]: [AIBot] LIFECYCLE event=runtime_persist_saved bot=- {bots=1, path=.\world_play\.\aibot\runtime.json, atomic_move=true, schema=1, jobs=0}
[01:51:40] [Server thread/WARN]: [AIBot] PERCEPTION event=snapshot_slow bot=Bob {elapsed_ms=11}
[01:51:41] [Server thread/INFO]: [AIBot] ACTION event=capability_decision bot=Bob {allowed=false, profile=strict_survival, capability=HIDDEN_BLOCK_SCAN, context=observable_cell_query, reason=DENIED_STRICT_SURVIVAL}
[01:51:41] [Server thread/INFO]: [AIBot] ACTION event=capability_decision bot=Bob {allowed=false, profile=strict_survival, capability=HIDDEN_BLOCK_SCAN, context=diagnostic_nearby, reason=DENIED_STRICT_SURVIVAL}
[01:51:41] [Server thread/INFO]: [AIBot] ACTION event=diag_snapshot bot=Bob {submerged=false, light=14, step=, in_lava=false, task_phase=, goal=none, task_progress=1.0, task=idle, mode=survival, air=300, food=17, path_idle=true, inv=minecraft:stone_axex1 minecraft:wooden_swordx1 minecraft:crafting_tablex1 minecraft:stickx2 minecraft:wooden_pickaxex1 minecraft:wooden_axex1 minecraft:cobblestonex8 minecraft:stone_pickaxex1 minecraft:eggx1 minecraft:stone_swordx1 minecraft:raw_ironx2, nearby=animals=0 hostiles=0, mining_idle=true, hp=11.5/20.0, on_ground=true, pos=573,62,157, fall=0.0, held=minecraft:cobblestonex8, task_state=COMPLETED}
[01:51:43] [Server thread/INFO]: [AIBot] ACTION event=diag_snapshot bot=Bob {submerged=false, light=14, step=, in_lava=false, task_phase=, goal=none, task_progress=1.0, task=idle, mode=survival, air=300, food=17, path_idle=true, inv=minecraft:stone_axex1 minecraft:wooden_swordx1 minecraft:crafting_tablex1 minecraft:stickx2 minecraft:wooden_pickaxex1 minecraft:wooden_axex1 minecraft:cobblestonex8 minecraft:stone_pickaxex1 minecraft:eggx1 minecraft:stone_swordx1 minecraft:raw_ironx2, nearby=animals=1(squid@7) hostiles=0, mining_idle=true, hp=11.5/20.0, on_ground=true, pos=573,62,157, fall=0.0, held=minecraft:cobblestonex8, task_state=COMPLETED}
[01:51:44] [Server thread/INFO]: [AIBot] ACTION event=capability_decision bot=Bob {allowed=false, profile=strict_survival, capability=HIDDEN_BLOCK_SCAN, context=observable_block_query, reason=DENIED_STRICT_SURVIVAL}
[01:51:44] [Server thread/INFO]: [AIBot] ACTION event=capability_decision bot=Bob {allowed=false, profile=strict_survival, capability=HIDDEN_BLOCK_SCAN, context=perception_snapshot, reason=DENIED_STRICT_SURVIVAL}
[01:51:44] [Server thread/INFO]: [AIBot] ACTION event=capability_decision bot=Bob {allowed=false, profile=strict_survival, capability=HIDDEN_BLOCK_SCAN, context=observable_entity_query, reason=DENIED_STRICT_SURVIVAL}
[01:51:45] [Server thread/WARN]: [AIBot] PERCEPTION event=snapshot_slow bot=Bob {elapsed_ms=13}
[01:51:45] [Server thread/INFO]: [AIBot] ACTION event=diag_snapshot bot=Bob {submerged=false, light=14, step=, in_lava=false, task_phase=, goal=none, task_progress=1.0, task=idle, mode=survival, air=300, food=17, path_idle=true, inv=minecraft:stone_axex1 minecraft:wooden_swordx1 minecraft:crafting_tablex1 minecraft:stickx2 minecraft:wooden_pickaxex1 minecraft:wooden_axex1 minecraft:cobblestonex8 minecraft:stone_pickaxex1 minecraft:eggx1 minecraft:stone_swordx1 minecraft:raw_ironx2, nearby=animals=1(squid@8) hostiles=0, mining_idle=true, hp=11.5/20.0, on_ground=true, pos=573,62,157, fall=0.0, held=minecraft:cobblestonex8, task_state=COMPLETED}
[01:51:46] [Server thread/INFO]: [AIBot] ACTION event=capability_decision bot=Bob {allowed=false, profile=strict_survival, capability=HIDDEN_BLOCK_SCAN, context=observable_cell_query, reason=DENIED_STRICT_SURVIVAL}
[01:51:47] [Server thread/INFO]: [AIBot] ACTION event=capability_decision bot=Bob {allowed=false, profile=strict_survival, capability=HIDDEN_BLOCK_SCAN, context=diagnostic_nearby, reason=DENIED_STRICT_SURVIVAL}
[01:51:47] [Server thread/INFO]: [AIBot] ACTION event=diag_snapshot bot=Bob {submerged=false, light=14, step=, in_lava=false, task_phase=, goal=none, task_progress=1.0, task=idle, mode=survival, air=300, food=17, path_idle=true, inv=minecraft:stone_axex1 minecraft:wooden_swordx1 minecraft:crafting_tablex1 minecraft:stickx2 minecraft:wooden_pickaxex1 minecraft:wooden_axex1 minecraft:cobblestonex8 minecraft:stone_pickaxex1 minecraft:eggx1 minecraft:stone_swordx1 minecraft:raw_ironx2, nearby=animals=0 hostiles=0, mining_idle=true, hp=11.5/20.0, on_ground=true, pos=573,62,157, fall=0.0, held=minecraft:cobblestonex8, task_state=COMPLETED}
[01:51:49] [Server thread/INFO]: [AIBot] ACTION event=capability_decision bot=Bob {allowed=false, profile=strict_survival, capability=HIDDEN_BLOCK_SCAN, context=observable_block_query, reason=DENIED_STRICT_SURVIVAL}
[01:51:49] [Server thread/INFO]: [AIBot] ACTION event=capability_decision bot=Bob {allowed=false, profile=strict_survival, capability=HIDDEN_BLOCK_SCAN, context=perception_snapshot, reason=DENIED_STRICT_SURVIVAL}
[01:51:49] [Server thread/INFO]: [AIBot] ACTION event=diag_snapshot bot=Bob {submerged=false, light=14, step=, in_lava=false, task_phase=, goal=none, task_progress=1.0, task=idle, mode=survival, air=300, food=17, path_idle=true, inv=minecraft:stone_axex1 minecraft:wooden_swordx1 minecraft:crafting_tablex1 minecraft:stickx2 minecraft:wooden_pickaxex1 minecraft:wooden_axex1 minecraft:cobblestonex8 minecraft:stone_pickaxex1 minecraft:eggx1 minecraft:stone_swordx1 minecraft:raw_ironx2, nearby=animals=0 hostiles=0, mining_idle=true, hp=11.5/20.0, on_ground=true, pos=573,62,157, fall=0.0, held=minecraft:cobblestonex8, task_state=COMPLETED}
[01:51:49] [Server thread/INFO]: [AIBot] ACTION event=capability_decision bot=Bob {allowed=false, profile=strict_survival, capability=HIDDEN_BLOCK_SCAN, context=observable_entity_query, reason=DENIED_STRICT_SURVIVAL}
[01:51:51] [Server thread/INFO]: [AIBot] ACTION event=capability_decision bot=Bob {allowed=false, profile=strict_survival, capability=HIDDEN_BLOCK_SCAN, context=observable_cell_query, reason=DENIED_STRICT_SURVIVAL}
[01:51:51] [Server thread/INFO]: [AIBot] ACTION event=diag_snapshot bot=Bob {submerged=false, light=14, step=, in_lava=false, task_phase=, goal=none, task_progress=1.0, task=idle, mode=survival, air=300, food=17, path_idle=true, inv=minecraft:stone_axex1 minecraft:wooden_swordx1 minecraft:crafting_tablex1 minecraft:stickx2 minecraft:wooden_pickaxex1 minecraft:wooden_axex1 minecraft:cobblestonex8 minecraft:stone_pickaxex1 minecraft:eggx1 minecraft:stone_swordx1 minecraft:raw_ironx2, nearby=animals=0 hostiles=0, mining_idle=true, hp=11.5/20.0, on_ground=true, pos=573,62,157, fall=0.0, held=minecraft:cobblestonex8, task_state=COMPLETED}
[01:51:53] [Server thread/INFO]: [AIBot] ACTION event=capability_decision bot=Bob {allowed=false, profile=strict_survival, capability=HIDDEN_BLOCK_SCAN, context=diagnostic_nearby, reason=DENIED_STRICT_SURVIVAL}
[01:51:53] [Server thread/INFO]: [AIBot] ACTION event=diag_snapshot bot=Bob {submerged=false, light=14, step=, in_lava=false, task_phase=, goal=none, task_progress=1.0, task=idle, mode=survival, air=300, food=17, path_idle=true, inv=minecraft:stone_axex1 minecraft:wooden_swordx1 minecraft:crafting_tablex1 minecraft:stickx2 minecraft:wooden_pickaxex1 minecraft:wooden_axex1 minecraft:cobblestonex8 minecraft:stone_pickaxex1 minecraft:eggx1 minecraft:stone_swordx1 minecraft:raw_ironx2, nearby=animals=0 hostiles=0, mining_idle=true, hp=11.5/20.0, on_ground=true, pos=573,62,157, fall=0.0, held=minecraft:cobblestonex8, task_state=COMPLETED}
[01:51:54] [Server thread/INFO]: [AIBot] ACTION event=capability_decision bot=Bob {allowed=false, profile=strict_survival, capability=HIDDEN_BLOCK_SCAN, context=observable_block_query, reason=DENIED_STRICT_SURVIVAL}
[01:51:54] [Server thread/INFO]: [AIBot] ACTION event=capability_decision bot=Bob {allowed=false, profile=strict_survival, capability=HIDDEN_BLOCK_SCAN, context=perception_snapshot, reason=DENIED_STRICT_SURVIVAL}
[01:51:54] [Server thread/INFO]: [AIBot] ACTION event=capability_decision bot=Bob {allowed=false, profile=strict_survival, capability=HIDDEN_BLOCK_SCAN, context=observable_entity_query, reason=DENIED_STRICT_SURVIVAL}
[01:51:55] [Server thread/INFO]: [AIBot] ACTION event=diag_snapshot bot=Bob {submerged=false, light=14, step=, in_lava=false, task_phase=, goal=none, task_progress=1.0, task=idle, mode=survival, air=300, food=17, path_idle=true, inv=minecraft:stone_axex1 minecraft:wooden_swordx1 minecraft:crafting_tablex1 minecraft:stickx2 minecraft:wooden_pickaxex1 minecraft:wooden_axex1 minecraft:cobblestonex8 minecraft:stone_pickaxex1 minecraft:eggx1 minecraft:stone_swordx1 minecraft:raw_ironx2, nearby=animals=0 hostiles=0, mining_idle=true, hp=11.5/20.0, on_ground=true, pos=573,62,157, fall=0.0, held=minecraft:cobblestonex8, task_state=COMPLETED}
[01:51:55] [Server thread/WARN]: [AIBot] PERCEPTION event=snapshot_slow bot=Bob {elapsed_ms=11}
[01:51:56] [Server thread/INFO]: [AIBot] ACTION event=capability_decision bot=Bob {allowed=false, profile=strict_survival, capability=HIDDEN_BLOCK_SCAN, context=observable_cell_query, reason=DENIED_STRICT_SURVIVAL}
[01:51:57] [Server thread/INFO]: [AIBot] ACTION event=diag_snapshot bot=Bob {submerged=false, light=14, step=, in_lava=false, task_phase=, goal=none, task_progress=1.0, task=idle, mode=survival, air=300, food=17, path_idle=true, inv=minecraft:stone_axex1 minecraft:wooden_swordx1 minecraft:crafting_tablex1 minecraft:stickx2 minecraft:wooden_pickaxex1 minecraft:wooden_axex1 minecraft:cobblestonex8 minecraft:stone_pickaxex1 minecraft:eggx1 minecraft:stone_swordx1 minecraft:raw_ironx2, nearby=animals=0 hostiles=0, mining_idle=true, hp=11.5/20.0, on_ground=true, pos=573,62,157, fall=0.0, held=minecraft:cobblestonex8, task_state=COMPLETED}
[01:51:59] [Server thread/INFO]: [AIBot] ACTION event=capability_decision bot=Bob {allowed=false, profile=strict_survival, capability=HIDDEN_BLOCK_SCAN, context=observable_block_query, reason=DENIED_STRICT_SURVIVAL}
[01:51:59] [Server thread/INFO]: [AIBot] ACTION event=capability_decision bot=Bob {allowed=false, profile=strict_survival, capability=HIDDEN_BLOCK_SCAN, context=perception_snapshot, reason=DENIED_STRICT_SURVIVAL}
[01:51:59] [Server thread/INFO]: [AIBot] ACTION event=capability_decision bot=Bob {allowed=false, profile=strict_survival, capability=HIDDEN_BLOCK_SCAN, context=diagnostic_nearby, reason=DENIED_STRICT_SURVIVAL}
[01:51:59] [Server thread/INFO]: [AIBot] ACTION event=diag_snapshot bot=Bob {submerged=false, light=14, step=, in_lava=false, task_phase=, goal=none, task_progress=1.0, task=idle, mode=survival, air=300, food=17, path_idle=true, inv=minecraft:stone_axex1 minecraft:wooden_swordx1 minecraft:crafting_tablex1 minecraft:stickx2 minecraft:wooden_pickaxex1 minecraft:wooden_axex1 minecraft:cobblestonex8 minecraft:stone_pickaxex1 minecraft:eggx1 minecraft:stone_swordx1 minecraft:raw_ironx2, nearby=animals=0 hostiles=0, mining_idle=true, hp=11.5/20.0, on_ground=true, pos=573,62,157, fall=0.0, held=minecraft:cobblestonex8, task_state=COMPLETED}
[01:51:59] [Server thread/INFO]: [AIBot] ACTION event=capability_decision bot=Bob {allowed=false, profile=strict_survival, capability=HIDDEN_BLOCK_SCAN, context=observable_entity_query, reason=DENIED_STRICT_SURVIVAL}
[01:52:01] [Server thread/INFO]: [AIBot] ACTION event=capability_decision bot=Bob {allowed=false, profile=strict_survival, capability=HIDDEN_BLOCK_SCAN, context=observable_cell_query, reason=DENIED_STRICT_SURVIVAL}
[01:52:01] [Server thread/INFO]: [AIBot] ACTION event=diag_snapshot bot=Bob {submerged=false, light=14, step=, in_lava=false, task_phase=, goal=none, task_progress=1.0, task=idle, mode=survival, air=300, food=17, path_idle=true, inv=minecraft:stone_axex1 minecraft:wooden_swordx1 minecraft:crafting_tablex1 minecraft:stickx2 minecraft:wooden_pickaxex1 minecraft:wooden_axex1 minecraft:cobblestonex8 minecraft:stone_pickaxex1 minecraft:eggx1 minecraft:stone_swordx1 minecraft:raw_ironx2, nearby=animals=0 hostiles=0, mining_idle=true, hp=11.5/20.0, on_ground=true, pos=573,62,157, fall=0.0, held=minecraft:cobblestonex8, task_state=COMPLETED}
[01:52:03] [Server thread/INFO]: [AIBot] ACTION event=diag_snapshot bot=Bob {submerged=false, light=14, step=, in_lava=false, task_phase=, goal=none, task_progress=1.0, task=idle, mode=survival, air=300, food=17, path_idle=true, inv=minecraft:stone_axex1 minecraft:wooden_swordx1 minecraft:crafting_tablex1 minecraft:stickx2 minecraft:wooden_pickaxex1 minecraft:wooden_axex1 minecraft:cobblestonex8 minecraft:stone_pickaxex1 minecraft:eggx1 minecraft:stone_swordx1 minecraft:raw_ironx2, nearby=animals=0 hostiles=0, mining_idle=true, hp=11.5/20.0, on_ground=true, pos=573,62,157, fall=0.0, held=minecraft:cobblestonex8, task_state=COMPLETED}
[01:52:04] [Server thread/INFO]: [AIBot] ACTION event=capability_decision bot=Bob {allowed=false, profile=strict_survival, capability=HIDDEN_BLOCK_SCAN, context=observable_block_query, reason=DENIED_STRICT_SURVIVAL}
[01:52:04] [Server thread/INFO]: [AIBot] ACTION event=capability_decision bot=Bob {allowed=false, profile=strict_survival, capability=HIDDEN_BLOCK_SCAN, context=perception_snapshot, reason=DENIED_STRICT_SURVIVAL}
[01:52:04] [Server thread/INFO]: [AIBot] ACTION event=capability_decision bot=Bob {allowed=false, profile=strict_survival, capability=HIDDEN_BLOCK_SCAN, context=observable_entity_query, reason=DENIED_STRICT_SURVIVAL}
[01:52:05] [Server thread/INFO]: [AIBot] ACTION event=capability_decision bot=Bob {allowed=false, profile=strict_survival, capability=HIDDEN_BLOCK_SCAN, context=diagnostic_nearby, reason=DENIED_STRICT_SURVIVAL}
[01:52:05] [Server thread/INFO]: [AIBot] ACTION event=diag_snapshot bot=Bob {submerged=false, light=14, step=, in_lava=false, task_phase=, goal=none, task_progress=1.0, task=idle, mode=survival, air=300, food=17, path_idle=true, inv=minecraft:stone_axex1 minecraft:wooden_swordx1 minecraft:crafting_tablex1 minecraft:stickx2 minecraft:wooden_pickaxex1 minecraft:wooden_axex1 minecraft:cobblestonex8 minecraft:stone_pickaxex1 minecraft:eggx1 minecraft:stone_swordx1 minecraft:raw_ironx2, nearby=animals=0 hostiles=0, mining_idle=true, hp=11.5/20.0, on_ground=true, pos=573,62,157, fall=0.0, held=minecraft:cobblestonex8, task_state=COMPLETED}
[01:52:06] [Server thread/INFO]: [AIBot] ACTION event=capability_decision bot=Bob {allowed=false, profile=strict_survival, capability=HIDDEN_BLOCK_SCAN, context=observable_cell_query, reason=DENIED_STRICT_SURVIVAL}
[01:52:07] [Server thread/INFO]: [AIBot] ACTION event=diag_snapshot bot=Bob {submerged=false, light=14, step=, in_lava=false, task_phase=, goal=none, task_progress=1.0, task=idle, mode=survival, air=300, food=17, path_idle=true, inv=minecraft:stone_axex1 minecraft:wooden_swordx1 minecraft:crafting_tablex1 minecraft:stickx2 minecraft:wooden_pickaxex1 minecraft:wooden_axex1 minecraft:cobblestonex8 minecraft:stone_pickaxex1 minecraft:eggx1 minecraft:stone_swordx1 minecraft:raw_ironx2, nearby=animals=0 hostiles=0, mining_idle=true, hp=11.5/20.0, on_ground=true, pos=573,62,157, fall=0.0, held=minecraft:cobblestonex8, task_state=COMPLETED}
[01:52:09] [Server thread/INFO]: [AIBot] ACTION event=capability_decision bot=Bob {allowed=false, profile=strict_survival, capability=HIDDEN_BLOCK_SCAN, context=observable_block_query, reason=DENIED_STRICT_SURVIVAL}
[01:52:09] [Server thread/INFO]: [AIBot] ACTION event=capability_decision bot=Bob {allowed=false, profile=strict_survival, capability=HIDDEN_BLOCK_SCAN, context=perception_snapshot, reason=DENIED_STRICT_SURVIVAL}
[01:52:09] [Server thread/WARN]: [AIBot] PERCEPTION event=snapshot_slow bot=Bob {elapsed_ms=14}
[01:52:09] [Server thread/INFO]: [AIBot] ACTION event=diag_snapshot bot=Bob {submerged=false, light=14, step=, in_lava=false, task_phase=, goal=none, task_progress=1.0, task=idle, mode=survival, air=300, food=17, path_idle=true, inv=minecraft:stone_axex1 minecraft:wooden_swordx1 minecraft:crafting_tablex1 minecraft:stickx2 minecraft:wooden_pickaxex1 minecraft:wooden_axex1 minecraft:cobblestonex8 minecraft:stone_pickaxex1 minecraft:eggx1 minecraft:stone_swordx1 minecraft:raw_ironx2, nearby=animals=0 hostiles=0, mining_idle=true, hp=11.5/20.0, on_ground=true, pos=573,62,157, fall=0.0, held=minecraft:cobblestonex8, task_state=COMPLETED}
[01:52:09] [Server thread/INFO]: [AIBot] ACTION event=capability_decision bot=Bob {allowed=false, profile=strict_survival, capability=HIDDEN_BLOCK_SCAN, context=observable_entity_query, reason=DENIED_STRICT_SURVIVAL}
[01:52:10] [Server thread/WARN]: [AIBot] PERCEPTION event=snapshot_slow bot=Bob {elapsed_ms=16}
[01:52:11] [Server thread/INFO]: [AIBot] ACTION event=capability_decision bot=Bob {allowed=false, profile=strict_survival, capability=HIDDEN_BLOCK_SCAN, context=observable_cell_query, reason=DENIED_STRICT_SURVIVAL}
[01:52:11] [Server thread/INFO]: [AIBot] ACTION event=capability_decision bot=Bob {allowed=false, profile=strict_survival, capability=HIDDEN_BLOCK_SCAN, context=diagnostic_nearby, reason=DENIED_STRICT_SURVIVAL}
[01:52:11] [Server thread/INFO]: [AIBot] ACTION event=diag_snapshot bot=Bob {submerged=false, light=14, step=, in_lava=false, task_phase=, goal=none, task_progress=1.0, task=idle, mode=survival, air=300, food=17, path_idle=true, inv=minecraft:stone_axex1 minecraft:wooden_swordx1 minecraft:crafting_tablex1 minecraft:stickx2 minecraft:wooden_pickaxex1 minecraft:wooden_axex1 minecraft:cobblestonex8 minecraft:stone_pickaxex1 minecraft:eggx1 minecraft:stone_swordx1 minecraft:raw_ironx2, nearby=animals=0 hostiles=0, mining_idle=true, hp=11.5/20.0, on_ground=true, pos=573,62,157, fall=0.0, held=minecraft:cobblestonex8, task_state=COMPLETED}
[01:52:12] [Server thread/WARN]: [AIBot] PERCEPTION event=snapshot_slow bot=Bob {elapsed_ms=13}
[01:52:13] [Server thread/INFO]: [AIBot] ACTION event=diag_snapshot bot=Bob {submerged=false, light=14, step=, in_lava=false, task_phase=, goal=none, task_progress=1.0, task=idle, mode=survival, air=300, food=17, path_idle=true, inv=minecraft:stone_axex1 minecraft:wooden_swordx1 minecraft:crafting_tablex1 minecraft:stickx2 minecraft:wooden_pickaxex1 minecraft:wooden_axex1 minecraft:cobblestonex8 minecraft:stone_pickaxex1 minecraft:eggx1 minecraft:stone_swordx1 minecraft:raw_ironx2, nearby=animals=0 hostiles=0, mining_idle=true, hp=11.5/20.0, on_ground=true, pos=573,62,157, fall=0.0, held=minecraft:cobblestonex8, task_state=COMPLETED}
[01:52:14] [Server thread/INFO]: [AIBot] ACTION event=capability_decision bot=Bob {allowed=false, profile=strict_survival, capability=HIDDEN_BLOCK_SCAN, context=observable_block_query, reason=DENIED_STRICT_SURVIVAL}
[01:52:14] [Server thread/INFO]: [AIBot] ACTION event=capability_decision bot=Bob {allowed=false, profile=strict_survival, capability=HIDDEN_BLOCK_SCAN, context=perception_snapshot, reason=DENIED_STRICT_SURVIVAL}
[01:52:14] [Server thread/INFO]: [AIBot] ACTION event=capability_decision bot=Bob {allowed=false, profile=strict_survival, capability=HIDDEN_BLOCK_SCAN, context=observable_entity_query, reason=DENIED_STRICT_SURVIVAL}
[01:52:15] [Server thread/INFO]: [AIBot] ACTION event=diag_snapshot bot=Bob {submerged=false, light=14, step=, in_lava=false, task_phase=, goal=none, task_progress=1.0, task=idle, mode=survival, air=300, food=17, path_idle=true, inv=minecraft:stone_axex1 minecraft:wooden_swordx1 minecraft:crafting_tablex1 minecraft:stickx2 minecraft:wooden_pickaxex1 minecraft:wooden_axex1 minecraft:cobblestonex8 minecraft:stone_pickaxex1 minecraft:eggx1 minecraft:stone_swordx1 minecraft:raw_ironx2, nearby=animals=0 hostiles=0, mining_idle=true, hp=11.5/20.0, on_ground=true, pos=573,62,157, fall=0.0, held=minecraft:cobblestonex8, task_state=COMPLETED}
[01:52:16] [Server thread/INFO]: [AIBot] ACTION event=capability_decision bot=Bob {allowed=false, profile=strict_survival, capability=HIDDEN_BLOCK_SCAN, context=observable_cell_query, reason=DENIED_STRICT_SURVIVAL}
[01:52:16] [Server thread/WARN]: [AIBot] PERCEPTION event=snapshot_slow bot=Bob {elapsed_ms=11}
[01:52:16] [Server thread/WARN]: [AIBot] PERCEPTION event=snapshot_slow bot=Bob {elapsed_ms=14}
[01:52:17] [Server thread/INFO]: [AIBot] ACTION event=capability_decision bot=Bob {allowed=false, profile=strict_survival, capability=HIDDEN_BLOCK_SCAN, context=diagnostic_nearby, reason=DENIED_STRICT_SURVIVAL}
[01:52:17] [Server thread/INFO]: [AIBot] ACTION event=diag_snapshot bot=Bob {submerged=false, light=14, step=, in_lava=false, task_phase=, goal=none, task_progress=1.0, task=idle, mode=survival, air=300, food=17, path_idle=true, inv=minecraft:stone_axex1 minecraft:wooden_swordx1 minecraft:crafting_tablex1 minecraft:stickx2 minecraft:wooden_pickaxex1 minecraft:wooden_axex1 minecraft:cobblestonex8 minecraft:stone_pickaxex1 minecraft:eggx1 minecraft:stone_swordx1 minecraft:raw_ironx2, nearby=animals=0 hostiles=0, mining_idle=true, hp=11.5/20.0, on_ground=true, pos=573,62,157, fall=0.0, held=minecraft:cobblestonex8, task_state=COMPLETED}
[01:52:18] [Server thread/WARN]: [AIBot] PERCEPTION event=snapshot_slow bot=Bob {elapsed_ms=13}
[01:52:19] [Server thread/INFO]: [AIBot] ACTION event=capability_decision bot=Bob {allowed=false, profile=strict_survival, capability=HIDDEN_BLOCK_SCAN, context=observable_block_query, reason=DENIED_STRICT_SURVIVAL}
[01:52:19] [Server thread/INFO]: [AIBot] ACTION event=capability_decision bot=Bob {allowed=false, profile=strict_survival, capability=HIDDEN_BLOCK_SCAN, context=perception_snapshot, reason=DENIED_STRICT_SURVIVAL}
[01:52:19] [Server thread/INFO]: [AIBot] ACTION event=diag_snapshot bot=Bob {submerged=false, light=14, step=, in_lava=false, task_phase=, goal=none, task_progress=1.0, task=idle, mode=survival, air=300, food=17, path_idle=true, inv=minecraft:stone_axex1 minecraft:wooden_swordx1 minecraft:crafting_tablex1 minecraft:stickx2 minecraft:wooden_pickaxex1 minecraft:wooden_axex1 minecraft:cobblestonex8 minecraft:stone_pickaxex1 minecraft:eggx1 minecraft:stone_swordx1 minecraft:raw_ironx2, nearby=animals=0 hostiles=0, mining_idle=true, hp=11.5/20.0, on_ground=true, pos=573,62,157, fall=0.0, held=minecraft:cobblestonex8, task_state=COMPLETED}
[01:52:19] [Server thread/INFO]: [AIBot] ACTION event=capability_decision bot=Bob {allowed=false, profile=strict_survival, capability=HIDDEN_BLOCK_SCAN, context=observable_entity_query, reason=DENIED_STRICT_SURVIVAL}
[01:52:21] [Server thread/INFO]: [AIBot] ACTION event=capability_decision bot=Bob {allowed=false, profile=strict_survival, capability=HIDDEN_BLOCK_SCAN, context=observable_cell_query, reason=DENIED_STRICT_SURVIVAL}
[01:52:21] [Server thread/INFO]: [AIBot] ACTION event=diag_snapshot bot=Bob {submerged=false, light=14, step=, in_lava=false, task_phase=, goal=none, task_progress=1.0, task=idle, mode=survival, air=300, food=17, path_idle=true, inv=minecraft:stone_axex1 minecraft:wooden_swordx1 minecraft:crafting_tablex1 minecraft:stickx2 minecraft:wooden_pickaxex1 minecraft:wooden_axex1 minecraft:cobblestonex8 minecraft:stone_pickaxex1 minecraft:eggx1 minecraft:stone_swordx1 minecraft:raw_ironx2, nearby=animals=0 hostiles=0, mining_idle=true, hp=11.5/20.0, on_ground=true, pos=573,62,157, fall=0.0, held=minecraft:cobblestonex8, task_state=COMPLETED}
[01:52:22] [Server thread/WARN]: [AIBot] PERCEPTION event=snapshot_slow bot=Bob {elapsed_ms=11}
[01:52:23] [Server thread/INFO]: [AIBot] ACTION event=capability_decision bot=Bob {allowed=false, profile=strict_survival, capability=HIDDEN_BLOCK_SCAN, context=diagnostic_nearby, reason=DENIED_STRICT_SURVIVAL}
[01:52:23] [Server thread/INFO]: [AIBot] ACTION event=diag_snapshot bot=Bob {submerged=false, light=14, step=, in_lava=false, task_phase=, goal=none, task_progress=1.0, task=idle, mode=survival, air=300, food=17, path_idle=true, inv=minecraft:stone_axex1 minecraft:wooden_swordx1 minecraft:crafting_tablex1 minecraft:stickx2 minecraft:wooden_pickaxex1 minecraft:wooden_axex1 minecraft:cobblestonex8 minecraft:stone_pickaxex1 minecraft:eggx1 minecraft:stone_swordx1 minecraft:raw_ironx2, nearby=animals=0 hostiles=0, mining_idle=true, hp=11.5/20.0, on_ground=true, pos=573,62,157, fall=0.0, held=minecraft:cobblestonex8, task_state=COMPLETED}
[01:52:24] [Server thread/INFO]: [AIBot] ACTION event=capability_decision bot=Bob {allowed=false, profile=strict_survival, capability=HIDDEN_BLOCK_SCAN, context=observable_block_query, reason=DENIED_STRICT_SURVIVAL}
[01:52:24] [Server thread/INFO]: [AIBot] ACTION event=capability_decision bot=Bob {allowed=false, profile=strict_survival, capability=HIDDEN_BLOCK_SCAN, context=perception_snapshot, reason=DENIED_STRICT_SURVIVAL}
[01:52:24] [Server thread/INFO]: [AIBot] ACTION event=capability_decision bot=Bob {allowed=false, profile=strict_survival, capability=HIDDEN_BLOCK_SCAN, context=observable_entity_query, reason=DENIED_STRICT_SURVIVAL}
[01:52:25] [Server thread/INFO]: [AIBot] ACTION event=diag_snapshot bot=Bob {submerged=false, light=14, step=, in_lava=false, task_phase=, goal=none, task_progress=1.0, task=idle, mode=survival, air=300, food=17, path_idle=true, inv=minecraft:stone_axex1 minecraft:wooden_swordx1 minecraft:crafting_tablex1 minecraft:stickx2 minecraft:wooden_pickaxex1 minecraft:wooden_axex1 minecraft:cobblestonex8 minecraft:stone_pickaxex1 minecraft:eggx1 minecraft:stone_swordx1 minecraft:raw_ironx2, nearby=animals=0 hostiles=0, mining_idle=true, hp=11.5/20.0, on_ground=true, pos=573,62,157, fall=0.0, held=minecraft:cobblestonex8, task_state=COMPLETED}
[01:52:26] [Server thread/INFO]: [AIBot] ACTION event=capability_decision bot=Bob {allowed=false, profile=strict_survival, capability=HIDDEN_BLOCK_SCAN, context=observable_cell_query, reason=DENIED_STRICT_SURVIVAL}
[01:52:26] [Server thread/WARN]: [AIBot] PERCEPTION event=snapshot_slow bot=Bob {elapsed_ms=12}
[01:52:26] [Server thread/WARN]: [AIBot] PERCEPTION event=snapshot_slow bot=Bob {elapsed_ms=11}
[01:52:27] [Server thread/INFO]: [AIBot] ACTION event=diag_snapshot bot=Bob {submerged=false, light=14, step=, in_lava=false, task_phase=, goal=none, task_progress=1.0, task=idle, mode=survival, air=300, food=17, path_idle=true, inv=minecraft:stone_axex1 minecraft:wooden_swordx1 minecraft:crafting_tablex1 minecraft:stickx2 minecraft:wooden_pickaxex1 minecraft:wooden_axex1 minecraft:cobblestonex8 minecraft:stone_pickaxex1 minecraft:eggx1 minecraft:stone_swordx1 minecraft:raw_ironx2, nearby=animals=0 hostiles=0, mining_idle=true, hp=11.5/20.0, on_ground=true, pos=573,62,157, fall=0.0, held=minecraft:cobblestonex8, task_state=COMPLETED}
[01:52:29] [Server thread/INFO]: [AIBot] ACTION event=capability_decision bot=Bob {allowed=false, profile=strict_survival, capability=HIDDEN_BLOCK_SCAN, context=observable_block_query, reason=DENIED_STRICT_SURVIVAL}
[01:52:29] [Server thread/INFO]: [AIBot] ACTION event=capability_decision bot=Bob {allowed=false, profile=strict_survival, capability=HIDDEN_BLOCK_SCAN, context=perception_snapshot, reason=DENIED_STRICT_SURVIVAL}
[01:52:29] [Server thread/INFO]: [AIBot] ACTION event=capability_decision bot=Bob {allowed=false, profile=strict_survival, capability=HIDDEN_BLOCK_SCAN, context=diagnostic_nearby, reason=DENIED_STRICT_SURVIVAL}
[01:52:29] [Server thread/INFO]: [AIBot] ACTION event=diag_snapshot bot=Bob {submerged=false, light=14, step=, in_lava=false, task_phase=, goal=none, task_progress=1.0, task=idle, mode=survival, air=300, food=17, path_idle=true, inv=minecraft:stone_axex1 minecraft:wooden_swordx1 minecraft:crafting_tablex1 minecraft:stickx2 minecraft:wooden_pickaxex1 minecraft:wooden_axex1 minecraft:cobblestonex8 minecraft:stone_pickaxex1 minecraft:eggx1 minecraft:stone_swordx1 minecraft:raw_ironx2, nearby=animals=0 hostiles=0, mining_idle=true, hp=11.5/20.0, on_ground=true, pos=573,62,157, fall=0.0, held=minecraft:cobblestonex8, task_state=COMPLETED}
[01:52:29] [Server thread/INFO]: [AIBot] ACTION event=capability_decision bot=Bob {allowed=false, profile=strict_survival, capability=HIDDEN_BLOCK_SCAN, context=observable_entity_query, reason=DENIED_STRICT_SURVIVAL}
[01:52:31] [Server thread/INFO]: [AIBot] ACTION event=capability_decision bot=Bob {allowed=false, profile=strict_survival, capability=HIDDEN_BLOCK_SCAN, context=observable_cell_query, reason=DENIED_STRICT_SURVIVAL}
[01:52:31] [Server thread/INFO]: [AIBot] ACTION event=diag_snapshot bot=Bob {submerged=false, light=14, step=, in_lava=false, task_phase=, goal=none, task_progress=1.0, task=idle, mode=survival, air=300, food=17, path_idle=true, inv=minecraft:stone_axex1 minecraft:wooden_swordx1 minecraft:crafting_tablex1 minecraft:stickx2 minecraft:wooden_pickaxex1 minecraft:wooden_axex1 minecraft:cobblestonex8 minecraft:stone_pickaxex1 minecraft:eggx1 minecraft:stone_swordx1 minecraft:raw_ironx2, nearby=animals=0 hostiles=0, mining_idle=true, hp=11.5/20.0, on_ground=true, pos=573,62,157, fall=0.0, held=minecraft:cobblestonex8, task_state=COMPLETED}
[01:52:32] [Server thread/WARN]: [AIBot] PERCEPTION event=snapshot_slow bot=Bob {elapsed_ms=11}
[01:52:33] [Server thread/WARN]: [AIBot] PERCEPTION event=snapshot_slow bot=Bob {elapsed_ms=15}
[01:52:33] [Server thread/INFO]: [AIBot] ACTION event=diag_snapshot bot=Bob {submerged=false, light=14, step=, in_lava=false, task_phase=, goal=none, task_progress=1.0, task=idle, mode=survival, air=300, food=17, path_idle=true, inv=minecraft:stone_axex1 minecraft:wooden_swordx1 minecraft:crafting_tablex1 minecraft:stickx2 minecraft:wooden_pickaxex1 minecraft:wooden_axex1 minecraft:cobblestonex8 minecraft:stone_pickaxex1 minecraft:eggx1 minecraft:stone_swordx1 minecraft:raw_ironx2, nearby=animals=0 hostiles=0, mining_idle=true, hp=11.5/20.0, on_ground=true, pos=573,62,157, fall=0.0, held=minecraft:cobblestonex8, task_state=COMPLETED}
[01:52:34] [Server thread/INFO]: [AIBot] ACTION event=capability_decision bot=Bob {allowed=false, profile=strict_survival, capability=HIDDEN_BLOCK_SCAN, context=observable_block_query, reason=DENIED_STRICT_SURVIVAL}
[01:52:34] [Server thread/INFO]: [AIBot] ACTION event=capability_decision bot=Bob {allowed=false, profile=strict_survival, capability=HIDDEN_BLOCK_SCAN, context=perception_snapshot, reason=DENIED_STRICT_SURVIVAL}
[01:52:34] [Server thread/WARN]: [AIBot] PERCEPTION event=snapshot_slow bot=Bob {elapsed_ms=11}
[01:52:34] [Server thread/INFO]: [AIBot] ACTION event=capability_decision bot=Bob {allowed=false, profile=strict_survival, capability=HIDDEN_BLOCK_SCAN, context=observable_entity_query, reason=DENIED_STRICT_SURVIVAL}
[01:52:35] [Server thread/INFO]: [AIBot] ACTION event=capability_decision bot=Bob {allowed=false, profile=strict_survival, capability=HIDDEN_BLOCK_SCAN, context=diagnostic_nearby, reason=DENIED_STRICT_SURVIVAL}
[01:52:35] [Server thread/INFO]: [AIBot] ACTION event=diag_snapshot bot=Bob {submerged=false, light=14, step=, in_lava=false, task_phase=, goal=none, task_progress=1.0, task=idle, mode=survival, air=300, food=17, path_idle=true, inv=minecraft:stone_axex1 minecraft:wooden_swordx1 minecraft:crafting_tablex1 minecraft:stickx2 minecraft:wooden_pickaxex1 minecraft:wooden_axex1 minecraft:cobblestonex8 minecraft:stone_pickaxex1 minecraft:eggx1 minecraft:stone_swordx1 minecraft:raw_ironx2, nearby=animals=0 hostiles=0, mining_idle=true, hp=11.5/20.0, on_ground=true, pos=573,62,157, fall=0.0, held=minecraft:cobblestonex8, task_state=COMPLETED}
[01:52:36] [Server thread/INFO]: [AIBot] ACTION event=capability_decision bot=Bob {allowed=false, profile=strict_survival, capability=HIDDEN_BLOCK_SCAN, context=observable_cell_query, reason=DENIED_STRICT_SURVIVAL}
[01:52:36] [Server thread/WARN]: [AIBot] PERCEPTION event=snapshot_slow bot=Bob {elapsed_ms=12}
[01:52:37] [Server thread/WARN]: [AIBot] PERCEPTION event=snapshot_slow bot=Bob {elapsed_ms=11}
[01:52:37] [Server thread/INFO]: [AIBot] ACTION event=diag_snapshot bot=Bob {submerged=false, light=14, step=, in_lava=false, task_phase=, goal=none, task_progress=1.0, task=idle, mode=survival, air=300, food=17, path_idle=true, inv=minecraft:stone_axex1 minecraft:wooden_swordx1 minecraft:crafting_tablex1 minecraft:stickx2 minecraft:wooden_pickaxex1 minecraft:wooden_axex1 minecraft:cobblestonex8 minecraft:stone_pickaxex1 minecraft:eggx1 minecraft:stone_swordx1 minecraft:raw_ironx2, nearby=animals=0 hostiles=0, mining_idle=true, hp=11.5/20.0, on_ground=true, pos=573,62,157, fall=0.0, held=minecraft:cobblestonex8, task_state=COMPLETED}
[01:52:39] [Server thread/INFO]: [AIBot] LIFECYCLE event=mixin_alive bot=- {server_tick=13200}
[01:52:39] [Server thread/INFO]: [AIBot] ACTION event=capability_decision bot=Bob {allowed=false, profile=strict_survival, capability=HIDDEN_BLOCK_SCAN, context=observable_block_query, reason=DENIED_STRICT_SURVIVAL}
[01:52:39] [Server thread/INFO]: [AIBot] ACTION event=capability_decision bot=Bob {allowed=false, profile=strict_survival, capability=HIDDEN_BLOCK_SCAN, context=perception_snapshot, reason=DENIED_STRICT_SURVIVAL}
[01:52:39] [Server thread/INFO]: [AIBot] ACTION event=diag_snapshot bot=Bob {submerged=false, light=14, step=, in_lava=false, task_phase=, goal=none, task_progress=1.0, task=idle, mode=survival, air=300, food=17, path_idle=true, inv=minecraft:stone_axex1 minecraft:wooden_swordx1 minecraft:crafting_tablex1 minecraft:stickx2 minecraft:wooden_pickaxex1 minecraft:wooden_axex1 minecraft:cobblestonex8 minecraft:stone_pickaxex1 minecraft:eggx1 minecraft:stone_swordx1 minecraft:raw_ironx2, nearby=animals=0 hostiles=0, mining_idle=true, hp=11.5/20.0, on_ground=true, pos=573,62,157, fall=0.0, held=minecraft:cobblestonex8, task_state=COMPLETED}
[01:52:39] [Server thread/INFO]: [AIBot] ACTION event=capability_decision bot=Bob {allowed=false, profile=strict_survival, capability=HIDDEN_BLOCK_SCAN, context=observable_entity_query, reason=DENIED_STRICT_SURVIVAL}
[01:52:41] [Server thread/INFO]: [AIBot] ACTION event=capability_decision bot=Bob {allowed=false, profile=strict_survival, capability=HIDDEN_BLOCK_SCAN, context=observable_cell_query, reason=DENIED_STRICT_SURVIVAL}
[01:52:41] [Server thread/INFO]: [AIBot] ACTION event=capability_decision bot=Bob {allowed=false, profile=strict_survival, capability=HIDDEN_BLOCK_SCAN, context=diagnostic_nearby, reason=DENIED_STRICT_SURVIVAL}
[01:52:41] [Server thread/INFO]: [AIBot] ACTION event=diag_snapshot bot=Bob {submerged=false, light=14, step=, in_lava=false, task_phase=, goal=none, task_progress=1.0, task=idle, mode=survival, air=300, food=17, path_idle=true, inv=minecraft:stone_axex1 minecraft:wooden_swordx1 minecraft:crafting_tablex1 minecraft:stickx2 minecraft:wooden_pickaxex1 minecraft:wooden_axex1 minecraft:cobblestonex8 minecraft:stone_pickaxex1 minecraft:eggx1 minecraft:stone_swordx1 minecraft:raw_ironx2, nearby=animals=0 hostiles=0, mining_idle=true, hp=11.5/20.0, on_ground=true, pos=573,62,157, fall=0.0, held=minecraft:cobblestonex8, task_state=COMPLETED}
[01:52:43] [Server thread/INFO]: [AIBot] ACTION event=diag_snapshot bot=Bob {submerged=false, light=14, step=, in_lava=false, task_phase=, goal=none, task_progress=1.0, task=idle, mode=survival, air=300, food=17, path_idle=true, inv=minecraft:stone_axex1 minecraft:wooden_swordx1 minecraft:crafting_tablex1 minecraft:stickx2 minecraft:wooden_pickaxex1 minecraft:wooden_axex1 minecraft:cobblestonex8 minecraft:stone_pickaxex1 minecraft:eggx1 minecraft:stone_swordx1 minecraft:raw_ironx2, nearby=animals=0 hostiles=0, mining_idle=true, hp=11.5/20.0, on_ground=true, pos=573,62,157, fall=0.0, held=minecraft:cobblestonex8, task_state=COMPLETED}
[01:52:44] [Server thread/INFO]: [AIBot] ACTION event=capability_decision bot=Bob {allowed=false, profile=strict_survival, capability=HIDDEN_BLOCK_SCAN, context=observable_block_query, reason=DENIED_STRICT_SURVIVAL}
[01:52:44] [Server thread/INFO]: [AIBot] ACTION event=capability_decision bot=Bob {allowed=false, profile=strict_survival, capability=HIDDEN_BLOCK_SCAN, context=perception_snapshot, reason=DENIED_STRICT_SURVIVAL}
[01:52:44] [Server thread/INFO]: [AIBot] ACTION event=capability_decision bot=Bob {allowed=false, profile=strict_survival, capability=HIDDEN_BLOCK_SCAN, context=observable_entity_query, reason=DENIED_STRICT_SURVIVAL}
[01:52:45] [Server thread/INFO]: [AIBot] ACTION event=diag_snapshot bot=Bob {submerged=false, light=14, step=, in_lava=false, task_phase=, goal=none, task_progress=1.0, task=idle, mode=survival, air=300, food=17, path_idle=true, inv=minecraft:stone_axex1 minecraft:wooden_swordx1 minecraft:crafting_tablex1 minecraft:stickx2 minecraft:wooden_pickaxex1 minecraft:wooden_axex1 minecraft:cobblestonex8 minecraft:stone_pickaxex1 minecraft:eggx1 minecraft:stone_swordx1 minecraft:raw_ironx2, nearby=animals=0 hostiles=0, mining_idle=true, hp=11.5/20.0, on_ground=true, pos=573,62,157, fall=0.0, held=minecraft:cobblestonex8, task_state=COMPLETED}
[01:52:45] [Server thread/WARN]: [AIBot] PERCEPTION event=snapshot_slow bot=Bob {elapsed_ms=11}
[01:52:46] [Server thread/INFO]: [AIBot] ACTION event=capability_decision bot=Bob {allowed=false, profile=strict_survival, capability=HIDDEN_BLOCK_SCAN, context=observable_cell_query, reason=DENIED_STRICT_SURVIVAL}
[01:52:46] [Server thread/WARN]: [AIBot] PERCEPTION event=snapshot_slow bot=Bob {elapsed_ms=12}
[01:52:47] [Server thread/INFO]: [AIBot] ACTION event=capability_decision bot=Bob {allowed=false, profile=strict_survival, capability=HIDDEN_BLOCK_SCAN, context=diagnostic_nearby, reason=DENIED_STRICT_SURVIVAL}
[01:52:47] [Server thread/INFO]: [AIBot] ACTION event=diag_snapshot bot=Bob {submerged=false, light=14, step=, in_lava=false, task_phase=, goal=none, task_progress=1.0, task=idle, mode=survival, air=300, food=17, path_idle=true, inv=minecraft:stone_axex1 minecraft:wooden_swordx1 minecraft:crafting_tablex1 minecraft:stickx2 minecraft:wooden_pickaxex1 minecraft:wooden_axex1 minecraft:cobblestonex8 minecraft:stone_pickaxex1 minecraft:eggx1 minecraft:stone_swordx1 minecraft:raw_ironx2, nearby=animals=0 hostiles=0, mining_idle=true, hp=11.5/20.0, on_ground=true, pos=573,62,157, fall=0.0, held=minecraft:cobblestonex8, task_state=COMPLETED}
[01:52:48] [Server thread/WARN]: [AIBot] PERCEPTION event=snapshot_slow bot=Bob {elapsed_ms=11}
[01:52:49] [Server thread/INFO]: [AIBot] ACTION event=capability_decision bot=Bob {allowed=false, profile=strict_survival, capability=HIDDEN_BLOCK_SCAN, context=observable_block_query, reason=DENIED_STRICT_SURVIVAL}
[01:52:49] [Server thread/INFO]: [AIBot] ACTION event=capability_decision bot=Bob {allowed=false, profile=strict_survival, capability=HIDDEN_BLOCK_SCAN, context=perception_snapshot, reason=DENIED_STRICT_SURVIVAL}
[01:52:49] [Server thread/WARN]: [AIBot] PERCEPTION event=snapshot_slow bot=Bob {elapsed_ms=13}
[01:52:49] [Server thread/INFO]: [AIBot] ACTION event=diag_snapshot bot=Bob {submerged=false, light=14, step=, in_lava=false, task_phase=, goal=none, task_progress=1.0, task=idle, mode=survival, air=300, food=17, path_idle=true, inv=minecraft:stone_axex1 minecraft:wooden_swordx1 minecraft:crafting_tablex1 minecraft:stickx2 minecraft:wooden_pickaxex1 minecraft:wooden_axex1 minecraft:cobblestonex8 minecraft:stone_pickaxex1 minecraft:eggx1 minecraft:stone_swordx1 minecraft:raw_ironx2, nearby=animals=0 hostiles=0, mining_idle=true, hp=11.5/20.0, on_ground=true, pos=573,62,157, fall=0.0, held=minecraft:cobblestonex8, task_state=COMPLETED}
[01:52:49] [Server thread/INFO]: [AIBot] ACTION event=capability_decision bot=Bob {allowed=false, profile=strict_survival, capability=HIDDEN_BLOCK_SCAN, context=observable_entity_query, reason=DENIED_STRICT_SURVIVAL}
[01:52:51] [Server thread/INFO]: [AIBot] ACTION event=capability_decision bot=Bob {allowed=false, profile=strict_survival, capability=HIDDEN_BLOCK_SCAN, context=observable_cell_query, reason=DENIED_STRICT_SURVIVAL}
[01:52:51] [Server thread/INFO]: [AIBot] ACTION event=diag_snapshot bot=Bob {submerged=false, light=14, step=, in_lava=false, task_phase=, goal=none, task_progress=1.0, task=idle, mode=survival, air=300, food=17, path_idle=true, inv=minecraft:stone_axex1 minecraft:wooden_swordx1 minecraft:crafting_tablex1 minecraft:stickx2 minecraft:wooden_pickaxex1 minecraft:wooden_axex1 minecraft:cobblestonex8 minecraft:stone_pickaxex1 minecraft:eggx1 minecraft:stone_swordx1 minecraft:raw_ironx2, nearby=animals=0 hostiles=0, mining_idle=true, hp=11.5/20.0, on_ground=true, pos=573,62,157, fall=0.0, held=minecraft:cobblestonex8, task_state=COMPLETED}
[01:52:53] [Server thread/INFO]: [AIBot] ACTION event=capability_decision bot=Bob {allowed=false, profile=strict_survival, capability=HIDDEN_BLOCK_SCAN, context=diagnostic_nearby, reason=DENIED_STRICT_SURVIVAL}
[01:52:53] [Server thread/INFO]: [AIBot] ACTION event=diag_snapshot bot=Bob {submerged=false, light=14, step=, in_lava=false, task_phase=, goal=none, task_progress=1.0, task=idle, mode=survival, air=300, food=17, path_idle=true, inv=minecraft:stone_axex1 minecraft:wooden_swordx1 minecraft:crafting_tablex1 minecraft:stickx2 minecraft:wooden_pickaxex1 minecraft:wooden_axex1 minecraft:cobblestonex8 minecraft:stone_pickaxex1 minecraft:eggx1 minecraft:stone_swordx1 minecraft:raw_ironx2, nearby=animals=0 hostiles=0, mining_idle=true, hp=11.5/20.0, on_ground=true, pos=573,62,157, fall=0.0, held=minecraft:cobblestonex8, task_state=COMPLETED}
[01:52:53] [Server thread/WARN]: [AIBot] PERCEPTION event=snapshot_slow bot=Bob {elapsed_ms=20}
[01:52:54] [Server thread/INFO]: [AIBot] ACTION event=capability_decision bot=Bob {allowed=false, profile=strict_survival, capability=HIDDEN_BLOCK_SCAN, context=observable_block_query, reason=DENIED_STRICT_SURVIVAL}
[01:52:54] [Server thread/INFO]: [AIBot] ACTION event=capability_decision bot=Bob {allowed=false, profile=strict_survival, capability=HIDDEN_BLOCK_SCAN, context=perception_snapshot, reason=DENIED_STRICT_SURVIVAL}
[01:52:54] [Server thread/INFO]: [AIBot] ACTION event=capability_decision bot=Bob {allowed=false, profile=strict_survival, capability=HIDDEN_BLOCK_SCAN, context=observable_entity_query, reason=DENIED_STRICT_SURVIVAL}
[01:52:55] [Server thread/INFO]: [AIBot] ACTION event=diag_snapshot bot=Bob {submerged=false, light=14, step=, in_lava=false, task_phase=, goal=none, task_progress=1.0, task=idle, mode=survival, air=300, food=17, path_idle=true, inv=minecraft:stone_axex1 minecraft:wooden_swordx1 minecraft:crafting_tablex1 minecraft:stickx2 minecraft:wooden_pickaxex1 minecraft:wooden_axex1 minecraft:cobblestonex8 minecraft:stone_pickaxex1 minecraft:eggx1 minecraft:stone_swordx1 minecraft:raw_ironx2, nearby=animals=1(squid@14) hostiles=0, mining_idle=true, hp=11.5/20.0, on_ground=true, pos=573,62,157, fall=0.0, held=minecraft:cobblestonex8, task_state=COMPLETED}
[01:52:56] [Server thread/INFO]: [AIBot] ACTION event=capability_decision bot=Bob {allowed=false, profile=strict_survival, capability=HIDDEN_BLOCK_SCAN, context=observable_cell_query, reason=DENIED_STRICT_SURVIVAL}
[01:52:56] [Server thread/WARN]: [AIBot] PERCEPTION event=snapshot_slow bot=Bob {elapsed_ms=12}
[01:52:57] [Server thread/INFO]: [AIBot] ACTION event=diag_snapshot bot=Bob {submerged=false, light=14, step=, in_lava=false, task_phase=, goal=none, task_progress=1.0, task=idle, mode=survival, air=300, food=17, path_idle=true, inv=minecraft:stone_axex1 minecraft:wooden_swordx1 minecraft:crafting_tablex1 minecraft:stickx2 minecraft:wooden_pickaxex1 minecraft:wooden_axex1 minecraft:cobblestonex8 minecraft:stone_pickaxex1 minecraft:eggx1 minecraft:stone_swordx1 minecraft:raw_ironx2, nearby=animals=1(squid@12) hostiles=0, mining_idle=true, hp=11.5/20.0, on_ground=true, pos=573,62,157, fall=0.0, held=minecraft:cobblestonex8, task_state=COMPLETED}
[01:52:57] [Server thread/WARN]: [AIBot] PERCEPTION event=snapshot_slow bot=Bob {elapsed_ms=11}
[01:52:59] [Server thread/INFO]: [AIBot] ACTION event=capability_decision bot=Bob {allowed=false, profile=strict_survival, capability=HIDDEN_BLOCK_SCAN, context=observable_block_query, reason=DENIED_STRICT_SURVIVAL}
[01:52:59] [Server thread/INFO]: [AIBot] ACTION event=capability_decision bot=Bob {allowed=false, profile=strict_survival, capability=HIDDEN_BLOCK_SCAN, context=perception_snapshot, reason=DENIED_STRICT_SURVIVAL}
[01:52:59] [Server thread/WARN]: [AIBot] PERCEPTION event=snapshot_slow bot=Bob {elapsed_ms=11}
[01:52:59] [Server thread/INFO]: [AIBot] ACTION event=capability_decision bot=Bob {allowed=false, profile=strict_survival, capability=HIDDEN_BLOCK_SCAN, context=diagnostic_nearby, reason=DENIED_STRICT_SURVIVAL}
[01:52:59] [Server thread/INFO]: [AIBot] ACTION event=diag_snapshot bot=Bob {submerged=false, light=14, step=, in_lava=false, task_phase=, goal=none, task_progress=1.0, task=idle, mode=survival, air=300, food=17, path_idle=true, inv=minecraft:stone_axex1 minecraft:wooden_swordx1 minecraft:crafting_tablex1 minecraft:stickx2 minecraft:wooden_pickaxex1 minecraft:wooden_axex1 minecraft:cobblestonex8 minecraft:stone_pickaxex1 minecraft:eggx1 minecraft:stone_swordx1 minecraft:raw_ironx2, nearby=animals=1(squid@11) hostiles=0, mining_idle=true, hp=11.5/20.0, on_ground=true, pos=573,62,157, fall=0.0, held=minecraft:cobblestonex8, task_state=COMPLETED}
[01:52:59] [Server thread/INFO]: [AIBot] ACTION event=capability_decision bot=Bob {allowed=false, profile=strict_survival, capability=HIDDEN_BLOCK_SCAN, context=observable_entity_query, reason=DENIED_STRICT_SURVIVAL}
[01:53:01] [Server thread/INFO]: [AIBot] ACTION event=capability_decision bot=Bob {allowed=false, profile=strict_survival, capability=HIDDEN_BLOCK_SCAN, context=observable_cell_query, reason=DENIED_STRICT_SURVIVAL}
[01:53:01] [Server thread/INFO]: [AIBot] ACTION event=diag_snapshot bot=Bob {submerged=false, light=14, step=, in_lava=false, task_phase=, goal=none, task_progress=1.0, task=idle, mode=survival, air=300, food=17, path_idle=true, inv=minecraft:stone_axex1 minecraft:wooden_swordx1 minecraft:crafting_tablex1 minecraft:stickx2 minecraft:wooden_pickaxex1 minecraft:wooden_axex1 minecraft:cobblestonex8 minecraft:stone_pickaxex1 minecraft:eggx1 minecraft:stone_swordx1 minecraft:raw_ironx2, nearby=animals=0 hostiles=0, mining_idle=true, hp=11.5/20.0, on_ground=true, pos=573,62,157, fall=0.0, held=minecraft:cobblestonex8, task_state=COMPLETED}
[01:53:03] [Server thread/INFO]: [AIBot] ACTION event=diag_snapshot bot=Bob {submerged=false, light=14, step=, in_lava=false, task_phase=, goal=none, task_progress=1.0, task=idle, mode=survival, air=300, food=17, path_idle=true, inv=minecraft:stone_axex1 minecraft:wooden_swordx1 minecraft:crafting_tablex1 minecraft:stickx2 minecraft:wooden_pickaxex1 minecraft:wooden_axex1 minecraft:cobblestonex8 minecraft:stone_pickaxex1 minecraft:eggx1 minecraft:stone_swordx1 minecraft:raw_ironx2, nearby=animals=0 hostiles=0, mining_idle=true, hp=11.5/20.0, on_ground=true, pos=573,62,157, fall=0.0, held=minecraft:cobblestonex8, task_state=COMPLETED}
[01:53:04] [Server thread/INFO]: [AIBot] ACTION event=capability_decision bot=Bob {allowed=false, profile=strict_survival, capability=HIDDEN_BLOCK_SCAN, context=observable_block_query, reason=DENIED_STRICT_SURVIVAL}
[01:53:04] [Server thread/INFO]: [AIBot] ACTION event=capability_decision bot=Bob {allowed=false, profile=strict_survival, capability=HIDDEN_BLOCK_SCAN, context=perception_snapshot, reason=DENIED_STRICT_SURVIVAL}
[01:53:04] [Server thread/WARN]: [AIBot] PERCEPTION event=snapshot_slow bot=Bob {elapsed_ms=13}
[01:53:04] [Server thread/INFO]: [AIBot] ACTION event=capability_decision bot=Bob {allowed=false, profile=strict_survival, capability=HIDDEN_BLOCK_SCAN, context=observable_entity_query, reason=DENIED_STRICT_SURVIVAL}
[01:53:04] [Server thread/WARN]: [AIBot] PERCEPTION event=snapshot_slow bot=Bob {elapsed_ms=12}
[01:53:05] [Server thread/INFO]: [AIBot] ACTION event=capability_decision bot=Bob {allowed=false, profile=strict_survival, capability=HIDDEN_BLOCK_SCAN, context=diagnostic_nearby, reason=DENIED_STRICT_SURVIVAL}
[01:53:05] [Server thread/INFO]: [AIBot] ACTION event=diag_snapshot bot=Bob {submerged=false, light=14, step=, in_lava=false, task_phase=, goal=none, task_progress=1.0, task=idle, mode=survival, air=300, food=17, path_idle=true, inv=minecraft:stone_axex1 minecraft:wooden_swordx1 minecraft:crafting_tablex1 minecraft:stickx2 minecraft:wooden_pickaxex1 minecraft:wooden_axex1 minecraft:cobblestonex8 minecraft:stone_pickaxex1 minecraft:eggx1 minecraft:stone_swordx1 minecraft:raw_ironx2, nearby=animals=1(squid@13) hostiles=0, mining_idle=true, hp=11.5/20.0, on_ground=true, pos=573,62,157, fall=0.0, held=minecraft:cobblestonex8, task_state=COMPLETED}
[01:53:06] [Server thread/INFO]: [AIBot] ACTION event=capability_decision bot=Bob {allowed=false, profile=strict_survival, capability=HIDDEN_BLOCK_SCAN, context=observable_cell_query, reason=DENIED_STRICT_SURVIVAL}
[01:53:06] [Server thread/WARN]: [AIBot] PERCEPTION event=snapshot_slow bot=Bob {elapsed_ms=11}
[01:53:07] [Server thread/WARN]: [AIBot] PERCEPTION event=snapshot_slow bot=Bob {elapsed_ms=14}
[01:53:07] [Server thread/INFO]: [AIBot] ACTION event=diag_snapshot bot=Bob {submerged=false, light=14, step=, in_lava=false, task_phase=, goal=none, task_progress=1.0, task=idle, mode=survival, air=300, food=17, path_idle=true, inv=minecraft:stone_axex1 minecraft:wooden_swordx1 minecraft:crafting_tablex1 minecraft:stickx2 minecraft:wooden_pickaxex1 minecraft:wooden_axex1 minecraft:cobblestonex8 minecraft:stone_pickaxex1 minecraft:eggx1 minecraft:stone_swordx1 minecraft:raw_ironx2, nearby=animals=1(squid@10) hostiles=0, mining_idle=true, hp=11.5/20.0, on_ground=true, pos=573,62,157, fall=0.0, held=minecraft:cobblestonex8, task_state=COMPLETED}
[01:53:09] [Server thread/INFO]: [AIBot] ACTION event=capability_decision bot=Bob {allowed=false, profile=strict_survival, capability=HIDDEN_BLOCK_SCAN, context=observable_block_query, reason=DENIED_STRICT_SURVIVAL}
[01:53:09] [Server thread/INFO]: [AIBot] ACTION event=capability_decision bot=Bob {allowed=false, profile=strict_survival, capability=HIDDEN_BLOCK_SCAN, context=perception_snapshot, reason=DENIED_STRICT_SURVIVAL}
[01:53:09] [Server thread/INFO]: [AIBot] ACTION event=diag_snapshot bot=Bob {submerged=false, light=14, step=, in_lava=false, task_phase=, goal=none, task_progress=1.0, task=idle, mode=survival, air=300, food=17, path_idle=true, inv=minecraft:stone_axex1 minecraft:wooden_swordx1 minecraft:crafting_tablex1 minecraft:stickx2 minecraft:wooden_pickaxex1 minecraft:wooden_axex1 minecraft:cobblestonex8 minecraft:stone_pickaxex1 minecraft:eggx1 minecraft:stone_swordx1 minecraft:raw_ironx2, nearby=animals=1(squid@9) hostiles=0, mining_idle=true, hp=11.5/20.0, on_ground=true, pos=573,62,157, fall=0.0, held=minecraft:cobblestonex8, task_state=COMPLETED}
[01:53:09] [Server thread/INFO]: [AIBot] ACTION event=capability_decision bot=Bob {allowed=false, profile=strict_survival, capability=HIDDEN_BLOCK_SCAN, context=observable_entity_query, reason=DENIED_STRICT_SURVIVAL}
[01:53:10] [Server thread/WARN]: [AIBot] PERCEPTION event=snapshot_slow bot=Bob {elapsed_ms=12}
[01:53:11] [Server thread/INFO]: [AIBot] ACTION event=capability_decision bot=Bob {allowed=false, profile=strict_survival, capability=HIDDEN_BLOCK_SCAN, context=observable_cell_query, reason=DENIED_STRICT_SURVIVAL}
[01:53:11] [Server thread/INFO]: [AIBot] ACTION event=capability_decision bot=Bob {allowed=false, profile=strict_survival, capability=HIDDEN_BLOCK_SCAN, context=diagnostic_nearby, reason=DENIED_STRICT_SURVIVAL}
[01:53:11] [Server thread/INFO]: [AIBot] ACTION event=diag_snapshot bot=Bob {submerged=false, light=14, step=, in_lava=false, task_phase=, goal=none, task_progress=1.0, task=idle, mode=survival, air=300, food=17, path_idle=true, inv=minecraft:stone_axex1 minecraft:wooden_swordx1 minecraft:crafting_tablex1 minecraft:stickx2 minecraft:wooden_pickaxex1 minecraft:wooden_axex1 minecraft:cobblestonex8 minecraft:stone_pickaxex1 minecraft:eggx1 minecraft:stone_swordx1 minecraft:raw_ironx2, nearby=animals=0 hostiles=0, mining_idle=true, hp=11.5/20.0, on_ground=true, pos=573,62,157, fall=0.0, held=minecraft:cobblestonex8, task_state=COMPLETED}
[01:53:13] [Server thread/INFO]: [AIBot] ACTION event=diag_snapshot bot=Bob {submerged=false, light=14, step=, in_lava=false, task_phase=, goal=none, task_progress=1.0, task=idle, mode=survival, air=300, food=17, path_idle=true, inv=minecraft:stone_axex1 minecraft:wooden_swordx1 minecraft:crafting_tablex1 minecraft:stickx2 minecraft:wooden_pickaxex1 minecraft:wooden_axex1 minecraft:cobblestonex8 minecraft:stone_pickaxex1 minecraft:eggx1 minecraft:stone_swordx1 minecraft:raw_ironx2, nearby=animals=0 hostiles=0, mining_idle=true, hp=11.5/20.0, on_ground=true, pos=573,62,157, fall=0.0, held=minecraft:cobblestonex8, task_state=COMPLETED}
[01:53:13] [Server thread/WARN]: [AIBot] PERCEPTION event=snapshot_slow bot=Bob {elapsed_ms=13}
[01:53:14] [Server thread/INFO]: [AIBot] ACTION event=capability_decision bot=Bob {allowed=false, profile=strict_survival, capability=HIDDEN_BLOCK_SCAN, context=observable_block_query, reason=DENIED_STRICT_SURVIVAL}
[01:53:14] [Server thread/INFO]: [AIBot] ACTION event=capability_decision bot=Bob {allowed=false, profile=strict_survival, capability=HIDDEN_BLOCK_SCAN, context=perception_snapshot, reason=DENIED_STRICT_SURVIVAL}
[01:53:14] [Server thread/INFO]: [AIBot] ACTION event=capability_decision bot=Bob {allowed=false, profile=strict_survival, capability=HIDDEN_BLOCK_SCAN, context=observable_entity_query, reason=DENIED_STRICT_SURVIVAL}
[01:53:15] [Server thread/INFO]: [AIBot] ACTION event=diag_snapshot bot=Bob {submerged=false, light=14, step=, in_lava=false, task_phase=, goal=none, task_progress=1.0, task=idle, mode=survival, air=300, food=17, path_idle=true, inv=minecraft:stone_axex1 minecraft:wooden_swordx1 minecraft:crafting_tablex1 minecraft:stickx2 minecraft:wooden_pickaxex1 minecraft:wooden_axex1 minecraft:cobblestonex8 minecraft:stone_pickaxex1 minecraft:eggx1 minecraft:stone_swordx1 minecraft:raw_ironx2, nearby=animals=0 hostiles=0, mining_idle=true, hp=11.5/20.0, on_ground=true, pos=573,62,157, fall=0.0, held=minecraft:cobblestonex8, task_state=COMPLETED}
[01:53:15] [Server thread/WARN]: [AIBot] PERCEPTION event=snapshot_slow bot=Bob {elapsed_ms=16}
[01:53:16] [Server thread/INFO]: [AIBot] ACTION event=capability_decision bot=Bob {allowed=false, profile=strict_survival, capability=HIDDEN_BLOCK_SCAN, context=observable_cell_query, reason=DENIED_STRICT_SURVIVAL}
[01:53:16] [Server thread/WARN]: [AIBot] PERCEPTION event=snapshot_slow bot=Bob {elapsed_ms=14}
[01:53:17] [Server thread/INFO]: [AIBot] ACTION event=capability_decision bot=Bob {allowed=false, profile=strict_survival, capability=HIDDEN_BLOCK_SCAN, context=diagnostic_nearby, reason=DENIED_STRICT_SURVIVAL}
[01:53:17] [Server thread/INFO]: [AIBot] ACTION event=diag_snapshot bot=Bob {submerged=false, light=14, step=, in_lava=false, task_phase=, goal=none, task_progress=1.0, task=idle, mode=survival, air=300, food=17, path_idle=true, inv=minecraft:stone_axex1 minecraft:wooden_swordx1 minecraft:crafting_tablex1 minecraft:stickx2 minecraft:wooden_pickaxex1 minecraft:wooden_axex1 minecraft:cobblestonex8 minecraft:stone_pickaxex1 minecraft:eggx1 minecraft:stone_swordx1 minecraft:raw_ironx2, nearby=animals=0 hostiles=0, mining_idle=true, hp=11.5/20.0, on_ground=true, pos=573,62,157, fall=0.0, held=minecraft:cobblestonex8, task_state=COMPLETED}
[01:53:19] [Server thread/INFO]: [AIBot] ACTION event=capability_decision bot=Bob {allowed=false, profile=strict_survival, capability=HIDDEN_BLOCK_SCAN, context=observable_block_query, reason=DENIED_STRICT_SURVIVAL}
[01:53:19] [Server thread/INFO]: [AIBot] ACTION event=capability_decision bot=Bob {allowed=false, profile=strict_survival, capability=HIDDEN_BLOCK_SCAN, context=perception_snapshot, reason=DENIED_STRICT_SURVIVAL}
[01:53:19] [Server thread/WARN]: [AIBot] PERCEPTION event=snapshot_slow bot=Bob {elapsed_ms=12}
[01:53:19] [Server thread/INFO]: [AIBot] ACTION event=diag_snapshot bot=Bob {submerged=false, light=14, step=, in_lava=false, task_phase=, goal=none, task_progress=1.0, task=idle, mode=survival, air=300, food=17, path_idle=true, inv=minecraft:stone_axex1 minecraft:wooden_swordx1 minecraft:crafting_tablex1 minecraft:stickx2 minecraft:wooden_pickaxex1 minecraft:wooden_axex1 minecraft:cobblestonex8 minecraft:stone_pickaxex1 minecraft:eggx1 minecraft:stone_swordx1 minecraft:raw_ironx2, nearby=animals=0 hostiles=0, mining_idle=true, hp=11.5/20.0, on_ground=true, pos=573,62,157, fall=0.0, held=minecraft:cobblestonex8, task_state=COMPLETED}
[01:53:19] [Server thread/INFO]: [AIBot] ACTION event=capability_decision bot=Bob {allowed=false, profile=strict_survival, capability=HIDDEN_BLOCK_SCAN, context=observable_entity_query, reason=DENIED_STRICT_SURVIVAL}
[01:53:20] [Server thread/WARN]: [AIBot] PERCEPTION event=snapshot_slow bot=Bob {elapsed_ms=16}
[01:53:21] [Server thread/INFO]: [AIBot] ACTION event=capability_decision bot=Bob {allowed=false, profile=strict_survival, capability=HIDDEN_BLOCK_SCAN, context=observable_cell_query, reason=DENIED_STRICT_SURVIVAL}
[01:53:21] [Server thread/INFO]: [AIBot] ACTION event=diag_snapshot bot=Bob {submerged=false, light=14, step=, in_lava=false, task_phase=, goal=none, task_progress=1.0, task=idle, mode=survival, air=300, food=17, path_idle=true, inv=minecraft:stone_axex1 minecraft:wooden_swordx1 minecraft:crafting_tablex1 minecraft:stickx2 minecraft:wooden_pickaxex1 minecraft:wooden_axex1 minecraft:cobblestonex8 minecraft:stone_pickaxex1 minecraft:eggx1 minecraft:stone_swordx1 minecraft:raw_ironx2, nearby=animals=0 hostiles=0, mining_idle=true, hp=11.5/20.0, on_ground=true, pos=573,62,157, fall=0.0, held=minecraft:cobblestonex8, task_state=COMPLETED}
[01:53:22] [Server thread/WARN]: [AIBot] PERCEPTION event=snapshot_slow bot=Bob {elapsed_ms=12}
[01:53:23] [Server thread/INFO]: [AIBot] ACTION event=capability_decision bot=Bob {allowed=false, profile=strict_survival, capability=HIDDEN_BLOCK_SCAN, context=diagnostic_nearby, reason=DENIED_STRICT_SURVIVAL}
[01:53:23] [Server thread/INFO]: [AIBot] ACTION event=diag_snapshot bot=Bob {submerged=false, light=14, step=, in_lava=false, task_phase=, goal=none, task_progress=1.0, task=idle, mode=survival, air=300, food=17, path_idle=true, inv=minecraft:stone_axex1 minecraft:wooden_swordx1 minecraft:crafting_tablex1 minecraft:stickx2 minecraft:wooden_pickaxex1 minecraft:wooden_axex1 minecraft:cobblestonex8 minecraft:stone_pickaxex1 minecraft:eggx1 minecraft:stone_swordx1 minecraft:raw_ironx2, nearby=animals=0 hostiles=0, mining_idle=true, hp=11.5/20.0, on_ground=true, pos=573,62,157, fall=0.0, held=minecraft:cobblestonex8, task_state=COMPLETED}
[01:53:24] [Server thread/INFO]: [AIBot] ACTION event=capability_decision bot=Bob {allowed=false, profile=strict_survival, capability=HIDDEN_BLOCK_SCAN, context=observable_block_query, reason=DENIED_STRICT_SURVIVAL}
[01:53:24] [Server thread/INFO]: [AIBot] ACTION event=capability_decision bot=Bob {allowed=false, profile=strict_survival, capability=HIDDEN_BLOCK_SCAN, context=perception_snapshot, reason=DENIED_STRICT_SURVIVAL}
[01:53:24] [Server thread/INFO]: [AIBot] ACTION event=capability_decision bot=Bob {allowed=false, profile=strict_survival, capability=HIDDEN_BLOCK_SCAN, context=observable_entity_query, reason=DENIED_STRICT_SURVIVAL}
[01:53:25] [Server thread/WARN]: [AIBot] PERCEPTION event=snapshot_slow bot=Bob {elapsed_ms=14}
[01:53:25] [Server thread/INFO]: [AIBot] ACTION event=diag_snapshot bot=Bob {submerged=false, light=14, step=, in_lava=false, task_phase=, goal=none, task_progress=1.0, task=idle, mode=survival, air=300, food=17, path_idle=true, inv=minecraft:stone_axex1 minecraft:wooden_swordx1 minecraft:crafting_tablex1 minecraft:stickx2 minecraft:wooden_pickaxex1 minecraft:wooden_axex1 minecraft:cobblestonex8 minecraft:stone_pickaxex1 minecraft:eggx1 minecraft:stone_swordx1 minecraft:raw_ironx2, nearby=animals=0 hostiles=0, mining_idle=true, hp=11.5/20.0, on_ground=true, pos=573,62,157, fall=0.0, held=minecraft:cobblestonex8, task_state=COMPLETED}
[01:53:26] [Server thread/INFO]: [AIBot] ACTION event=capability_decision bot=Bob {allowed=false, profile=strict_survival, capability=HIDDEN_BLOCK_SCAN, context=observable_cell_query, reason=DENIED_STRICT_SURVIVAL}
[01:53:26] [Server thread/WARN]: [AIBot] PERCEPTION event=snapshot_slow bot=Bob {elapsed_ms=11}
[01:53:27] [Server thread/INFO]: [AIBot] ACTION event=diag_snapshot bot=Bob {submerged=false, light=14, step=, in_lava=false, task_phase=, goal=none, task_progress=1.0, task=idle, mode=survival, air=300, food=17, path_idle=true, inv=minecraft:stone_axex1 minecraft:wooden_swordx1 minecraft:crafting_tablex1 minecraft:stickx2 minecraft:wooden_pickaxex1 minecraft:wooden_axex1 minecraft:cobblestonex8 minecraft:stone_pickaxex1 minecraft:eggx1 minecraft:stone_swordx1 minecraft:raw_ironx2, nearby=animals=0 hostiles=0, mining_idle=true, hp=11.5/20.0, on_ground=true, pos=573,62,157, fall=0.0, held=minecraft:cobblestonex8, task_state=COMPLETED}
[01:53:27] [Server thread/WARN]: [AIBot] PERCEPTION event=snapshot_slow bot=Bob {elapsed_ms=16}
[01:53:28] [Server thread/WARN]: [AIBot] PERCEPTION event=snapshot_slow bot=Bob {elapsed_ms=11}
[01:53:29] [Server thread/INFO]: [AIBot] ACTION event=capability_decision bot=Bob {allowed=false, profile=strict_survival, capability=HIDDEN_BLOCK_SCAN, context=observable_block_query, reason=DENIED_STRICT_SURVIVAL}
[01:53:29] [Server thread/INFO]: [AIBot] ACTION event=capability_decision bot=Bob {allowed=false, profile=strict_survival, capability=HIDDEN_BLOCK_SCAN, context=perception_snapshot, reason=DENIED_STRICT_SURVIVAL}
[01:53:29] [Server thread/WARN]: [AIBot] PERCEPTION event=snapshot_slow bot=Bob {elapsed_ms=16}
[01:53:29] [Server thread/INFO]: [AIBot] ACTION event=capability_decision bot=Bob {allowed=false, profile=strict_survival, capability=HIDDEN_BLOCK_SCAN, context=diagnostic_nearby, reason=DENIED_STRICT_SURVIVAL}
[01:53:29] [Server thread/INFO]: [AIBot] ACTION event=diag_snapshot bot=Bob {submerged=false, light=14, step=, in_lava=false, task_phase=, goal=none, task_progress=1.0, task=idle, mode=survival, air=300, food=17, path_idle=true, inv=minecraft:stone_axex1 minecraft:wooden_swordx1 minecraft:crafting_tablex1 minecraft:stickx2 minecraft:wooden_pickaxex1 minecraft:wooden_axex1 minecraft:cobblestonex8 minecraft:stone_pickaxex1 minecraft:eggx1 minecraft:stone_swordx1 minecraft:raw_ironx2, nearby=animals=0 hostiles=0, mining_idle=true, hp=11.5/20.0, on_ground=true, pos=573,62,157, fall=0.0, held=minecraft:cobblestonex8, task_state=COMPLETED}
[01:53:29] [Server thread/INFO]: [AIBot] ACTION event=capability_decision bot=Bob {allowed=false, profile=strict_survival, capability=HIDDEN_BLOCK_SCAN, context=observable_entity_query, reason=DENIED_STRICT_SURVIVAL}
[01:53:30] [Server thread/WARN]: [AIBot] PERCEPTION event=snapshot_slow bot=Bob {elapsed_ms=14}
[01:53:31] [Server thread/INFO]: [AIBot] ACTION event=capability_decision bot=Bob {allowed=false, profile=strict_survival, capability=HIDDEN_BLOCK_SCAN, context=observable_cell_query, reason=DENIED_STRICT_SURVIVAL}
[01:53:31] [Server thread/INFO]: [AIBot] ACTION event=diag_snapshot bot=Bob {submerged=false, light=14, step=, in_lava=false, task_phase=, goal=none, task_progress=1.0, task=idle, mode=survival, air=300, food=17, path_idle=true, inv=minecraft:stone_axex1 minecraft:wooden_swordx1 minecraft:crafting_tablex1 minecraft:stickx2 minecraft:wooden_pickaxex1 minecraft:wooden_axex1 minecraft:cobblestonex8 minecraft:stone_pickaxex1 minecraft:eggx1 minecraft:stone_swordx1 minecraft:raw_ironx2, nearby=animals=0 hostiles=0, mining_idle=true, hp=11.5/20.0, on_ground=true, pos=573,62,157, fall=0.0, held=minecraft:cobblestonex8, task_state=COMPLETED}
[01:53:33] [Server thread/INFO]: [AIBot] ACTION event=diag_snapshot bot=Bob {submerged=false, light=14, step=, in_lava=false, task_phase=, goal=none, task_progress=1.0, task=idle, mode=survival, air=300, food=17, path_idle=true, inv=minecraft:stone_axex1 minecraft:wooden_swordx1 minecraft:crafting_tablex1 minecraft:stickx2 minecraft:wooden_pickaxex1 minecraft:wooden_axex1 minecraft:cobblestonex8 minecraft:stone_pickaxex1 minecraft:eggx1 minecraft:stone_swordx1 minecraft:raw_ironx2, nearby=animals=1(squid@4) hostiles=0, mining_idle=true, hp=11.5/20.0, on_ground=true, pos=573,62,157, fall=0.0, held=minecraft:cobblestonex8, task_state=COMPLETED}
[01:53:34] [Server thread/INFO]: [AIBot] ACTION event=capability_decision bot=Bob {allowed=false, profile=strict_survival, capability=HIDDEN_BLOCK_SCAN, context=observable_block_query, reason=DENIED_STRICT_SURVIVAL}
[01:53:34] [Server thread/INFO]: [AIBot] ACTION event=capability_decision bot=Bob {allowed=false, profile=strict_survival, capability=HIDDEN_BLOCK_SCAN, context=perception_snapshot, reason=DENIED_STRICT_SURVIVAL}
[01:53:34] [Server thread/WARN]: [AIBot] PERCEPTION event=snapshot_slow bot=Bob {elapsed_ms=11}
[01:53:34] [Server thread/INFO]: [AIBot] ACTION event=capability_decision bot=Bob {allowed=false, profile=strict_survival, capability=HIDDEN_BLOCK_SCAN, context=observable_entity_query, reason=DENIED_STRICT_SURVIVAL}
[01:53:34] [Server thread/WARN]: [AIBot] PERCEPTION event=snapshot_slow bot=Bob {elapsed_ms=16}
[01:53:35] [Server thread/INFO]: [AIBot] ACTION event=capability_decision bot=Bob {allowed=false, profile=strict_survival, capability=HIDDEN_BLOCK_SCAN, context=diagnostic_nearby, reason=DENIED_STRICT_SURVIVAL}
[01:53:35] [Server thread/INFO]: [AIBot] ACTION event=diag_snapshot bot=Bob {submerged=false, light=14, step=, in_lava=false, task_phase=, goal=none, task_progress=1.0, task=idle, mode=survival, air=300, food=17, path_idle=true, inv=minecraft:stone_axex1 minecraft:wooden_swordx1 minecraft:crafting_tablex1 minecraft:stickx2 minecraft:wooden_pickaxex1 minecraft:wooden_axex1 minecraft:cobblestonex8 minecraft:stone_pickaxex1 minecraft:eggx1 minecraft:stone_swordx1 minecraft:raw_ironx2, nearby=animals=0 hostiles=0, mining_idle=true, hp=11.5/20.0, on_ground=true, pos=573,62,157, fall=0.0, held=minecraft:cobblestonex8, task_state=COMPLETED}
[01:53:36] [Server thread/INFO]: [AIBot] ACTION event=capability_decision bot=Bob {allowed=false, profile=strict_survival, capability=HIDDEN_BLOCK_SCAN, context=observable_cell_query, reason=DENIED_STRICT_SURVIVAL}
[01:53:37] [Server thread/WARN]: [AIBot] PERCEPTION event=snapshot_slow bot=Bob {elapsed_ms=12}
[01:53:37] [Server thread/INFO]: [AIBot] ACTION event=diag_snapshot bot=Bob {submerged=false, light=14, step=, in_lava=false, task_phase=, goal=none, task_progress=1.0, task=idle, mode=survival, air=300, food=17, path_idle=true, inv=minecraft:stone_axex1 minecraft:wooden_swordx1 minecraft:crafting_tablex1 minecraft:stickx2 minecraft:wooden_pickaxex1 minecraft:wooden_axex1 minecraft:cobblestonex8 minecraft:stone_pickaxex1 minecraft:eggx1 minecraft:stone_swordx1 minecraft:raw_ironx2, nearby=animals=0 hostiles=0, mining_idle=true, hp=11.5/20.0, on_ground=true, pos=573,62,157, fall=0.0, held=minecraft:cobblestonex8, task_state=COMPLETED}
[01:53:39] [Server thread/INFO]: [AIBot] LIFECYCLE event=mixin_alive bot=- {server_tick=14400}
[01:53:39] [Server thread/INFO]: [AIBot] ACTION event=capability_decision bot=Bob {allowed=false, profile=strict_survival, capability=HIDDEN_BLOCK_SCAN, context=observable_block_query, reason=DENIED_STRICT_SURVIVAL}
[01:53:39] [Server thread/INFO]: [AIBot] ACTION event=capability_decision bot=Bob {allowed=false, profile=strict_survival, capability=HIDDEN_BLOCK_SCAN, context=perception_snapshot, reason=DENIED_STRICT_SURVIVAL}
[01:53:39] [Server thread/INFO]: [AIBot] ACTION event=diag_snapshot bot=Bob {submerged=false, light=14, step=, in_lava=false, task_phase=, goal=none, task_progress=1.0, task=idle, mode=survival, air=300, food=17, path_idle=true, inv=minecraft:stone_axex1 minecraft:wooden_swordx1 minecraft:crafting_tablex1 minecraft:stickx2 minecraft:wooden_pickaxex1 minecraft:wooden_axex1 minecraft:cobblestonex8 minecraft:stone_pickaxex1 minecraft:eggx1 minecraft:stone_swordx1 minecraft:raw_ironx2, nearby=animals=0 hostiles=0, mining_idle=true, hp=11.5/20.0, on_ground=true, pos=573,62,157, fall=0.0, held=minecraft:cobblestonex8, task_state=COMPLETED}
[01:53:39] [Server thread/INFO]: [AIBot] ACTION event=capability_decision bot=Bob {allowed=false, profile=strict_survival, capability=HIDDEN_BLOCK_SCAN, context=observable_entity_query, reason=DENIED_STRICT_SURVIVAL}
[01:53:41] [Server thread/INFO]: [AIBot] ACTION event=capability_decision bot=Bob {allowed=false, profile=strict_survival, capability=HIDDEN_BLOCK_SCAN, context=observable_cell_query, reason=DENIED_STRICT_SURVIVAL}
[01:53:41] [Server thread/INFO]: [AIBot] ACTION event=capability_decision bot=Bob {allowed=false, profile=strict_survival, capability=HIDDEN_BLOCK_SCAN, context=diagnostic_nearby, reason=DENIED_STRICT_SURVIVAL}
[01:53:41] [Server thread/INFO]: [AIBot] ACTION event=diag_snapshot bot=Bob {submerged=false, light=14, step=, in_lava=false, task_phase=, goal=none, task_progress=1.0, task=idle, mode=survival, air=300, food=17, path_idle=true, inv=minecraft:stone_axex1 minecraft:wooden_swordx1 minecraft:crafting_tablex1 minecraft:stickx2 minecraft:wooden_pickaxex1 minecraft:wooden_axex1 minecraft:cobblestonex8 minecraft:stone_pickaxex1 minecraft:eggx1 minecraft:stone_swordx1 minecraft:raw_ironx2, nearby=animals=0 hostiles=0, mining_idle=true, hp=11.5/20.0, on_ground=true, pos=573,62,157, fall=0.0, held=minecraft:cobblestonex8, task_state=COMPLETED}
[01:53:42] [Server thread/WARN]: [AIBot] PERCEPTION event=snapshot_slow bot=Bob {elapsed_ms=14}
[01:53:43] [Server thread/INFO]: [AIBot] ACTION event=diag_snapshot bot=Bob {submerged=false, light=14, step=, in_lava=false, task_phase=, goal=none, task_progress=1.0, task=idle, mode=survival, air=300, food=17, path_idle=true, inv=minecraft:stone_axex1 minecraft:wooden_swordx1 minecraft:crafting_tablex1 minecraft:stickx2 minecraft:wooden_pickaxex1 minecraft:wooden_axex1 minecraft:cobblestonex8 minecraft:stone_pickaxex1 minecraft:eggx1 minecraft:stone_swordx1 minecraft:raw_ironx2, nearby=animals=0 hostiles=0, mining_idle=true, hp=11.5/20.0, on_ground=true, pos=573,62,157, fall=0.0, held=minecraft:cobblestonex8, task_state=COMPLETED}
[01:53:44] [Server thread/INFO]: [AIBot] ACTION event=capability_decision bot=Bob {allowed=false, profile=strict_survival, capability=HIDDEN_BLOCK_SCAN, context=observable_block_query, reason=DENIED_STRICT_SURVIVAL}
[01:53:44] [Server thread/INFO]: [AIBot] ACTION event=capability_decision bot=Bob {allowed=false, profile=strict_survival, capability=HIDDEN_BLOCK_SCAN, context=perception_snapshot, reason=DENIED_STRICT_SURVIVAL}
[01:53:44] [Server thread/INFO]: [AIBot] ACTION event=capability_decision bot=Bob {allowed=false, profile=strict_survival, capability=HIDDEN_BLOCK_SCAN, context=observable_entity_query, reason=DENIED_STRICT_SURVIVAL}
[01:53:45] [Server thread/WARN]: [AIBot] PERCEPTION event=snapshot_slow bot=Bob {elapsed_ms=15}
[01:53:45] [Server thread/INFO]: [AIBot] ACTION event=diag_snapshot bot=Bob {submerged=false, light=14, step=, in_lava=false, task_phase=, goal=none, task_progress=1.0, task=idle, mode=survival, air=300, food=17, path_idle=true, inv=minecraft:stone_axex1 minecraft:wooden_swordx1 minecraft:crafting_tablex1 minecraft:stickx2 minecraft:wooden_pickaxex1 minecraft:wooden_axex1 minecraft:cobblestonex8 minecraft:stone_pickaxex1 minecraft:eggx1 minecraft:stone_swordx1 minecraft:raw_ironx2, nearby=animals=0 hostiles=0, mining_idle=true, hp=11.5/20.0, on_ground=true, pos=573,62,157, fall=0.0, held=minecraft:cobblestonex8, task_state=COMPLETED}
[01:53:46] [Server thread/INFO]: [AIBot] ACTION event=capability_decision bot=Bob {allowed=false, profile=strict_survival, capability=HIDDEN_BLOCK_SCAN, context=observable_cell_query, reason=DENIED_STRICT_SURVIVAL}
[01:53:47] [Server thread/INFO]: [AIBot] ACTION event=capability_decision bot=Bob {allowed=false, profile=strict_survival, capability=HIDDEN_BLOCK_SCAN, context=diagnostic_nearby, reason=DENIED_STRICT_SURVIVAL}
[01:53:47] [Server thread/INFO]: [AIBot] ACTION event=diag_snapshot bot=Bob {submerged=false, light=14, step=, in_lava=false, task_phase=, goal=none, task_progress=1.0, task=idle, mode=survival, air=300, food=17, path_idle=true, inv=minecraft:stone_axex1 minecraft:wooden_swordx1 minecraft:crafting_tablex1 minecraft:stickx2 minecraft:wooden_pickaxex1 minecraft:wooden_axex1 minecraft:cobblestonex8 minecraft:stone_pickaxex1 minecraft:eggx1 minecraft:stone_swordx1 minecraft:raw_ironx2, nearby=animals=0 hostiles=0, mining_idle=true, hp=11.5/20.0, on_ground=true, pos=573,62,157, fall=0.0, held=minecraft:cobblestonex8, task_state=COMPLETED}
[01:53:49] [Server thread/INFO]: [AIBot] ACTION event=capability_decision bot=Bob {allowed=false, profile=strict_survival, capability=HIDDEN_BLOCK_SCAN, context=observable_block_query, reason=DENIED_STRICT_SURVIVAL}
[01:53:49] [Server thread/INFO]: [AIBot] ACTION event=capability_decision bot=Bob {allowed=false, profile=strict_survival, capability=HIDDEN_BLOCK_SCAN, context=perception_snapshot, reason=DENIED_STRICT_SURVIVAL}
[01:53:49] [Server thread/WARN]: [AIBot] PERCEPTION event=snapshot_slow bot=Bob {elapsed_ms=12}
[01:53:49] [Server thread/INFO]: [AIBot] ACTION event=diag_snapshot bot=Bob {submerged=false, light=14, step=, in_lava=false, task_phase=, goal=none, task_progress=1.0, task=idle, mode=survival, air=300, food=17, path_idle=true, inv=minecraft:stone_axex1 minecraft:wooden_swordx1 minecraft:crafting_tablex1 minecraft:stickx2 minecraft:wooden_pickaxex1 minecraft:wooden_axex1 minecraft:cobblestonex8 minecraft:stone_pickaxex1 minecraft:eggx1 minecraft:stone_swordx1 minecraft:raw_ironx2, nearby=animals=0 hostiles=0, mining_idle=true, hp=11.5/20.0, on_ground=true, pos=573,62,157, fall=0.0, held=minecraft:cobblestonex8, task_state=COMPLETED}
[01:53:49] [Server thread/INFO]: [AIBot] ACTION event=capability_decision bot=Bob {allowed=false, profile=strict_survival, capability=HIDDEN_BLOCK_SCAN, context=observable_entity_query, reason=DENIED_STRICT_SURVIVAL}
[01:53:51] [Server thread/INFO]: [AIBot] ACTION event=capability_decision bot=Bob {allowed=false, profile=strict_survival, capability=HIDDEN_BLOCK_SCAN, context=observable_cell_query, reason=DENIED_STRICT_SURVIVAL}
[01:53:51] [Server thread/INFO]: [AIBot] ACTION event=diag_snapshot bot=Bob {submerged=false, light=14, step=, in_lava=false, task_phase=, goal=none, task_progress=1.0, task=idle, mode=survival, air=300, food=17, path_idle=true, inv=minecraft:stone_axex1 minecraft:wooden_swordx1 minecraft:crafting_tablex1 minecraft:stickx2 minecraft:wooden_pickaxex1 minecraft:wooden_axex1 minecraft:cobblestonex8 minecraft:stone_pickaxex1 minecraft:eggx1 minecraft:stone_swordx1 minecraft:raw_ironx2, nearby=animals=0 hostiles=0, mining_idle=true, hp=11.5/20.0, on_ground=true, pos=573,62,157, fall=0.0, held=minecraft:cobblestonex8, task_state=COMPLETED}
[01:53:53] [Server thread/INFO]: [AIBot] ACTION event=capability_decision bot=Bob {allowed=false, profile=strict_survival, capability=HIDDEN_BLOCK_SCAN, context=diagnostic_nearby, reason=DENIED_STRICT_SURVIVAL}
[01:53:53] [Server thread/INFO]: [AIBot] ACTION event=diag_snapshot bot=Bob {submerged=false, light=14, step=, in_lava=false, task_phase=, goal=none, task_progress=1.0, task=idle, mode=survival, air=300, food=17, path_idle=true, inv=minecraft:stone_axex1 minecraft:wooden_swordx1 minecraft:crafting_tablex1 minecraft:stickx2 minecraft:wooden_pickaxex1 minecraft:wooden_axex1 minecraft:cobblestonex8 minecraft:stone_pickaxex1 minecraft:eggx1 minecraft:stone_swordx1 minecraft:raw_ironx2, nearby=animals=0 hostiles=0, mining_idle=true, hp=11.5/20.0, on_ground=true, pos=573,62,157, fall=0.0, held=minecraft:cobblestonex8, task_state=COMPLETED}
[01:53:53] [Server thread/WARN]: [AIBot] PERCEPTION event=snapshot_slow bot=Bob {elapsed_ms=16}
[01:53:54] [Server thread/INFO]: [AIBot] ACTION event=capability_decision bot=Bob {allowed=false, profile=strict_survival, capability=HIDDEN_BLOCK_SCAN, context=observable_block_query, reason=DENIED_STRICT_SURVIVAL}
[01:53:54] [Server thread/INFO]: [AIBot] ACTION event=capability_decision bot=Bob {allowed=false, profile=strict_survival, capability=HIDDEN_BLOCK_SCAN, context=perception_snapshot, reason=DENIED_STRICT_SURVIVAL}
[01:53:54] [Server thread/INFO]: [AIBot] ACTION event=capability_decision bot=Bob {allowed=false, profile=strict_survival, capability=HIDDEN_BLOCK_SCAN, context=observable_entity_query, reason=DENIED_STRICT_SURVIVAL}
[01:53:55] [Server thread/WARN]: [AIBot] PERCEPTION event=snapshot_slow bot=Bob {elapsed_ms=14}
[01:53:55] [Server thread/INFO]: [AIBot] ACTION event=diag_snapshot bot=Bob {submerged=false, light=14, step=, in_lava=false, task_phase=, goal=none, task_progress=1.0, task=idle, mode=survival, air=300, food=17, path_idle=true, inv=minecraft:stone_axex1 minecraft:wooden_swordx1 minecraft:crafting_tablex1 minecraft:stickx2 minecraft:wooden_pickaxex1 minecraft:wooden_axex1 minecraft:cobblestonex8 minecraft:stone_pickaxex1 minecraft:eggx1 minecraft:stone_swordx1 minecraft:raw_ironx2, nearby=animals=0 hostiles=0, mining_idle=true, hp=11.5/20.0, on_ground=true, pos=573,62,157, fall=0.0, held=minecraft:cobblestonex8, task_state=COMPLETED}
[01:53:56] [Server thread/INFO]: [AIBot] ACTION event=capability_decision bot=Bob {allowed=false, profile=strict_survival, capability=HIDDEN_BLOCK_SCAN, context=observable_cell_query, reason=DENIED_STRICT_SURVIVAL}
[01:53:57] [Server thread/INFO]: [AIBot] ACTION event=diag_snapshot bot=Bob {submerged=false, light=14, step=, in_lava=false, task_phase=, goal=none, task_progress=1.0, task=idle, mode=survival, air=300, food=17, path_idle=true, inv=minecraft:stone_axex1 minecraft:wooden_swordx1 minecraft:crafting_tablex1 minecraft:stickx2 minecraft:wooden_pickaxex1 minecraft:wooden_axex1 minecraft:cobblestonex8 minecraft:stone_pickaxex1 minecraft:eggx1 minecraft:stone_swordx1 minecraft:raw_ironx2, nearby=animals=0 hostiles=0, mining_idle=true, hp=11.5/20.0, on_ground=true, pos=573,62,157, fall=0.0, held=minecraft:cobblestonex8, task_state=COMPLETED}
[01:53:59] [Server thread/INFO]: [AIBot] ACTION event=capability_decision bot=Bob {allowed=false, profile=strict_survival, capability=HIDDEN_BLOCK_SCAN, context=observable_block_query, reason=DENIED_STRICT_SURVIVAL}
[01:53:59] [Server thread/INFO]: [AIBot] ACTION event=capability_decision bot=Bob {allowed=false, profile=strict_survival, capability=HIDDEN_BLOCK_SCAN, context=perception_snapshot, reason=DENIED_STRICT_SURVIVAL}
[01:53:59] [Server thread/INFO]: [AIBot] ACTION event=capability_decision bot=Bob {allowed=false, profile=strict_survival, capability=HIDDEN_BLOCK_SCAN, context=diagnostic_nearby, reason=DENIED_STRICT_SURVIVAL}
[01:53:59] [Server thread/INFO]: [AIBot] ACTION event=diag_snapshot bot=Bob {submerged=false, light=14, step=, in_lava=false, task_phase=, goal=none, task_progress=1.0, task=idle, mode=survival, air=300, food=17, path_idle=true, inv=minecraft:stone_axex1 minecraft:wooden_swordx1 minecraft:crafting_tablex1 minecraft:stickx2 minecraft:wooden_pickaxex1 minecraft:wooden_axex1 minecraft:cobblestonex8 minecraft:stone_pickaxex1 minecraft:eggx1 minecraft:stone_swordx1 minecraft:raw_ironx2, nearby=animals=0 hostiles=0, mining_idle=true, hp=11.5/20.0, on_ground=true, pos=573,62,157, fall=0.0, held=minecraft:cobblestonex8, task_state=COMPLETED}
[01:53:59] [Server thread/INFO]: [AIBot] ACTION event=capability_decision bot=Bob {allowed=false, profile=strict_survival, capability=HIDDEN_BLOCK_SCAN, context=observable_entity_query, reason=DENIED_STRICT_SURVIVAL}
[01:54:01] [Server thread/INFO]: [AIBot] ACTION event=capability_decision bot=Bob {allowed=false, profile=strict_survival, capability=HIDDEN_BLOCK_SCAN, context=observable_cell_query, reason=DENIED_STRICT_SURVIVAL}
[01:54:01] [Server thread/INFO]: [AIBot] ACTION event=diag_snapshot bot=Bob {submerged=false, light=14, step=, in_lava=false, task_phase=, goal=none, task_progress=1.0, task=idle, mode=survival, air=300, food=17, path_idle=true, inv=minecraft:stone_axex1 minecraft:wooden_swordx1 minecraft:crafting_tablex1 minecraft:stickx2 minecraft:wooden_pickaxex1 minecraft:wooden_axex1 minecraft:cobblestonex8 minecraft:stone_pickaxex1 minecraft:eggx1 minecraft:stone_swordx1 minecraft:raw_ironx2, nearby=animals=0 hostiles=0, mining_idle=true, hp=11.5/20.0, on_ground=true, pos=573,62,157, fall=0.0, held=minecraft:cobblestonex8, task_state=COMPLETED}
[01:54:02] [Server thread/WARN]: [AIBot] PERCEPTION event=snapshot_slow bot=Bob {elapsed_ms=14}
[01:54:02] [Server thread/WARN]: [AIBot] PERCEPTION event=snapshot_slow bot=Bob {elapsed_ms=13}
[01:54:03] [Server thread/INFO]: [AIBot] ACTION event=diag_snapshot bot=Bob {submerged=false, light=14, step=, in_lava=false, task_phase=, goal=none, task_progress=1.0, task=idle, mode=survival, air=300, food=17, path_idle=true, inv=minecraft:stone_axex1 minecraft:wooden_swordx1 minecraft:crafting_tablex1 minecraft:stickx2 minecraft:wooden_pickaxex1 minecraft:wooden_axex1 minecraft:cobblestonex8 minecraft:stone_pickaxex1 minecraft:eggx1 minecraft:stone_swordx1 minecraft:raw_ironx2, nearby=animals=0 hostiles=0, mining_idle=true, hp=11.5/20.0, on_ground=true, pos=573,62,157, fall=0.0, held=minecraft:cobblestonex8, task_state=COMPLETED}
[01:54:03] [Server thread/WARN]: [AIBot] PERCEPTION event=snapshot_slow bot=Bob {elapsed_ms=12}
[01:54:04] [Server thread/INFO]: [AIBot] ACTION event=capability_decision bot=Bob {allowed=false, profile=strict_survival, capability=HIDDEN_BLOCK_SCAN, context=observable_block_query, reason=DENIED_STRICT_SURVIVAL}
[01:54:04] [Server thread/INFO]: [AIBot] ACTION event=capability_decision bot=Bob {allowed=false, profile=strict_survival, capability=HIDDEN_BLOCK_SCAN, context=perception_snapshot, reason=DENIED_STRICT_SURVIVAL}
[01:54:04] [Server thread/INFO]: [AIBot] ACTION event=capability_decision bot=Bob {allowed=false, profile=strict_survival, capability=HIDDEN_BLOCK_SCAN, context=observable_entity_query, reason=DENIED_STRICT_SURVIVAL}
[01:54:05] [Server thread/INFO]: [AIBot] ACTION event=capability_decision bot=Bob {allowed=false, profile=strict_survival, capability=HIDDEN_BLOCK_SCAN, context=diagnostic_nearby, reason=DENIED_STRICT_SURVIVAL}
[01:54:05] [Server thread/INFO]: [AIBot] ACTION event=diag_snapshot bot=Bob {submerged=false, light=14, step=, in_lava=false, task_phase=, goal=none, task_progress=1.0, task=idle, mode=survival, air=300, food=17, path_idle=true, inv=minecraft:stone_axex1 minecraft:wooden_swordx1 minecraft:crafting_tablex1 minecraft:stickx2 minecraft:wooden_pickaxex1 minecraft:wooden_axex1 minecraft:cobblestonex8 minecraft:stone_pickaxex1 minecraft:eggx1 minecraft:stone_swordx1 minecraft:raw_ironx2, nearby=animals=0 hostiles=0, mining_idle=true, hp=11.5/20.0, on_ground=true, pos=573,62,157, fall=0.0, held=minecraft:cobblestonex8, task_state=COMPLETED}
[01:54:06] [Server thread/INFO]: [AIBot] ACTION event=capability_decision bot=Bob {allowed=false, profile=strict_survival, capability=HIDDEN_BLOCK_SCAN, context=observable_cell_query, reason=DENIED_STRICT_SURVIVAL}
[01:54:07] [Server thread/INFO]: [AIBot] ACTION event=diag_snapshot bot=Bob {submerged=false, light=14, step=, in_lava=false, task_phase=, goal=none, task_progress=1.0, task=idle, mode=survival, air=300, food=17, path_idle=true, inv=minecraft:stone_axex1 minecraft:wooden_swordx1 minecraft:crafting_tablex1 minecraft:stickx2 minecraft:wooden_pickaxex1 minecraft:wooden_axex1 minecraft:cobblestonex8 minecraft:stone_pickaxex1 minecraft:eggx1 minecraft:stone_swordx1 minecraft:raw_ironx2, nearby=animals=0 hostiles=0, mining_idle=true, hp=11.5/20.0, on_ground=true, pos=573,62,157, fall=0.0, held=minecraft:cobblestonex8, task_state=COMPLETED}
[01:54:09] [Server thread/INFO]: [AIBot] ACTION event=capability_decision bot=Bob {allowed=false, profile=strict_survival, capability=HIDDEN_BLOCK_SCAN, context=observable_block_query, reason=DENIED_STRICT_SURVIVAL}
[01:54:09] [Server thread/INFO]: [AIBot] ACTION event=capability_decision bot=Bob {allowed=false, profile=strict_survival, capability=HIDDEN_BLOCK_SCAN, context=perception_snapshot, reason=DENIED_STRICT_SURVIVAL}
[01:54:09] [Server thread/INFO]: [AIBot] ACTION event=diag_snapshot bot=Bob {submerged=false, light=14, step=, in_lava=false, task_phase=, goal=none, task_progress=1.0, task=idle, mode=survival, air=300, food=17, path_idle=true, inv=minecraft:stone_axex1 minecraft:wooden_swordx1 minecraft:crafting_tablex1 minecraft:stickx2 minecraft:wooden_pickaxex1 minecraft:wooden_axex1 minecraft:cobblestonex8 minecraft:stone_pickaxex1 minecraft:eggx1 minecraft:stone_swordx1 minecraft:raw_ironx2, nearby=animals=0 hostiles=0, mining_idle=true, hp=11.5/20.0, on_ground=true, pos=573,62,157, fall=0.0, held=minecraft:cobblestonex8, task_state=COMPLETED}
[01:54:09] [Server thread/INFO]: [AIBot] ACTION event=capability_decision bot=Bob {allowed=false, profile=strict_survival, capability=HIDDEN_BLOCK_SCAN, context=observable_entity_query, reason=DENIED_STRICT_SURVIVAL}
[01:54:11] [Server thread/INFO]: [AIBot] ACTION event=capability_decision bot=Bob {allowed=false, profile=strict_survival, capability=HIDDEN_BLOCK_SCAN, context=observable_cell_query, reason=DENIED_STRICT_SURVIVAL}
[01:54:11] [Server thread/INFO]: [AIBot] ACTION event=capability_decision bot=Bob {allowed=false, profile=strict_survival, capability=HIDDEN_BLOCK_SCAN, context=diagnostic_nearby, reason=DENIED_STRICT_SURVIVAL}
[01:54:11] [Server thread/INFO]: [AIBot] ACTION event=diag_snapshot bot=Bob {submerged=false, light=14, step=, in_lava=false, task_phase=, goal=none, task_progress=1.0, task=idle, mode=survival, air=300, food=17, path_idle=true, inv=minecraft:stone_axex1 minecraft:wooden_swordx1 minecraft:crafting_tablex1 minecraft:stickx2 minecraft:wooden_pickaxex1 minecraft:wooden_axex1 minecraft:cobblestonex8 minecraft:stone_pickaxex1 minecraft:eggx1 minecraft:stone_swordx1 minecraft:raw_ironx2, nearby=animals=0 hostiles=0, mining_idle=true, hp=11.5/20.0, on_ground=true, pos=573,62,157, fall=0.0, held=minecraft:cobblestonex8, task_state=COMPLETED}
[01:54:13] [Server thread/INFO]: [AIBot] ACTION event=diag_snapshot bot=Bob {submerged=false, light=14, step=, in_lava=false, task_phase=, goal=none, task_progress=1.0, task=idle, mode=survival, air=300, food=17, path_idle=true, inv=minecraft:stone_axex1 minecraft:wooden_swordx1 minecraft:crafting_tablex1 minecraft:stickx2 minecraft:wooden_pickaxex1 minecraft:wooden_axex1 minecraft:cobblestonex8 minecraft:stone_pickaxex1 minecraft:eggx1 minecraft:stone_swordx1 minecraft:raw_ironx2, nearby=animals=0 hostiles=0, mining_idle=true, hp=11.5/20.0, on_ground=true, pos=573,62,157, fall=0.0, held=minecraft:cobblestonex8, task_state=COMPLETED}
[01:54:13] [Server thread/WARN]: [AIBot] PERCEPTION event=snapshot_slow bot=Bob {elapsed_ms=11}
[01:54:14] [Server thread/INFO]: [AIBot] ACTION event=capability_decision bot=Bob {allowed=false, profile=strict_survival, capability=HIDDEN_BLOCK_SCAN, context=observable_block_query, reason=DENIED_STRICT_SURVIVAL}
[01:54:14] [Server thread/INFO]: [AIBot] ACTION event=capability_decision bot=Bob {allowed=false, profile=strict_survival, capability=HIDDEN_BLOCK_SCAN, context=perception_snapshot, reason=DENIED_STRICT_SURVIVAL}
[01:54:14] [Server thread/INFO]: [AIBot] ACTION event=capability_decision bot=Bob {allowed=false, profile=strict_survival, capability=HIDDEN_BLOCK_SCAN, context=observable_entity_query, reason=DENIED_STRICT_SURVIVAL}
[01:54:15] [Server thread/INFO]: [AIBot] ACTION event=diag_snapshot bot=Bob {submerged=false, light=14, step=, in_lava=false, task_phase=, goal=none, task_progress=1.0, task=idle, mode=survival, air=300, food=17, path_idle=true, inv=minecraft:stone_axex1 minecraft:wooden_swordx1 minecraft:crafting_tablex1 minecraft:stickx2 minecraft:wooden_pickaxex1 minecraft:wooden_axex1 minecraft:cobblestonex8 minecraft:stone_pickaxex1 minecraft:eggx1 minecraft:stone_swordx1 minecraft:raw_ironx2, nearby=animals=0 hostiles=0, mining_idle=true, hp=11.5/20.0, on_ground=true, pos=573,62,157, fall=0.0, held=minecraft:cobblestonex8, task_state=COMPLETED}
[01:54:16] [Server thread/INFO]: [AIBot] ACTION event=capability_decision bot=Bob {allowed=false, profile=strict_survival, capability=HIDDEN_BLOCK_SCAN, context=observable_cell_query, reason=DENIED_STRICT_SURVIVAL}
[01:54:17] [Server thread/INFO]: [AIBot] ACTION event=capability_decision bot=Bob {allowed=false, profile=strict_survival, capability=HIDDEN_BLOCK_SCAN, context=diagnostic_nearby, reason=DENIED_STRICT_SURVIVAL}
[01:54:17] [Server thread/INFO]: [AIBot] ACTION event=diag_snapshot bot=Bob {submerged=false, light=14, step=, in_lava=false, task_phase=, goal=none, task_progress=1.0, task=idle, mode=survival, air=300, food=17, path_idle=true, inv=minecraft:stone_axex1 minecraft:wooden_swordx1 minecraft:crafting_tablex1 minecraft:stickx2 minecraft:wooden_pickaxex1 minecraft:wooden_axex1 minecraft:cobblestonex8 minecraft:stone_pickaxex1 minecraft:eggx1 minecraft:stone_swordx1 minecraft:raw_ironx2, nearby=animals=0 hostiles=0, mining_idle=true, hp=11.5/20.0, on_ground=true, pos=573,62,157, fall=0.0, held=minecraft:cobblestonex8, task_state=COMPLETED}
[01:54:19] [Server thread/INFO]: [AIBot] ACTION event=capability_decision bot=Bob {allowed=false, profile=strict_survival, capability=HIDDEN_BLOCK_SCAN, context=observable_block_query, reason=DENIED_STRICT_SURVIVAL}
[01:54:19] [Server thread/INFO]: [AIBot] ACTION event=capability_decision bot=Bob {allowed=false, profile=strict_survival, capability=HIDDEN_BLOCK_SCAN, context=perception_snapshot, reason=DENIED_STRICT_SURVIVAL}
[01:54:19] [Server thread/INFO]: [AIBot] ACTION event=diag_snapshot bot=Bob {submerged=false, light=14, step=, in_lava=false, task_phase=, goal=none, task_progress=1.0, task=idle, mode=survival, air=300, food=17, path_idle=true, inv=minecraft:stone_axex1 minecraft:wooden_swordx1 minecraft:crafting_tablex1 minecraft:stickx2 minecraft:wooden_pickaxex1 minecraft:wooden_axex1 minecraft:cobblestonex8 minecraft:stone_pickaxex1 minecraft:eggx1 minecraft:stone_swordx1 minecraft:raw_ironx2, nearby=animals=0 hostiles=0, mining_idle=true, hp=11.5/20.0, on_ground=true, pos=573,62,157, fall=0.0, held=minecraft:cobblestonex8, task_state=COMPLETED}
[01:54:19] [Server thread/INFO]: [AIBot] ACTION event=capability_decision bot=Bob {allowed=false, profile=strict_survival, capability=HIDDEN_BLOCK_SCAN, context=observable_entity_query, reason=DENIED_STRICT_SURVIVAL}
[01:54:21] [Server thread/INFO]: [AIBot] ACTION event=capability_decision bot=Bob {allowed=false, profile=strict_survival, capability=HIDDEN_BLOCK_SCAN, context=observable_cell_query, reason=DENIED_STRICT_SURVIVAL}
[01:54:21] [Server thread/WARN]: [AIBot] PERCEPTION event=snapshot_slow bot=Bob {elapsed_ms=13}
[01:54:21] [Server thread/INFO]: [AIBot] ACTION event=diag_snapshot bot=Bob {submerged=false, light=14, step=, in_lava=false, task_phase=, goal=none, task_progress=1.0, task=idle, mode=survival, air=300, food=17, path_idle=true, inv=minecraft:stone_axex1 minecraft:wooden_swordx1 minecraft:crafting_tablex1 minecraft:stickx2 minecraft:wooden_pickaxex1 minecraft:wooden_axex1 minecraft:cobblestonex8 minecraft:stone_pickaxex1 minecraft:eggx1 minecraft:stone_swordx1 minecraft:raw_ironx2, nearby=animals=0 hostiles=0, mining_idle=true, hp=11.5/20.0, on_ground=true, pos=573,62,157, fall=0.0, held=minecraft:cobblestonex8, task_state=COMPLETED}
[01:54:23] [Server thread/INFO]: [AIBot] ACTION event=capability_decision bot=Bob {allowed=false, profile=strict_survival, capability=HIDDEN_BLOCK_SCAN, context=diagnostic_nearby, reason=DENIED_STRICT_SURVIVAL}
[01:54:23] [Server thread/INFO]: [AIBot] ACTION event=diag_snapshot bot=Bob {submerged=false, light=14, step=, in_lava=false, task_phase=, goal=none, task_progress=1.0, task=idle, mode=survival, air=300, food=17, path_idle=true, inv=minecraft:stone_axex1 minecraft:wooden_swordx1 minecraft:crafting_tablex1 minecraft:stickx2 minecraft:wooden_pickaxex1 minecraft:wooden_axex1 minecraft:cobblestonex8 minecraft:stone_pickaxex1 minecraft:eggx1 minecraft:stone_swordx1 minecraft:raw_ironx2, nearby=animals=0 hostiles=0, mining_idle=true, hp=11.5/20.0, on_ground=true, pos=573,62,157, fall=0.0, held=minecraft:cobblestonex8, task_state=COMPLETED}
[01:54:23] [Server thread/WARN]: [AIBot] PERCEPTION event=snapshot_slow bot=Bob {elapsed_ms=11}
[01:54:24] [Server thread/INFO]: [AIBot] ACTION event=capability_decision bot=Bob {allowed=false, profile=strict_survival, capability=HIDDEN_BLOCK_SCAN, context=observable_block_query, reason=DENIED_STRICT_SURVIVAL}
[01:54:24] [Server thread/INFO]: [AIBot] ACTION event=capability_decision bot=Bob {allowed=false, profile=strict_survival, capability=HIDDEN_BLOCK_SCAN, context=perception_snapshot, reason=DENIED_STRICT_SURVIVAL}
[01:54:24] [Server thread/WARN]: [AIBot] PERCEPTION event=snapshot_slow bot=Bob {elapsed_ms=15}
[01:54:24] [Server thread/INFO]: [AIBot] ACTION event=capability_decision bot=Bob {allowed=false, profile=strict_survival, capability=HIDDEN_BLOCK_SCAN, context=observable_entity_query, reason=DENIED_STRICT_SURVIVAL}
[01:54:25] [Server thread/INFO]: [AIBot] ACTION event=diag_snapshot bot=Bob {submerged=false, light=14, step=, in_lava=false, task_phase=, goal=none, task_progress=1.0, task=idle, mode=survival, air=300, food=17, path_idle=true, inv=minecraft:stone_axex1 minecraft:wooden_swordx1 minecraft:crafting_tablex1 minecraft:stickx2 minecraft:wooden_pickaxex1 minecraft:wooden_axex1 minecraft:cobblestonex8 minecraft:stone_pickaxex1 minecraft:eggx1 minecraft:stone_swordx1 minecraft:raw_ironx2, nearby=animals=0 hostiles=0, mining_idle=true, hp=11.5/20.0, on_ground=true, pos=573,62,157, fall=0.0, held=minecraft:cobblestonex8, task_state=COMPLETED}
[01:54:26] [Server thread/INFO]: [AIBot] ACTION event=capability_decision bot=Bob {allowed=false, profile=strict_survival, capability=HIDDEN_BLOCK_SCAN, context=observable_cell_query, reason=DENIED_STRICT_SURVIVAL}
[01:54:27] [Server thread/INFO]: [AIBot] ACTION event=diag_snapshot bot=Bob {submerged=false, light=14, step=, in_lava=false, task_phase=, goal=none, task_progress=1.0, task=idle, mode=survival, air=300, food=17, path_idle=true, inv=minecraft:stone_axex1 minecraft:wooden_swordx1 minecraft:crafting_tablex1 minecraft:stickx2 minecraft:wooden_pickaxex1 minecraft:wooden_axex1 minecraft:cobblestonex8 minecraft:stone_pickaxex1 minecraft:eggx1 minecraft:stone_swordx1 minecraft:raw_ironx2, nearby=animals=0 hostiles=0, mining_idle=true, hp=11.5/20.0, on_ground=true, pos=573,62,157, fall=0.0, held=minecraft:cobblestonex8, task_state=COMPLETED}
[01:54:29] [Server thread/INFO]: [AIBot] ACTION event=capability_decision bot=Bob {allowed=false, profile=strict_survival, capability=HIDDEN_BLOCK_SCAN, context=observable_block_query, reason=DENIED_STRICT_SURVIVAL}
[01:54:29] [Server thread/INFO]: [AIBot] ACTION event=capability_decision bot=Bob {allowed=false, profile=strict_survival, capability=HIDDEN_BLOCK_SCAN, context=perception_snapshot, reason=DENIED_STRICT_SURVIVAL}
[01:54:29] [Server thread/INFO]: [AIBot] ACTION event=capability_decision bot=Bob {allowed=false, profile=strict_survival, capability=HIDDEN_BLOCK_SCAN, context=diagnostic_nearby, reason=DENIED_STRICT_SURVIVAL}
[01:54:29] [Server thread/INFO]: [AIBot] ACTION event=diag_snapshot bot=Bob {submerged=false, light=14, step=, in_lava=false, task_phase=, goal=none, task_progress=1.0, task=idle, mode=survival, air=300, food=17, path_idle=true, inv=minecraft:stone_axex1 minecraft:wooden_swordx1 minecraft:crafting_tablex1 minecraft:stickx2 minecraft:wooden_pickaxex1 minecraft:wooden_axex1 minecraft:cobblestonex8 minecraft:stone_pickaxex1 minecraft:eggx1 minecraft:stone_swordx1 minecraft:raw_ironx2, nearby=animals=0 hostiles=0, mining_idle=true, hp=11.5/20.0, on_ground=true, pos=573,62,157, fall=0.0, held=minecraft:cobblestonex8, task_state=COMPLETED}
[01:54:29] [Server thread/INFO]: [AIBot] ACTION event=capability_decision bot=Bob {allowed=false, profile=strict_survival, capability=HIDDEN_BLOCK_SCAN, context=observable_entity_query, reason=DENIED_STRICT_SURVIVAL}
[01:54:29] [Server thread/WARN]: [AIBot] PERCEPTION event=snapshot_slow bot=Bob {elapsed_ms=11}
[01:54:31] [Server thread/INFO]: [AIBot] ACTION event=capability_decision bot=Bob {allowed=false, profile=strict_survival, capability=HIDDEN_BLOCK_SCAN, context=observable_cell_query, reason=DENIED_STRICT_SURVIVAL}
[01:54:31] [Server thread/INFO]: [AIBot] ACTION event=diag_snapshot bot=Bob {submerged=false, light=14, step=, in_lava=false, task_phase=, goal=none, task_progress=1.0, task=idle, mode=survival, air=300, food=17, path_idle=true, inv=minecraft:stone_axex1 minecraft:wooden_swordx1 minecraft:crafting_tablex1 minecraft:stickx2 minecraft:wooden_pickaxex1 minecraft:wooden_axex1 minecraft:cobblestonex8 minecraft:stone_pickaxex1 minecraft:eggx1 minecraft:stone_swordx1 minecraft:raw_ironx2, nearby=animals=1(squid@14) hostiles=0, mining_idle=true, hp=11.5/20.0, on_ground=true, pos=573,62,157, fall=0.0, held=minecraft:cobblestonex8, task_state=COMPLETED}
[01:54:31] [Server thread/WARN]: [AIBot] PERCEPTION event=snapshot_slow bot=Bob {elapsed_ms=13}
[01:54:33] [Server thread/INFO]: [AIBot] ACTION event=diag_snapshot bot=Bob {submerged=false, light=14, step=, in_lava=false, task_phase=, goal=none, task_progress=1.0, task=idle, mode=survival, air=300, food=17, path_idle=true, inv=minecraft:stone_axex1 minecraft:wooden_swordx1 minecraft:crafting_tablex1 minecraft:stickx2 minecraft:wooden_pickaxex1 minecraft:wooden_axex1 minecraft:cobblestonex8 minecraft:stone_pickaxex1 minecraft:eggx1 minecraft:stone_swordx1 minecraft:raw_ironx2, nearby=animals=0 hostiles=0, mining_idle=true, hp=11.5/20.0, on_ground=true, pos=573,62,157, fall=0.0, held=minecraft:cobblestonex8, task_state=COMPLETED}
[01:54:34] [Server thread/INFO]: [AIBot] ACTION event=capability_decision bot=Bob {allowed=false, profile=strict_survival, capability=HIDDEN_BLOCK_SCAN, context=observable_block_query, reason=DENIED_STRICT_SURVIVAL}
[01:54:34] [Server thread/INFO]: [AIBot] ACTION event=capability_decision bot=Bob {allowed=false, profile=strict_survival, capability=HIDDEN_BLOCK_SCAN, context=perception_snapshot, reason=DENIED_STRICT_SURVIVAL}
[01:54:34] [Server thread/INFO]: [AIBot] ACTION event=capability_decision bot=Bob {allowed=false, profile=strict_survival, capability=HIDDEN_BLOCK_SCAN, context=observable_entity_query, reason=DENIED_STRICT_SURVIVAL}
[01:54:35] [Server thread/INFO]: [AIBot] ACTION event=capability_decision bot=Bob {allowed=false, profile=strict_survival, capability=HIDDEN_BLOCK_SCAN, context=diagnostic_nearby, reason=DENIED_STRICT_SURVIVAL}
[01:54:35] [Server thread/INFO]: [AIBot] ACTION event=diag_snapshot bot=Bob {submerged=false, light=14, step=, in_lava=false, task_phase=, goal=none, task_progress=1.0, task=idle, mode=survival, air=300, food=17, path_idle=true, inv=minecraft:stone_axex1 minecraft:wooden_swordx1 minecraft:crafting_tablex1 minecraft:stickx2 minecraft:wooden_pickaxex1 minecraft:wooden_axex1 minecraft:cobblestonex8 minecraft:stone_pickaxex1 minecraft:eggx1 minecraft:stone_swordx1 minecraft:raw_ironx2, nearby=animals=0 hostiles=0, mining_idle=true, hp=11.5/20.0, on_ground=true, pos=573,62,157, fall=0.0, held=minecraft:cobblestonex8, task_state=COMPLETED}
[01:54:36] [Server thread/INFO]: [AIBot] ACTION event=capability_decision bot=Bob {allowed=false, profile=strict_survival, capability=HIDDEN_BLOCK_SCAN, context=observable_cell_query, reason=DENIED_STRICT_SURVIVAL}
[01:54:36] [Server thread/WARN]: [AIBot] PERCEPTION event=snapshot_slow bot=Bob {elapsed_ms=11}
[01:54:37] [Server thread/INFO]: [AIBot] ACTION event=diag_snapshot bot=Bob {submerged=false, light=14, step=, in_lava=false, task_phase=, goal=none, task_progress=1.0, task=idle, mode=survival, air=300, food=17, path_idle=true, inv=minecraft:stone_axex1 minecraft:wooden_swordx1 minecraft:crafting_tablex1 minecraft:stickx2 minecraft:wooden_pickaxex1 minecraft:wooden_axex1 minecraft:cobblestonex8 minecraft:stone_pickaxex1 minecraft:eggx1 minecraft:stone_swordx1 minecraft:raw_ironx2, nearby=animals=0 hostiles=0, mining_idle=true, hp=11.5/20.0, on_ground=true, pos=573,62,157, fall=0.0, held=minecraft:cobblestonex8, task_state=COMPLETED}
[01:54:39] [Server thread/INFO]: [AIBot] LIFECYCLE event=mixin_alive bot=- {server_tick=15600}
[01:54:39] [Server thread/INFO]: [AIBot] ACTION event=capability_decision bot=Bob {allowed=false, profile=strict_survival, capability=HIDDEN_BLOCK_SCAN, context=observable_block_query, reason=DENIED_STRICT_SURVIVAL}
[01:54:39] [Server thread/INFO]: [AIBot] ACTION event=capability_decision bot=Bob {allowed=false, profile=strict_survival, capability=HIDDEN_BLOCK_SCAN, context=perception_snapshot, reason=DENIED_STRICT_SURVIVAL}
[01:54:39] [Server thread/INFO]: [AIBot] ACTION event=diag_snapshot bot=Bob {submerged=false, light=14, step=, in_lava=false, task_phase=, goal=none, task_progress=1.0, task=idle, mode=survival, air=300, food=17, path_idle=true, inv=minecraft:stone_axex1 minecraft:wooden_swordx1 minecraft:crafting_tablex1 minecraft:stickx2 minecraft:wooden_pickaxex1 minecraft:wooden_axex1 minecraft:cobblestonex8 minecraft:stone_pickaxex1 minecraft:eggx1 minecraft:stone_swordx1 minecraft:raw_ironx2, nearby=animals=0 hostiles=0, mining_idle=true, hp=11.5/20.0, on_ground=true, pos=573,62,157, fall=0.0, held=minecraft:cobblestonex8, task_state=COMPLETED}
[01:54:39] [Server thread/INFO]: [AIBot] ACTION event=capability_decision bot=Bob {allowed=false, profile=strict_survival, capability=HIDDEN_BLOCK_SCAN, context=observable_entity_query, reason=DENIED_STRICT_SURVIVAL}
[01:54:41] [Server thread/INFO]: [AIBot] ACTION event=capability_decision bot=Bob {allowed=false, profile=strict_survival, capability=HIDDEN_BLOCK_SCAN, context=observable_cell_query, reason=DENIED_STRICT_SURVIVAL}
[01:54:41] [Server thread/INFO]: [AIBot] ACTION event=capability_decision bot=Bob {allowed=false, profile=strict_survival, capability=HIDDEN_BLOCK_SCAN, context=diagnostic_nearby, reason=DENIED_STRICT_SURVIVAL}
[01:54:41] [Server thread/INFO]: [AIBot] ACTION event=diag_snapshot bot=Bob {submerged=false, light=14, step=, in_lava=false, task_phase=, goal=none, task_progress=1.0, task=idle, mode=survival, air=300, food=17, path_idle=true, inv=minecraft:stone_axex1 minecraft:wooden_swordx1 minecraft:crafting_tablex1 minecraft:stickx2 minecraft:wooden_pickaxex1 minecraft:wooden_axex1 minecraft:cobblestonex8 minecraft:stone_pickaxex1 minecraft:eggx1 minecraft:stone_swordx1 minecraft:raw_ironx2, nearby=animals=0 hostiles=0, mining_idle=true, hp=11.5/20.0, on_ground=true, pos=573,62,157, fall=0.0, held=minecraft:cobblestonex8, task_state=COMPLETED}
[01:54:43] [Server thread/INFO]: [AIBot] ACTION event=diag_snapshot bot=Bob {submerged=false, light=14, step=, in_lava=false, task_phase=, goal=none, task_progress=1.0, task=idle, mode=survival, air=300, food=17, path_idle=true, inv=minecraft:stone_axex1 minecraft:wooden_swordx1 minecraft:crafting_tablex1 minecraft:stickx2 minecraft:wooden_pickaxex1 minecraft:wooden_axex1 minecraft:cobblestonex8 minecraft:stone_pickaxex1 minecraft:eggx1 minecraft:stone_swordx1 minecraft:raw_ironx2, nearby=animals=0 hostiles=0, mining_idle=true, hp=11.5/20.0, on_ground=true, pos=573,62,157, fall=0.0, held=minecraft:cobblestonex8, task_state=COMPLETED}
[01:54:44] [Server thread/INFO]: [AIBot] ACTION event=capability_decision bot=Bob {allowed=false, profile=strict_survival, capability=HIDDEN_BLOCK_SCAN, context=observable_block_query, reason=DENIED_STRICT_SURVIVAL}
[01:54:44] [Server thread/INFO]: [AIBot] ACTION event=capability_decision bot=Bob {allowed=false, profile=strict_survival, capability=HIDDEN_BLOCK_SCAN, context=perception_snapshot, reason=DENIED_STRICT_SURVIVAL}
[01:54:44] [Server thread/INFO]: [AIBot] ACTION event=capability_decision bot=Bob {allowed=false, profile=strict_survival, capability=HIDDEN_BLOCK_SCAN, context=observable_entity_query, reason=DENIED_STRICT_SURVIVAL}
[01:54:45] [Server thread/INFO]: [AIBot] ACTION event=diag_snapshot bot=Bob {submerged=false, light=14, step=, in_lava=false, task_phase=, goal=none, task_progress=1.0, task=idle, mode=survival, air=300, food=17, path_idle=true, inv=minecraft:stone_axex1 minecraft:wooden_swordx1 minecraft:crafting_tablex1 minecraft:stickx2 minecraft:wooden_pickaxex1 minecraft:wooden_axex1 minecraft:cobblestonex8 minecraft:stone_pickaxex1 minecraft:eggx1 minecraft:stone_swordx1 minecraft:raw_ironx2, nearby=animals=0 hostiles=0, mining_idle=true, hp=11.5/20.0, on_ground=true, pos=573,62,157, fall=0.0, held=minecraft:cobblestonex8, task_state=COMPLETED}
[01:54:46] [Server thread/INFO]: [AIBot] ACTION event=capability_decision bot=Bob {allowed=false, profile=strict_survival, capability=HIDDEN_BLOCK_SCAN, context=observable_cell_query, reason=DENIED_STRICT_SURVIVAL}
[01:54:46] [Server thread/WARN]: [AIBot] PERCEPTION event=snapshot_slow bot=Bob {elapsed_ms=16}
[01:54:47] [Server thread/INFO]: [AIBot] ACTION event=capability_decision bot=Bob {allowed=false, profile=strict_survival, capability=HIDDEN_BLOCK_SCAN, context=diagnostic_nearby, reason=DENIED_STRICT_SURVIVAL}
[01:54:47] [Server thread/INFO]: [AIBot] ACTION event=diag_snapshot bot=Bob {submerged=false, light=14, step=, in_lava=false, task_phase=, goal=none, task_progress=1.0, task=idle, mode=survival, air=300, food=17, path_idle=true, inv=minecraft:stone_axex1 minecraft:wooden_swordx1 minecraft:crafting_tablex1 minecraft:stickx2 minecraft:wooden_pickaxex1 minecraft:wooden_axex1 minecraft:cobblestonex8 minecraft:stone_pickaxex1 minecraft:eggx1 minecraft:stone_swordx1 minecraft:raw_ironx2, nearby=animals=1(squid@15) hostiles=0, mining_idle=true, hp=11.5/20.0, on_ground=true, pos=573,62,157, fall=0.0, held=minecraft:cobblestonex8, task_state=COMPLETED}
[01:54:49] [Server thread/INFO]: [AIBot] ACTION event=capability_decision bot=Bob {allowed=false, profile=strict_survival, capability=HIDDEN_BLOCK_SCAN, context=observable_block_query, reason=DENIED_STRICT_SURVIVAL}
[01:54:49] [Server thread/INFO]: [AIBot] ACTION event=capability_decision bot=Bob {allowed=false, profile=strict_survival, capability=HIDDEN_BLOCK_SCAN, context=perception_snapshot, reason=DENIED_STRICT_SURVIVAL}
[01:54:49] [Server thread/INFO]: [AIBot] ACTION event=diag_snapshot bot=Bob {submerged=false, light=14, step=, in_lava=false, task_phase=, goal=none, task_progress=1.0, task=idle, mode=survival, air=300, food=17, path_idle=true, inv=minecraft:stone_axex1 minecraft:wooden_swordx1 minecraft:crafting_tablex1 minecraft:stickx2 minecraft:wooden_pickaxex1 minecraft:wooden_axex1 minecraft:cobblestonex8 minecraft:stone_pickaxex1 minecraft:eggx1 minecraft:stone_swordx1 minecraft:raw_ironx2, nearby=animals=1(squid@15) hostiles=0, mining_idle=true, hp=11.5/20.0, on_ground=true, pos=573,62,157, fall=0.0, held=minecraft:cobblestonex8, task_state=COMPLETED}
[01:54:49] [Server thread/INFO]: [AIBot] ACTION event=capability_decision bot=Bob {allowed=false, profile=strict_survival, capability=HIDDEN_BLOCK_SCAN, context=observable_entity_query, reason=DENIED_STRICT_SURVIVAL}
[01:54:50] [Server thread/WARN]: [AIBot] PERCEPTION event=snapshot_slow bot=Bob {elapsed_ms=12}
[01:54:51] [Server thread/INFO]: [AIBot] ACTION event=capability_decision bot=Bob {allowed=false, profile=strict_survival, capability=HIDDEN_BLOCK_SCAN, context=observable_cell_query, reason=DENIED_STRICT_SURVIVAL}
[01:54:51] [Server thread/INFO]: [AIBot] ACTION event=diag_snapshot bot=Bob {submerged=false, light=14, step=, in_lava=false, task_phase=, goal=none, task_progress=1.0, task=idle, mode=survival, air=300, food=17, path_idle=true, inv=minecraft:stone_axex1 minecraft:wooden_swordx1 minecraft:crafting_tablex1 minecraft:stickx2 minecraft:wooden_pickaxex1 minecraft:wooden_axex1 minecraft:cobblestonex8 minecraft:stone_pickaxex1 minecraft:eggx1 minecraft:stone_swordx1 minecraft:raw_ironx2, nearby=animals=1(squid@14) hostiles=0, mining_idle=true, hp=11.5/20.0, on_ground=true, pos=573,62,157, fall=0.0, held=minecraft:cobblestonex8, task_state=COMPLETED}
[01:54:53] [Server thread/INFO]: [AIBot] ACTION event=capability_decision bot=Bob {allowed=false, profile=strict_survival, capability=HIDDEN_BLOCK_SCAN, context=diagnostic_nearby, reason=DENIED_STRICT_SURVIVAL}
[01:54:53] [Server thread/INFO]: [AIBot] ACTION event=diag_snapshot bot=Bob {submerged=false, light=14, step=, in_lava=false, task_phase=, goal=none, task_progress=1.0, task=idle, mode=survival, air=300, food=17, path_idle=true, inv=minecraft:stone_axex1 minecraft:wooden_swordx1 minecraft:crafting_tablex1 minecraft:stickx2 minecraft:wooden_pickaxex1 minecraft:wooden_axex1 minecraft:cobblestonex8 minecraft:stone_pickaxex1 minecraft:eggx1 minecraft:stone_swordx1 minecraft:raw_ironx2, nearby=animals=1(squid@15) hostiles=0, mining_idle=true, hp=11.5/20.0, on_ground=true, pos=573,62,157, fall=0.0, held=minecraft:cobblestonex8, task_state=COMPLETED}
[01:54:54] [Server thread/INFO]: [AIBot] ACTION event=capability_decision bot=Bob {allowed=false, profile=strict_survival, capability=HIDDEN_BLOCK_SCAN, context=observable_block_query, reason=DENIED_STRICT_SURVIVAL}
[01:54:54] [Server thread/INFO]: [AIBot] ACTION event=capability_decision bot=Bob {allowed=false, profile=strict_survival, capability=HIDDEN_BLOCK_SCAN, context=perception_snapshot, reason=DENIED_STRICT_SURVIVAL}
[01:54:54] [Server thread/INFO]: [AIBot] ACTION event=capability_decision bot=Bob {allowed=false, profile=strict_survival, capability=HIDDEN_BLOCK_SCAN, context=observable_entity_query, reason=DENIED_STRICT_SURVIVAL}
[01:54:54] [Server thread/WARN]: [AIBot] PERCEPTION event=snapshot_slow bot=Bob {elapsed_ms=16}
[01:54:55] [Server thread/INFO]: [AIBot] ACTION event=diag_snapshot bot=Bob {submerged=false, light=14, step=, in_lava=false, task_phase=, goal=none, task_progress=1.0, task=idle, mode=survival, air=300, food=17, path_idle=true, inv=minecraft:stone_axex1 minecraft:wooden_swordx1 minecraft:crafting_tablex1 minecraft:stickx2 minecraft:wooden_pickaxex1 minecraft:wooden_axex1 minecraft:cobblestonex8 minecraft:stone_pickaxex1 minecraft:eggx1 minecraft:stone_swordx1 minecraft:raw_ironx2, nearby=animals=0 hostiles=0, mining_idle=true, hp=11.5/20.0, on_ground=true, pos=573,62,157, fall=0.0, held=minecraft:cobblestonex8, task_state=COMPLETED}
[01:54:55] [Server thread/WARN]: [AIBot] PERCEPTION event=snapshot_slow bot=Bob {elapsed_ms=11}
[01:54:56] [Server thread/INFO]: [AIBot] ACTION event=capability_decision bot=Bob {allowed=false, profile=strict_survival, capability=HIDDEN_BLOCK_SCAN, context=observable_cell_query, reason=DENIED_STRICT_SURVIVAL}
[01:54:57] [Server thread/INFO]: [AIBot] ACTION event=diag_snapshot bot=Bob {submerged=false, light=14, step=, in_lava=false, task_phase=, goal=none, task_progress=1.0, task=idle, mode=survival, air=300, food=17, path_idle=true, inv=minecraft:stone_axex1 minecraft:wooden_swordx1 minecraft:crafting_tablex1 minecraft:stickx2 minecraft:wooden_pickaxex1 minecraft:wooden_axex1 minecraft:cobblestonex8 minecraft:stone_pickaxex1 minecraft:eggx1 minecraft:stone_swordx1 minecraft:raw_ironx2, nearby=animals=0 hostiles=0, mining_idle=true, hp=11.5/20.0, on_ground=true, pos=573,62,157, fall=0.0, held=minecraft:cobblestonex8, task_state=COMPLETED}
[01:54:59] [Server thread/INFO]: [AIBot] ACTION event=capability_decision bot=Bob {allowed=false, profile=strict_survival, capability=HIDDEN_BLOCK_SCAN, context=observable_block_query, reason=DENIED_STRICT_SURVIVAL}
[01:54:59] [Server thread/INFO]: [AIBot] ACTION event=capability_decision bot=Bob {allowed=false, profile=strict_survival, capability=HIDDEN_BLOCK_SCAN, context=perception_snapshot, reason=DENIED_STRICT_SURVIVAL}
[01:54:59] [Server thread/INFO]: [AIBot] ACTION event=capability_decision bot=Bob {allowed=false, profile=strict_survival, capability=HIDDEN_BLOCK_SCAN, context=diagnostic_nearby, reason=DENIED_STRICT_SURVIVAL}
[01:54:59] [Server thread/INFO]: [AIBot] ACTION event=diag_snapshot bot=Bob {submerged=false, light=14, step=, in_lava=false, task_phase=, goal=none, task_progress=1.0, task=idle, mode=survival, air=300, food=17, path_idle=true, inv=minecraft:stone_axex1 minecraft:wooden_swordx1 minecraft:crafting_tablex1 minecraft:stickx2 minecraft:wooden_pickaxex1 minecraft:wooden_axex1 minecraft:cobblestonex8 minecraft:stone_pickaxex1 minecraft:eggx1 minecraft:stone_swordx1 minecraft:raw_ironx2, nearby=animals=0 hostiles=0, mining_idle=true, hp=11.5/20.0, on_ground=true, pos=573,62,157, fall=0.0, held=minecraft:cobblestonex8, task_state=COMPLETED}
[01:54:59] [Server thread/INFO]: [AIBot] ACTION event=capability_decision bot=Bob {allowed=false, profile=strict_survival, capability=HIDDEN_BLOCK_SCAN, context=observable_entity_query, reason=DENIED_STRICT_SURVIVAL}
[01:55:00] [Server thread/WARN]: [AIBot] PERCEPTION event=snapshot_slow bot=Bob {elapsed_ms=11}
[01:55:01] [Server thread/INFO]: [AIBot] ACTION event=capability_decision bot=Bob {allowed=false, profile=strict_survival, capability=HIDDEN_BLOCK_SCAN, context=observable_cell_query, reason=DENIED_STRICT_SURVIVAL}
[01:55:01] [Server thread/INFO]: [AIBot] ACTION event=diag_snapshot bot=Bob {submerged=false, light=14, step=, in_lava=false, task_phase=, goal=none, task_progress=1.0, task=idle, mode=survival, air=300, food=17, path_idle=true, inv=minecraft:stone_axex1 minecraft:wooden_swordx1 minecraft:crafting_tablex1 minecraft:stickx2 minecraft:wooden_pickaxex1 minecraft:wooden_axex1 minecraft:cobblestonex8 minecraft:stone_pickaxex1 minecraft:eggx1 minecraft:stone_swordx1 minecraft:raw_ironx2, nearby=animals=0 hostiles=0, mining_idle=true, hp=11.5/20.0, on_ground=true, pos=573,62,157, fall=0.0, held=minecraft:cobblestonex8, task_state=COMPLETED}
[01:55:03] [Server thread/INFO]: [AIBot] ACTION event=diag_snapshot bot=Bob {submerged=false, light=14, step=, in_lava=false, task_phase=, goal=none, task_progress=1.0, task=idle, mode=survival, air=300, food=17, path_idle=true, inv=minecraft:stone_axex1 minecraft:wooden_swordx1 minecraft:crafting_tablex1 minecraft:stickx2 minecraft:wooden_pickaxex1 minecraft:wooden_axex1 minecraft:cobblestonex8 minecraft:stone_pickaxex1 minecraft:eggx1 minecraft:stone_swordx1 minecraft:raw_ironx2, nearby=animals=0 hostiles=0, mining_idle=true, hp=11.5/20.0, on_ground=true, pos=573,62,157, fall=0.0, held=minecraft:cobblestonex8, task_state=COMPLETED}
[01:55:04] [Server thread/INFO]: [AIBot] ACTION event=capability_decision bot=Bob {allowed=false, profile=strict_survival, capability=HIDDEN_BLOCK_SCAN, context=observable_block_query, reason=DENIED_STRICT_SURVIVAL}
[01:55:04] [Server thread/INFO]: [AIBot] ACTION event=capability_decision bot=Bob {allowed=false, profile=strict_survival, capability=HIDDEN_BLOCK_SCAN, context=perception_snapshot, reason=DENIED_STRICT_SURVIVAL}
[01:55:04] [Server thread/INFO]: [AIBot] ACTION event=capability_decision bot=Bob {allowed=false, profile=strict_survival, capability=HIDDEN_BLOCK_SCAN, context=observable_entity_query, reason=DENIED_STRICT_SURVIVAL}
[01:55:05] [Server thread/INFO]: [AIBot] ACTION event=capability_decision bot=Bob {allowed=false, profile=strict_survival, capability=HIDDEN_BLOCK_SCAN, context=diagnostic_nearby, reason=DENIED_STRICT_SURVIVAL}
[01:55:05] [Server thread/INFO]: [AIBot] ACTION event=diag_snapshot bot=Bob {submerged=false, light=14, step=, in_lava=false, task_phase=, goal=none, task_progress=1.0, task=idle, mode=survival, air=300, food=17, path_idle=true, inv=minecraft:stone_axex1 minecraft:wooden_swordx1 minecraft:crafting_tablex1 minecraft:stickx2 minecraft:wooden_pickaxex1 minecraft:wooden_axex1 minecraft:cobblestonex8 minecraft:stone_pickaxex1 minecraft:eggx1 minecraft:stone_swordx1 minecraft:raw_ironx2, nearby=animals=0 hostiles=0, mining_idle=true, hp=11.5/20.0, on_ground=true, pos=573,62,157, fall=0.0, held=minecraft:cobblestonex8, task_state=COMPLETED}
[01:55:06] [Server thread/INFO]: [AIBot] ACTION event=capability_decision bot=Bob {allowed=false, profile=strict_survival, capability=HIDDEN_BLOCK_SCAN, context=observable_cell_query, reason=DENIED_STRICT_SURVIVAL}
[01:55:07] [Server thread/INFO]: [AIBot] ACTION event=diag_snapshot bot=Bob {submerged=false, light=14, step=, in_lava=false, task_phase=, goal=none, task_progress=1.0, task=idle, mode=survival, air=300, food=17, path_idle=true, inv=minecraft:stone_axex1 minecraft:wooden_swordx1 minecraft:crafting_tablex1 minecraft:stickx2 minecraft:wooden_pickaxex1 minecraft:wooden_axex1 minecraft:cobblestonex8 minecraft:stone_pickaxex1 minecraft:eggx1 minecraft:stone_swordx1 minecraft:raw_ironx2, nearby=animals=0 hostiles=0, mining_idle=true, hp=11.5/20.0, on_ground=true, pos=573,62,157, fall=0.0, held=minecraft:cobblestonex8, task_state=COMPLETED}
[01:55:09] [Server thread/INFO]: [AIBot] ACTION event=capability_decision bot=Bob {allowed=false, profile=strict_survival, capability=HIDDEN_BLOCK_SCAN, context=observable_block_query, reason=DENIED_STRICT_SURVIVAL}
[01:55:09] [Server thread/INFO]: [AIBot] ACTION event=capability_decision bot=Bob {allowed=false, profile=strict_survival, capability=HIDDEN_BLOCK_SCAN, context=perception_snapshot, reason=DENIED_STRICT_SURVIVAL}
[01:55:09] [Server thread/INFO]: [AIBot] ACTION event=diag_snapshot bot=Bob {submerged=false, light=14, step=, in_lava=false, task_phase=, goal=none, task_progress=1.0, task=idle, mode=survival, air=300, food=17, path_idle=true, inv=minecraft:stone_axex1 minecraft:wooden_swordx1 minecraft:crafting_tablex1 minecraft:stickx2 minecraft:wooden_pickaxex1 minecraft:wooden_axex1 minecraft:cobblestonex8 minecraft:stone_pickaxex1 minecraft:eggx1 minecraft:stone_swordx1 minecraft:raw_ironx2, nearby=animals=0 hostiles=0, mining_idle=true, hp=11.5/20.0, on_ground=true, pos=573,62,157, fall=0.0, held=minecraft:cobblestonex8, task_state=COMPLETED}
[01:55:09] [Server thread/INFO]: [AIBot] ACTION event=capability_decision bot=Bob {allowed=false, profile=strict_survival, capability=HIDDEN_BLOCK_SCAN, context=observable_entity_query, reason=DENIED_STRICT_SURVIVAL}
[01:55:10] [Server thread/WARN]: [AIBot] PERCEPTION event=snapshot_slow bot=Bob {elapsed_ms=11}
[01:55:11] [Server thread/INFO]: [AIBot] ACTION event=capability_decision bot=Bob {allowed=false, profile=strict_survival, capability=HIDDEN_BLOCK_SCAN, context=observable_cell_query, reason=DENIED_STRICT_SURVIVAL}
[01:55:11] [Server thread/INFO]: [AIBot] ACTION event=capability_decision bot=Bob {allowed=false, profile=strict_survival, capability=HIDDEN_BLOCK_SCAN, context=diagnostic_nearby, reason=DENIED_STRICT_SURVIVAL}
[01:55:11] [Server thread/INFO]: [AIBot] ACTION event=diag_snapshot bot=Bob {submerged=false, light=14, step=, in_lava=false, task_phase=, goal=none, task_progress=1.0, task=idle, mode=survival, air=300, food=17, path_idle=true, inv=minecraft:stone_axex1 minecraft:wooden_swordx1 minecraft:crafting_tablex1 minecraft:stickx2 minecraft:wooden_pickaxex1 minecraft:wooden_axex1 minecraft:cobblestonex8 minecraft:stone_pickaxex1 minecraft:eggx1 minecraft:stone_swordx1 minecraft:raw_ironx2, nearby=animals=0 hostiles=0, mining_idle=true, hp=11.5/20.0, on_ground=true, pos=573,62,157, fall=0.0, held=minecraft:cobblestonex8, task_state=COMPLETED}
[01:55:13] [Server thread/INFO]: [AIBot] ACTION event=diag_snapshot bot=Bob {submerged=false, light=14, step=, in_lava=false, task_phase=, goal=none, task_progress=1.0, task=idle, mode=survival, air=300, food=17, path_idle=true, inv=minecraft:stone_axex1 minecraft:wooden_swordx1 minecraft:crafting_tablex1 minecraft:stickx2 minecraft:wooden_pickaxex1 minecraft:wooden_axex1 minecraft:cobblestonex8 minecraft:stone_pickaxex1 minecraft:eggx1 minecraft:stone_swordx1 minecraft:raw_ironx2, nearby=animals=0 hostiles=0, mining_idle=true, hp=11.5/20.0, on_ground=true, pos=573,62,157, fall=0.0, held=minecraft:cobblestonex8, task_state=COMPLETED}
[01:55:13] [Server thread/WARN]: [AIBot] PERCEPTION event=snapshot_slow bot=Bob {elapsed_ms=11}
[01:55:14] [Server thread/INFO]: [AIBot] ACTION event=capability_decision bot=Bob {allowed=false, profile=strict_survival, capability=HIDDEN_BLOCK_SCAN, context=observable_block_query, reason=DENIED_STRICT_SURVIVAL}
[01:55:14] [Server thread/INFO]: [AIBot] ACTION event=capability_decision bot=Bob {allowed=false, profile=strict_survival, capability=HIDDEN_BLOCK_SCAN, context=perception_snapshot, reason=DENIED_STRICT_SURVIVAL}
[01:55:14] [Server thread/INFO]: [AIBot] ACTION event=capability_decision bot=Bob {allowed=false, profile=strict_survival, capability=HIDDEN_BLOCK_SCAN, context=observable_entity_query, reason=DENIED_STRICT_SURVIVAL}
[01:55:15] [Server thread/INFO]: [AIBot] ACTION event=diag_snapshot bot=Bob {submerged=false, light=14, step=, in_lava=false, task_phase=, goal=none, task_progress=1.0, task=idle, mode=survival, air=300, food=17, path_idle=true, inv=minecraft:stone_axex1 minecraft:wooden_swordx1 minecraft:crafting_tablex1 minecraft:stickx2 minecraft:wooden_pickaxex1 minecraft:wooden_axex1 minecraft:cobblestonex8 minecraft:stone_pickaxex1 minecraft:eggx1 minecraft:stone_swordx1 minecraft:raw_ironx2, nearby=animals=0 hostiles=0, mining_idle=true, hp=11.5/20.0, on_ground=true, pos=573,62,157, fall=0.0, held=minecraft:cobblestonex8, task_state=COMPLETED}
[01:55:16] [Server thread/INFO]: [AIBot] ACTION event=capability_decision bot=Bob {allowed=false, profile=strict_survival, capability=HIDDEN_BLOCK_SCAN, context=observable_cell_query, reason=DENIED_STRICT_SURVIVAL}
[01:55:17] [Server thread/WARN]: [AIBot] PERCEPTION event=snapshot_slow bot=Bob {elapsed_ms=11}
[01:55:17] [Server thread/INFO]: [AIBot] ACTION event=capability_decision bot=Bob {allowed=false, profile=strict_survival, capability=HIDDEN_BLOCK_SCAN, context=diagnostic_nearby, reason=DENIED_STRICT_SURVIVAL}
[01:55:17] [Server thread/INFO]: [AIBot] ACTION event=diag_snapshot bot=Bob {submerged=false, light=14, step=, in_lava=false, task_phase=, goal=none, task_progress=1.0, task=idle, mode=survival, air=300, food=17, path_idle=true, inv=minecraft:stone_axex1 minecraft:wooden_swordx1 minecraft:crafting_tablex1 minecraft:stickx2 minecraft:wooden_pickaxex1 minecraft:wooden_axex1 minecraft:cobblestonex8 minecraft:stone_pickaxex1 minecraft:eggx1 minecraft:stone_swordx1 minecraft:raw_ironx2, nearby=animals=0 hostiles=0, mining_idle=true, hp=11.5/20.0, on_ground=true, pos=573,62,157, fall=0.0, held=minecraft:cobblestonex8, task_state=COMPLETED}
[01:55:19] [Server thread/INFO]: [AIBot] ACTION event=capability_decision bot=Bob {allowed=false, profile=strict_survival, capability=HIDDEN_BLOCK_SCAN, context=observable_block_query, reason=DENIED_STRICT_SURVIVAL}
[01:55:19] [Server thread/INFO]: [AIBot] ACTION event=capability_decision bot=Bob {allowed=false, profile=strict_survival, capability=HIDDEN_BLOCK_SCAN, context=perception_snapshot, reason=DENIED_STRICT_SURVIVAL}
[01:55:19] [Server thread/INFO]: [AIBot] ACTION event=diag_snapshot bot=Bob {submerged=false, light=14, step=, in_lava=false, task_phase=, goal=none, task_progress=1.0, task=idle, mode=survival, air=300, food=17, path_idle=true, inv=minecraft:stone_axex1 minecraft:wooden_swordx1 minecraft:crafting_tablex1 minecraft:stickx2 minecraft:wooden_pickaxex1 minecraft:wooden_axex1 minecraft:cobblestonex8 minecraft:stone_pickaxex1 minecraft:eggx1 minecraft:stone_swordx1 minecraft:raw_ironx2, nearby=animals=0 hostiles=0, mining_idle=true, hp=11.5/20.0, on_ground=true, pos=573,62,157, fall=0.0, held=minecraft:cobblestonex8, task_state=COMPLETED}
[01:55:19] [Server thread/INFO]: [AIBot] ACTION event=capability_decision bot=Bob {allowed=false, profile=strict_survival, capability=HIDDEN_BLOCK_SCAN, context=observable_entity_query, reason=DENIED_STRICT_SURVIVAL}
[01:55:21] [Server thread/INFO]: [AIBot] ACTION event=capability_decision bot=Bob {allowed=false, profile=strict_survival, capability=HIDDEN_BLOCK_SCAN, context=observable_cell_query, reason=DENIED_STRICT_SURVIVAL}
[01:55:21] [Server thread/INFO]: [AIBot] ACTION event=diag_snapshot bot=Bob {submerged=false, light=14, step=, in_lava=false, task_phase=, goal=none, task_progress=1.0, task=idle, mode=survival, air=300, food=17, path_idle=true, inv=minecraft:stone_axex1 minecraft:wooden_swordx1 minecraft:crafting_tablex1 minecraft:stickx2 minecraft:wooden_pickaxex1 minecraft:wooden_axex1 minecraft:cobblestonex8 minecraft:stone_pickaxex1 minecraft:eggx1 minecraft:stone_swordx1 minecraft:raw_ironx2, nearby=animals=0 hostiles=0, mining_idle=true, hp=11.5/20.0, on_ground=true, pos=573,62,157, fall=0.0, held=minecraft:cobblestonex8, task_state=COMPLETED}
[01:55:23] [Server thread/WARN]: [AIBot] PERCEPTION event=snapshot_slow bot=Bob {elapsed_ms=16}
[01:55:23] [Server thread/INFO]: [AIBot] ACTION event=capability_decision bot=Bob {allowed=false, profile=strict_survival, capability=HIDDEN_BLOCK_SCAN, context=diagnostic_nearby, reason=DENIED_STRICT_SURVIVAL}
[01:55:23] [Server thread/INFO]: [AIBot] ACTION event=diag_snapshot bot=Bob {submerged=false, light=14, step=, in_lava=false, task_phase=, goal=none, task_progress=1.0, task=idle, mode=survival, air=300, food=17, path_idle=true, inv=minecraft:stone_axex1 minecraft:wooden_swordx1 minecraft:crafting_tablex1 minecraft:stickx2 minecraft:wooden_pickaxex1 minecraft:wooden_axex1 minecraft:cobblestonex8 minecraft:stone_pickaxex1 minecraft:eggx1 minecraft:stone_swordx1 minecraft:raw_ironx2, nearby=animals=0 hostiles=0, mining_idle=true, hp=11.5/20.0, on_ground=true, pos=573,62,157, fall=0.0, held=minecraft:cobblestonex8, task_state=COMPLETED}
[01:55:24] [Server thread/INFO]: [AIBot] ACTION event=capability_decision bot=Bob {allowed=false, profile=strict_survival, capability=HIDDEN_BLOCK_SCAN, context=observable_block_query, reason=DENIED_STRICT_SURVIVAL}
[01:55:24] [Server thread/INFO]: [AIBot] ACTION event=capability_decision bot=Bob {allowed=false, profile=strict_survival, capability=HIDDEN_BLOCK_SCAN, context=perception_snapshot, reason=DENIED_STRICT_SURVIVAL}
[01:55:24] [Server thread/INFO]: [AIBot] ACTION event=capability_decision bot=Bob {allowed=false, profile=strict_survival, capability=HIDDEN_BLOCK_SCAN, context=observable_entity_query, reason=DENIED_STRICT_SURVIVAL}
[01:55:25] [Server thread/INFO]: [AIBot] ACTION event=diag_snapshot bot=Bob {submerged=false, light=14, step=, in_lava=false, task_phase=, goal=none, task_progress=1.0, task=idle, mode=survival, air=300, food=17, path_idle=true, inv=minecraft:stone_axex1 minecraft:wooden_swordx1 minecraft:crafting_tablex1 minecraft:stickx2 minecraft:wooden_pickaxex1 minecraft:wooden_axex1 minecraft:cobblestonex8 minecraft:stone_pickaxex1 minecraft:eggx1 minecraft:stone_swordx1 minecraft:raw_ironx2, nearby=animals=0 hostiles=0, mining_idle=true, hp=11.5/20.0, on_ground=true, pos=573,62,157, fall=0.0, held=minecraft:cobblestonex8, task_state=COMPLETED}
[01:55:26] [Server thread/INFO]: [AIBot] ACTION event=capability_decision bot=Bob {allowed=false, profile=strict_survival, capability=HIDDEN_BLOCK_SCAN, context=observable_cell_query, reason=DENIED_STRICT_SURVIVAL}
[01:55:27] [Server thread/INFO]: [AIBot] ACTION event=diag_snapshot bot=Bob {submerged=false, light=14, step=, in_lava=false, task_phase=, goal=none, task_progress=1.0, task=idle, mode=survival, air=300, food=17, path_idle=true, inv=minecraft:stone_axex1 minecraft:wooden_swordx1 minecraft:crafting_tablex1 minecraft:stickx2 minecraft:wooden_pickaxex1 minecraft:wooden_axex1 minecraft:cobblestonex8 minecraft:stone_pickaxex1 minecraft:eggx1 minecraft:stone_swordx1 minecraft:raw_ironx2, nearby=animals=0 hostiles=0, mining_idle=true, hp=11.5/20.0, on_ground=true, pos=573,62,157, fall=0.0, held=minecraft:cobblestonex8, task_state=COMPLETED}
[01:55:29] [Server thread/INFO]: [AIBot] ACTION event=capability_decision bot=Bob {allowed=false, profile=strict_survival, capability=HIDDEN_BLOCK_SCAN, context=observable_block_query, reason=DENIED_STRICT_SURVIVAL}
[01:55:29] [Server thread/INFO]: [AIBot] ACTION event=capability_decision bot=Bob {allowed=false, profile=strict_survival, capability=HIDDEN_BLOCK_SCAN, context=perception_snapshot, reason=DENIED_STRICT_SURVIVAL}
[01:55:29] [Server thread/INFO]: [AIBot] ACTION event=capability_decision bot=Bob {allowed=false, profile=strict_survival, capability=HIDDEN_BLOCK_SCAN, context=diagnostic_nearby, reason=DENIED_STRICT_SURVIVAL}
[01:55:29] [Server thread/INFO]: [AIBot] ACTION event=diag_snapshot bot=Bob {submerged=false, light=14, step=, in_lava=false, task_phase=, goal=none, task_progress=1.0, task=idle, mode=survival, air=300, food=17, path_idle=true, inv=minecraft:stone_axex1 minecraft:wooden_swordx1 minecraft:crafting_tablex1 minecraft:stickx2 minecraft:wooden_pickaxex1 minecraft:wooden_axex1 minecraft:cobblestonex8 minecraft:stone_pickaxex1 minecraft:eggx1 minecraft:stone_swordx1 minecraft:raw_ironx2, nearby=animals=0 hostiles=0, mining_idle=true, hp=11.5/20.0, on_ground=true, pos=573,62,157, fall=0.0, held=minecraft:cobblestonex8, task_state=COMPLETED}
[01:55:29] [Server thread/INFO]: [AIBot] ACTION event=capability_decision bot=Bob {allowed=false, profile=strict_survival, capability=HIDDEN_BLOCK_SCAN, context=observable_entity_query, reason=DENIED_STRICT_SURVIVAL}
[01:55:31] [Server thread/INFO]: [AIBot] ACTION event=capability_decision bot=Bob {allowed=false, profile=strict_survival, capability=HIDDEN_BLOCK_SCAN, context=observable_cell_query, reason=DENIED_STRICT_SURVIVAL}
[01:55:31] [Server thread/INFO]: [AIBot] ACTION event=diag_snapshot bot=Bob {submerged=false, light=14, step=, in_lava=false, task_phase=, goal=none, task_progress=1.0, task=idle, mode=survival, air=300, food=17, path_idle=true, inv=minecraft:stone_axex1 minecraft:wooden_swordx1 minecraft:crafting_tablex1 minecraft:stickx2 minecraft:wooden_pickaxex1 minecraft:wooden_axex1 minecraft:cobblestonex8 minecraft:stone_pickaxex1 minecraft:eggx1 minecraft:stone_swordx1 minecraft:raw_ironx2, nearby=animals=0 hostiles=0, mining_idle=true, hp=11.5/20.0, on_ground=true, pos=573,62,157, fall=0.0, held=minecraft:cobblestonex8, task_state=COMPLETED}
[01:55:32] [Server thread/INFO]: [AIBot] ACTION event=fake_player_jump bot=Bob {to=class_2338{x=574, y=63, z=157}, from=class_2338{x=573, y=62, z=157}, reason=path_start_physical_snap:path_start_invalid}
[01:55:32] [Server thread/INFO]: [AIBot] TASK event=task_assigned bot=Bob {origin=LLM_TOOL, params=Walking to 566,64,151, origin_reason=external_dsh, name=move}
[01:55:32] [Server thread/WARN]: [AIBot] PERCEPTION event=snapshot_slow bot=Bob {elapsed_ms=12}
[01:55:32] [Server thread/INFO]: [AIBot] ACTION event=fake_player_jump bot=Bob {to=class_2338{x=573, y=64, z=156}, from=class_2338{x=573, y=63, z=156}, reason=path_pillar_jump}
[01:55:32] [Server thread/INFO]: [AIBot] ACTION event=place bot=Bob {item=minecraft:cobblestone, face=up, pos=573,63,156}
[01:55:33] [Server thread/INFO]: [AIBot] ACTION event=diag_snapshot bot=Bob {submerged=false, light=15, step=, in_lava=false, task_phase=, goal=none, task_progress=0.2, task=move, mode=survival, air=300, food=17, path_idle=false, inv=minecraft:stone_axex1 minecraft:wooden_swordx1 minecraft:crafting_tablex1 minecraft:stickx2 minecraft:wooden_pickaxex1 minecraft:wooden_axex1 minecraft:cobblestonex7 minecraft:stone_pickaxex1 minecraft:eggx1 minecraft:stone_swordx1 minecraft:raw_ironx2, nearby=animals=1(squid@15) hostiles=0, mining_idle=true, hp=11.5/20.0, on_ground=true, pos=572,64,154, fall=0.0, held=minecraft:cobblestonex7, task_state=RUNNING}
[01:55:34] [Server thread/INFO]: [AIBot] TASK event=task_completed bot=Bob {name=move, elapsed_ticks=41}
[01:55:34] [Server thread/INFO]: [AIBot] ACTION event=capability_decision bot=Bob {allowed=false, profile=strict_survival, capability=HIDDEN_BLOCK_SCAN, context=observable_block_query, reason=DENIED_STRICT_SURVIVAL}
[01:55:34] [Server thread/INFO]: [AIBot] ACTION event=capability_decision bot=Bob {allowed=false, profile=strict_survival, capability=HIDDEN_BLOCK_SCAN, context=perception_snapshot, reason=DENIED_STRICT_SURVIVAL}
[01:55:34] [Server thread/WARN]: [AIBot] PERCEPTION event=snapshot_slow bot=Bob {elapsed_ms=14}
[01:55:34] [Server thread/INFO]: [AIBot] ACTION event=capability_decision bot=Bob {allowed=false, profile=strict_survival, capability=HIDDEN_BLOCK_SCAN, context=observable_entity_query, reason=DENIED_STRICT_SURVIVAL}
[01:55:35] [Server thread/WARN]: [AIBot] PERCEPTION event=snapshot_slow bot=Bob {elapsed_ms=17}
[01:55:35] [Server thread/INFO]: [AIBot] ACTION event=capability_decision bot=Bob {allowed=false, profile=strict_survival, capability=HIDDEN_BLOCK_SCAN, context=diagnostic_nearby, reason=DENIED_STRICT_SURVIVAL}
[01:55:35] [Server thread/INFO]: [AIBot] ACTION event=diag_snapshot bot=Bob {submerged=false, light=15, step=, in_lava=false, task_phase=, goal=none, task_progress=1.0, task=move, mode=survival, air=300, food=17, path_idle=true, inv=minecraft:stone_axex1 minecraft:wooden_swordx1 minecraft:crafting_tablex1 minecraft:stickx2 minecraft:wooden_pickaxex1 minecraft:wooden_axex1 minecraft:cobblestonex7 minecraft:stone_pickaxex1 minecraft:eggx1 minecraft:stone_swordx1 minecraft:raw_ironx2, nearby=animals=0 hostiles=0, mining_idle=true, hp=11.5/20.0, on_ground=true, pos=566,64,151, fall=0.0, held=minecraft:cobblestonex7, task_state=COMPLETED}
[01:55:36] [Server thread/INFO]: [AIBot] ACTION event=capability_decision bot=Bob {allowed=false, profile=strict_survival, capability=HIDDEN_BLOCK_SCAN, context=observable_cell_query, reason=DENIED_STRICT_SURVIVAL}
[01:55:37] [Server thread/INFO]: [AIBot] ACTION event=diag_snapshot bot=Bob {submerged=false, light=15, step=, in_lava=false, task_phase=, goal=none, task_progress=1.0, task=move, mode=survival, air=300, food=17, path_idle=true, inv=minecraft:stone_axex1 minecraft:wooden_swordx1 minecraft:crafting_tablex1 minecraft:stickx2 minecraft:wooden_pickaxex1 minecraft:wooden_axex1 minecraft:cobblestonex7 minecraft:stone_pickaxex1 minecraft:eggx1 minecraft:stone_swordx1 minecraft:raw_ironx2, nearby=animals=1(squid@13) hostiles=0, mining_idle=true, hp=11.5/20.0, on_ground=true, pos=566,64,151, fall=0.0, held=minecraft:cobblestonex7, task_state=COMPLETED}
[01:55:38] [Server thread/WARN]: [AIBot] PERCEPTION event=snapshot_slow bot=Bob {elapsed_ms=11}
[01:55:39] [Server thread/INFO]: [AIBot] LIFECYCLE event=mixin_alive bot=- {server_tick=16800}
[01:55:39] [Server thread/INFO]: [AIBot] ACTION event=capability_decision bot=Bob {allowed=false, profile=strict_survival, capability=HIDDEN_BLOCK_SCAN, context=observable_block_query, reason=DENIED_STRICT_SURVIVAL}
[01:55:39] [Server thread/INFO]: [AIBot] ACTION event=capability_decision bot=Bob {allowed=false, profile=strict_survival, capability=HIDDEN_BLOCK_SCAN, context=perception_snapshot, reason=DENIED_STRICT_SURVIVAL}
[01:55:39] [Server thread/INFO]: [AIBot] ACTION event=diag_snapshot bot=Bob {submerged=false, light=15, step=, in_lava=false, task_phase=, goal=none, task_progress=1.0, task=move, mode=survival, air=300, food=17, path_idle=true, inv=minecraft:stone_axex1 minecraft:wooden_swordx1 minecraft:crafting_tablex1 minecraft:stickx2 minecraft:wooden_pickaxex1 minecraft:wooden_axex1 minecraft:cobblestonex7 minecraft:stone_pickaxex1 minecraft:eggx1 minecraft:stone_swordx1 minecraft:raw_ironx2, nearby=animals=1(squid@13) hostiles=0, mining_idle=true, hp=11.5/20.0, on_ground=true, pos=566,64,151, fall=0.0, held=minecraft:cobblestonex7, task_state=COMPLETED}
[01:55:39] [Server thread/INFO]: [AIBot] ACTION event=capability_decision bot=Bob {allowed=false, profile=strict_survival, capability=HIDDEN_BLOCK_SCAN, context=observable_entity_query, reason=DENIED_STRICT_SURVIVAL}
[01:55:41] [Server thread/INFO]: [AIBot] ACTION event=capability_decision bot=Bob {allowed=false, profile=strict_survival, capability=HIDDEN_BLOCK_SCAN, context=observable_cell_query, reason=DENIED_STRICT_SURVIVAL}
[01:55:41] [Server thread/INFO]: [AIBot] ACTION event=capability_decision bot=Bob {allowed=false, profile=strict_survival, capability=HIDDEN_BLOCK_SCAN, context=diagnostic_nearby, reason=DENIED_STRICT_SURVIVAL}
[01:55:41] [Server thread/INFO]: [AIBot] ACTION event=diag_snapshot bot=Bob {submerged=false, light=15, step=, in_lava=false, task_phase=, goal=none, task_progress=1.0, task=move, mode=survival, air=300, food=17, path_idle=true, inv=minecraft:stone_axex1 minecraft:wooden_swordx1 minecraft:crafting_tablex1 minecraft:stickx2 minecraft:wooden_pickaxex1 minecraft:wooden_axex1 minecraft:cobblestonex7 minecraft:stone_pickaxex1 minecraft:eggx1 minecraft:stone_swordx1 minecraft:raw_ironx2, nearby=animals=1(squid@14) hostiles=0, mining_idle=true, hp=11.5/20.0, on_ground=true, pos=566,64,151, fall=0.0, held=minecraft:cobblestonex7, task_state=COMPLETED}
[01:55:43] [Server thread/INFO]: [AIBot] ACTION event=diag_snapshot bot=Bob {submerged=false, light=15, step=, in_lava=false, task_phase=, goal=none, task_progress=1.0, task=move, mode=survival, air=300, food=17, path_idle=true, inv=minecraft:stone_axex1 minecraft:wooden_swordx1 minecraft:crafting_tablex1 minecraft:stickx2 minecraft:wooden_pickaxex1 minecraft:wooden_axex1 minecraft:cobblestonex7 minecraft:stone_pickaxex1 minecraft:eggx1 minecraft:stone_swordx1 minecraft:raw_ironx2, nearby=animals=0 hostiles=0, mining_idle=true, hp=11.5/20.0, on_ground=true, pos=566,64,151, fall=0.0, held=minecraft:cobblestonex7, task_state=COMPLETED}
[01:55:44] [Server thread/INFO]: [AIBot] ACTION event=capability_decision bot=Bob {allowed=false, profile=strict_survival, capability=HIDDEN_BLOCK_SCAN, context=observable_block_query, reason=DENIED_STRICT_SURVIVAL}
[01:55:44] [Server thread/INFO]: [AIBot] ACTION event=capability_decision bot=Bob {allowed=false, profile=strict_survival, capability=HIDDEN_BLOCK_SCAN, context=perception_snapshot, reason=DENIED_STRICT_SURVIVAL}
[01:55:44] [Server thread/INFO]: [AIBot] ACTION event=capability_decision bot=Bob {allowed=false, profile=strict_survival, capability=HIDDEN_BLOCK_SCAN, context=observable_entity_query, reason=DENIED_STRICT_SURVIVAL}
[01:55:45] [Server thread/INFO]: [AIBot] ACTION event=diag_snapshot bot=Bob {submerged=false, light=15, step=, in_lava=false, task_phase=, goal=none, task_progress=1.0, task=move, mode=survival, air=300, food=17, path_idle=true, inv=minecraft:stone_axex1 minecraft:wooden_swordx1 minecraft:crafting_tablex1 minecraft:stickx2 minecraft:wooden_pickaxex1 minecraft:wooden_axex1 minecraft:cobblestonex7 minecraft:stone_pickaxex1 minecraft:eggx1 minecraft:stone_swordx1 minecraft:raw_ironx2, nearby=animals=0 hostiles=0, mining_idle=true, hp=11.5/20.0, on_ground=true, pos=566,64,151, fall=0.0, held=minecraft:cobblestonex7, task_state=COMPLETED}
[01:55:46] [Server thread/INFO]: [AIBot] ACTION event=capability_decision bot=Bob {allowed=false, profile=strict_survival, capability=HIDDEN_BLOCK_SCAN, context=observable_cell_query, reason=DENIED_STRICT_SURVIVAL}
[01:55:47] [Server thread/WARN]: [AIBot] PERCEPTION event=snapshot_slow bot=Bob {elapsed_ms=18}
[01:55:47] [Server thread/INFO]: [AIBot] ACTION event=capability_decision bot=Bob {allowed=false, profile=strict_survival, capability=HIDDEN_BLOCK_SCAN, context=diagnostic_nearby, reason=DENIED_STRICT_SURVIVAL}
[01:55:47] [Server thread/INFO]: [AIBot] ACTION event=diag_snapshot bot=Bob {submerged=false, light=15, step=, in_lava=false, task_phase=, goal=none, task_progress=1.0, task=move, mode=survival, air=300, food=17, path_idle=true, inv=minecraft:stone_axex1 minecraft:wooden_swordx1 minecraft:crafting_tablex1 minecraft:stickx2 minecraft:wooden_pickaxex1 minecraft:wooden_axex1 minecraft:cobblestonex7 minecraft:stone_pickaxex1 minecraft:eggx1 minecraft:stone_swordx1 minecraft:raw_ironx2, nearby=animals=0 hostiles=0, mining_idle=true, hp=11.5/20.0, on_ground=true, pos=566,64,151, fall=0.0, held=minecraft:cobblestonex7, task_state=COMPLETED}
[01:55:49] [Server thread/INFO]: [AIBot] ACTION event=capability_decision bot=Bob {allowed=false, profile=strict_survival, capability=HIDDEN_BLOCK_SCAN, context=observable_block_query, reason=DENIED_STRICT_SURVIVAL}
[01:55:49] [Server thread/INFO]: [AIBot] ACTION event=capability_decision bot=Bob {allowed=false, profile=strict_survival, capability=HIDDEN_BLOCK_SCAN, context=perception_snapshot, reason=DENIED_STRICT_SURVIVAL}
[01:55:49] [Server thread/INFO]: [AIBot] ACTION event=diag_snapshot bot=Bob {submerged=false, light=15, step=, in_lava=false, task_phase=, goal=none, task_progress=1.0, task=move, mode=survival, air=300, food=17, path_idle=true, inv=minecraft:stone_axex1 minecraft:wooden_swordx1 minecraft:crafting_tablex1 minecraft:stickx2 minecraft:wooden_pickaxex1 minecraft:wooden_axex1 minecraft:cobblestonex7 minecraft:stone_pickaxex1 minecraft:eggx1 minecraft:stone_swordx1 minecraft:raw_ironx2, nearby=animals=0 hostiles=0, mining_idle=true, hp=11.5/20.0, on_ground=true, pos=566,64,151, fall=0.0, held=minecraft:cobblestonex7, task_state=COMPLETED}
[01:55:49] [Server thread/INFO]: [AIBot] ACTION event=capability_decision bot=Bob {allowed=false, profile=strict_survival, capability=HIDDEN_BLOCK_SCAN, context=observable_entity_query, reason=DENIED_STRICT_SURVIVAL}
[01:55:49] [Server thread/WARN]: [AIBot] PERCEPTION event=snapshot_slow bot=Bob {elapsed_ms=14}
[01:55:51] [Server thread/INFO]: [AIBot] ACTION event=capability_decision bot=Bob {allowed=false, profile=strict_survival, capability=HIDDEN_BLOCK_SCAN, context=observable_cell_query, reason=DENIED_STRICT_SURVIVAL}
[01:55:51] [Server thread/INFO]: [AIBot] ACTION event=diag_snapshot bot=Bob {submerged=false, light=15, step=, in_lava=false, task_phase=, goal=none, task_progress=1.0, task=move, mode=survival, air=300, food=17, path_idle=true, inv=minecraft:stone_axex1 minecraft:wooden_swordx1 minecraft:crafting_tablex1 minecraft:stickx2 minecraft:wooden_pickaxex1 minecraft:wooden_axex1 minecraft:cobblestonex7 minecraft:stone_pickaxex1 minecraft:eggx1 minecraft:stone_swordx1 minecraft:raw_ironx2, nearby=animals=0 hostiles=0, mining_idle=true, hp=11.5/20.0, on_ground=true, pos=566,64,151, fall=0.0, held=minecraft:cobblestonex7, task_state=COMPLETED}
[01:55:51] [Server thread/WARN]: [AIBot] PERCEPTION event=snapshot_slow bot=Bob {elapsed_ms=14}
[01:55:52] [Server thread/WARN]: [AIBot] PERCEPTION event=snapshot_slow bot=Bob {elapsed_ms=11}
[01:55:53] [Server thread/INFO]: [AIBot] ACTION event=capability_decision bot=Bob {allowed=false, profile=strict_survival, capability=HIDDEN_BLOCK_SCAN, context=diagnostic_nearby, reason=DENIED_STRICT_SURVIVAL}
[01:55:53] [Server thread/INFO]: [AIBot] ACTION event=diag_snapshot bot=Bob {submerged=false, light=15, step=, in_lava=false, task_phase=, goal=none, task_progress=1.0, task=move, mode=survival, air=300, food=17, path_idle=true, inv=minecraft:stone_axex1 minecraft:wooden_swordx1 minecraft:crafting_tablex1 minecraft:stickx2 minecraft:wooden_pickaxex1 minecraft:wooden_axex1 minecraft:cobblestonex7 minecraft:stone_pickaxex1 minecraft:eggx1 minecraft:stone_swordx1 minecraft:raw_ironx2, nearby=animals=0 hostiles=0, mining_idle=true, hp=11.5/20.0, on_ground=true, pos=566,64,151, fall=0.0, held=minecraft:cobblestonex7, task_state=COMPLETED}
[01:55:54] [Server thread/INFO]: [AIBot] ACTION event=capability_decision bot=Bob {allowed=false, profile=strict_survival, capability=HIDDEN_BLOCK_SCAN, context=observable_block_query, reason=DENIED_STRICT_SURVIVAL}
[01:55:54] [Server thread/INFO]: [AIBot] ACTION event=capability_decision bot=Bob {allowed=false, profile=strict_survival, capability=HIDDEN_BLOCK_SCAN, context=perception_snapshot, reason=DENIED_STRICT_SURVIVAL}
[01:55:54] [Server thread/WARN]: [AIBot] PERCEPTION event=snapshot_slow bot=Bob {elapsed_ms=15}
[01:55:54] [Server thread/INFO]: [AIBot] ACTION event=capability_decision bot=Bob {allowed=false, profile=strict_survival, capability=HIDDEN_BLOCK_SCAN, context=observable_entity_query, reason=DENIED_STRICT_SURVIVAL}
[01:55:55] [Server thread/INFO]: [AIBot] ACTION event=diag_snapshot bot=Bob {submerged=false, light=15, step=, in_lava=false, task_phase=, goal=none, task_progress=1.0, task=move, mode=survival, air=300, food=17, path_idle=true, inv=minecraft:stone_axex1 minecraft:wooden_swordx1 minecraft:crafting_tablex1 minecraft:stickx2 minecraft:wooden_pickaxex1 minecraft:wooden_axex1 minecraft:cobblestonex7 minecraft:stone_pickaxex1 minecraft:eggx1 minecraft:stone_swordx1 minecraft:raw_ironx2, nearby=animals=0 hostiles=0, mining_idle=true, hp=11.5/20.0, on_ground=true, pos=566,64,151, fall=0.0, held=minecraft:cobblestonex7, task_state=COMPLETED}
[01:55:56] [Server thread/INFO]: [AIBot] ACTION event=capability_decision bot=Bob {allowed=false, profile=strict_survival, capability=HIDDEN_BLOCK_SCAN, context=observable_cell_query, reason=DENIED_STRICT_SURVIVAL}
[01:55:57] [Server thread/INFO]: [AIBot] ACTION event=diag_snapshot bot=Bob {submerged=false, light=15, step=, in_lava=false, task_phase=, goal=none, task_progress=1.0, task=move, mode=survival, air=300, food=17, path_idle=true, inv=minecraft:stone_axex1 minecraft:wooden_swordx1 minecraft:crafting_tablex1 minecraft:stickx2 minecraft:wooden_pickaxex1 minecraft:wooden_axex1 minecraft:cobblestonex7 minecraft:stone_pickaxex1 minecraft:eggx1 minecraft:stone_swordx1 minecraft:raw_ironx2, nearby=animals=0 hostiles=0, mining_idle=true, hp=11.5/20.0, on_ground=true, pos=566,64,151, fall=0.0, held=minecraft:cobblestonex7, task_state=COMPLETED}
[01:55:59] [Server thread/INFO]: [AIBot] ACTION event=capability_decision bot=Bob {allowed=false, profile=strict_survival, capability=HIDDEN_BLOCK_SCAN, context=observable_block_query, reason=DENIED_STRICT_SURVIVAL}
[01:55:59] [Server thread/INFO]: [AIBot] ACTION event=capability_decision bot=Bob {allowed=false, profile=strict_survival, capability=HIDDEN_BLOCK_SCAN, context=perception_snapshot, reason=DENIED_STRICT_SURVIVAL}
[01:55:59] [Server thread/INFO]: [AIBot] ACTION event=capability_decision bot=Bob {allowed=false, profile=strict_survival, capability=HIDDEN_BLOCK_SCAN, context=diagnostic_nearby, reason=DENIED_STRICT_SURVIVAL}
[01:55:59] [Server thread/INFO]: [AIBot] ACTION event=diag_snapshot bot=Bob {submerged=false, light=15, step=, in_lava=false, task_phase=, goal=none, task_progress=1.0, task=move, mode=survival, air=300, food=17, path_idle=true, inv=minecraft:stone_axex1 minecraft:wooden_swordx1 minecraft:crafting_tablex1 minecraft:stickx2 minecraft:wooden_pickaxex1 minecraft:wooden_axex1 minecraft:cobblestonex7 minecraft:stone_pickaxex1 minecraft:eggx1 minecraft:stone_swordx1 minecraft:raw_ironx2, nearby=animals=0 hostiles=0, mining_idle=true, hp=11.5/20.0, on_ground=true, pos=566,64,151, fall=0.0, held=minecraft:cobblestonex7, task_state=COMPLETED}
[01:55:59] [Server thread/WARN]: [AIBot] PERCEPTION event=snapshot_slow bot=Bob {elapsed_ms=11}
[01:56:01] [Server thread/INFO]: [AIBot] ACTION event=capability_decision bot=Bob {allowed=false, profile=strict_survival, capability=HIDDEN_BLOCK_SCAN, context=observable_cell_query, reason=DENIED_STRICT_SURVIVAL}
[01:56:01] [Server thread/INFO]: [AIBot] ACTION event=capability_decision bot=Bob {allowed=false, profile=strict_survival, capability=HIDDEN_BLOCK_SCAN, context=observable_entity_query, reason=DENIED_STRICT_SURVIVAL}
[01:56:01] [Server thread/INFO]: [AIBot] ACTION event=diag_snapshot bot=Bob {submerged=false, light=15, step=, in_lava=false, task_phase=, goal=none, task_progress=1.0, task=move, mode=survival, air=300, food=17, path_idle=true, inv=minecraft:stone_axex1 minecraft:wooden_swordx1 minecraft:crafting_tablex1 minecraft:stickx2 minecraft:wooden_pickaxex1 minecraft:wooden_axex1 minecraft:cobblestonex7 minecraft:stone_pickaxex1 minecraft:eggx1 minecraft:stone_swordx1 minecraft:raw_ironx2, nearby=animals=0 hostiles=0, mining_idle=true, hp=11.5/20.0, on_ground=true, pos=566,64,151, fall=0.0, held=minecraft:cobblestonex7, task_state=COMPLETED}
[01:56:02] [Server thread/WARN]: [AIBot] PERCEPTION event=snapshot_slow bot=Bob {elapsed_ms=11}
[01:56:03] [Server thread/WARN]: [AIBot] PERCEPTION event=snapshot_slow bot=Bob {elapsed_ms=11}
[01:56:03] [Server thread/INFO]: [AIBot] ACTION event=diag_snapshot bot=Bob {submerged=false, light=15, step=, in_lava=false, task_phase=, goal=none, task_progress=1.0, task=move, mode=survival, air=300, food=17, path_idle=true, inv=minecraft:stone_axex1 minecraft:wooden_swordx1 minecraft:crafting_tablex1 minecraft:stickx2 minecraft:wooden_pickaxex1 minecraft:wooden_axex1 minecraft:cobblestonex7 minecraft:stone_pickaxex1 minecraft:eggx1 minecraft:stone_swordx1 minecraft:raw_ironx2, nearby=animals=0 hostiles=0, mining_idle=true, hp=11.5/20.0, on_ground=true, pos=566,64,151, fall=0.0, held=minecraft:cobblestonex7, task_state=COMPLETED}
[01:56:04] [Server thread/INFO]: [AIBot] ACTION event=capability_decision bot=Bob {allowed=false, profile=strict_survival, capability=HIDDEN_BLOCK_SCAN, context=observable_block_query, reason=DENIED_STRICT_SURVIVAL}
[01:56:04] [Server thread/INFO]: [AIBot] ACTION event=capability_decision bot=Bob {allowed=false, profile=strict_survival, capability=HIDDEN_BLOCK_SCAN, context=perception_snapshot, reason=DENIED_STRICT_SURVIVAL}
[01:56:04] [Server thread/WARN]: [AIBot] PERCEPTION event=snapshot_slow bot=Bob {elapsed_ms=14}
[01:56:04] [Server thread/WARN]: [AIBot] PERCEPTION event=snapshot_slow bot=Bob {elapsed_ms=14}
[01:56:05] [Server thread/INFO]: [AIBot] ACTION event=capability_decision bot=Bob {allowed=false, profile=strict_survival, capability=HIDDEN_BLOCK_SCAN, context=diagnostic_nearby, reason=DENIED_STRICT_SURVIVAL}
[01:56:05] [Server thread/INFO]: [AIBot] ACTION event=diag_snapshot bot=Bob {submerged=false, light=15, step=, in_lava=false, task_phase=, goal=none, task_progress=1.0, task=move, mode=survival, air=300, food=17, path_idle=true, inv=minecraft:stone_axex1 minecraft:wooden_swordx1 minecraft:crafting_tablex1 minecraft:stickx2 minecraft:wooden_pickaxex1 minecraft:wooden_axex1 minecraft:cobblestonex7 minecraft:stone_pickaxex1 minecraft:eggx1 minecraft:stone_swordx1 minecraft:raw_ironx2, nearby=animals=0 hostiles=0, mining_idle=true, hp=11.5/20.0, on_ground=true, pos=566,64,151, fall=0.0, held=minecraft:cobblestonex7, task_state=COMPLETED}
[01:56:06] [Server thread/INFO]: [AIBot] ACTION event=capability_decision bot=Bob {allowed=false, profile=strict_survival, capability=HIDDEN_BLOCK_SCAN, context=observable_cell_query, reason=DENIED_STRICT_SURVIVAL}
[01:56:07] [Server thread/INFO]: [AIBot] ACTION event=capability_decision bot=Bob {allowed=false, profile=strict_survival, capability=HIDDEN_BLOCK_SCAN, context=observable_entity_query, reason=DENIED_STRICT_SURVIVAL}
[01:56:07] [Server thread/INFO]: [AIBot] ACTION event=diag_snapshot bot=Bob {submerged=false, light=15, step=, in_lava=false, task_phase=, goal=none, task_progress=1.0, task=move, mode=survival, air=300, food=17, path_idle=true, inv=minecraft:stone_axex1 minecraft:wooden_swordx1 minecraft:crafting_tablex1 minecraft:stickx2 minecraft:wooden_pickaxex1 minecraft:wooden_axex1 minecraft:cobblestonex7 minecraft:stone_pickaxex1 minecraft:eggx1 minecraft:stone_swordx1 minecraft:raw_ironx2, nearby=animals=0 hostiles=0, mining_idle=true, hp=11.5/20.0, on_ground=true, pos=566,64,151, fall=0.0, held=minecraft:cobblestonex7, task_state=COMPLETED}
[01:56:09] [Server thread/INFO]: [AIBot] ACTION event=capability_decision bot=Bob {allowed=false, profile=strict_survival, capability=HIDDEN_BLOCK_SCAN, context=observable_block_query, reason=DENIED_STRICT_SURVIVAL}
[01:56:09] [Server thread/INFO]: [AIBot] ACTION event=capability_decision bot=Bob {allowed=false, profile=strict_survival, capability=HIDDEN_BLOCK_SCAN, context=perception_snapshot, reason=DENIED_STRICT_SURVIVAL}
[01:56:09] [Server thread/INFO]: [AIBot] ACTION event=diag_snapshot bot=Bob {submerged=false, light=15, step=, in_lava=false, task_phase=, goal=none, task_progress=1.0, task=move, mode=survival, air=300, food=17, path_idle=true, inv=minecraft:stone_axex1 minecraft:wooden_swordx1 minecraft:crafting_tablex1 minecraft:stickx2 minecraft:wooden_pickaxex1 minecraft:wooden_axex1 minecraft:cobblestonex7 minecraft:stone_pickaxex1 minecraft:eggx1 minecraft:stone_swordx1 minecraft:raw_ironx2, nearby=animals=0 hostiles=0, mining_idle=true, hp=11.5/20.0, on_ground=true, pos=566,64,151, fall=0.0, held=minecraft:cobblestonex7, task_state=COMPLETED}
[01:56:11] [Server thread/INFO]: [AIBot] ACTION event=capability_decision bot=Bob {allowed=false, profile=strict_survival, capability=HIDDEN_BLOCK_SCAN, context=observable_cell_query, reason=DENIED_STRICT_SURVIVAL}
[01:56:11] [Server thread/INFO]: [AIBot] ACTION event=capability_decision bot=Bob {allowed=false, profile=strict_survival, capability=HIDDEN_BLOCK_SCAN, context=diagnostic_nearby, reason=DENIED_STRICT_SURVIVAL}
[01:56:11] [Server thread/INFO]: [AIBot] ACTION event=diag_snapshot bot=Bob {submerged=false, light=15, step=, in_lava=false, task_phase=, goal=none, task_progress=1.0, task=move, mode=survival, air=300, food=17, path_idle=true, inv=minecraft:stone_axex1 minecraft:wooden_swordx1 minecraft:crafting_tablex1 minecraft:stickx2 minecraft:wooden_pickaxex1 minecraft:wooden_axex1 minecraft:cobblestonex7 minecraft:stone_pickaxex1 minecraft:eggx1 minecraft:stone_swordx1 minecraft:raw_ironx2, nearby=animals=0 hostiles=0, mining_idle=true, hp=11.5/20.0, on_ground=true, pos=566,64,151, fall=0.0, held=minecraft:cobblestonex7, task_state=COMPLETED}
[01:56:12] [Server thread/INFO]: [AIBot] ACTION event=capability_decision bot=Bob {allowed=false, profile=strict_survival, capability=HIDDEN_BLOCK_SCAN, context=observable_entity_query, reason=DENIED_STRICT_SURVIVAL}
[01:56:12] [Server thread/WARN]: [AIBot] PERCEPTION event=snapshot_slow bot=Bob {elapsed_ms=15}
[01:56:13] [Server thread/INFO]: [AIBot] ACTION event=diag_snapshot bot=Bob {submerged=false, light=15, step=, in_lava=false, task_phase=, goal=none, task_progress=1.0, task=move, mode=survival, air=300, food=17, path_idle=true, inv=minecraft:stone_axex1 minecraft:wooden_swordx1 minecraft:crafting_tablex1 minecraft:stickx2 minecraft:wooden_pickaxex1 minecraft:wooden_axex1 minecraft:cobblestonex7 minecraft:stone_pickaxex1 minecraft:eggx1 minecraft:stone_swordx1 minecraft:raw_ironx2, nearby=animals=0 hostiles=0, mining_idle=true, hp=11.5/20.0, on_ground=true, pos=566,64,151, fall=0.0, held=minecraft:cobblestonex7, task_state=COMPLETED}
[01:56:14] [Server thread/INFO]: [AIBot] ACTION event=capability_decision bot=Bob {allowed=false, profile=strict_survival, capability=HIDDEN_BLOCK_SCAN, context=observable_block_query, reason=DENIED_STRICT_SURVIVAL}
[01:56:14] [Server thread/INFO]: [AIBot] ACTION event=capability_decision bot=Bob {allowed=false, profile=strict_survival, capability=HIDDEN_BLOCK_SCAN, context=perception_snapshot, reason=DENIED_STRICT_SURVIVAL}
[01:56:15] [Server thread/INFO]: [AIBot] ACTION event=diag_snapshot bot=Bob {submerged=false, light=15, step=, in_lava=false, task_phase=, goal=none, task_progress=1.0, task=move, mode=survival, air=300, food=17, path_idle=true, inv=minecraft:stone_axex1 minecraft:wooden_swordx1 minecraft:crafting_tablex1 minecraft:stickx2 minecraft:wooden_pickaxex1 minecraft:wooden_axex1 minecraft:cobblestonex7 minecraft:stone_pickaxex1 minecraft:eggx1 minecraft:stone_swordx1 minecraft:raw_ironx2, nearby=animals=0 hostiles=0, mining_idle=true, hp=11.5/20.0, on_ground=true, pos=566,64,151, fall=0.0, held=minecraft:cobblestonex7, task_state=COMPLETED}
[01:56:16] [Server thread/INFO]: [AIBot] ACTION event=capability_decision bot=Bob {allowed=false, profile=strict_survival, capability=HIDDEN_BLOCK_SCAN, context=observable_cell_query, reason=DENIED_STRICT_SURVIVAL}
[01:56:17] [Server thread/INFO]: [AIBot] ACTION event=capability_decision bot=Bob {allowed=false, profile=strict_survival, capability=HIDDEN_BLOCK_SCAN, context=diagnostic_nearby, reason=DENIED_STRICT_SURVIVAL}
[01:56:17] [Server thread/INFO]: [AIBot] ACTION event=capability_decision bot=Bob {allowed=false, profile=strict_survival, capability=HIDDEN_BLOCK_SCAN, context=observable_entity_query, reason=DENIED_STRICT_SURVIVAL}
[01:56:17] [Server thread/INFO]: [AIBot] ACTION event=diag_snapshot bot=Bob {submerged=false, light=15, step=, in_lava=false, task_phase=, goal=none, task_progress=1.0, task=move, mode=survival, air=300, food=17, path_idle=true, inv=minecraft:stone_axex1 minecraft:wooden_swordx1 minecraft:crafting_tablex1 minecraft:stickx2 minecraft:wooden_pickaxex1 minecraft:wooden_axex1 minecraft:cobblestonex7 minecraft:stone_pickaxex1 minecraft:eggx1 minecraft:stone_swordx1 minecraft:raw_ironx2, nearby=animals=0 hostiles=0, mining_idle=true, hp=11.5/20.0, on_ground=true, pos=566,64,151, fall=0.0, held=minecraft:cobblestonex7, task_state=COMPLETED}
[01:56:18] [Server thread/WARN]: [AIBot] PERCEPTION event=snapshot_slow bot=Bob {elapsed_ms=18}
[01:56:19] [Server thread/INFO]: [AIBot] ACTION event=capability_decision bot=Bob {allowed=false, profile=strict_survival, capability=HIDDEN_BLOCK_SCAN, context=observable_block_query, reason=DENIED_STRICT_SURVIVAL}
[01:56:19] [Server thread/INFO]: [AIBot] ACTION event=capability_decision bot=Bob {allowed=false, profile=strict_survival, capability=HIDDEN_BLOCK_SCAN, context=perception_snapshot, reason=DENIED_STRICT_SURVIVAL}
[01:56:19] [Server thread/WARN]: [AIBot] PERCEPTION event=snapshot_slow bot=Bob {elapsed_ms=14}
[01:56:19] [Server thread/INFO]: [AIBot] ACTION event=diag_snapshot bot=Bob {submerged=false, light=15, step=, in_lava=false, task_phase=, goal=none, task_progress=1.0, task=move, mode=survival, air=300, food=17, path_idle=true, inv=minecraft:stone_axex1 minecraft:wooden_swordx1 minecraft:crafting_tablex1 minecraft:stickx2 minecraft:wooden_pickaxex1 minecraft:wooden_axex1 minecraft:cobblestonex7 minecraft:stone_pickaxex1 minecraft:eggx1 minecraft:stone_swordx1 minecraft:raw_ironx2, nearby=animals=1(squid@14) hostiles=0, mining_idle=true, hp=11.5/20.0, on_ground=true, pos=566,64,151, fall=0.0, held=minecraft:cobblestonex7, task_state=COMPLETED}
[01:56:19] [Server thread/WARN]: [AIBot] PERCEPTION event=snapshot_slow bot=Bob {elapsed_ms=13}
[01:56:20] [Server thread/WARN]: [AIBot] PERCEPTION event=snapshot_slow bot=Bob {elapsed_ms=14}
[01:56:21] [Server thread/INFO]: [AIBot] ACTION event=capability_decision bot=Bob {allowed=false, profile=strict_survival, capability=HIDDEN_BLOCK_SCAN, context=observable_cell_query, reason=DENIED_STRICT_SURVIVAL}
[01:56:21] [Server thread/INFO]: [AIBot] ACTION event=diag_snapshot bot=Bob {submerged=false, light=15, step=, in_lava=false, task_phase=, goal=none, task_progress=1.0, task=move, mode=survival, air=300, food=17, path_idle=true, inv=minecraft:stone_axex1 minecraft:wooden_swordx1 minecraft:crafting_tablex1 minecraft:stickx2 minecraft:wooden_pickaxex1 minecraft:wooden_axex1 minecraft:cobblestonex7 minecraft:stone_pickaxex1 minecraft:eggx1 minecraft:stone_swordx1 minecraft:raw_ironx2, nearby=animals=1(squid@14) hostiles=0, mining_idle=true, hp=11.5/20.0, on_ground=true, pos=566,64,151, fall=0.0, held=minecraft:cobblestonex7, task_state=COMPLETED}
[01:56:22] [Server thread/INFO]: [AIBot] ACTION event=capability_decision bot=Bob {allowed=false, profile=strict_survival, capability=HIDDEN_BLOCK_SCAN, context=observable_entity_query, reason=DENIED_STRICT_SURVIVAL}
[01:56:22] [Server thread/WARN]: [AIBot] PERCEPTION event=snapshot_slow bot=Bob {elapsed_ms=13}
[01:56:23] [Server thread/INFO]: [AIBot] ACTION event=capability_decision bot=Bob {allowed=false, profile=strict_survival, capability=HIDDEN_BLOCK_SCAN, context=diagnostic_nearby, reason=DENIED_STRICT_SURVIVAL}
[01:56:23] [Server thread/INFO]: [AIBot] ACTION event=diag_snapshot bot=Bob {submerged=false, light=15, step=, in_lava=false, task_phase=, goal=none, task_progress=1.0, task=move, mode=survival, air=300, food=17, path_idle=true, inv=minecraft:stone_axex1 minecraft:wooden_swordx1 minecraft:crafting_tablex1 minecraft:stickx2 minecraft:wooden_pickaxex1 minecraft:wooden_axex1 minecraft:cobblestonex7 minecraft:stone_pickaxex1 minecraft:eggx1 minecraft:stone_swordx1 minecraft:raw_ironx2, nearby=animals=0 hostiles=0, mining_idle=true, hp=11.5/20.0, on_ground=true, pos=566,64,151, fall=0.0, held=minecraft:cobblestonex7, task_state=COMPLETED}
[01:56:24] [Server thread/INFO]: [AIBot] ACTION event=capability_decision bot=Bob {allowed=false, profile=strict_survival, capability=HIDDEN_BLOCK_SCAN, context=observable_block_query, reason=DENIED_STRICT_SURVIVAL}
[01:56:24] [Server thread/INFO]: [AIBot] ACTION event=capability_decision bot=Bob {allowed=false, profile=strict_survival, capability=HIDDEN_BLOCK_SCAN, context=perception_snapshot, reason=DENIED_STRICT_SURVIVAL}
[01:56:24] [Server thread/WARN]: [AIBot] PERCEPTION event=snapshot_slow bot=Bob {elapsed_ms=11}
[01:56:25] [Server thread/INFO]: [AIBot] ACTION event=diag_snapshot bot=Bob {submerged=false, light=15, step=, in_lava=false, task_phase=, goal=none, task_progress=1.0, task=move, mode=survival, air=300, food=17, path_idle=true, inv=minecraft:stone_axex1 minecraft:wooden_swordx1 minecraft:crafting_tablex1 minecraft:stickx2 minecraft:wooden_pickaxex1 minecraft:wooden_axex1 minecraft:cobblestonex7 minecraft:stone_pickaxex1 minecraft:eggx1 minecraft:stone_swordx1 minecraft:raw_ironx2, nearby=animals=0 hostiles=0, mining_idle=true, hp=11.5/20.0, on_ground=true, pos=566,64,151, fall=0.0, held=minecraft:cobblestonex7, task_state=COMPLETED}
[01:56:26] [Server thread/INFO]: [AIBot] ACTION event=capability_decision bot=Bob {allowed=false, profile=strict_survival, capability=HIDDEN_BLOCK_SCAN, context=observable_cell_query, reason=DENIED_STRICT_SURVIVAL}
[01:56:26] [Server thread/WARN]: [AIBot] PERCEPTION event=snapshot_slow bot=Bob {elapsed_ms=13}
[01:56:27] [Server thread/INFO]: [AIBot] ACTION event=capability_decision bot=Bob {allowed=false, profile=strict_survival, capability=HIDDEN_BLOCK_SCAN, context=observable_entity_query, reason=DENIED_STRICT_SURVIVAL}
[01:56:27] [Server thread/INFO]: [AIBot] ACTION event=diag_snapshot bot=Bob {submerged=false, light=15, step=, in_lava=false, task_phase=, goal=none, task_progress=1.0, task=move, mode=survival, air=300, food=17, path_idle=true, inv=minecraft:stone_axex1 minecraft:wooden_swordx1 minecraft:crafting_tablex1 minecraft:stickx2 minecraft:wooden_pickaxex1 minecraft:wooden_axex1 minecraft:cobblestonex7 minecraft:stone_pickaxex1 minecraft:eggx1 minecraft:stone_swordx1 minecraft:raw_ironx2, nearby=animals=0 hostiles=0, mining_idle=true, hp=11.5/20.0, on_ground=true, pos=566,64,151, fall=0.0, held=minecraft:cobblestonex7, task_state=COMPLETED}
[01:56:29] [Server thread/INFO]: [AIBot] ACTION event=capability_decision bot=Bob {allowed=false, profile=strict_survival, capability=HIDDEN_BLOCK_SCAN, context=observable_block_query, reason=DENIED_STRICT_SURVIVAL}
[01:56:29] [Server thread/INFO]: [AIBot] ACTION event=capability_decision bot=Bob {allowed=false, profile=strict_survival, capability=HIDDEN_BLOCK_SCAN, context=perception_snapshot, reason=DENIED_STRICT_SURVIVAL}
[01:56:29] [Server thread/INFO]: [AIBot] ACTION event=capability_decision bot=Bob {allowed=false, profile=strict_survival, capability=HIDDEN_BLOCK_SCAN, context=diagnostic_nearby, reason=DENIED_STRICT_SURVIVAL}
[01:56:29] [Server thread/INFO]: [AIBot] ACTION event=diag_snapshot bot=Bob {submerged=false, light=15, step=, in_lava=false, task_phase=, goal=none, task_progress=1.0, task=move, mode=survival, air=300, food=17, path_idle=true, inv=minecraft:stone_axex1 minecraft:wooden_swordx1 minecraft:crafting_tablex1 minecraft:stickx2 minecraft:wooden_pickaxex1 minecraft:wooden_axex1 minecraft:cobblestonex7 minecraft:stone_pickaxex1 minecraft:eggx1 minecraft:stone_swordx1 minecraft:raw_ironx2, nearby=animals=0 hostiles=0, mining_idle=true, hp=11.5/20.0, on_ground=true, pos=566,64,151, fall=0.0, held=minecraft:cobblestonex7, task_state=COMPLETED}
[01:56:31] [Server thread/INFO]: [AIBot] ACTION event=capability_decision bot=Bob {allowed=false, profile=strict_survival, capability=HIDDEN_BLOCK_SCAN, context=observable_cell_query, reason=DENIED_STRICT_SURVIVAL}
[01:56:31] [Server thread/INFO]: [AIBot] ACTION event=diag_snapshot bot=Bob {submerged=false, light=15, step=, in_lava=false, task_phase=, goal=none, task_progress=1.0, task=move, mode=survival, air=300, food=17, path_idle=true, inv=minecraft:stone_axex1 minecraft:wooden_swordx1 minecraft:crafting_tablex1 minecraft:stickx2 minecraft:wooden_pickaxex1 minecraft:wooden_axex1 minecraft:cobblestonex7 minecraft:stone_pickaxex1 minecraft:eggx1 minecraft:stone_swordx1 minecraft:raw_ironx2, nearby=animals=0 hostiles=0, mining_idle=true, hp=11.5/20.0, on_ground=true, pos=566,64,151, fall=0.0, held=minecraft:cobblestonex7, task_state=COMPLETED}
[01:56:32] [Server thread/INFO]: [AIBot] ACTION event=capability_decision bot=Bob {allowed=false, profile=strict_survival, capability=HIDDEN_BLOCK_SCAN, context=observable_entity_query, reason=DENIED_STRICT_SURVIVAL}
[01:56:33] [Server thread/INFO]: [AIBot] ACTION event=diag_snapshot bot=Bob {submerged=false, light=15, step=, in_lava=false, task_phase=, goal=none, task_progress=1.0, task=move, mode=survival, air=300, food=17, path_idle=true, inv=minecraft:stone_axex1 minecraft:wooden_swordx1 minecraft:crafting_tablex1 minecraft:stickx2 minecraft:wooden_pickaxex1 minecraft:wooden_axex1 minecraft:cobblestonex7 minecraft:stone_pickaxex1 minecraft:eggx1 minecraft:stone_swordx1 minecraft:raw_ironx2, nearby=animals=1(squid@13) hostiles=0, mining_idle=true, hp=11.5/20.0, on_ground=true, pos=566,64,151, fall=0.0, held=minecraft:cobblestonex7, task_state=COMPLETED}
[01:56:34] [Server thread/INFO]: [AIBot] ACTION event=capability_decision bot=Bob {allowed=false, profile=strict_survival, capability=HIDDEN_BLOCK_SCAN, context=observable_block_query, reason=DENIED_STRICT_SURVIVAL}
[01:56:34] [Server thread/INFO]: [AIBot] ACTION event=capability_decision bot=Bob {allowed=false, profile=strict_survival, capability=HIDDEN_BLOCK_SCAN, context=perception_snapshot, reason=DENIED_STRICT_SURVIVAL}
[01:56:34] [Server thread/WARN]: [AIBot] PERCEPTION event=snapshot_slow bot=Bob {elapsed_ms=11}
[01:56:35] [Server thread/INFO]: [AIBot] ACTION event=capability_decision bot=Bob {allowed=false, profile=strict_survival, capability=HIDDEN_BLOCK_SCAN, context=diagnostic_nearby, reason=DENIED_STRICT_SURVIVAL}
[01:56:35] [Server thread/INFO]: [AIBot] ACTION event=diag_snapshot bot=Bob {submerged=false, light=15, step=, in_lava=false, task_phase=, goal=none, task_progress=1.0, task=move, mode=survival, air=300, food=17, path_idle=true, inv=minecraft:stone_axex1 minecraft:wooden_swordx1 minecraft:crafting_tablex1 minecraft:stickx2 minecraft:wooden_pickaxex1 minecraft:wooden_axex1 minecraft:cobblestonex7 minecraft:stone_pickaxex1 minecraft:eggx1 minecraft:stone_swordx1 minecraft:raw_ironx2, nearby=animals=0 hostiles=0, mining_idle=true, hp=11.5/20.0, on_ground=true, pos=566,64,151, fall=0.0, held=minecraft:cobblestonex7, task_state=COMPLETED}
[01:56:36] [Server thread/INFO]: [AIBot] ACTION event=capability_decision bot=Bob {allowed=false, profile=strict_survival, capability=HIDDEN_BLOCK_SCAN, context=observable_cell_query, reason=DENIED_STRICT_SURVIVAL}
[01:56:37] [Server thread/INFO]: [AIBot] ACTION event=capability_decision bot=Bob {allowed=false, profile=strict_survival, capability=HIDDEN_BLOCK_SCAN, context=observable_entity_query, reason=DENIED_STRICT_SURVIVAL}
[01:56:37] [Server thread/INFO]: [AIBot] ACTION event=diag_snapshot bot=Bob {submerged=false, light=15, step=, in_lava=false, task_phase=, goal=none, task_progress=1.0, task=move, mode=survival, air=300, food=17, path_idle=true, inv=minecraft:stone_axex1 minecraft:wooden_swordx1 minecraft:crafting_tablex1 minecraft:stickx2 minecraft:wooden_pickaxex1 minecraft:wooden_axex1 minecraft:cobblestonex7 minecraft:stone_pickaxex1 minecraft:eggx1 minecraft:stone_swordx1 minecraft:raw_ironx2, nearby=animals=0 hostiles=0, mining_idle=true, hp=11.5/20.0, on_ground=true, pos=566,64,151, fall=0.0, held=minecraft:cobblestonex7, task_state=COMPLETED}
[01:56:39] [Server thread/INFO]: [AIBot] LIFECYCLE event=mixin_alive bot=- {server_tick=18000}
[01:56:39] [Server thread/INFO]: [AIBot] ACTION event=capability_decision bot=Bob {allowed=false, profile=strict_survival, capability=HIDDEN_BLOCK_SCAN, context=observable_block_query, reason=DENIED_STRICT_SURVIVAL}
[01:56:39] [Server thread/INFO]: [AIBot] ACTION event=capability_decision bot=Bob {allowed=false, profile=strict_survival, capability=HIDDEN_BLOCK_SCAN, context=perception_snapshot, reason=DENIED_STRICT_SURVIVAL}
[01:56:39] [Server thread/INFO]: [AIBot] ACTION event=diag_snapshot bot=Bob {submerged=false, light=15, step=, in_lava=false, task_phase=, goal=none, task_progress=1.0, task=move, mode=survival, air=300, food=17, path_idle=true, inv=minecraft:stone_axex1 minecraft:wooden_swordx1 minecraft:crafting_tablex1 minecraft:stickx2 minecraft:wooden_pickaxex1 minecraft:wooden_axex1 minecraft:cobblestonex7 minecraft:stone_pickaxex1 minecraft:eggx1 minecraft:stone_swordx1 minecraft:raw_ironx2, nearby=animals=0 hostiles=0, mining_idle=true, hp=11.5/20.0, on_ground=true, pos=566,64,151, fall=0.0, held=minecraft:cobblestonex7, task_state=COMPLETED}
[01:56:40] [AIBotPersistenceWriter/INFO]: [AIBot] LIFECYCLE event=runtime_persist_saved bot=- {bots=1, path=.\world_play\.\aibot\runtime.json, atomic_move=true, schema=1, jobs=0}
[01:56:41] [Server thread/INFO]: [AIBot] ACTION event=capability_decision bot=Bob {allowed=false, profile=strict_survival, capability=HIDDEN_BLOCK_SCAN, context=observable_cell_query, reason=DENIED_STRICT_SURVIVAL}
[01:56:41] [Server thread/INFO]: [AIBot] ACTION event=capability_decision bot=Bob {allowed=false, profile=strict_survival, capability=HIDDEN_BLOCK_SCAN, context=diagnostic_nearby, reason=DENIED_STRICT_SURVIVAL}
[01:56:41] [Server thread/INFO]: [AIBot] ACTION event=diag_snapshot bot=Bob {submerged=false, light=15, step=, in_lava=false, task_phase=, goal=none, task_progress=1.0, task=move, mode=survival, air=300, food=17, path_idle=true, inv=minecraft:stone_axex1 minecraft:wooden_swordx1 minecraft:crafting_tablex1 minecraft:stickx2 minecraft:wooden_pickaxex1 minecraft:wooden_axex1 minecraft:cobblestonex7 minecraft:stone_pickaxex1 minecraft:eggx1 minecraft:stone_swordx1 minecraft:raw_ironx2, nearby=animals=0 hostiles=0, mining_idle=true, hp=11.5/20.0, on_ground=true, pos=566,64,151, fall=0.0, held=minecraft:cobblestonex7, task_state=COMPLETED}
[01:56:42] [Server thread/INFO]: [AIBot] ACTION event=capability_decision bot=Bob {allowed=false, profile=strict_survival, capability=HIDDEN_BLOCK_SCAN, context=observable_entity_query, reason=DENIED_STRICT_SURVIVAL}
[01:56:42] [Server thread/WARN]: [AIBot] PERCEPTION event=snapshot_slow bot=Bob {elapsed_ms=11}
[01:56:43] [Server thread/WARN]: [AIBot] PERCEPTION event=snapshot_slow bot=Bob {elapsed_ms=11}
[01:56:43] [Server thread/INFO]: [AIBot] ACTION event=diag_snapshot bot=Bob {submerged=false, light=15, step=, in_lava=false, task_phase=, goal=none, task_progress=1.0, task=move, mode=survival, air=300, food=17, path_idle=true, inv=minecraft:stone_axex1 minecraft:wooden_swordx1 minecraft:crafting_tablex1 minecraft:stickx2 minecraft:wooden_pickaxex1 minecraft:wooden_axex1 minecraft:cobblestonex7 minecraft:stone_pickaxex1 minecraft:eggx1 minecraft:stone_swordx1 minecraft:raw_ironx2, nearby=animals=0 hostiles=0, mining_idle=true, hp=11.5/20.0, on_ground=true, pos=566,64,151, fall=0.0, held=minecraft:cobblestonex7, task_state=COMPLETED}
[01:56:43] [Server thread/WARN]: [AIBot] PERCEPTION event=snapshot_slow bot=Bob {elapsed_ms=16}
[01:56:44] [Server thread/INFO]: [AIBot] ACTION event=capability_decision bot=Bob {allowed=false, profile=strict_survival, capability=HIDDEN_BLOCK_SCAN, context=observable_block_query, reason=DENIED_STRICT_SURVIVAL}
[01:56:44] [Server thread/INFO]: [AIBot] ACTION event=capability_decision bot=Bob {allowed=false, profile=strict_survival, capability=HIDDEN_BLOCK_SCAN, context=perception_snapshot, reason=DENIED_STRICT_SURVIVAL}
[01:56:45] [Server thread/INFO]: [AIBot] ACTION event=diag_snapshot bot=Bob {submerged=false, light=15, step=, in_lava=false, task_phase=, goal=none, task_progress=1.0, task=move, mode=survival, air=300, food=17, path_idle=true, inv=minecraft:stone_axex1 minecraft:wooden_swordx1 minecraft:crafting_tablex1 minecraft:stickx2 minecraft:wooden_pickaxex1 minecraft:wooden_axex1 minecraft:cobblestonex7 minecraft:stone_pickaxex1 minecraft:eggx1 minecraft:stone_swordx1 minecraft:raw_ironx2, nearby=animals=0 hostiles=0, mining_idle=true, hp=11.5/20.0, on_ground=true, pos=566,64,151, fall=0.0, held=minecraft:cobblestonex7, task_state=COMPLETED}
[01:56:46] [Server thread/INFO]: [AIBot] ACTION event=capability_decision bot=Bob {allowed=false, profile=strict_survival, capability=HIDDEN_BLOCK_SCAN, context=observable_cell_query, reason=DENIED_STRICT_SURVIVAL}
[01:56:47] [Server thread/INFO]: [AIBot] ACTION event=capability_decision bot=Bob {allowed=false, profile=strict_survival, capability=HIDDEN_BLOCK_SCAN, context=observable_entity_query, reason=DENIED_STRICT_SURVIVAL}
[01:56:47] [Server thread/INFO]: [AIBot] ACTION event=capability_decision bot=Bob {allowed=false, profile=strict_survival, capability=HIDDEN_BLOCK_SCAN, context=diagnostic_nearby, reason=DENIED_STRICT_SURVIVAL}
[01:56:47] [Server thread/INFO]: [AIBot] ACTION event=diag_snapshot bot=Bob {submerged=false, light=15, step=, in_lava=false, task_phase=, goal=none, task_progress=1.0, task=move, mode=survival, air=300, food=17, path_idle=true, inv=minecraft:stone_axex1 minecraft:wooden_swordx1 minecraft:crafting_tablex1 minecraft:stickx2 minecraft:wooden_pickaxex1 minecraft:wooden_axex1 minecraft:cobblestonex7 minecraft:stone_pickaxex1 minecraft:eggx1 minecraft:stone_swordx1 minecraft:raw_ironx2, nearby=animals=0 hostiles=0, mining_idle=true, hp=11.5/20.0, on_ground=true, pos=566,64,151, fall=0.0, held=minecraft:cobblestonex7, task_state=COMPLETED}
[01:56:47] [Server thread/WARN]: [AIBot] PERCEPTION event=snapshot_slow bot=Bob {elapsed_ms=12}
[01:56:49] [Server thread/INFO]: [AIBot] ACTION event=capability_decision bot=Bob {allowed=false, profile=strict_survival, capability=HIDDEN_BLOCK_SCAN, context=observable_block_query, reason=DENIED_STRICT_SURVIVAL}
[01:56:49] [Server thread/INFO]: [AIBot] ACTION event=capability_decision bot=Bob {allowed=false, profile=strict_survival, capability=HIDDEN_BLOCK_SCAN, context=perception_snapshot, reason=DENIED_STRICT_SURVIVAL}
[01:56:49] [Server thread/INFO]: [AIBot] ACTION event=diag_snapshot bot=Bob {submerged=false, light=15, step=, in_lava=false, task_phase=, goal=none, task_progress=1.0, task=move, mode=survival, air=300, food=17, path_idle=true, inv=minecraft:stone_axex1 minecraft:wooden_swordx1 minecraft:crafting_tablex1 minecraft:stickx2 minecraft:wooden_pickaxex1 minecraft:wooden_axex1 minecraft:cobblestonex7 minecraft:stone_pickaxex1 minecraft:eggx1 minecraft:stone_swordx1 minecraft:raw_ironx2, nearby=animals=0 hostiles=0, mining_idle=true, hp=11.5/20.0, on_ground=true, pos=566,64,151, fall=0.0, held=minecraft:cobblestonex7, task_state=COMPLETED}
[01:56:51] [Server thread/INFO]: [AIBot] ACTION event=capability_decision bot=Bob {allowed=false, profile=strict_survival, capability=HIDDEN_BLOCK_SCAN, context=observable_cell_query, reason=DENIED_STRICT_SURVIVAL}
[01:56:51] [Server thread/INFO]: [AIBot] ACTION event=diag_snapshot bot=Bob {submerged=false, light=15, step=, in_lava=false, task_phase=, goal=none, task_progress=1.0, task=move, mode=survival, air=300, food=17, path_idle=true, inv=minecraft:stone_axex1 minecraft:wooden_swordx1 minecraft:crafting_tablex1 minecraft:stickx2 minecraft:wooden_pickaxex1 minecraft:wooden_axex1 minecraft:cobblestonex7 minecraft:stone_pickaxex1 minecraft:eggx1 minecraft:stone_swordx1 minecraft:raw_ironx2, nearby=animals=0 hostiles=0, mining_idle=true, hp=11.5/20.0, on_ground=true, pos=566,64,151, fall=0.0, held=minecraft:cobblestonex7, task_state=COMPLETED}
[01:56:52] [Server thread/INFO]: [AIBot] ACTION event=capability_decision bot=Bob {allowed=false, profile=strict_survival, capability=HIDDEN_BLOCK_SCAN, context=observable_entity_query, reason=DENIED_STRICT_SURVIVAL}
[01:56:53] [Server thread/INFO]: [AIBot] ACTION event=capability_decision bot=Bob {allowed=false, profile=strict_survival, capability=HIDDEN_BLOCK_SCAN, context=diagnostic_nearby, reason=DENIED_STRICT_SURVIVAL}
[01:56:53] [Server thread/INFO]: [AIBot] ACTION event=diag_snapshot bot=Bob {submerged=false, light=15, step=, in_lava=false, task_phase=, goal=none, task_progress=1.0, task=move, mode=survival, air=300, food=17, path_idle=true, inv=minecraft:stone_axex1 minecraft:wooden_swordx1 minecraft:crafting_tablex1 minecraft:stickx2 minecraft:wooden_pickaxex1 minecraft:wooden_axex1 minecraft:cobblestonex7 minecraft:stone_pickaxex1 minecraft:eggx1 minecraft:stone_swordx1 minecraft:raw_ironx2, nearby=animals=0 hostiles=0, mining_idle=true, hp=11.5/20.0, on_ground=true, pos=566,64,151, fall=0.0, held=minecraft:cobblestonex7, task_state=COMPLETED}
[01:56:54] [Server thread/INFO]: [AIBot] ACTION event=capability_decision bot=Bob {allowed=false, profile=strict_survival, capability=HIDDEN_BLOCK_SCAN, context=observable_block_query, reason=DENIED_STRICT_SURVIVAL}
[01:56:54] [Server thread/INFO]: [AIBot] ACTION event=capability_decision bot=Bob {allowed=false, profile=strict_survival, capability=HIDDEN_BLOCK_SCAN, context=perception_snapshot, reason=DENIED_STRICT_SURVIVAL}
[01:56:54] [Server thread/WARN]: [AIBot] PERCEPTION event=snapshot_slow bot=Bob {elapsed_ms=11}
[01:56:55] [Server thread/WARN]: [AIBot] PERCEPTION event=snapshot_slow bot=Bob {elapsed_ms=12}
[01:56:55] [Server thread/INFO]: [AIBot] ACTION event=diag_snapshot bot=Bob {submerged=false, light=15, step=, in_lava=false, task_phase=, goal=none, task_progress=1.0, task=move, mode=survival, air=300, food=17, path_idle=true, inv=minecraft:stone_axex1 minecraft:wooden_swordx1 minecraft:crafting_tablex1 minecraft:stickx2 minecraft:wooden_pickaxex1 minecraft:wooden_axex1 minecraft:cobblestonex7 minecraft:stone_pickaxex1 minecraft:eggx1 minecraft:stone_swordx1 minecraft:raw_ironx2, nearby=animals=0 hostiles=0, mining_idle=true, hp=11.5/20.0, on_ground=true, pos=566,64,151, fall=0.0, held=minecraft:cobblestonex7, task_state=COMPLETED}
[01:56:56] [Server thread/INFO]: [AIBot] ACTION event=capability_decision bot=Bob {allowed=false, profile=strict_survival, capability=HIDDEN_BLOCK_SCAN, context=observable_cell_query, reason=DENIED_STRICT_SURVIVAL}
[01:56:57] [Server thread/INFO]: [AIBot] ACTION event=capability_decision bot=Bob {allowed=false, profile=strict_survival, capability=HIDDEN_BLOCK_SCAN, context=observable_entity_query, reason=DENIED_STRICT_SURVIVAL}
[01:56:57] [Server thread/WARN]: [AIBot] PERCEPTION event=snapshot_slow bot=Bob {elapsed_ms=12}
[01:56:57] [Server thread/INFO]: [AIBot] ACTION event=diag_snapshot bot=Bob {submerged=false, light=15, step=, in_lava=false, task_phase=, goal=none, task_progress=1.0, task=move, mode=survival, air=300, food=17, path_idle=true, inv=minecraft:stone_axex1 minecraft:wooden_swordx1 minecraft:crafting_tablex1 minecraft:stickx2 minecraft:wooden_pickaxex1 minecraft:wooden_axex1 minecraft:cobblestonex7 minecraft:stone_pickaxex1 minecraft:eggx1 minecraft:stone_swordx1 minecraft:raw_ironx2, nearby=animals=0 hostiles=0, mining_idle=true, hp=11.5/20.0, on_ground=true, pos=566,64,151, fall=0.0, held=minecraft:cobblestonex7, task_state=COMPLETED}
[01:56:58] [Server thread/WARN]: [AIBot] PERCEPTION event=snapshot_slow bot=Bob {elapsed_ms=11}
[01:56:59] [Server thread/INFO]: [AIBot] ACTION event=capability_decision bot=Bob {allowed=false, profile=strict_survival, capability=HIDDEN_BLOCK_SCAN, context=observable_block_query, reason=DENIED_STRICT_SURVIVAL}
[01:56:59] [Server thread/INFO]: [AIBot] ACTION event=capability_decision bot=Bob {allowed=false, profile=strict_survival, capability=HIDDEN_BLOCK_SCAN, context=perception_snapshot, reason=DENIED_STRICT_SURVIVAL}
[01:56:59] [Server thread/WARN]: [AIBot] PERCEPTION event=snapshot_slow bot=Bob {elapsed_ms=11}
[01:56:59] [Server thread/INFO]: [AIBot] ACTION event=capability_decision bot=Bob {allowed=false, profile=strict_survival, capability=HIDDEN_BLOCK_SCAN, context=diagnostic_nearby, reason=DENIED_STRICT_SURVIVAL}
[01:56:59] [Server thread/INFO]: [AIBot] ACTION event=diag_snapshot bot=Bob {submerged=false, light=15, step=, in_lava=false, task_phase=, goal=none, task_progress=1.0, task=move, mode=survival, air=300, food=17, path_idle=true, inv=minecraft:stone_axex1 minecraft:wooden_swordx1 minecraft:crafting_tablex1 minecraft:stickx2 minecraft:wooden_pickaxex1 minecraft:wooden_axex1 minecraft:cobblestonex7 minecraft:stone_pickaxex1 minecraft:eggx1 minecraft:stone_swordx1 minecraft:raw_ironx2, nearby=animals=0 hostiles=0, mining_idle=true, hp=11.5/20.0, on_ground=true, pos=566,64,151, fall=0.0, held=minecraft:cobblestonex7, task_state=COMPLETED}
[01:56:59] [Server thread/WARN]: [AIBot] PERCEPTION event=snapshot_slow bot=Bob {elapsed_ms=13}
[01:57:00] [Server thread/WARN]: [AIBot] PERCEPTION event=snapshot_slow bot=Bob {elapsed_ms=11}
[01:57:01] [Server thread/INFO]: [AIBot] ACTION event=capability_decision bot=Bob {allowed=false, profile=strict_survival, capability=HIDDEN_BLOCK_SCAN, context=observable_cell_query, reason=DENIED_STRICT_SURVIVAL}
[01:57:01] [Server thread/INFO]: [AIBot] ACTION event=diag_snapshot bot=Bob {submerged=false, light=15, step=, in_lava=false, task_phase=, goal=none, task_progress=1.0, task=move, mode=survival, air=300, food=17, path_idle=true, inv=minecraft:stone_axex1 minecraft:wooden_swordx1 minecraft:crafting_tablex1 minecraft:stickx2 minecraft:wooden_pickaxex1 minecraft:wooden_axex1 minecraft:cobblestonex7 minecraft:stone_pickaxex1 minecraft:eggx1 minecraft:stone_swordx1 minecraft:raw_ironx2, nearby=animals=0 hostiles=0, mining_idle=true, hp=11.5/20.0, on_ground=true, pos=566,64,151, fall=0.0, held=minecraft:cobblestonex7, task_state=COMPLETED}
[01:57:02] [Server thread/INFO]: [AIBot] ACTION event=capability_decision bot=Bob {allowed=false, profile=strict_survival, capability=HIDDEN_BLOCK_SCAN, context=observable_entity_query, reason=DENIED_STRICT_SURVIVAL}
[01:57:03] [Server thread/INFO]: [AIBot] ACTION event=diag_snapshot bot=Bob {submerged=false, light=15, step=, in_lava=false, task_phase=, goal=none, task_progress=1.0, task=move, mode=survival, air=300, food=17, path_idle=true, inv=minecraft:stone_axex1 minecraft:wooden_swordx1 minecraft:crafting_tablex1 minecraft:stickx2 minecraft:wooden_pickaxex1 minecraft:wooden_axex1 minecraft:cobblestonex7 minecraft:stone_pickaxex1 minecraft:eggx1 minecraft:stone_swordx1 minecraft:raw_ironx2, nearby=animals=0 hostiles=0, mining_idle=true, hp=11.5/20.0, on_ground=true, pos=566,64,151, fall=0.0, held=minecraft:cobblestonex7, task_state=COMPLETED}
[01:57:03] [Server thread/WARN]: [AIBot] PERCEPTION event=snapshot_slow bot=Bob {elapsed_ms=14}
[01:57:04] [Server thread/INFO]: [AIBot] ACTION event=capability_decision bot=Bob {allowed=false, profile=strict_survival, capability=HIDDEN_BLOCK_SCAN, context=observable_block_query, reason=DENIED_STRICT_SURVIVAL}
[01:57:04] [Server thread/INFO]: [AIBot] ACTION event=capability_decision bot=Bob {allowed=false, profile=strict_survival, capability=HIDDEN_BLOCK_SCAN, context=perception_snapshot, reason=DENIED_STRICT_SURVIVAL}
[01:57:05] [Server thread/INFO]: [AIBot] ACTION event=capability_decision bot=Bob {allowed=false, profile=strict_survival, capability=HIDDEN_BLOCK_SCAN, context=diagnostic_nearby, reason=DENIED_STRICT_SURVIVAL}
[01:57:05] [Server thread/INFO]: [AIBot] ACTION event=diag_snapshot bot=Bob {submerged=false, light=15, step=, in_lava=false, task_phase=, goal=none, task_progress=1.0, task=move, mode=survival, air=300, food=17, path_idle=true, inv=minecraft:stone_axex1 minecraft:wooden_swordx1 minecraft:crafting_tablex1 minecraft:stickx2 minecraft:wooden_pickaxex1 minecraft:wooden_axex1 minecraft:cobblestonex7 minecraft:stone_pickaxex1 minecraft:eggx1 minecraft:stone_swordx1 minecraft:raw_ironx2, nearby=animals=0 hostiles=0, mining_idle=true, hp=11.5/20.0, on_ground=true, pos=566,64,151, fall=0.0, held=minecraft:cobblestonex7, task_state=COMPLETED}
[01:57:06] [Server thread/INFO]: [AIBot] ACTION event=capability_decision bot=Bob {allowed=false, profile=strict_survival, capability=HIDDEN_BLOCK_SCAN, context=observable_cell_query, reason=DENIED_STRICT_SURVIVAL}
[01:57:07] [Server thread/INFO]: [AIBot] ACTION event=capability_decision bot=Bob {allowed=false, profile=strict_survival, capability=HIDDEN_BLOCK_SCAN, context=observable_entity_query, reason=DENIED_STRICT_SURVIVAL}
[01:57:07] [Server thread/WARN]: [AIBot] PERCEPTION event=snapshot_slow bot=Bob {elapsed_ms=12}
[01:57:07] [Server thread/INFO]: [AIBot] ACTION event=diag_snapshot bot=Bob {submerged=false, light=15, step=, in_lava=false, task_phase=, goal=none, task_progress=1.0, task=move, mode=survival, air=300, food=17, path_idle=true, inv=minecraft:stone_axex1 minecraft:wooden_swordx1 minecraft:crafting_tablex1 minecraft:stickx2 minecraft:wooden_pickaxex1 minecraft:wooden_axex1 minecraft:cobblestonex7 minecraft:stone_pickaxex1 minecraft:eggx1 minecraft:stone_swordx1 minecraft:raw_ironx2, nearby=animals=0 hostiles=0, mining_idle=true, hp=11.5/20.0, on_ground=true, pos=566,64,151, fall=0.0, held=minecraft:cobblestonex7, task_state=COMPLETED}
[01:57:09] [Server thread/INFO]: [AIBot] ACTION event=capability_decision bot=Bob {allowed=false, profile=strict_survival, capability=HIDDEN_BLOCK_SCAN, context=observable_block_query, reason=DENIED_STRICT_SURVIVAL}
[01:57:09] [Server thread/INFO]: [AIBot] ACTION event=capability_decision bot=Bob {allowed=false, profile=strict_survival, capability=HIDDEN_BLOCK_SCAN, context=perception_snapshot, reason=DENIED_STRICT_SURVIVAL}
[01:57:09] [Server thread/INFO]: [AIBot] ACTION event=diag_snapshot bot=Bob {submerged=false, light=15, step=, in_lava=false, task_phase=, goal=none, task_progress=1.0, task=move, mode=survival, air=300, food=17, path_idle=true, inv=minecraft:stone_axex1 minecraft:wooden_swordx1 minecraft:crafting_tablex1 minecraft:stickx2 minecraft:wooden_pickaxex1 minecraft:wooden_axex1 minecraft:cobblestonex7 minecraft:stone_pickaxex1 minecraft:eggx1 minecraft:stone_swordx1 minecraft:raw_ironx2, nearby=animals=0 hostiles=0, mining_idle=true, hp=11.5/20.0, on_ground=true, pos=566,64,151, fall=0.0, held=minecraft:cobblestonex7, task_state=COMPLETED}
[01:57:09] [Server thread/WARN]: [AIBot] PERCEPTION event=snapshot_slow bot=Bob {elapsed_ms=11}
[01:57:11] [Server thread/INFO]: [AIBot] ACTION event=capability_decision bot=Bob {allowed=false, profile=strict_survival, capability=HIDDEN_BLOCK_SCAN, context=observable_cell_query, reason=DENIED_STRICT_SURVIVAL}
[01:57:11] [Server thread/WARN]: [AIBot] PERCEPTION event=snapshot_slow bot=Bob {elapsed_ms=13}
[01:57:11] [Server thread/INFO]: [AIBot] ACTION event=capability_decision bot=Bob {allowed=false, profile=strict_survival, capability=HIDDEN_BLOCK_SCAN, context=diagnostic_nearby, reason=DENIED_STRICT_SURVIVAL}
[01:57:11] [Server thread/INFO]: [AIBot] ACTION event=diag_snapshot bot=Bob {submerged=false, light=15, step=, in_lava=false, task_phase=, goal=none, task_progress=1.0, task=move, mode=survival, air=300, food=17, path_idle=true, inv=minecraft:stone_axex1 minecraft:wooden_swordx1 minecraft:crafting_tablex1 minecraft:stickx2 minecraft:wooden_pickaxex1 minecraft:wooden_axex1 minecraft:cobblestonex7 minecraft:stone_pickaxex1 minecraft:eggx1 minecraft:stone_swordx1 minecraft:raw_ironx2, nearby=animals=0 hostiles=0, mining_idle=true, hp=11.5/20.0, on_ground=true, pos=566,64,151, fall=0.0, held=minecraft:cobblestonex7, task_state=COMPLETED}
[01:57:12] [Server thread/INFO]: [AIBot] ACTION event=capability_decision bot=Bob {allowed=false, profile=strict_survival, capability=HIDDEN_BLOCK_SCAN, context=observable_entity_query, reason=DENIED_STRICT_SURVIVAL}
[01:57:13] [Server thread/INFO]: [AIBot] ACTION event=diag_snapshot bot=Bob {submerged=false, light=15, step=, in_lava=false, task_phase=, goal=none, task_progress=1.0, task=move, mode=survival, air=300, food=17, path_idle=true, inv=minecraft:stone_axex1 minecraft:wooden_swordx1 minecraft:crafting_tablex1 minecraft:stickx2 minecraft:wooden_pickaxex1 minecraft:wooden_axex1 minecraft:cobblestonex7 minecraft:stone_pickaxex1 minecraft:eggx1 minecraft:stone_swordx1 minecraft:raw_ironx2, nearby=animals=0 hostiles=0, mining_idle=true, hp=11.5/20.0, on_ground=true, pos=566,64,151, fall=0.0, held=minecraft:cobblestonex7, task_state=COMPLETED}
[01:57:14] [Server thread/INFO]: [AIBot] ACTION event=capability_decision bot=Bob {allowed=false, profile=strict_survival, capability=HIDDEN_BLOCK_SCAN, context=observable_block_query, reason=DENIED_STRICT_SURVIVAL}
[01:57:14] [Server thread/INFO]: [AIBot] ACTION event=capability_decision bot=Bob {allowed=false, profile=strict_survival, capability=HIDDEN_BLOCK_SCAN, context=perception_snapshot, reason=DENIED_STRICT_SURVIVAL}
[01:57:15] [Server thread/INFO]: [AIBot] ACTION event=diag_snapshot bot=Bob {submerged=false, light=15, step=, in_lava=false, task_phase=, goal=none, task_progress=1.0, task=move, mode=survival, air=300, food=17, path_idle=true, inv=minecraft:stone_axex1 minecraft:wooden_swordx1 minecraft:crafting_tablex1 minecraft:stickx2 minecraft:wooden_pickaxex1 minecraft:wooden_axex1 minecraft:cobblestonex7 minecraft:stone_pickaxex1 minecraft:eggx1 minecraft:stone_swordx1 minecraft:raw_ironx2, nearby=animals=0 hostiles=0, mining_idle=true, hp=11.5/20.0, on_ground=true, pos=566,64,151, fall=0.0, held=minecraft:cobblestonex7, task_state=COMPLETED}
[01:57:16] [Server thread/INFO]: [AIBot] ACTION event=capability_decision bot=Bob {allowed=false, profile=strict_survival, capability=HIDDEN_BLOCK_SCAN, context=observable_cell_query, reason=DENIED_STRICT_SURVIVAL}
[01:57:17] [Server thread/INFO]: [AIBot] ACTION event=capability_decision bot=Bob {allowed=false, profile=strict_survival, capability=HIDDEN_BLOCK_SCAN, context=diagnostic_nearby, reason=DENIED_STRICT_SURVIVAL}
[01:57:17] [Server thread/INFO]: [AIBot] ACTION event=capability_decision bot=Bob {allowed=false, profile=strict_survival, capability=HIDDEN_BLOCK_SCAN, context=observable_entity_query, reason=DENIED_STRICT_SURVIVAL}
[01:57:17] [Server thread/INFO]: [AIBot] ACTION event=diag_snapshot bot=Bob {submerged=false, light=15, step=, in_lava=false, task_phase=, goal=none, task_progress=1.0, task=move, mode=survival, air=300, food=17, path_idle=true, inv=minecraft:stone_axex1 minecraft:wooden_swordx1 minecraft:crafting_tablex1 minecraft:stickx2 minecraft:wooden_pickaxex1 minecraft:wooden_axex1 minecraft:cobblestonex7 minecraft:stone_pickaxex1 minecraft:eggx1 minecraft:stone_swordx1 minecraft:raw_ironx2, nearby=animals=0 hostiles=0, mining_idle=true, hp=11.5/20.0, on_ground=true, pos=566,64,151, fall=0.0, held=minecraft:cobblestonex7, task_state=COMPLETED}
[01:57:18] [Server thread/WARN]: [AIBot] PERCEPTION event=snapshot_slow bot=Bob {elapsed_ms=13}
[01:57:19] [Server thread/INFO]: [AIBot] ACTION event=capability_decision bot=Bob {allowed=false, profile=strict_survival, capability=HIDDEN_BLOCK_SCAN, context=observable_block_query, reason=DENIED_STRICT_SURVIVAL}
[01:57:19] [Server thread/INFO]: [AIBot] ACTION event=capability_decision bot=Bob {allowed=false, profile=strict_survival, capability=HIDDEN_BLOCK_SCAN, context=perception_snapshot, reason=DENIED_STRICT_SURVIVAL}
[01:57:19] [Server thread/INFO]: [AIBot] ACTION event=diag_snapshot bot=Bob {submerged=false, light=15, step=, in_lava=false, task_phase=, goal=none, task_progress=1.0, task=move, mode=survival, air=300, food=17, path_idle=true, inv=minecraft:stone_axex1 minecraft:wooden_swordx1 minecraft:crafting_tablex1 minecraft:stickx2 minecraft:wooden_pickaxex1 minecraft:wooden_axex1 minecraft:cobblestonex7 minecraft:stone_pickaxex1 minecraft:eggx1 minecraft:stone_swordx1 minecraft:raw_ironx2, nearby=animals=0 hostiles=0, mining_idle=true, hp=11.5/20.0, on_ground=true, pos=566,64,151, fall=0.0, held=minecraft:cobblestonex7, task_state=COMPLETED}
[01:57:21] [Server thread/INFO]: [AIBot] ACTION event=capability_decision bot=Bob {allowed=false, profile=strict_survival, capability=HIDDEN_BLOCK_SCAN, context=observable_cell_query, reason=DENIED_STRICT_SURVIVAL}
[01:57:21] [Server thread/INFO]: [AIBot] ACTION event=diag_snapshot bot=Bob {submerged=false, light=15, step=, in_lava=false, task_phase=, goal=none, task_progress=1.0, task=move, mode=survival, air=300, food=17, path_idle=true, inv=minecraft:stone_axex1 minecraft:wooden_swordx1 minecraft:crafting_tablex1 minecraft:stickx2 minecraft:wooden_pickaxex1 minecraft:wooden_axex1 minecraft:cobblestonex7 minecraft:stone_pickaxex1 minecraft:eggx1 minecraft:stone_swordx1 minecraft:raw_ironx2, nearby=animals=0 hostiles=0, mining_idle=true, hp=11.5/20.0, on_ground=true, pos=566,64,151, fall=0.0, held=minecraft:cobblestonex7, task_state=COMPLETED}
[01:57:21] [Server thread/WARN]: [AIBot] PERCEPTION event=snapshot_slow bot=Bob {elapsed_ms=15}
[01:57:22] [Server thread/INFO]: [AIBot] ACTION event=capability_decision bot=Bob {allowed=false, profile=strict_survival, capability=HIDDEN_BLOCK_SCAN, context=observable_entity_query, reason=DENIED_STRICT_SURVIVAL}
[01:57:23] [Server thread/INFO]: [AIBot] ACTION event=capability_decision bot=Bob {allowed=false, profile=strict_survival, capability=HIDDEN_BLOCK_SCAN, context=diagnostic_nearby, reason=DENIED_STRICT_SURVIVAL}
[01:57:23] [Server thread/INFO]: [AIBot] ACTION event=diag_snapshot bot=Bob {submerged=false, light=15, step=, in_lava=false, task_phase=, goal=none, task_progress=1.0, task=move, mode=survival, air=300, food=17, path_idle=true, inv=minecraft:stone_axex1 minecraft:wooden_swordx1 minecraft:crafting_tablex1 minecraft:stickx2 minecraft:wooden_pickaxex1 minecraft:wooden_axex1 minecraft:cobblestonex7 minecraft:stone_pickaxex1 minecraft:eggx1 minecraft:stone_swordx1 minecraft:raw_ironx2, nearby=animals=0 hostiles=0, mining_idle=true, hp=11.5/20.0, on_ground=true, pos=566,64,151, fall=0.0, held=minecraft:cobblestonex7, task_state=COMPLETED}
[01:57:24] [Server thread/INFO]: [AIBot] ACTION event=capability_decision bot=Bob {allowed=false, profile=strict_survival, capability=HIDDEN_BLOCK_SCAN, context=observable_block_query, reason=DENIED_STRICT_SURVIVAL}
[01:57:24] [Server thread/INFO]: [AIBot] ACTION event=capability_decision bot=Bob {allowed=false, profile=strict_survival, capability=HIDDEN_BLOCK_SCAN, context=perception_snapshot, reason=DENIED_STRICT_SURVIVAL}
[01:57:24] [Server thread/WARN]: [AIBot] PERCEPTION event=snapshot_slow bot=Bob {elapsed_ms=14}
[01:57:25] [Server thread/INFO]: [AIBot] ACTION event=diag_snapshot bot=Bob {submerged=false, light=15, step=, in_lava=false, task_phase=, goal=none, task_progress=1.0, task=move, mode=survival, air=300, food=17, path_idle=true, inv=minecraft:stone_axex1 minecraft:wooden_swordx1 minecraft:crafting_tablex1 minecraft:stickx2 minecraft:wooden_pickaxex1 minecraft:wooden_axex1 minecraft:cobblestonex7 minecraft:stone_pickaxex1 minecraft:eggx1 minecraft:stone_swordx1 minecraft:raw_ironx2, nearby=animals=0 hostiles=0, mining_idle=true, hp=11.5/20.0, on_ground=true, pos=566,64,151, fall=0.0, held=minecraft:cobblestonex7, task_state=COMPLETED}
[01:57:25] [Server thread/WARN]: [AIBot] PERCEPTION event=snapshot_slow bot=Bob {elapsed_ms=16}
[01:57:26] [Server thread/INFO]: [AIBot] ACTION event=capability_decision bot=Bob {allowed=false, profile=strict_survival, capability=HIDDEN_BLOCK_SCAN, context=observable_cell_query, reason=DENIED_STRICT_SURVIVAL}
[01:57:27] [Server thread/INFO]: [AIBot] ACTION event=capability_decision bot=Bob {allowed=false, profile=strict_survival, capability=HIDDEN_BLOCK_SCAN, context=observable_entity_query, reason=DENIED_STRICT_SURVIVAL}
[01:57:27] [Server thread/INFO]: [AIBot] ACTION event=diag_snapshot bot=Bob {submerged=false, light=15, step=, in_lava=false, task_phase=, goal=none, task_progress=1.0, task=move, mode=survival, air=300, food=17, path_idle=true, inv=minecraft:stone_axex1 minecraft:wooden_swordx1 minecraft:crafting_tablex1 minecraft:stickx2 minecraft:wooden_pickaxex1 minecraft:wooden_axex1 minecraft:cobblestonex7 minecraft:stone_pickaxex1 minecraft:eggx1 minecraft:stone_swordx1 minecraft:raw_ironx2, nearby=animals=0 hostiles=0, mining_idle=true, hp=11.5/20.0, on_ground=true, pos=566,64,151, fall=0.0, held=minecraft:cobblestonex7, task_state=COMPLETED}
[01:57:29] [Server thread/INFO]: [AIBot] ACTION event=capability_decision bot=Bob {allowed=false, profile=strict_survival, capability=HIDDEN_BLOCK_SCAN, context=observable_block_query, reason=DENIED_STRICT_SURVIVAL}
[01:57:29] [Server thread/INFO]: [AIBot] ACTION event=capability_decision bot=Bob {allowed=false, profile=strict_survival, capability=HIDDEN_BLOCK_SCAN, context=perception_snapshot, reason=DENIED_STRICT_SURVIVAL}
[01:57:29] [Server thread/INFO]: [AIBot] ACTION event=capability_decision bot=Bob {allowed=false, profile=strict_survival, capability=HIDDEN_BLOCK_SCAN, context=diagnostic_nearby, reason=DENIED_STRICT_SURVIVAL}
[01:57:29] [Server thread/INFO]: [AIBot] ACTION event=diag_snapshot bot=Bob {submerged=false, light=15, step=, in_lava=false, task_phase=, goal=none, task_progress=1.0, task=move, mode=survival, air=300, food=17, path_idle=true, inv=minecraft:stone_axex1 minecraft:wooden_swordx1 minecraft:crafting_tablex1 minecraft:stickx2 minecraft:wooden_pickaxex1 minecraft:wooden_axex1 minecraft:cobblestonex7 minecraft:stone_pickaxex1 minecraft:eggx1 minecraft:stone_swordx1 minecraft:raw_ironx2, nearby=animals=0 hostiles=0, mining_idle=true, hp=11.5/20.0, on_ground=true, pos=566,64,151, fall=0.0, held=minecraft:cobblestonex7, task_state=COMPLETED}
[01:57:31] [Server thread/INFO]: [AIBot] ACTION event=capability_decision bot=Bob {allowed=false, profile=strict_survival, capability=HIDDEN_BLOCK_SCAN, context=observable_cell_query, reason=DENIED_STRICT_SURVIVAL}
[01:57:31] [Server thread/WARN]: [AIBot] PERCEPTION event=snapshot_slow bot=Bob {elapsed_ms=11}
[01:57:31] [Server thread/INFO]: [AIBot] ACTION event=diag_snapshot bot=Bob {submerged=false, light=15, step=, in_lava=false, task_phase=, goal=none, task_progress=1.0, task=move, mode=survival, air=300, food=17, path_idle=true, inv=minecraft:stone_axex1 minecraft:wooden_swordx1 minecraft:crafting_tablex1 minecraft:stickx2 minecraft:wooden_pickaxex1 minecraft:wooden_axex1 minecraft:cobblestonex7 minecraft:stone_pickaxex1 minecraft:eggx1 minecraft:stone_swordx1 minecraft:raw_ironx2, nearby=animals=0 hostiles=0, mining_idle=true, hp=11.5/20.0, on_ground=true, pos=566,64,151, fall=0.0, held=minecraft:cobblestonex7, task_state=COMPLETED}
[01:57:32] [Server thread/INFO]: [AIBot] ACTION event=capability_decision bot=Bob {allowed=false, profile=strict_survival, capability=HIDDEN_BLOCK_SCAN, context=observable_entity_query, reason=DENIED_STRICT_SURVIVAL}
[01:57:32] [Server thread/WARN]: [AIBot] PERCEPTION event=snapshot_slow bot=Bob {elapsed_ms=15}
[01:57:32] [Server thread/WARN]: [AIBot] PERCEPTION event=snapshot_slow bot=Bob {elapsed_ms=14}
[01:57:33] [Server thread/INFO]: [AIBot] ACTION event=diag_snapshot bot=Bob {submerged=false, light=15, step=, in_lava=false, task_phase=, goal=none, task_progress=1.0, task=move, mode=survival, air=300, food=17, path_idle=true, inv=minecraft:stone_axex1 minecraft:wooden_swordx1 minecraft:crafting_tablex1 minecraft:stickx2 minecraft:wooden_pickaxex1 minecraft:wooden_axex1 minecraft:cobblestonex7 minecraft:stone_pickaxex1 minecraft:eggx1 minecraft:stone_swordx1 minecraft:raw_ironx2, nearby=animals=0 hostiles=0, mining_idle=true, hp=11.5/20.0, on_ground=true, pos=566,64,151, fall=0.0, held=minecraft:cobblestonex7, task_state=COMPLETED}
[01:57:34] [Server thread/INFO]: [AIBot] ACTION event=capability_decision bot=Bob {allowed=false, profile=strict_survival, capability=HIDDEN_BLOCK_SCAN, context=observable_block_query, reason=DENIED_STRICT_SURVIVAL}
[01:57:34] [Server thread/INFO]: [AIBot] ACTION event=capability_decision bot=Bob {allowed=false, profile=strict_survival, capability=HIDDEN_BLOCK_SCAN, context=perception_snapshot, reason=DENIED_STRICT_SURVIVAL}
[01:57:35] [Server thread/INFO]: [AIBot] ACTION event=capability_decision bot=Bob {allowed=false, profile=strict_survival, capability=HIDDEN_BLOCK_SCAN, context=diagnostic_nearby, reason=DENIED_STRICT_SURVIVAL}
[01:57:35] [Server thread/INFO]: [AIBot] ACTION event=diag_snapshot bot=Bob {submerged=false, light=15, step=, in_lava=false, task_phase=, goal=none, task_progress=1.0, task=move, mode=survival, air=300, food=17, path_idle=true, inv=minecraft:stone_axex1 minecraft:wooden_swordx1 minecraft:crafting_tablex1 minecraft:stickx2 minecraft:wooden_pickaxex1 minecraft:wooden_axex1 minecraft:cobblestonex7 minecraft:stone_pickaxex1 minecraft:eggx1 minecraft:stone_swordx1 minecraft:raw_ironx2, nearby=animals=0 hostiles=0, mining_idle=true, hp=11.5/20.0, on_ground=true, pos=566,64,151, fall=0.0, held=minecraft:cobblestonex7, task_state=COMPLETED}
[01:57:36] [Server thread/INFO]: [AIBot] ACTION event=capability_decision bot=Bob {allowed=false, profile=strict_survival, capability=HIDDEN_BLOCK_SCAN, context=observable_cell_query, reason=DENIED_STRICT_SURVIVAL}
[01:57:37] [Server thread/INFO]: [AIBot] ACTION event=capability_decision bot=Bob {allowed=false, profile=strict_survival, capability=HIDDEN_BLOCK_SCAN, context=observable_entity_query, reason=DENIED_STRICT_SURVIVAL}
[01:57:37] [Server thread/WARN]: [AIBot] PERCEPTION event=snapshot_slow bot=Bob {elapsed_ms=13}
[01:57:37] [Server thread/INFO]: [AIBot] ACTION event=diag_snapshot bot=Bob {submerged=false, light=15, step=, in_lava=false, task_phase=, goal=none, task_progress=1.0, task=move, mode=survival, air=300, food=17, path_idle=true, inv=minecraft:stone_axex1 minecraft:wooden_swordx1 minecraft:crafting_tablex1 minecraft:stickx2 minecraft:wooden_pickaxex1 minecraft:wooden_axex1 minecraft:cobblestonex7 minecraft:stone_pickaxex1 minecraft:eggx1 minecraft:stone_swordx1 minecraft:raw_ironx2, nearby=animals=0 hostiles=0, mining_idle=true, hp=11.5/20.0, on_ground=true, pos=566,64,151, fall=0.0, held=minecraft:cobblestonex7, task_state=COMPLETED}
[01:57:39] [Server thread/INFO]: [AIBot] LIFECYCLE event=mixin_alive bot=- {server_tick=19200}
[01:57:39] [Server thread/INFO]: [AIBot] ACTION event=capability_decision bot=Bob {allowed=false, profile=strict_survival, capability=HIDDEN_BLOCK_SCAN, context=observable_block_query, reason=DENIED_STRICT_SURVIVAL}
[01:57:39] [Server thread/INFO]: [AIBot] ACTION event=capability_decision bot=Bob {allowed=false, profile=strict_survival, capability=HIDDEN_BLOCK_SCAN, context=perception_snapshot, reason=DENIED_STRICT_SURVIVAL}
[01:57:39] [Server thread/INFO]: [AIBot] ACTION event=diag_snapshot bot=Bob {submerged=false, light=15, step=, in_lava=false, task_phase=, goal=none, task_progress=1.0, task=move, mode=survival, air=300, food=17, path_idle=true, inv=minecraft:stone_axex1 minecraft:wooden_swordx1 minecraft:crafting_tablex1 minecraft:stickx2 minecraft:wooden_pickaxex1 minecraft:wooden_axex1 minecraft:cobblestonex7 minecraft:stone_pickaxex1 minecraft:eggx1 minecraft:stone_swordx1 minecraft:raw_ironx2, nearby=animals=0 hostiles=0, mining_idle=true, hp=11.5/20.0, on_ground=true, pos=566,64,151, fall=0.0, held=minecraft:cobblestonex7, task_state=COMPLETED}
[01:57:39] [Server thread/WARN]: [AIBot] PERCEPTION event=snapshot_slow bot=Bob {elapsed_ms=15}
[01:57:40] [Server thread/WARN]: [AIBot] PERCEPTION event=snapshot_slow bot=Bob {elapsed_ms=11}
[01:57:41] [Server thread/INFO]: [AIBot] ACTION event=capability_decision bot=Bob {allowed=false, profile=strict_survival, capability=HIDDEN_BLOCK_SCAN, context=observable_cell_query, reason=DENIED_STRICT_SURVIVAL}
[01:57:41] [Server thread/WARN]: [AIBot] PERCEPTION event=snapshot_slow bot=Bob {elapsed_ms=15}
[01:57:41] [Server thread/INFO]: [AIBot] ACTION event=capability_decision bot=Bob {allowed=false, profile=strict_survival, capability=HIDDEN_BLOCK_SCAN, context=diagnostic_nearby, reason=DENIED_STRICT_SURVIVAL}
[01:57:41] [Server thread/INFO]: [AIBot] ACTION event=diag_snapshot bot=Bob {submerged=false, light=15, step=, in_lava=false, task_phase=, goal=none, task_progress=1.0, task=move, mode=survival, air=300, food=17, path_idle=true, inv=minecraft:stone_axex1 minecraft:wooden_swordx1 minecraft:crafting_tablex1 minecraft:stickx2 minecraft:wooden_pickaxex1 minecraft:wooden_axex1 minecraft:cobblestonex7 minecraft:stone_pickaxex1 minecraft:eggx1 minecraft:stone_swordx1 minecraft:raw_ironx2, nearby=animals=0 hostiles=0, mining_idle=true, hp=11.5/20.0, on_ground=true, pos=566,64,151, fall=0.0, held=minecraft:cobblestonex7, task_state=COMPLETED}
[01:57:42] [Server thread/INFO]: [AIBot] ACTION event=capability_decision bot=Bob {allowed=false, profile=strict_survival, capability=HIDDEN_BLOCK_SCAN, context=observable_entity_query, reason=DENIED_STRICT_SURVIVAL}
[01:57:43] [Server thread/INFO]: [AIBot] ACTION event=diag_snapshot bot=Bob {submerged=false, light=15, step=, in_lava=false, task_phase=, goal=none, task_progress=1.0, task=move, mode=survival, air=300, food=17, path_idle=true, inv=minecraft:stone_axex1 minecraft:wooden_swordx1 minecraft:crafting_tablex1 minecraft:stickx2 minecraft:wooden_pickaxex1 minecraft:wooden_axex1 minecraft:cobblestonex7 minecraft:stone_pickaxex1 minecraft:eggx1 minecraft:stone_swordx1 minecraft:raw_ironx2, nearby=animals=0 hostiles=0, mining_idle=true, hp=11.5/20.0, on_ground=true, pos=566,64,151, fall=0.0, held=minecraft:cobblestonex7, task_state=COMPLETED}
[01:57:44] [Server thread/INFO]: [AIBot] ACTION event=capability_decision bot=Bob {allowed=false, profile=strict_survival, capability=HIDDEN_BLOCK_SCAN, context=observable_block_query, reason=DENIED_STRICT_SURVIVAL}
[01:57:44] [Server thread/INFO]: [AIBot] ACTION event=capability_decision bot=Bob {allowed=false, profile=strict_survival, capability=HIDDEN_BLOCK_SCAN, context=perception_snapshot, reason=DENIED_STRICT_SURVIVAL}
[01:57:44] [Server thread/WARN]: [AIBot] PERCEPTION event=snapshot_slow bot=Bob {elapsed_ms=13}
[01:57:45] [Server thread/INFO]: [AIBot] ACTION event=diag_snapshot bot=Bob {submerged=false, light=15, step=, in_lava=false, task_phase=, goal=none, task_progress=1.0, task=move, mode=survival, air=300, food=17, path_idle=true, inv=minecraft:stone_axex1 minecraft:wooden_swordx1 minecraft:crafting_tablex1 minecraft:stickx2 minecraft:wooden_pickaxex1 minecraft:wooden_axex1 minecraft:cobblestonex7 minecraft:stone_pickaxex1 minecraft:eggx1 minecraft:stone_swordx1 minecraft:raw_ironx2, nearby=animals=0 hostiles=0, mining_idle=true, hp=11.5/20.0, on_ground=true, pos=566,64,151, fall=0.0, held=minecraft:cobblestonex7, task_state=COMPLETED}
[01:57:45] [Server thread/WARN]: [AIBot] PERCEPTION event=snapshot_slow bot=Bob {elapsed_ms=12}
[01:57:46] [Server thread/INFO]: [AIBot] ACTION event=capability_decision bot=Bob {allowed=false, profile=strict_survival, capability=HIDDEN_BLOCK_SCAN, context=observable_cell_query, reason=DENIED_STRICT_SURVIVAL}
[01:57:47] [Server thread/INFO]: [AIBot] ACTION event=capability_decision bot=Bob {allowed=false, profile=strict_survival, capability=HIDDEN_BLOCK_SCAN, context=observable_entity_query, reason=DENIED_STRICT_SURVIVAL}
[01:57:47] [Server thread/INFO]: [AIBot] ACTION event=capability_decision bot=Bob {allowed=false, profile=strict_survival, capability=HIDDEN_BLOCK_SCAN, context=diagnostic_nearby, reason=DENIED_STRICT_SURVIVAL}
[01:57:47] [Server thread/INFO]: [AIBot] ACTION event=diag_snapshot bot=Bob {submerged=false, light=15, step=, in_lava=false, task_phase=, goal=none, task_progress=1.0, task=move, mode=survival, air=300, food=17, path_idle=true, inv=minecraft:stone_axex1 minecraft:wooden_swordx1 minecraft:crafting_tablex1 minecraft:stickx2 minecraft:wooden_pickaxex1 minecraft:wooden_axex1 minecraft:cobblestonex7 minecraft:stone_pickaxex1 minecraft:eggx1 minecraft:stone_swordx1 minecraft:raw_ironx2, nearby=animals=0 hostiles=0, mining_idle=true, hp=11.5/20.0, on_ground=true, pos=566,64,151, fall=0.0, held=minecraft:cobblestonex7, task_state=COMPLETED}
[01:57:49] [Server thread/INFO]: [AIBot] ACTION event=capability_decision bot=Bob {allowed=false, profile=strict_survival, capability=HIDDEN_BLOCK_SCAN, context=observable_block_query, reason=DENIED_STRICT_SURVIVAL}
[01:57:49] [Server thread/INFO]: [AIBot] ACTION event=capability_decision bot=Bob {allowed=false, profile=strict_survival, capability=HIDDEN_BLOCK_SCAN, context=perception_snapshot, reason=DENIED_STRICT_SURVIVAL}
[01:57:49] [Server thread/INFO]: [AIBot] ACTION event=diag_snapshot bot=Bob {submerged=false, light=15, step=, in_lava=false, task_phase=, goal=none, task_progress=1.0, task=move, mode=survival, air=300, food=17, path_idle=true, inv=minecraft:stone_axex1 minecraft:wooden_swordx1 minecraft:crafting_tablex1 minecraft:stickx2 minecraft:wooden_pickaxex1 minecraft:wooden_axex1 minecraft:cobblestonex7 minecraft:stone_pickaxex1 minecraft:eggx1 minecraft:stone_swordx1 minecraft:raw_ironx2, nearby=animals=0 hostiles=0, mining_idle=true, hp=11.5/20.0, on_ground=true, pos=566,64,151, fall=0.0, held=minecraft:cobblestonex7, task_state=COMPLETED}
[01:57:51] [Server thread/INFO]: [AIBot] ACTION event=capability_decision bot=Bob {allowed=false, profile=strict_survival, capability=HIDDEN_BLOCK_SCAN, context=observable_cell_query, reason=DENIED_STRICT_SURVIVAL}
[01:57:51] [Server thread/WARN]: [AIBot] PERCEPTION event=snapshot_slow bot=Bob {elapsed_ms=11}
[01:57:51] [Server thread/INFO]: [AIBot] ACTION event=diag_snapshot bot=Bob {submerged=false, light=15, step=, in_lava=false, task_phase=, goal=none, task_progress=1.0, task=move, mode=survival, air=300, food=17, path_idle=true, inv=minecraft:stone_axex1 minecraft:wooden_swordx1 minecraft:crafting_tablex1 minecraft:stickx2 minecraft:wooden_pickaxex1 minecraft:wooden_axex1 minecraft:cobblestonex7 minecraft:stone_pickaxex1 minecraft:eggx1 minecraft:stone_swordx1 minecraft:raw_ironx2, nearby=animals=0 hostiles=0, mining_idle=true, hp=11.5/20.0, on_ground=true, pos=566,64,151, fall=0.0, held=minecraft:cobblestonex7, task_state=COMPLETED}
[01:57:52] [Server thread/INFO]: [AIBot] ACTION event=capability_decision bot=Bob {allowed=false, profile=strict_survival, capability=HIDDEN_BLOCK_SCAN, context=observable_entity_query, reason=DENIED_STRICT_SURVIVAL}
[01:57:52] [Server thread/WARN]: [AIBot] PERCEPTION event=snapshot_slow bot=Bob {elapsed_ms=14}
[01:57:52] [Server thread/WARN]: [AIBot] PERCEPTION event=snapshot_slow bot=Bob {elapsed_ms=11}
[01:57:53] [Server thread/INFO]: [AIBot] ACTION event=capability_decision bot=Bob {allowed=false, profile=strict_survival, capability=HIDDEN_BLOCK_SCAN, context=diagnostic_nearby, reason=DENIED_STRICT_SURVIVAL}
[01:57:53] [Server thread/INFO]: [AIBot] ACTION event=diag_snapshot bot=Bob {submerged=false, light=15, step=, in_lava=false, task_phase=, goal=none, task_progress=1.0, task=move, mode=survival, air=300, food=17, path_idle=true, inv=minecraft:stone_axex1 minecraft:wooden_swordx1 minecraft:crafting_tablex1 minecraft:stickx2 minecraft:wooden_pickaxex1 minecraft:wooden_axex1 minecraft:cobblestonex7 minecraft:stone_pickaxex1 minecraft:eggx1 minecraft:stone_swordx1 minecraft:raw_ironx2, nearby=animals=0 hostiles=0, mining_idle=true, hp=11.5/20.0, on_ground=true, pos=566,64,151, fall=0.0, held=minecraft:cobblestonex7, task_state=COMPLETED}
[01:57:54] [Server thread/INFO]: [AIBot] ACTION event=capability_decision bot=Bob {allowed=false, profile=strict_survival, capability=HIDDEN_BLOCK_SCAN, context=observable_block_query, reason=DENIED_STRICT_SURVIVAL}
[01:57:54] [Server thread/INFO]: [AIBot] ACTION event=capability_decision bot=Bob {allowed=false, profile=strict_survival, capability=HIDDEN_BLOCK_SCAN, context=perception_snapshot, reason=DENIED_STRICT_SURVIVAL}
[01:57:55] [Server thread/WARN]: [AIBot] PERCEPTION event=snapshot_slow bot=Bob {elapsed_ms=11}
[01:57:55] [Server thread/INFO]: [AIBot] ACTION event=diag_snapshot bot=Bob {submerged=false, light=15, step=, in_lava=false, task_phase=, goal=none, task_progress=1.0, task=move, mode=survival, air=300, food=17, path_idle=true, inv=minecraft:stone_axex1 minecraft:wooden_swordx1 minecraft:crafting_tablex1 minecraft:stickx2 minecraft:wooden_pickaxex1 minecraft:wooden_axex1 minecraft:cobblestonex7 minecraft:stone_pickaxex1 minecraft:eggx1 minecraft:stone_swordx1 minecraft:raw_ironx2, nearby=animals=0 hostiles=0, mining_idle=true, hp=11.5/20.0, on_ground=true, pos=566,64,151, fall=0.0, held=minecraft:cobblestonex7, task_state=COMPLETED}
[01:57:55] [Server thread/WARN]: [AIBot] PERCEPTION event=snapshot_slow bot=Bob {elapsed_ms=11}
[01:57:56] [Server thread/INFO]: [AIBot] ACTION event=capability_decision bot=Bob {allowed=false, profile=strict_survival, capability=HIDDEN_BLOCK_SCAN, context=observable_cell_query, reason=DENIED_STRICT_SURVIVAL}
[01:57:57] [Server thread/INFO]: [AIBot] ACTION event=capability_decision bot=Bob {allowed=false, profile=strict_survival, capability=HIDDEN_BLOCK_SCAN, context=observable_entity_query, reason=DENIED_STRICT_SURVIVAL}
[01:57:57] [Server thread/WARN]: [AIBot] PERCEPTION event=snapshot_slow bot=Bob {elapsed_ms=13}
[01:57:57] [Server thread/INFO]: [AIBot] ACTION event=diag_snapshot bot=Bob {submerged=false, light=15, step=, in_lava=false, task_phase=, goal=none, task_progress=1.0, task=move, mode=survival, air=300, food=17, path_idle=true, inv=minecraft:stone_axex1 minecraft:wooden_swordx1 minecraft:crafting_tablex1 minecraft:stickx2 minecraft:wooden_pickaxex1 minecraft:wooden_axex1 minecraft:cobblestonex7 minecraft:stone_pickaxex1 minecraft:eggx1 minecraft:stone_swordx1 minecraft:raw_ironx2, nearby=animals=0 hostiles=0, mining_idle=true, hp=11.5/20.0, on_ground=true, pos=566,64,151, fall=0.0, held=minecraft:cobblestonex7, task_state=COMPLETED}
[01:57:59] [Server thread/INFO]: [AIBot] ACTION event=capability_decision bot=Bob {allowed=false, profile=strict_survival, capability=HIDDEN_BLOCK_SCAN, context=observable_block_query, reason=DENIED_STRICT_SURVIVAL}
[01:57:59] [Server thread/INFO]: [AIBot] ACTION event=capability_decision bot=Bob {allowed=false, profile=strict_survival, capability=HIDDEN_BLOCK_SCAN, context=perception_snapshot, reason=DENIED_STRICT_SURVIVAL}
[01:57:59] [Server thread/INFO]: [AIBot] ACTION event=capability_decision bot=Bob {allowed=false, profile=strict_survival, capability=HIDDEN_BLOCK_SCAN, context=diagnostic_nearby, reason=DENIED_STRICT_SURVIVAL}
[01:57:59] [Server thread/INFO]: [AIBot] ACTION event=diag_snapshot bot=Bob {submerged=false, light=15, step=, in_lava=false, task_phase=, goal=none, task_progress=1.0, task=move, mode=survival, air=300, food=17, path_idle=true, inv=minecraft:stone_axex1 minecraft:wooden_swordx1 minecraft:crafting_tablex1 minecraft:stickx2 minecraft:wooden_pickaxex1 minecraft:wooden_axex1 minecraft:cobblestonex7 minecraft:stone_pickaxex1 minecraft:eggx1 minecraft:stone_swordx1 minecraft:raw_ironx2, nearby=animals=0 hostiles=0, mining_idle=true, hp=11.5/20.0, on_ground=true, pos=566,64,151, fall=0.0, held=minecraft:cobblestonex7, task_state=COMPLETED}
[01:58:01] [Server thread/INFO]: [AIBot] ACTION event=capability_decision bot=Bob {allowed=false, profile=strict_survival, capability=HIDDEN_BLOCK_SCAN, context=observable_cell_query, reason=DENIED_STRICT_SURVIVAL}
[01:58:01] [Server thread/INFO]: [AIBot] ACTION event=diag_snapshot bot=Bob {submerged=false, light=15, step=, in_lava=false, task_phase=, goal=none, task_progress=1.0, task=move, mode=survival, air=300, food=17, path_idle=true, inv=minecraft:stone_axex1 minecraft:wooden_swordx1 minecraft:crafting_tablex1 minecraft:stickx2 minecraft:wooden_pickaxex1 minecraft:wooden_axex1 minecraft:cobblestonex7 minecraft:stone_pickaxex1 minecraft:eggx1 minecraft:stone_swordx1 minecraft:raw_ironx2, nearby=animals=0 hostiles=0, mining_idle=true, hp=11.5/20.0, on_ground=true, pos=566,64,151, fall=0.0, held=minecraft:cobblestonex7, task_state=COMPLETED}
[01:58:02] [Server thread/INFO]: [AIBot] ACTION event=capability_decision bot=Bob {allowed=false, profile=strict_survival, capability=HIDDEN_BLOCK_SCAN, context=observable_entity_query, reason=DENIED_STRICT_SURVIVAL}
[01:58:03] [Server thread/INFO]: [AIBot] ACTION event=diag_snapshot bot=Bob {submerged=false, light=15, step=, in_lava=false, task_phase=, goal=none, task_progress=1.0, task=move, mode=survival, air=300, food=17, path_idle=true, inv=minecraft:stone_axex1 minecraft:wooden_swordx1 minecraft:crafting_tablex1 minecraft:stickx2 minecraft:wooden_pickaxex1 minecraft:wooden_axex1 minecraft:cobblestonex7 minecraft:stone_pickaxex1 minecraft:eggx1 minecraft:stone_swordx1 minecraft:raw_ironx2, nearby=animals=0 hostiles=0, mining_idle=true, hp=11.5/20.0, on_ground=true, pos=566,64,151, fall=0.0, held=minecraft:cobblestonex7, task_state=COMPLETED}
[01:58:03] [Server thread/WARN]: [AIBot] PERCEPTION event=snapshot_slow bot=Bob {elapsed_ms=11}
[01:58:04] [Server thread/INFO]: [AIBot] ACTION event=capability_decision bot=Bob {allowed=false, profile=strict_survival, capability=HIDDEN_BLOCK_SCAN, context=observable_block_query, reason=DENIED_STRICT_SURVIVAL}
[01:58:04] [Server thread/INFO]: [AIBot] ACTION event=capability_decision bot=Bob {allowed=false, profile=strict_survival, capability=HIDDEN_BLOCK_SCAN, context=perception_snapshot, reason=DENIED_STRICT_SURVIVAL}
[01:58:04] [Server thread/WARN]: [AIBot] PERCEPTION event=snapshot_slow bot=Bob {elapsed_ms=15}
[01:58:05] [Server thread/INFO]: [AIBot] ACTION event=capability_decision bot=Bob {allowed=false, profile=strict_survival, capability=HIDDEN_BLOCK_SCAN, context=diagnostic_nearby, reason=DENIED_STRICT_SURVIVAL}
[01:58:05] [Server thread/INFO]: [AIBot] ACTION event=diag_snapshot bot=Bob {submerged=false, light=15, step=, in_lava=false, task_phase=, goal=none, task_progress=1.0, task=move, mode=survival, air=300, food=17, path_idle=true, inv=minecraft:stone_axex1 minecraft:wooden_swordx1 minecraft:crafting_tablex1 minecraft:stickx2 minecraft:wooden_pickaxex1 minecraft:wooden_axex1 minecraft:cobblestonex7 minecraft:stone_pickaxex1 minecraft:eggx1 minecraft:stone_swordx1 minecraft:raw_ironx2, nearby=animals=0 hostiles=0, mining_idle=true, hp=11.5/20.0, on_ground=true, pos=566,64,151, fall=0.0, held=minecraft:cobblestonex7, task_state=COMPLETED}
[01:58:06] [Server thread/INFO]: [AIBot] ACTION event=capability_decision bot=Bob {allowed=false, profile=strict_survival, capability=HIDDEN_BLOCK_SCAN, context=observable_cell_query, reason=DENIED_STRICT_SURVIVAL}
[01:58:07] [Server thread/INFO]: [AIBot] ACTION event=capability_decision bot=Bob {allowed=false, profile=strict_survival, capability=HIDDEN_BLOCK_SCAN, context=observable_entity_query, reason=DENIED_STRICT_SURVIVAL}
[01:58:07] [Server thread/INFO]: [AIBot] ACTION event=diag_snapshot bot=Bob {submerged=false, light=15, step=, in_lava=false, task_phase=, goal=none, task_progress=1.0, task=move, mode=survival, air=300, food=17, path_idle=true, inv=minecraft:stone_axex1 minecraft:wooden_swordx1 minecraft:crafting_tablex1 minecraft:stickx2 minecraft:wooden_pickaxex1 minecraft:wooden_axex1 minecraft:cobblestonex7 minecraft:stone_pickaxex1 minecraft:eggx1 minecraft:stone_swordx1 minecraft:raw_ironx2, nearby=animals=0 hostiles=0, mining_idle=true, hp=11.5/20.0, on_ground=true, pos=566,64,151, fall=0.0, held=minecraft:cobblestonex7, task_state=COMPLETED}
[01:58:09] [Server thread/INFO]: [AIBot] ACTION event=capability_decision bot=Bob {allowed=false, profile=strict_survival, capability=HIDDEN_BLOCK_SCAN, context=observable_block_query, reason=DENIED_STRICT_SURVIVAL}
[01:58:09] [Server thread/INFO]: [AIBot] ACTION event=capability_decision bot=Bob {allowed=false, profile=strict_survival, capability=HIDDEN_BLOCK_SCAN, context=perception_snapshot, reason=DENIED_STRICT_SURVIVAL}
[01:58:09] [Server thread/INFO]: [AIBot] ACTION event=diag_snapshot bot=Bob {submerged=false, light=15, step=, in_lava=false, task_phase=, goal=none, task_progress=1.0, task=move, mode=survival, air=300, food=17, path_idle=true, inv=minecraft:stone_axex1 minecraft:wooden_swordx1 minecraft:crafting_tablex1 minecraft:stickx2 minecraft:wooden_pickaxex1 minecraft:wooden_axex1 minecraft:cobblestonex7 minecraft:stone_pickaxex1 minecraft:eggx1 minecraft:stone_swordx1 minecraft:raw_ironx2, nearby=animals=0 hostiles=0, mining_idle=true, hp=11.5/20.0, on_ground=true, pos=566,64,151, fall=0.0, held=minecraft:cobblestonex7, task_state=COMPLETED}
[01:58:10] [Server thread/WARN]: [AIBot] PERCEPTION event=snapshot_slow bot=Bob {elapsed_ms=12}
[01:58:11] [Server thread/INFO]: [AIBot] ACTION event=capability_decision bot=Bob {allowed=false, profile=strict_survival, capability=HIDDEN_BLOCK_SCAN, context=observable_cell_query, reason=DENIED_STRICT_SURVIVAL}
[01:58:11] [Server thread/INFO]: [AIBot] ACTION event=capability_decision bot=Bob {allowed=false, profile=strict_survival, capability=HIDDEN_BLOCK_SCAN, context=diagnostic_nearby, reason=DENIED_STRICT_SURVIVAL}
[01:58:11] [Server thread/INFO]: [AIBot] ACTION event=diag_snapshot bot=Bob {submerged=false, light=15, step=, in_lava=false, task_phase=, goal=none, task_progress=1.0, task=move, mode=survival, air=300, food=17, path_idle=true, inv=minecraft:stone_axex1 minecraft:wooden_swordx1 minecraft:crafting_tablex1 minecraft:stickx2 minecraft:wooden_pickaxex1 minecraft:wooden_axex1 minecraft:cobblestonex7 minecraft:stone_pickaxex1 minecraft:eggx1 minecraft:stone_swordx1 minecraft:raw_ironx2, nearby=animals=1(squid@14) hostiles=0, mining_idle=true, hp=11.5/20.0, on_ground=true, pos=566,64,151, fall=0.0, held=minecraft:cobblestonex7, task_state=COMPLETED}
[01:58:12] [Server thread/INFO]: [AIBot] ACTION event=capability_decision bot=Bob {allowed=false, profile=strict_survival, capability=HIDDEN_BLOCK_SCAN, context=observable_entity_query, reason=DENIED_STRICT_SURVIVAL}
[01:58:13] [Server thread/INFO]: [AIBot] ACTION event=diag_snapshot bot=Bob {submerged=false, light=15, step=, in_lava=false, task_phase=, goal=none, task_progress=1.0, task=move, mode=survival, air=300, food=17, path_idle=true, inv=minecraft:stone_axex1 minecraft:wooden_swordx1 minecraft:crafting_tablex1 minecraft:stickx2 minecraft:wooden_pickaxex1 minecraft:wooden_axex1 minecraft:cobblestonex7 minecraft:stone_pickaxex1 minecraft:eggx1 minecraft:stone_swordx1 minecraft:raw_ironx2, nearby=animals=1(squid@14) hostiles=0, mining_idle=true, hp=11.5/20.0, on_ground=true, pos=566,64,151, fall=0.0, held=minecraft:cobblestonex7, task_state=COMPLETED}
[01:58:14] [Server thread/INFO]: [AIBot] ACTION event=capability_decision bot=Bob {allowed=false, profile=strict_survival, capability=HIDDEN_BLOCK_SCAN, context=observable_block_query, reason=DENIED_STRICT_SURVIVAL}
[01:58:14] [Server thread/INFO]: [AIBot] ACTION event=capability_decision bot=Bob {allowed=false, profile=strict_survival, capability=HIDDEN_BLOCK_SCAN, context=perception_snapshot, reason=DENIED_STRICT_SURVIVAL}
[01:58:15] [Server thread/INFO]: [AIBot] ACTION event=diag_snapshot bot=Bob {submerged=false, light=15, step=, in_lava=false, task_phase=, goal=none, task_progress=1.0, task=move, mode=survival, air=300, food=17, path_idle=true, inv=minecraft:stone_axex1 minecraft:wooden_swordx1 minecraft:crafting_tablex1 minecraft:stickx2 minecraft:wooden_pickaxex1 minecraft:wooden_axex1 minecraft:cobblestonex7 minecraft:stone_pickaxex1 minecraft:eggx1 minecraft:stone_swordx1 minecraft:raw_ironx2, nearby=animals=1(squid@14) hostiles=0, mining_idle=true, hp=11.5/20.0, on_ground=true, pos=566,64,151, fall=0.0, held=minecraft:cobblestonex7, task_state=COMPLETED}
[01:58:16] [Server thread/INFO]: [AIBot] ACTION event=capability_decision bot=Bob {allowed=false, profile=strict_survival, capability=HIDDEN_BLOCK_SCAN, context=observable_cell_query, reason=DENIED_STRICT_SURVIVAL}
[01:58:17] [Server thread/INFO]: [AIBot] ACTION event=capability_decision bot=Bob {allowed=false, profile=strict_survival, capability=HIDDEN_BLOCK_SCAN, context=observable_entity_query, reason=DENIED_STRICT_SURVIVAL}
[01:58:17] [Server thread/INFO]: [AIBot] ACTION event=capability_decision bot=Bob {allowed=false, profile=strict_survival, capability=HIDDEN_BLOCK_SCAN, context=diagnostic_nearby, reason=DENIED_STRICT_SURVIVAL}
[01:58:17] [Server thread/INFO]: [AIBot] ACTION event=diag_snapshot bot=Bob {submerged=false, light=15, step=, in_lava=false, task_phase=, goal=none, task_progress=1.0, task=move, mode=survival, air=300, food=17, path_idle=true, inv=minecraft:stone_axex1 minecraft:wooden_swordx1 minecraft:crafting_tablex1 minecraft:stickx2 minecraft:wooden_pickaxex1 minecraft:wooden_axex1 minecraft:cobblestonex7 minecraft:stone_pickaxex1 minecraft:eggx1 minecraft:stone_swordx1 minecraft:raw_ironx2, nearby=animals=0 hostiles=0, mining_idle=true, hp=11.5/20.0, on_ground=true, pos=566,64,151, fall=0.0, held=minecraft:cobblestonex7, task_state=COMPLETED}
[01:58:18] [Server thread/WARN]: [AIBot] PERCEPTION event=snapshot_slow bot=Bob {elapsed_ms=12}
[01:58:19] [Server thread/INFO]: [AIBot] ACTION event=capability_decision bot=Bob {allowed=false, profile=strict_survival, capability=HIDDEN_BLOCK_SCAN, context=observable_block_query, reason=DENIED_STRICT_SURVIVAL}
[01:58:19] [Server thread/INFO]: [AIBot] ACTION event=capability_decision bot=Bob {allowed=false, profile=strict_survival, capability=HIDDEN_BLOCK_SCAN, context=perception_snapshot, reason=DENIED_STRICT_SURVIVAL}
[01:58:19] [Server thread/INFO]: [AIBot] ACTION event=diag_snapshot bot=Bob {submerged=false, light=15, step=, in_lava=false, task_phase=, goal=none, task_progress=1.0, task=move, mode=survival, air=300, food=17, path_idle=true, inv=minecraft:stone_axex1 minecraft:wooden_swordx1 minecraft:crafting_tablex1 minecraft:stickx2 minecraft:wooden_pickaxex1 minecraft:wooden_axex1 minecraft:cobblestonex7 minecraft:stone_pickaxex1 minecraft:eggx1 minecraft:stone_swordx1 minecraft:raw_ironx2, nearby=animals=0 hostiles=0, mining_idle=true, hp=11.5/20.0, on_ground=true, pos=566,64,151, fall=0.0, held=minecraft:cobblestonex7, task_state=COMPLETED}
[01:58:21] [Server thread/INFO]: [AIBot] ACTION event=capability_decision bot=Bob {allowed=false, profile=strict_survival, capability=HIDDEN_BLOCK_SCAN, context=observable_cell_query, reason=DENIED_STRICT_SURVIVAL}
[01:58:21] [Server thread/INFO]: [AIBot] ACTION event=diag_snapshot bot=Bob {submerged=false, light=15, step=, in_lava=false, task_phase=, goal=none, task_progress=1.0, task=move, mode=survival, air=300, food=17, path_idle=true, inv=minecraft:stone_axex1 minecraft:wooden_swordx1 minecraft:crafting_tablex1 minecraft:stickx2 minecraft:wooden_pickaxex1 minecraft:wooden_axex1 minecraft:cobblestonex7 minecraft:stone_pickaxex1 minecraft:eggx1 minecraft:stone_swordx1 minecraft:raw_ironx2, nearby=animals=0 hostiles=0, mining_idle=true, hp=11.5/20.0, on_ground=true, pos=566,64,151, fall=0.0, held=minecraft:cobblestonex7, task_state=COMPLETED}
[01:58:22] [Server thread/INFO]: [AIBot] ACTION event=capability_decision bot=Bob {allowed=false, profile=strict_survival, capability=HIDDEN_BLOCK_SCAN, context=observable_entity_query, reason=DENIED_STRICT_SURVIVAL}
[01:58:23] [Server thread/INFO]: [AIBot] ACTION event=capability_decision bot=Bob {allowed=false, profile=strict_survival, capability=HIDDEN_BLOCK_SCAN, context=diagnostic_nearby, reason=DENIED_STRICT_SURVIVAL}
[01:58:23] [Server thread/INFO]: [AIBot] ACTION event=diag_snapshot bot=Bob {submerged=false, light=15, step=, in_lava=false, task_phase=, goal=none, task_progress=1.0, task=move, mode=survival, air=300, food=17, path_idle=true, inv=minecraft:stone_axex1 minecraft:wooden_swordx1 minecraft:crafting_tablex1 minecraft:stickx2 minecraft:wooden_pickaxex1 minecraft:wooden_axex1 minecraft:cobblestonex7 minecraft:stone_pickaxex1 minecraft:eggx1 minecraft:stone_swordx1 minecraft:raw_ironx2, nearby=animals=0 hostiles=0, mining_idle=true, hp=11.5/20.0, on_ground=true, pos=566,64,151, fall=0.0, held=minecraft:cobblestonex7, task_state=COMPLETED}
[01:58:24] [Server thread/INFO]: [AIBot] ACTION event=capability_decision bot=Bob {allowed=false, profile=strict_survival, capability=HIDDEN_BLOCK_SCAN, context=observable_block_query, reason=DENIED_STRICT_SURVIVAL}
[01:58:24] [Server thread/INFO]: [AIBot] ACTION event=capability_decision bot=Bob {allowed=false, profile=strict_survival, capability=HIDDEN_BLOCK_SCAN, context=perception_snapshot, reason=DENIED_STRICT_SURVIVAL}
[01:58:25] [Server thread/INFO]: [AIBot] ACTION event=diag_snapshot bot=Bob {submerged=false, light=15, step=, in_lava=false, task_phase=, goal=none, task_progress=1.0, task=move, mode=survival, air=300, food=17, path_idle=true, inv=minecraft:stone_axex1 minecraft:wooden_swordx1 minecraft:crafting_tablex1 minecraft:stickx2 minecraft:wooden_pickaxex1 minecraft:wooden_axex1 minecraft:cobblestonex7 minecraft:stone_pickaxex1 minecraft:eggx1 minecraft:stone_swordx1 minecraft:raw_ironx2, nearby=animals=1(squid@14) hostiles=0, mining_idle=true, hp=11.5/20.0, on_ground=true, pos=566,64,151, fall=0.0, held=minecraft:cobblestonex7, task_state=COMPLETED}
[01:58:26] [Server thread/INFO]: [AIBot] ACTION event=capability_decision bot=Bob {allowed=false, profile=strict_survival, capability=HIDDEN_BLOCK_SCAN, context=observable_cell_query, reason=DENIED_STRICT_SURVIVAL}
[01:58:26] [Server thread/WARN]: [AIBot] PERCEPTION event=snapshot_slow bot=Bob {elapsed_ms=14}
[01:58:27] [Server thread/WARN]: [AIBot] PERCEPTION event=snapshot_slow bot=Bob {elapsed_ms=12}
[01:58:27] [Server thread/INFO]: [AIBot] ACTION event=diag_snapshot bot=Bob {submerged=false, light=15, step=, in_lava=false, task_phase=, goal=none, task_progress=1.0, task=move, mode=survival, air=300, food=17, path_idle=true, inv=minecraft:stone_axex1 minecraft:wooden_swordx1 minecraft:crafting_tablex1 minecraft:stickx2 minecraft:wooden_pickaxex1 minecraft:wooden_axex1 minecraft:cobblestonex7 minecraft:stone_pickaxex1 minecraft:eggx1 minecraft:stone_swordx1 minecraft:raw_ironx2, nearby=animals=1(squid@14) hostiles=0, mining_idle=true, hp=11.5/20.0, on_ground=true, pos=566,64,151, fall=0.0, held=minecraft:cobblestonex7, task_state=COMPLETED}
[01:58:27] [Server thread/INFO]: [AIBot] ACTION event=capability_decision bot=Bob {allowed=false, profile=strict_survival, capability=HIDDEN_BLOCK_SCAN, context=observable_entity_query, reason=DENIED_STRICT_SURVIVAL}
[01:58:28] [Server thread/WARN]: [AIBot] PERCEPTION event=snapshot_slow bot=Bob {elapsed_ms=12}
[01:58:29] [Server thread/INFO]: [AIBot] ACTION event=capability_decision bot=Bob {allowed=false, profile=strict_survival, capability=HIDDEN_BLOCK_SCAN, context=observable_block_query, reason=DENIED_STRICT_SURVIVAL}
[01:58:29] [Server thread/INFO]: [AIBot] ACTION event=capability_decision bot=Bob {allowed=false, profile=strict_survival, capability=HIDDEN_BLOCK_SCAN, context=perception_snapshot, reason=DENIED_STRICT_SURVIVAL}
[01:58:29] [Server thread/INFO]: [AIBot] ACTION event=capability_decision bot=Bob {allowed=false, profile=strict_survival, capability=HIDDEN_BLOCK_SCAN, context=diagnostic_nearby, reason=DENIED_STRICT_SURVIVAL}
[01:58:29] [Server thread/INFO]: [AIBot] ACTION event=diag_snapshot bot=Bob {submerged=false, light=15, step=, in_lava=false, task_phase=, goal=none, task_progress=1.0, task=move, mode=survival, air=300, food=17, path_idle=true, inv=minecraft:stone_axex1 minecraft:wooden_swordx1 minecraft:crafting_tablex1 minecraft:stickx2 minecraft:wooden_pickaxex1 minecraft:wooden_axex1 minecraft:cobblestonex7 minecraft:stone_pickaxex1 minecraft:eggx1 minecraft:stone_swordx1 minecraft:raw_ironx2, nearby=animals=1(squid@12) hostiles=0, mining_idle=true, hp=11.5/20.0, on_ground=true, pos=566,64,151, fall=0.0, held=minecraft:cobblestonex7, task_state=COMPLETED}
[01:58:31] [Server thread/INFO]: [AIBot] ACTION event=capability_decision bot=Bob {allowed=false, profile=strict_survival, capability=HIDDEN_BLOCK_SCAN, context=observable_cell_query, reason=DENIED_STRICT_SURVIVAL}
[01:58:31] [Server thread/INFO]: [AIBot] ACTION event=diag_snapshot bot=Bob {submerged=false, light=15, step=, in_lava=false, task_phase=, goal=none, task_progress=1.0, task=move, mode=survival, air=300, food=17, path_idle=true, inv=minecraft:stone_axex1 minecraft:wooden_swordx1 minecraft:crafting_tablex1 minecraft:stickx2 minecraft:wooden_pickaxex1 minecraft:wooden_axex1 minecraft:cobblestonex7 minecraft:stone_pickaxex1 minecraft:eggx1 minecraft:stone_swordx1 minecraft:raw_ironx2, nearby=animals=1(squid@12) hostiles=0, mining_idle=true, hp=11.5/20.0, on_ground=true, pos=566,64,151, fall=0.0, held=minecraft:cobblestonex7, task_state=COMPLETED}
[01:58:32] [Server thread/WARN]: [AIBot] PERCEPTION event=snapshot_slow bot=Bob {elapsed_ms=13}
[01:58:32] [Server thread/INFO]: [AIBot] ACTION event=capability_decision bot=Bob {allowed=false, profile=strict_survival, capability=HIDDEN_BLOCK_SCAN, context=observable_entity_query, reason=DENIED_STRICT_SURVIVAL}
[01:58:32] [Server thread/WARN]: [AIBot] PERCEPTION event=snapshot_slow bot=Bob {elapsed_ms=11}
[01:58:33] [Server thread/INFO]: [AIBot] ACTION event=diag_snapshot bot=Bob {submerged=false, light=15, step=, in_lava=false, task_phase=, goal=none, task_progress=1.0, task=move, mode=survival, air=300, food=17, path_idle=true, inv=minecraft:stone_axex1 minecraft:wooden_swordx1 minecraft:crafting_tablex1 minecraft:stickx2 minecraft:wooden_pickaxex1 minecraft:wooden_axex1 minecraft:cobblestonex7 minecraft:stone_pickaxex1 minecraft:eggx1 minecraft:stone_swordx1 minecraft:raw_ironx2, nearby=animals=1(squid@12) hostiles=0, mining_idle=true, hp=11.5/20.0, on_ground=true, pos=566,64,151, fall=0.0, held=minecraft:cobblestonex7, task_state=COMPLETED}
[01:58:34] [Server thread/INFO]: [AIBot] ACTION event=capability_decision bot=Bob {allowed=false, profile=strict_survival, capability=HIDDEN_BLOCK_SCAN, context=observable_block_query, reason=DENIED_STRICT_SURVIVAL}
[01:58:34] [Server thread/INFO]: [AIBot] ACTION event=capability_decision bot=Bob {allowed=false, profile=strict_survival, capability=HIDDEN_BLOCK_SCAN, context=perception_snapshot, reason=DENIED_STRICT_SURVIVAL}
[01:58:35] [Server thread/INFO]: [AIBot] ACTION event=capability_decision bot=Bob {allowed=false, profile=strict_survival, capability=HIDDEN_BLOCK_SCAN, context=diagnostic_nearby, reason=DENIED_STRICT_SURVIVAL}
[01:58:35] [Server thread/INFO]: [AIBot] ACTION event=diag_snapshot bot=Bob {submerged=false, light=15, step=, in_lava=false, task_phase=, goal=none, task_progress=1.0, task=move, mode=survival, air=300, food=17, path_idle=true, inv=minecraft:stone_axex1 minecraft:wooden_swordx1 minecraft:crafting_tablex1 minecraft:stickx2 minecraft:wooden_pickaxex1 minecraft:wooden_axex1 minecraft:cobblestonex7 minecraft:stone_pickaxex1 minecraft:eggx1 minecraft:stone_swordx1 minecraft:raw_ironx2, nearby=animals=1(squid@10) hostiles=0, mining_idle=true, hp=11.5/20.0, on_ground=true, pos=566,64,151, fall=0.0, held=minecraft:cobblestonex7, task_state=COMPLETED}
[01:58:36] [Server thread/INFO]: [AIBot] ACTION event=capability_decision bot=Bob {allowed=false, profile=strict_survival, capability=HIDDEN_BLOCK_SCAN, context=observable_cell_query, reason=DENIED_STRICT_SURVIVAL}
[01:58:37] [Server thread/INFO]: [AIBot] ACTION event=diag_snapshot bot=Bob {submerged=false, light=15, step=, in_lava=false, task_phase=, goal=none, task_progress=1.0, task=move, mode=survival, air=300, food=17, path_idle=true, inv=minecraft:stone_axex1 minecraft:wooden_swordx1 minecraft:crafting_tablex1 minecraft:stickx2 minecraft:wooden_pickaxex1 minecraft:wooden_axex1 minecraft:cobblestonex7 minecraft:stone_pickaxex1 minecraft:eggx1 minecraft:stone_swordx1 minecraft:raw_ironx2, nearby=animals=1(squid@10) hostiles=0, mining_idle=true, hp=11.5/20.0, on_ground=true, pos=566,64,151, fall=0.0, held=minecraft:cobblestonex7, task_state=COMPLETED}
[01:58:37] [Server thread/INFO]: [AIBot] ACTION event=capability_decision bot=Bob {allowed=false, profile=strict_survival, capability=HIDDEN_BLOCK_SCAN, context=observable_entity_query, reason=DENIED_STRICT_SURVIVAL}
[01:58:38] [Server thread/WARN]: [AIBot] PERCEPTION event=snapshot_slow bot=Bob {elapsed_ms=14}
[01:58:38] [Server thread/WARN]: [AIBot] PERCEPTION event=snapshot_slow bot=Bob {elapsed_ms=14}
[01:58:38] [Server thread/INFO]: [AIBot] COMM event=findpath_timeout_diag bot=- {ms=51, dig=false, open=1778, explored=3211}
[01:58:38] [Server thread/INFO]: [AIBot] COMM event=findpath_timeout_diag bot=- {ms=51, dig=true, open=4741, explored=3092}
[01:58:38] [Server thread/INFO]: [AIBot] ACTION event=move_waypoint bot=Bob {reason=path_start:pathfinding_failed: TIMEOUT, goal=487,64,121, to=528, 67, 137, hop=1}
[01:58:38] [Server thread/INFO]: [AIBot] TASK event=task_assigned bot=Bob {origin=LLM_TOOL, params=Walking to 487,64,121, origin_reason=external_dsh, name=move}
[01:58:39] [Server thread/INFO]: [AIBot] LIFECYCLE event=mixin_alive bot=- {server_tick=20400}
[01:58:39] [Server thread/INFO]: [AIBot] ACTION event=capability_decision bot=Bob {allowed=false, profile=strict_survival, capability=HIDDEN_BLOCK_SCAN, context=observable_block_query, reason=DENIED_STRICT_SURVIVAL}
[01:58:39] [Server thread/INFO]: [AIBot] ACTION event=capability_decision bot=Bob {allowed=false, profile=strict_survival, capability=HIDDEN_BLOCK_SCAN, context=perception_snapshot, reason=DENIED_STRICT_SURVIVAL}
[01:58:39] [Server thread/WARN]: [AIBot] PERCEPTION event=snapshot_slow bot=Bob {elapsed_ms=13}
[01:58:39] [Server thread/INFO]: [AIBot] ACTION event=diag_snapshot bot=Bob {submerged=false, light=15, step=, in_lava=false, task_phase=, goal=none, task_progress=0.0, task=move, mode=survival, air=300, food=17, path_idle=false, inv=minecraft:stone_axex1 minecraft:wooden_swordx1 minecraft:crafting_tablex1 minecraft:stickx2 minecraft:wooden_pickaxex1 minecraft:wooden_axex1 minecraft:cobblestonex7 minecraft:stone_pickaxex1 minecraft:eggx1 minecraft:stone_swordx1 minecraft:raw_ironx2, nearby=animals=0 hostiles=0, mining_idle=true, hp=11.5/20.0, on_ground=true, pos=564,64,150, fall=0.0, held=minecraft:cobblestonex7, task_state=RUNNING}
[01:58:39] [Server thread/INFO]: [AIBot] ACTION event=fake_player_jump bot=Bob {to=class_2338{x=562, y=65, z=150}, from=class_2338{x=563, y=64, z=150}, reason=path_jump_up}
[01:58:40] [Server thread/WARN]: [AIBot] PERCEPTION event=snapshot_slow bot=Bob {elapsed_ms=12}
[01:58:40] [Server thread/INFO]: [AIBot] ACTION event=fake_player_jump bot=Bob {to=class_2338{x=557, y=66, z=150}, from=class_2338{x=558, y=65, z=150}, reason=path_jump_up}
[01:58:41] [Server thread/INFO]: [AIBot] ACTION event=capability_decision bot=Bob {allowed=false, profile=strict_survival, capability=HIDDEN_BLOCK_SCAN, context=observable_cell_query, reason=DENIED_STRICT_SURVIVAL}
[01:58:41] [Server thread/INFO]: [AIBot] ACTION event=fake_player_jump bot=Bob {to=class_2338{x=553, y=67, z=150}, from=class_2338{x=554, y=66, z=150}, reason=path_jump_up}
[01:58:41] [Server thread/INFO]: [AIBot] ACTION event=capability_decision bot=Bob {allowed=false, profile=strict_survival, capability=HIDDEN_BLOCK_SCAN, context=diagnostic_nearby, reason=DENIED_STRICT_SURVIVAL}
[01:58:41] [Server thread/INFO]: [AIBot] ACTION event=diag_snapshot bot=Bob {submerged=false, light=15, step=, in_lava=false, task_phase=, goal=none, task_progress=0.0, task=move, mode=survival, air=300, food=17, path_idle=false, inv=minecraft:stone_axex1 minecraft:wooden_swordx1 minecraft:crafting_tablex1 minecraft:stickx2 minecraft:wooden_pickaxex1 minecraft:wooden_axex1 minecraft:cobblestonex7 minecraft:stone_pickaxex1 minecraft:eggx1 minecraft:stone_swordx1 minecraft:raw_ironx2, nearby=animals=0 hostiles=0, mining_idle=true, hp=11.5/20.0, on_ground=true, pos=553,67,150, fall=0.0, held=minecraft:cobblestonex7, task_state=RUNNING}
[01:58:42] [Server thread/INFO]: [AIBot] ACTION event=fake_player_jump bot=Bob {to=class_2338{x=548, y=68, z=148}, from=class_2338{x=549, y=67, z=148}, reason=path_jump_up}
[01:58:43] [Server thread/INFO]: [AIBot] ACTION event=capability_decision bot=Bob {allowed=false, profile=strict_survival, capability=HIDDEN_BLOCK_SCAN, context=observable_entity_query, reason=DENIED_STRICT_SURVIVAL}
[01:58:43] [Server thread/INFO]: [AIBot] ACTION event=diag_snapshot bot=Bob {submerged=false, light=15, step=, in_lava=false, task_phase=, goal=none, task_progress=0.1, task=move, mode=survival, air=300, food=17, path_idle=false, inv=minecraft:stone_axex1 minecraft:wooden_swordx1 minecraft:crafting_tablex1 minecraft:stickx2 minecraft:wooden_pickaxex1 minecraft:wooden_axex1 minecraft:cobblestonex7 minecraft:stone_pickaxex1 minecraft:eggx1 minecraft:stone_swordx1 minecraft:raw_ironx2, nearby=animals=0 hostiles=0, mining_idle=true, hp=11.5/20.0, on_ground=true, pos=544,68,146, fall=0.0, held=minecraft:cobblestonex7, task_state=RUNNING}
[01:58:44] [Server thread/INFO]: [AIBot] ACTION event=capability_decision bot=Bob {allowed=false, profile=strict_survival, capability=HIDDEN_BLOCK_SCAN, context=observable_block_query, reason=DENIED_STRICT_SURVIVAL}
[01:58:44] [Server thread/INFO]: [AIBot] ACTION event=capability_decision bot=Bob {allowed=false, profile=strict_survival, capability=HIDDEN_BLOCK_SCAN, context=perception_snapshot, reason=DENIED_STRICT_SURVIVAL}
[01:58:44] [Server thread/WARN]: [AIBot] PERCEPTION event=snapshot_slow bot=Bob {elapsed_ms=13}
[01:58:45] [Server thread/WARN]: [AIBot] PERCEPTION event=snapshot_slow bot=Bob {elapsed_ms=15}
[01:58:45] [Server thread/INFO]: [AIBot] ACTION event=diag_snapshot bot=Bob {submerged=false, light=13, step=, in_lava=false, task_phase=, goal=none, task_progress=0.1, task=move, mode=survival, air=300, food=17, path_idle=false, inv=minecraft:stone_axex1 minecraft:wooden_swordx1 minecraft:crafting_tablex1 minecraft:stickx2 minecraft:wooden_pickaxex1 minecraft:wooden_axex1 minecraft:cobblestonex7 minecraft:stone_pickaxex1 minecraft:eggx1 minecraft:stone_swordx1 minecraft:raw_ironx2, nearby=animals=1(chicken@11) hostiles=0, mining_idle=true, hp=11.5/20.0, on_ground=true, pos=536,68,140, fall=0.0, held=minecraft:cobblestonex7, task_state=RUNNING}
[01:58:47] [Server thread/WARN]: [AIBot] PERCEPTION event=snapshot_slow bot=Bob {elapsed_ms=11}
[01:58:47] [Server thread/INFO]: [AIBot] ACTION event=capability_decision bot=Bob {allowed=false, profile=strict_survival, capability=HIDDEN_BLOCK_SCAN, context=diagnostic_nearby, reason=DENIED_STRICT_SURVIVAL}
[01:58:47] [Server thread/INFO]: [AIBot] ACTION event=diag_snapshot bot=Bob {submerged=false, light=15, step=, in_lava=false, task_phase=, goal=none, task_progress=0.2, task=move, mode=survival, air=300, food=17, path_idle=false, inv=minecraft:stone_axex1 minecraft:wooden_swordx1 minecraft:crafting_tablex1 minecraft:stickx2 minecraft:wooden_pickaxex1 minecraft:wooden_axex1 minecraft:cobblestonex7 minecraft:stone_pickaxex1 minecraft:eggx1 minecraft:stone_swordx1 minecraft:raw_ironx2, nearby=animals=0 hostiles=0, mining_idle=true, hp=11.5/20.0, on_ground=false, pos=528,69,138, fall=0.0, held=minecraft:cobblestonex7, task_state=RUNNING}
[01:58:47] [Server thread/WARN]: [AIBot] PERCEPTION event=snapshot_slow bot=Bob {elapsed_ms=12}
[01:58:48] [Server thread/INFO]: [AIBot] ACTION event=capability_decision bot=Bob {allowed=false, profile=strict_survival, capability=HIDDEN_BLOCK_SCAN, context=observable_entity_query, reason=DENIED_STRICT_SURVIVAL}
[01:58:48] [Server thread/WARN]: [AIBot] PERCEPTION event=snapshot_slow bot=Bob {elapsed_ms=14}
[01:58:49] [Server thread/INFO]: [AIBot] ACTION event=capability_decision bot=Bob {allowed=false, profile=strict_survival, capability=HIDDEN_BLOCK_SCAN, context=observable_block_query, reason=DENIED_STRICT_SURVIVAL}
[01:58:49] [Server thread/INFO]: [AIBot] ACTION event=capability_decision bot=Bob {allowed=false, profile=strict_survival, capability=HIDDEN_BLOCK_SCAN, context=perception_snapshot, reason=DENIED_STRICT_SURVIVAL}
[01:58:49] [Server thread/INFO]: [AIBot] ACTION event=diag_snapshot bot=Bob {submerged=false, light=13, step=, in_lava=false, task_phase=, goal=none, task_progress=0.2, task=move, mode=survival, air=300, food=17, path_idle=false, inv=minecraft:stone_axex1 minecraft:wooden_swordx1 minecraft:crafting_tablex1 minecraft:stickx2 minecraft:wooden_pickaxex1 minecraft:wooden_axex1 minecraft:cobblestonex7 minecraft:stone_pickaxex1 minecraft:eggx1 minecraft:stone_swordx1 minecraft:raw_ironx2, nearby=animals=1(chicken@15) hostiles=0, mining_idle=true, hp=11.5/20.0, on_ground=true, pos=518,68,140, fall=0.0, held=minecraft:cobblestonex7, task_state=RUNNING}
[01:58:49] [Server thread/INFO]: [AIBot] ACTION event=fake_player_jump bot=Bob {to=class_2338{x=516, y=69, z=140}, from=class_2338{x=517, y=68, z=140}, reason=path_jump_up}
[01:58:51] [Server thread/INFO]: [AIBot] ACTION event=diag_snapshot bot=Bob {submerged=false, light=15, step=, in_lava=false, task_phase=, goal=none, task_progress=0.2, task=move, mode=survival, air=300, food=17, path_idle=false, inv=minecraft:stone_axex1 minecraft:wooden_swordx1 minecraft:crafting_tablex1 minecraft:stickx2 minecraft:wooden_pickaxex1 minecraft:wooden_axex1 minecraft:cobblestonex7 minecraft:stone_pickaxex1 minecraft:eggx1 minecraft:stone_swordx1 minecraft:raw_ironx2, nearby=animals=0 hostiles=0, mining_idle=true, hp=11.5/20.0, on_ground=true, pos=508,69,141, fall=0.0, held=minecraft:cobblestonex7, task_state=RUNNING}
[01:58:53] [Server thread/INFO]: [AIBot] ACTION event=capability_decision bot=Bob {allowed=false, profile=strict_survival, capability=HIDDEN_BLOCK_SCAN, context=diagnostic_nearby, reason=DENIED_STRICT_SURVIVAL}
[01:58:53] [Server thread/INFO]: [AIBot] ACTION event=diag_snapshot bot=Bob {submerged=false, light=15, step=, in_lava=false, task_phase=, goal=none, task_progress=0.3, task=move, mode=survival, air=300, food=17, path_idle=false, inv=minecraft:stone_axex1 minecraft:wooden_swordx1 minecraft:crafting_tablex1 minecraft:stickx2 minecraft:wooden_pickaxex1 minecraft:wooden_axex1 minecraft:cobblestonex7 minecraft:stone_pickaxex1 minecraft:eggx1 minecraft:stone_swordx1 minecraft:raw_ironx2, nearby=animals=0 hostiles=0, mining_idle=true, hp=11.5/20.0, on_ground=true, pos=498,69,144, fall=0.0, held=minecraft:cobblestonex7, task_state=RUNNING}
[01:58:54] [Server thread/INFO]: [AIBot] ACTION event=capability_decision bot=Bob {allowed=false, profile=strict_survival, capability=HIDDEN_BLOCK_SCAN, context=observable_block_query, reason=DENIED_STRICT_SURVIVAL}
[01:58:54] [Server thread/INFO]: [AIBot] ACTION event=capability_decision bot=Bob {allowed=false, profile=strict_survival, capability=HIDDEN_BLOCK_SCAN, context=perception_snapshot, reason=DENIED_STRICT_SURVIVAL}
[01:58:55] [Server thread/INFO]: [AIBot] ACTION event=diag_snapshot bot=Bob {submerged=false, light=15, step=, in_lava=false, task_phase=, goal=none, task_progress=0.3, task=move, mode=survival, air=300, food=17, path_idle=false, inv=minecraft:stone_axex1 minecraft:wooden_swordx1 minecraft:crafting_tablex1 minecraft:stickx2 minecraft:wooden_pickaxex1 minecraft:wooden_axex1 minecraft:cobblestonex7 minecraft:stone_pickaxex1 minecraft:eggx1 minecraft:stone_swordx1 minecraft:raw_ironx2, nearby=animals=0 hostiles=0, mining_idle=true, hp=11.5/20.0, on_ground=true, pos=492,69,142, fall=0.0, held=minecraft:cobblestonex7, task_state=RUNNING}
[01:58:55] [Server thread/INFO]: [AIBot] ACTION event=fake_player_step bot=Bob {to=class_2338{x=489, y=68, z=140}, from=class_2338{x=490, y=69, z=140}, reason=path_drop_down}
[01:58:57] [Server thread/INFO]: [AIBot] ACTION event=fake_player_jump bot=Bob {to=class_2338{x=484, y=69, z=137}, from=class_2338{x=484, y=68, z=138}, reason=path_jump_up}
[01:58:57] [Server thread/INFO]: [AIBot] ACTION event=diag_snapshot bot=Bob {submerged=false, light=15, step=, in_lava=false, task_phase=, goal=none, task_progress=0.4, task=move, mode=survival, air=300, food=17, path_idle=false, inv=minecraft:stone_axex1 minecraft:wooden_swordx1 minecraft:crafting_tablex1 minecraft:stickx2 minecraft:wooden_pickaxex1 minecraft:wooden_axex1 minecraft:cobblestonex7 minecraft:stone_pickaxex1 minecraft:eggx1 minecraft:stone_swordx1 minecraft:raw_ironx2, nearby=animals=0 hostiles=0, mining_idle=true, hp=11.5/20.0, on_ground=true, pos=484,69,137, fall=0.0, held=minecraft:cobblestonex7, task_state=RUNNING}
[01:58:59] [Server thread/INFO]: [AIBot] ACTION event=capability_decision bot=Bob {allowed=false, profile=strict_survival, capability=HIDDEN_BLOCK_SCAN, context=observable_block_query, reason=DENIED_STRICT_SURVIVAL}
[01:58:59] [Server thread/INFO]: [AIBot] ACTION event=capability_decision bot=Bob {allowed=false, profile=strict_survival, capability=HIDDEN_BLOCK_SCAN, context=perception_snapshot, reason=DENIED_STRICT_SURVIVAL}
[01:58:59] [Server thread/INFO]: [AIBot] ACTION event=capability_decision bot=Bob {allowed=false, profile=strict_survival, capability=HIDDEN_BLOCK_SCAN, context=diagnostic_nearby, reason=DENIED_STRICT_SURVIVAL}
[01:58:59] [Server thread/INFO]: [AIBot] ACTION event=diag_snapshot bot=Bob {submerged=false, light=15, step=, in_lava=false, task_phase=, goal=none, task_progress=0.4, task=move, mode=survival, air=300, food=17, path_idle=false, inv=minecraft:stone_axex1 minecraft:wooden_swordx1 minecraft:crafting_tablex1 minecraft:stickx2 minecraft:wooden_pickaxex1 minecraft:wooden_axex1 minecraft:cobblestonex7 minecraft:stone_pickaxex1 minecraft:eggx1 minecraft:stone_swordx1 minecraft:raw_ironx2, nearby=animals=0 hostiles=0, mining_idle=true, hp=11.5/20.0, on_ground=true, pos=486,69,127, fall=0.0, held=minecraft:cobblestonex7, task_state=RUNNING}
[01:59:00] [Server thread/INFO]: [AIBot] TASK event=task_completed bot=Bob {name=move, elapsed_ticks=431}
[01:59:01] [Server thread/INFO]: [AIBot] ACTION event=diag_snapshot bot=Bob {submerged=false, light=15, step=, in_lava=false, task_phase=, goal=none, task_progress=1.0, task=move, mode=survival, air=300, food=17, path_idle=true, inv=minecraft:stone_axex1 minecraft:wooden_swordx1 minecraft:crafting_tablex1 minecraft:stickx2 minecraft:wooden_pickaxex1 minecraft:wooden_axex1 minecraft:cobblestonex7 minecraft:stone_pickaxex1 minecraft:eggx1 minecraft:stone_swordx1 minecraft:raw_ironx2, nearby=animals=0 hostiles=0, mining_idle=true, hp=11.5/20.0, on_ground=true, pos=487,69,121, fall=0.0, held=minecraft:cobblestonex7, task_state=COMPLETED}
[01:59:03] [Server thread/INFO]: [AIBot] ACTION event=diag_snapshot bot=Bob {submerged=false, light=15, step=, in_lava=false, task_phase=, goal=none, task_progress=1.0, task=move, mode=survival, air=300, food=17, path_idle=true, inv=minecraft:stone_axex1 minecraft:wooden_swordx1 minecraft:crafting_tablex1 minecraft:stickx2 minecraft:wooden_pickaxex1 minecraft:wooden_axex1 minecraft:cobblestonex7 minecraft:stone_pickaxex1 minecraft:eggx1 minecraft:stone_swordx1 minecraft:raw_ironx2, nearby=animals=0 hostiles=0, mining_idle=true, hp=11.5/20.0, on_ground=true, pos=487,69,121, fall=0.0, held=minecraft:cobblestonex7, task_state=COMPLETED}
[01:59:04] [Server thread/INFO]: [AIBot] ACTION event=capability_decision bot=Bob {allowed=false, profile=strict_survival, capability=HIDDEN_BLOCK_SCAN, context=observable_block_query, reason=DENIED_STRICT_SURVIVAL}
[01:59:04] [Server thread/INFO]: [AIBot] ACTION event=capability_decision bot=Bob {allowed=false, profile=strict_survival, capability=HIDDEN_BLOCK_SCAN, context=perception_snapshot, reason=DENIED_STRICT_SURVIVAL}
[01:59:05] [Server thread/INFO]: [AIBot] ACTION event=capability_decision bot=Bob {allowed=false, profile=strict_survival, capability=HIDDEN_BLOCK_SCAN, context=diagnostic_nearby, reason=DENIED_STRICT_SURVIVAL}
[01:59:05] [Server thread/INFO]: [AIBot] ACTION event=diag_snapshot bot=Bob {submerged=false, light=15, step=, in_lava=false, task_phase=, goal=none, task_progress=1.0, task=move, mode=survival, air=300, food=17, path_idle=true, inv=minecraft:stone_axex1 minecraft:wooden_swordx1 minecraft:crafting_tablex1 minecraft:stickx2 minecraft:wooden_pickaxex1 minecraft:wooden_axex1 minecraft:cobblestonex7 minecraft:stone_pickaxex1 minecraft:eggx1 minecraft:stone_swordx1 minecraft:raw_ironx2, nearby=animals=0 hostiles=0, mining_idle=true, hp=11.5/20.0, on_ground=true, pos=487,69,121, fall=0.0, held=minecraft:cobblestonex7, task_state=COMPLETED}
[01:59:07] [Server thread/INFO]: [AIBot] ACTION event=diag_snapshot bot=Bob {submerged=false, light=15, step=, in_lava=false, task_phase=, goal=none, task_progress=1.0, task=move, mode=survival, air=300, food=17, path_idle=true, inv=minecraft:stone_axex1 minecraft:wooden_swordx1 minecraft:crafting_tablex1 minecraft:stickx2 minecraft:wooden_pickaxex1 minecraft:wooden_axex1 minecraft:cobblestonex7 minecraft:stone_pickaxex1 minecraft:eggx1 minecraft:stone_swordx1 minecraft:raw_ironx2, nearby=animals=0 hostiles=0, mining_idle=true, hp=11.5/20.0, on_ground=true, pos=487,69,121, fall=0.0, held=minecraft:cobblestonex7, task_state=COMPLETED}
[01:59:09] [Server thread/INFO]: [AIBot] ACTION event=capability_decision bot=Bob {allowed=false, profile=strict_survival, capability=HIDDEN_BLOCK_SCAN, context=observable_block_query, reason=DENIED_STRICT_SURVIVAL}
[01:59:09] [Server thread/INFO]: [AIBot] ACTION event=capability_decision bot=Bob {allowed=false, profile=strict_survival, capability=HIDDEN_BLOCK_SCAN, context=perception_snapshot, reason=DENIED_STRICT_SURVIVAL}
[01:59:09] [Server thread/INFO]: [AIBot] ACTION event=diag_snapshot bot=Bob {submerged=false, light=15, step=, in_lava=false, task_phase=, goal=none, task_progress=1.0, task=move, mode=survival, air=300, food=17, path_idle=true, inv=minecraft:stone_axex1 minecraft:wooden_swordx1 minecraft:crafting_tablex1 minecraft:stickx2 minecraft:wooden_pickaxex1 minecraft:wooden_axex1 minecraft:cobblestonex7 minecraft:stone_pickaxex1 minecraft:eggx1 minecraft:stone_swordx1 minecraft:raw_ironx2, nearby=animals=0 hostiles=0, mining_idle=true, hp=11.5/20.0, on_ground=true, pos=487,69,121, fall=0.0, held=minecraft:cobblestonex7, task_state=COMPLETED}
[01:59:11] [Server thread/INFO]: [AIBot] ACTION event=capability_decision bot=Bob {allowed=false, profile=strict_survival, capability=HIDDEN_BLOCK_SCAN, context=diagnostic_nearby, reason=DENIED_STRICT_SURVIVAL}
[01:59:11] [Server thread/INFO]: [AIBot] ACTION event=diag_snapshot bot=Bob {submerged=false, light=15, step=, in_lava=false, task_phase=, goal=none, task_progress=1.0, task=move, mode=survival, air=300, food=17, path_idle=true, inv=minecraft:stone_axex1 minecraft:wooden_swordx1 minecraft:crafting_tablex1 minecraft:stickx2 minecraft:wooden_pickaxex1 minecraft:wooden_axex1 minecraft:cobblestonex7 minecraft:stone_pickaxex1 minecraft:eggx1 minecraft:stone_swordx1 minecraft:raw_ironx2, nearby=animals=0 hostiles=0, mining_idle=true, hp=11.5/20.0, on_ground=true, pos=487,69,121, fall=0.0, held=minecraft:cobblestonex7, task_state=COMPLETED}
[01:59:13] [Server thread/INFO]: [AIBot] ACTION event=diag_snapshot bot=Bob {submerged=false, light=15, step=, in_lava=false, task_phase=, goal=none, task_progress=1.0, task=move, mode=survival, air=300, food=17, path_idle=true, inv=minecraft:stone_axex1 minecraft:wooden_swordx1 minecraft:crafting_tablex1 minecraft:stickx2 minecraft:wooden_pickaxex1 minecraft:wooden_axex1 minecraft:cobblestonex7 minecraft:stone_pickaxex1 minecraft:eggx1 minecraft:stone_swordx1 minecraft:raw_ironx2, nearby=animals=0 hostiles=0, mining_idle=true, hp=11.5/20.0, on_ground=true, pos=487,69,121, fall=0.0, held=minecraft:cobblestonex7, task_state=COMPLETED}
[01:59:14] [Server thread/INFO]: [AIBot] ACTION event=capability_decision bot=Bob {allowed=false, profile=strict_survival, capability=HIDDEN_BLOCK_SCAN, context=observable_block_query, reason=DENIED_STRICT_SURVIVAL}
[01:59:14] [Server thread/INFO]: [AIBot] ACTION event=capability_decision bot=Bob {allowed=false, profile=strict_survival, capability=HIDDEN_BLOCK_SCAN, context=perception_snapshot, reason=DENIED_STRICT_SURVIVAL}
[01:59:15] [Server thread/INFO]: [AIBot] ACTION event=diag_snapshot bot=Bob {submerged=false, light=15, step=, in_lava=false, task_phase=, goal=none, task_progress=1.0, task=move, mode=survival, air=300, food=17, path_idle=true, inv=minecraft:stone_axex1 minecraft:wooden_swordx1 minecraft:crafting_tablex1 minecraft:stickx2 minecraft:wooden_pickaxex1 minecraft:wooden_axex1 minecraft:cobblestonex7 minecraft:stone_pickaxex1 minecraft:eggx1 minecraft:stone_swordx1 minecraft:raw_ironx2, nearby=animals=0 hostiles=0, mining_idle=true, hp=11.5/20.0, on_ground=true, pos=487,69,121, fall=0.0, held=minecraft:cobblestonex7, task_state=COMPLETED}
[01:59:17] [Server thread/INFO]: [AIBot] ACTION event=capability_decision bot=Bob {allowed=false, profile=strict_survival, capability=HIDDEN_BLOCK_SCAN, context=diagnostic_nearby, reason=DENIED_STRICT_SURVIVAL}
[01:59:17] [Server thread/INFO]: [AIBot] ACTION event=capability_decision bot=Bob {allowed=false, profile=strict_survival, capability=HIDDEN_BLOCK_SCAN, context=observable_entity_query, reason=DENIED_STRICT_SURVIVAL}
[01:59:17] [Server thread/INFO]: [AIBot] ACTION event=diag_snapshot bot=Bob {submerged=false, light=15, step=, in_lava=false, task_phase=, goal=none, task_progress=1.0, task=move, mode=survival, air=300, food=17, path_idle=true, inv=minecraft:stone_axex1 minecraft:wooden_swordx1 minecraft:crafting_tablex1 minecraft:stickx2 minecraft:wooden_pickaxex1 minecraft:wooden_axex1 minecraft:cobblestonex7 minecraft:stone_pickaxex1 minecraft:eggx1 minecraft:stone_swordx1 minecraft:raw_ironx2, nearby=animals=0 hostiles=0, mining_idle=true, hp=11.5/20.0, on_ground=true, pos=487,69,121, fall=0.0, held=minecraft:cobblestonex7, task_state=COMPLETED}
[01:59:19] [Server thread/INFO]: [AIBot] ACTION event=capability_decision bot=Bob {allowed=false, profile=strict_survival, capability=HIDDEN_BLOCK_SCAN, context=observable_block_query, reason=DENIED_STRICT_SURVIVAL}
[01:59:19] [Server thread/INFO]: [AIBot] ACTION event=capability_decision bot=Bob {allowed=false, profile=strict_survival, capability=HIDDEN_BLOCK_SCAN, context=perception_snapshot, reason=DENIED_STRICT_SURVIVAL}
[01:59:19] [Server thread/INFO]: [AIBot] ACTION event=diag_snapshot bot=Bob {submerged=false, light=15, step=, in_lava=false, task_phase=, goal=none, task_progress=1.0, task=move, mode=survival, air=300, food=17, path_idle=true, inv=minecraft:stone_axex1 minecraft:wooden_swordx1 minecraft:crafting_tablex1 minecraft:stickx2 minecraft:wooden_pickaxex1 minecraft:wooden_axex1 minecraft:cobblestonex7 minecraft:stone_pickaxex1 minecraft:eggx1 minecraft:stone_swordx1 minecraft:raw_ironx2, nearby=animals=0 hostiles=0, mining_idle=true, hp=11.5/20.0, on_ground=true, pos=487,69,121, fall=0.0, held=minecraft:cobblestonex7, task_state=COMPLETED}
[01:59:21] [Server thread/INFO]: [AIBot] ACTION event=diag_snapshot bot=Bob {submerged=false, light=15, step=, in_lava=false, task_phase=, goal=none, task_progress=1.0, task=move, mode=survival, air=300, food=17, path_idle=true, inv=minecraft:stone_axex1 minecraft:wooden_swordx1 minecraft:crafting_tablex1 minecraft:stickx2 minecraft:wooden_pickaxex1 minecraft:wooden_axex1 minecraft:cobblestonex7 minecraft:stone_pickaxex1 minecraft:eggx1 minecraft:stone_swordx1 minecraft:raw_ironx2, nearby=animals=0 hostiles=0, mining_idle=true, hp=11.5/20.0, on_ground=true, pos=487,69,121, fall=0.0, held=minecraft:cobblestonex7, task_state=COMPLETED}
[01:59:23] [Server thread/INFO]: [AIBot] ACTION event=capability_decision bot=Bob {allowed=false, profile=strict_survival, capability=HIDDEN_BLOCK_SCAN, context=diagnostic_nearby, reason=DENIED_STRICT_SURVIVAL}
[01:59:23] [Server thread/INFO]: [AIBot] ACTION event=capability_decision bot=Bob {allowed=false, profile=strict_survival, capability=HIDDEN_BLOCK_SCAN, context=observable_entity_query, reason=DENIED_STRICT_SURVIVAL}
[01:59:23] [Server thread/INFO]: [AIBot] ACTION event=diag_snapshot bot=Bob {submerged=false, light=15, step=, in_lava=false, task_phase=, goal=none, task_progress=1.0, task=move, mode=survival, air=300, food=17, path_idle=true, inv=minecraft:stone_axex1 minecraft:wooden_swordx1 minecraft:crafting_tablex1 minecraft:stickx2 minecraft:wooden_pickaxex1 minecraft:wooden_axex1 minecraft:cobblestonex7 minecraft:stone_pickaxex1 minecraft:eggx1 minecraft:stone_swordx1 minecraft:raw_ironx2, nearby=animals=0 hostiles=0, mining_idle=true, hp=11.5/20.0, on_ground=true, pos=487,69,121, fall=0.0, held=minecraft:cobblestonex7, task_state=COMPLETED}
[01:59:24] [Server thread/INFO]: [AIBot] ACTION event=capability_decision bot=Bob {allowed=false, profile=strict_survival, capability=HIDDEN_BLOCK_SCAN, context=observable_block_query, reason=DENIED_STRICT_SURVIVAL}
[01:59:24] [Server thread/INFO]: [AIBot] ACTION event=capability_decision bot=Bob {allowed=false, profile=strict_survival, capability=HIDDEN_BLOCK_SCAN, context=perception_snapshot, reason=DENIED_STRICT_SURVIVAL}
[01:59:25] [Server thread/INFO]: [AIBot] ACTION event=diag_snapshot bot=Bob {submerged=false, light=15, step=, in_lava=false, task_phase=, goal=none, task_progress=1.0, task=move, mode=survival, air=300, food=17, path_idle=true, inv=minecraft:stone_axex1 minecraft:wooden_swordx1 minecraft:crafting_tablex1 minecraft:stickx2 minecraft:wooden_pickaxex1 minecraft:wooden_axex1 minecraft:cobblestonex7 minecraft:stone_pickaxex1 minecraft:eggx1 minecraft:stone_swordx1 minecraft:raw_ironx2, nearby=animals=0 hostiles=0, mining_idle=true, hp=11.5/20.0, on_ground=true, pos=487,69,121, fall=0.0, held=minecraft:cobblestonex7, task_state=COMPLETED}
[01:59:25] [RCON Listener #1/INFO]: Thread RCON Client /127.0.0.1 started
[01:59:25] [Server thread/INFO]: [Rcon: Applied 6.0 damage to Bob]
[01:59:25] [RCON Client /127.0.0.1 #7/INFO]: Thread RCON Client /127.0.0.1 shutting down
[01:59:25] [Server thread/INFO]: [AIBot] DANGER event=diag_health_drop bot=Bob {pos=487,69,121, air=300, delta=6.0, to=5.5, submerged=false, in_lava=false, fall=0.0, from=11.5, task=move/}
[01:59:27] [Server thread/INFO]: [AIBot] ACTION event=diag_snapshot bot=Bob {submerged=false, light=15, step=, in_lava=false, task_phase=, goal=none, task_progress=1.0, task=move, mode=survival, air=300, food=17, path_idle=true, inv=minecraft:stone_axex1 minecraft:wooden_swordx1 minecraft:crafting_tablex1 minecraft:stickx2 minecraft:wooden_pickaxex1 minecraft:wooden_axex1 minecraft:cobblestonex7 minecraft:stone_pickaxex1 minecraft:eggx1 minecraft:stone_swordx1 minecraft:raw_ironx2, nearby=animals=0 hostiles=0, mining_idle=true, hp=5.5/20.0, on_ground=true, pos=487,69,121, fall=0.0, held=minecraft:cobblestonex7, task_state=COMPLETED}
[01:59:29] [Server thread/INFO]: [AIBot] ACTION event=capability_decision bot=Bob {allowed=false, profile=strict_survival, capability=HIDDEN_BLOCK_SCAN, context=observable_block_query, reason=DENIED_STRICT_SURVIVAL}
[01:59:29] [Server thread/INFO]: [AIBot] ACTION event=capability_decision bot=Bob {allowed=false, profile=strict_survival, capability=HIDDEN_BLOCK_SCAN, context=perception_snapshot, reason=DENIED_STRICT_SURVIVAL}
[01:59:29] [Server thread/INFO]: [AIBot] ACTION event=capability_decision bot=Bob {allowed=false, profile=strict_survival, capability=HIDDEN_BLOCK_SCAN, context=diagnostic_nearby, reason=DENIED_STRICT_SURVIVAL}
[01:59:29] [Server thread/INFO]: [AIBot] ACTION event=diag_snapshot bot=Bob {submerged=false, light=15, step=, in_lava=false, task_phase=, goal=none, task_progress=1.0, task=move, mode=survival, air=300, food=17, path_idle=true, inv=minecraft:stone_axex1 minecraft:wooden_swordx1 minecraft:crafting_tablex1 minecraft:stickx2 minecraft:wooden_pickaxex1 minecraft:wooden_axex1 minecraft:cobblestonex7 minecraft:stone_pickaxex1 minecraft:eggx1 minecraft:stone_swordx1 minecraft:raw_ironx2, nearby=animals=0 hostiles=0, mining_idle=true, hp=5.5/20.0, on_ground=true, pos=487,69,121, fall=0.0, held=minecraft:cobblestonex7, task_state=COMPLETED}
[01:59:31] [Server thread/INFO]: [AIBot] ACTION event=diag_snapshot bot=Bob {submerged=false, light=15, step=, in_lava=false, task_phase=, goal=none, task_progress=1.0, task=move, mode=survival, air=300, food=17, path_idle=true, inv=minecraft:stone_axex1 minecraft:wooden_swordx1 minecraft:crafting_tablex1 minecraft:stickx2 minecraft:wooden_pickaxex1 minecraft:wooden_axex1 minecraft:cobblestonex7 minecraft:stone_pickaxex1 minecraft:eggx1 minecraft:stone_swordx1 minecraft:raw_ironx2, nearby=animals=0 hostiles=0, mining_idle=true, hp=5.5/20.0, on_ground=true, pos=487,69,121, fall=0.0, held=minecraft:cobblestonex7, task_state=COMPLETED}
[01:59:33] [Server thread/INFO]: [AIBot] ACTION event=diag_snapshot bot=Bob {submerged=false, light=15, step=, in_lava=false, task_phase=, goal=none, task_progress=1.0, task=move, mode=survival, air=300, food=17, path_idle=true, inv=minecraft:stone_axex1 minecraft:wooden_swordx1 minecraft:crafting_tablex1 minecraft:stickx2 minecraft:wooden_pickaxex1 minecraft:wooden_axex1 minecraft:cobblestonex7 minecraft:stone_pickaxex1 minecraft:eggx1 minecraft:stone_swordx1 minecraft:raw_ironx2, nearby=animals=0 hostiles=0, mining_idle=true, hp=5.5/20.0, on_ground=true, pos=487,69,121, fall=0.0, held=minecraft:cobblestonex7, task_state=COMPLETED}
[01:59:34] [Server thread/INFO]: [AIBot] ACTION event=capability_decision bot=Bob {allowed=false, profile=strict_survival, capability=HIDDEN_BLOCK_SCAN, context=observable_block_query, reason=DENIED_STRICT_SURVIVAL}
[01:59:34] [Server thread/INFO]: [AIBot] ACTION event=capability_decision bot=Bob {allowed=false, profile=strict_survival, capability=HIDDEN_BLOCK_SCAN, context=perception_snapshot, reason=DENIED_STRICT_SURVIVAL}
[01:59:35] [Server thread/INFO]: [AIBot] ACTION event=capability_decision bot=Bob {allowed=false, profile=strict_survival, capability=HIDDEN_BLOCK_SCAN, context=diagnostic_nearby, reason=DENIED_STRICT_SURVIVAL}
[01:59:35] [Server thread/INFO]: [AIBot] ACTION event=diag_snapshot bot=Bob {submerged=false, light=15, step=, in_lava=false, task_phase=, goal=none, task_progress=1.0, task=move, mode=survival, air=300, food=17, path_idle=true, inv=minecraft:stone_axex1 minecraft:wooden_swordx1 minecraft:crafting_tablex1 minecraft:stickx2 minecraft:wooden_pickaxex1 minecraft:wooden_axex1 minecraft:cobblestonex7 minecraft:stone_pickaxex1 minecraft:eggx1 minecraft:stone_swordx1 minecraft:raw_ironx2, nearby=animals=0 hostiles=0, mining_idle=true, hp=5.5/20.0, on_ground=true, pos=487,69,121, fall=0.0, held=minecraft:cobblestonex7, task_state=COMPLETED}
[01:59:37] [Server thread/INFO]: [AIBot] ACTION event=diag_snapshot bot=Bob {submerged=false, light=15, step=, in_lava=false, task_phase=, goal=none, task_progress=1.0, task=move, mode=survival, air=300, food=17, path_idle=true, inv=minecraft:stone_axex1 minecraft:wooden_swordx1 minecraft:crafting_tablex1 minecraft:stickx2 minecraft:wooden_pickaxex1 minecraft:wooden_axex1 minecraft:cobblestonex7 minecraft:stone_pickaxex1 minecraft:eggx1 minecraft:stone_swordx1 minecraft:raw_ironx2, nearby=animals=0 hostiles=0, mining_idle=true, hp=5.5/20.0, on_ground=true, pos=487,69,121, fall=0.0, held=minecraft:cobblestonex7, task_state=COMPLETED}
[01:59:39] [Server thread/INFO]: [AIBot] LIFECYCLE event=mixin_alive bot=- {server_tick=21600}
[01:59:39] [Server thread/INFO]: [AIBot] ACTION event=capability_decision bot=Bob {allowed=false, profile=strict_survival, capability=HIDDEN_BLOCK_SCAN, context=observable_block_query, reason=DENIED_STRICT_SURVIVAL}
[01:59:39] [Server thread/INFO]: [AIBot] ACTION event=capability_decision bot=Bob {allowed=false, profile=strict_survival, capability=HIDDEN_BLOCK_SCAN, context=perception_snapshot, reason=DENIED_STRICT_SURVIVAL}
[01:59:39] [Server thread/INFO]: [AIBot] ACTION event=diag_snapshot bot=Bob {submerged=false, light=15, step=, in_lava=false, task_phase=, goal=none, task_progress=1.0, task=move, mode=survival, air=300, food=17, path_idle=true, inv=minecraft:stone_axex1 minecraft:wooden_swordx1 minecraft:crafting_tablex1 minecraft:stickx2 minecraft:wooden_pickaxex1 minecraft:wooden_axex1 minecraft:cobblestonex7 minecraft:stone_pickaxex1 minecraft:eggx1 minecraft:stone_swordx1 minecraft:raw_ironx2, nearby=animals=0 hostiles=0, mining_idle=true, hp=5.5/20.0, on_ground=true, pos=487,69,121, fall=0.0, held=minecraft:cobblestonex7, task_state=COMPLETED}
[01:59:41] [Server thread/INFO]: [AIBot] ACTION event=capability_decision bot=Bob {allowed=false, profile=strict_survival, capability=HIDDEN_BLOCK_SCAN, context=diagnostic_nearby, reason=DENIED_STRICT_SURVIVAL}
[01:59:41] [Server thread/INFO]: [AIBot] ACTION event=diag_snapshot bot=Bob {submerged=false, light=15, step=, in_lava=false, task_phase=, goal=none, task_progress=1.0, task=move, mode=survival, air=300, food=17, path_idle=true, inv=minecraft:stone_axex1 minecraft:wooden_swordx1 minecraft:crafting_tablex1 minecraft:stickx2 minecraft:wooden_pickaxex1 minecraft:wooden_axex1 minecraft:cobblestonex7 minecraft:stone_pickaxex1 minecraft:eggx1 minecraft:stone_swordx1 minecraft:raw_ironx2, nearby=animals=0 hostiles=0, mining_idle=true, hp=5.5/20.0, on_ground=true, pos=487,69,121, fall=0.0, held=minecraft:cobblestonex7, task_state=COMPLETED}
[01:59:43] [Server thread/INFO]: [AIBot] ACTION event=diag_snapshot bot=Bob {submerged=false, light=15, step=, in_lava=false, task_phase=, goal=none, task_progress=1.0, task=move, mode=survival, air=300, food=17, path_idle=true, inv=minecraft:stone_axex1 minecraft:wooden_swordx1 minecraft:crafting_tablex1 minecraft:stickx2 minecraft:wooden_pickaxex1 minecraft:wooden_axex1 minecraft:cobblestonex7 minecraft:stone_pickaxex1 minecraft:eggx1 minecraft:stone_swordx1 minecraft:raw_ironx2, nearby=animals=0 hostiles=0, mining_idle=true, hp=5.5/20.0, on_ground=true, pos=487,69,121, fall=0.0, held=minecraft:cobblestonex7, task_state=COMPLETED}
[01:59:44] [Server thread/INFO]: [AIBot] ACTION event=capability_decision bot=Bob {allowed=false, profile=strict_survival, capability=HIDDEN_BLOCK_SCAN, context=observable_block_query, reason=DENIED_STRICT_SURVIVAL}
[01:59:44] [Server thread/INFO]: [AIBot] ACTION event=capability_decision bot=Bob {allowed=false, profile=strict_survival, capability=HIDDEN_BLOCK_SCAN, context=perception_snapshot, reason=DENIED_STRICT_SURVIVAL}
[01:59:45] [Server thread/INFO]: [AIBot] ACTION event=diag_snapshot bot=Bob {submerged=false, light=15, step=, in_lava=false, task_phase=, goal=none, task_progress=1.0, task=move, mode=survival, air=300, food=17, path_idle=true, inv=minecraft:stone_axex1 minecraft:wooden_swordx1 minecraft:crafting_tablex1 minecraft:stickx2 minecraft:wooden_pickaxex1 minecraft:wooden_axex1 minecraft:cobblestonex7 minecraft:stone_pickaxex1 minecraft:eggx1 minecraft:stone_swordx1 minecraft:raw_ironx2, nearby=animals=0 hostiles=0, mining_idle=true, hp=5.5/20.0, on_ground=true, pos=487,69,121, fall=0.0, held=minecraft:cobblestonex7, task_state=COMPLETED}
[01:59:47] [Server thread/INFO]: [AIBot] ACTION event=capability_decision bot=Bob {allowed=false, profile=strict_survival, capability=HIDDEN_BLOCK_SCAN, context=diagnostic_nearby, reason=DENIED_STRICT_SURVIVAL}
[01:59:47] [Server thread/INFO]: [AIBot] ACTION event=diag_snapshot bot=Bob {submerged=false, light=15, step=, in_lava=false, task_phase=, goal=none, task_progress=1.0, task=move, mode=survival, air=300, food=17, path_idle=true, inv=minecraft:stone_axex1 minecraft:wooden_swordx1 minecraft:crafting_tablex1 minecraft:stickx2 minecraft:wooden_pickaxex1 minecraft:wooden_axex1 minecraft:cobblestonex7 minecraft:stone_pickaxex1 minecraft:eggx1 minecraft:stone_swordx1 minecraft:raw_ironx2, nearby=animals=0 hostiles=0, mining_idle=true, hp=5.5/20.0, on_ground=true, pos=487,69,121, fall=0.0, held=minecraft:cobblestonex7, task_state=COMPLETED}
[01:59:49] [Server thread/INFO]: [AIBot] ACTION event=capability_decision bot=Bob {allowed=false, profile=strict_survival, capability=HIDDEN_BLOCK_SCAN, context=observable_block_query, reason=DENIED_STRICT_SURVIVAL}
[01:59:49] [Server thread/INFO]: [AIBot] ACTION event=capability_decision bot=Bob {allowed=false, profile=strict_survival, capability=HIDDEN_BLOCK_SCAN, context=perception_snapshot, reason=DENIED_STRICT_SURVIVAL}
[01:59:49] [Server thread/INFO]: [AIBot] ACTION event=diag_snapshot bot=Bob {submerged=false, light=15, step=, in_lava=false, task_phase=, goal=none, task_progress=1.0, task=move, mode=survival, air=300, food=17, path_idle=true, inv=minecraft:stone_axex1 minecraft:wooden_swordx1 minecraft:crafting_tablex1 minecraft:stickx2 minecraft:wooden_pickaxex1 minecraft:wooden_axex1 minecraft:cobblestonex7 minecraft:stone_pickaxex1 minecraft:eggx1 minecraft:stone_swordx1 minecraft:raw_ironx2, nearby=animals=0 hostiles=0, mining_idle=true, hp=5.5/20.0, on_ground=true, pos=487,69,121, fall=0.0, held=minecraft:cobblestonex7, task_state=COMPLETED}
[01:59:51] [Server thread/INFO]: [AIBot] ACTION event=diag_snapshot bot=Bob {submerged=false, light=15, step=, in_lava=false, task_phase=, goal=none, task_progress=1.0, task=move, mode=survival, air=300, food=17, path_idle=true, inv=minecraft:stone_axex1 minecraft:wooden_swordx1 minecraft:crafting_tablex1 minecraft:stickx2 minecraft:wooden_pickaxex1 minecraft:wooden_axex1 minecraft:cobblestonex7 minecraft:stone_pickaxex1 minecraft:eggx1 minecraft:stone_swordx1 minecraft:raw_ironx2, nearby=animals=0 hostiles=0, mining_idle=true, hp=5.5/20.0, on_ground=true, pos=487,69,121, fall=0.0, held=minecraft:cobblestonex7, task_state=COMPLETED}
[01:59:53] [Server thread/INFO]: [AIBot] ACTION event=capability_decision bot=Bob {allowed=false, profile=strict_survival, capability=HIDDEN_BLOCK_SCAN, context=diagnostic_nearby, reason=DENIED_STRICT_SURVIVAL}
[01:59:53] [Server thread/INFO]: [AIBot] ACTION event=diag_snapshot bot=Bob {submerged=false, light=15, step=, in_lava=false, task_phase=, goal=none, task_progress=1.0, task=move, mode=survival, air=300, food=17, path_idle=true, inv=minecraft:stone_axex1 minecraft:wooden_swordx1 minecraft:crafting_tablex1 minecraft:stickx2 minecraft:wooden_pickaxex1 minecraft:wooden_axex1 minecraft:cobblestonex7 minecraft:stone_pickaxex1 minecraft:eggx1 minecraft:stone_swordx1 minecraft:raw_ironx2, nearby=animals=0 hostiles=0, mining_idle=true, hp=5.5/20.0, on_ground=true, pos=487,69,121, fall=0.0, held=minecraft:cobblestonex7, task_state=COMPLETED}
[01:59:54] [Server thread/INFO]: [AIBot] ACTION event=capability_decision bot=Bob {allowed=false, profile=strict_survival, capability=HIDDEN_BLOCK_SCAN, context=observable_block_query, reason=DENIED_STRICT_SURVIVAL}
[01:59:54] [Server thread/INFO]: [AIBot] ACTION event=capability_decision bot=Bob {allowed=false, profile=strict_survival, capability=HIDDEN_BLOCK_SCAN, context=perception_snapshot, reason=DENIED_STRICT_SURVIVAL}
[01:59:55] [Server thread/INFO]: [AIBot] ACTION event=diag_snapshot bot=Bob {submerged=false, light=15, step=, in_lava=false, task_phase=, goal=none, task_progress=1.0, task=move, mode=survival, air=300, food=17, path_idle=true, inv=minecraft:stone_axex1 minecraft:wooden_swordx1 minecraft:crafting_tablex1 minecraft:stickx2 minecraft:wooden_pickaxex1 minecraft:wooden_axex1 minecraft:cobblestonex7 minecraft:stone_pickaxex1 minecraft:eggx1 minecraft:stone_swordx1 minecraft:raw_ironx2, nearby=animals=0 hostiles=0, mining_idle=true, hp=5.5/20.0, on_ground=true, pos=487,69,121, fall=0.0, held=minecraft:cobblestonex7, task_state=COMPLETED}
[01:59:57] [Server thread/INFO]: [AIBot] ACTION event=diag_snapshot bot=Bob {submerged=false, light=15, step=, in_lava=false, task_phase=, goal=none, task_progress=1.0, task=move, mode=survival, air=300, food=17, path_idle=true, inv=minecraft:stone_axex1 minecraft:wooden_swordx1 minecraft:crafting_tablex1 minecraft:stickx2 minecraft:wooden_pickaxex1 minecraft:wooden_axex1 minecraft:cobblestonex7 minecraft:stone_pickaxex1 minecraft:eggx1 minecraft:stone_swordx1 minecraft:raw_ironx2, nearby=animals=0 hostiles=0, mining_idle=true, hp=5.5/20.0, on_ground=true, pos=487,69,121, fall=0.0, held=minecraft:cobblestonex7, task_state=COMPLETED}
[01:59:59] [Server thread/INFO]: [AIBot] ACTION event=capability_decision bot=Bob {allowed=false, profile=strict_survival, capability=HIDDEN_BLOCK_SCAN, context=observable_block_query, reason=DENIED_STRICT_SURVIVAL}
[01:59:59] [Server thread/INFO]: [AIBot] ACTION event=capability_decision bot=Bob {allowed=false, profile=strict_survival, capability=HIDDEN_BLOCK_SCAN, context=perception_snapshot, reason=DENIED_STRICT_SURVIVAL}
[01:59:59] [Server thread/INFO]: [AIBot] ACTION event=capability_decision bot=Bob {allowed=false, profile=strict_survival, capability=HIDDEN_BLOCK_SCAN, context=diagnostic_nearby, reason=DENIED_STRICT_SURVIVAL}
[01:59:59] [Server thread/INFO]: [AIBot] ACTION event=diag_snapshot bot=Bob {submerged=false, light=15, step=, in_lava=false, task_phase=, goal=none, task_progress=1.0, task=move, mode=survival, air=300, food=17, path_idle=true, inv=minecraft:stone_axex1 minecraft:wooden_swordx1 minecraft:crafting_tablex1 minecraft:stickx2 minecraft:wooden_pickaxex1 minecraft:wooden_axex1 minecraft:cobblestonex7 minecraft:stone_pickaxex1 minecraft:eggx1 minecraft:stone_swordx1 minecraft:raw_ironx2, nearby=animals=0 hostiles=0, mining_idle=true, hp=5.5/20.0, on_ground=true, pos=487,69,121, fall=0.0, held=minecraft:cobblestonex7, task_state=COMPLETED}
[02:00:01] [Server thread/INFO]: [AIBot] ACTION event=diag_snapshot bot=Bob {submerged=false, light=15, step=, in_lava=false, task_phase=, goal=none, task_progress=1.0, task=move, mode=survival, air=300, food=17, path_idle=true, inv=minecraft:stone_axex1 minecraft:wooden_swordx1 minecraft:crafting_tablex1 minecraft:stickx2 minecraft:wooden_pickaxex1 minecraft:wooden_axex1 minecraft:cobblestonex7 minecraft:stone_pickaxex1 minecraft:eggx1 minecraft:stone_swordx1 minecraft:raw_ironx2, nearby=animals=0 hostiles=0, mining_idle=true, hp=5.5/20.0, on_ground=true, pos=487,69,121, fall=0.0, held=minecraft:cobblestonex7, task_state=COMPLETED}
[02:00:03] [Server thread/INFO]: [AIBot] ACTION event=diag_snapshot bot=Bob {submerged=false, light=15, step=, in_lava=false, task_phase=, goal=none, task_progress=1.0, task=move, mode=survival, air=300, food=17, path_idle=true, inv=minecraft:stone_axex1 minecraft:wooden_swordx1 minecraft:crafting_tablex1 minecraft:stickx2 minecraft:wooden_pickaxex1 minecraft:wooden_axex1 minecraft:cobblestonex7 minecraft:stone_pickaxex1 minecraft:eggx1 minecraft:stone_swordx1 minecraft:raw_ironx2, nearby=animals=0 hostiles=0, mining_idle=true, hp=5.5/20.0, on_ground=true, pos=487,69,121, fall=0.0, held=minecraft:cobblestonex7, task_state=COMPLETED}
[02:00:04] [Server thread/INFO]: [AIBot] ACTION event=capability_decision bot=Bob {allowed=false, profile=strict_survival, capability=HIDDEN_BLOCK_SCAN, context=observable_block_query, reason=DENIED_STRICT_SURVIVAL}
[02:00:04] [Server thread/INFO]: [AIBot] ACTION event=capability_decision bot=Bob {allowed=false, profile=strict_survival, capability=HIDDEN_BLOCK_SCAN, context=perception_snapshot, reason=DENIED_STRICT_SURVIVAL}
[02:00:04] [Server thread/WARN]: [AIBot] PERCEPTION event=snapshot_slow bot=Bob {elapsed_ms=14}
[02:00:05] [Server thread/INFO]: [AIBot] ACTION event=capability_decision bot=Bob {allowed=false, profile=strict_survival, capability=HIDDEN_BLOCK_SCAN, context=diagnostic_nearby, reason=DENIED_STRICT_SURVIVAL}
[02:00:05] [Server thread/INFO]: [AIBot] ACTION event=diag_snapshot bot=Bob {submerged=false, light=15, step=, in_lava=false, task_phase=, goal=none, task_progress=1.0, task=move, mode=survival, air=300, food=17, path_idle=true, inv=minecraft:stone_axex1 minecraft:wooden_swordx1 minecraft:crafting_tablex1 minecraft:stickx2 minecraft:wooden_pickaxex1 minecraft:wooden_axex1 minecraft:cobblestonex7 minecraft:stone_pickaxex1 minecraft:eggx1 minecraft:stone_swordx1 minecraft:raw_ironx2, nearby=animals=0 hostiles=0, mining_idle=true, hp=5.5/20.0, on_ground=true, pos=487,69,121, fall=0.0, held=minecraft:cobblestonex7, task_state=COMPLETED}
[02:00:07] [Server thread/INFO]: [AIBot] ACTION event=diag_snapshot bot=Bob {submerged=false, light=15, step=, in_lava=false, task_phase=, goal=none, task_progress=1.0, task=move, mode=survival, air=300, food=17, path_idle=true, inv=minecraft:stone_axex1 minecraft:wooden_swordx1 minecraft:crafting_tablex1 minecraft:stickx2 minecraft:wooden_pickaxex1 minecraft:wooden_axex1 minecraft:cobblestonex7 minecraft:stone_pickaxex1 minecraft:eggx1 minecraft:stone_swordx1 minecraft:raw_ironx2, nearby=animals=0 hostiles=0, mining_idle=true, hp=5.5/20.0, on_ground=true, pos=487,69,121, fall=0.0, held=minecraft:cobblestonex7, task_state=COMPLETED}
[02:00:09] [Server thread/INFO]: [AIBot] ACTION event=capability_decision bot=Bob {allowed=false, profile=strict_survival, capability=HIDDEN_BLOCK_SCAN, context=observable_block_query, reason=DENIED_STRICT_SURVIVAL}
[02:00:09] [Server thread/INFO]: [AIBot] ACTION event=capability_decision bot=Bob {allowed=false, profile=strict_survival, capability=HIDDEN_BLOCK_SCAN, context=perception_snapshot, reason=DENIED_STRICT_SURVIVAL}
[02:00:09] [Server thread/INFO]: [AIBot] ACTION event=diag_snapshot bot=Bob {submerged=false, light=15, step=, in_lava=false, task_phase=, goal=none, task_progress=1.0, task=move, mode=survival, air=300, food=17, path_idle=true, inv=minecraft:stone_axex1 minecraft:wooden_swordx1 minecraft:crafting_tablex1 minecraft:stickx2 minecraft:wooden_pickaxex1 minecraft:wooden_axex1 minecraft:cobblestonex7 minecraft:stone_pickaxex1 minecraft:eggx1 minecraft:stone_swordx1 minecraft:raw_ironx2, nearby=animals=0 hostiles=0, mining_idle=true, hp=5.5/20.0, on_ground=true, pos=487,69,121, fall=0.0, held=minecraft:cobblestonex7, task_state=COMPLETED}
[02:00:11] [Server thread/INFO]: [AIBot] ACTION event=capability_decision bot=Bob {allowed=false, profile=strict_survival, capability=HIDDEN_BLOCK_SCAN, context=diagnostic_nearby, reason=DENIED_STRICT_SURVIVAL}
[02:00:11] [Server thread/INFO]: [AIBot] ACTION event=diag_snapshot bot=Bob {submerged=false, light=15, step=, in_lava=false, task_phase=, goal=none, task_progress=1.0, task=move, mode=survival, air=300, food=17, path_idle=true, inv=minecraft:stone_axex1 minecraft:wooden_swordx1 minecraft:crafting_tablex1 minecraft:stickx2 minecraft:wooden_pickaxex1 minecraft:wooden_axex1 minecraft:cobblestonex7 minecraft:stone_pickaxex1 minecraft:eggx1 minecraft:stone_swordx1 minecraft:raw_ironx2, nearby=animals=0 hostiles=0, mining_idle=true, hp=5.5/20.0, on_ground=true, pos=487,69,121, fall=0.0, held=minecraft:cobblestonex7, task_state=COMPLETED}
[02:00:13] [Server thread/INFO]: [AIBot] ACTION event=diag_snapshot bot=Bob {submerged=false, light=15, step=, in_lava=false, task_phase=, goal=none, task_progress=1.0, task=move, mode=survival, air=300, food=17, path_idle=true, inv=minecraft:stone_axex1 minecraft:wooden_swordx1 minecraft:crafting_tablex1 minecraft:stickx2 minecraft:wooden_pickaxex1 minecraft:wooden_axex1 minecraft:cobblestonex7 minecraft:stone_pickaxex1 minecraft:eggx1 minecraft:stone_swordx1 minecraft:raw_ironx2, nearby=animals=0 hostiles=0, mining_idle=true, hp=5.5/20.0, on_ground=true, pos=487,69,121, fall=0.0, held=minecraft:cobblestonex7, task_state=COMPLETED}
[02:00:14] [Server thread/INFO]: [AIBot] ACTION event=capability_decision bot=Bob {allowed=false, profile=strict_survival, capability=HIDDEN_BLOCK_SCAN, context=observable_block_query, reason=DENIED_STRICT_SURVIVAL}
[02:00:14] [Server thread/INFO]: [AIBot] ACTION event=capability_decision bot=Bob {allowed=false, profile=strict_survival, capability=HIDDEN_BLOCK_SCAN, context=perception_snapshot, reason=DENIED_STRICT_SURVIVAL}
[02:00:15] [Server thread/INFO]: [AIBot] ACTION event=diag_snapshot bot=Bob {submerged=false, light=15, step=, in_lava=false, task_phase=, goal=none, task_progress=1.0, task=move, mode=survival, air=300, food=17, path_idle=true, inv=minecraft:stone_axex1 minecraft:wooden_swordx1 minecraft:crafting_tablex1 minecraft:stickx2 minecraft:wooden_pickaxex1 minecraft:wooden_axex1 minecraft:cobblestonex7 minecraft:stone_pickaxex1 minecraft:eggx1 minecraft:stone_swordx1 minecraft:raw_ironx2, nearby=animals=0 hostiles=0, mining_idle=true, hp=5.5/20.0, on_ground=true, pos=487,69,121, fall=0.0, held=minecraft:cobblestonex7, task_state=COMPLETED}
[02:00:17] [Server thread/INFO]: [AIBot] ACTION event=capability_decision bot=Bob {allowed=false, profile=strict_survival, capability=HIDDEN_BLOCK_SCAN, context=diagnostic_nearby, reason=DENIED_STRICT_SURVIVAL}
[02:00:17] [Server thread/INFO]: [AIBot] ACTION event=diag_snapshot bot=Bob {submerged=false, light=15, step=, in_lava=false, task_phase=, goal=none, task_progress=1.0, task=move, mode=survival, air=300, food=17, path_idle=true, inv=minecraft:stone_axex1 minecraft:wooden_swordx1 minecraft:crafting_tablex1 minecraft:stickx2 minecraft:wooden_pickaxex1 minecraft:wooden_axex1 minecraft:cobblestonex7 minecraft:stone_pickaxex1 minecraft:eggx1 minecraft:stone_swordx1 minecraft:raw_ironx2, nearby=animals=0 hostiles=0, mining_idle=true, hp=5.5/20.0, on_ground=true, pos=487,69,121, fall=0.0, held=minecraft:cobblestonex7, task_state=COMPLETED}
[02:00:19] [Server thread/INFO]: [AIBot] ACTION event=capability_decision bot=Bob {allowed=false, profile=strict_survival, capability=HIDDEN_BLOCK_SCAN, context=observable_block_query, reason=DENIED_STRICT_SURVIVAL}
[02:00:19] [Server thread/INFO]: [AIBot] ACTION event=capability_decision bot=Bob {allowed=false, profile=strict_survival, capability=HIDDEN_BLOCK_SCAN, context=perception_snapshot, reason=DENIED_STRICT_SURVIVAL}
[02:00:19] [Server thread/INFO]: [AIBot] ACTION event=diag_snapshot bot=Bob {submerged=false, light=15, step=, in_lava=false, task_phase=, goal=none, task_progress=1.0, task=move, mode=survival, air=300, food=17, path_idle=true, inv=minecraft:stone_axex1 minecraft:wooden_swordx1 minecraft:crafting_tablex1 minecraft:stickx2 minecraft:wooden_pickaxex1 minecraft:wooden_axex1 minecraft:cobblestonex7 minecraft:stone_pickaxex1 minecraft:eggx1 minecraft:stone_swordx1 minecraft:raw_ironx2, nearby=animals=0 hostiles=0, mining_idle=true, hp=5.5/20.0, on_ground=true, pos=487,69,121, fall=0.0, held=minecraft:cobblestonex7, task_state=COMPLETED}
[02:00:21] [Server thread/INFO]: [AIBot] ACTION event=diag_snapshot bot=Bob {submerged=false, light=15, step=, in_lava=false, task_phase=, goal=none, task_progress=1.0, task=move, mode=survival, air=300, food=17, path_idle=true, inv=minecraft:stone_axex1 minecraft:wooden_swordx1 minecraft:crafting_tablex1 minecraft:stickx2 minecraft:wooden_pickaxex1 minecraft:wooden_axex1 minecraft:cobblestonex7 minecraft:stone_pickaxex1 minecraft:eggx1 minecraft:stone_swordx1 minecraft:raw_ironx2, nearby=animals=0 hostiles=0, mining_idle=true, hp=5.5/20.0, on_ground=true, pos=487,69,121, fall=0.0, held=minecraft:cobblestonex7, task_state=COMPLETED}
[02:00:23] [Server thread/INFO]: [AIBot] ACTION event=capability_decision bot=Bob {allowed=false, profile=strict_survival, capability=HIDDEN_BLOCK_SCAN, context=diagnostic_nearby, reason=DENIED_STRICT_SURVIVAL}
[02:00:23] [Server thread/INFO]: [AIBot] ACTION event=diag_snapshot bot=Bob {submerged=false, light=15, step=, in_lava=false, task_phase=, goal=none, task_progress=1.0, task=move, mode=survival, air=300, food=17, path_idle=true, inv=minecraft:stone_axex1 minecraft:wooden_swordx1 minecraft:crafting_tablex1 minecraft:stickx2 minecraft:wooden_pickaxex1 minecraft:wooden_axex1 minecraft:cobblestonex7 minecraft:stone_pickaxex1 minecraft:eggx1 minecraft:stone_swordx1 minecraft:raw_ironx2, nearby=animals=0 hostiles=0, mining_idle=true, hp=5.5/20.0, on_ground=true, pos=487,69,121, fall=0.0, held=minecraft:cobblestonex7, task_state=COMPLETED}
[02:00:24] [Server thread/INFO]: [AIBot] ACTION event=capability_decision bot=Bob {allowed=false, profile=strict_survival, capability=HIDDEN_BLOCK_SCAN, context=observable_block_query, reason=DENIED_STRICT_SURVIVAL}
[02:00:24] [Server thread/INFO]: [AIBot] ACTION event=capability_decision bot=Bob {allowed=false, profile=strict_survival, capability=HIDDEN_BLOCK_SCAN, context=perception_snapshot, reason=DENIED_STRICT_SURVIVAL}
[02:00:25] [Server thread/INFO]: [AIBot] ACTION event=diag_snapshot bot=Bob {submerged=false, light=15, step=, in_lava=false, task_phase=, goal=none, task_progress=1.0, task=move, mode=survival, air=300, food=17, path_idle=true, inv=minecraft:stone_axex1 minecraft:wooden_swordx1 minecraft:crafting_tablex1 minecraft:stickx2 minecraft:wooden_pickaxex1 minecraft:wooden_axex1 minecraft:cobblestonex7 minecraft:stone_pickaxex1 minecraft:eggx1 minecraft:stone_swordx1 minecraft:raw_ironx2, nearby=animals=0 hostiles=0, mining_idle=true, hp=5.5/20.0, on_ground=true, pos=487,69,121, fall=0.0, held=minecraft:cobblestonex7, task_state=COMPLETED}
[02:00:27] [Server thread/INFO]: [AIBot] ACTION event=capability_decision bot=Bob {allowed=false, profile=strict_survival, capability=HIDDEN_BLOCK_SCAN, context=observable_entity_query, reason=DENIED_STRICT_SURVIVAL}
[02:00:27] [Server thread/INFO]: [AIBot] ACTION event=diag_snapshot bot=Bob {submerged=false, light=15, step=, in_lava=false, task_phase=, goal=none, task_progress=1.0, task=move, mode=survival, air=300, food=17, path_idle=true, inv=minecraft:stone_axex1 minecraft:wooden_swordx1 minecraft:crafting_tablex1 minecraft:stickx2 minecraft:wooden_pickaxex1 minecraft:wooden_axex1 minecraft:cobblestonex7 minecraft:stone_pickaxex1 minecraft:eggx1 minecraft:stone_swordx1 minecraft:raw_ironx2, nearby=animals=0 hostiles=0, mining_idle=true, hp=5.5/20.0, on_ground=true, pos=487,69,121, fall=0.0, held=minecraft:cobblestonex7, task_state=COMPLETED}
[02:00:29] [Server thread/INFO]: [AIBot] ACTION event=capability_decision bot=Bob {allowed=false, profile=strict_survival, capability=HIDDEN_BLOCK_SCAN, context=observable_block_query, reason=DENIED_STRICT_SURVIVAL}
[02:00:29] [Server thread/INFO]: [AIBot] ACTION event=capability_decision bot=Bob {allowed=false, profile=strict_survival, capability=HIDDEN_BLOCK_SCAN, context=perception_snapshot, reason=DENIED_STRICT_SURVIVAL}
[02:00:29] [Server thread/INFO]: [AIBot] ACTION event=capability_decision bot=Bob {allowed=false, profile=strict_survival, capability=HIDDEN_BLOCK_SCAN, context=diagnostic_nearby, reason=DENIED_STRICT_SURVIVAL}
[02:00:29] [Server thread/INFO]: [AIBot] ACTION event=diag_snapshot bot=Bob {submerged=false, light=15, step=, in_lava=false, task_phase=, goal=none, task_progress=1.0, task=move, mode=survival, air=300, food=17, path_idle=true, inv=minecraft:stone_axex1 minecraft:wooden_swordx1 minecraft:crafting_tablex1 minecraft:stickx2 minecraft:wooden_pickaxex1 minecraft:wooden_axex1 minecraft:cobblestonex7 minecraft:stone_pickaxex1 minecraft:eggx1 minecraft:stone_swordx1 minecraft:raw_ironx2, nearby=animals=0 hostiles=0, mining_idle=true, hp=5.5/20.0, on_ground=true, pos=487,69,121, fall=0.0, held=minecraft:cobblestonex7, task_state=COMPLETED}
[02:00:31] [Server thread/INFO]: [AIBot] ACTION event=diag_snapshot bot=Bob {submerged=false, light=15, step=, in_lava=false, task_phase=, goal=none, task_progress=1.0, task=move, mode=survival, air=300, food=17, path_idle=true, inv=minecraft:stone_axex1 minecraft:wooden_swordx1 minecraft:crafting_tablex1 minecraft:stickx2 minecraft:wooden_pickaxex1 minecraft:wooden_axex1 minecraft:cobblestonex7 minecraft:stone_pickaxex1 minecraft:eggx1 minecraft:stone_swordx1 minecraft:raw_ironx2, nearby=animals=0 hostiles=0, mining_idle=true, hp=5.5/20.0, on_ground=true, pos=487,69,121, fall=0.0, held=minecraft:cobblestonex7, task_state=COMPLETED}
[02:00:33] [Server thread/INFO]: [AIBot] ACTION event=capability_decision bot=Bob {allowed=false, profile=strict_survival, capability=HIDDEN_BLOCK_SCAN, context=observable_entity_query, reason=DENIED_STRICT_SURVIVAL}
[02:00:33] [Server thread/INFO]: [AIBot] ACTION event=diag_snapshot bot=Bob {submerged=false, light=15, step=, in_lava=false, task_phase=, goal=none, task_progress=1.0, task=move, mode=survival, air=300, food=17, path_idle=true, inv=minecraft:stone_axex1 minecraft:wooden_swordx1 minecraft:crafting_tablex1 minecraft:stickx2 minecraft:wooden_pickaxex1 minecraft:wooden_axex1 minecraft:cobblestonex7 minecraft:stone_pickaxex1 minecraft:eggx1 minecraft:stone_swordx1 minecraft:raw_ironx2, nearby=animals=0 hostiles=0, mining_idle=true, hp=5.5/20.0, on_ground=true, pos=487,69,121, fall=0.0, held=minecraft:cobblestonex7, task_state=COMPLETED}
[02:00:34] [Server thread/INFO]: [AIBot] ACTION event=capability_decision bot=Bob {allowed=false, profile=strict_survival, capability=HIDDEN_BLOCK_SCAN, context=observable_block_query, reason=DENIED_STRICT_SURVIVAL}
[02:00:34] [Server thread/INFO]: [AIBot] ACTION event=capability_decision bot=Bob {allowed=false, profile=strict_survival, capability=HIDDEN_BLOCK_SCAN, context=perception_snapshot, reason=DENIED_STRICT_SURVIVAL}
[02:00:35] [Server thread/INFO]: [AIBot] ACTION event=capability_decision bot=Bob {allowed=false, profile=strict_survival, capability=HIDDEN_BLOCK_SCAN, context=diagnostic_nearby, reason=DENIED_STRICT_SURVIVAL}
[02:00:35] [Server thread/INFO]: [AIBot] ACTION event=diag_snapshot bot=Bob {submerged=false, light=15, step=, in_lava=false, task_phase=, goal=none, task_progress=1.0, task=move, mode=survival, air=300, food=17, path_idle=true, inv=minecraft:stone_axex1 minecraft:wooden_swordx1 minecraft:crafting_tablex1 minecraft:stickx2 minecraft:wooden_pickaxex1 minecraft:wooden_axex1 minecraft:cobblestonex7 minecraft:stone_pickaxex1 minecraft:eggx1 minecraft:stone_swordx1 minecraft:raw_ironx2, nearby=animals=0 hostiles=0, mining_idle=true, hp=5.5/20.0, on_ground=true, pos=487,69,121, fall=0.0, held=minecraft:cobblestonex7, task_state=COMPLETED}
[02:00:37] [Server thread/INFO]: [AIBot] ACTION event=diag_snapshot bot=Bob {submerged=false, light=15, step=, in_lava=false, task_phase=, goal=none, task_progress=1.0, task=move, mode=survival, air=300, food=17, path_idle=true, inv=minecraft:stone_axex1 minecraft:wooden_swordx1 minecraft:crafting_tablex1 minecraft:stickx2 minecraft:wooden_pickaxex1 minecraft:wooden_axex1 minecraft:cobblestonex7 minecraft:stone_pickaxex1 minecraft:eggx1 minecraft:stone_swordx1 minecraft:raw_ironx2, nearby=animals=0 hostiles=0, mining_idle=true, hp=5.5/20.0, on_ground=true, pos=487,69,121, fall=0.0, held=minecraft:cobblestonex7, task_state=COMPLETED}
[02:00:39] [Server thread/INFO]: [AIBot] LIFECYCLE event=mixin_alive bot=- {server_tick=22800}
[02:00:39] [Server thread/INFO]: [AIBot] ACTION event=capability_decision bot=Bob {allowed=false, profile=strict_survival, capability=HIDDEN_BLOCK_SCAN, context=observable_block_query, reason=DENIED_STRICT_SURVIVAL}
[02:00:39] [Server thread/INFO]: [AIBot] ACTION event=capability_decision bot=Bob {allowed=false, profile=strict_survival, capability=HIDDEN_BLOCK_SCAN, context=perception_snapshot, reason=DENIED_STRICT_SURVIVAL}
[02:00:39] [Server thread/INFO]: [AIBot] ACTION event=capability_decision bot=Bob {allowed=false, profile=strict_survival, capability=HIDDEN_BLOCK_SCAN, context=observable_entity_query, reason=DENIED_STRICT_SURVIVAL}
[02:00:39] [Server thread/INFO]: [AIBot] ACTION event=diag_snapshot bot=Bob {submerged=false, light=15, step=, in_lava=false, task_phase=, goal=none, task_progress=1.0, task=move, mode=survival, air=300, food=17, path_idle=true, inv=minecraft:stone_axex1 minecraft:wooden_swordx1 minecraft:crafting_tablex1 minecraft:stickx2 minecraft:wooden_pickaxex1 minecraft:wooden_axex1 minecraft:cobblestonex7 minecraft:stone_pickaxex1 minecraft:eggx1 minecraft:stone_swordx1 minecraft:raw_ironx2, nearby=animals=0 hostiles=0, mining_idle=true, hp=5.5/20.0, on_ground=true, pos=487,69,121, fall=0.0, held=minecraft:cobblestonex7, task_state=COMPLETED}
[02:00:41] [Server thread/INFO]: [AIBot] ACTION event=capability_decision bot=Bob {allowed=false, profile=strict_survival, capability=HIDDEN_BLOCK_SCAN, context=diagnostic_nearby, reason=DENIED_STRICT_SURVIVAL}
[02:00:41] [Server thread/INFO]: [AIBot] ACTION event=diag_snapshot bot=Bob {submerged=false, light=15, step=, in_lava=false, task_phase=, goal=none, task_progress=1.0, task=move, mode=survival, air=300, food=17, path_idle=true, inv=minecraft:stone_axex1 minecraft:wooden_swordx1 minecraft:crafting_tablex1 minecraft:stickx2 minecraft:wooden_pickaxex1 minecraft:wooden_axex1 minecraft:cobblestonex7 minecraft:stone_pickaxex1 minecraft:eggx1 minecraft:stone_swordx1 minecraft:raw_ironx2, nearby=animals=0 hostiles=0, mining_idle=true, hp=5.5/20.0, on_ground=true, pos=487,69,121, fall=0.0, held=minecraft:cobblestonex7, task_state=COMPLETED}
[02:00:43] [Server thread/INFO]: [AIBot] ACTION event=diag_snapshot bot=Bob {submerged=false, light=15, step=, in_lava=false, task_phase=, goal=none, task_progress=1.0, task=move, mode=survival, air=300, food=17, path_idle=true, inv=minecraft:stone_axex1 minecraft:wooden_swordx1 minecraft:crafting_tablex1 minecraft:stickx2 minecraft:wooden_pickaxex1 minecraft:wooden_axex1 minecraft:cobblestonex7 minecraft:stone_pickaxex1 minecraft:eggx1 minecraft:stone_swordx1 minecraft:raw_ironx2, nearby=animals=0 hostiles=0, mining_idle=true, hp=5.5/20.0, on_ground=true, pos=487,69,121, fall=0.0, held=minecraft:cobblestonex7, task_state=COMPLETED}
[02:00:44] [Server thread/INFO]: [AIBot] ACTION event=capability_decision bot=Bob {allowed=false, profile=strict_survival, capability=HIDDEN_BLOCK_SCAN, context=observable_block_query, reason=DENIED_STRICT_SURVIVAL}
[02:00:44] [Server thread/INFO]: [AIBot] ACTION event=capability_decision bot=Bob {allowed=false, profile=strict_survival, capability=HIDDEN_BLOCK_SCAN, context=perception_snapshot, reason=DENIED_STRICT_SURVIVAL}
[02:00:45] [Server thread/INFO]: [AIBot] ACTION event=capability_decision bot=Bob {allowed=false, profile=strict_survival, capability=HIDDEN_BLOCK_SCAN, context=observable_entity_query, reason=DENIED_STRICT_SURVIVAL}
[02:00:45] [Server thread/INFO]: [AIBot] ACTION event=diag_snapshot bot=Bob {submerged=false, light=15, step=, in_lava=false, task_phase=, goal=none, task_progress=1.0, task=move, mode=survival, air=300, food=17, path_idle=true, inv=minecraft:stone_axex1 minecraft:wooden_swordx1 minecraft:crafting_tablex1 minecraft:stickx2 minecraft:wooden_pickaxex1 minecraft:wooden_axex1 minecraft:cobblestonex7 minecraft:stone_pickaxex1 minecraft:eggx1 minecraft:stone_swordx1 minecraft:raw_ironx2, nearby=animals=0 hostiles=0, mining_idle=true, hp=5.5/20.0, on_ground=true, pos=487,69,121, fall=0.0, held=minecraft:cobblestonex7, task_state=COMPLETED}
[02:00:47] [Server thread/INFO]: [AIBot] ACTION event=capability_decision bot=Bob {allowed=false, profile=strict_survival, capability=HIDDEN_BLOCK_SCAN, context=diagnostic_nearby, reason=DENIED_STRICT_SURVIVAL}
[02:00:47] [Server thread/INFO]: [AIBot] ACTION event=diag_snapshot bot=Bob {submerged=false, light=15, step=, in_lava=false, task_phase=, goal=none, task_progress=1.0, task=move, mode=survival, air=300, food=17, path_idle=true, inv=minecraft:stone_axex1 minecraft:wooden_swordx1 minecraft:crafting_tablex1 minecraft:stickx2 minecraft:wooden_pickaxex1 minecraft:wooden_axex1 minecraft:cobblestonex7 minecraft:stone_pickaxex1 minecraft:eggx1 minecraft:stone_swordx1 minecraft:raw_ironx2, nearby=animals=0 hostiles=0, mining_idle=true, hp=5.5/20.0, on_ground=true, pos=487,69,121, fall=0.0, held=minecraft:cobblestonex7, task_state=COMPLETED}
[02:00:49] [Server thread/INFO]: [AIBot] ACTION event=capability_decision bot=Bob {allowed=false, profile=strict_survival, capability=HIDDEN_BLOCK_SCAN, context=observable_block_query, reason=DENIED_STRICT_SURVIVAL}
[02:00:49] [Server thread/INFO]: [AIBot] ACTION event=capability_decision bot=Bob {allowed=false, profile=strict_survival, capability=HIDDEN_BLOCK_SCAN, context=perception_snapshot, reason=DENIED_STRICT_SURVIVAL}
[02:00:49] [Server thread/INFO]: [AIBot] ACTION event=diag_snapshot bot=Bob {submerged=false, light=15, step=, in_lava=false, task_phase=, goal=none, task_progress=1.0, task=move, mode=survival, air=300, food=17, path_idle=true, inv=minecraft:stone_axex1 minecraft:wooden_swordx1 minecraft:crafting_tablex1 minecraft:stickx2 minecraft:wooden_pickaxex1 minecraft:wooden_axex1 minecraft:cobblestonex7 minecraft:stone_pickaxex1 minecraft:eggx1 minecraft:stone_swordx1 minecraft:raw_ironx2, nearby=animals=0 hostiles=0, mining_idle=true, hp=5.5/20.0, on_ground=true, pos=487,69,121, fall=0.0, held=minecraft:cobblestonex7, task_state=COMPLETED}
[02:00:51] [Server thread/INFO]: [AIBot] ACTION event=capability_decision bot=Bob {allowed=false, profile=strict_survival, capability=HIDDEN_BLOCK_SCAN, context=observable_entity_query, reason=DENIED_STRICT_SURVIVAL}
[02:00:51] [Server thread/INFO]: [AIBot] ACTION event=diag_snapshot bot=Bob {submerged=false, light=15, step=, in_lava=false, task_phase=, goal=none, task_progress=1.0, task=move, mode=survival, air=300, food=17, path_idle=true, inv=minecraft:stone_axex1 minecraft:wooden_swordx1 minecraft:crafting_tablex1 minecraft:stickx2 minecraft:wooden_pickaxex1 minecraft:wooden_axex1 minecraft:cobblestonex7 minecraft:stone_pickaxex1 minecraft:eggx1 minecraft:stone_swordx1 minecraft:raw_ironx2, nearby=animals=0 hostiles=0, mining_idle=true, hp=5.5/20.0, on_ground=true, pos=487,69,121, fall=0.0, held=minecraft:cobblestonex7, task_state=COMPLETED}
[02:00:53] [Server thread/INFO]: [AIBot] ACTION event=capability_decision bot=Bob {allowed=false, profile=strict_survival, capability=HIDDEN_BLOCK_SCAN, context=diagnostic_nearby, reason=DENIED_STRICT_SURVIVAL}
[02:00:53] [Server thread/INFO]: [AIBot] ACTION event=diag_snapshot bot=Bob {submerged=false, light=15, step=, in_lava=false, task_phase=, goal=none, task_progress=1.0, task=move, mode=survival, air=300, food=17, path_idle=true, inv=minecraft:stone_axex1 minecraft:wooden_swordx1 minecraft:crafting_tablex1 minecraft:stickx2 minecraft:wooden_pickaxex1 minecraft:wooden_axex1 minecraft:cobblestonex7 minecraft:stone_pickaxex1 minecraft:eggx1 minecraft:stone_swordx1 minecraft:raw_ironx2, nearby=animals=0 hostiles=0, mining_idle=true, hp=5.5/20.0, on_ground=true, pos=487,69,121, fall=0.0, held=minecraft:cobblestonex7, task_state=COMPLETED}
[02:00:54] [Server thread/INFO]: [AIBot] ACTION event=capability_decision bot=Bob {allowed=false, profile=strict_survival, capability=HIDDEN_BLOCK_SCAN, context=observable_block_query, reason=DENIED_STRICT_SURVIVAL}
[02:00:54] [Server thread/INFO]: [AIBot] ACTION event=capability_decision bot=Bob {allowed=false, profile=strict_survival, capability=HIDDEN_BLOCK_SCAN, context=perception_snapshot, reason=DENIED_STRICT_SURVIVAL}
[02:00:55] [Server thread/INFO]: [AIBot] ACTION event=diag_snapshot bot=Bob {submerged=false, light=15, step=, in_lava=false, task_phase=, goal=none, task_progress=1.0, task=move, mode=survival, air=300, food=17, path_idle=true, inv=minecraft:stone_axex1 minecraft:wooden_swordx1 minecraft:crafting_tablex1 minecraft:stickx2 minecraft:wooden_pickaxex1 minecraft:wooden_axex1 minecraft:cobblestonex7 minecraft:stone_pickaxex1 minecraft:eggx1 minecraft:stone_swordx1 minecraft:raw_ironx2, nearby=animals=0 hostiles=0, mining_idle=true, hp=5.5/20.0, on_ground=true, pos=487,69,121, fall=0.0, held=minecraft:cobblestonex7, task_state=COMPLETED}
[02:00:57] [Server thread/INFO]: [AIBot] ACTION event=capability_decision bot=Bob {allowed=false, profile=strict_survival, capability=HIDDEN_BLOCK_SCAN, context=observable_entity_query, reason=DENIED_STRICT_SURVIVAL}
[02:00:57] [Server thread/INFO]: [AIBot] ACTION event=diag_snapshot bot=Bob {submerged=false, light=15, step=, in_lava=false, task_phase=, goal=none, task_progress=1.0, task=move, mode=survival, air=300, food=17, path_idle=true, inv=minecraft:stone_axex1 minecraft:wooden_swordx1 minecraft:crafting_tablex1 minecraft:stickx2 minecraft:wooden_pickaxex1 minecraft:wooden_axex1 minecraft:cobblestonex7 minecraft:stone_pickaxex1 minecraft:eggx1 minecraft:stone_swordx1 minecraft:raw_ironx2, nearby=animals=0 hostiles=0, mining_idle=true, hp=5.5/20.0, on_ground=true, pos=487,69,121, fall=0.0, held=minecraft:cobblestonex7, task_state=COMPLETED}
[02:00:59] [Server thread/INFO]: [AIBot] ACTION event=capability_decision bot=Bob {allowed=false, profile=strict_survival, capability=HIDDEN_BLOCK_SCAN, context=observable_block_query, reason=DENIED_STRICT_SURVIVAL}
[02:00:59] [Server thread/INFO]: [AIBot] ACTION event=capability_decision bot=Bob {allowed=false, profile=strict_survival, capability=HIDDEN_BLOCK_SCAN, context=perception_snapshot, reason=DENIED_STRICT_SURVIVAL}
[02:00:59] [Server thread/INFO]: [AIBot] ACTION event=capability_decision bot=Bob {allowed=false, profile=strict_survival, capability=HIDDEN_BLOCK_SCAN, context=diagnostic_nearby, reason=DENIED_STRICT_SURVIVAL}
[02:00:59] [Server thread/INFO]: [AIBot] ACTION event=diag_snapshot bot=Bob {submerged=false, light=15, step=, in_lava=false, task_phase=, goal=none, task_progress=1.0, task=move, mode=survival, air=300, food=17, path_idle=true, inv=minecraft:stone_axex1 minecraft:wooden_swordx1 minecraft:crafting_tablex1 minecraft:stickx2 minecraft:wooden_pickaxex1 minecraft:wooden_axex1 minecraft:cobblestonex7 minecraft:stone_pickaxex1 minecraft:eggx1 minecraft:stone_swordx1 minecraft:raw_ironx2, nearby=animals=0 hostiles=0, mining_idle=true, hp=5.5/20.0, on_ground=true, pos=487,69,121, fall=0.0, held=minecraft:cobblestonex7, task_state=COMPLETED}
[02:01:01] [Server thread/INFO]: [AIBot] ACTION event=diag_snapshot bot=Bob {submerged=false, light=15, step=, in_lava=false, task_phase=, goal=none, task_progress=1.0, task=move, mode=survival, air=300, food=17, path_idle=true, inv=minecraft:stone_axex1 minecraft:wooden_swordx1 minecraft:crafting_tablex1 minecraft:stickx2 minecraft:wooden_pickaxex1 minecraft:wooden_axex1 minecraft:cobblestonex7 minecraft:stone_pickaxex1 minecraft:eggx1 minecraft:stone_swordx1 minecraft:raw_ironx2, nearby=animals=0 hostiles=0, mining_idle=true, hp=5.5/20.0, on_ground=true, pos=487,69,121, fall=0.0, held=minecraft:cobblestonex7, task_state=COMPLETED}
[02:01:03] [Server thread/INFO]: [AIBot] ACTION event=capability_decision bot=Bob {allowed=false, profile=strict_survival, capability=HIDDEN_BLOCK_SCAN, context=observable_entity_query, reason=DENIED_STRICT_SURVIVAL}
[02:01:03] [Server thread/INFO]: [AIBot] ACTION event=diag_snapshot bot=Bob {submerged=false, light=15, step=, in_lava=false, task_phase=, goal=none, task_progress=1.0, task=move, mode=survival, air=300, food=17, path_idle=true, inv=minecraft:stone_axex1 minecraft:wooden_swordx1 minecraft:crafting_tablex1 minecraft:stickx2 minecraft:wooden_pickaxex1 minecraft:wooden_axex1 minecraft:cobblestonex7 minecraft:stone_pickaxex1 minecraft:eggx1 minecraft:stone_swordx1 minecraft:raw_ironx2, nearby=animals=0 hostiles=0, mining_idle=true, hp=5.5/20.0, on_ground=true, pos=487,69,121, fall=0.0, held=minecraft:cobblestonex7, task_state=COMPLETED}
[02:01:04] [Server thread/INFO]: [AIBot] ACTION event=capability_decision bot=Bob {allowed=false, profile=strict_survival, capability=HIDDEN_BLOCK_SCAN, context=observable_block_query, reason=DENIED_STRICT_SURVIVAL}
[02:01:04] [Server thread/INFO]: [AIBot] ACTION event=capability_decision bot=Bob {allowed=false, profile=strict_survival, capability=HIDDEN_BLOCK_SCAN, context=perception_snapshot, reason=DENIED_STRICT_SURVIVAL}
[02:01:05] [Server thread/INFO]: [AIBot] ACTION event=capability_decision bot=Bob {allowed=false, profile=strict_survival, capability=HIDDEN_BLOCK_SCAN, context=diagnostic_nearby, reason=DENIED_STRICT_SURVIVAL}
[02:01:05] [Server thread/INFO]: [AIBot] ACTION event=diag_snapshot bot=Bob {submerged=false, light=15, step=, in_lava=false, task_phase=, goal=none, task_progress=1.0, task=move, mode=survival, air=300, food=17, path_idle=true, inv=minecraft:stone_axex1 minecraft:wooden_swordx1 minecraft:crafting_tablex1 minecraft:stickx2 minecraft:wooden_pickaxex1 minecraft:wooden_axex1 minecraft:cobblestonex7 minecraft:stone_pickaxex1 minecraft:eggx1 minecraft:stone_swordx1 minecraft:raw_ironx2, nearby=animals=0 hostiles=0, mining_idle=true, hp=5.5/20.0, on_ground=true, pos=487,69,121, fall=0.0, held=minecraft:cobblestonex7, task_state=COMPLETED}
[02:01:07] [Server thread/INFO]: [AIBot] ACTION event=diag_snapshot bot=Bob {submerged=false, light=15, step=, in_lava=false, task_phase=, goal=none, task_progress=1.0, task=move, mode=survival, air=300, food=17, path_idle=true, inv=minecraft:stone_axex1 minecraft:wooden_swordx1 minecraft:crafting_tablex1 minecraft:stickx2 minecraft:wooden_pickaxex1 minecraft:wooden_axex1 minecraft:cobblestonex7 minecraft:stone_pickaxex1 minecraft:eggx1 minecraft:stone_swordx1 minecraft:raw_ironx2, nearby=animals=0 hostiles=0, mining_idle=true, hp=5.5/20.0, on_ground=true, pos=487,69,121, fall=0.0, held=minecraft:cobblestonex7, task_state=COMPLETED}
[02:01:08] [RCON Listener #1/INFO]: Thread RCON Client /127.0.0.1 started
[02:01:08] [Server thread/INFO]: [Rcon: Applied effect Regeneration to Bob]
[02:01:08] [RCON Client /127.0.0.1 #8/INFO]: Thread RCON Client /127.0.0.1 shutting down
[02:01:08] [RCON Listener #1/INFO]: Thread RCON Client /127.0.0.1 started
[02:01:08] [RCON Client /127.0.0.1 #9/INFO]: Thread RCON Client /127.0.0.1 shutting down
[02:01:09] [Server thread/INFO]: [AIBot] ACTION event=capability_decision bot=Bob {allowed=false, profile=strict_survival, capability=HIDDEN_BLOCK_SCAN, context=observable_block_query, reason=DENIED_STRICT_SURVIVAL}
[02:01:09] [Server thread/INFO]: [AIBot] ACTION event=capability_decision bot=Bob {allowed=false, profile=strict_survival, capability=HIDDEN_BLOCK_SCAN, context=perception_snapshot, reason=DENIED_STRICT_SURVIVAL}
[02:01:09] [Server thread/INFO]: [AIBot] ACTION event=capability_decision bot=Bob {allowed=false, profile=strict_survival, capability=HIDDEN_BLOCK_SCAN, context=observable_entity_query, reason=DENIED_STRICT_SURVIVAL}
[02:01:09] [Server thread/INFO]: [AIBot] ACTION event=diag_snapshot bot=Bob {submerged=false, light=15, step=, in_lava=false, task_phase=, goal=none, task_progress=1.0, task=move, mode=survival, air=300, food=17, path_idle=true, inv=minecraft:stone_axex1 minecraft:wooden_swordx1 minecraft:crafting_tablex1 minecraft:stickx2 minecraft:wooden_pickaxex1 minecraft:wooden_axex1 minecraft:cobblestonex7 minecraft:stone_pickaxex1 minecraft:eggx1 minecraft:stone_swordx1 minecraft:raw_ironx2, nearby=animals=0 hostiles=0, mining_idle=true, hp=6.5/20.0, on_ground=true, pos=487,69,121, fall=0.0, held=minecraft:cobblestonex7, task_state=COMPLETED}
[02:01:11] [Server thread/INFO]: [AIBot] ACTION event=capability_decision bot=Bob {allowed=false, profile=strict_survival, capability=HIDDEN_BLOCK_SCAN, context=diagnostic_nearby, reason=DENIED_STRICT_SURVIVAL}
[02:01:11] [Server thread/INFO]: [AIBot] ACTION event=diag_snapshot bot=Bob {submerged=false, light=15, step=, in_lava=false, task_phase=, goal=none, task_progress=1.0, task=move, mode=survival, air=300, food=17, path_idle=true, inv=minecraft:stone_axex1 minecraft:wooden_swordx1 minecraft:crafting_tablex1 minecraft:stickx2 minecraft:wooden_pickaxex1 minecraft:wooden_axex1 minecraft:cobblestonex7 minecraft:stone_pickaxex1 minecraft:eggx1 minecraft:stone_swordx1 minecraft:raw_ironx2, nearby=animals=0 hostiles=0, mining_idle=true, hp=8.5/20.0, on_ground=true, pos=487,69,121, fall=0.0, held=minecraft:cobblestonex7, task_state=COMPLETED}
[02:01:13] [Server thread/INFO]: [AIBot] ACTION event=diag_snapshot bot=Bob {submerged=false, light=15, step=, in_lava=false, task_phase=, goal=none, task_progress=1.0, task=move, mode=survival, air=300, food=17, path_idle=true, inv=minecraft:stone_axex1 minecraft:wooden_swordx1 minecraft:crafting_tablex1 minecraft:stickx2 minecraft:wooden_pickaxex1 minecraft:wooden_axex1 minecraft:cobblestonex7 minecraft:stone_pickaxex1 minecraft:eggx1 minecraft:stone_swordx1 minecraft:raw_ironx2, nearby=animals=0 hostiles=0, mining_idle=true, hp=9.5/20.0, on_ground=true, pos=487,69,121, fall=0.0, held=minecraft:cobblestonex7, task_state=COMPLETED}
[02:01:14] [Server thread/INFO]: [AIBot] ACTION event=capability_decision bot=Bob {allowed=false, profile=strict_survival, capability=HIDDEN_BLOCK_SCAN, context=observable_block_query, reason=DENIED_STRICT_SURVIVAL}
[02:01:14] [Server thread/INFO]: [AIBot] ACTION event=capability_decision bot=Bob {allowed=false, profile=strict_survival, capability=HIDDEN_BLOCK_SCAN, context=perception_snapshot, reason=DENIED_STRICT_SURVIVAL}
[02:01:15] [Server thread/INFO]: [AIBot] ACTION event=capability_decision bot=Bob {allowed=false, profile=strict_survival, capability=HIDDEN_BLOCK_SCAN, context=observable_entity_query, reason=DENIED_STRICT_SURVIVAL}
[02:01:15] [Server thread/INFO]: [AIBot] ACTION event=diag_snapshot bot=Bob {submerged=false, light=15, step=, in_lava=false, task_phase=, goal=none, task_progress=1.0, task=move, mode=survival, air=300, food=17, path_idle=true, inv=minecraft:stone_axex1 minecraft:wooden_swordx1 minecraft:crafting_tablex1 minecraft:stickx2 minecraft:wooden_pickaxex1 minecraft:wooden_axex1 minecraft:cobblestonex7 minecraft:stone_pickaxex1 minecraft:eggx1 minecraft:stone_swordx1 minecraft:raw_ironx2, nearby=animals=0 hostiles=0, mining_idle=true, hp=11.5/20.0, on_ground=true, pos=487,69,121, fall=0.0, held=minecraft:cobblestonex7, task_state=COMPLETED}
[02:01:17] [Server thread/INFO]: [AIBot] ACTION event=capability_decision bot=Bob {allowed=false, profile=strict_survival, capability=HIDDEN_BLOCK_SCAN, context=diagnostic_nearby, reason=DENIED_STRICT_SURVIVAL}
[02:01:17] [Server thread/INFO]: [AIBot] ACTION event=diag_snapshot bot=Bob {submerged=false, light=15, step=, in_lava=false, task_phase=, goal=none, task_progress=1.0, task=move, mode=survival, air=300, food=17, path_idle=true, inv=minecraft:stone_axex1 minecraft:wooden_swordx1 minecraft:crafting_tablex1 minecraft:stickx2 minecraft:wooden_pickaxex1 minecraft:wooden_axex1 minecraft:cobblestonex7 minecraft:stone_pickaxex1 minecraft:eggx1 minecraft:stone_swordx1 minecraft:raw_ironx2, nearby=animals=0 hostiles=0, mining_idle=true, hp=11.5/20.0, on_ground=true, pos=487,69,121, fall=0.0, held=minecraft:cobblestonex7, task_state=COMPLETED}
[02:01:19] [Server thread/INFO]: [AIBot] ACTION event=capability_decision bot=Bob {allowed=false, profile=strict_survival, capability=HIDDEN_BLOCK_SCAN, context=observable_block_query, reason=DENIED_STRICT_SURVIVAL}
[02:01:19] [Server thread/INFO]: [AIBot] ACTION event=capability_decision bot=Bob {allowed=false, profile=strict_survival, capability=HIDDEN_BLOCK_SCAN, context=perception_snapshot, reason=DENIED_STRICT_SURVIVAL}
[02:01:19] [Server thread/INFO]: [AIBot] ACTION event=diag_snapshot bot=Bob {submerged=false, light=15, step=, in_lava=false, task_phase=, goal=none, task_progress=1.0, task=move, mode=survival, air=300, food=17, path_idle=true, inv=minecraft:stone_axex1 minecraft:wooden_swordx1 minecraft:crafting_tablex1 minecraft:stickx2 minecraft:wooden_pickaxex1 minecraft:wooden_axex1 minecraft:cobblestonex7 minecraft:stone_pickaxex1 minecraft:eggx1 minecraft:stone_swordx1 minecraft:raw_ironx2, nearby=animals=0 hostiles=0, mining_idle=true, hp=11.5/20.0, on_ground=true, pos=487,69,121, fall=0.0, held=minecraft:cobblestonex7, task_state=COMPLETED}
[02:01:21] [Server thread/INFO]: [AIBot] ACTION event=capability_decision bot=Bob {allowed=false, profile=strict_survival, capability=HIDDEN_BLOCK_SCAN, context=observable_entity_query, reason=DENIED_STRICT_SURVIVAL}
[02:01:21] [Server thread/INFO]: [AIBot] ACTION event=diag_snapshot bot=Bob {submerged=false, light=15, step=, in_lava=false, task_phase=, goal=none, task_progress=1.0, task=move, mode=survival, air=300, food=17, path_idle=true, inv=minecraft:stone_axex1 minecraft:wooden_swordx1 minecraft:crafting_tablex1 minecraft:stickx2 minecraft:wooden_pickaxex1 minecraft:wooden_axex1 minecraft:cobblestonex7 minecraft:stone_pickaxex1 minecraft:eggx1 minecraft:stone_swordx1 minecraft:raw_ironx2, nearby=animals=0 hostiles=0, mining_idle=true, hp=11.5/20.0, on_ground=true, pos=487,69,121, fall=0.0, held=minecraft:cobblestonex7, task_state=COMPLETED}
[02:01:23] [Server thread/INFO]: [AIBot] ACTION event=capability_decision bot=Bob {allowed=false, profile=strict_survival, capability=HIDDEN_BLOCK_SCAN, context=diagnostic_nearby, reason=DENIED_STRICT_SURVIVAL}
[02:01:23] [Server thread/INFO]: [AIBot] ACTION event=diag_snapshot bot=Bob {submerged=false, light=15, step=, in_lava=false, task_phase=, goal=none, task_progress=1.0, task=move, mode=survival, air=300, food=17, path_idle=true, inv=minecraft:stone_axex1 minecraft:wooden_swordx1 minecraft:crafting_tablex1 minecraft:stickx2 minecraft:wooden_pickaxex1 minecraft:wooden_axex1 minecraft:cobblestonex7 minecraft:stone_pickaxex1 minecraft:eggx1 minecraft:stone_swordx1 minecraft:raw_ironx2, nearby=animals=0 hostiles=0, mining_idle=true, hp=11.5/20.0, on_ground=true, pos=487,69,121, fall=0.0, held=minecraft:cobblestonex7, task_state=COMPLETED}
[02:01:24] [Server thread/INFO]: [AIBot] ACTION event=capability_decision bot=Bob {allowed=false, profile=strict_survival, capability=HIDDEN_BLOCK_SCAN, context=observable_block_query, reason=DENIED_STRICT_SURVIVAL}
[02:01:24] [Server thread/INFO]: [AIBot] ACTION event=capability_decision bot=Bob {allowed=false, profile=strict_survival, capability=HIDDEN_BLOCK_SCAN, context=perception_snapshot, reason=DENIED_STRICT_SURVIVAL}
[02:01:25] [Server thread/INFO]: [AIBot] ACTION event=diag_snapshot bot=Bob {submerged=false, light=15, step=, in_lava=false, task_phase=, goal=none, task_progress=1.0, task=move, mode=survival, air=300, food=17, path_idle=true, inv=minecraft:stone_axex1 minecraft:wooden_swordx1 minecraft:crafting_tablex1 minecraft:stickx2 minecraft:wooden_pickaxex1 minecraft:wooden_axex1 minecraft:cobblestonex7 minecraft:stone_pickaxex1 minecraft:eggx1 minecraft:stone_swordx1 minecraft:raw_ironx2, nearby=animals=0 hostiles=0, mining_idle=true, hp=11.5/20.0, on_ground=true, pos=487,69,121, fall=0.0, held=minecraft:cobblestonex7, task_state=COMPLETED}
[02:01:25] [RCON Listener #1/INFO]: Thread RCON Client /127.0.0.1 started
[02:01:25] [RCON Client /127.0.0.1 #10/INFO]: Thread RCON Client /127.0.0.1 shutting down
[02:01:25] [RCON Listener #1/INFO]: Thread RCON Client /127.0.0.1 started
[02:01:25] [RCON Client /127.0.0.1 #11/INFO]: Thread RCON Client /127.0.0.1 shutting down
[02:01:27] [Server thread/INFO]: [AIBot] ACTION event=capability_decision bot=Bob {allowed=false, profile=strict_survival, capability=HIDDEN_BLOCK_SCAN, context=observable_entity_query, reason=DENIED_STRICT_SURVIVAL}
[02:01:27] [Server thread/INFO]: [AIBot] ACTION event=diag_snapshot bot=Bob {submerged=false, light=15, step=, in_lava=false, task_phase=, goal=none, task_progress=1.0, task=move, mode=survival, air=300, food=17, path_idle=true, inv=minecraft:stone_axex1 minecraft:wooden_swordx1 minecraft:crafting_tablex1 minecraft:stickx2 minecraft:wooden_pickaxex1 minecraft:wooden_axex1 minecraft:cobblestonex7 minecraft:stone_pickaxex1 minecraft:eggx1 minecraft:stone_swordx1 minecraft:raw_ironx2, nearby=animals=0 hostiles=0, mining_idle=true, hp=11.5/20.0, on_ground=true, pos=487,69,121, fall=0.0, held=minecraft:cobblestonex7, task_state=COMPLETED}
[02:01:29] [Server thread/INFO]: [AIBot] ACTION event=capability_decision bot=Bob {allowed=false, profile=strict_survival, capability=HIDDEN_BLOCK_SCAN, context=observable_block_query, reason=DENIED_STRICT_SURVIVAL}
[02:01:29] [Server thread/INFO]: [AIBot] ACTION event=capability_decision bot=Bob {allowed=false, profile=strict_survival, capability=HIDDEN_BLOCK_SCAN, context=perception_snapshot, reason=DENIED_STRICT_SURVIVAL}
[02:01:29] [Server thread/INFO]: [AIBot] ACTION event=capability_decision bot=Bob {allowed=false, profile=strict_survival, capability=HIDDEN_BLOCK_SCAN, context=diagnostic_nearby, reason=DENIED_STRICT_SURVIVAL}
[02:01:29] [Server thread/INFO]: [AIBot] ACTION event=diag_snapshot bot=Bob {submerged=false, light=15, step=, in_lava=false, task_phase=, goal=none, task_progress=1.0, task=move, mode=survival, air=300, food=17, path_idle=true, inv=minecraft:stone_axex1 minecraft:wooden_swordx1 minecraft:crafting_tablex1 minecraft:stickx2 minecraft:wooden_pickaxex1 minecraft:wooden_axex1 minecraft:cobblestonex7 minecraft:stone_pickaxex1 minecraft:eggx1 minecraft:stone_swordx1 minecraft:raw_ironx2, nearby=animals=0 hostiles=0, mining_idle=true, hp=11.5/20.0, on_ground=true, pos=487,69,121, fall=0.0, held=minecraft:cobblestonex7, task_state=COMPLETED}
[02:01:31] [Server thread/INFO]: [AIBot] ACTION event=diag_snapshot bot=Bob {submerged=false, light=15, step=, in_lava=false, task_phase=, goal=none, task_progress=1.0, task=move, mode=survival, air=300, food=17, path_idle=true, inv=minecraft:stone_axex1 minecraft:wooden_swordx1 minecraft:crafting_tablex1 minecraft:stickx2 minecraft:wooden_pickaxex1 minecraft:wooden_axex1 minecraft:cobblestonex7 minecraft:stone_pickaxex1 minecraft:eggx1 minecraft:stone_swordx1 minecraft:raw_ironx2, nearby=animals=0 hostiles=0, mining_idle=true, hp=11.5/20.0, on_ground=true, pos=487,69,121, fall=0.0, held=minecraft:cobblestonex7, task_state=COMPLETED}
[02:01:33] [Server thread/INFO]: [AIBot] ACTION event=capability_decision bot=Bob {allowed=false, profile=strict_survival, capability=HIDDEN_BLOCK_SCAN, context=observable_entity_query, reason=DENIED_STRICT_SURVIVAL}
[02:01:33] [Server thread/INFO]: [AIBot] ACTION event=diag_snapshot bot=Bob {submerged=false, light=15, step=, in_lava=false, task_phase=, goal=none, task_progress=1.0, task=move, mode=survival, air=300, food=17, path_idle=true, inv=minecraft:stone_axex1 minecraft:wooden_swordx1 minecraft:crafting_tablex1 minecraft:stickx2 minecraft:wooden_pickaxex1 minecraft:wooden_axex1 minecraft:cobblestonex7 minecraft:stone_pickaxex1 minecraft:eggx1 minecraft:stone_swordx1 minecraft:raw_ironx2, nearby=animals=0 hostiles=0, mining_idle=true, hp=11.5/20.0, on_ground=true, pos=487,69,121, fall=0.0, held=minecraft:cobblestonex7, task_state=COMPLETED}
[02:01:34] [Server thread/INFO]: [AIBot] ACTION event=capability_decision bot=Bob {allowed=false, profile=strict_survival, capability=HIDDEN_BLOCK_SCAN, context=observable_block_query, reason=DENIED_STRICT_SURVIVAL}
[02:01:34] [Server thread/INFO]: [AIBot] ACTION event=capability_decision bot=Bob {allowed=false, profile=strict_survival, capability=HIDDEN_BLOCK_SCAN, context=perception_snapshot, reason=DENIED_STRICT_SURVIVAL}
[02:01:35] [Server thread/INFO]: [AIBot] ACTION event=capability_decision bot=Bob {allowed=false, profile=strict_survival, capability=HIDDEN_BLOCK_SCAN, context=diagnostic_nearby, reason=DENIED_STRICT_SURVIVAL}
[02:01:35] [Server thread/INFO]: [AIBot] ACTION event=diag_snapshot bot=Bob {submerged=false, light=15, step=, in_lava=false, task_phase=, goal=none, task_progress=1.0, task=move, mode=survival, air=300, food=17, path_idle=true, inv=minecraft:stone_axex1 minecraft:wooden_swordx1 minecraft:crafting_tablex1 minecraft:stickx2 minecraft:wooden_pickaxex1 minecraft:wooden_axex1 minecraft:cobblestonex7 minecraft:stone_pickaxex1 minecraft:eggx1 minecraft:stone_swordx1 minecraft:raw_ironx2, nearby=animals=0 hostiles=0, mining_idle=true, hp=11.5/20.0, on_ground=true, pos=487,69,121, fall=0.0, held=minecraft:cobblestonex7, task_state=COMPLETED}
[02:01:37] [Server thread/INFO]: [AIBot] ACTION event=diag_snapshot bot=Bob {submerged=false, light=15, step=, in_lava=false, task_phase=, goal=none, task_progress=1.0, task=move, mode=survival, air=300, food=17, path_idle=true, inv=minecraft:stone_axex1 minecraft:wooden_swordx1 minecraft:crafting_tablex1 minecraft:stickx2 minecraft:wooden_pickaxex1 minecraft:wooden_axex1 minecraft:cobblestonex7 minecraft:stone_pickaxex1 minecraft:eggx1 minecraft:stone_swordx1 minecraft:raw_ironx2, nearby=animals=0 hostiles=0, mining_idle=true, hp=11.5/20.0, on_ground=true, pos=487,69,121, fall=0.0, held=minecraft:cobblestonex7, task_state=COMPLETED}
[02:01:39] [Server thread/INFO]: [AIBot] LIFECYCLE event=mixin_alive bot=- {server_tick=24000}
[02:01:39] [Server thread/INFO]: [AIBot] ACTION event=capability_decision bot=Bob {allowed=false, profile=strict_survival, capability=HIDDEN_BLOCK_SCAN, context=observable_block_query, reason=DENIED_STRICT_SURVIVAL}
[02:01:39] [Server thread/INFO]: [AIBot] ACTION event=capability_decision bot=Bob {allowed=false, profile=strict_survival, capability=HIDDEN_BLOCK_SCAN, context=perception_snapshot, reason=DENIED_STRICT_SURVIVAL}
[02:01:39] [Server thread/INFO]: [AIBot] ACTION event=capability_decision bot=Bob {allowed=false, profile=strict_survival, capability=HIDDEN_BLOCK_SCAN, context=observable_entity_query, reason=DENIED_STRICT_SURVIVAL}
[02:01:39] [Server thread/INFO]: [AIBot] ACTION event=diag_snapshot bot=Bob {submerged=false, light=15, step=, in_lava=false, task_phase=, goal=none, task_progress=1.0, task=move, mode=survival, air=300, food=17, path_idle=true, inv=minecraft:stone_axex1 minecraft:wooden_swordx1 minecraft:crafting_tablex1 minecraft:stickx2 minecraft:wooden_pickaxex1 minecraft:wooden_axex1 minecraft:cobblestonex7 minecraft:stone_pickaxex1 minecraft:eggx1 minecraft:stone_swordx1 minecraft:raw_ironx2, nearby=animals=0 hostiles=0, mining_idle=true, hp=11.5/20.0, on_ground=true, pos=487,69,121, fall=0.0, held=minecraft:cobblestonex7, task_state=COMPLETED}
[02:01:40] [AIBotPersistenceWriter/INFO]: [AIBot] LIFECYCLE event=runtime_persist_saved bot=- {bots=1, path=.\world_play\.\aibot\runtime.json, atomic_move=true, schema=1, jobs=0}
[02:01:41] [Server thread/INFO]: [AIBot] ACTION event=capability_decision bot=Bob {allowed=false, profile=strict_survival, capability=HIDDEN_BLOCK_SCAN, context=diagnostic_nearby, reason=DENIED_STRICT_SURVIVAL}
[02:01:41] [Server thread/INFO]: [AIBot] ACTION event=diag_snapshot bot=Bob {submerged=false, light=15, step=, in_lava=false, task_phase=, goal=none, task_progress=1.0, task=move, mode=survival, air=300, food=17, path_idle=true, inv=minecraft:stone_axex1 minecraft:wooden_swordx1 minecraft:crafting_tablex1 minecraft:stickx2 minecraft:wooden_pickaxex1 minecraft:wooden_axex1 minecraft:cobblestonex7 minecraft:stone_pickaxex1 minecraft:eggx1 minecraft:stone_swordx1 minecraft:raw_ironx2, nearby=animals=0 hostiles=0, mining_idle=true, hp=11.5/20.0, on_ground=true, pos=487,69,121, fall=0.0, held=minecraft:cobblestonex7, task_state=COMPLETED}
[02:01:43] [Server thread/INFO]: [AIBot] ACTION event=diag_snapshot bot=Bob {submerged=false, light=15, step=, in_lava=false, task_phase=, goal=none, task_progress=1.0, task=move, mode=survival, air=300, food=17, path_idle=true, inv=minecraft:stone_axex1 minecraft:wooden_swordx1 minecraft:crafting_tablex1 minecraft:stickx2 minecraft:wooden_pickaxex1 minecraft:wooden_axex1 minecraft:cobblestonex7 minecraft:stone_pickaxex1 minecraft:eggx1 minecraft:stone_swordx1 minecraft:raw_ironx2, nearby=animals=0 hostiles=0, mining_idle=true, hp=11.5/20.0, on_ground=true, pos=487,69,121, fall=0.0, held=minecraft:cobblestonex7, task_state=COMPLETED}
[02:01:44] [Server thread/INFO]: [AIBot] ACTION event=capability_decision bot=Bob {allowed=false, profile=strict_survival, capability=HIDDEN_BLOCK_SCAN, context=observable_block_query, reason=DENIED_STRICT_SURVIVAL}
[02:01:44] [Server thread/INFO]: [AIBot] ACTION event=capability_decision bot=Bob {allowed=false, profile=strict_survival, capability=HIDDEN_BLOCK_SCAN, context=perception_snapshot, reason=DENIED_STRICT_SURVIVAL}
[02:01:45] [Server thread/INFO]: [AIBot] ACTION event=capability_decision bot=Bob {allowed=false, profile=strict_survival, capability=HIDDEN_BLOCK_SCAN, context=observable_entity_query, reason=DENIED_STRICT_SURVIVAL}
[02:01:45] [Server thread/INFO]: [AIBot] ACTION event=diag_snapshot bot=Bob {submerged=false, light=15, step=, in_lava=false, task_phase=, goal=none, task_progress=1.0, task=move, mode=survival, air=300, food=17, path_idle=true, inv=minecraft:stone_axex1 minecraft:wooden_swordx1 minecraft:crafting_tablex1 minecraft:stickx2 minecraft:wooden_pickaxex1 minecraft:wooden_axex1 minecraft:cobblestonex7 minecraft:stone_pickaxex1 minecraft:eggx1 minecraft:stone_swordx1 minecraft:raw_ironx2, nearby=animals=0 hostiles=0, mining_idle=true, hp=11.5/20.0, on_ground=true, pos=487,69,121, fall=0.0, held=minecraft:cobblestonex7, task_state=COMPLETED}
[02:01:47] [Server thread/INFO]: [AIBot] ACTION event=capability_decision bot=Bob {allowed=false, profile=strict_survival, capability=HIDDEN_BLOCK_SCAN, context=diagnostic_nearby, reason=DENIED_STRICT_SURVIVAL}
[02:01:47] [Server thread/INFO]: [AIBot] ACTION event=diag_snapshot bot=Bob {submerged=false, light=15, step=, in_lava=false, task_phase=, goal=none, task_progress=1.0, task=move, mode=survival, air=300, food=17, path_idle=true, inv=minecraft:stone_axex1 minecraft:wooden_swordx1 minecraft:crafting_tablex1 minecraft:stickx2 minecraft:wooden_pickaxex1 minecraft:wooden_axex1 minecraft:cobblestonex7 minecraft:stone_pickaxex1 minecraft:eggx1 minecraft:stone_swordx1 minecraft:raw_ironx2, nearby=animals=0 hostiles=0, mining_idle=true, hp=11.5/20.0, on_ground=true, pos=487,69,121, fall=0.0, held=minecraft:cobblestonex7, task_state=COMPLETED}
[02:01:49] [Server thread/INFO]: [AIBot] ACTION event=capability_decision bot=Bob {allowed=false, profile=strict_survival, capability=HIDDEN_BLOCK_SCAN, context=observable_block_query, reason=DENIED_STRICT_SURVIVAL}
[02:01:49] [Server thread/INFO]: [AIBot] ACTION event=capability_decision bot=Bob {allowed=false, profile=strict_survival, capability=HIDDEN_BLOCK_SCAN, context=perception_snapshot, reason=DENIED_STRICT_SURVIVAL}
[02:01:49] [Server thread/INFO]: [AIBot] ACTION event=diag_snapshot bot=Bob {submerged=false, light=15, step=, in_lava=false, task_phase=, goal=none, task_progress=1.0, task=move, mode=survival, air=300, food=17, path_idle=true, inv=minecraft:stone_axex1 minecraft:wooden_swordx1 minecraft:crafting_tablex1 minecraft:stickx2 minecraft:wooden_pickaxex1 minecraft:wooden_axex1 minecraft:cobblestonex7 minecraft:stone_pickaxex1 minecraft:eggx1 minecraft:stone_swordx1 minecraft:raw_ironx2, nearby=animals=0 hostiles=0, mining_idle=true, hp=11.5/20.0, on_ground=true, pos=487,69,121, fall=0.0, held=minecraft:cobblestonex7, task_state=COMPLETED}
[02:01:51] [Server thread/INFO]: [AIBot] ACTION event=capability_decision bot=Bob {allowed=false, profile=strict_survival, capability=HIDDEN_BLOCK_SCAN, context=observable_entity_query, reason=DENIED_STRICT_SURVIVAL}
[02:01:51] [Server thread/INFO]: [AIBot] ACTION event=diag_snapshot bot=Bob {submerged=false, light=15, step=, in_lava=false, task_phase=, goal=none, task_progress=1.0, task=move, mode=survival, air=300, food=17, path_idle=true, inv=minecraft:stone_axex1 minecraft:wooden_swordx1 minecraft:crafting_tablex1 minecraft:stickx2 minecraft:wooden_pickaxex1 minecraft:wooden_axex1 minecraft:cobblestonex7 minecraft:stone_pickaxex1 minecraft:eggx1 minecraft:stone_swordx1 minecraft:raw_ironx2, nearby=animals=0 hostiles=0, mining_idle=true, hp=11.5/20.0, on_ground=true, pos=487,69,121, fall=0.0, held=minecraft:cobblestonex7, task_state=COMPLETED}
[02:01:53] [Server thread/INFO]: [AIBot] ACTION event=capability_decision bot=Bob {allowed=false, profile=strict_survival, capability=HIDDEN_BLOCK_SCAN, context=diagnostic_nearby, reason=DENIED_STRICT_SURVIVAL}
[02:01:53] [Server thread/INFO]: [AIBot] ACTION event=diag_snapshot bot=Bob {submerged=false, light=15, step=, in_lava=false, task_phase=, goal=none, task_progress=1.0, task=move, mode=survival, air=300, food=17, path_idle=true, inv=minecraft:stone_axex1 minecraft:wooden_swordx1 minecraft:crafting_tablex1 minecraft:stickx2 minecraft:wooden_pickaxex1 minecraft:wooden_axex1 minecraft:cobblestonex7 minecraft:stone_pickaxex1 minecraft:eggx1 minecraft:stone_swordx1 minecraft:raw_ironx2, nearby=animals=0 hostiles=0, mining_idle=true, hp=11.5/20.0, on_ground=true, pos=487,69,121, fall=0.0, held=minecraft:cobblestonex7, task_state=COMPLETED}
[02:01:54] [Server thread/INFO]: [AIBot] ACTION event=capability_decision bot=Bob {allowed=false, profile=strict_survival, capability=HIDDEN_BLOCK_SCAN, context=observable_block_query, reason=DENIED_STRICT_SURVIVAL}
[02:01:54] [Server thread/INFO]: [AIBot] ACTION event=capability_decision bot=Bob {allowed=false, profile=strict_survival, capability=HIDDEN_BLOCK_SCAN, context=perception_snapshot, reason=DENIED_STRICT_SURVIVAL}
[02:01:55] [Server thread/INFO]: [AIBot] ACTION event=diag_snapshot bot=Bob {submerged=false, light=15, step=, in_lava=false, task_phase=, goal=none, task_progress=1.0, task=move, mode=survival, air=300, food=17, path_idle=true, inv=minecraft:stone_axex1 minecraft:wooden_swordx1 minecraft:crafting_tablex1 minecraft:stickx2 minecraft:wooden_pickaxex1 minecraft:wooden_axex1 minecraft:cobblestonex7 minecraft:stone_pickaxex1 minecraft:eggx1 minecraft:stone_swordx1 minecraft:raw_ironx2, nearby=animals=0 hostiles=0, mining_idle=true, hp=11.5/20.0, on_ground=true, pos=487,69,121, fall=0.0, held=minecraft:cobblestonex7, task_state=COMPLETED}
[02:01:57] [Server thread/INFO]: [AIBot] ACTION event=capability_decision bot=Bob {allowed=false, profile=strict_survival, capability=HIDDEN_BLOCK_SCAN, context=observable_entity_query, reason=DENIED_STRICT_SURVIVAL}
[02:01:57] [Server thread/INFO]: [AIBot] ACTION event=diag_snapshot bot=Bob {submerged=false, light=15, step=, in_lava=false, task_phase=, goal=none, task_progress=1.0, task=move, mode=survival, air=300, food=17, path_idle=true, inv=minecraft:stone_axex1 minecraft:wooden_swordx1 minecraft:crafting_tablex1 minecraft:stickx2 minecraft:wooden_pickaxex1 minecraft:wooden_axex1 minecraft:cobblestonex7 minecraft:stone_pickaxex1 minecraft:eggx1 minecraft:stone_swordx1 minecraft:raw_ironx2, nearby=animals=0 hostiles=0, mining_idle=true, hp=11.5/20.0, on_ground=true, pos=487,69,121, fall=0.0, held=minecraft:cobblestonex7, task_state=COMPLETED}
[02:01:59] [Server thread/INFO]: [AIBot] ACTION event=capability_decision bot=Bob {allowed=false, profile=strict_survival, capability=HIDDEN_BLOCK_SCAN, context=observable_block_query, reason=DENIED_STRICT_SURVIVAL}
[02:01:59] [Server thread/INFO]: [AIBot] ACTION event=capability_decision bot=Bob {allowed=false, profile=strict_survival, capability=HIDDEN_BLOCK_SCAN, context=perception_snapshot, reason=DENIED_STRICT_SURVIVAL}
[02:01:59] [Server thread/INFO]: [AIBot] ACTION event=capability_decision bot=Bob {allowed=false, profile=strict_survival, capability=HIDDEN_BLOCK_SCAN, context=diagnostic_nearby, reason=DENIED_STRICT_SURVIVAL}
[02:01:59] [Server thread/INFO]: [AIBot] ACTION event=diag_snapshot bot=Bob {submerged=false, light=15, step=, in_lava=false, task_phase=, goal=none, task_progress=1.0, task=move, mode=survival, air=300, food=17, path_idle=true, inv=minecraft:stone_axex1 minecraft:wooden_swordx1 minecraft:crafting_tablex1 minecraft:stickx2 minecraft:wooden_pickaxex1 minecraft:wooden_axex1 minecraft:cobblestonex7 minecraft:stone_pickaxex1 minecraft:eggx1 minecraft:stone_swordx1 minecraft:raw_ironx2, nearby=animals=0 hostiles=0, mining_idle=true, hp=11.5/20.0, on_ground=true, pos=487,69,121, fall=0.0, held=minecraft:cobblestonex7, task_state=COMPLETED}
[02:02:01] [Server thread/INFO]: [AIBot] ACTION event=diag_snapshot bot=Bob {submerged=false, light=15, step=, in_lava=false, task_phase=, goal=none, task_progress=1.0, task=move, mode=survival, air=300, food=17, path_idle=true, inv=minecraft:stone_axex1 minecraft:wooden_swordx1 minecraft:crafting_tablex1 minecraft:stickx2 minecraft:wooden_pickaxex1 minecraft:wooden_axex1 minecraft:cobblestonex7 minecraft:stone_pickaxex1 minecraft:eggx1 minecraft:stone_swordx1 minecraft:raw_ironx2, nearby=animals=0 hostiles=0, mining_idle=true, hp=11.5/20.0, on_ground=true, pos=487,69,121, fall=0.0, held=minecraft:cobblestonex7, task_state=COMPLETED}
[02:02:03] [Server thread/INFO]: [AIBot] ACTION event=capability_decision bot=Bob {allowed=false, profile=strict_survival, capability=HIDDEN_BLOCK_SCAN, context=observable_entity_query, reason=DENIED_STRICT_SURVIVAL}
[02:02:03] [Server thread/INFO]: [AIBot] ACTION event=diag_snapshot bot=Bob {submerged=false, light=15, step=, in_lava=false, task_phase=, goal=none, task_progress=1.0, task=move, mode=survival, air=300, food=17, path_idle=true, inv=minecraft:stone_axex1 minecraft:wooden_swordx1 minecraft:crafting_tablex1 minecraft:stickx2 minecraft:wooden_pickaxex1 minecraft:wooden_axex1 minecraft:cobblestonex7 minecraft:stone_pickaxex1 minecraft:eggx1 minecraft:stone_swordx1 minecraft:raw_ironx2, nearby=animals=0 hostiles=0, mining_idle=true, hp=11.5/20.0, on_ground=true, pos=487,69,121, fall=0.0, held=minecraft:cobblestonex7, task_state=COMPLETED}
[02:02:04] [Server thread/INFO]: [AIBot] ACTION event=capability_decision bot=Bob {allowed=false, profile=strict_survival, capability=HIDDEN_BLOCK_SCAN, context=observable_block_query, reason=DENIED_STRICT_SURVIVAL}
[02:02:04] [Server thread/INFO]: [AIBot] ACTION event=capability_decision bot=Bob {allowed=false, profile=strict_survival, capability=HIDDEN_BLOCK_SCAN, context=perception_snapshot, reason=DENIED_STRICT_SURVIVAL}
[02:02:05] [Server thread/INFO]: [AIBot] ACTION event=capability_decision bot=Bob {allowed=false, profile=strict_survival, capability=HIDDEN_BLOCK_SCAN, context=diagnostic_nearby, reason=DENIED_STRICT_SURVIVAL}
[02:02:05] [Server thread/INFO]: [AIBot] ACTION event=diag_snapshot bot=Bob {submerged=false, light=15, step=, in_lava=false, task_phase=, goal=none, task_progress=1.0, task=move, mode=survival, air=300, food=17, path_idle=true, inv=minecraft:stone_axex1 minecraft:wooden_swordx1 minecraft:crafting_tablex1 minecraft:stickx2 minecraft:wooden_pickaxex1 minecraft:wooden_axex1 minecraft:cobblestonex7 minecraft:stone_pickaxex1 minecraft:eggx1 minecraft:stone_swordx1 minecraft:raw_ironx2, nearby=animals=0 hostiles=0, mining_idle=true, hp=11.5/20.0, on_ground=true, pos=487,69,121, fall=0.0, held=minecraft:cobblestonex7, task_state=COMPLETED}
[02:02:07] [Server thread/INFO]: [AIBot] ACTION event=diag_snapshot bot=Bob {submerged=false, light=15, step=, in_lava=false, task_phase=, goal=none, task_progress=1.0, task=move, mode=survival, air=300, food=17, path_idle=true, inv=minecraft:stone_axex1 minecraft:wooden_swordx1 minecraft:crafting_tablex1 minecraft:stickx2 minecraft:wooden_pickaxex1 minecraft:wooden_axex1 minecraft:cobblestonex7 minecraft:stone_pickaxex1 minecraft:eggx1 minecraft:stone_swordx1 minecraft:raw_ironx2, nearby=animals=0 hostiles=0, mining_idle=true, hp=11.5/20.0, on_ground=true, pos=487,69,121, fall=0.0, held=minecraft:cobblestonex7, task_state=COMPLETED}
[02:02:09] [Server thread/INFO]: [AIBot] ACTION event=capability_decision bot=Bob {allowed=false, profile=strict_survival, capability=HIDDEN_BLOCK_SCAN, context=observable_block_query, reason=DENIED_STRICT_SURVIVAL}
[02:02:09] [Server thread/INFO]: [AIBot] ACTION event=capability_decision bot=Bob {allowed=false, profile=strict_survival, capability=HIDDEN_BLOCK_SCAN, context=perception_snapshot, reason=DENIED_STRICT_SURVIVAL}
[02:02:09] [Server thread/INFO]: [AIBot] ACTION event=capability_decision bot=Bob {allowed=false, profile=strict_survival, capability=HIDDEN_BLOCK_SCAN, context=observable_entity_query, reason=DENIED_STRICT_SURVIVAL}
[02:02:09] [Server thread/INFO]: [AIBot] ACTION event=diag_snapshot bot=Bob {submerged=false, light=15, step=, in_lava=false, task_phase=, goal=none, task_progress=1.0, task=move, mode=survival, air=300, food=17, path_idle=true, inv=minecraft:stone_axex1 minecraft:wooden_swordx1 minecraft:crafting_tablex1 minecraft:stickx2 minecraft:wooden_pickaxex1 minecraft:wooden_axex1 minecraft:cobblestonex7 minecraft:stone_pickaxex1 minecraft:eggx1 minecraft:stone_swordx1 minecraft:raw_ironx2, nearby=animals=0 hostiles=0, mining_idle=true, hp=11.5/20.0, on_ground=true, pos=487,69,121, fall=0.0, held=minecraft:cobblestonex7, task_state=COMPLETED}
[02:02:11] [Server thread/INFO]: [AIBot] ACTION event=capability_decision bot=Bob {allowed=false, profile=strict_survival, capability=HIDDEN_BLOCK_SCAN, context=diagnostic_nearby, reason=DENIED_STRICT_SURVIVAL}
[02:02:11] [Server thread/INFO]: [AIBot] ACTION event=diag_snapshot bot=Bob {submerged=false, light=15, step=, in_lava=false, task_phase=, goal=none, task_progress=1.0, task=move, mode=survival, air=300, food=17, path_idle=true, inv=minecraft:stone_axex1 minecraft:wooden_swordx1 minecraft:crafting_tablex1 minecraft:stickx2 minecraft:wooden_pickaxex1 minecraft:wooden_axex1 minecraft:cobblestonex7 minecraft:stone_pickaxex1 minecraft:eggx1 minecraft:stone_swordx1 minecraft:raw_ironx2, nearby=animals=0 hostiles=0, mining_idle=true, hp=11.5/20.0, on_ground=true, pos=487,69,121, fall=0.0, held=minecraft:cobblestonex7, task_state=COMPLETED}
[02:02:11] [RCON Listener #1/INFO]: Thread RCON Client /127.0.0.1 started
[02:02:11] [Server thread/INFO]: [Rcon: Changed the block at 489, 69, 122]
[02:02:11] [RCON Client /127.0.0.1 #12/INFO]: Thread RCON Client /127.0.0.1 shutting down
[02:02:12] [RCON Listener #1/INFO]: Thread RCON Client /127.0.0.1 started
[02:02:12] [Server thread/INFO]: [Rcon: Changed the block at 488, 70, 123]
[02:02:12] [RCON Client /127.0.0.1 #13/INFO]: Thread RCON Client /127.0.0.1 shutting down
[02:02:12] [Server thread/WARN]: [AIBot] PERCEPTION event=snapshot_slow bot=Bob {elapsed_ms=23}
[02:02:13] [Server thread/INFO]: [AIBot] ACTION event=diag_snapshot bot=Bob {submerged=false, light=15, step=, in_lava=false, task_phase=, goal=none, task_progress=1.0, task=move, mode=survival, air=300, food=17, path_idle=true, inv=minecraft:stone_axex1 minecraft:wooden_swordx1 minecraft:crafting_tablex1 minecraft:stickx2 minecraft:wooden_pickaxex1 minecraft:wooden_axex1 minecraft:cobblestonex7 minecraft:stone_pickaxex1 minecraft:eggx1 minecraft:stone_swordx1 minecraft:raw_ironx2, nearby=animals=0 hostiles=0, mining_idle=true, hp=11.5/20.0, on_ground=true, pos=487,69,121, fall=0.0, held=minecraft:cobblestonex7, task_state=COMPLETED}
[02:02:14] [Server thread/INFO]: [AIBot] ACTION event=capability_decision bot=Bob {allowed=false, profile=strict_survival, capability=HIDDEN_BLOCK_SCAN, context=observable_block_query, reason=DENIED_STRICT_SURVIVAL}
[02:02:14] [Server thread/INFO]: [AIBot] ACTION event=capability_decision bot=Bob {allowed=false, profile=strict_survival, capability=HIDDEN_BLOCK_SCAN, context=perception_snapshot, reason=DENIED_STRICT_SURVIVAL}
[02:02:15] [Server thread/INFO]: [AIBot] ACTION event=diag_snapshot bot=Bob {submerged=false, light=15, step=, in_lava=false, task_phase=, goal=none, task_progress=1.0, task=move, mode=survival, air=300, food=17, path_idle=true, inv=minecraft:stone_axex1 minecraft:wooden_swordx1 minecraft:crafting_tablex1 minecraft:stickx2 minecraft:wooden_pickaxex1 minecraft:wooden_axex1 minecraft:cobblestonex7 minecraft:stone_pickaxex1 minecraft:eggx1 minecraft:stone_swordx1 minecraft:raw_ironx2, nearby=animals=0 hostiles=0, mining_idle=true, hp=11.5/20.0, on_ground=true, pos=487,69,121, fall=0.0, held=minecraft:cobblestonex7, task_state=COMPLETED}
[02:02:17] [Server thread/INFO]: [AIBot] ACTION event=capability_decision bot=Bob {allowed=false, profile=strict_survival, capability=HIDDEN_BLOCK_SCAN, context=diagnostic_nearby, reason=DENIED_STRICT_SURVIVAL}
[02:02:17] [Server thread/INFO]: [AIBot] ACTION event=diag_snapshot bot=Bob {submerged=false, light=15, step=, in_lava=false, task_phase=, goal=none, task_progress=1.0, task=move, mode=survival, air=300, food=17, path_idle=true, inv=minecraft:stone_axex1 minecraft:wooden_swordx1 minecraft:crafting_tablex1 minecraft:stickx2 minecraft:wooden_pickaxex1 minecraft:wooden_axex1 minecraft:cobblestonex7 minecraft:stone_pickaxex1 minecraft:eggx1 minecraft:stone_swordx1 minecraft:raw_ironx2, nearby=animals=0 hostiles=0, mining_idle=true, hp=11.5/20.0, on_ground=true, pos=487,69,121, fall=0.0, held=minecraft:cobblestonex7, task_state=COMPLETED}
[02:02:19] [Server thread/INFO]: [AIBot] ACTION event=capability_decision bot=Bob {allowed=false, profile=strict_survival, capability=HIDDEN_BLOCK_SCAN, context=observable_block_query, reason=DENIED_STRICT_SURVIVAL}
[02:02:19] [Server thread/INFO]: [AIBot] ACTION event=capability_decision bot=Bob {allowed=false, profile=strict_survival, capability=HIDDEN_BLOCK_SCAN, context=perception_snapshot, reason=DENIED_STRICT_SURVIVAL}
[02:02:19] [Server thread/INFO]: [AIBot] ACTION event=diag_snapshot bot=Bob {submerged=false, light=15, step=, in_lava=false, task_phase=, goal=none, task_progress=1.0, task=move, mode=survival, air=300, food=17, path_idle=true, inv=minecraft:stone_axex1 minecraft:wooden_swordx1 minecraft:crafting_tablex1 minecraft:stickx2 minecraft:wooden_pickaxex1 minecraft:wooden_axex1 minecraft:cobblestonex7 minecraft:stone_pickaxex1 minecraft:eggx1 minecraft:stone_swordx1 minecraft:raw_ironx2, nearby=animals=0 hostiles=0, mining_idle=true, hp=11.5/20.0, on_ground=true, pos=487,69,121, fall=0.0, held=minecraft:cobblestonex7, task_state=COMPLETED}
[02:02:21] [Server thread/INFO]: [AIBot] ACTION event=diag_snapshot bot=Bob {submerged=false, light=15, step=, in_lava=false, task_phase=, goal=none, task_progress=1.0, task=move, mode=survival, air=300, food=17, path_idle=true, inv=minecraft:stone_axex1 minecraft:wooden_swordx1 minecraft:crafting_tablex1 minecraft:stickx2 minecraft:wooden_pickaxex1 minecraft:wooden_axex1 minecraft:cobblestonex7 minecraft:stone_pickaxex1 minecraft:eggx1 minecraft:stone_swordx1 minecraft:raw_ironx2, nearby=animals=0 hostiles=0, mining_idle=true, hp=11.5/20.0, on_ground=true, pos=487,69,121, fall=0.0, held=minecraft:cobblestonex7, task_state=COMPLETED}
[02:02:23] [Server thread/INFO]: [AIBot] ACTION event=capability_decision bot=Bob {allowed=false, profile=strict_survival, capability=HIDDEN_BLOCK_SCAN, context=diagnostic_nearby, reason=DENIED_STRICT_SURVIVAL}
[02:02:23] [Server thread/INFO]: [AIBot] ACTION event=diag_snapshot bot=Bob {submerged=false, light=15, step=, in_lava=false, task_phase=, goal=none, task_progress=1.0, task=move, mode=survival, air=300, food=17, path_idle=true, inv=minecraft:stone_axex1 minecraft:wooden_swordx1 minecraft:crafting_tablex1 minecraft:stickx2 minecraft:wooden_pickaxex1 minecraft:wooden_axex1 minecraft:cobblestonex7 minecraft:stone_pickaxex1 minecraft:eggx1 minecraft:stone_swordx1 minecraft:raw_ironx2, nearby=animals=0 hostiles=0, mining_idle=true, hp=11.5/20.0, on_ground=true, pos=487,69,121, fall=0.0, held=minecraft:cobblestonex7, task_state=COMPLETED}
[02:02:24] [Server thread/INFO]: [AIBot] ACTION event=capability_decision bot=Bob {allowed=false, profile=strict_survival, capability=HIDDEN_BLOCK_SCAN, context=observable_block_query, reason=DENIED_STRICT_SURVIVAL}
[02:02:24] [Server thread/INFO]: [AIBot] ACTION event=capability_decision bot=Bob {allowed=false, profile=strict_survival, capability=HIDDEN_BLOCK_SCAN, context=perception_snapshot, reason=DENIED_STRICT_SURVIVAL}
[02:02:25] [Server thread/INFO]: [AIBot] ACTION event=diag_snapshot bot=Bob {submerged=false, light=15, step=, in_lava=false, task_phase=, goal=none, task_progress=1.0, task=move, mode=survival, air=300, food=17, path_idle=true, inv=minecraft:stone_axex1 minecraft:wooden_swordx1 minecraft:crafting_tablex1 minecraft:stickx2 minecraft:wooden_pickaxex1 minecraft:wooden_axex1 minecraft:cobblestonex7 minecraft:stone_pickaxex1 minecraft:eggx1 minecraft:stone_swordx1 minecraft:raw_ironx2, nearby=animals=0 hostiles=0, mining_idle=true, hp=11.5/20.0, on_ground=true, pos=487,69,121, fall=0.0, held=minecraft:cobblestonex7, task_state=COMPLETED}
[02:02:27] [Server thread/INFO]: [AIBot] ACTION event=diag_snapshot bot=Bob {submerged=false, light=15, step=, in_lava=false, task_phase=, goal=none, task_progress=1.0, task=move, mode=survival, air=300, food=17, path_idle=true, inv=minecraft:stone_axex1 minecraft:wooden_swordx1 minecraft:crafting_tablex1 minecraft:stickx2 minecraft:wooden_pickaxex1 minecraft:wooden_axex1 minecraft:cobblestonex7 minecraft:stone_pickaxex1 minecraft:eggx1 minecraft:stone_swordx1 minecraft:raw_ironx2, nearby=animals=0 hostiles=0, mining_idle=true, hp=11.5/20.0, on_ground=true, pos=487,69,121, fall=0.0, held=minecraft:cobblestonex7, task_state=COMPLETED}
[02:02:29] [Server thread/INFO]: [AIBot] ACTION event=capability_decision bot=Bob {allowed=false, profile=strict_survival, capability=HIDDEN_BLOCK_SCAN, context=observable_block_query, reason=DENIED_STRICT_SURVIVAL}
[02:02:29] [Server thread/INFO]: [AIBot] ACTION event=capability_decision bot=Bob {allowed=false, profile=strict_survival, capability=HIDDEN_BLOCK_SCAN, context=perception_snapshot, reason=DENIED_STRICT_SURVIVAL}
[02:02:29] [Server thread/INFO]: [AIBot] ACTION event=capability_decision bot=Bob {allowed=false, profile=strict_survival, capability=HIDDEN_BLOCK_SCAN, context=diagnostic_nearby, reason=DENIED_STRICT_SURVIVAL}
[02:02:29] [Server thread/INFO]: [AIBot] ACTION event=capability_decision bot=Bob {allowed=false, profile=strict_survival, capability=HIDDEN_BLOCK_SCAN, context=observable_entity_query, reason=DENIED_STRICT_SURVIVAL}
[02:02:29] [Server thread/INFO]: [AIBot] ACTION event=diag_snapshot bot=Bob {submerged=false, light=15, step=, in_lava=false, task_phase=, goal=none, task_progress=1.0, task=move, mode=survival, air=300, food=17, path_idle=true, inv=minecraft:stone_axex1 minecraft:wooden_swordx1 minecraft:crafting_tablex1 minecraft:stickx2 minecraft:wooden_pickaxex1 minecraft:wooden_axex1 minecraft:cobblestonex7 minecraft:stone_pickaxex1 minecraft:eggx1 minecraft:stone_swordx1 minecraft:raw_ironx2, nearby=animals=0 hostiles=0, mining_idle=true, hp=11.5/20.0, on_ground=true, pos=487,69,121, fall=0.0, held=minecraft:cobblestonex7, task_state=COMPLETED}
[02:02:31] [Server thread/INFO]: [AIBot] ACTION event=diag_snapshot bot=Bob {submerged=false, light=15, step=, in_lava=false, task_phase=, goal=none, task_progress=1.0, task=move, mode=survival, air=300, food=17, path_idle=true, inv=minecraft:stone_axex1 minecraft:wooden_swordx1 minecraft:crafting_tablex1 minecraft:stickx2 minecraft:wooden_pickaxex1 minecraft:wooden_axex1 minecraft:cobblestonex7 minecraft:stone_pickaxex1 minecraft:eggx1 minecraft:stone_swordx1 minecraft:raw_ironx2, nearby=animals=0 hostiles=0, mining_idle=true, hp=11.5/20.0, on_ground=true, pos=487,69,121, fall=0.0, held=minecraft:cobblestonex7, task_state=COMPLETED}
[02:02:33] [Server thread/INFO]: [AIBot] ACTION event=diag_snapshot bot=Bob {submerged=false, light=15, step=, in_lava=false, task_phase=, goal=none, task_progress=1.0, task=move, mode=survival, air=300, food=17, path_idle=true, inv=minecraft:stone_axex1 minecraft:wooden_swordx1 minecraft:crafting_tablex1 minecraft:stickx2 minecraft:wooden_pickaxex1 minecraft:wooden_axex1 minecraft:cobblestonex7 minecraft:stone_pickaxex1 minecraft:eggx1 minecraft:stone_swordx1 minecraft:raw_ironx2, nearby=animals=0 hostiles=0, mining_idle=true, hp=11.5/20.0, on_ground=true, pos=487,69,121, fall=0.0, held=minecraft:cobblestonex7, task_state=COMPLETED}
[02:02:34] [Server thread/INFO]: [AIBot] ACTION event=capability_decision bot=Bob {allowed=false, profile=strict_survival, capability=HIDDEN_BLOCK_SCAN, context=observable_block_query, reason=DENIED_STRICT_SURVIVAL}
[02:02:34] [Server thread/INFO]: [AIBot] ACTION event=capability_decision bot=Bob {allowed=false, profile=strict_survival, capability=HIDDEN_BLOCK_SCAN, context=perception_snapshot, reason=DENIED_STRICT_SURVIVAL}
[02:02:34] [Server thread/WARN]: [AIBot] PERCEPTION event=snapshot_slow bot=Bob {elapsed_ms=11}
[02:02:35] [Server thread/INFO]: [AIBot] ACTION event=capability_decision bot=Bob {allowed=false, profile=strict_survival, capability=HIDDEN_BLOCK_SCAN, context=diagnostic_nearby, reason=DENIED_STRICT_SURVIVAL}
[02:02:35] [Server thread/INFO]: [AIBot] ACTION event=capability_decision bot=Bob {allowed=false, profile=strict_survival, capability=HIDDEN_BLOCK_SCAN, context=observable_entity_query, reason=DENIED_STRICT_SURVIVAL}
[02:02:35] [Server thread/INFO]: [AIBot] ACTION event=diag_snapshot bot=Bob {submerged=false, light=15, step=, in_lava=false, task_phase=, goal=none, task_progress=1.0, task=move, mode=survival, air=300, food=17, path_idle=true, inv=minecraft:stone_axex1 minecraft:wooden_swordx1 minecraft:crafting_tablex1 minecraft:stickx2 minecraft:wooden_pickaxex1 minecraft:wooden_axex1 minecraft:cobblestonex7 minecraft:stone_pickaxex1 minecraft:eggx1 minecraft:stone_swordx1 minecraft:raw_ironx2, nearby=animals=0 hostiles=0, mining_idle=true, hp=11.5/20.0, on_ground=true, pos=487,69,121, fall=0.0, held=minecraft:cobblestonex7, task_state=COMPLETED}
[02:02:37] [Server thread/INFO]: [AIBot] ACTION event=diag_snapshot bot=Bob {submerged=false, light=15, step=, in_lava=false, task_phase=, goal=none, task_progress=1.0, task=move, mode=survival, air=300, food=17, path_idle=true, inv=minecraft:stone_axex1 minecraft:wooden_swordx1 minecraft:crafting_tablex1 minecraft:stickx2 minecraft:wooden_pickaxex1 minecraft:wooden_axex1 minecraft:cobblestonex7 minecraft:stone_pickaxex1 minecraft:eggx1 minecraft:stone_swordx1 minecraft:raw_ironx2, nearby=animals=0 hostiles=0, mining_idle=true, hp=11.5/20.0, on_ground=true, pos=487,69,121, fall=0.0, held=minecraft:cobblestonex7, task_state=COMPLETED}
[02:02:39] [Server thread/INFO]: [AIBot] LIFECYCLE event=mixin_alive bot=- {server_tick=25200}
[02:02:39] [Server thread/INFO]: [AIBot] ACTION event=capability_decision bot=Bob {allowed=false, profile=strict_survival, capability=HIDDEN_BLOCK_SCAN, context=observable_block_query, reason=DENIED_STRICT_SURVIVAL}
[02:02:39] [Server thread/INFO]: [AIBot] ACTION event=capability_decision bot=Bob {allowed=false, profile=strict_survival, capability=HIDDEN_BLOCK_SCAN, context=perception_snapshot, reason=DENIED_STRICT_SURVIVAL}
[02:02:39] [Server thread/INFO]: [AIBot] ACTION event=diag_snapshot bot=Bob {submerged=false, light=15, step=, in_lava=false, task_phase=, goal=none, task_progress=1.0, task=move, mode=survival, air=300, food=17, path_idle=true, inv=minecraft:stone_axex1 minecraft:wooden_swordx1 minecraft:crafting_tablex1 minecraft:stickx2 minecraft:wooden_pickaxex1 minecraft:wooden_axex1 minecraft:cobblestonex7 minecraft:stone_pickaxex1 minecraft:eggx1 minecraft:stone_swordx1 minecraft:raw_ironx2, nearby=animals=0 hostiles=0, mining_idle=true, hp=11.5/20.0, on_ground=true, pos=487,69,121, fall=0.0, held=minecraft:cobblestonex7, task_state=COMPLETED}
[02:02:41] [Server thread/INFO]: [AIBot] ACTION event=capability_decision bot=Bob {allowed=false, profile=strict_survival, capability=HIDDEN_BLOCK_SCAN, context=diagnostic_nearby, reason=DENIED_STRICT_SURVIVAL}
[02:02:41] [Server thread/INFO]: [AIBot] ACTION event=capability_decision bot=Bob {allowed=false, profile=strict_survival, capability=HIDDEN_BLOCK_SCAN, context=observable_entity_query, reason=DENIED_STRICT_SURVIVAL}
[02:02:41] [Server thread/INFO]: [AIBot] ACTION event=diag_snapshot bot=Bob {submerged=false, light=15, step=, in_lava=false, task_phase=, goal=none, task_progress=1.0, task=move, mode=survival, air=300, food=17, path_idle=true, inv=minecraft:stone_axex1 minecraft:wooden_swordx1 minecraft:crafting_tablex1 minecraft:stickx2 minecraft:wooden_pickaxex1 minecraft:wooden_axex1 minecraft:cobblestonex7 minecraft:stone_pickaxex1 minecraft:eggx1 minecraft:stone_swordx1 minecraft:raw_ironx2, nearby=animals=0 hostiles=0, mining_idle=true, hp=11.5/20.0, on_ground=true, pos=487,69,121, fall=0.0, held=minecraft:cobblestonex7, task_state=COMPLETED}
[02:02:43] [Server thread/INFO]: [AIBot] ACTION event=diag_snapshot bot=Bob {submerged=false, light=15, step=, in_lava=false, task_phase=, goal=none, task_progress=1.0, task=move, mode=survival, air=300, food=17, path_idle=true, inv=minecraft:stone_axex1 minecraft:wooden_swordx1 minecraft:crafting_tablex1 minecraft:stickx2 minecraft:wooden_pickaxex1 minecraft:wooden_axex1 minecraft:cobblestonex7 minecraft:stone_pickaxex1 minecraft:eggx1 minecraft:stone_swordx1 minecraft:raw_ironx2, nearby=animals=0 hostiles=0, mining_idle=true, hp=11.5/20.0, on_ground=true, pos=487,69,121, fall=0.0, held=minecraft:cobblestonex7, task_state=COMPLETED}
[02:02:44] [Server thread/INFO]: [AIBot] ACTION event=capability_decision bot=Bob {allowed=false, profile=strict_survival, capability=HIDDEN_BLOCK_SCAN, context=observable_block_query, reason=DENIED_STRICT_SURVIVAL}
[02:02:44] [Server thread/INFO]: [AIBot] ACTION event=capability_decision bot=Bob {allowed=false, profile=strict_survival, capability=HIDDEN_BLOCK_SCAN, context=perception_snapshot, reason=DENIED_STRICT_SURVIVAL}
[02:02:44] [Server thread/WARN]: [AIBot] PERCEPTION event=snapshot_slow bot=Bob {elapsed_ms=11}
[02:02:45] [Server thread/INFO]: [AIBot] ACTION event=diag_snapshot bot=Bob {submerged=false, light=15, step=, in_lava=false, task_phase=, goal=none, task_progress=1.0, task=move, mode=survival, air=300, food=17, path_idle=true, inv=minecraft:stone_axex1 minecraft:wooden_swordx1 minecraft:crafting_tablex1 minecraft:stickx2 minecraft:wooden_pickaxex1 minecraft:wooden_axex1 minecraft:cobblestonex7 minecraft:stone_pickaxex1 minecraft:eggx1 minecraft:stone_swordx1 minecraft:raw_ironx2, nearby=animals=0 hostiles=0, mining_idle=true, hp=11.5/20.0, on_ground=true, pos=487,69,121, fall=0.0, held=minecraft:cobblestonex7, task_state=COMPLETED}
[02:02:47] [Server thread/INFO]: [AIBot] ACTION event=capability_decision bot=Bob {allowed=false, profile=strict_survival, capability=HIDDEN_BLOCK_SCAN, context=diagnostic_nearby, reason=DENIED_STRICT_SURVIVAL}
[02:02:47] [Server thread/INFO]: [AIBot] ACTION event=capability_decision bot=Bob {allowed=false, profile=strict_survival, capability=HIDDEN_BLOCK_SCAN, context=observable_entity_query, reason=DENIED_STRICT_SURVIVAL}
[02:02:47] [Server thread/INFO]: [AIBot] ACTION event=diag_snapshot bot=Bob {submerged=false, light=15, step=, in_lava=false, task_phase=, goal=none, task_progress=1.0, task=move, mode=survival, air=300, food=17, path_idle=true, inv=minecraft:stone_axex1 minecraft:wooden_swordx1 minecraft:crafting_tablex1 minecraft:stickx2 minecraft:wooden_pickaxex1 minecraft:wooden_axex1 minecraft:cobblestonex7 minecraft:stone_pickaxex1 minecraft:eggx1 minecraft:stone_swordx1 minecraft:raw_ironx2, nearby=animals=0 hostiles=0, mining_idle=true, hp=11.5/20.0, on_ground=true, pos=487,69,121, fall=0.0, held=minecraft:cobblestonex7, task_state=COMPLETED}
[02:02:49] [Server thread/INFO]: [AIBot] ACTION event=capability_decision bot=Bob {allowed=false, profile=strict_survival, capability=HIDDEN_BLOCK_SCAN, context=observable_block_query, reason=DENIED_STRICT_SURVIVAL}
[02:02:49] [Server thread/INFO]: [AIBot] ACTION event=capability_decision bot=Bob {allowed=false, profile=strict_survival, capability=HIDDEN_BLOCK_SCAN, context=perception_snapshot, reason=DENIED_STRICT_SURVIVAL}
[02:02:49] [Server thread/INFO]: [AIBot] ACTION event=diag_snapshot bot=Bob {submerged=false, light=15, step=, in_lava=false, task_phase=, goal=none, task_progress=1.0, task=move, mode=survival, air=300, food=17, path_idle=true, inv=minecraft:stone_axex1 minecraft:wooden_swordx1 minecraft:crafting_tablex1 minecraft:stickx2 minecraft:wooden_pickaxex1 minecraft:wooden_axex1 minecraft:cobblestonex7 minecraft:stone_pickaxex1 minecraft:eggx1 minecraft:stone_swordx1 minecraft:raw_ironx2, nearby=animals=0 hostiles=0, mining_idle=true, hp=11.5/20.0, on_ground=true, pos=487,69,121, fall=0.0, held=minecraft:cobblestonex7, task_state=COMPLETED}
[02:02:51] [Server thread/INFO]: [AIBot] ACTION event=diag_snapshot bot=Bob {submerged=false, light=15, step=, in_lava=false, task_phase=, goal=none, task_progress=1.0, task=move, mode=survival, air=300, food=17, path_idle=true, inv=minecraft:stone_axex1 minecraft:wooden_swordx1 minecraft:crafting_tablex1 minecraft:stickx2 minecraft:wooden_pickaxex1 minecraft:wooden_axex1 minecraft:cobblestonex7 minecraft:stone_pickaxex1 minecraft:eggx1 minecraft:stone_swordx1 minecraft:raw_ironx2, nearby=animals=0 hostiles=0, mining_idle=true, hp=11.5/20.0, on_ground=true, pos=487,69,121, fall=0.0, held=minecraft:cobblestonex7, task_state=COMPLETED}
[02:02:53] [Server thread/INFO]: [AIBot] ACTION event=capability_decision bot=Bob {allowed=false, profile=strict_survival, capability=HIDDEN_BLOCK_SCAN, context=diagnostic_nearby, reason=DENIED_STRICT_SURVIVAL}
[02:02:53] [Server thread/INFO]: [AIBot] ACTION event=capability_decision bot=Bob {allowed=false, profile=strict_survival, capability=HIDDEN_BLOCK_SCAN, context=observable_entity_query, reason=DENIED_STRICT_SURVIVAL}
[02:02:53] [Server thread/INFO]: [AIBot] ACTION event=diag_snapshot bot=Bob {submerged=false, light=15, step=, in_lava=false, task_phase=, goal=none, task_progress=1.0, task=move, mode=survival, air=300, food=17, path_idle=true, inv=minecraft:stone_axex1 minecraft:wooden_swordx1 minecraft:crafting_tablex1 minecraft:stickx2 minecraft:wooden_pickaxex1 minecraft:wooden_axex1 minecraft:cobblestonex7 minecraft:stone_pickaxex1 minecraft:eggx1 minecraft:stone_swordx1 minecraft:raw_ironx2, nearby=animals=0 hostiles=0, mining_idle=true, hp=11.5/20.0, on_ground=true, pos=487,69,121, fall=0.0, held=minecraft:cobblestonex7, task_state=COMPLETED}
[02:02:54] [Server thread/INFO]: [AIBot] ACTION event=capability_decision bot=Bob {allowed=false, profile=strict_survival, capability=HIDDEN_BLOCK_SCAN, context=observable_block_query, reason=DENIED_STRICT_SURVIVAL}
[02:02:54] [Server thread/INFO]: [AIBot] ACTION event=capability_decision bot=Bob {allowed=false, profile=strict_survival, capability=HIDDEN_BLOCK_SCAN, context=perception_snapshot, reason=DENIED_STRICT_SURVIVAL}
[02:02:55] [Server thread/INFO]: [AIBot] ACTION event=diag_snapshot bot=Bob {submerged=false, light=15, step=, in_lava=false, task_phase=, goal=none, task_progress=1.0, task=move, mode=survival, air=300, food=17, path_idle=true, inv=minecraft:stone_axex1 minecraft:wooden_swordx1 minecraft:crafting_tablex1 minecraft:stickx2 minecraft:wooden_pickaxex1 minecraft:wooden_axex1 minecraft:cobblestonex7 minecraft:stone_pickaxex1 minecraft:eggx1 minecraft:stone_swordx1 minecraft:raw_ironx2, nearby=animals=0 hostiles=0, mining_idle=true, hp=11.5/20.0, on_ground=true, pos=487,69,121, fall=0.0, held=minecraft:cobblestonex7, task_state=COMPLETED}
[02:02:57] [Server thread/INFO]: [AIBot] ACTION event=diag_snapshot bot=Bob {submerged=false, light=15, step=, in_lava=false, task_phase=, goal=none, task_progress=1.0, task=move, mode=survival, air=300, food=17, path_idle=true, inv=minecraft:stone_axex1 minecraft:wooden_swordx1 minecraft:crafting_tablex1 minecraft:stickx2 minecraft:wooden_pickaxex1 minecraft:wooden_axex1 minecraft:cobblestonex7 minecraft:stone_pickaxex1 minecraft:eggx1 minecraft:stone_swordx1 minecraft:raw_ironx2, nearby=animals=0 hostiles=0, mining_idle=true, hp=11.5/20.0, on_ground=true, pos=487,69,121, fall=0.0, held=minecraft:cobblestonex7, task_state=COMPLETED}
[02:02:59] [Server thread/INFO]: [AIBot] ACTION event=capability_decision bot=Bob {allowed=false, profile=strict_survival, capability=HIDDEN_BLOCK_SCAN, context=observable_block_query, reason=DENIED_STRICT_SURVIVAL}
[02:02:59] [Server thread/INFO]: [AIBot] ACTION event=capability_decision bot=Bob {allowed=false, profile=strict_survival, capability=HIDDEN_BLOCK_SCAN, context=perception_snapshot, reason=DENIED_STRICT_SURVIVAL}
[02:02:59] [Server thread/INFO]: [AIBot] ACTION event=capability_decision bot=Bob {allowed=false, profile=strict_survival, capability=HIDDEN_BLOCK_SCAN, context=diagnostic_nearby, reason=DENIED_STRICT_SURVIVAL}
[02:02:59] [Server thread/INFO]: [AIBot] ACTION event=capability_decision bot=Bob {allowed=false, profile=strict_survival, capability=HIDDEN_BLOCK_SCAN, context=observable_entity_query, reason=DENIED_STRICT_SURVIVAL}
[02:02:59] [Server thread/INFO]: [AIBot] ACTION event=diag_snapshot bot=Bob {submerged=false, light=15, step=, in_lava=false, task_phase=, goal=none, task_progress=1.0, task=move, mode=survival, air=300, food=17, path_idle=true, inv=minecraft:stone_axex1 minecraft:wooden_swordx1 minecraft:crafting_tablex1 minecraft:stickx2 minecraft:wooden_pickaxex1 minecraft:wooden_axex1 minecraft:cobblestonex7 minecraft:stone_pickaxex1 minecraft:eggx1 minecraft:stone_swordx1 minecraft:raw_ironx2, nearby=animals=0 hostiles=0, mining_idle=true, hp=11.5/20.0, on_ground=true, pos=487,69,121, fall=0.0, held=minecraft:cobblestonex7, task_state=COMPLETED}
[02:03:01] [Server thread/INFO]: [AIBot] ACTION event=diag_snapshot bot=Bob {submerged=false, light=15, step=, in_lava=false, task_phase=, goal=none, task_progress=1.0, task=move, mode=survival, air=300, food=17, path_idle=true, inv=minecraft:stone_axex1 minecraft:wooden_swordx1 minecraft:crafting_tablex1 minecraft:stickx2 minecraft:wooden_pickaxex1 minecraft:wooden_axex1 minecraft:cobblestonex7 minecraft:stone_pickaxex1 minecraft:eggx1 minecraft:stone_swordx1 minecraft:raw_ironx2, nearby=animals=0 hostiles=0, mining_idle=true, hp=11.5/20.0, on_ground=true, pos=487,69,121, fall=0.0, held=minecraft:cobblestonex7, task_state=COMPLETED}
[02:03:03] [Server thread/INFO]: [AIBot] ACTION event=diag_snapshot bot=Bob {submerged=false, light=15, step=, in_lava=false, task_phase=, goal=none, task_progress=1.0, task=move, mode=survival, air=300, food=17, path_idle=true, inv=minecraft:stone_axex1 minecraft:wooden_swordx1 minecraft:crafting_tablex1 minecraft:stickx2 minecraft:wooden_pickaxex1 minecraft:wooden_axex1 minecraft:cobblestonex7 minecraft:stone_pickaxex1 minecraft:eggx1 minecraft:stone_swordx1 minecraft:raw_ironx2, nearby=animals=0 hostiles=0, mining_idle=true, hp=11.5/20.0, on_ground=true, pos=487,69,121, fall=0.0, held=minecraft:cobblestonex7, task_state=COMPLETED}
[02:03:04] [Server thread/INFO]: [AIBot] ACTION event=capability_decision bot=Bob {allowed=false, profile=strict_survival, capability=HIDDEN_BLOCK_SCAN, context=observable_block_query, reason=DENIED_STRICT_SURVIVAL}
[02:03:04] [Server thread/INFO]: [AIBot] ACTION event=capability_decision bot=Bob {allowed=false, profile=strict_survival, capability=HIDDEN_BLOCK_SCAN, context=perception_snapshot, reason=DENIED_STRICT_SURVIVAL}
[02:03:05] [Server thread/INFO]: [AIBot] ACTION event=capability_decision bot=Bob {allowed=false, profile=strict_survival, capability=HIDDEN_BLOCK_SCAN, context=diagnostic_nearby, reason=DENIED_STRICT_SURVIVAL}
[02:03:05] [Server thread/INFO]: [AIBot] ACTION event=diag_snapshot bot=Bob {submerged=false, light=15, step=, in_lava=false, task_phase=, goal=none, task_progress=1.0, task=move, mode=survival, air=300, food=17, path_idle=true, inv=minecraft:stone_axex1 minecraft:wooden_swordx1 minecraft:crafting_tablex1 minecraft:stickx2 minecraft:wooden_pickaxex1 minecraft:wooden_axex1 minecraft:cobblestonex7 minecraft:stone_pickaxex1 minecraft:eggx1 minecraft:stone_swordx1 minecraft:raw_ironx2, nearby=animals=0 hostiles=0, mining_idle=true, hp=11.5/20.0, on_ground=true, pos=487,69,121, fall=0.0, held=minecraft:cobblestonex7, task_state=COMPLETED}
[02:03:07] [Server thread/INFO]: [AIBot] ACTION event=diag_snapshot bot=Bob {submerged=false, light=15, step=, in_lava=false, task_phase=, goal=none, task_progress=1.0, task=move, mode=survival, air=300, food=17, path_idle=true, inv=minecraft:stone_axex1 minecraft:wooden_swordx1 minecraft:crafting_tablex1 minecraft:stickx2 minecraft:wooden_pickaxex1 minecraft:wooden_axex1 minecraft:cobblestonex7 minecraft:stone_pickaxex1 minecraft:eggx1 minecraft:stone_swordx1 minecraft:raw_ironx2, nearby=animals=0 hostiles=0, mining_idle=true, hp=11.5/20.0, on_ground=true, pos=487,69,121, fall=0.0, held=minecraft:cobblestonex7, task_state=COMPLETED}
[02:03:09] [Server thread/INFO]: [AIBot] ACTION event=capability_decision bot=Bob {allowed=false, profile=strict_survival, capability=HIDDEN_BLOCK_SCAN, context=observable_block_query, reason=DENIED_STRICT_SURVIVAL}
[02:03:09] [Server thread/INFO]: [AIBot] ACTION event=capability_decision bot=Bob {allowed=false, profile=strict_survival, capability=HIDDEN_BLOCK_SCAN, context=perception_snapshot, reason=DENIED_STRICT_SURVIVAL}
[02:03:09] [Server thread/INFO]: [AIBot] ACTION event=diag_snapshot bot=Bob {submerged=false, light=15, step=, in_lava=false, task_phase=, goal=none, task_progress=1.0, task=move, mode=survival, air=300, food=17, path_idle=true, inv=minecraft:stone_axex1 minecraft:wooden_swordx1 minecraft:crafting_tablex1 minecraft:stickx2 minecraft:wooden_pickaxex1 minecraft:wooden_axex1 minecraft:cobblestonex7 minecraft:stone_pickaxex1 minecraft:eggx1 minecraft:stone_swordx1 minecraft:raw_ironx2, nearby=animals=0 hostiles=0, mining_idle=true, hp=11.5/20.0, on_ground=true, pos=487,69,121, fall=0.0, held=minecraft:cobblestonex7, task_state=COMPLETED}
[02:03:11] [Server thread/INFO]: [AIBot] ACTION event=capability_decision bot=Bob {allowed=false, profile=strict_survival, capability=HIDDEN_BLOCK_SCAN, context=diagnostic_nearby, reason=DENIED_STRICT_SURVIVAL}
[02:03:11] [Server thread/INFO]: [AIBot] ACTION event=diag_snapshot bot=Bob {submerged=false, light=15, step=, in_lava=false, task_phase=, goal=none, task_progress=1.0, task=move, mode=survival, air=300, food=17, path_idle=true, inv=minecraft:stone_axex1 minecraft:wooden_swordx1 minecraft:crafting_tablex1 minecraft:stickx2 minecraft:wooden_pickaxex1 minecraft:wooden_axex1 minecraft:cobblestonex7 minecraft:stone_pickaxex1 minecraft:eggx1 minecraft:stone_swordx1 minecraft:raw_ironx2, nearby=animals=0 hostiles=0, mining_idle=true, hp=11.5/20.0, on_ground=true, pos=487,69,121, fall=0.0, held=minecraft:cobblestonex7, task_state=COMPLETED}
[02:03:13] [Server thread/INFO]: [AIBot] ACTION event=capability_decision bot=Bob {allowed=false, profile=strict_survival, capability=HIDDEN_BLOCK_SCAN, context=observable_entity_query, reason=DENIED_STRICT_SURVIVAL}
[02:03:13] [Server thread/INFO]: [AIBot] ACTION event=diag_snapshot bot=Bob {submerged=false, light=15, step=, in_lava=false, task_phase=, goal=none, task_progress=1.0, task=move, mode=survival, air=300, food=17, path_idle=true, inv=minecraft:stone_axex1 minecraft:wooden_swordx1 minecraft:crafting_tablex1 minecraft:stickx2 minecraft:wooden_pickaxex1 minecraft:wooden_axex1 minecraft:cobblestonex7 minecraft:stone_pickaxex1 minecraft:eggx1 minecraft:stone_swordx1 minecraft:raw_ironx2, nearby=animals=0 hostiles=0, mining_idle=true, hp=11.5/20.0, on_ground=true, pos=487,69,121, fall=0.0, held=minecraft:cobblestonex7, task_state=COMPLETED}
[02:03:14] [Server thread/INFO]: [AIBot] ACTION event=capability_decision bot=Bob {allowed=false, profile=strict_survival, capability=HIDDEN_BLOCK_SCAN, context=observable_block_query, reason=DENIED_STRICT_SURVIVAL}
[02:03:14] [Server thread/INFO]: [AIBot] ACTION event=capability_decision bot=Bob {allowed=false, profile=strict_survival, capability=HIDDEN_BLOCK_SCAN, context=perception_snapshot, reason=DENIED_STRICT_SURVIVAL}
[02:03:15] [Server thread/INFO]: [AIBot] ACTION event=diag_snapshot bot=Bob {submerged=false, light=15, step=, in_lava=false, task_phase=, goal=none, task_progress=1.0, task=move, mode=survival, air=300, food=17, path_idle=true, inv=minecraft:stone_axex1 minecraft:wooden_swordx1 minecraft:crafting_tablex1 minecraft:stickx2 minecraft:wooden_pickaxex1 minecraft:wooden_axex1 minecraft:cobblestonex7 minecraft:stone_pickaxex1 minecraft:eggx1 minecraft:stone_swordx1 minecraft:raw_ironx2, nearby=animals=0 hostiles=0, mining_idle=true, hp=11.5/20.0, on_ground=true, pos=487,69,121, fall=0.0, held=minecraft:cobblestonex7, task_state=COMPLETED}
[02:03:17] [Server thread/INFO]: [AIBot] ACTION event=capability_decision bot=Bob {allowed=false, profile=strict_survival, capability=HIDDEN_BLOCK_SCAN, context=diagnostic_nearby, reason=DENIED_STRICT_SURVIVAL}
[02:03:17] [Server thread/INFO]: [AIBot] ACTION event=diag_snapshot bot=Bob {submerged=false, light=15, step=, in_lava=false, task_phase=, goal=none, task_progress=1.0, task=move, mode=survival, air=300, food=17, path_idle=true, inv=minecraft:stone_axex1 minecraft:wooden_swordx1 minecraft:crafting_tablex1 minecraft:stickx2 minecraft:wooden_pickaxex1 minecraft:wooden_axex1 minecraft:cobblestonex7 minecraft:stone_pickaxex1 minecraft:eggx1 minecraft:stone_swordx1 minecraft:raw_ironx2, nearby=animals=0 hostiles=0, mining_idle=true, hp=11.5/20.0, on_ground=true, pos=487,69,121, fall=0.0, held=minecraft:cobblestonex7, task_state=COMPLETED}
[02:03:19] [Server thread/INFO]: [AIBot] ACTION event=capability_decision bot=Bob {allowed=false, profile=strict_survival, capability=HIDDEN_BLOCK_SCAN, context=observable_block_query, reason=DENIED_STRICT_SURVIVAL}
[02:03:19] [Server thread/INFO]: [AIBot] ACTION event=capability_decision bot=Bob {allowed=false, profile=strict_survival, capability=HIDDEN_BLOCK_SCAN, context=perception_snapshot, reason=DENIED_STRICT_SURVIVAL}
[02:03:19] [Server thread/INFO]: [AIBot] ACTION event=capability_decision bot=Bob {allowed=false, profile=strict_survival, capability=HIDDEN_BLOCK_SCAN, context=observable_entity_query, reason=DENIED_STRICT_SURVIVAL}
[02:03:19] [Server thread/INFO]: [AIBot] ACTION event=diag_snapshot bot=Bob {submerged=false, light=15, step=, in_lava=false, task_phase=, goal=none, task_progress=1.0, task=move, mode=survival, air=300, food=17, path_idle=true, inv=minecraft:stone_axex1 minecraft:wooden_swordx1 minecraft:crafting_tablex1 minecraft:stickx2 minecraft:wooden_pickaxex1 minecraft:wooden_axex1 minecraft:cobblestonex7 minecraft:stone_pickaxex1 minecraft:eggx1 minecraft:stone_swordx1 minecraft:raw_ironx2, nearby=animals=0 hostiles=0, mining_idle=true, hp=11.5/20.0, on_ground=true, pos=487,69,121, fall=0.0, held=minecraft:cobblestonex7, task_state=COMPLETED}
[02:03:21] [Server thread/INFO]: [AIBot] ACTION event=diag_snapshot bot=Bob {submerged=false, light=15, step=, in_lava=false, task_phase=, goal=none, task_progress=1.0, task=move, mode=survival, air=300, food=17, path_idle=true, inv=minecraft:stone_axex1 minecraft:wooden_swordx1 minecraft:crafting_tablex1 minecraft:stickx2 minecraft:wooden_pickaxex1 minecraft:wooden_axex1 minecraft:cobblestonex7 minecraft:stone_pickaxex1 minecraft:eggx1 minecraft:stone_swordx1 minecraft:raw_ironx2, nearby=animals=0 hostiles=0, mining_idle=true, hp=11.5/20.0, on_ground=true, pos=487,69,121, fall=0.0, held=minecraft:cobblestonex7, task_state=COMPLETED}
[02:03:23] [Server thread/INFO]: [AIBot] ACTION event=capability_decision bot=Bob {allowed=false, profile=strict_survival, capability=HIDDEN_BLOCK_SCAN, context=diagnostic_nearby, reason=DENIED_STRICT_SURVIVAL}
[02:03:23] [Server thread/INFO]: [AIBot] ACTION event=diag_snapshot bot=Bob {submerged=false, light=15, step=, in_lava=false, task_phase=, goal=none, task_progress=1.0, task=move, mode=survival, air=300, food=17, path_idle=true, inv=minecraft:stone_axex1 minecraft:wooden_swordx1 minecraft:crafting_tablex1 minecraft:stickx2 minecraft:wooden_pickaxex1 minecraft:wooden_axex1 minecraft:cobblestonex7 minecraft:stone_pickaxex1 minecraft:eggx1 minecraft:stone_swordx1 minecraft:raw_ironx2, nearby=animals=0 hostiles=0, mining_idle=true, hp=11.5/20.0, on_ground=true, pos=487,69,121, fall=0.0, held=minecraft:cobblestonex7, task_state=COMPLETED}
[02:03:24] [Server thread/INFO]: [AIBot] ACTION event=capability_decision bot=Bob {allowed=false, profile=strict_survival, capability=HIDDEN_BLOCK_SCAN, context=observable_block_query, reason=DENIED_STRICT_SURVIVAL}
[02:03:24] [Server thread/INFO]: [AIBot] ACTION event=capability_decision bot=Bob {allowed=false, profile=strict_survival, capability=HIDDEN_BLOCK_SCAN, context=perception_snapshot, reason=DENIED_STRICT_SURVIVAL}
[02:03:25] [Server thread/INFO]: [AIBot] ACTION event=capability_decision bot=Bob {allowed=false, profile=strict_survival, capability=HIDDEN_BLOCK_SCAN, context=observable_entity_query, reason=DENIED_STRICT_SURVIVAL}
[02:03:25] [Server thread/INFO]: [AIBot] ACTION event=diag_snapshot bot=Bob {submerged=false, light=15, step=, in_lava=false, task_phase=, goal=none, task_progress=1.0, task=move, mode=survival, air=300, food=17, path_idle=true, inv=minecraft:stone_axex1 minecraft:wooden_swordx1 minecraft:crafting_tablex1 minecraft:stickx2 minecraft:wooden_pickaxex1 minecraft:wooden_axex1 minecraft:cobblestonex7 minecraft:stone_pickaxex1 minecraft:eggx1 minecraft:stone_swordx1 minecraft:raw_ironx2, nearby=animals=0 hostiles=0, mining_idle=true, hp=11.5/20.0, on_ground=true, pos=487,69,121, fall=0.0, held=minecraft:cobblestonex7, task_state=COMPLETED}
[02:03:27] [Server thread/INFO]: [AIBot] ACTION event=diag_snapshot bot=Bob {submerged=false, light=15, step=, in_lava=false, task_phase=, goal=none, task_progress=1.0, task=move, mode=survival, air=300, food=17, path_idle=true, inv=minecraft:stone_axex1 minecraft:wooden_swordx1 minecraft:crafting_tablex1 minecraft:stickx2 minecraft:wooden_pickaxex1 minecraft:wooden_axex1 minecraft:cobblestonex7 minecraft:stone_pickaxex1 minecraft:eggx1 minecraft:stone_swordx1 minecraft:raw_ironx2, nearby=animals=0 hostiles=0, mining_idle=true, hp=11.5/20.0, on_ground=true, pos=487,69,121, fall=0.0, held=minecraft:cobblestonex7, task_state=COMPLETED}
[02:03:29] [Server thread/INFO]: [AIBot] ACTION event=capability_decision bot=Bob {allowed=false, profile=strict_survival, capability=HIDDEN_BLOCK_SCAN, context=observable_block_query, reason=DENIED_STRICT_SURVIVAL}
[02:03:29] [Server thread/INFO]: [AIBot] ACTION event=capability_decision bot=Bob {allowed=false, profile=strict_survival, capability=HIDDEN_BLOCK_SCAN, context=perception_snapshot, reason=DENIED_STRICT_SURVIVAL}
[02:03:29] [Server thread/INFO]: [AIBot] ACTION event=capability_decision bot=Bob {allowed=false, profile=strict_survival, capability=HIDDEN_BLOCK_SCAN, context=diagnostic_nearby, reason=DENIED_STRICT_SURVIVAL}
[02:03:29] [Server thread/INFO]: [AIBot] ACTION event=diag_snapshot bot=Bob {submerged=false, light=15, step=, in_lava=false, task_phase=, goal=none, task_progress=1.0, task=move, mode=survival, air=300, food=17, path_idle=true, inv=minecraft:stone_axex1 minecraft:wooden_swordx1 minecraft:crafting_tablex1 minecraft:stickx2 minecraft:wooden_pickaxex1 minecraft:wooden_axex1 minecraft:cobblestonex7 minecraft:stone_pickaxex1 minecraft:eggx1 minecraft:stone_swordx1 minecraft:raw_ironx2, nearby=animals=0 hostiles=0, mining_idle=true, hp=11.5/20.0, on_ground=true, pos=487,69,121, fall=0.0, held=minecraft:cobblestonex7, task_state=COMPLETED}
[02:03:31] [Server thread/INFO]: [AIBot] ACTION event=capability_decision bot=Bob {allowed=false, profile=strict_survival, capability=HIDDEN_BLOCK_SCAN, context=observable_entity_query, reason=DENIED_STRICT_SURVIVAL}
[02:03:31] [Server thread/INFO]: [AIBot] ACTION event=diag_snapshot bot=Bob {submerged=false, light=15, step=, in_lava=false, task_phase=, goal=none, task_progress=1.0, task=move, mode=survival, air=300, food=17, path_idle=true, inv=minecraft:stone_axex1 minecraft:wooden_swordx1 minecraft:crafting_tablex1 minecraft:stickx2 minecraft:wooden_pickaxex1 minecraft:wooden_axex1 minecraft:cobblestonex7 minecraft:stone_pickaxex1 minecraft:eggx1 minecraft:stone_swordx1 minecraft:raw_ironx2, nearby=animals=0 hostiles=0, mining_idle=true, hp=11.5/20.0, on_ground=true, pos=487,69,121, fall=0.0, held=minecraft:cobblestonex7, task_state=COMPLETED}
[02:03:33] [Server thread/INFO]: [AIBot] ACTION event=diag_snapshot bot=Bob {submerged=false, light=15, step=, in_lava=false, task_phase=, goal=none, task_progress=1.0, task=move, mode=survival, air=300, food=17, path_idle=true, inv=minecraft:stone_axex1 minecraft:wooden_swordx1 minecraft:crafting_tablex1 minecraft:stickx2 minecraft:wooden_pickaxex1 minecraft:wooden_axex1 minecraft:cobblestonex7 minecraft:stone_pickaxex1 minecraft:eggx1 minecraft:stone_swordx1 minecraft:raw_ironx2, nearby=animals=0 hostiles=0, mining_idle=true, hp=11.5/20.0, on_ground=true, pos=487,69,121, fall=0.0, held=minecraft:cobblestonex7, task_state=COMPLETED}
[02:03:34] [Server thread/INFO]: [AIBot] ACTION event=capability_decision bot=Bob {allowed=false, profile=strict_survival, capability=HIDDEN_BLOCK_SCAN, context=observable_block_query, reason=DENIED_STRICT_SURVIVAL}
[02:03:34] [Server thread/INFO]: [AIBot] ACTION event=capability_decision bot=Bob {allowed=false, profile=strict_survival, capability=HIDDEN_BLOCK_SCAN, context=perception_snapshot, reason=DENIED_STRICT_SURVIVAL}
[02:03:35] [Server thread/INFO]: [AIBot] ACTION event=capability_decision bot=Bob {allowed=false, profile=strict_survival, capability=HIDDEN_BLOCK_SCAN, context=diagnostic_nearby, reason=DENIED_STRICT_SURVIVAL}
[02:03:35] [Server thread/INFO]: [AIBot] ACTION event=diag_snapshot bot=Bob {submerged=false, light=15, step=, in_lava=false, task_phase=, goal=none, task_progress=1.0, task=move, mode=survival, air=300, food=17, path_idle=true, inv=minecraft:stone_axex1 minecraft:wooden_swordx1 minecraft:crafting_tablex1 minecraft:stickx2 minecraft:wooden_pickaxex1 minecraft:wooden_axex1 minecraft:cobblestonex7 minecraft:stone_pickaxex1 minecraft:eggx1 minecraft:stone_swordx1 minecraft:raw_ironx2, nearby=animals=0 hostiles=0, mining_idle=true, hp=11.5/20.0, on_ground=true, pos=487,69,121, fall=0.0, held=minecraft:cobblestonex7, task_state=COMPLETED}
[02:03:36] [Server thread/INFO]: [AIBot] ACTION event=capability_decision bot=Bob {allowed=false, profile=strict_survival, capability=HIDDEN_BLOCK_SCAN, context=observable_entity_query, reason=DENIED_STRICT_SURVIVAL}
[02:03:37] [Server thread/INFO]: [AIBot] ACTION event=diag_snapshot bot=Bob {submerged=false, light=15, step=, in_lava=false, task_phase=, goal=none, task_progress=1.0, task=move, mode=survival, air=300, food=17, path_idle=true, inv=minecraft:stone_axex1 minecraft:wooden_swordx1 minecraft:crafting_tablex1 minecraft:stickx2 minecraft:wooden_pickaxex1 minecraft:wooden_axex1 minecraft:cobblestonex7 minecraft:stone_pickaxex1 minecraft:eggx1 minecraft:stone_swordx1 minecraft:raw_ironx2, nearby=animals=0 hostiles=0, mining_idle=true, hp=11.5/20.0, on_ground=true, pos=487,69,121, fall=0.0, held=minecraft:cobblestonex7, task_state=COMPLETED}
[02:03:39] [Server thread/INFO]: [AIBot] LIFECYCLE event=mixin_alive bot=- {server_tick=26400}
[02:03:39] [Server thread/INFO]: [AIBot] ACTION event=capability_decision bot=Bob {allowed=false, profile=strict_survival, capability=HIDDEN_BLOCK_SCAN, context=observable_block_query, reason=DENIED_STRICT_SURVIVAL}
[02:03:39] [Server thread/INFO]: [AIBot] ACTION event=capability_decision bot=Bob {allowed=false, profile=strict_survival, capability=HIDDEN_BLOCK_SCAN, context=perception_snapshot, reason=DENIED_STRICT_SURVIVAL}
[02:03:39] [Server thread/INFO]: [AIBot] ACTION event=diag_snapshot bot=Bob {submerged=false, light=15, step=, in_lava=false, task_phase=, goal=none, task_progress=1.0, task=move, mode=survival, air=300, food=17, path_idle=true, inv=minecraft:stone_axex1 minecraft:wooden_swordx1 minecraft:crafting_tablex1 minecraft:stickx2 minecraft:wooden_pickaxex1 minecraft:wooden_axex1 minecraft:cobblestonex7 minecraft:stone_pickaxex1 minecraft:eggx1 minecraft:stone_swordx1 minecraft:raw_ironx2, nearby=animals=0 hostiles=0, mining_idle=true, hp=11.5/20.0, on_ground=true, pos=487,69,121, fall=0.0, held=minecraft:cobblestonex7, task_state=COMPLETED}
[02:03:41] [Server thread/INFO]: [AIBot] ACTION event=capability_decision bot=Bob {allowed=false, profile=strict_survival, capability=HIDDEN_BLOCK_SCAN, context=observable_entity_query, reason=DENIED_STRICT_SURVIVAL}
[02:03:41] [Server thread/INFO]: [AIBot] ACTION event=capability_decision bot=Bob {allowed=false, profile=strict_survival, capability=HIDDEN_BLOCK_SCAN, context=diagnostic_nearby, reason=DENIED_STRICT_SURVIVAL}
[02:03:41] [Server thread/INFO]: [AIBot] ACTION event=diag_snapshot bot=Bob {submerged=false, light=15, step=, in_lava=false, task_phase=, goal=none, task_progress=1.0, task=move, mode=survival, air=300, food=17, path_idle=true, inv=minecraft:stone_axex1 minecraft:wooden_swordx1 minecraft:crafting_tablex1 minecraft:stickx2 minecraft:wooden_pickaxex1 minecraft:wooden_axex1 minecraft:cobblestonex7 minecraft:stone_pickaxex1 minecraft:eggx1 minecraft:stone_swordx1 minecraft:raw_ironx2, nearby=animals=0 hostiles=0, mining_idle=true, hp=11.5/20.0, on_ground=true, pos=487,69,121, fall=0.0, held=minecraft:cobblestonex7, task_state=COMPLETED}
[02:03:43] [Server thread/INFO]: [AIBot] ACTION event=diag_snapshot bot=Bob {submerged=false, light=15, step=, in_lava=false, task_phase=, goal=none, task_progress=1.0, task=move, mode=survival, air=300, food=17, path_idle=true, inv=minecraft:stone_axex1 minecraft:wooden_swordx1 minecraft:crafting_tablex1 minecraft:stickx2 minecraft:wooden_pickaxex1 minecraft:wooden_axex1 minecraft:cobblestonex7 minecraft:stone_pickaxex1 minecraft:eggx1 minecraft:stone_swordx1 minecraft:raw_ironx2, nearby=animals=0 hostiles=0, mining_idle=true, hp=11.5/20.0, on_ground=true, pos=487,69,121, fall=0.0, held=minecraft:cobblestonex7, task_state=COMPLETED}
[02:03:44] [Server thread/INFO]: [AIBot] ACTION event=capability_decision bot=Bob {allowed=false, profile=strict_survival, capability=HIDDEN_BLOCK_SCAN, context=observable_block_query, reason=DENIED_STRICT_SURVIVAL}
[02:03:44] [Server thread/INFO]: [AIBot] ACTION event=capability_decision bot=Bob {allowed=false, profile=strict_survival, capability=HIDDEN_BLOCK_SCAN, context=perception_snapshot, reason=DENIED_STRICT_SURVIVAL}
[02:03:45] [Server thread/INFO]: [AIBot] ACTION event=diag_snapshot bot=Bob {submerged=false, light=15, step=, in_lava=false, task_phase=, goal=none, task_progress=1.0, task=move, mode=survival, air=300, food=17, path_idle=true, inv=minecraft:stone_axex1 minecraft:wooden_swordx1 minecraft:crafting_tablex1 minecraft:stickx2 minecraft:wooden_pickaxex1 minecraft:wooden_axex1 minecraft:cobblestonex7 minecraft:stone_pickaxex1 minecraft:eggx1 minecraft:stone_swordx1 minecraft:raw_ironx2, nearby=animals=0 hostiles=0, mining_idle=true, hp=11.5/20.0, on_ground=true, pos=487,69,121, fall=0.0, held=minecraft:cobblestonex7, task_state=COMPLETED}
[02:03:46] [Server thread/INFO]: [AIBot] ACTION event=capability_decision bot=Bob {allowed=false, profile=strict_survival, capability=HIDDEN_BLOCK_SCAN, context=observable_entity_query, reason=DENIED_STRICT_SURVIVAL}
[02:03:47] [Server thread/INFO]: [AIBot] ACTION event=capability_decision bot=Bob {allowed=false, profile=strict_survival, capability=HIDDEN_BLOCK_SCAN, context=diagnostic_nearby, reason=DENIED_STRICT_SURVIVAL}
[02:03:47] [Server thread/INFO]: [AIBot] ACTION event=diag_snapshot bot=Bob {submerged=false, light=15, step=, in_lava=false, task_phase=, goal=none, task_progress=1.0, task=move, mode=survival, air=300, food=17, path_idle=true, inv=minecraft:stone_axex1 minecraft:wooden_swordx1 minecraft:crafting_tablex1 minecraft:stickx2 minecraft:wooden_pickaxex1 minecraft:wooden_axex1 minecraft:cobblestonex7 minecraft:stone_pickaxex1 minecraft:eggx1 minecraft:stone_swordx1 minecraft:raw_ironx2, nearby=animals=0 hostiles=0, mining_idle=true, hp=11.5/20.0, on_ground=true, pos=487,69,121, fall=0.0, held=minecraft:cobblestonex7, task_state=COMPLETED}
[02:03:49] [Server thread/INFO]: [AIBot] ACTION event=capability_decision bot=Bob {allowed=false, profile=strict_survival, capability=HIDDEN_BLOCK_SCAN, context=observable_block_query, reason=DENIED_STRICT_SURVIVAL}
[02:03:49] [Server thread/INFO]: [AIBot] ACTION event=capability_decision bot=Bob {allowed=false, profile=strict_survival, capability=HIDDEN_BLOCK_SCAN, context=perception_snapshot, reason=DENIED_STRICT_SURVIVAL}
[02:03:49] [Server thread/INFO]: [AIBot] ACTION event=diag_snapshot bot=Bob {submerged=false, light=15, step=, in_lava=false, task_phase=, goal=none, task_progress=1.0, task=move, mode=survival, air=300, food=17, path_idle=true, inv=minecraft:stone_axex1 minecraft:wooden_swordx1 minecraft:crafting_tablex1 minecraft:stickx2 minecraft:wooden_pickaxex1 minecraft:wooden_axex1 minecraft:cobblestonex7 minecraft:stone_pickaxex1 minecraft:eggx1 minecraft:stone_swordx1 minecraft:raw_ironx2, nearby=animals=0 hostiles=0, mining_idle=true, hp=11.5/20.0, on_ground=true, pos=487,69,121, fall=0.0, held=minecraft:cobblestonex7, task_state=COMPLETED}
[02:03:51] [Server thread/INFO]: [AIBot] ACTION event=capability_decision bot=Bob {allowed=false, profile=strict_survival, capability=HIDDEN_BLOCK_SCAN, context=observable_entity_query, reason=DENIED_STRICT_SURVIVAL}
[02:03:51] [Server thread/INFO]: [AIBot] ACTION event=diag_snapshot bot=Bob {submerged=false, light=15, step=, in_lava=false, task_phase=, goal=none, task_progress=1.0, task=move, mode=survival, air=300, food=17, path_idle=true, inv=minecraft:stone_axex1 minecraft:wooden_swordx1 minecraft:crafting_tablex1 minecraft:stickx2 minecraft:wooden_pickaxex1 minecraft:wooden_axex1 minecraft:cobblestonex7 minecraft:stone_pickaxex1 minecraft:eggx1 minecraft:stone_swordx1 minecraft:raw_ironx2, nearby=animals=0 hostiles=0, mining_idle=true, hp=11.5/20.0, on_ground=true, pos=487,69,121, fall=0.0, held=minecraft:cobblestonex7, task_state=COMPLETED}
[02:03:53] [Server thread/INFO]: [AIBot] ACTION event=capability_decision bot=Bob {allowed=false, profile=strict_survival, capability=HIDDEN_BLOCK_SCAN, context=diagnostic_nearby, reason=DENIED_STRICT_SURVIVAL}
[02:03:53] [Server thread/INFO]: [AIBot] ACTION event=diag_snapshot bot=Bob {submerged=false, light=15, step=, in_lava=false, task_phase=, goal=none, task_progress=1.0, task=move, mode=survival, air=300, food=17, path_idle=true, inv=minecraft:stone_axex1 minecraft:wooden_swordx1 minecraft:crafting_tablex1 minecraft:stickx2 minecraft:wooden_pickaxex1 minecraft:wooden_axex1 minecraft:cobblestonex7 minecraft:stone_pickaxex1 minecraft:eggx1 minecraft:stone_swordx1 minecraft:raw_ironx2, nearby=animals=0 hostiles=0, mining_idle=true, hp=11.5/20.0, on_ground=true, pos=487,69,121, fall=0.0, held=minecraft:cobblestonex7, task_state=COMPLETED}
[02:03:54] [Server thread/INFO]: [AIBot] ACTION event=capability_decision bot=Bob {allowed=false, profile=strict_survival, capability=HIDDEN_BLOCK_SCAN, context=observable_block_query, reason=DENIED_STRICT_SURVIVAL}
[02:03:54] [Server thread/INFO]: [AIBot] ACTION event=capability_decision bot=Bob {allowed=false, profile=strict_survival, capability=HIDDEN_BLOCK_SCAN, context=perception_snapshot, reason=DENIED_STRICT_SURVIVAL}
[02:03:55] [Server thread/INFO]: [AIBot] ACTION event=diag_snapshot bot=Bob {submerged=false, light=15, step=, in_lava=false, task_phase=, goal=none, task_progress=1.0, task=move, mode=survival, air=300, food=17, path_idle=true, inv=minecraft:stone_axex1 minecraft:wooden_swordx1 minecraft:crafting_tablex1 minecraft:stickx2 minecraft:wooden_pickaxex1 minecraft:wooden_axex1 minecraft:cobblestonex7 minecraft:stone_pickaxex1 minecraft:eggx1 minecraft:stone_swordx1 minecraft:raw_ironx2, nearby=animals=0 hostiles=0, mining_idle=true, hp=11.5/20.0, on_ground=true, pos=487,69,121, fall=0.0, held=minecraft:cobblestonex7, task_state=COMPLETED}
[02:03:57] [Server thread/INFO]: [AIBot] ACTION event=capability_decision bot=Bob {allowed=false, profile=strict_survival, capability=HIDDEN_BLOCK_SCAN, context=observable_entity_query, reason=DENIED_STRICT_SURVIVAL}
[02:03:57] [Server thread/INFO]: [AIBot] ACTION event=diag_snapshot bot=Bob {submerged=false, light=15, step=, in_lava=false, task_phase=, goal=none, task_progress=1.0, task=move, mode=survival, air=300, food=17, path_idle=true, inv=minecraft:stone_axex1 minecraft:wooden_swordx1 minecraft:crafting_tablex1 minecraft:stickx2 minecraft:wooden_pickaxex1 minecraft:wooden_axex1 minecraft:cobblestonex7 minecraft:stone_pickaxex1 minecraft:eggx1 minecraft:stone_swordx1 minecraft:raw_ironx2, nearby=animals=0 hostiles=0, mining_idle=true, hp=11.5/20.0, on_ground=true, pos=487,69,121, fall=0.0, held=minecraft:cobblestonex7, task_state=COMPLETED}
[02:03:59] [Server thread/INFO]: [AIBot] ACTION event=capability_decision bot=Bob {allowed=false, profile=strict_survival, capability=HIDDEN_BLOCK_SCAN, context=observable_block_query, reason=DENIED_STRICT_SURVIVAL}
[02:03:59] [Server thread/INFO]: [AIBot] ACTION event=capability_decision bot=Bob {allowed=false, profile=strict_survival, capability=HIDDEN_BLOCK_SCAN, context=perception_snapshot, reason=DENIED_STRICT_SURVIVAL}
[02:03:59] [Server thread/INFO]: [AIBot] ACTION event=capability_decision bot=Bob {allowed=false, profile=strict_survival, capability=HIDDEN_BLOCK_SCAN, context=diagnostic_nearby, reason=DENIED_STRICT_SURVIVAL}
[02:03:59] [Server thread/INFO]: [AIBot] ACTION event=diag_snapshot bot=Bob {submerged=false, light=15, step=, in_lava=false, task_phase=, goal=none, task_progress=1.0, task=move, mode=survival, air=300, food=17, path_idle=true, inv=minecraft:stone_axex1 minecraft:wooden_swordx1 minecraft:crafting_tablex1 minecraft:stickx2 minecraft:wooden_pickaxex1 minecraft:wooden_axex1 minecraft:cobblestonex7 minecraft:stone_pickaxex1 minecraft:eggx1 minecraft:stone_swordx1 minecraft:raw_ironx2, nearby=animals=0 hostiles=0, mining_idle=true, hp=11.5/20.0, on_ground=true, pos=487,69,121, fall=0.0, held=minecraft:cobblestonex7, task_state=COMPLETED}
[02:04:01] [Server thread/INFO]: [AIBot] ACTION event=diag_snapshot bot=Bob {submerged=false, light=15, step=, in_lava=false, task_phase=, goal=none, task_progress=1.0, task=move, mode=survival, air=300, food=17, path_idle=true, inv=minecraft:stone_axex1 minecraft:wooden_swordx1 minecraft:crafting_tablex1 minecraft:stickx2 minecraft:wooden_pickaxex1 minecraft:wooden_axex1 minecraft:cobblestonex7 minecraft:stone_pickaxex1 minecraft:eggx1 minecraft:stone_swordx1 minecraft:raw_ironx2, nearby=animals=0 hostiles=0, mining_idle=true, hp=11.5/20.0, on_ground=true, pos=487,69,121, fall=0.0, held=minecraft:cobblestonex7, task_state=COMPLETED}
[02:04:02] [Server thread/INFO]: [AIBot] ACTION event=capability_decision bot=Bob {allowed=false, profile=strict_survival, capability=HIDDEN_BLOCK_SCAN, context=observable_entity_query, reason=DENIED_STRICT_SURVIVAL}
[02:04:03] [Server thread/INFO]: [AIBot] ACTION event=diag_snapshot bot=Bob {submerged=false, light=15, step=, in_lava=false, task_phase=, goal=none, task_progress=1.0, task=move, mode=survival, air=300, food=17, path_idle=true, inv=minecraft:stone_axex1 minecraft:wooden_swordx1 minecraft:crafting_tablex1 minecraft:stickx2 minecraft:wooden_pickaxex1 minecraft:wooden_axex1 minecraft:cobblestonex7 minecraft:stone_pickaxex1 minecraft:eggx1 minecraft:stone_swordx1 minecraft:raw_ironx2, nearby=animals=0 hostiles=0, mining_idle=true, hp=11.5/20.0, on_ground=true, pos=487,69,121, fall=0.0, held=minecraft:cobblestonex7, task_state=COMPLETED}
[02:04:04] [Server thread/INFO]: [AIBot] ACTION event=capability_decision bot=Bob {allowed=false, profile=strict_survival, capability=HIDDEN_BLOCK_SCAN, context=observable_block_query, reason=DENIED_STRICT_SURVIVAL}
[02:04:04] [Server thread/INFO]: [AIBot] ACTION event=capability_decision bot=Bob {allowed=false, profile=strict_survival, capability=HIDDEN_BLOCK_SCAN, context=perception_snapshot, reason=DENIED_STRICT_SURVIVAL}
[02:04:05] [Server thread/INFO]: [AIBot] ACTION event=capability_decision bot=Bob {allowed=false, profile=strict_survival, capability=HIDDEN_BLOCK_SCAN, context=diagnostic_nearby, reason=DENIED_STRICT_SURVIVAL}
[02:04:05] [Server thread/INFO]: [AIBot] ACTION event=diag_snapshot bot=Bob {submerged=false, light=15, step=, in_lava=false, task_phase=, goal=none, task_progress=1.0, task=move, mode=survival, air=300, food=17, path_idle=true, inv=minecraft:stone_axex1 minecraft:wooden_swordx1 minecraft:crafting_tablex1 minecraft:stickx2 minecraft:wooden_pickaxex1 minecraft:wooden_axex1 minecraft:cobblestonex7 minecraft:stone_pickaxex1 minecraft:eggx1 minecraft:stone_swordx1 minecraft:raw_ironx2, nearby=animals=0 hostiles=0, mining_idle=true, hp=11.5/20.0, on_ground=true, pos=487,69,121, fall=0.0, held=minecraft:cobblestonex7, task_state=COMPLETED}
[02:04:07] [Server thread/INFO]: [AIBot] ACTION event=capability_decision bot=Bob {allowed=false, profile=strict_survival, capability=HIDDEN_BLOCK_SCAN, context=observable_entity_query, reason=DENIED_STRICT_SURVIVAL}
[02:04:07] [Server thread/INFO]: [AIBot] ACTION event=diag_snapshot bot=Bob {submerged=false, light=15, step=, in_lava=false, task_phase=, goal=none, task_progress=1.0, task=move, mode=survival, air=300, food=17, path_idle=true, inv=minecraft:stone_axex1 minecraft:wooden_swordx1 minecraft:crafting_tablex1 minecraft:stickx2 minecraft:wooden_pickaxex1 minecraft:wooden_axex1 minecraft:cobblestonex7 minecraft:stone_pickaxex1 minecraft:eggx1 minecraft:stone_swordx1 minecraft:raw_ironx2, nearby=animals=0 hostiles=0, mining_idle=true, hp=11.5/20.0, on_ground=true, pos=487,69,121, fall=0.0, held=minecraft:cobblestonex7, task_state=COMPLETED}
[02:04:09] [Server thread/INFO]: [AIBot] ACTION event=capability_decision bot=Bob {allowed=false, profile=strict_survival, capability=HIDDEN_BLOCK_SCAN, context=observable_block_query, reason=DENIED_STRICT_SURVIVAL}
[02:04:09] [Server thread/INFO]: [AIBot] ACTION event=capability_decision bot=Bob {allowed=false, profile=strict_survival, capability=HIDDEN_BLOCK_SCAN, context=perception_snapshot, reason=DENIED_STRICT_SURVIVAL}
[02:04:09] [Server thread/INFO]: [AIBot] ACTION event=diag_snapshot bot=Bob {submerged=false, light=15, step=, in_lava=false, task_phase=, goal=none, task_progress=1.0, task=move, mode=survival, air=300, food=17, path_idle=true, inv=minecraft:stone_axex1 minecraft:wooden_swordx1 minecraft:crafting_tablex1 minecraft:stickx2 minecraft:wooden_pickaxex1 minecraft:wooden_axex1 minecraft:cobblestonex7 minecraft:stone_pickaxex1 minecraft:eggx1 minecraft:stone_swordx1 minecraft:raw_ironx2, nearby=animals=0 hostiles=0, mining_idle=true, hp=11.5/20.0, on_ground=true, pos=487,69,121, fall=0.0, held=minecraft:cobblestonex7, task_state=COMPLETED}
[02:04:11] [Server thread/INFO]: [AIBot] ACTION event=capability_decision bot=Bob {allowed=false, profile=strict_survival, capability=HIDDEN_BLOCK_SCAN, context=diagnostic_nearby, reason=DENIED_STRICT_SURVIVAL}
[02:04:11] [Server thread/INFO]: [AIBot] ACTION event=diag_snapshot bot=Bob {submerged=false, light=15, step=, in_lava=false, task_phase=, goal=none, task_progress=1.0, task=move, mode=survival, air=300, food=17, path_idle=true, inv=minecraft:stone_axex1 minecraft:wooden_swordx1 minecraft:crafting_tablex1 minecraft:stickx2 minecraft:wooden_pickaxex1 minecraft:wooden_axex1 minecraft:cobblestonex7 minecraft:stone_pickaxex1 minecraft:eggx1 minecraft:stone_swordx1 minecraft:raw_ironx2, nearby=animals=0 hostiles=0, mining_idle=true, hp=11.5/20.0, on_ground=true, pos=487,69,121, fall=0.0, held=minecraft:cobblestonex7, task_state=COMPLETED}
[02:04:12] [Server thread/INFO]: [AIBot] ACTION event=capability_decision bot=Bob {allowed=false, profile=strict_survival, capability=HIDDEN_BLOCK_SCAN, context=observable_entity_query, reason=DENIED_STRICT_SURVIVAL}
[02:04:13] [Server thread/INFO]: [AIBot] ACTION event=diag_snapshot bot=Bob {submerged=false, light=15, step=, in_lava=false, task_phase=, goal=none, task_progress=1.0, task=move, mode=survival, air=300, food=17, path_idle=true, inv=minecraft:stone_axex1 minecraft:wooden_swordx1 minecraft:crafting_tablex1 minecraft:stickx2 minecraft:wooden_pickaxex1 minecraft:wooden_axex1 minecraft:cobblestonex7 minecraft:stone_pickaxex1 minecraft:eggx1 minecraft:stone_swordx1 minecraft:raw_ironx2, nearby=animals=0 hostiles=0, mining_idle=true, hp=11.5/20.0, on_ground=true, pos=487,69,121, fall=0.0, held=minecraft:cobblestonex7, task_state=COMPLETED}
[02:04:14] [Server thread/INFO]: [AIBot] ACTION event=capability_decision bot=Bob {allowed=false, profile=strict_survival, capability=HIDDEN_BLOCK_SCAN, context=observable_block_query, reason=DENIED_STRICT_SURVIVAL}
[02:04:14] [Server thread/INFO]: [AIBot] ACTION event=capability_decision bot=Bob {allowed=false, profile=strict_survival, capability=HIDDEN_BLOCK_SCAN, context=perception_snapshot, reason=DENIED_STRICT_SURVIVAL}
[02:04:15] [Server thread/INFO]: [AIBot] ACTION event=diag_snapshot bot=Bob {submerged=false, light=15, step=, in_lava=false, task_phase=, goal=none, task_progress=1.0, task=move, mode=survival, air=300, food=17, path_idle=true, inv=minecraft:stone_axex1 minecraft:wooden_swordx1 minecraft:crafting_tablex1 minecraft:stickx2 minecraft:wooden_pickaxex1 minecraft:wooden_axex1 minecraft:cobblestonex7 minecraft:stone_pickaxex1 minecraft:eggx1 minecraft:stone_swordx1 minecraft:raw_ironx2, nearby=animals=0 hostiles=0, mining_idle=true, hp=11.5/20.0, on_ground=true, pos=487,69,121, fall=0.0, held=minecraft:cobblestonex7, task_state=COMPLETED}
[02:04:17] [Server thread/INFO]: [AIBot] ACTION event=capability_decision bot=Bob {allowed=false, profile=strict_survival, capability=HIDDEN_BLOCK_SCAN, context=diagnostic_nearby, reason=DENIED_STRICT_SURVIVAL}
[02:04:17] [Server thread/INFO]: [AIBot] ACTION event=capability_decision bot=Bob {allowed=false, profile=strict_survival, capability=HIDDEN_BLOCK_SCAN, context=observable_entity_query, reason=DENIED_STRICT_SURVIVAL}
[02:04:17] [Server thread/INFO]: [AIBot] ACTION event=diag_snapshot bot=Bob {submerged=false, light=15, step=, in_lava=false, task_phase=, goal=none, task_progress=1.0, task=move, mode=survival, air=300, food=17, path_idle=true, inv=minecraft:stone_axex1 minecraft:wooden_swordx1 minecraft:crafting_tablex1 minecraft:stickx2 minecraft:wooden_pickaxex1 minecraft:wooden_axex1 minecraft:cobblestonex7 minecraft:stone_pickaxex1 minecraft:eggx1 minecraft:stone_swordx1 minecraft:raw_ironx2, nearby=animals=0 hostiles=0, mining_idle=true, hp=11.5/20.0, on_ground=true, pos=487,69,121, fall=0.0, held=minecraft:cobblestonex7, task_state=COMPLETED}
[02:04:19] [Server thread/INFO]: [AIBot] ACTION event=capability_decision bot=Bob {allowed=false, profile=strict_survival, capability=HIDDEN_BLOCK_SCAN, context=observable_block_query, reason=DENIED_STRICT_SURVIVAL}
[02:04:19] [Server thread/INFO]: [AIBot] ACTION event=capability_decision bot=Bob {allowed=false, profile=strict_survival, capability=HIDDEN_BLOCK_SCAN, context=perception_snapshot, reason=DENIED_STRICT_SURVIVAL}
[02:04:19] [Server thread/INFO]: [AIBot] ACTION event=diag_snapshot bot=Bob {submerged=false, light=15, step=, in_lava=false, task_phase=, goal=none, task_progress=1.0, task=move, mode=survival, air=300, food=17, path_idle=true, inv=minecraft:stone_axex1 minecraft:wooden_swordx1 minecraft:crafting_tablex1 minecraft:stickx2 minecraft:wooden_pickaxex1 minecraft:wooden_axex1 minecraft:cobblestonex7 minecraft:stone_pickaxex1 minecraft:eggx1 minecraft:stone_swordx1 minecraft:raw_ironx2, nearby=animals=0 hostiles=0, mining_idle=true, hp=11.5/20.0, on_ground=true, pos=487,69,121, fall=0.0, held=minecraft:cobblestonex7, task_state=COMPLETED}
[02:04:21] [Server thread/INFO]: [AIBot] ACTION event=diag_snapshot bot=Bob {submerged=false, light=15, step=, in_lava=false, task_phase=, goal=none, task_progress=1.0, task=move, mode=survival, air=300, food=17, path_idle=true, inv=minecraft:stone_axex1 minecraft:wooden_swordx1 minecraft:crafting_tablex1 minecraft:stickx2 minecraft:wooden_pickaxex1 minecraft:wooden_axex1 minecraft:cobblestonex7 minecraft:stone_pickaxex1 minecraft:eggx1 minecraft:stone_swordx1 minecraft:raw_ironx2, nearby=animals=0 hostiles=0, mining_idle=true, hp=11.5/20.0, on_ground=true, pos=487,69,121, fall=0.0, held=minecraft:cobblestonex7, task_state=COMPLETED}
[02:04:23] [Server thread/INFO]: [AIBot] ACTION event=capability_decision bot=Bob {allowed=false, profile=strict_survival, capability=HIDDEN_BLOCK_SCAN, context=diagnostic_nearby, reason=DENIED_STRICT_SURVIVAL}
[02:04:23] [Server thread/INFO]: [AIBot] ACTION event=capability_decision bot=Bob {allowed=false, profile=strict_survival, capability=HIDDEN_BLOCK_SCAN, context=observable_entity_query, reason=DENIED_STRICT_SURVIVAL}
[02:04:23] [Server thread/INFO]: [AIBot] ACTION event=diag_snapshot bot=Bob {submerged=false, light=15, step=, in_lava=false, task_phase=, goal=none, task_progress=1.0, task=move, mode=survival, air=300, food=17, path_idle=true, inv=minecraft:stone_axex1 minecraft:wooden_swordx1 minecraft:crafting_tablex1 minecraft:stickx2 minecraft:wooden_pickaxex1 minecraft:wooden_axex1 minecraft:cobblestonex7 minecraft:stone_pickaxex1 minecraft:eggx1 minecraft:stone_swordx1 minecraft:raw_ironx2, nearby=animals=0 hostiles=0, mining_idle=true, hp=11.5/20.0, on_ground=true, pos=487,69,121, fall=0.0, held=minecraft:cobblestonex7, task_state=COMPLETED}
[02:04:24] [Server thread/INFO]: [AIBot] ACTION event=capability_decision bot=Bob {allowed=false, profile=strict_survival, capability=HIDDEN_BLOCK_SCAN, context=observable_block_query, reason=DENIED_STRICT_SURVIVAL}
[02:04:24] [Server thread/INFO]: [AIBot] ACTION event=capability_decision bot=Bob {allowed=false, profile=strict_survival, capability=HIDDEN_BLOCK_SCAN, context=perception_snapshot, reason=DENIED_STRICT_SURVIVAL}
[02:04:25] [Server thread/INFO]: [AIBot] ACTION event=diag_snapshot bot=Bob {submerged=false, light=15, step=, in_lava=false, task_phase=, goal=none, task_progress=1.0, task=move, mode=survival, air=300, food=17, path_idle=true, inv=minecraft:stone_axex1 minecraft:wooden_swordx1 minecraft:crafting_tablex1 minecraft:stickx2 minecraft:wooden_pickaxex1 minecraft:wooden_axex1 minecraft:cobblestonex7 minecraft:stone_pickaxex1 minecraft:eggx1 minecraft:stone_swordx1 minecraft:raw_ironx2, nearby=animals=0 hostiles=0, mining_idle=true, hp=11.5/20.0, on_ground=true, pos=487,69,121, fall=0.0, held=minecraft:cobblestonex7, task_state=COMPLETED}
[02:04:27] [Server thread/INFO]: [AIBot] ACTION event=diag_snapshot bot=Bob {submerged=false, light=15, step=, in_lava=false, task_phase=, goal=none, task_progress=1.0, task=move, mode=survival, air=300, food=17, path_idle=true, inv=minecraft:stone_axex1 minecraft:wooden_swordx1 minecraft:crafting_tablex1 minecraft:stickx2 minecraft:wooden_pickaxex1 minecraft:wooden_axex1 minecraft:cobblestonex7 minecraft:stone_pickaxex1 minecraft:eggx1 minecraft:stone_swordx1 minecraft:raw_ironx2, nearby=animals=0 hostiles=0, mining_idle=true, hp=11.5/20.0, on_ground=true, pos=487,69,121, fall=0.0, held=minecraft:cobblestonex7, task_state=COMPLETED}
[02:04:28] [Server thread/INFO]: [AIBot] ACTION event=capability_decision bot=Bob {allowed=false, profile=strict_survival, capability=HIDDEN_BLOCK_SCAN, context=observable_entity_query, reason=DENIED_STRICT_SURVIVAL}
[02:04:28] [Server thread/WARN]: [AIBot] PERCEPTION event=snapshot_slow bot=Bob {elapsed_ms=11}
[02:04:29] [Server thread/INFO]: [AIBot] ACTION event=capability_decision bot=Bob {allowed=false, profile=strict_survival, capability=HIDDEN_BLOCK_SCAN, context=observable_block_query, reason=DENIED_STRICT_SURVIVAL}
[02:04:29] [Server thread/INFO]: [AIBot] ACTION event=capability_decision bot=Bob {allowed=false, profile=strict_survival, capability=HIDDEN_BLOCK_SCAN, context=perception_snapshot, reason=DENIED_STRICT_SURVIVAL}
[02:04:29] [Server thread/INFO]: [AIBot] ACTION event=capability_decision bot=Bob {allowed=false, profile=strict_survival, capability=HIDDEN_BLOCK_SCAN, context=diagnostic_nearby, reason=DENIED_STRICT_SURVIVAL}
[02:04:29] [Server thread/INFO]: [AIBot] ACTION event=diag_snapshot bot=Bob {submerged=false, light=15, step=, in_lava=false, task_phase=, goal=none, task_progress=1.0, task=move, mode=survival, air=300, food=17, path_idle=true, inv=minecraft:stone_axex1 minecraft:wooden_swordx1 minecraft:crafting_tablex1 minecraft:stickx2 minecraft:wooden_pickaxex1 minecraft:wooden_axex1 minecraft:cobblestonex7 minecraft:stone_pickaxex1 minecraft:eggx1 minecraft:stone_swordx1 minecraft:raw_ironx2, nearby=animals=0 hostiles=0, mining_idle=true, hp=11.5/20.0, on_ground=true, pos=487,69,121, fall=0.0, held=minecraft:cobblestonex7, task_state=COMPLETED}
[02:04:31] [Server thread/INFO]: [AIBot] ACTION event=diag_snapshot bot=Bob {submerged=false, light=15, step=, in_lava=false, task_phase=, goal=none, task_progress=1.0, task=move, mode=survival, air=300, food=17, path_idle=true, inv=minecraft:stone_axex1 minecraft:wooden_swordx1 minecraft:crafting_tablex1 minecraft:stickx2 minecraft:wooden_pickaxex1 minecraft:wooden_axex1 minecraft:cobblestonex7 minecraft:stone_pickaxex1 minecraft:eggx1 minecraft:stone_swordx1 minecraft:raw_ironx2, nearby=animals=0 hostiles=0, mining_idle=true, hp=11.5/20.0, on_ground=true, pos=487,69,121, fall=0.0, held=minecraft:cobblestonex7, task_state=COMPLETED}
[02:04:33] [Server thread/INFO]: [AIBot] ACTION event=capability_decision bot=Bob {allowed=false, profile=strict_survival, capability=HIDDEN_BLOCK_SCAN, context=observable_entity_query, reason=DENIED_STRICT_SURVIVAL}
[02:04:33] [Server thread/INFO]: [AIBot] ACTION event=diag_snapshot bot=Bob {submerged=false, light=15, step=, in_lava=false, task_phase=, goal=none, task_progress=1.0, task=move, mode=survival, air=300, food=17, path_idle=true, inv=minecraft:stone_axex1 minecraft:wooden_swordx1 minecraft:crafting_tablex1 minecraft:stickx2 minecraft:wooden_pickaxex1 minecraft:wooden_axex1 minecraft:cobblestonex7 minecraft:stone_pickaxex1 minecraft:eggx1 minecraft:stone_swordx1 minecraft:raw_ironx2, nearby=animals=0 hostiles=0, mining_idle=true, hp=11.5/20.0, on_ground=true, pos=487,69,121, fall=0.0, held=minecraft:cobblestonex7, task_state=COMPLETED}
[02:04:34] [Server thread/INFO]: [AIBot] ACTION event=capability_decision bot=Bob {allowed=false, profile=strict_survival, capability=HIDDEN_BLOCK_SCAN, context=observable_block_query, reason=DENIED_STRICT_SURVIVAL}
[02:04:34] [Server thread/INFO]: [AIBot] ACTION event=capability_decision bot=Bob {allowed=false, profile=strict_survival, capability=HIDDEN_BLOCK_SCAN, context=perception_snapshot, reason=DENIED_STRICT_SURVIVAL}
[02:04:34] [Server thread/WARN]: [AIBot] PERCEPTION event=snapshot_slow bot=Bob {elapsed_ms=11}
[02:04:35] [Server thread/INFO]: [AIBot] ACTION event=capability_decision bot=Bob {allowed=false, profile=strict_survival, capability=HIDDEN_BLOCK_SCAN, context=diagnostic_nearby, reason=DENIED_STRICT_SURVIVAL}
[02:04:35] [Server thread/INFO]: [AIBot] ACTION event=diag_snapshot bot=Bob {submerged=false, light=15, step=, in_lava=false, task_phase=, goal=none, task_progress=1.0, task=move, mode=survival, air=300, food=17, path_idle=true, inv=minecraft:stone_axex1 minecraft:wooden_swordx1 minecraft:crafting_tablex1 minecraft:stickx2 minecraft:wooden_pickaxex1 minecraft:wooden_axex1 minecraft:cobblestonex7 minecraft:stone_pickaxex1 minecraft:eggx1 minecraft:stone_swordx1 minecraft:raw_ironx2, nearby=animals=0 hostiles=0, mining_idle=true, hp=11.5/20.0, on_ground=true, pos=487,69,121, fall=0.0, held=minecraft:cobblestonex7, task_state=COMPLETED}
[02:04:37] [Server thread/INFO]: [AIBot] ACTION event=diag_snapshot bot=Bob {submerged=false, light=15, step=, in_lava=false, task_phase=, goal=none, task_progress=1.0, task=move, mode=survival, air=300, food=17, path_idle=true, inv=minecraft:stone_axex1 minecraft:wooden_swordx1 minecraft:crafting_tablex1 minecraft:stickx2 minecraft:wooden_pickaxex1 minecraft:wooden_axex1 minecraft:cobblestonex7 minecraft:stone_pickaxex1 minecraft:eggx1 minecraft:stone_swordx1 minecraft:raw_ironx2, nearby=animals=0 hostiles=0, mining_idle=true, hp=11.5/20.0, on_ground=true, pos=487,69,121, fall=0.0, held=minecraft:cobblestonex7, task_state=COMPLETED}
[02:04:38] [Server thread/INFO]: [AIBot] ACTION event=capability_decision bot=Bob {allowed=false, profile=strict_survival, capability=HIDDEN_BLOCK_SCAN, context=observable_entity_query, reason=DENIED_STRICT_SURVIVAL}
[02:04:39] [Server thread/INFO]: [AIBot] LIFECYCLE event=mixin_alive bot=- {server_tick=27600}
[02:04:39] [Server thread/INFO]: [AIBot] ACTION event=capability_decision bot=Bob {allowed=false, profile=strict_survival, capability=HIDDEN_BLOCK_SCAN, context=observable_block_query, reason=DENIED_STRICT_SURVIVAL}
[02:04:39] [Server thread/INFO]: [AIBot] ACTION event=capability_decision bot=Bob {allowed=false, profile=strict_survival, capability=HIDDEN_BLOCK_SCAN, context=perception_snapshot, reason=DENIED_STRICT_SURVIVAL}
[02:04:39] [Server thread/INFO]: [AIBot] ACTION event=diag_snapshot bot=Bob {submerged=false, light=15, step=, in_lava=false, task_phase=, goal=none, task_progress=1.0, task=move, mode=survival, air=300, food=17, path_idle=true, inv=minecraft:stone_axex1 minecraft:wooden_swordx1 minecraft:crafting_tablex1 minecraft:stickx2 minecraft:wooden_pickaxex1 minecraft:wooden_axex1 minecraft:cobblestonex7 minecraft:stone_pickaxex1 minecraft:eggx1 minecraft:stone_swordx1 minecraft:raw_ironx2, nearby=animals=0 hostiles=0, mining_idle=true, hp=11.5/20.0, on_ground=true, pos=487,69,121, fall=0.0, held=minecraft:cobblestonex7, task_state=COMPLETED}
[02:04:41] [Server thread/INFO]: [AIBot] ACTION event=capability_decision bot=Bob {allowed=false, profile=strict_survival, capability=HIDDEN_BLOCK_SCAN, context=diagnostic_nearby, reason=DENIED_STRICT_SURVIVAL}
[02:04:41] [Server thread/INFO]: [AIBot] ACTION event=diag_snapshot bot=Bob {submerged=false, light=15, step=, in_lava=false, task_phase=, goal=none, task_progress=1.0, task=move, mode=survival, air=300, food=17, path_idle=true, inv=minecraft:stone_axex1 minecraft:wooden_swordx1 minecraft:crafting_tablex1 minecraft:stickx2 minecraft:wooden_pickaxex1 minecraft:wooden_axex1 minecraft:cobblestonex7 minecraft:stone_pickaxex1 minecraft:eggx1 minecraft:stone_swordx1 minecraft:raw_ironx2, nearby=animals=0 hostiles=0, mining_idle=true, hp=11.5/20.0, on_ground=true, pos=487,69,121, fall=0.0, held=minecraft:cobblestonex7, task_state=COMPLETED}
[02:04:43] [Server thread/INFO]: [AIBot] ACTION event=capability_decision bot=Bob {allowed=false, profile=strict_survival, capability=HIDDEN_BLOCK_SCAN, context=observable_entity_query, reason=DENIED_STRICT_SURVIVAL}
[02:04:43] [Server thread/INFO]: [AIBot] ACTION event=diag_snapshot bot=Bob {submerged=false, light=15, step=, in_lava=false, task_phase=, goal=none, task_progress=1.0, task=move, mode=survival, air=300, food=17, path_idle=true, inv=minecraft:stone_axex1 minecraft:wooden_swordx1 minecraft:crafting_tablex1 minecraft:stickx2 minecraft:wooden_pickaxex1 minecraft:wooden_axex1 minecraft:cobblestonex7 minecraft:stone_pickaxex1 minecraft:eggx1 minecraft:stone_swordx1 minecraft:raw_ironx2, nearby=animals=0 hostiles=0, mining_idle=true, hp=11.5/20.0, on_ground=true, pos=487,69,121, fall=0.0, held=minecraft:cobblestonex7, task_state=COMPLETED}
[02:04:44] [Server thread/INFO]: [AIBot] ACTION event=capability_decision bot=Bob {allowed=false, profile=strict_survival, capability=HIDDEN_BLOCK_SCAN, context=observable_block_query, reason=DENIED_STRICT_SURVIVAL}
[02:04:44] [Server thread/INFO]: [AIBot] ACTION event=capability_decision bot=Bob {allowed=false, profile=strict_survival, capability=HIDDEN_BLOCK_SCAN, context=perception_snapshot, reason=DENIED_STRICT_SURVIVAL}
[02:04:45] [Server thread/INFO]: [AIBot] ACTION event=diag_snapshot bot=Bob {submerged=false, light=15, step=, in_lava=false, task_phase=, goal=none, task_progress=1.0, task=move, mode=survival, air=300, food=17, path_idle=true, inv=minecraft:stone_axex1 minecraft:wooden_swordx1 minecraft:crafting_tablex1 minecraft:stickx2 minecraft:wooden_pickaxex1 minecraft:wooden_axex1 minecraft:cobblestonex7 minecraft:stone_pickaxex1 minecraft:eggx1 minecraft:stone_swordx1 minecraft:raw_ironx2, nearby=animals=0 hostiles=0, mining_idle=true, hp=11.5/20.0, on_ground=true, pos=487,69,121, fall=0.0, held=minecraft:cobblestonex7, task_state=COMPLETED}
[02:04:47] [Server thread/INFO]: [AIBot] ACTION event=capability_decision bot=Bob {allowed=false, profile=strict_survival, capability=HIDDEN_BLOCK_SCAN, context=diagnostic_nearby, reason=DENIED_STRICT_SURVIVAL}
[02:04:47] [Server thread/INFO]: [AIBot] ACTION event=diag_snapshot bot=Bob {submerged=false, light=15, step=, in_lava=false, task_phase=, goal=none, task_progress=1.0, task=move, mode=survival, air=300, food=17, path_idle=true, inv=minecraft:stone_axex1 minecraft:wooden_swordx1 minecraft:crafting_tablex1 minecraft:stickx2 minecraft:wooden_pickaxex1 minecraft:wooden_axex1 minecraft:cobblestonex7 minecraft:stone_pickaxex1 minecraft:eggx1 minecraft:stone_swordx1 minecraft:raw_ironx2, nearby=animals=0 hostiles=0, mining_idle=true, hp=11.5/20.0, on_ground=true, pos=487,69,121, fall=0.0, held=minecraft:cobblestonex7, task_state=COMPLETED}
[02:04:48] [Server thread/INFO]: [AIBot] ACTION event=capability_decision bot=Bob {allowed=false, profile=strict_survival, capability=HIDDEN_BLOCK_SCAN, context=observable_entity_query, reason=DENIED_STRICT_SURVIVAL}
[02:04:49] [Server thread/INFO]: [AIBot] ACTION event=capability_decision bot=Bob {allowed=false, profile=strict_survival, capability=HIDDEN_BLOCK_SCAN, context=observable_block_query, reason=DENIED_STRICT_SURVIVAL}
[02:04:49] [Server thread/INFO]: [AIBot] ACTION event=capability_decision bot=Bob {allowed=false, profile=strict_survival, capability=HIDDEN_BLOCK_SCAN, context=perception_snapshot, reason=DENIED_STRICT_SURVIVAL}
[02:04:49] [Server thread/INFO]: [AIBot] ACTION event=diag_snapshot bot=Bob {submerged=false, light=15, step=, in_lava=false, task_phase=, goal=none, task_progress=1.0, task=move, mode=survival, air=300, food=17, path_idle=true, inv=minecraft:stone_axex1 minecraft:wooden_swordx1 minecraft:crafting_tablex1 minecraft:stickx2 minecraft:wooden_pickaxex1 minecraft:wooden_axex1 minecraft:cobblestonex7 minecraft:stone_pickaxex1 minecraft:eggx1 minecraft:stone_swordx1 minecraft:raw_ironx2, nearby=animals=0 hostiles=0, mining_idle=true, hp=11.5/20.0, on_ground=true, pos=487,69,121, fall=0.0, held=minecraft:cobblestonex7, task_state=COMPLETED}
[02:04:51] [Server thread/INFO]: [AIBot] ACTION event=diag_snapshot bot=Bob {submerged=false, light=15, step=, in_lava=false, task_phase=, goal=none, task_progress=1.0, task=move, mode=survival, air=300, food=17, path_idle=true, inv=minecraft:stone_axex1 minecraft:wooden_swordx1 minecraft:crafting_tablex1 minecraft:stickx2 minecraft:wooden_pickaxex1 minecraft:wooden_axex1 minecraft:cobblestonex7 minecraft:stone_pickaxex1 minecraft:eggx1 minecraft:stone_swordx1 minecraft:raw_ironx2, nearby=animals=0 hostiles=0, mining_idle=true, hp=11.5/20.0, on_ground=true, pos=487,69,121, fall=0.0, held=minecraft:cobblestonex7, task_state=COMPLETED}
[02:04:53] [Server thread/INFO]: [AIBot] ACTION event=capability_decision bot=Bob {allowed=false, profile=strict_survival, capability=HIDDEN_BLOCK_SCAN, context=diagnostic_nearby, reason=DENIED_STRICT_SURVIVAL}
[02:04:53] [Server thread/INFO]: [AIBot] ACTION event=capability_decision bot=Bob {allowed=false, profile=strict_survival, capability=HIDDEN_BLOCK_SCAN, context=observable_entity_query, reason=DENIED_STRICT_SURVIVAL}
[02:04:53] [Server thread/INFO]: [AIBot] ACTION event=diag_snapshot bot=Bob {submerged=false, light=15, step=, in_lava=false, task_phase=, goal=none, task_progress=1.0, task=move, mode=survival, air=300, food=17, path_idle=true, inv=minecraft:stone_axex1 minecraft:wooden_swordx1 minecraft:crafting_tablex1 minecraft:stickx2 minecraft:wooden_pickaxex1 minecraft:wooden_axex1 minecraft:cobblestonex7 minecraft:stone_pickaxex1 minecraft:eggx1 minecraft:stone_swordx1 minecraft:raw_ironx2, nearby=animals=0 hostiles=0, mining_idle=true, hp=11.5/20.0, on_ground=true, pos=487,69,121, fall=0.0, held=minecraft:cobblestonex7, task_state=COMPLETED}
[02:04:54] [Server thread/INFO]: [AIBot] ACTION event=capability_decision bot=Bob {allowed=false, profile=strict_survival, capability=HIDDEN_BLOCK_SCAN, context=observable_block_query, reason=DENIED_STRICT_SURVIVAL}
[02:04:54] [Server thread/INFO]: [AIBot] ACTION event=capability_decision bot=Bob {allowed=false, profile=strict_survival, capability=HIDDEN_BLOCK_SCAN, context=perception_snapshot, reason=DENIED_STRICT_SURVIVAL}
[02:04:55] [Server thread/INFO]: [AIBot] ACTION event=diag_snapshot bot=Bob {submerged=false, light=15, step=, in_lava=false, task_phase=, goal=none, task_progress=1.0, task=move, mode=survival, air=300, food=17, path_idle=true, inv=minecraft:stone_axex1 minecraft:wooden_swordx1 minecraft:crafting_tablex1 minecraft:stickx2 minecraft:wooden_pickaxex1 minecraft:wooden_axex1 minecraft:cobblestonex7 minecraft:stone_pickaxex1 minecraft:eggx1 minecraft:stone_swordx1 minecraft:raw_ironx2, nearby=animals=0 hostiles=0, mining_idle=true, hp=11.5/20.0, on_ground=true, pos=487,69,121, fall=0.0, held=minecraft:cobblestonex7, task_state=COMPLETED}
[02:04:57] [Server thread/INFO]: [AIBot] ACTION event=diag_snapshot bot=Bob {submerged=false, light=15, step=, in_lava=false, task_phase=, goal=none, task_progress=1.0, task=move, mode=survival, air=300, food=17, path_idle=true, inv=minecraft:stone_axex1 minecraft:wooden_swordx1 minecraft:crafting_tablex1 minecraft:stickx2 minecraft:wooden_pickaxex1 minecraft:wooden_axex1 minecraft:cobblestonex7 minecraft:stone_pickaxex1 minecraft:eggx1 minecraft:stone_swordx1 minecraft:raw_ironx2, nearby=animals=0 hostiles=0, mining_idle=true, hp=11.5/20.0, on_ground=true, pos=487,69,121, fall=0.0, held=minecraft:cobblestonex7, task_state=COMPLETED}
[02:04:58] [Server thread/INFO]: [AIBot] ACTION event=capability_decision bot=Bob {allowed=false, profile=strict_survival, capability=HIDDEN_BLOCK_SCAN, context=observable_entity_query, reason=DENIED_STRICT_SURVIVAL}
[02:04:59] [Server thread/INFO]: [AIBot] ACTION event=capability_decision bot=Bob {allowed=false, profile=strict_survival, capability=HIDDEN_BLOCK_SCAN, context=observable_block_query, reason=DENIED_STRICT_SURVIVAL}
[02:04:59] [Server thread/INFO]: [AIBot] ACTION event=capability_decision bot=Bob {allowed=false, profile=strict_survival, capability=HIDDEN_BLOCK_SCAN, context=perception_snapshot, reason=DENIED_STRICT_SURVIVAL}
[02:04:59] [Server thread/INFO]: [AIBot] ACTION event=capability_decision bot=Bob {allowed=false, profile=strict_survival, capability=HIDDEN_BLOCK_SCAN, context=diagnostic_nearby, reason=DENIED_STRICT_SURVIVAL}
[02:04:59] [Server thread/INFO]: [AIBot] ACTION event=diag_snapshot bot=Bob {submerged=false, light=15, step=, in_lava=false, task_phase=, goal=none, task_progress=1.0, task=move, mode=survival, air=300, food=17, path_idle=true, inv=minecraft:stone_axex1 minecraft:wooden_swordx1 minecraft:crafting_tablex1 minecraft:stickx2 minecraft:wooden_pickaxex1 minecraft:wooden_axex1 minecraft:cobblestonex7 minecraft:stone_pickaxex1 minecraft:eggx1 minecraft:stone_swordx1 minecraft:raw_ironx2, nearby=animals=0 hostiles=0, mining_idle=true, hp=11.5/20.0, on_ground=true, pos=487,69,121, fall=0.0, held=minecraft:cobblestonex7, task_state=COMPLETED}
[02:05:01] [Server thread/INFO]: [AIBot] ACTION event=diag_snapshot bot=Bob {submerged=false, light=15, step=, in_lava=false, task_phase=, goal=none, task_progress=1.0, task=move, mode=survival, air=300, food=17, path_idle=true, inv=minecraft:stone_axex1 minecraft:wooden_swordx1 minecraft:crafting_tablex1 minecraft:stickx2 minecraft:wooden_pickaxex1 minecraft:wooden_axex1 minecraft:cobblestonex7 minecraft:stone_pickaxex1 minecraft:eggx1 minecraft:stone_swordx1 minecraft:raw_ironx2, nearby=animals=0 hostiles=0, mining_idle=true, hp=11.5/20.0, on_ground=true, pos=487,69,121, fall=0.0, held=minecraft:cobblestonex7, task_state=COMPLETED}
[02:05:03] [Server thread/INFO]: [AIBot] ACTION event=capability_decision bot=Bob {allowed=false, profile=strict_survival, capability=HIDDEN_BLOCK_SCAN, context=observable_entity_query, reason=DENIED_STRICT_SURVIVAL}
[02:05:03] [Server thread/INFO]: [AIBot] ACTION event=diag_snapshot bot=Bob {submerged=false, light=15, step=, in_lava=false, task_phase=, goal=none, task_progress=1.0, task=move, mode=survival, air=300, food=17, path_idle=true, inv=minecraft:stone_axex1 minecraft:wooden_swordx1 minecraft:crafting_tablex1 minecraft:stickx2 minecraft:wooden_pickaxex1 minecraft:wooden_axex1 minecraft:cobblestonex7 minecraft:stone_pickaxex1 minecraft:eggx1 minecraft:stone_swordx1 minecraft:raw_ironx2, nearby=animals=0 hostiles=0, mining_idle=true, hp=11.5/20.0, on_ground=true, pos=487,69,121, fall=0.0, held=minecraft:cobblestonex7, task_state=COMPLETED}
[02:05:04] [Server thread/INFO]: [AIBot] ACTION event=capability_decision bot=Bob {allowed=false, profile=strict_survival, capability=HIDDEN_BLOCK_SCAN, context=observable_block_query, reason=DENIED_STRICT_SURVIVAL}
[02:05:04] [Server thread/INFO]: [AIBot] ACTION event=capability_decision bot=Bob {allowed=false, profile=strict_survival, capability=HIDDEN_BLOCK_SCAN, context=perception_snapshot, reason=DENIED_STRICT_SURVIVAL}
[02:05:05] [Server thread/INFO]: [AIBot] ACTION event=capability_decision bot=Bob {allowed=false, profile=strict_survival, capability=HIDDEN_BLOCK_SCAN, context=diagnostic_nearby, reason=DENIED_STRICT_SURVIVAL}
[02:05:05] [Server thread/INFO]: [AIBot] ACTION event=diag_snapshot bot=Bob {submerged=false, light=15, step=, in_lava=false, task_phase=, goal=none, task_progress=1.0, task=move, mode=survival, air=300, food=17, path_idle=true, inv=minecraft:stone_axex1 minecraft:wooden_swordx1 minecraft:crafting_tablex1 minecraft:stickx2 minecraft:wooden_pickaxex1 minecraft:wooden_axex1 minecraft:cobblestonex7 minecraft:stone_pickaxex1 minecraft:eggx1 minecraft:stone_swordx1 minecraft:raw_ironx2, nearby=animals=0 hostiles=0, mining_idle=true, hp=11.5/20.0, on_ground=true, pos=487,69,121, fall=0.0, held=minecraft:cobblestonex7, task_state=COMPLETED}
[02:05:07] [Server thread/INFO]: [AIBot] ACTION event=diag_snapshot bot=Bob {submerged=false, light=15, step=, in_lava=false, task_phase=, goal=none, task_progress=1.0, task=move, mode=survival, air=300, food=17, path_idle=true, inv=minecraft:stone_axex1 minecraft:wooden_swordx1 minecraft:crafting_tablex1 minecraft:stickx2 minecraft:wooden_pickaxex1 minecraft:wooden_axex1 minecraft:cobblestonex7 minecraft:stone_pickaxex1 minecraft:eggx1 minecraft:stone_swordx1 minecraft:raw_ironx2, nearby=animals=0 hostiles=0, mining_idle=true, hp=11.5/20.0, on_ground=true, pos=487,69,121, fall=0.0, held=minecraft:cobblestonex7, task_state=COMPLETED}
[02:05:08] [Server thread/INFO]: [AIBot] ACTION event=capability_decision bot=Bob {allowed=false, profile=strict_survival, capability=HIDDEN_BLOCK_SCAN, context=observable_entity_query, reason=DENIED_STRICT_SURVIVAL}
[02:05:09] [Server thread/INFO]: [AIBot] ACTION event=capability_decision bot=Bob {allowed=false, profile=strict_survival, capability=HIDDEN_BLOCK_SCAN, context=observable_block_query, reason=DENIED_STRICT_SURVIVAL}
[02:05:09] [Server thread/INFO]: [AIBot] ACTION event=capability_decision bot=Bob {allowed=false, profile=strict_survival, capability=HIDDEN_BLOCK_SCAN, context=perception_snapshot, reason=DENIED_STRICT_SURVIVAL}
[02:05:09] [Server thread/INFO]: [AIBot] ACTION event=diag_snapshot bot=Bob {submerged=false, light=15, step=, in_lava=false, task_phase=, goal=none, task_progress=1.0, task=move, mode=survival, air=300, food=17, path_idle=true, inv=minecraft:stone_axex1 minecraft:wooden_swordx1 minecraft:crafting_tablex1 minecraft:stickx2 minecraft:wooden_pickaxex1 minecraft:wooden_axex1 minecraft:cobblestonex7 minecraft:stone_pickaxex1 minecraft:eggx1 minecraft:stone_swordx1 minecraft:raw_ironx2, nearby=animals=0 hostiles=0, mining_idle=true, hp=11.5/20.0, on_ground=true, pos=487,69,121, fall=0.0, held=minecraft:cobblestonex7, task_state=COMPLETED}
[02:05:11] [Server thread/INFO]: [AIBot] ACTION event=capability_decision bot=Bob {allowed=false, profile=strict_survival, capability=HIDDEN_BLOCK_SCAN, context=diagnostic_nearby, reason=DENIED_STRICT_SURVIVAL}
[02:05:11] [Server thread/INFO]: [AIBot] ACTION event=diag_snapshot bot=Bob {submerged=false, light=15, step=, in_lava=false, task_phase=, goal=none, task_progress=1.0, task=move, mode=survival, air=300, food=17, path_idle=true, inv=minecraft:stone_axex1 minecraft:wooden_swordx1 minecraft:crafting_tablex1 minecraft:stickx2 minecraft:wooden_pickaxex1 minecraft:wooden_axex1 minecraft:cobblestonex7 minecraft:stone_pickaxex1 minecraft:eggx1 minecraft:stone_swordx1 minecraft:raw_ironx2, nearby=animals=0 hostiles=0, mining_idle=true, hp=11.5/20.0, on_ground=true, pos=487,69,121, fall=0.0, held=minecraft:cobblestonex7, task_state=COMPLETED}
[02:05:13] [Server thread/INFO]: [AIBot] ACTION event=capability_decision bot=Bob {allowed=false, profile=strict_survival, capability=HIDDEN_BLOCK_SCAN, context=observable_entity_query, reason=DENIED_STRICT_SURVIVAL}
[02:05:13] [Server thread/INFO]: [AIBot] ACTION event=diag_snapshot bot=Bob {submerged=false, light=15, step=, in_lava=false, task_phase=, goal=none, task_progress=1.0, task=move, mode=survival, air=300, food=17, path_idle=true, inv=minecraft:stone_axex1 minecraft:wooden_swordx1 minecraft:crafting_tablex1 minecraft:stickx2 minecraft:wooden_pickaxex1 minecraft:wooden_axex1 minecraft:cobblestonex7 minecraft:stone_pickaxex1 minecraft:eggx1 minecraft:stone_swordx1 minecraft:raw_ironx2, nearby=animals=0 hostiles=0, mining_idle=true, hp=11.5/20.0, on_ground=true, pos=487,69,121, fall=0.0, held=minecraft:cobblestonex7, task_state=COMPLETED}
[02:05:14] [Server thread/INFO]: [AIBot] ACTION event=capability_decision bot=Bob {allowed=false, profile=strict_survival, capability=HIDDEN_BLOCK_SCAN, context=observable_block_query, reason=DENIED_STRICT_SURVIVAL}
[02:05:14] [Server thread/INFO]: [AIBot] ACTION event=capability_decision bot=Bob {allowed=false, profile=strict_survival, capability=HIDDEN_BLOCK_SCAN, context=perception_snapshot, reason=DENIED_STRICT_SURVIVAL}
[02:05:15] [Server thread/INFO]: [AIBot] ACTION event=diag_snapshot bot=Bob {submerged=false, light=15, step=, in_lava=false, task_phase=, goal=none, task_progress=1.0, task=move, mode=survival, air=300, food=17, path_idle=true, inv=minecraft:stone_axex1 minecraft:wooden_swordx1 minecraft:crafting_tablex1 minecraft:stickx2 minecraft:wooden_pickaxex1 minecraft:wooden_axex1 minecraft:cobblestonex7 minecraft:stone_pickaxex1 minecraft:eggx1 minecraft:stone_swordx1 minecraft:raw_ironx2, nearby=animals=0 hostiles=0, mining_idle=true, hp=11.5/20.0, on_ground=true, pos=487,69,121, fall=0.0, held=minecraft:cobblestonex7, task_state=COMPLETED}
[02:05:17] [Server thread/INFO]: [AIBot] ACTION event=capability_decision bot=Bob {allowed=false, profile=strict_survival, capability=HIDDEN_BLOCK_SCAN, context=diagnostic_nearby, reason=DENIED_STRICT_SURVIVAL}
[02:05:17] [Server thread/INFO]: [AIBot] ACTION event=diag_snapshot bot=Bob {submerged=false, light=15, step=, in_lava=false, task_phase=, goal=none, task_progress=1.0, task=move, mode=survival, air=300, food=17, path_idle=true, inv=minecraft:stone_axex1 minecraft:wooden_swordx1 minecraft:crafting_tablex1 minecraft:stickx2 minecraft:wooden_pickaxex1 minecraft:wooden_axex1 minecraft:cobblestonex7 minecraft:stone_pickaxex1 minecraft:eggx1 minecraft:stone_swordx1 minecraft:raw_ironx2, nearby=animals=0 hostiles=0, mining_idle=true, hp=11.5/20.0, on_ground=true, pos=487,69,121, fall=0.0, held=minecraft:cobblestonex7, task_state=COMPLETED}
[02:05:18] [Server thread/INFO]: [AIBot] ACTION event=capability_decision bot=Bob {allowed=false, profile=strict_survival, capability=HIDDEN_BLOCK_SCAN, context=observable_entity_query, reason=DENIED_STRICT_SURVIVAL}
[02:05:19] [Server thread/INFO]: [AIBot] ACTION event=capability_decision bot=Bob {allowed=false, profile=strict_survival, capability=HIDDEN_BLOCK_SCAN, context=observable_block_query, reason=DENIED_STRICT_SURVIVAL}
[02:05:19] [Server thread/INFO]: [AIBot] ACTION event=capability_decision bot=Bob {allowed=false, profile=strict_survival, capability=HIDDEN_BLOCK_SCAN, context=perception_snapshot, reason=DENIED_STRICT_SURVIVAL}
[02:05:19] [Server thread/INFO]: [AIBot] ACTION event=diag_snapshot bot=Bob {submerged=false, light=15, step=, in_lava=false, task_phase=, goal=none, task_progress=1.0, task=move, mode=survival, air=300, food=17, path_idle=true, inv=minecraft:stone_axex1 minecraft:wooden_swordx1 minecraft:crafting_tablex1 minecraft:stickx2 minecraft:wooden_pickaxex1 minecraft:wooden_axex1 minecraft:cobblestonex7 minecraft:stone_pickaxex1 minecraft:eggx1 minecraft:stone_swordx1 minecraft:raw_ironx2, nearby=animals=0 hostiles=0, mining_idle=true, hp=11.5/20.0, on_ground=true, pos=487,69,121, fall=0.0, held=minecraft:cobblestonex7, task_state=COMPLETED}
[02:05:21] [Server thread/WARN]: [AIBot] PERCEPTION event=snapshot_slow bot=Bob {elapsed_ms=11}
[02:05:21] [Server thread/INFO]: [AIBot] ACTION event=diag_snapshot bot=Bob {submerged=false, light=15, step=, in_lava=false, task_phase=, goal=none, task_progress=1.0, task=move, mode=survival, air=300, food=17, path_idle=true, inv=minecraft:stone_axex1 minecraft:wooden_swordx1 minecraft:crafting_tablex1 minecraft:stickx2 minecraft:wooden_pickaxex1 minecraft:wooden_axex1 minecraft:cobblestonex7 minecraft:stone_pickaxex1 minecraft:eggx1 minecraft:stone_swordx1 minecraft:raw_ironx2, nearby=animals=0 hostiles=0, mining_idle=true, hp=11.5/20.0, on_ground=true, pos=487,69,121, fall=0.0, held=minecraft:cobblestonex7, task_state=COMPLETED}
[02:05:23] [Server thread/INFO]: [AIBot] ACTION event=capability_decision bot=Bob {allowed=false, profile=strict_survival, capability=HIDDEN_BLOCK_SCAN, context=diagnostic_nearby, reason=DENIED_STRICT_SURVIVAL}
[02:05:23] [Server thread/INFO]: [AIBot] ACTION event=capability_decision bot=Bob {allowed=false, profile=strict_survival, capability=HIDDEN_BLOCK_SCAN, context=observable_entity_query, reason=DENIED_STRICT_SURVIVAL}
[02:05:23] [Server thread/INFO]: [AIBot] ACTION event=diag_snapshot bot=Bob {submerged=false, light=15, step=, in_lava=false, task_phase=, goal=none, task_progress=1.0, task=move, mode=survival, air=300, food=17, path_idle=true, inv=minecraft:stone_axex1 minecraft:wooden_swordx1 minecraft:crafting_tablex1 minecraft:stickx2 minecraft:wooden_pickaxex1 minecraft:wooden_axex1 minecraft:cobblestonex7 minecraft:stone_pickaxex1 minecraft:eggx1 minecraft:stone_swordx1 minecraft:raw_ironx2, nearby=animals=0 hostiles=0, mining_idle=true, hp=11.5/20.0, on_ground=true, pos=487,69,121, fall=0.0, held=minecraft:cobblestonex7, task_state=COMPLETED}
[02:05:24] [Server thread/INFO]: [AIBot] ACTION event=capability_decision bot=Bob {allowed=false, profile=strict_survival, capability=HIDDEN_BLOCK_SCAN, context=observable_block_query, reason=DENIED_STRICT_SURVIVAL}
[02:05:24] [Server thread/INFO]: [AIBot] ACTION event=capability_decision bot=Bob {allowed=false, profile=strict_survival, capability=HIDDEN_BLOCK_SCAN, context=perception_snapshot, reason=DENIED_STRICT_SURVIVAL}
[02:05:25] [Server thread/INFO]: [AIBot] ACTION event=diag_snapshot bot=Bob {submerged=false, light=15, step=, in_lava=false, task_phase=, goal=none, task_progress=1.0, task=move, mode=survival, air=300, food=17, path_idle=true, inv=minecraft:stone_axex1 minecraft:wooden_swordx1 minecraft:crafting_tablex1 minecraft:stickx2 minecraft:wooden_pickaxex1 minecraft:wooden_axex1 minecraft:cobblestonex7 minecraft:stone_pickaxex1 minecraft:eggx1 minecraft:stone_swordx1 minecraft:raw_ironx2, nearby=animals=0 hostiles=0, mining_idle=true, hp=11.5/20.0, on_ground=true, pos=487,69,121, fall=0.0, held=minecraft:cobblestonex7, task_state=COMPLETED}
[02:05:27] [Server thread/INFO]: [AIBot] ACTION event=diag_snapshot bot=Bob {submerged=false, light=15, step=, in_lava=false, task_phase=, goal=none, task_progress=1.0, task=move, mode=survival, air=300, food=17, path_idle=true, inv=minecraft:stone_axex1 minecraft:wooden_swordx1 minecraft:crafting_tablex1 minecraft:stickx2 minecraft:wooden_pickaxex1 minecraft:wooden_axex1 minecraft:cobblestonex7 minecraft:stone_pickaxex1 minecraft:eggx1 minecraft:stone_swordx1 minecraft:raw_ironx2, nearby=animals=0 hostiles=0, mining_idle=true, hp=11.5/20.0, on_ground=true, pos=487,69,121, fall=0.0, held=minecraft:cobblestonex7, task_state=COMPLETED}
[02:05:29] [Server thread/INFO]: [AIBot] ACTION event=capability_decision bot=Bob {allowed=false, profile=strict_survival, capability=HIDDEN_BLOCK_SCAN, context=observable_block_query, reason=DENIED_STRICT_SURVIVAL}
[02:05:29] [Server thread/INFO]: [AIBot] ACTION event=capability_decision bot=Bob {allowed=false, profile=strict_survival, capability=HIDDEN_BLOCK_SCAN, context=perception_snapshot, reason=DENIED_STRICT_SURVIVAL}
[02:05:29] [Server thread/INFO]: [AIBot] ACTION event=capability_decision bot=Bob {allowed=false, profile=strict_survival, capability=HIDDEN_BLOCK_SCAN, context=diagnostic_nearby, reason=DENIED_STRICT_SURVIVAL}
[02:05:29] [Server thread/INFO]: [AIBot] ACTION event=capability_decision bot=Bob {allowed=false, profile=strict_survival, capability=HIDDEN_BLOCK_SCAN, context=observable_entity_query, reason=DENIED_STRICT_SURVIVAL}
[02:05:29] [Server thread/INFO]: [AIBot] ACTION event=diag_snapshot bot=Bob {submerged=false, light=15, step=, in_lava=false, task_phase=, goal=none, task_progress=1.0, task=move, mode=survival, air=300, food=17, path_idle=true, inv=minecraft:stone_axex1 minecraft:wooden_swordx1 minecraft:crafting_tablex1 minecraft:stickx2 minecraft:wooden_pickaxex1 minecraft:wooden_axex1 minecraft:cobblestonex7 minecraft:stone_pickaxex1 minecraft:eggx1 minecraft:stone_swordx1 minecraft:raw_ironx2, nearby=animals=0 hostiles=0, mining_idle=true, hp=11.5/20.0, on_ground=true, pos=487,69,121, fall=0.0, held=minecraft:cobblestonex7, task_state=COMPLETED}
[02:05:31] [Server thread/INFO]: [AIBot] ACTION event=diag_snapshot bot=Bob {submerged=false, light=15, step=, in_lava=false, task_phase=, goal=none, task_progress=1.0, task=move, mode=survival, air=300, food=17, path_idle=true, inv=minecraft:stone_axex1 minecraft:wooden_swordx1 minecraft:crafting_tablex1 minecraft:stickx2 minecraft:wooden_pickaxex1 minecraft:wooden_axex1 minecraft:cobblestonex7 minecraft:stone_pickaxex1 minecraft:eggx1 minecraft:stone_swordx1 minecraft:raw_ironx2, nearby=animals=0 hostiles=0, mining_idle=true, hp=11.5/20.0, on_ground=true, pos=487,69,121, fall=0.0, held=minecraft:cobblestonex7, task_state=COMPLETED}
[02:05:33] [Server thread/INFO]: [AIBot] ACTION event=diag_snapshot bot=Bob {submerged=false, light=15, step=, in_lava=false, task_phase=, goal=none, task_progress=1.0, task=move, mode=survival, air=300, food=17, path_idle=true, inv=minecraft:stone_axex1 minecraft:wooden_swordx1 minecraft:crafting_tablex1 minecraft:stickx2 minecraft:wooden_pickaxex1 minecraft:wooden_axex1 minecraft:cobblestonex7 minecraft:stone_pickaxex1 minecraft:eggx1 minecraft:stone_swordx1 minecraft:raw_ironx2, nearby=animals=0 hostiles=0, mining_idle=true, hp=11.5/20.0, on_ground=true, pos=487,69,121, fall=0.0, held=minecraft:cobblestonex7, task_state=COMPLETED}
[02:05:34] [Server thread/INFO]: [AIBot] ACTION event=capability_decision bot=Bob {allowed=false, profile=strict_survival, capability=HIDDEN_BLOCK_SCAN, context=observable_block_query, reason=DENIED_STRICT_SURVIVAL}
[02:05:34] [Server thread/INFO]: [AIBot] ACTION event=capability_decision bot=Bob {allowed=false, profile=strict_survival, capability=HIDDEN_BLOCK_SCAN, context=perception_snapshot, reason=DENIED_STRICT_SURVIVAL}
[02:05:35] [Server thread/WARN]: [AIBot] PERCEPTION event=snapshot_slow bot=Bob {elapsed_ms=11}
[02:05:35] [Server thread/INFO]: [AIBot] ACTION event=capability_decision bot=Bob {allowed=false, profile=strict_survival, capability=HIDDEN_BLOCK_SCAN, context=diagnostic_nearby, reason=DENIED_STRICT_SURVIVAL}
[02:05:35] [Server thread/INFO]: [AIBot] ACTION event=diag_snapshot bot=Bob {submerged=false, light=15, step=, in_lava=false, task_phase=, goal=none, task_progress=1.0, task=move, mode=survival, air=300, food=17, path_idle=true, inv=minecraft:stone_axex1 minecraft:wooden_swordx1 minecraft:crafting_tablex1 minecraft:stickx2 minecraft:wooden_pickaxex1 minecraft:wooden_axex1 minecraft:cobblestonex7 minecraft:stone_pickaxex1 minecraft:eggx1 minecraft:stone_swordx1 minecraft:raw_ironx2, nearby=animals=0 hostiles=0, mining_idle=true, hp=11.5/20.0, on_ground=true, pos=487,69,121, fall=0.0, held=minecraft:cobblestonex7, task_state=COMPLETED}
[02:05:37] [Server thread/INFO]: [AIBot] ACTION event=capability_decision bot=Bob {allowed=false, profile=strict_survival, capability=HIDDEN_BLOCK_SCAN, context=observable_entity_query, reason=DENIED_STRICT_SURVIVAL}
[02:05:37] [Server thread/INFO]: [AIBot] ACTION event=diag_snapshot bot=Bob {submerged=false, light=15, step=, in_lava=false, task_phase=, goal=none, task_progress=1.0, task=move, mode=survival, air=300, food=17, path_idle=true, inv=minecraft:stone_axex1 minecraft:wooden_swordx1 minecraft:crafting_tablex1 minecraft:stickx2 minecraft:wooden_pickaxex1 minecraft:wooden_axex1 minecraft:cobblestonex7 minecraft:stone_pickaxex1 minecraft:eggx1 minecraft:stone_swordx1 minecraft:raw_ironx2, nearby=animals=0 hostiles=0, mining_idle=true, hp=11.5/20.0, on_ground=true, pos=487,69,121, fall=0.0, held=minecraft:cobblestonex7, task_state=COMPLETED}
[02:05:39] [Server thread/INFO]: [AIBot] LIFECYCLE event=mixin_alive bot=- {server_tick=28800}
[02:05:39] [Server thread/INFO]: [AIBot] ACTION event=capability_decision bot=Bob {allowed=false, profile=strict_survival, capability=HIDDEN_BLOCK_SCAN, context=observable_block_query, reason=DENIED_STRICT_SURVIVAL}
[02:05:39] [Server thread/INFO]: [AIBot] ACTION event=capability_decision bot=Bob {allowed=false, profile=strict_survival, capability=HIDDEN_BLOCK_SCAN, context=perception_snapshot, reason=DENIED_STRICT_SURVIVAL}
[02:05:39] [Server thread/INFO]: [AIBot] ACTION event=diag_snapshot bot=Bob {submerged=false, light=15, step=, in_lava=false, task_phase=, goal=none, task_progress=1.0, task=move, mode=survival, air=300, food=17, path_idle=true, inv=minecraft:stone_axex1 minecraft:wooden_swordx1 minecraft:crafting_tablex1 minecraft:stickx2 minecraft:wooden_pickaxex1 minecraft:wooden_axex1 minecraft:cobblestonex7 minecraft:stone_pickaxex1 minecraft:eggx1 minecraft:stone_swordx1 minecraft:raw_ironx2, nearby=animals=0 hostiles=0, mining_idle=true, hp=11.5/20.0, on_ground=true, pos=487,69,121, fall=0.0, held=minecraft:cobblestonex7, task_state=COMPLETED}
[02:05:41] [Server thread/INFO]: [AIBot] ACTION event=capability_decision bot=Bob {allowed=false, profile=strict_survival, capability=HIDDEN_BLOCK_SCAN, context=diagnostic_nearby, reason=DENIED_STRICT_SURVIVAL}
[02:05:41] [Server thread/INFO]: [AIBot] ACTION event=diag_snapshot bot=Bob {submerged=false, light=15, step=, in_lava=false, task_phase=, goal=none, task_progress=1.0, task=move, mode=survival, air=300, food=17, path_idle=true, inv=minecraft:stone_axex1 minecraft:wooden_swordx1 minecraft:crafting_tablex1 minecraft:stickx2 minecraft:wooden_pickaxex1 minecraft:wooden_axex1 minecraft:cobblestonex7 minecraft:stone_pickaxex1 minecraft:eggx1 minecraft:stone_swordx1 minecraft:raw_ironx2, nearby=animals=0 hostiles=0, mining_idle=true, hp=11.5/20.0, on_ground=true, pos=487,69,121, fall=0.0, held=minecraft:cobblestonex7, task_state=COMPLETED}
[02:05:43] [Server thread/INFO]: [AIBot] ACTION event=diag_snapshot bot=Bob {submerged=false, light=15, step=, in_lava=false, task_phase=, goal=none, task_progress=1.0, task=move, mode=survival, air=300, food=17, path_idle=true, inv=minecraft:stone_axex1 minecraft:wooden_swordx1 minecraft:crafting_tablex1 minecraft:stickx2 minecraft:wooden_pickaxex1 minecraft:wooden_axex1 minecraft:cobblestonex7 minecraft:stone_pickaxex1 minecraft:eggx1 minecraft:stone_swordx1 minecraft:raw_ironx2, nearby=animals=0 hostiles=0, mining_idle=true, hp=11.5/20.0, on_ground=true, pos=487,69,121, fall=0.0, held=minecraft:cobblestonex7, task_state=COMPLETED}
[02:05:44] [Server thread/INFO]: [AIBot] ACTION event=capability_decision bot=Bob {allowed=false, profile=strict_survival, capability=HIDDEN_BLOCK_SCAN, context=observable_block_query, reason=DENIED_STRICT_SURVIVAL}
[02:05:44] [Server thread/INFO]: [AIBot] ACTION event=capability_decision bot=Bob {allowed=false, profile=strict_survival, capability=HIDDEN_BLOCK_SCAN, context=perception_snapshot, reason=DENIED_STRICT_SURVIVAL}
[02:05:45] [Server thread/INFO]: [AIBot] ACTION event=capability_decision bot=Bob {allowed=false, profile=strict_survival, capability=HIDDEN_BLOCK_SCAN, context=observable_entity_query, reason=DENIED_STRICT_SURVIVAL}
[02:05:45] [Server thread/INFO]: [AIBot] ACTION event=diag_snapshot bot=Bob {submerged=false, light=15, step=, in_lava=false, task_phase=, goal=none, task_progress=1.0, task=move, mode=survival, air=300, food=17, path_idle=true, inv=minecraft:stone_axex1 minecraft:wooden_swordx1 minecraft:crafting_tablex1 minecraft:stickx2 minecraft:wooden_pickaxex1 minecraft:wooden_axex1 minecraft:cobblestonex7 minecraft:stone_pickaxex1 minecraft:eggx1 minecraft:stone_swordx1 minecraft:raw_ironx2, nearby=animals=0 hostiles=0, mining_idle=true, hp=11.5/20.0, on_ground=true, pos=487,69,121, fall=0.0, held=minecraft:cobblestonex7, task_state=COMPLETED}
[02:05:47] [Server thread/INFO]: [AIBot] ACTION event=capability_decision bot=Bob {allowed=false, profile=strict_survival, capability=HIDDEN_BLOCK_SCAN, context=diagnostic_nearby, reason=DENIED_STRICT_SURVIVAL}
[02:05:47] [Server thread/INFO]: [AIBot] ACTION event=diag_snapshot bot=Bob {submerged=false, light=15, step=, in_lava=false, task_phase=, goal=none, task_progress=1.0, task=move, mode=survival, air=300, food=17, path_idle=true, inv=minecraft:stone_axex1 minecraft:wooden_swordx1 minecraft:crafting_tablex1 minecraft:stickx2 minecraft:wooden_pickaxex1 minecraft:wooden_axex1 minecraft:cobblestonex7 minecraft:stone_pickaxex1 minecraft:eggx1 minecraft:stone_swordx1 minecraft:raw_ironx2, nearby=animals=0 hostiles=0, mining_idle=true, hp=11.5/20.0, on_ground=true, pos=487,69,121, fall=0.0, held=minecraft:cobblestonex7, task_state=COMPLETED}
[02:05:49] [Server thread/INFO]: [AIBot] ACTION event=capability_decision bot=Bob {allowed=false, profile=strict_survival, capability=HIDDEN_BLOCK_SCAN, context=observable_block_query, reason=DENIED_STRICT_SURVIVAL}
[02:05:49] [Server thread/INFO]: [AIBot] ACTION event=capability_decision bot=Bob {allowed=false, profile=strict_survival, capability=HIDDEN_BLOCK_SCAN, context=perception_snapshot, reason=DENIED_STRICT_SURVIVAL}
[02:05:49] [Server thread/INFO]: [AIBot] ACTION event=diag_snapshot bot=Bob {submerged=false, light=15, step=, in_lava=false, task_phase=, goal=none, task_progress=1.0, task=move, mode=survival, air=300, food=17, path_idle=true, inv=minecraft:stone_axex1 minecraft:wooden_swordx1 minecraft:crafting_tablex1 minecraft:stickx2 minecraft:wooden_pickaxex1 minecraft:wooden_axex1 minecraft:cobblestonex7 minecraft:stone_pickaxex1 minecraft:eggx1 minecraft:stone_swordx1 minecraft:raw_ironx2, nearby=animals=0 hostiles=0, mining_idle=true, hp=11.5/20.0, on_ground=true, pos=487,69,121, fall=0.0, held=minecraft:cobblestonex7, task_state=COMPLETED}
[02:05:51] [Server thread/INFO]: [AIBot] ACTION event=capability_decision bot=Bob {allowed=false, profile=strict_survival, capability=HIDDEN_BLOCK_SCAN, context=observable_entity_query, reason=DENIED_STRICT_SURVIVAL}
[02:05:51] [Server thread/INFO]: [AIBot] ACTION event=diag_snapshot bot=Bob {submerged=false, light=15, step=, in_lava=false, task_phase=, goal=none, task_progress=1.0, task=move, mode=survival, air=300, food=17, path_idle=true, inv=minecraft:stone_axex1 minecraft:wooden_swordx1 minecraft:crafting_tablex1 minecraft:stickx2 minecraft:wooden_pickaxex1 minecraft:wooden_axex1 minecraft:cobblestonex7 minecraft:stone_pickaxex1 minecraft:eggx1 minecraft:stone_swordx1 minecraft:raw_ironx2, nearby=animals=0 hostiles=0, mining_idle=true, hp=11.5/20.0, on_ground=true, pos=487,69,121, fall=0.0, held=minecraft:cobblestonex7, task_state=COMPLETED}
[02:05:53] [Server thread/WARN]: [AIBot] PERCEPTION event=snapshot_slow bot=Bob {elapsed_ms=11}
[02:05:53] [Server thread/INFO]: [AIBot] ACTION event=capability_decision bot=Bob {allowed=false, profile=strict_survival, capability=HIDDEN_BLOCK_SCAN, context=diagnostic_nearby, reason=DENIED_STRICT_SURVIVAL}
[02:05:53] [Server thread/INFO]: [AIBot] ACTION event=diag_snapshot bot=Bob {submerged=false, light=15, step=, in_lava=false, task_phase=, goal=none, task_progress=1.0, task=move, mode=survival, air=300, food=17, path_idle=true, inv=minecraft:stone_axex1 minecraft:wooden_swordx1 minecraft:crafting_tablex1 minecraft:stickx2 minecraft:wooden_pickaxex1 minecraft:wooden_axex1 minecraft:cobblestonex7 minecraft:stone_pickaxex1 minecraft:eggx1 minecraft:stone_swordx1 minecraft:raw_ironx2, nearby=animals=0 hostiles=0, mining_idle=true, hp=11.5/20.0, on_ground=true, pos=487,69,121, fall=0.0, held=minecraft:cobblestonex7, task_state=COMPLETED}
[02:05:54] [Server thread/INFO]: [AIBot] ACTION event=capability_decision bot=Bob {allowed=false, profile=strict_survival, capability=HIDDEN_BLOCK_SCAN, context=observable_block_query, reason=DENIED_STRICT_SURVIVAL}
[02:05:54] [Server thread/INFO]: [AIBot] ACTION event=capability_decision bot=Bob {allowed=false, profile=strict_survival, capability=HIDDEN_BLOCK_SCAN, context=perception_snapshot, reason=DENIED_STRICT_SURVIVAL}
[02:05:55] [Server thread/INFO]: [AIBot] ACTION event=diag_snapshot bot=Bob {submerged=false, light=15, step=, in_lava=false, task_phase=, goal=none, task_progress=1.0, task=move, mode=survival, air=300, food=17, path_idle=true, inv=minecraft:stone_axex1 minecraft:wooden_swordx1 minecraft:crafting_tablex1 minecraft:stickx2 minecraft:wooden_pickaxex1 minecraft:wooden_axex1 minecraft:cobblestonex7 minecraft:stone_pickaxex1 minecraft:eggx1 minecraft:stone_swordx1 minecraft:raw_ironx2, nearby=animals=0 hostiles=0, mining_idle=true, hp=11.5/20.0, on_ground=true, pos=487,69,121, fall=0.0, held=minecraft:cobblestonex7, task_state=COMPLETED}
[02:05:57] [Server thread/INFO]: [AIBot] ACTION event=capability_decision bot=Bob {allowed=false, profile=strict_survival, capability=HIDDEN_BLOCK_SCAN, context=observable_entity_query, reason=DENIED_STRICT_SURVIVAL}
[02:05:57] [Server thread/INFO]: [AIBot] ACTION event=diag_snapshot bot=Bob {submerged=false, light=15, step=, in_lava=false, task_phase=, goal=none, task_progress=1.0, task=move, mode=survival, air=300, food=17, path_idle=true, inv=minecraft:stone_axex1 minecraft:wooden_swordx1 minecraft:crafting_tablex1 minecraft:stickx2 minecraft:wooden_pickaxex1 minecraft:wooden_axex1 minecraft:cobblestonex7 minecraft:stone_pickaxex1 minecraft:eggx1 minecraft:stone_swordx1 minecraft:raw_ironx2, nearby=animals=0 hostiles=0, mining_idle=true, hp=11.5/20.0, on_ground=true, pos=487,69,121, fall=0.0, held=minecraft:cobblestonex7, task_state=COMPLETED}
[02:05:59] [Server thread/INFO]: [AIBot] ACTION event=capability_decision bot=Bob {allowed=false, profile=strict_survival, capability=HIDDEN_BLOCK_SCAN, context=observable_block_query, reason=DENIED_STRICT_SURVIVAL}
[02:05:59] [Server thread/INFO]: [AIBot] ACTION event=capability_decision bot=Bob {allowed=false, profile=strict_survival, capability=HIDDEN_BLOCK_SCAN, context=perception_snapshot, reason=DENIED_STRICT_SURVIVAL}
[02:05:59] [Server thread/INFO]: [AIBot] ACTION event=capability_decision bot=Bob {allowed=false, profile=strict_survival, capability=HIDDEN_BLOCK_SCAN, context=diagnostic_nearby, reason=DENIED_STRICT_SURVIVAL}
[02:05:59] [Server thread/INFO]: [AIBot] ACTION event=diag_snapshot bot=Bob {submerged=false, light=15, step=, in_lava=false, task_phase=, goal=none, task_progress=1.0, task=move, mode=survival, air=300, food=17, path_idle=true, inv=minecraft:stone_axex1 minecraft:wooden_swordx1 minecraft:crafting_tablex1 minecraft:stickx2 minecraft:wooden_pickaxex1 minecraft:wooden_axex1 minecraft:cobblestonex7 minecraft:stone_pickaxex1 minecraft:eggx1 minecraft:stone_swordx1 minecraft:raw_ironx2, nearby=animals=0 hostiles=0, mining_idle=true, hp=11.5/20.0, on_ground=true, pos=487,69,121, fall=0.0, held=minecraft:cobblestonex7, task_state=COMPLETED}
[02:06:00] [RCON Listener #1/INFO]: Thread RCON Client /127.0.0.1 started
[02:06:00] [Server thread/INFO]: [Rcon: Stopping the server]
[02:06:00] [RCON Client /127.0.0.1 #14/INFO]: Thread RCON Client /127.0.0.1 shutting down
[02:06:00] [Server thread/INFO]: [AIBot] LIFECYCLE event=server_stopping bot=- {}
[02:06:00] [AIBotPersistenceWriter/INFO]: [AIBot] LIFECYCLE event=runtime_persist_saved bot=- {bots=1, path=.\world_play\.\aibot\runtime.json, atomic_move=true, schema=1, jobs=0}
[02:06:00] [Server thread/INFO]: [AIBot] COMM event=conversation_reset bot=Bob {}
[02:06:00] [Server thread/INFO]: Bob lost connection: AIBot server unload
[02:06:00] [Server thread/INFO]: Bob left the game
[02:06:00] [Server thread/INFO]: [AIBot] LIFECYCLE event=all_bots_cleared bot=- {count=1}
[02:06:00] [Server thread/INFO]: [AIBot] TASK event=jobs_cleared bot=- {}
[02:06:00] [Server thread/INFO]: [AIBot] LIFECYCLE event=server_runtime_stopped bot=- {persisted_bots=1}
[02:06:00] [Server thread/INFO]: Stopping server
[02:06:00] [Server thread/INFO]: Saving players
[02:06:00] [Server thread/INFO]: Saving worlds
[02:06:00] [Server thread/INFO]: Saving chunks for level 'ServerLevel[world_play]'/minecraft:overworld
[02:06:00] [Server thread/INFO]: Saving chunks for level 'ServerLevel[world_play]'/minecraft:the_nether
[02:06:00] [Server thread/INFO]: Saving chunks for level 'ServerLevel[world_play]'/minecraft:the_end
[02:06:00] [Server thread/INFO]: ThreadedAnvilChunkStorage (world_play): All chunks are saved
[02:06:00] [Server thread/INFO]: ThreadedAnvilChunkStorage (DIM-1): All chunks are saved
[02:06:00] [Server thread/INFO]: ThreadedAnvilChunkStorage (DIM1): All chunks are saved
[02:06:00] [Server thread/INFO]: ThreadedAnvilChunkStorage: All dimensions are saved
[02:06:00] [Server thread/INFO]: Thread RCON Listener stopped
