[17:06:29] [main/INFO]: Loading Minecraft 1.21.3 with Fabric Loader 0.19.5
[17:06:29] [ForkJoinPool-1-worker-5/WARN]: Mod mr_vein_miner uses the version 26.x which isn't compatible with Loader's extended semantic version format (Could not parse version number component 'x'!), SemVer is recommended for reliably evaluating dependencies and prioritizing newer version
[17:06:29] [main/INFO]: Loading 47 mods:
[17:06:29] [main/INFO]: SpongePowered MIXIN Subsystem Version=0.8.7 Source=file:/D:/code/mc-experiment/mc-server-mc1ca/libraries/net/fabricmc/sponge-mixin/0.17.4+mixin.0.8.7/sponge-mixin-0.17.4+mixin.0.8.7.jar Service=Knot/Fabric Env=SERVER
[17:06:31] [main/INFO]: Initializing MixinExtras via com.llamalad7.mixinextras.service.MixinExtrasServiceImpl(version=0.5.5).
[17:06:51] [main/INFO]: [AIBot] CONFIG event=operating_profile_resolved bot=- {effective_capabilities=[], configured_emergency_teleport=true, configured_hidden_block_scan=true, configured_forced_pickup=true, source=FILE_OR_DEFAULT, profile=strict_survival, configured_manual_teleport=true}
[17:06:51] [main/INFO]: [AIBot] LIFECYCLE event=mod_loaded bot=- {version=0.0.1}
[17:06:51] [main/INFO]: [AIBot] CONFIG event=config_loaded bot=- {configured_operator_capabilities=OperatorCapabilities[hiddenBlockScan=true, emergencyTeleport=true, forcedPickup=true, manualTeleport=true], logging_enabled=true, nav_lookahead=4, profile=strict_survival, pickup_force_radius=2.75, perception_radius=16, effective_capabilities=[], deepseek_model=deepseek/deepseek-v4-flash}
[17:06:51] [main/INFO]: ================================
[17:06:51] [main/INFO]:   AIBot v0.0.1 loaded
[17:06:51] [main/INFO]:   Mode: M6 structured logs over M5 tasks
[17:06:51] [main/INFO]: ================================
[17:06:52] [main/INFO]: Environment: Environment[sessionHost=https://sessionserver.mojang.com, servicesHost=https://api.minecraftservices.com, name=PROD]
[17:06:58] [main/INFO]: Loaded 1338 recipes
[17:06:58] [main/INFO]: Loaded 1448 advancements
[17:06:59] [main/INFO]: Applied 0 biome modifications to 0 of 64 new biomes in 11.93 ms
[17:06:59] [Server thread/INFO]: Starting minecraft server version 1.21.3
[17:06:59] [Server thread/INFO]: Loading properties
[17:06:59] [Server thread/INFO]: Default game type: SURVIVAL
[17:06:59] [Server thread/INFO]: Generating keypair
[17:06:59] [Server thread/INFO]: Starting Minecraft server on *:25565
[17:06:59] [Server thread/INFO]: Using default channel type
[17:07:00] [Server thread/WARN]: **** SERVER IS RUNNING IN OFFLINE/INSECURE MODE!
[17:07:00] [Server thread/WARN]: The server will make no attempt to authenticate usernames. Beware.
[17:07:00] [Server thread/WARN]: While this makes the game possible to play without internet access, it also opens up the ability for hackers to connect with any username they choose.
[17:07:00] [Server thread/WARN]: To change this, set "online-mode" to "true" in the server.properties file.
[17:07:00] [Server thread/INFO]: Preparing level "world_r2"
[17:07:00] [Server thread/INFO]: Preparing start region for dimension minecraft:overworld
[17:07:02] [Worker-Main-12/INFO]: Preparing spawn area: 0%
[17:07:02] [Worker-Main-12/INFO]: Preparing spawn area: 0%
[17:07:02] [Worker-Main-12/INFO]: Preparing spawn area: 0%
[17:07:02] [Worker-Main-12/INFO]: Preparing spawn area: 0%
[17:07:03] [Server thread/INFO]: Time elapsed: 2424 ms
[17:07:03] [Server thread/INFO]: Done (3.078s)! For help, type "help"
[17:07:03] [Server thread/INFO]: Starting remote control listener
[17:07:03] [Server thread/INFO]: Thread RCON Listener started
[17:07:03] [Server thread/INFO]: RCON running on 0.0.0.0:25575
[17:07:03] [Server thread/INFO]: [AIBot] LIFECYCLE event=server_started bot=- {motd=aibot-dsh-m0 isolated acceptance}
[17:07:03] [Server thread/INFO]: [AIBot] TASK event=jobs_cleared bot=- {}
[17:07:03] [Server thread/INFO]: [AIBot] COMM event=runtime_recipe_index_built bot=- {scanned=1338, indexed=757}
[17:07:03] [Server thread/INFO]: Bob[127.0.0.1] logged in with entity id 2 at (11.81515814245205, 113.0, 14.801483641568433)
[17:07:03] [Server thread/INFO]: Bob joined the game
[17:07:03] [Server thread/INFO]: [AIBot] LIFECYCLE event=bot_spawned bot=Bob {pos=11,113,14, mode=survival}
[17:07:03] [Server thread/INFO]: [AIBot] LIFECYCLE event=bot_role_set bot=Bob {role=worker}
[17:07:03] [Server thread/INFO]: [AIBot] COMM event=bot_memory_loaded bot=- {bot_uuid=faa5dca3-c3d4-354b-ae1b-dde9e5a14b3b}
[17:07:03] [Server thread/INFO]: [AIBot] LIFECYCLE event=bot_restored bot=Bob {fallback=false, mode=survival, pos=11,113,14, dimension=minecraft:overworld}
[17:07:03] [Server thread/INFO]: [AIBot] LIFECYCLE event=server_runtime_ready bot=- {restored_bots=1, runtime_session=418ca112-32a9-4235-8402-a7bc16b09265}
[17:07:04] [Server thread/INFO]: [AIBot] COMM event=conversation_reset bot=Bob {}
[17:07:04] [Server thread/INFO]: [AIBot] ACTION event=capability_decision bot=Bob {allowed=false, reason=DENIED_STRICT_SURVIVAL, context=perception_snapshot, capability=HIDDEN_BLOCK_SCAN, profile=strict_survival}
[17:07:04] [Server thread/INFO]: [AIBot] ACTION event=capability_decision bot=Bob {allowed=false, reason=DENIED_STRICT_SURVIVAL, context=observable_block_query, capability=HIDDEN_BLOCK_SCAN, profile=strict_survival}
[17:07:04] [Server thread/WARN]: [AIBot] PERCEPTION event=snapshot_slow bot=Bob {elapsed_ms=274}
[17:07:04] [Server thread/INFO]: AIBot external-body bridge bound to loopback port 8765 for Bob
[17:07:05] [Server thread/WARN]: Can't keep up! Is the server overloaded? Running 2527ms or 50 ticks behind
[17:07:06] [Server thread/INFO]: [AIBot] ACTION event=capability_decision bot=Bob {allowed=false, reason=DENIED_STRICT_SURVIVAL, context=observable_entity_query, capability=HIDDEN_BLOCK_SCAN, profile=strict_survival}
[17:07:06] [Server thread/WARN]: [AIBot] PERCEPTION event=snapshot_slow bot=Bob {elapsed_ms=63}
[17:07:07] [Server thread/WARN]: [AIBot] PERCEPTION event=snapshot_slow bot=Bob {elapsed_ms=43}
[17:07:07] [Server thread/WARN]: [AIBot] PERCEPTION event=snapshot_slow bot=Bob {elapsed_ms=37}
[17:07:08] [Server thread/WARN]: [AIBot] PERCEPTION event=snapshot_slow bot=Bob {elapsed_ms=47}
[17:07:08] [Server thread/INFO]: [AIBot] ACTION event=capability_decision bot=Bob {allowed=false, reason=DENIED_STRICT_SURVIVAL, context=diagnostic_nearby, capability=HIDDEN_BLOCK_SCAN, profile=strict_survival}
[17:07:08] [Server thread/INFO]: [AIBot] ACTION event=diag_snapshot bot=Bob {in_lava=false, step=, light=15, submerged=false, task_state=COMPLETED, held=minecraft:oak_planksx32, fall=0.0, pos=11,113,14, on_ground=true, hp=20.0/20.0, mining_idle=true, nearby=animals=1(villager@5) hostiles=0, inv=minecraft:iron_pickaxex1 minecraft:iron_hoex1 minecraft:wheat_seedsx16 minecraft:oak_planksx32 minecraft:dirtx32, path_idle=true, food=20, air=300, mode=survival, task=idle, task_progress=1.0, goal=none, task_phase=}
[17:07:08] [Server thread/WARN]: [AIBot] PERCEPTION event=snapshot_slow bot=Bob {elapsed_ms=38}
[17:07:08] [Server thread/WARN]: [AIBot] PERCEPTION event=snapshot_slow bot=Bob {elapsed_ms=23}
[17:07:09] [Server thread/WARN]: [AIBot] PERCEPTION event=snapshot_slow bot=Bob {elapsed_ms=34}
[17:07:09] [Server thread/WARN]: [AIBot] PERCEPTION event=snapshot_slow bot=Bob {elapsed_ms=18}
[17:07:09] [Server thread/INFO]: [AIBot] ACTION event=diag_snapshot bot=Bob {in_lava=false, step=, light=15, submerged=false, task_state=COMPLETED, held=minecraft:oak_planksx32, fall=0.0, pos=11,113,14, on_ground=true, hp=20.0/20.0, mining_idle=true, nearby=animals=1(villager@5) hostiles=0, inv=minecraft:iron_pickaxex1 minecraft:iron_hoex1 minecraft:wheat_seedsx16 minecraft:oak_planksx32 minecraft:dirtx32, path_idle=true, food=20, air=300, mode=survival, task=idle, task_progress=1.0, goal=none, task_phase=}
[17:07:10] [Server thread/WARN]: [AIBot] PERCEPTION event=snapshot_slow bot=Bob {elapsed_ms=18}
[17:07:10] [Server thread/INFO]: [AIBot] ACTION event=capability_decision bot=Bob {allowed=false, reason=DENIED_STRICT_SURVIVAL, context=observable_block_query, capability=HIDDEN_BLOCK_SCAN, profile=strict_survival}
[17:07:10] [Server thread/INFO]: [AIBot] ACTION event=capability_decision bot=Bob {allowed=false, reason=DENIED_STRICT_SURVIVAL, context=perception_snapshot, capability=HIDDEN_BLOCK_SCAN, profile=strict_survival}
[17:07:10] [Server thread/WARN]: [AIBot] PERCEPTION event=snapshot_slow bot=Bob {elapsed_ms=27}
[17:07:11] [Server thread/INFO]: [AIBot] ACTION event=capability_decision bot=Bob {allowed=false, reason=DENIED_STRICT_SURVIVAL, context=observable_entity_query, capability=HIDDEN_BLOCK_SCAN, profile=strict_survival}
[17:07:11] [Server thread/WARN]: [AIBot] PERCEPTION event=snapshot_slow bot=Bob {elapsed_ms=41}
[17:07:11] [Server thread/WARN]: [AIBot] PERCEPTION event=snapshot_slow bot=Bob {elapsed_ms=17}
[17:07:11] [Server thread/INFO]: [AIBot] ACTION event=diag_snapshot bot=Bob {in_lava=false, step=, light=15, submerged=false, task_state=COMPLETED, held=minecraft:oak_planksx32, fall=0.0, pos=11,113,14, on_ground=true, hp=20.0/20.0, mining_idle=true, nearby=animals=1(villager@5) hostiles=0, inv=minecraft:iron_pickaxex1 minecraft:iron_hoex1 minecraft:wheat_seedsx16 minecraft:oak_planksx32 minecraft:dirtx32, path_idle=true, food=20, air=300, mode=survival, task=idle, task_progress=1.0, goal=none, task_phase=}
[17:07:12] [Server thread/WARN]: [AIBot] PERCEPTION event=snapshot_slow bot=Bob {elapsed_ms=15}
[17:07:12] [RCON Listener #1/INFO]: Thread RCON Client /127.0.0.1 started
[17:07:12] [Server thread/INFO]: [Rcon: Gamerule doDaylightCycle is now set to: false]
[17:07:12] [RCON Client /127.0.0.1 #2/INFO]: Thread RCON Client /127.0.0.1 shutting down
[17:07:12] [Server thread/WARN]: [AIBot] PERCEPTION event=snapshot_slow bot=Bob {elapsed_ms=16}
[17:07:13] [Server thread/WARN]: [AIBot] PERCEPTION event=snapshot_slow bot=Bob {elapsed_ms=17}
[17:07:13] [RCON Listener #1/INFO]: Thread RCON Client /127.0.0.1 started
[17:07:13] [Server thread/INFO]: [Rcon: Gamerule doMobSpawning is now set to: false]
[17:07:13] [RCON Client /127.0.0.1 #3/INFO]: Thread RCON Client /127.0.0.1 shutting down
[17:07:13] [Server thread/WARN]: [AIBot] PERCEPTION event=snapshot_slow bot=Bob {elapsed_ms=15}
[17:07:13] [Server thread/INFO]: [AIBot] ACTION event=capability_decision bot=Bob {allowed=false, reason=DENIED_STRICT_SURVIVAL, context=diagnostic_nearby, capability=HIDDEN_BLOCK_SCAN, profile=strict_survival}
[17:07:13] [Server thread/INFO]: [AIBot] ACTION event=diag_snapshot bot=Bob {in_lava=false, step=, light=15, submerged=false, task_state=COMPLETED, held=minecraft:oak_planksx32, fall=0.0, pos=11,113,14, on_ground=true, hp=20.0/20.0, mining_idle=true, nearby=animals=1(villager@5) hostiles=0, inv=minecraft:iron_pickaxex1 minecraft:iron_hoex1 minecraft:wheat_seedsx16 minecraft:oak_planksx32 minecraft:dirtx32, path_idle=true, food=20, air=300, mode=survival, task=idle, task_progress=1.0, goal=none, task_phase=}
[17:07:14] [Server thread/WARN]: [AIBot] PERCEPTION event=snapshot_slow bot=Bob {elapsed_ms=16}
[17:07:14] [RCON Listener #1/INFO]: Thread RCON Client /127.0.0.1 started
[17:07:14] [Server thread/INFO]: [Rcon: Set the time to 1000]
[17:07:14] [RCON Client /127.0.0.1 #4/INFO]: Thread RCON Client /127.0.0.1 shutting down
[17:07:14] [Server thread/WARN]: [AIBot] PERCEPTION event=snapshot_slow bot=Bob {elapsed_ms=21}
[17:07:15] [RCON Listener #1/INFO]: Thread RCON Client /127.0.0.1 started
[17:07:15] [Server thread/WARN]: [AIBot] PERCEPTION event=snapshot_slow bot=Bob {elapsed_ms=15}
[17:07:15] [Server thread/INFO]: [Rcon: Applied effect Instant Health to Bob]
[17:07:15] [RCON Client /127.0.0.1 #5/INFO]: Thread RCON Client /127.0.0.1 shutting down
[17:07:15] [Server thread/INFO]: [AIBot] ACTION event=capability_decision bot=Bob {allowed=false, reason=DENIED_STRICT_SURVIVAL, context=observable_block_query, capability=HIDDEN_BLOCK_SCAN, profile=strict_survival}
[17:07:15] [Server thread/INFO]: [AIBot] ACTION event=capability_decision bot=Bob {allowed=false, reason=DENIED_STRICT_SURVIVAL, context=perception_snapshot, capability=HIDDEN_BLOCK_SCAN, profile=strict_survival}
[17:07:15] [Server thread/WARN]: [AIBot] PERCEPTION event=snapshot_slow bot=Bob {elapsed_ms=17}
[17:07:15] [Server thread/INFO]: [AIBot] ACTION event=diag_snapshot bot=Bob {in_lava=false, step=, light=15, submerged=false, task_state=COMPLETED, held=minecraft:oak_planksx32, fall=0.0, pos=11,113,14, on_ground=true, hp=20.0/20.0, mining_idle=true, nearby=animals=1(villager@5) hostiles=0, inv=minecraft:iron_pickaxex1 minecraft:iron_hoex1 minecraft:wheat_seedsx16 minecraft:oak_planksx32 minecraft:dirtx32, path_idle=true, food=20, air=300, mode=survival, task=idle, task_progress=1.0, goal=none, task_phase=}
[17:07:16] [Server thread/INFO]: [AIBot] ACTION event=capability_decision bot=Bob {allowed=false, reason=DENIED_STRICT_SURVIVAL, context=observable_entity_query, capability=HIDDEN_BLOCK_SCAN, profile=strict_survival}
[17:07:16] [Server thread/WARN]: [AIBot] PERCEPTION event=snapshot_slow bot=Bob {elapsed_ms=15}
[17:07:16] [Server thread/WARN]: [AIBot] PERCEPTION event=snapshot_slow bot=Bob {elapsed_ms=16}
[17:07:17] [Server thread/WARN]: [AIBot] PERCEPTION event=snapshot_slow bot=Bob {elapsed_ms=14}
[17:07:17] [Server thread/WARN]: [AIBot] PERCEPTION event=snapshot_slow bot=Bob {elapsed_ms=14}
[17:07:17] [Server thread/INFO]: [AIBot] ACTION event=diag_snapshot bot=Bob {in_lava=false, step=, light=15, submerged=false, task_state=COMPLETED, held=minecraft:oak_planksx32, fall=0.0, pos=11,113,14, on_ground=true, hp=20.0/20.0, mining_idle=true, nearby=animals=1(villager@5) hostiles=0, inv=minecraft:iron_pickaxex1 minecraft:iron_hoex1 minecraft:wheat_seedsx16 minecraft:oak_planksx32 minecraft:dirtx32, path_idle=true, food=20, air=300, mode=survival, task=idle, task_progress=1.0, goal=none, task_phase=}
[17:07:18] [Server thread/WARN]: [AIBot] PERCEPTION event=snapshot_slow bot=Bob {elapsed_ms=16}
[17:07:18] [Server thread/WARN]: [AIBot] PERCEPTION event=snapshot_slow bot=Bob {elapsed_ms=14}
[17:07:19] [Server thread/WARN]: [AIBot] PERCEPTION event=snapshot_slow bot=Bob {elapsed_ms=17}
[17:07:19] [Server thread/WARN]: [AIBot] PERCEPTION event=snapshot_slow bot=Bob {elapsed_ms=15}
[17:07:19] [Server thread/INFO]: [AIBot] ACTION event=capability_decision bot=Bob {allowed=false, reason=DENIED_STRICT_SURVIVAL, context=diagnostic_nearby, capability=HIDDEN_BLOCK_SCAN, profile=strict_survival}
[17:07:19] [Server thread/INFO]: [AIBot] ACTION event=diag_snapshot bot=Bob {in_lava=false, step=, light=15, submerged=false, task_state=COMPLETED, held=minecraft:oak_planksx32, fall=0.0, pos=11,113,14, on_ground=true, hp=20.0/20.0, mining_idle=true, nearby=animals=1(villager@5) hostiles=0, inv=minecraft:iron_pickaxex1 minecraft:iron_hoex1 minecraft:wheat_seedsx16 minecraft:oak_planksx32 minecraft:dirtx32, path_idle=true, food=20, air=300, mode=survival, task=idle, task_progress=1.0, goal=none, task_phase=}
[17:07:20] [Server thread/INFO]: [AIBot] ACTION event=capability_decision bot=Bob {allowed=false, reason=DENIED_STRICT_SURVIVAL, context=observable_block_query, capability=HIDDEN_BLOCK_SCAN, profile=strict_survival}
[17:07:20] [Server thread/INFO]: [AIBot] ACTION event=capability_decision bot=Bob {allowed=false, reason=DENIED_STRICT_SURVIVAL, context=perception_snapshot, capability=HIDDEN_BLOCK_SCAN, profile=strict_survival}
[17:07:20] [Server thread/WARN]: [AIBot] PERCEPTION event=snapshot_slow bot=Bob {elapsed_ms=13}
[17:07:21] [Server thread/INFO]: [AIBot] ACTION event=capability_decision bot=Bob {allowed=false, reason=DENIED_STRICT_SURVIVAL, context=observable_entity_query, capability=HIDDEN_BLOCK_SCAN, profile=strict_survival}
[17:07:21] [Server thread/WARN]: [AIBot] PERCEPTION event=snapshot_slow bot=Bob {elapsed_ms=19}
[17:07:21] [Server thread/WARN]: [AIBot] PERCEPTION event=snapshot_slow bot=Bob {elapsed_ms=15}
[17:07:21] [Server thread/INFO]: [AIBot] ACTION event=diag_snapshot bot=Bob {in_lava=false, step=, light=15, submerged=false, task_state=COMPLETED, held=minecraft:oak_planksx32, fall=0.0, pos=11,113,14, on_ground=true, hp=20.0/20.0, mining_idle=true, nearby=animals=1(villager@5) hostiles=0, inv=minecraft:iron_pickaxex1 minecraft:iron_hoex1 minecraft:wheat_seedsx16 minecraft:oak_planksx32 minecraft:dirtx32, path_idle=true, food=20, air=300, mode=survival, task=idle, task_progress=1.0, goal=none, task_phase=}
[17:07:22] [Server thread/WARN]: [AIBot] PERCEPTION event=snapshot_slow bot=Bob {elapsed_ms=15}
[17:07:23] [Server thread/WARN]: [AIBot] PERCEPTION event=snapshot_slow bot=Bob {elapsed_ms=16}
[17:07:23] [Server thread/WARN]: [AIBot] PERCEPTION event=snapshot_slow bot=Bob {elapsed_ms=12}
[17:07:23] [Server thread/INFO]: [AIBot] ACTION event=diag_snapshot bot=Bob {in_lava=false, step=, light=15, submerged=false, task_state=COMPLETED, held=minecraft:oak_planksx32, fall=0.0, pos=11,113,14, on_ground=true, hp=20.0/20.0, mining_idle=true, nearby=animals=1(villager@5) hostiles=0, inv=minecraft:iron_pickaxex1 minecraft:iron_hoex1 minecraft:wheat_seedsx16 minecraft:oak_planksx32 minecraft:dirtx32, path_idle=true, food=20, air=300, mode=survival, task=idle, task_progress=1.0, goal=none, task_phase=}
[17:07:23] [RCON Listener #1/INFO]: Thread RCON Client /127.0.0.1 started
[17:07:24] [Server thread/INFO]: [Rcon: Gave 32 [Oak Planks] to Bob]
[17:07:24] [RCON Client /127.0.0.1 #6/INFO]: Thread RCON Client /127.0.0.1 shutting down
[17:07:24] [Server thread/WARN]: [AIBot] PERCEPTION event=snapshot_slow bot=Bob {elapsed_ms=15}
[17:07:24] [RCON Listener #1/INFO]: Thread RCON Client /127.0.0.1 started
[17:07:24] [Server thread/INFO]: [Rcon: Gave 32 [Dirt] to Bob]
[17:07:24] [RCON Client /127.0.0.1 #7/INFO]: Thread RCON Client /127.0.0.1 shutting down
[17:07:24] [RCON Listener #1/INFO]: Thread RCON Client /127.0.0.1 started
[17:07:24] [Server thread/INFO]: [Rcon: Teleported Bob to 26.500000, 113.000000, 26.500000]
[17:07:24] [RCON Client /127.0.0.1 #8/INFO]: Thread RCON Client /127.0.0.1 shutting down
[17:07:24] [Server thread/INFO]: [AIBot] ACTION event=capability_decision bot=Bob {allowed=false, reason=DENIED_STRICT_SURVIVAL, context=navsafe_suffocation, capability=EMERGENCY_TELEPORT, profile=strict_survival}
[17:07:24] [Server thread/INFO]: [AIBot] ACTION event=fake_player_step bot=Bob {reason=path_start_physical_snap:navsafe_suffocation, from=class_2338{x=26, y=113, z=26}, to=class_2338{x=26, y=113, z=25}}
[17:07:24] [Server thread/INFO]: [AIBot] DANGER event=navsafe_suffocation_snap bot=Bob {hp=20.0, pos=26,113,26, air=300}
[17:07:24] [Server thread/WARN]: [AIBot] PERCEPTION event=snapshot_slow bot=Bob {elapsed_ms=26}
[17:07:25] [Server thread/WARN]: [AIBot] PERCEPTION event=snapshot_slow bot=Bob {elapsed_ms=19}
[17:07:25] [Server thread/INFO]: [AIBot] ACTION event=capability_decision bot=Bob {allowed=false, reason=DENIED_STRICT_SURVIVAL, context=observable_block_query, capability=HIDDEN_BLOCK_SCAN, profile=strict_survival}
[17:07:25] [Server thread/INFO]: [AIBot] ACTION event=capability_decision bot=Bob {allowed=false, reason=DENIED_STRICT_SURVIVAL, context=perception_snapshot, capability=HIDDEN_BLOCK_SCAN, profile=strict_survival}
[17:07:25] [Server thread/WARN]: [AIBot] PERCEPTION event=snapshot_slow bot=Bob {elapsed_ms=15}
[17:07:25] [Server thread/INFO]: [AIBot] ACTION event=capability_decision bot=Bob {allowed=false, reason=DENIED_STRICT_SURVIVAL, context=diagnostic_nearby, capability=HIDDEN_BLOCK_SCAN, profile=strict_survival}
[17:07:25] [Server thread/INFO]: [AIBot] ACTION event=diag_snapshot bot=Bob {in_lava=false, step=, light=13, submerged=false, task_state=COMPLETED, held=minecraft:oak_planksx64, fall=0.0, pos=26,113,25, on_ground=true, hp=20.0/20.0, mining_idle=true, nearby=animals=0 hostiles=0, inv=minecraft:iron_pickaxex1 minecraft:iron_hoex1 minecraft:wheat_seedsx16 minecraft:oak_planksx64 minecraft:dirtx64, path_idle=true, food=20, air=300, mode=survival, task=idle, task_progress=1.0, goal=none, task_phase=}
[17:07:26] [Server thread/INFO]: [AIBot] ACTION event=capability_decision bot=Bob {allowed=false, reason=DENIED_STRICT_SURVIVAL, context=observable_entity_query, capability=HIDDEN_BLOCK_SCAN, profile=strict_survival}
[17:07:26] [Server thread/WARN]: [AIBot] PERCEPTION event=snapshot_slow bot=Bob {elapsed_ms=18}
[17:07:26] [Server thread/WARN]: [AIBot] PERCEPTION event=snapshot_slow bot=Bob {elapsed_ms=12}
[17:07:27] [Server thread/WARN]: [AIBot] PERCEPTION event=snapshot_slow bot=Bob {elapsed_ms=20}
[17:07:27] [Server thread/WARN]: [AIBot] PERCEPTION event=snapshot_slow bot=Bob {elapsed_ms=19}
[17:07:27] [Server thread/INFO]: [AIBot] ACTION event=diag_snapshot bot=Bob {in_lava=false, step=, light=13, submerged=false, task_state=COMPLETED, held=minecraft:oak_planksx64, fall=0.0, pos=26,113,25, on_ground=true, hp=20.0/20.0, mining_idle=true, nearby=animals=0 hostiles=0, inv=minecraft:iron_pickaxex1 minecraft:iron_hoex1 minecraft:wheat_seedsx16 minecraft:oak_planksx64 minecraft:dirtx64, path_idle=true, food=20, air=300, mode=survival, task=idle, task_progress=1.0, goal=none, task_phase=}
[17:07:28] [Server thread/WARN]: [AIBot] PERCEPTION event=snapshot_slow bot=Bob {elapsed_ms=13}
[17:07:28] [Server thread/WARN]: [AIBot] PERCEPTION event=snapshot_slow bot=Bob {elapsed_ms=15}
[17:07:29] [Server thread/WARN]: [AIBot] PERCEPTION event=snapshot_slow bot=Bob {elapsed_ms=16}
[17:07:29] [Server thread/WARN]: [AIBot] PERCEPTION event=snapshot_slow bot=Bob {elapsed_ms=15}
[17:07:29] [Server thread/INFO]: [AIBot] ACTION event=diag_snapshot bot=Bob {in_lava=false, step=, light=13, submerged=false, task_state=COMPLETED, held=minecraft:oak_planksx64, fall=0.0, pos=26,113,25, on_ground=true, hp=20.0/20.0, mining_idle=true, nearby=animals=0 hostiles=0, inv=minecraft:iron_pickaxex1 minecraft:iron_hoex1 minecraft:wheat_seedsx16 minecraft:oak_planksx64 minecraft:dirtx64, path_idle=true, food=20, air=300, mode=survival, task=idle, task_progress=1.0, goal=none, task_phase=}
[17:07:30] [Server thread/WARN]: [AIBot] PERCEPTION event=snapshot_slow bot=Bob {elapsed_ms=14}
[17:07:30] [Server thread/INFO]: [AIBot] ACTION event=capability_decision bot=Bob {allowed=false, reason=DENIED_STRICT_SURVIVAL, context=observable_block_query, capability=HIDDEN_BLOCK_SCAN, profile=strict_survival}
[17:07:30] [Server thread/INFO]: [AIBot] ACTION event=capability_decision bot=Bob {allowed=false, reason=DENIED_STRICT_SURVIVAL, context=perception_snapshot, capability=HIDDEN_BLOCK_SCAN, profile=strict_survival}
[17:07:30] [Server thread/WARN]: [AIBot] PERCEPTION event=snapshot_slow bot=Bob {elapsed_ms=16}
[17:07:31] [Server thread/INFO]: [AIBot] ACTION event=capability_decision bot=Bob {allowed=false, reason=DENIED_STRICT_SURVIVAL, context=observable_entity_query, capability=HIDDEN_BLOCK_SCAN, profile=strict_survival}
[17:07:31] [Server thread/WARN]: [AIBot] PERCEPTION event=snapshot_slow bot=Bob {elapsed_ms=11}
[17:07:31] [Server thread/WARN]: [AIBot] PERCEPTION event=snapshot_slow bot=Bob {elapsed_ms=18}
[17:07:31] [Server thread/INFO]: [AIBot] ACTION event=capability_decision bot=Bob {allowed=false, reason=DENIED_STRICT_SURVIVAL, context=diagnostic_nearby, capability=HIDDEN_BLOCK_SCAN, profile=strict_survival}
[17:07:31] [Server thread/INFO]: [AIBot] ACTION event=diag_snapshot bot=Bob {in_lava=false, step=, light=13, submerged=false, task_state=COMPLETED, held=minecraft:oak_planksx64, fall=0.0, pos=26,113,25, on_ground=true, hp=20.0/20.0, mining_idle=true, nearby=animals=0 hostiles=0, inv=minecraft:iron_pickaxex1 minecraft:iron_hoex1 minecraft:wheat_seedsx16 minecraft:oak_planksx64 minecraft:dirtx64, path_idle=true, food=20, air=300, mode=survival, task=idle, task_progress=1.0, goal=none, task_phase=}
[17:07:32] [Server thread/WARN]: [AIBot] PERCEPTION event=snapshot_slow bot=Bob {elapsed_ms=16}
[17:07:32] [Server thread/INFO]: [AIBot] ACTION event=capability_decision bot=Bob {allowed=false, reason=DENIED_STRICT_SURVIVAL, context=danger_dark_trap_surface, capability=EMERGENCY_TELEPORT, profile=strict_survival}
[17:07:32] [Server thread/WARN]: [AIBot] PERCEPTION event=snapshot_slow bot=Bob {elapsed_ms=14}
[17:07:33] [RCON Listener #1/INFO]: Thread RCON Client /127.0.0.1 started
[17:07:33] [Server thread/INFO]: [Rcon: Changed the block at 26, 113, 26]
[17:07:33] [RCON Client /127.0.0.1 #9/INFO]: Thread RCON Client /127.0.0.1 shutting down
[17:07:33] [Server thread/WARN]: [AIBot] PERCEPTION event=snapshot_slow bot=Bob {elapsed_ms=14}
[17:07:33] [Server thread/WARN]: [AIBot] PERCEPTION event=snapshot_slow bot=Bob {elapsed_ms=17}
[17:07:33] [Server thread/INFO]: [AIBot] ACTION event=diag_snapshot bot=Bob {in_lava=false, step=, light=13, submerged=false, task_state=COMPLETED, held=minecraft:oak_planksx64, fall=0.0, pos=26,113,25, on_ground=true, hp=20.0/20.0, mining_idle=true, nearby=animals=0 hostiles=0, inv=minecraft:iron_pickaxex1 minecraft:iron_hoex1 minecraft:wheat_seedsx16 minecraft:oak_planksx64 minecraft:dirtx64, path_idle=true, food=20, air=300, mode=survival, task=idle, task_progress=1.0, goal=none, task_phase=}
[17:07:33] [RCON Listener #1/INFO]: Thread RCON Client /127.0.0.1 started
[17:07:33] [Server thread/INFO]: [Rcon: Changed the block at 27, 113, 26]
[17:07:33] [RCON Client /127.0.0.1 #10/INFO]: Thread RCON Client /127.0.0.1 shutting down
[17:07:34] [Server thread/WARN]: [AIBot] PERCEPTION event=snapshot_slow bot=Bob {elapsed_ms=16}
[17:07:34] [Server thread/WARN]: [AIBot] PERCEPTION event=snapshot_slow bot=Bob {elapsed_ms=18}
[17:07:34] [RCON Listener #1/INFO]: Thread RCON Client /127.0.0.1 started
[17:07:34] [Server thread/INFO]: [Rcon: Changed the block at 26, 112, 26]
[17:07:34] [RCON Client /127.0.0.1 #11/INFO]: Thread RCON Client /127.0.0.1 shutting down
[17:07:35] [Server thread/WARN]: [AIBot] PERCEPTION event=snapshot_slow bot=Bob {elapsed_ms=17}
[17:07:35] [Server thread/INFO]: [AIBot] ACTION event=capability_decision bot=Bob {allowed=false, reason=DENIED_STRICT_SURVIVAL, context=observable_block_query, capability=HIDDEN_BLOCK_SCAN, profile=strict_survival}
[17:07:35] [RCON Listener #1/INFO]: Thread RCON Client /127.0.0.1 started
[17:07:35] [Server thread/INFO]: [AIBot] ACTION event=capability_decision bot=Bob {allowed=false, reason=DENIED_STRICT_SURVIVAL, context=perception_snapshot, capability=HIDDEN_BLOCK_SCAN, profile=strict_survival}
[17:07:35] [Server thread/WARN]: [AIBot] PERCEPTION event=snapshot_slow bot=Bob {elapsed_ms=16}
[17:07:35] [Server thread/INFO]: [AIBot] ACTION event=diag_snapshot bot=Bob {in_lava=false, step=, light=13, submerged=false, task_state=COMPLETED, held=minecraft:oak_planksx64, fall=0.0, pos=26,113,25, on_ground=true, hp=20.0/20.0, mining_idle=true, nearby=animals=0 hostiles=0, inv=minecraft:iron_pickaxex1 minecraft:iron_hoex1 minecraft:wheat_seedsx16 minecraft:oak_planksx64 minecraft:dirtx64, path_idle=true, food=20, air=300, mode=survival, task=idle, task_progress=1.0, goal=none, task_phase=}
[17:07:35] [Server thread/INFO]: [Rcon: Changed the block at 30, 113, 28]
[17:07:35] [RCON Client /127.0.0.1 #12/INFO]: Thread RCON Client /127.0.0.1 shutting down
[17:07:36] [Server thread/INFO]: [AIBot] ACTION event=capability_decision bot=Bob {allowed=false, reason=DENIED_STRICT_SURVIVAL, context=observable_entity_query, capability=HIDDEN_BLOCK_SCAN, profile=strict_survival}
[17:07:36] [Server thread/WARN]: [AIBot] PERCEPTION event=snapshot_slow bot=Bob {elapsed_ms=15}
[17:07:36] [Server thread/WARN]: [AIBot] PERCEPTION event=snapshot_slow bot=Bob {elapsed_ms=14}
[17:07:37] [Server thread/WARN]: [AIBot] PERCEPTION event=snapshot_slow bot=Bob {elapsed_ms=16}
[17:07:37] [Server thread/WARN]: [AIBot] PERCEPTION event=snapshot_slow bot=Bob {elapsed_ms=16}
[17:07:37] [Server thread/INFO]: [AIBot] ACTION event=capability_decision bot=Bob {allowed=false, reason=DENIED_STRICT_SURVIVAL, context=diagnostic_nearby, capability=HIDDEN_BLOCK_SCAN, profile=strict_survival}
[17:07:37] [Server thread/INFO]: [AIBot] ACTION event=diag_snapshot bot=Bob {in_lava=false, step=, light=13, submerged=false, task_state=COMPLETED, held=minecraft:oak_planksx64, fall=0.0, pos=26,113,25, on_ground=true, hp=20.0/20.0, mining_idle=true, nearby=animals=0 hostiles=0, inv=minecraft:iron_pickaxex1 minecraft:iron_hoex1 minecraft:wheat_seedsx16 minecraft:oak_planksx64 minecraft:dirtx64, path_idle=true, food=20, air=300, mode=survival, task=idle, task_progress=1.0, goal=none, task_phase=}
[17:07:38] [Server thread/WARN]: [AIBot] PERCEPTION event=snapshot_slow bot=Bob {elapsed_ms=16}
[17:07:38] [Server thread/WARN]: [AIBot] PERCEPTION event=snapshot_slow bot=Bob {elapsed_ms=16}
[17:07:39] [Server thread/WARN]: [AIBot] PERCEPTION event=snapshot_slow bot=Bob {elapsed_ms=16}
[17:07:39] [Server thread/WARN]: [AIBot] PERCEPTION event=snapshot_slow bot=Bob {elapsed_ms=16}
[17:07:39] [Server thread/INFO]: [AIBot] ACTION event=diag_snapshot bot=Bob {in_lava=false, step=, light=13, submerged=false, task_state=COMPLETED, held=minecraft:oak_planksx64, fall=0.0, pos=26,113,25, on_ground=true, hp=20.0/20.0, mining_idle=true, nearby=animals=0 hostiles=0, inv=minecraft:iron_pickaxex1 minecraft:iron_hoex1 minecraft:wheat_seedsx16 minecraft:oak_planksx64 minecraft:dirtx64, path_idle=true, food=20, air=300, mode=survival, task=idle, task_progress=1.0, goal=none, task_phase=}
[17:07:40] [Server thread/WARN]: [AIBot] PERCEPTION event=snapshot_slow bot=Bob {elapsed_ms=15}
[17:07:40] [Server thread/INFO]: [AIBot] ACTION event=capability_decision bot=Bob {allowed=false, reason=DENIED_STRICT_SURVIVAL, context=danger_dark_trap_surface, capability=EMERGENCY_TELEPORT, profile=strict_survival}
[17:07:40] [Server thread/INFO]: [AIBot] ACTION event=capability_decision bot=Bob {allowed=false, reason=DENIED_STRICT_SURVIVAL, context=observable_block_query, capability=HIDDEN_BLOCK_SCAN, profile=strict_survival}
[17:07:40] [Server thread/INFO]: [AIBot] ACTION event=capability_decision bot=Bob {allowed=false, reason=DENIED_STRICT_SURVIVAL, context=perception_snapshot, capability=HIDDEN_BLOCK_SCAN, profile=strict_survival}
[17:07:40] [Server thread/WARN]: [AIBot] PERCEPTION event=snapshot_slow bot=Bob {elapsed_ms=16}
[17:07:41] [Server thread/INFO]: [AIBot] ACTION event=capability_decision bot=Bob {allowed=false, reason=DENIED_STRICT_SURVIVAL, context=observable_entity_query, capability=HIDDEN_BLOCK_SCAN, profile=strict_survival}
[17:07:41] [Server thread/WARN]: [AIBot] PERCEPTION event=snapshot_slow bot=Bob {elapsed_ms=14}
[17:07:41] [Server thread/WARN]: [AIBot] PERCEPTION event=snapshot_slow bot=Bob {elapsed_ms=12}
[17:07:41] [Server thread/INFO]: [AIBot] ACTION event=diag_snapshot bot=Bob {in_lava=false, step=, light=13, submerged=false, task_state=COMPLETED, held=minecraft:oak_planksx64, fall=0.0, pos=26,113,25, on_ground=true, hp=20.0/20.0, mining_idle=true, nearby=animals=0 hostiles=0, inv=minecraft:iron_pickaxex1 minecraft:iron_hoex1 minecraft:wheat_seedsx16 minecraft:oak_planksx64 minecraft:dirtx64, path_idle=true, food=20, air=300, mode=survival, task=idle, task_progress=1.0, goal=none, task_phase=}
[17:07:42] [Server thread/WARN]: [AIBot] PERCEPTION event=snapshot_slow bot=Bob {elapsed_ms=15}
[17:07:42] [Server thread/WARN]: [AIBot] PERCEPTION event=snapshot_slow bot=Bob {elapsed_ms=16}
[17:07:43] [Server thread/WARN]: [AIBot] PERCEPTION event=snapshot_slow bot=Bob {elapsed_ms=16}
[17:07:43] [RCON Listener #1/INFO]: Thread RCON Client /127.0.0.1 started
[17:07:43] [Server thread/INFO]: [Rcon: Changed the block at 30, 113, 28]
[17:07:43] [RCON Client /127.0.0.1 #13/INFO]: Thread RCON Client /127.0.0.1 shutting down
[17:07:43] [Server thread/WARN]: [AIBot] PERCEPTION event=snapshot_slow bot=Bob {elapsed_ms=17}
[17:07:43] [Server thread/INFO]: [AIBot] ACTION event=capability_decision bot=Bob {allowed=false, reason=DENIED_STRICT_SURVIVAL, context=diagnostic_nearby, capability=HIDDEN_BLOCK_SCAN, profile=strict_survival}
[17:07:43] [Server thread/INFO]: [AIBot] ACTION event=diag_snapshot bot=Bob {in_lava=false, step=, light=13, submerged=false, task_state=COMPLETED, held=minecraft:oak_planksx64, fall=0.0, pos=26,113,25, on_ground=true, hp=20.0/20.0, mining_idle=true, nearby=animals=0 hostiles=0, inv=minecraft:iron_pickaxex1 minecraft:iron_hoex1 minecraft:wheat_seedsx16 minecraft:oak_planksx64 minecraft:dirtx64, path_idle=true, food=20, air=300, mode=survival, task=idle, task_progress=1.0, goal=none, task_phase=}
[17:07:44] [RCON Listener #1/INFO]: Thread RCON Client /127.0.0.1 started
[17:07:44] [Server thread/INFO]: [Rcon: Changed the block at 40, 113, 40]
[17:07:44] [RCON Client /127.0.0.1 #14/INFO]: Thread RCON Client /127.0.0.1 shutting down
[17:07:44] [Server thread/WARN]: [AIBot] PERCEPTION event=snapshot_slow bot=Bob {elapsed_ms=16}
[17:07:44] [Server thread/WARN]: [AIBot] PERCEPTION event=snapshot_slow bot=Bob {elapsed_ms=18}
[17:07:45] [Server thread/WARN]: [AIBot] PERCEPTION event=snapshot_slow bot=Bob {elapsed_ms=15}
[17:07:45] [Server thread/INFO]: [AIBot] ACTION event=capability_decision bot=Bob {allowed=false, reason=DENIED_STRICT_SURVIVAL, context=observable_block_query, capability=HIDDEN_BLOCK_SCAN, profile=strict_survival}
[17:07:45] [Server thread/INFO]: [AIBot] ACTION event=capability_decision bot=Bob {allowed=false, reason=DENIED_STRICT_SURVIVAL, context=perception_snapshot, capability=HIDDEN_BLOCK_SCAN, profile=strict_survival}
[17:07:45] [Server thread/WARN]: [AIBot] PERCEPTION event=snapshot_slow bot=Bob {elapsed_ms=16}
[17:07:45] [Server thread/INFO]: [AIBot] ACTION event=diag_snapshot bot=Bob {in_lava=false, step=, light=13, submerged=false, task_state=COMPLETED, held=minecraft:oak_planksx64, fall=0.0, pos=26,113,25, on_ground=true, hp=20.0/20.0, mining_idle=true, nearby=animals=0 hostiles=0, inv=minecraft:iron_pickaxex1 minecraft:iron_hoex1 minecraft:wheat_seedsx16 minecraft:oak_planksx64 minecraft:dirtx64, path_idle=true, food=20, air=300, mode=survival, task=idle, task_progress=1.0, goal=none, task_phase=}
[17:07:46] [Server thread/INFO]: [AIBot] ACTION event=capability_decision bot=Bob {allowed=false, reason=DENIED_STRICT_SURVIVAL, context=observable_entity_query, capability=HIDDEN_BLOCK_SCAN, profile=strict_survival}
[17:07:46] [Server thread/WARN]: [AIBot] PERCEPTION event=snapshot_slow bot=Bob {elapsed_ms=14}
[17:07:47] [Server thread/WARN]: [AIBot] PERCEPTION event=snapshot_slow bot=Bob {elapsed_ms=15}
[17:07:47] [Server thread/WARN]: [AIBot] PERCEPTION event=snapshot_slow bot=Bob {elapsed_ms=17}
[17:07:47] [Server thread/INFO]: [AIBot] ACTION event=diag_snapshot bot=Bob {in_lava=false, step=, light=13, submerged=false, task_state=COMPLETED, held=minecraft:oak_planksx64, fall=0.0, pos=26,113,25, on_ground=true, hp=20.0/20.0, mining_idle=true, nearby=animals=0 hostiles=0, inv=minecraft:iron_pickaxex1 minecraft:iron_hoex1 minecraft:wheat_seedsx16 minecraft:oak_planksx64 minecraft:dirtx64, path_idle=true, food=20, air=300, mode=survival, task=idle, task_progress=1.0, goal=none, task_phase=}
[17:07:48] [Server thread/WARN]: [AIBot] PERCEPTION event=snapshot_slow bot=Bob {elapsed_ms=18}
[17:07:48] [Server thread/INFO]: [AIBot] ACTION event=capability_decision bot=Bob {allowed=false, reason=DENIED_STRICT_SURVIVAL, context=danger_dark_trap_surface, capability=EMERGENCY_TELEPORT, profile=strict_survival}
[17:07:48] [Server thread/WARN]: [AIBot] PERCEPTION event=snapshot_slow bot=Bob {elapsed_ms=19}
[17:07:49] [Server thread/WARN]: [AIBot] PERCEPTION event=snapshot_slow bot=Bob {elapsed_ms=18}
[17:07:49] [Server thread/WARN]: [AIBot] PERCEPTION event=snapshot_slow bot=Bob {elapsed_ms=19}
[17:07:49] [Server thread/INFO]: [AIBot] ACTION event=capability_decision bot=Bob {allowed=false, reason=DENIED_STRICT_SURVIVAL, context=diagnostic_nearby, capability=HIDDEN_BLOCK_SCAN, profile=strict_survival}
[17:07:49] [Server thread/INFO]: [AIBot] ACTION event=diag_snapshot bot=Bob {in_lava=false, step=, light=13, submerged=false, task_state=COMPLETED, held=minecraft:oak_planksx64, fall=0.0, pos=26,113,25, on_ground=true, hp=20.0/20.0, mining_idle=true, nearby=animals=0 hostiles=0, inv=minecraft:iron_pickaxex1 minecraft:iron_hoex1 minecraft:wheat_seedsx16 minecraft:oak_planksx64 minecraft:dirtx64, path_idle=true, food=20, air=300, mode=survival, task=idle, task_progress=1.0, goal=none, task_phase=}
[17:07:50] [Server thread/WARN]: [AIBot] PERCEPTION event=snapshot_slow bot=Bob {elapsed_ms=13}
[17:07:50] [Server thread/INFO]: [AIBot] ACTION event=capability_decision bot=Bob {allowed=false, reason=DENIED_STRICT_SURVIVAL, context=observable_block_query, capability=HIDDEN_BLOCK_SCAN, profile=strict_survival}
[17:07:50] [Server thread/INFO]: [AIBot] ACTION event=capability_decision bot=Bob {allowed=false, reason=DENIED_STRICT_SURVIVAL, context=perception_snapshot, capability=HIDDEN_BLOCK_SCAN, profile=strict_survival}
[17:07:50] [Server thread/WARN]: [AIBot] PERCEPTION event=snapshot_slow bot=Bob {elapsed_ms=15}
[17:07:51] [Server thread/INFO]: [AIBot] ACTION event=capability_decision bot=Bob {allowed=false, reason=DENIED_STRICT_SURVIVAL, context=observable_entity_query, capability=HIDDEN_BLOCK_SCAN, profile=strict_survival}
[17:07:51] [Server thread/WARN]: [AIBot] PERCEPTION event=snapshot_slow bot=Bob {elapsed_ms=19}
[17:07:51] [Server thread/INFO]: [AIBot] TASK event=task_assigned bot=Bob {name=build, origin_reason=external_dsh, params=Building home_repair:r2home at 18,112,18 0/4 phase=SITE, origin=LLM_TOOL}
[17:07:51] [Server thread/INFO]: [AIBot] ACTION event=capability_decision bot=Bob {allowed=false, reason=DENIED_STRICT_SURVIVAL, context=observable_cell_query, capability=HIDDEN_BLOCK_SCAN, profile=strict_survival}
[17:07:51] [Server thread/INFO]: [AIBot] ACTION event=place bot=Bob {pos=26,112,26, face=north, item=minecraft:oak_planks}
[17:07:51] [Server thread/WARN]: [AIBot] PERCEPTION event=snapshot_slow bot=Bob {elapsed_ms=19}
[17:07:51] [Server thread/INFO]: [AIBot] ACTION event=diag_snapshot bot=Bob {in_lava=false, step=, light=13, submerged=false, task_state=RUNNING, held=minecraft:oak_planksx63, fall=0.0, pos=26,113,25, on_ground=true, hp=20.0/20.0, mining_idle=true, nearby=animals=0 hostiles=0, inv=minecraft:iron_pickaxex1 minecraft:iron_hoex1 minecraft:wheat_seedsx16 minecraft:oak_planksx63 minecraft:dirtx64, path_idle=true, food=20, air=300, mode=survival, task=build, task_progress=0.4, goal=none, task_phase=BUILD}
[17:07:51] [Server thread/WARN]: [AIBot] TASK event=task_failed bot=Bob {elapsed_ticks=5, reason=missing_material: minecraft:chest, name=build}
[17:07:52] [Server thread/WARN]: [AIBot] PERCEPTION event=snapshot_slow bot=Bob {elapsed_ms=12}
[17:07:52] [Server thread/WARN]: [AIBot] PERCEPTION event=snapshot_slow bot=Bob {elapsed_ms=15}
[17:07:53] [Server thread/WARN]: [AIBot] PERCEPTION event=snapshot_slow bot=Bob {elapsed_ms=17}
[17:07:53] [Server thread/WARN]: [AIBot] PERCEPTION event=snapshot_slow bot=Bob {elapsed_ms=16}
[17:07:53] [Server thread/INFO]: [AIBot] ACTION event=diag_snapshot bot=Bob {in_lava=false, step=, light=13, submerged=false, task_state=FAILED, held=minecraft:oak_planksx63, fall=0.0, pos=26,113,25, on_ground=true, hp=20.0/20.0, mining_idle=true, nearby=animals=0 hostiles=0, inv=minecraft:iron_pickaxex1 minecraft:iron_hoex1 minecraft:wheat_seedsx16 minecraft:oak_planksx63 minecraft:dirtx64, path_idle=true, food=20, air=300, mode=survival, task=build, task_progress=0.4, goal=none, task_phase=BUILD}
[17:07:54] [Server thread/WARN]: [AIBot] PERCEPTION event=snapshot_slow bot=Bob {elapsed_ms=11}
[17:07:55] [Server thread/WARN]: [AIBot] PERCEPTION event=snapshot_slow bot=Bob {elapsed_ms=11}
[17:07:55] [Server thread/INFO]: [AIBot] ACTION event=capability_decision bot=Bob {allowed=false, reason=DENIED_STRICT_SURVIVAL, context=observable_block_query, capability=HIDDEN_BLOCK_SCAN, profile=strict_survival}
[17:07:55] [Server thread/INFO]: [AIBot] ACTION event=capability_decision bot=Bob {allowed=false, reason=DENIED_STRICT_SURVIVAL, context=perception_snapshot, capability=HIDDEN_BLOCK_SCAN, profile=strict_survival}
[17:07:55] [Server thread/WARN]: [AIBot] PERCEPTION event=snapshot_slow bot=Bob {elapsed_ms=17}
[17:07:55] [Server thread/INFO]: [AIBot] ACTION event=capability_decision bot=Bob {allowed=false, reason=DENIED_STRICT_SURVIVAL, context=diagnostic_nearby, capability=HIDDEN_BLOCK_SCAN, profile=strict_survival}
[17:07:55] [Server thread/INFO]: [AIBot] ACTION event=diag_snapshot bot=Bob {in_lava=false, step=, light=13, submerged=false, task_state=FAILED, held=minecraft:oak_planksx63, fall=0.0, pos=26,113,25, on_ground=true, hp=20.0/20.0, mining_idle=true, nearby=animals=0 hostiles=0, inv=minecraft:iron_pickaxex1 minecraft:iron_hoex1 minecraft:wheat_seedsx16 minecraft:oak_planksx63 minecraft:dirtx64, path_idle=true, food=20, air=300, mode=survival, task=build, task_progress=0.4, goal=none, task_phase=BUILD}
[17:07:56] [Server thread/INFO]: [AIBot] ACTION event=capability_decision bot=Bob {allowed=false, reason=DENIED_STRICT_SURVIVAL, context=observable_entity_query, capability=HIDDEN_BLOCK_SCAN, profile=strict_survival}
[17:07:56] [Server thread/WARN]: [AIBot] PERCEPTION event=snapshot_slow bot=Bob {elapsed_ms=16}
[17:07:56] [Server thread/WARN]: [AIBot] PERCEPTION event=snapshot_slow bot=Bob {elapsed_ms=16}
[17:07:57] [Server thread/WARN]: [AIBot] PERCEPTION event=snapshot_slow bot=Bob {elapsed_ms=18}
[17:07:57] [Server thread/WARN]: [AIBot] PERCEPTION event=snapshot_slow bot=Bob {elapsed_ms=16}
[17:07:57] [Server thread/INFO]: [AIBot] ACTION event=diag_snapshot bot=Bob {in_lava=false, step=, light=13, submerged=false, task_state=FAILED, held=minecraft:oak_planksx63, fall=0.0, pos=26,113,25, on_ground=true, hp=20.0/20.0, mining_idle=true, nearby=animals=0 hostiles=0, inv=minecraft:iron_pickaxex1 minecraft:iron_hoex1 minecraft:wheat_seedsx16 minecraft:oak_planksx63 minecraft:dirtx64, path_idle=true, food=20, air=300, mode=survival, task=build, task_progress=0.4, goal=none, task_phase=BUILD}
[17:07:58] [Server thread/WARN]: [AIBot] PERCEPTION event=snapshot_slow bot=Bob {elapsed_ms=16}
[17:07:58] [Server thread/WARN]: [AIBot] PERCEPTION event=snapshot_slow bot=Bob {elapsed_ms=13}
[17:07:59] [Server thread/WARN]: [AIBot] PERCEPTION event=snapshot_slow bot=Bob {elapsed_ms=16}
[17:07:59] [Server thread/WARN]: [AIBot] PERCEPTION event=snapshot_slow bot=Bob {elapsed_ms=17}
[17:07:59] [Server thread/INFO]: [AIBot] ACTION event=diag_snapshot bot=Bob {in_lava=false, step=, light=13, submerged=false, task_state=FAILED, held=minecraft:oak_planksx63, fall=0.0, pos=26,113,25, on_ground=true, hp=20.0/20.0, mining_idle=true, nearby=animals=0 hostiles=0, inv=minecraft:iron_pickaxex1 minecraft:iron_hoex1 minecraft:wheat_seedsx16 minecraft:oak_planksx63 minecraft:dirtx64, path_idle=true, food=20, air=300, mode=survival, task=build, task_progress=0.4, goal=none, task_phase=BUILD}
[17:07:59] [Server thread/INFO]: [AIBot] ACTION event=capability_decision bot=Bob {allowed=false, reason=DENIED_STRICT_SURVIVAL, context=danger_dark_trap_surface, capability=EMERGENCY_TELEPORT, profile=strict_survival}
[17:08:00] [Server thread/WARN]: [AIBot] PERCEPTION event=snapshot_slow bot=Bob {elapsed_ms=14}
[17:08:00] [Server thread/INFO]: [AIBot] ACTION event=capability_decision bot=Bob {allowed=false, reason=DENIED_STRICT_SURVIVAL, context=observable_block_query, capability=HIDDEN_BLOCK_SCAN, profile=strict_survival}
[17:08:00] [Server thread/INFO]: [AIBot] ACTION event=capability_decision bot=Bob {allowed=false, reason=DENIED_STRICT_SURVIVAL, context=perception_snapshot, capability=HIDDEN_BLOCK_SCAN, profile=strict_survival}
[17:08:00] [Server thread/WARN]: [AIBot] PERCEPTION event=snapshot_slow bot=Bob {elapsed_ms=11}
[17:08:01] [Server thread/INFO]: [AIBot] ACTION event=capability_decision bot=Bob {allowed=false, reason=DENIED_STRICT_SURVIVAL, context=observable_entity_query, capability=HIDDEN_BLOCK_SCAN, profile=strict_survival}
[17:08:01] [Server thread/WARN]: [AIBot] PERCEPTION event=snapshot_slow bot=Bob {elapsed_ms=18}
[17:08:01] [Server thread/INFO]: [AIBot] ACTION event=capability_decision bot=Bob {allowed=false, reason=DENIED_STRICT_SURVIVAL, context=diagnostic_nearby, capability=HIDDEN_BLOCK_SCAN, profile=strict_survival}
[17:08:01] [Server thread/INFO]: [AIBot] ACTION event=diag_snapshot bot=Bob {in_lava=false, step=, light=13, submerged=false, task_state=FAILED, held=minecraft:oak_planksx63, fall=0.0, pos=26,113,25, on_ground=true, hp=20.0/20.0, mining_idle=true, nearby=animals=0 hostiles=0, inv=minecraft:iron_pickaxex1 minecraft:iron_hoex1 minecraft:wheat_seedsx16 minecraft:oak_planksx63 minecraft:dirtx64, path_idle=true, food=20, air=300, mode=survival, task=build, task_progress=0.4, goal=none, task_phase=BUILD}
[17:08:02] [Server thread/WARN]: [AIBot] PERCEPTION event=snapshot_slow bot=Bob {elapsed_ms=16}
[17:08:02] [Server thread/WARN]: [AIBot] PERCEPTION event=snapshot_slow bot=Bob {elapsed_ms=13}
[17:08:03] [Server thread/WARN]: [AIBot] PERCEPTION event=snapshot_slow bot=Bob {elapsed_ms=11}
[17:08:03] [Server thread/WARN]: [AIBot] PERCEPTION event=snapshot_slow bot=Bob {elapsed_ms=14}
[17:08:03] [Server thread/INFO]: [AIBot] ACTION event=diag_snapshot bot=Bob {in_lava=false, step=, light=13, submerged=false, task_state=FAILED, held=minecraft:oak_planksx63, fall=0.0, pos=26,113,25, on_ground=true, hp=20.0/20.0, mining_idle=true, nearby=animals=0 hostiles=0, inv=minecraft:iron_pickaxex1 minecraft:iron_hoex1 minecraft:wheat_seedsx16 minecraft:oak_planksx63 minecraft:dirtx64, path_idle=true, food=20, air=300, mode=survival, task=build, task_progress=0.4, goal=none, task_phase=BUILD}
[17:08:04] [Server thread/WARN]: [AIBot] PERCEPTION event=snapshot_slow bot=Bob {elapsed_ms=17}
[17:08:04] [RCON Listener #1/INFO]: Thread RCON Client /127.0.0.1 started
[17:08:04] [Server thread/INFO]: [Rcon: Changed the block at 26, 112, 26]
[17:08:04] [RCON Client /127.0.0.1 #15/INFO]: Thread RCON Client /127.0.0.1 shutting down
[17:08:04] [Server thread/WARN]: [AIBot] PERCEPTION event=snapshot_slow bot=Bob {elapsed_ms=15}
[17:08:05] [Server thread/WARN]: [AIBot] PERCEPTION event=snapshot_slow bot=Bob {elapsed_ms=14}
[17:08:05] [RCON Listener #1/INFO]: Thread RCON Client /127.0.0.1 started
[17:08:05] [RCON Client /127.0.0.1 #16/INFO]: Thread RCON Client /127.0.0.1 shutting down
[17:08:05] [Server thread/INFO]: [AIBot] LIFECYCLE event=mixin_alive bot=- {server_tick=1200}
[17:08:05] [Server thread/INFO]: [AIBot] ACTION event=capability_decision bot=Bob {allowed=false, reason=DENIED_STRICT_SURVIVAL, context=observable_block_query, capability=HIDDEN_BLOCK_SCAN, profile=strict_survival}
[17:08:05] [Server thread/INFO]: [AIBot] ACTION event=capability_decision bot=Bob {allowed=false, reason=DENIED_STRICT_SURVIVAL, context=perception_snapshot, capability=HIDDEN_BLOCK_SCAN, profile=strict_survival}
[17:08:05] [Server thread/WARN]: [AIBot] PERCEPTION event=snapshot_slow bot=Bob {elapsed_ms=13}
[17:08:05] [Server thread/INFO]: [AIBot] ACTION event=diag_snapshot bot=Bob {in_lava=false, step=, light=13, submerged=false, task_state=FAILED, held=minecraft:oak_planksx63, fall=0.0, pos=26,113,25, on_ground=true, hp=20.0/20.0, mining_idle=true, nearby=animals=0 hostiles=0, inv=minecraft:iron_pickaxex1 minecraft:iron_hoex1 minecraft:wheat_seedsx16 minecraft:oak_planksx63 minecraft:dirtx64, path_idle=true, food=20, air=300, mode=survival, task=build, task_progress=0.4, goal=none, task_phase=BUILD}
[17:08:06] [Server thread/INFO]: [AIBot] ACTION event=capability_decision bot=Bob {allowed=false, reason=DENIED_STRICT_SURVIVAL, context=observable_entity_query, capability=HIDDEN_BLOCK_SCAN, profile=strict_survival}
[17:08:06] [Server thread/WARN]: [AIBot] PERCEPTION event=snapshot_slow bot=Bob {elapsed_ms=14}
[17:08:06] [Server thread/WARN]: [AIBot] PERCEPTION event=snapshot_slow bot=Bob {elapsed_ms=13}
[17:08:07] [Server thread/WARN]: [AIBot] PERCEPTION event=snapshot_slow bot=Bob {elapsed_ms=17}
[17:08:07] [Server thread/WARN]: [AIBot] PERCEPTION event=snapshot_slow bot=Bob {elapsed_ms=15}
[17:08:07] [Server thread/INFO]: [AIBot] ACTION event=capability_decision bot=Bob {allowed=false, reason=DENIED_STRICT_SURVIVAL, context=diagnostic_nearby, capability=HIDDEN_BLOCK_SCAN, profile=strict_survival}
[17:08:07] [Server thread/INFO]: [AIBot] ACTION event=diag_snapshot bot=Bob {in_lava=false, step=, light=13, submerged=false, task_state=FAILED, held=minecraft:oak_planksx63, fall=0.0, pos=26,113,25, on_ground=true, hp=20.0/20.0, mining_idle=true, nearby=animals=0 hostiles=0, inv=minecraft:iron_pickaxex1 minecraft:iron_hoex1 minecraft:wheat_seedsx16 minecraft:oak_planksx63 minecraft:dirtx64, path_idle=true, food=20, air=300, mode=survival, task=build, task_progress=0.4, goal=none, task_phase=BUILD}
[17:08:07] [Server thread/INFO]: [AIBot] ACTION event=capability_decision bot=Bob {allowed=false, reason=DENIED_STRICT_SURVIVAL, context=danger_dark_trap_surface, capability=EMERGENCY_TELEPORT, profile=strict_survival}
[17:08:08] [Server thread/WARN]: [AIBot] PERCEPTION event=snapshot_slow bot=Bob {elapsed_ms=18}
[17:08:08] [Server thread/WARN]: [AIBot] PERCEPTION event=snapshot_slow bot=Bob {elapsed_ms=16}
[17:08:09] [Server thread/WARN]: [AIBot] PERCEPTION event=snapshot_slow bot=Bob {elapsed_ms=18}
[17:08:09] [Server thread/WARN]: [AIBot] PERCEPTION event=snapshot_slow bot=Bob {elapsed_ms=14}
[17:08:09] [Server thread/INFO]: [AIBot] ACTION event=diag_snapshot bot=Bob {in_lava=false, step=, light=13, submerged=false, task_state=FAILED, held=minecraft:oak_planksx63, fall=0.0, pos=26,113,25, on_ground=true, hp=20.0/20.0, mining_idle=true, nearby=animals=0 hostiles=0, inv=minecraft:iron_pickaxex1 minecraft:iron_hoex1 minecraft:wheat_seedsx16 minecraft:oak_planksx63 minecraft:dirtx64, path_idle=true, food=20, air=300, mode=survival, task=build, task_progress=0.4, goal=none, task_phase=BUILD}
[17:08:10] [Server thread/WARN]: [AIBot] PERCEPTION event=snapshot_slow bot=Bob {elapsed_ms=15}
[17:08:10] [Server thread/INFO]: [AIBot] ACTION event=capability_decision bot=Bob {allowed=false, reason=DENIED_STRICT_SURVIVAL, context=observable_block_query, capability=HIDDEN_BLOCK_SCAN, profile=strict_survival}
[17:08:10] [Server thread/INFO]: [AIBot] ACTION event=capability_decision bot=Bob {allowed=false, reason=DENIED_STRICT_SURVIVAL, context=perception_snapshot, capability=HIDDEN_BLOCK_SCAN, profile=strict_survival}
[17:08:10] [Server thread/WARN]: [AIBot] PERCEPTION event=snapshot_slow bot=Bob {elapsed_ms=16}
[17:08:11] [Server thread/INFO]: [AIBot] ACTION event=capability_decision bot=Bob {allowed=false, reason=DENIED_STRICT_SURVIVAL, context=observable_entity_query, capability=HIDDEN_BLOCK_SCAN, profile=strict_survival}
[17:08:11] [Server thread/WARN]: [AIBot] PERCEPTION event=snapshot_slow bot=Bob {elapsed_ms=18}
[17:08:11] [Server thread/WARN]: [AIBot] PERCEPTION event=snapshot_slow bot=Bob {elapsed_ms=16}
[17:08:11] [Server thread/INFO]: [AIBot] ACTION event=diag_snapshot bot=Bob {in_lava=false, step=, light=13, submerged=false, task_state=FAILED, held=minecraft:oak_planksx63, fall=0.0, pos=26,113,25, on_ground=true, hp=20.0/20.0, mining_idle=true, nearby=animals=0 hostiles=0, inv=minecraft:iron_pickaxex1 minecraft:iron_hoex1 minecraft:wheat_seedsx16 minecraft:oak_planksx63 minecraft:dirtx64, path_idle=true, food=20, air=300, mode=survival, task=build, task_progress=0.4, goal=none, task_phase=BUILD}
[17:08:12] [Server thread/WARN]: [AIBot] PERCEPTION event=snapshot_slow bot=Bob {elapsed_ms=15}
[17:08:12] [Server thread/WARN]: [AIBot] PERCEPTION event=snapshot_slow bot=Bob {elapsed_ms=12}
[17:08:13] [Server thread/WARN]: [AIBot] PERCEPTION event=snapshot_slow bot=Bob {elapsed_ms=13}
[17:08:13] [Server thread/WARN]: [AIBot] PERCEPTION event=snapshot_slow bot=Bob {elapsed_ms=15}
[17:08:13] [Server thread/INFO]: [AIBot] ACTION event=capability_decision bot=Bob {allowed=false, reason=DENIED_STRICT_SURVIVAL, context=diagnostic_nearby, capability=HIDDEN_BLOCK_SCAN, profile=strict_survival}
[17:08:13] [Server thread/INFO]: [AIBot] ACTION event=diag_snapshot bot=Bob {in_lava=false, step=, light=13, submerged=false, task_state=FAILED, held=minecraft:oak_planksx63, fall=0.0, pos=26,113,25, on_ground=true, hp=20.0/20.0, mining_idle=true, nearby=animals=0 hostiles=0, inv=minecraft:iron_pickaxex1 minecraft:iron_hoex1 minecraft:wheat_seedsx16 minecraft:oak_planksx63 minecraft:dirtx64, path_idle=true, food=20, air=300, mode=survival, task=build, task_progress=0.4, goal=none, task_phase=BUILD}
[17:08:14] [Server thread/WARN]: [AIBot] PERCEPTION event=snapshot_slow bot=Bob {elapsed_ms=17}
[17:08:14] [Server thread/WARN]: [AIBot] PERCEPTION event=snapshot_slow bot=Bob {elapsed_ms=12}
[17:08:15] [Server thread/WARN]: [AIBot] PERCEPTION event=snapshot_slow bot=Bob {elapsed_ms=14}
[17:08:15] [Server thread/INFO]: [AIBot] ACTION event=capability_decision bot=Bob {allowed=false, reason=DENIED_STRICT_SURVIVAL, context=observable_block_query, capability=HIDDEN_BLOCK_SCAN, profile=strict_survival}
[17:08:15] [Server thread/INFO]: [AIBot] ACTION event=capability_decision bot=Bob {allowed=false, reason=DENIED_STRICT_SURVIVAL, context=perception_snapshot, capability=HIDDEN_BLOCK_SCAN, profile=strict_survival}
[17:08:15] [Server thread/WARN]: [AIBot] PERCEPTION event=snapshot_slow bot=Bob {elapsed_ms=17}
[17:08:15] [Server thread/INFO]: [AIBot] ACTION event=diag_snapshot bot=Bob {in_lava=false, step=, light=13, submerged=false, task_state=FAILED, held=minecraft:oak_planksx63, fall=0.0, pos=26,113,25, on_ground=true, hp=20.0/20.0, mining_idle=true, nearby=animals=0 hostiles=0, inv=minecraft:iron_pickaxex1 minecraft:iron_hoex1 minecraft:wheat_seedsx16 minecraft:oak_planksx63 minecraft:dirtx64, path_idle=true, food=20, air=300, mode=survival, task=build, task_progress=0.4, goal=none, task_phase=BUILD}
[17:08:15] [Server thread/INFO]: [AIBot] ACTION event=capability_decision bot=Bob {allowed=false, reason=DENIED_STRICT_SURVIVAL, context=danger_dark_trap_surface, capability=EMERGENCY_TELEPORT, profile=strict_survival}
[17:08:16] [Server thread/INFO]: [AIBot] ACTION event=capability_decision bot=Bob {allowed=false, reason=DENIED_STRICT_SURVIVAL, context=observable_entity_query, capability=HIDDEN_BLOCK_SCAN, profile=strict_survival}
[17:08:16] [Server thread/WARN]: [AIBot] PERCEPTION event=snapshot_slow bot=Bob {elapsed_ms=17}
[17:08:16] [Server thread/WARN]: [AIBot] PERCEPTION event=snapshot_slow bot=Bob {elapsed_ms=15}
[17:08:17] [Server thread/WARN]: [AIBot] PERCEPTION event=snapshot_slow bot=Bob {elapsed_ms=13}
[17:08:17] [Server thread/WARN]: [AIBot] PERCEPTION event=snapshot_slow bot=Bob {elapsed_ms=12}
[17:08:17] [Server thread/INFO]: [AIBot] ACTION event=diag_snapshot bot=Bob {in_lava=false, step=, light=13, submerged=false, task_state=FAILED, held=minecraft:oak_planksx63, fall=0.0, pos=26,113,25, on_ground=true, hp=20.0/20.0, mining_idle=true, nearby=animals=0 hostiles=0, inv=minecraft:iron_pickaxex1 minecraft:iron_hoex1 minecraft:wheat_seedsx16 minecraft:oak_planksx63 minecraft:dirtx64, path_idle=true, food=20, air=300, mode=survival, task=build, task_progress=0.4, goal=none, task_phase=BUILD}
[17:08:18] [Server thread/WARN]: [AIBot] PERCEPTION event=snapshot_slow bot=Bob {elapsed_ms=11}
[17:08:19] [Server thread/WARN]: [AIBot] PERCEPTION event=snapshot_slow bot=Bob {elapsed_ms=15}
[17:08:19] [Server thread/INFO]: [AIBot] ACTION event=capability_decision bot=Bob {allowed=false, reason=DENIED_STRICT_SURVIVAL, context=diagnostic_nearby, capability=HIDDEN_BLOCK_SCAN, profile=strict_survival}
[17:08:19] [Server thread/INFO]: [AIBot] ACTION event=diag_snapshot bot=Bob {in_lava=false, step=, light=13, submerged=false, task_state=FAILED, held=minecraft:oak_planksx63, fall=0.0, pos=26,113,25, on_ground=true, hp=20.0/20.0, mining_idle=true, nearby=animals=0 hostiles=0, inv=minecraft:iron_pickaxex1 minecraft:iron_hoex1 minecraft:wheat_seedsx16 minecraft:oak_planksx63 minecraft:dirtx64, path_idle=true, food=20, air=300, mode=survival, task=build, task_progress=0.4, goal=none, task_phase=BUILD}
[17:08:20] [Server thread/WARN]: [AIBot] PERCEPTION event=snapshot_slow bot=Bob {elapsed_ms=17}
[17:08:20] [RCON Listener #1/INFO]: Thread RCON Client /127.0.0.1 started
[17:08:20] [RCON Client /127.0.0.1 #17/INFO]: Thread RCON Client /127.0.0.1 shutting down
[17:08:20] [RCON Listener #1/INFO]: Thread RCON Client /127.0.0.1 started
[17:08:20] [RCON Client /127.0.0.1 #18/INFO]: Thread RCON Client /127.0.0.1 shutting down
[17:08:20] [RCON Listener #1/INFO]: Thread RCON Client /127.0.0.1 started
[17:08:20] [RCON Client /127.0.0.1 #19/INFO]: Thread RCON Client /127.0.0.1 shutting down
[17:08:20] [RCON Listener #1/INFO]: Thread RCON Client /127.0.0.1 started
[17:08:20] [RCON Client /127.0.0.1 #20/INFO]: Thread RCON Client /127.0.0.1 shutting down
[17:08:20] [RCON Listener #1/INFO]: Thread RCON Client /127.0.0.1 started
[17:08:20] [RCON Client /127.0.0.1 #21/INFO]: Thread RCON Client /127.0.0.1 shutting down
[17:08:20] [RCON Listener #1/INFO]: Thread RCON Client /127.0.0.1 started
[17:08:20] [RCON Client /127.0.0.1 #22/INFO]: Thread RCON Client /127.0.0.1 shutting down
[17:08:20] [RCON Listener #1/INFO]: Thread RCON Client /127.0.0.1 started
[17:08:20] [RCON Client /127.0.0.1 #23/INFO]: Thread RCON Client /127.0.0.1 shutting down
[17:08:20] [RCON Listener #1/INFO]: Thread RCON Client /127.0.0.1 started
[17:08:20] [RCON Client /127.0.0.1 #24/INFO]: Thread RCON Client /127.0.0.1 shutting down
[17:08:20] [RCON Listener #1/INFO]: Thread RCON Client /127.0.0.1 started
[17:08:20] [RCON Client /127.0.0.1 #25/INFO]: Thread RCON Client /127.0.0.1 shutting down
[17:08:20] [RCON Listener #1/INFO]: Thread RCON Client /127.0.0.1 started
[17:08:20] [RCON Client /127.0.0.1 #26/INFO]: Thread RCON Client /127.0.0.1 shutting down
[17:08:20] [RCON Listener #1/INFO]: Thread RCON Client /127.0.0.1 started
[17:08:20] [RCON Client /127.0.0.1 #27/INFO]: Thread RCON Client /127.0.0.1 shutting down
[17:08:20] [RCON Listener #1/INFO]: Thread RCON Client /127.0.0.1 started
[17:08:20] [RCON Client /127.0.0.1 #28/INFO]: Thread RCON Client /127.0.0.1 shutting down
[17:08:20] [RCON Listener #1/INFO]: Thread RCON Client /127.0.0.1 started
[17:08:20] [RCON Client /127.0.0.1 #29/INFO]: Thread RCON Client /127.0.0.1 shutting down
[17:08:20] [RCON Listener #1/INFO]: Thread RCON Client /127.0.0.1 started
[17:08:20] [RCON Client /127.0.0.1 #30/INFO]: Thread RCON Client /127.0.0.1 shutting down
[17:08:20] [RCON Listener #1/INFO]: Thread RCON Client /127.0.0.1 started
[17:08:20] [RCON Client /127.0.0.1 #31/INFO]: Thread RCON Client /127.0.0.1 shutting down
[17:08:20] [RCON Listener #1/INFO]: Thread RCON Client /127.0.0.1 started
[17:08:20] [RCON Client /127.0.0.1 #32/INFO]: Thread RCON Client /127.0.0.1 shutting down
[17:08:20] [RCON Listener #1/INFO]: Thread RCON Client /127.0.0.1 started
[17:08:20] [RCON Client /127.0.0.1 #33/INFO]: Thread RCON Client /127.0.0.1 shutting down
[17:08:20] [RCON Listener #1/INFO]: Thread RCON Client /127.0.0.1 started
[17:08:20] [RCON Client /127.0.0.1 #34/INFO]: Thread RCON Client /127.0.0.1 shutting down
[17:08:20] [RCON Listener #1/INFO]: Thread RCON Client /127.0.0.1 started
[17:08:20] [RCON Client /127.0.0.1 #35/INFO]: Thread RCON Client /127.0.0.1 shutting down
[17:08:20] [RCON Listener #1/INFO]: Thread RCON Client /127.0.0.1 started
[17:08:20] [RCON Client /127.0.0.1 #36/INFO]: Thread RCON Client /127.0.0.1 shutting down
[17:08:20] [RCON Listener #1/INFO]: Thread RCON Client /127.0.0.1 started
[17:08:20] [RCON Client /127.0.0.1 #37/INFO]: Thread RCON Client /127.0.0.1 shutting down
[17:08:20] [RCON Listener #1/INFO]: Thread RCON Client /127.0.0.1 started
[17:08:20] [RCON Client /127.0.0.1 #38/INFO]: Thread RCON Client /127.0.0.1 shutting down
[17:08:20] [RCON Listener #1/INFO]: Thread RCON Client /127.0.0.1 started
[17:08:20] [RCON Client /127.0.0.1 #39/INFO]: Thread RCON Client /127.0.0.1 shutting down
[17:08:20] [RCON Listener #1/INFO]: Thread RCON Client /127.0.0.1 started
[17:08:20] [RCON Client /127.0.0.1 #40/INFO]: Thread RCON Client /127.0.0.1 shutting down
[17:08:20] [RCON Listener #1/INFO]: Thread RCON Client /127.0.0.1 started
[17:08:20] [RCON Client /127.0.0.1 #41/INFO]: Thread RCON Client /127.0.0.1 shutting down
[17:08:20] [RCON Listener #1/INFO]: Thread RCON Client /127.0.0.1 started
[17:08:20] [RCON Client /127.0.0.1 #42/INFO]: Thread RCON Client /127.0.0.1 shutting down
[17:08:20] [RCON Listener #1/INFO]: Thread RCON Client /127.0.0.1 started
[17:08:20] [RCON Client /127.0.0.1 #43/INFO]: Thread RCON Client /127.0.0.1 shutting down
[17:08:20] [RCON Listener #1/INFO]: Thread RCON Client /127.0.0.1 started
[17:08:20] [RCON Client /127.0.0.1 #44/INFO]: Thread RCON Client /127.0.0.1 shutting down
[17:08:20] [RCON Listener #1/INFO]: Thread RCON Client /127.0.0.1 started
[17:08:20] [RCON Client /127.0.0.1 #45/INFO]: Thread RCON Client /127.0.0.1 shutting down
[17:08:20] [RCON Listener #1/INFO]: Thread RCON Client /127.0.0.1 started
[17:08:20] [RCON Client /127.0.0.1 #46/INFO]: Thread RCON Client /127.0.0.1 shutting down
[17:08:20] [RCON Listener #1/INFO]: Thread RCON Client /127.0.0.1 started
[17:08:20] [Server thread/INFO]: [AIBot] ACTION event=capability_decision bot=Bob {allowed=false, reason=DENIED_STRICT_SURVIVAL, context=observable_block_query, capability=HIDDEN_BLOCK_SCAN, profile=strict_survival}
[17:08:20] [Server thread/INFO]: [AIBot] ACTION event=capability_decision bot=Bob {allowed=false, reason=DENIED_STRICT_SURVIVAL, context=perception_snapshot, capability=HIDDEN_BLOCK_SCAN, profile=strict_survival}
[17:08:20] [Server thread/WARN]: [AIBot] PERCEPTION event=snapshot_slow bot=Bob {elapsed_ms=14}
[17:08:20] [RCON Client /127.0.0.1 #47/INFO]: Thread RCON Client /127.0.0.1 shutting down
[17:08:20] [RCON Listener #1/INFO]: Thread RCON Client /127.0.0.1 started
[17:08:20] [RCON Client /127.0.0.1 #48/INFO]: Thread RCON Client /127.0.0.1 shutting down
[17:08:20] [RCON Listener #1/INFO]: Thread RCON Client /127.0.0.1 started
[17:08:20] [RCON Client /127.0.0.1 #49/INFO]: Thread RCON Client /127.0.0.1 shutting down
[17:08:20] [RCON Listener #1/INFO]: Thread RCON Client /127.0.0.1 started
[17:08:20] [RCON Client /127.0.0.1 #50/INFO]: Thread RCON Client /127.0.0.1 shutting down
[17:08:20] [RCON Listener #1/INFO]: Thread RCON Client /127.0.0.1 started
[17:08:20] [RCON Client /127.0.0.1 #51/INFO]: Thread RCON Client /127.0.0.1 shutting down
[17:08:20] [RCON Listener #1/INFO]: Thread RCON Client /127.0.0.1 started
[17:08:20] [RCON Client /127.0.0.1 #52/INFO]: Thread RCON Client /127.0.0.1 shutting down
[17:08:20] [RCON Listener #1/INFO]: Thread RCON Client /127.0.0.1 started
[17:08:20] [RCON Client /127.0.0.1 #53/INFO]: Thread RCON Client /127.0.0.1 shutting down
[17:08:20] [RCON Listener #1/INFO]: Thread RCON Client /127.0.0.1 started
[17:08:20] [RCON Client /127.0.0.1 #54/INFO]: Thread RCON Client /127.0.0.1 shutting down
[17:08:20] [RCON Listener #1/INFO]: Thread RCON Client /127.0.0.1 started
[17:08:20] [RCON Client /127.0.0.1 #55/INFO]: Thread RCON Client /127.0.0.1 shutting down
[17:08:20] [RCON Listener #1/INFO]: Thread RCON Client /127.0.0.1 started
[17:08:20] [RCON Client /127.0.0.1 #56/INFO]: Thread RCON Client /127.0.0.1 shutting down
[17:08:20] [RCON Listener #1/INFO]: Thread RCON Client /127.0.0.1 started
[17:08:20] [RCON Client /127.0.0.1 #57/INFO]: Thread RCON Client /127.0.0.1 shutting down
[17:08:20] [RCON Listener #1/INFO]: Thread RCON Client /127.0.0.1 started
[17:08:20] [RCON Client /127.0.0.1 #58/INFO]: Thread RCON Client /127.0.0.1 shutting down
[17:08:20] [RCON Listener #1/INFO]: Thread RCON Client /127.0.0.1 started
[17:08:20] [RCON Client /127.0.0.1 #59/INFO]: Thread RCON Client /127.0.0.1 shutting down
[17:08:20] [RCON Listener #1/INFO]: Thread RCON Client /127.0.0.1 started
[17:08:20] [RCON Client /127.0.0.1 #60/INFO]: Thread RCON Client /127.0.0.1 shutting down
[17:08:20] [RCON Listener #1/INFO]: Thread RCON Client /127.0.0.1 started
[17:08:20] [RCON Client /127.0.0.1 #61/INFO]: Thread RCON Client /127.0.0.1 shutting down
[17:08:20] [RCON Listener #1/INFO]: Thread RCON Client /127.0.0.1 started
[17:08:20] [RCON Client /127.0.0.1 #62/INFO]: Thread RCON Client /127.0.0.1 shutting down
[17:08:20] [RCON Listener #1/INFO]: Thread RCON Client /127.0.0.1 started
[17:08:20] [RCON Client /127.0.0.1 #63/INFO]: Thread RCON Client /127.0.0.1 shutting down
[17:08:20] [RCON Listener #1/INFO]: Thread RCON Client /127.0.0.1 started
[17:08:20] [RCON Client /127.0.0.1 #64/INFO]: Thread RCON Client /127.0.0.1 shutting down
[17:08:20] [RCON Listener #1/INFO]: Thread RCON Client /127.0.0.1 started
[17:08:20] [RCON Client /127.0.0.1 #65/INFO]: Thread RCON Client /127.0.0.1 shutting down
[17:08:20] [RCON Listener #1/INFO]: Thread RCON Client /127.0.0.1 started
[17:08:20] [RCON Client /127.0.0.1 #66/INFO]: Thread RCON Client /127.0.0.1 shutting down
[17:08:20] [RCON Listener #1/INFO]: Thread RCON Client /127.0.0.1 started
[17:08:20] [RCON Client /127.0.0.1 #67/INFO]: Thread RCON Client /127.0.0.1 shutting down
[17:08:20] [RCON Listener #1/INFO]: Thread RCON Client /127.0.0.1 started
[17:08:21] [RCON Client /127.0.0.1 #68/INFO]: Thread RCON Client /127.0.0.1 shutting down
[17:08:21] [RCON Listener #1/INFO]: Thread RCON Client /127.0.0.1 started
[17:08:21] [RCON Client /127.0.0.1 #69/INFO]: Thread RCON Client /127.0.0.1 shutting down
[17:08:21] [RCON Listener #1/INFO]: Thread RCON Client /127.0.0.1 started
[17:08:21] [RCON Client /127.0.0.1 #70/INFO]: Thread RCON Client /127.0.0.1 shutting down
[17:08:21] [RCON Listener #1/INFO]: Thread RCON Client /127.0.0.1 started
[17:08:21] [RCON Client /127.0.0.1 #71/INFO]: Thread RCON Client /127.0.0.1 shutting down
[17:08:21] [RCON Listener #1/INFO]: Thread RCON Client /127.0.0.1 started
[17:08:21] [RCON Client /127.0.0.1 #72/INFO]: Thread RCON Client /127.0.0.1 shutting down
[17:08:21] [RCON Listener #1/INFO]: Thread RCON Client /127.0.0.1 started
[17:08:21] [Server thread/INFO]: [AIBot] ACTION event=capability_decision bot=Bob {allowed=false, reason=DENIED_STRICT_SURVIVAL, context=observable_entity_query, capability=HIDDEN_BLOCK_SCAN, profile=strict_survival}
[17:08:21] [Server thread/WARN]: [AIBot] PERCEPTION event=snapshot_slow bot=Bob {elapsed_ms=12}
[17:08:21] [RCON Client /127.0.0.1 #73/INFO]: Thread RCON Client /127.0.0.1 shutting down
[17:08:21] [RCON Listener #1/INFO]: Thread RCON Client /127.0.0.1 started
[17:08:21] [RCON Client /127.0.0.1 #74/INFO]: Thread RCON Client /127.0.0.1 shutting down
[17:08:21] [RCON Listener #1/INFO]: Thread RCON Client /127.0.0.1 started
[17:08:21] [RCON Client /127.0.0.1 #75/INFO]: Thread RCON Client /127.0.0.1 shutting down
[17:08:21] [RCON Listener #1/INFO]: Thread RCON Client /127.0.0.1 started
[17:08:21] [RCON Client /127.0.0.1 #76/INFO]: Thread RCON Client /127.0.0.1 shutting down
[17:08:21] [RCON Listener #1/INFO]: Thread RCON Client /127.0.0.1 started
[17:08:21] [RCON Client /127.0.0.1 #77/INFO]: Thread RCON Client /127.0.0.1 shutting down
[17:08:21] [RCON Listener #1/INFO]: Thread RCON Client /127.0.0.1 started
[17:08:21] [RCON Client /127.0.0.1 #78/INFO]: Thread RCON Client /127.0.0.1 shutting down
[17:08:21] [RCON Listener #1/INFO]: Thread RCON Client /127.0.0.1 started
[17:08:21] [RCON Client /127.0.0.1 #79/INFO]: Thread RCON Client /127.0.0.1 shutting down
[17:08:21] [RCON Listener #1/INFO]: Thread RCON Client /127.0.0.1 started
[17:08:21] [RCON Client /127.0.0.1 #80/INFO]: Thread RCON Client /127.0.0.1 shutting down
[17:08:21] [RCON Listener #1/INFO]: Thread RCON Client /127.0.0.1 started
[17:08:21] [RCON Client /127.0.0.1 #81/INFO]: Thread RCON Client /127.0.0.1 shutting down
[17:08:21] [RCON Listener #1/INFO]: Thread RCON Client /127.0.0.1 started
[17:08:21] [RCON Client /127.0.0.1 #82/INFO]: Thread RCON Client /127.0.0.1 shutting down
[17:08:21] [RCON Listener #1/INFO]: Thread RCON Client /127.0.0.1 started
[17:08:21] [RCON Client /127.0.0.1 #83/INFO]: Thread RCON Client /127.0.0.1 shutting down
[17:08:21] [RCON Listener #1/INFO]: Thread RCON Client /127.0.0.1 started
[17:08:21] [RCON Client /127.0.0.1 #84/INFO]: Thread RCON Client /127.0.0.1 shutting down
[17:08:21] [RCON Listener #1/INFO]: Thread RCON Client /127.0.0.1 started
[17:08:21] [RCON Client /127.0.0.1 #85/INFO]: Thread RCON Client /127.0.0.1 shutting down
[17:08:21] [RCON Listener #1/INFO]: Thread RCON Client /127.0.0.1 started
[17:08:21] [RCON Client /127.0.0.1 #86/INFO]: Thread RCON Client /127.0.0.1 shutting down
[17:08:21] [RCON Listener #1/INFO]: Thread RCON Client /127.0.0.1 started
[17:08:21] [RCON Client /127.0.0.1 #87/INFO]: Thread RCON Client /127.0.0.1 shutting down
[17:08:21] [RCON Listener #1/INFO]: Thread RCON Client /127.0.0.1 started
[17:08:21] [RCON Client /127.0.0.1 #88/INFO]: Thread RCON Client /127.0.0.1 shutting down
[17:08:21] [RCON Listener #1/INFO]: Thread RCON Client /127.0.0.1 started
[17:08:21] [RCON Client /127.0.0.1 #89/INFO]: Thread RCON Client /127.0.0.1 shutting down
[17:08:21] [RCON Listener #1/INFO]: Thread RCON Client /127.0.0.1 started
[17:08:21] [RCON Client /127.0.0.1 #90/INFO]: Thread RCON Client /127.0.0.1 shutting down
[17:08:21] [RCON Listener #1/INFO]: Thread RCON Client /127.0.0.1 started
[17:08:21] [RCON Client /127.0.0.1 #91/INFO]: Thread RCON Client /127.0.0.1 shutting down
[17:08:21] [RCON Listener #1/INFO]: Thread RCON Client /127.0.0.1 started
[17:08:21] [RCON Client /127.0.0.1 #92/INFO]: Thread RCON Client /127.0.0.1 shutting down
[17:08:21] [RCON Listener #1/INFO]: Thread RCON Client /127.0.0.1 started
[17:08:21] [RCON Client /127.0.0.1 #93/INFO]: Thread RCON Client /127.0.0.1 shutting down
[17:08:21] [RCON Listener #1/INFO]: Thread RCON Client /127.0.0.1 started
[17:08:21] [RCON Client /127.0.0.1 #94/INFO]: Thread RCON Client /127.0.0.1 shutting down
[17:08:21] [RCON Listener #1/INFO]: Thread RCON Client /127.0.0.1 started
[17:08:21] [RCON Client /127.0.0.1 #95/INFO]: Thread RCON Client /127.0.0.1 shutting down
[17:08:21] [RCON Listener #1/INFO]: Thread RCON Client /127.0.0.1 started
[17:08:21] [RCON Client /127.0.0.1 #96/INFO]: Thread RCON Client /127.0.0.1 shutting down
[17:08:21] [RCON Listener #1/INFO]: Thread RCON Client /127.0.0.1 started
[17:08:21] [RCON Client /127.0.0.1 #97/INFO]: Thread RCON Client /127.0.0.1 shutting down
[17:08:21] [RCON Listener #1/INFO]: Thread RCON Client /127.0.0.1 started
[17:08:21] [RCON Client /127.0.0.1 #98/INFO]: Thread RCON Client /127.0.0.1 shutting down
[17:08:21] [RCON Listener #1/INFO]: Thread RCON Client /127.0.0.1 started
[17:08:21] [RCON Client /127.0.0.1 #99/INFO]: Thread RCON Client /127.0.0.1 shutting down
[17:08:21] [RCON Listener #1/INFO]: Thread RCON Client /127.0.0.1 started
[17:08:21] [RCON Client /127.0.0.1 #100/INFO]: Thread RCON Client /127.0.0.1 shutting down
[17:08:21] [RCON Listener #1/INFO]: Thread RCON Client /127.0.0.1 started
[17:08:21] [RCON Client /127.0.0.1 #101/INFO]: Thread RCON Client /127.0.0.1 shutting down
[17:08:21] [RCON Listener #1/INFO]: Thread RCON Client /127.0.0.1 started
[17:08:21] [RCON Client /127.0.0.1 #102/INFO]: Thread RCON Client /127.0.0.1 shutting down
[17:08:21] [RCON Listener #1/INFO]: Thread RCON Client /127.0.0.1 started
[17:08:21] [RCON Client /127.0.0.1 #103/INFO]: Thread RCON Client /127.0.0.1 shutting down
[17:08:21] [RCON Listener #1/INFO]: Thread RCON Client /127.0.0.1 started
[17:08:21] [RCON Client /127.0.0.1 #104/INFO]: Thread RCON Client /127.0.0.1 shutting down
[17:08:21] [RCON Listener #1/INFO]: Thread RCON Client /127.0.0.1 started
[17:08:21] [RCON Client /127.0.0.1 #105/INFO]: Thread RCON Client /127.0.0.1 shutting down
[17:08:21] [RCON Listener #1/INFO]: Thread RCON Client /127.0.0.1 started
[17:08:21] [Server thread/WARN]: [AIBot] PERCEPTION event=snapshot_slow bot=Bob {elapsed_ms=18}
[17:08:21] [Server thread/INFO]: [AIBot] ACTION event=diag_snapshot bot=Bob {in_lava=false, step=, light=13, submerged=false, task_state=FAILED, held=minecraft:oak_planksx63, fall=0.0, pos=26,113,25, on_ground=true, hp=20.0/20.0, mining_idle=true, nearby=animals=0 hostiles=0, inv=minecraft:iron_pickaxex1 minecraft:iron_hoex1 minecraft:wheat_seedsx16 minecraft:oak_planksx63 minecraft:dirtx64, path_idle=true, food=20, air=300, mode=survival, task=build, task_progress=0.4, goal=none, task_phase=BUILD}
[17:08:21] [RCON Client /127.0.0.1 #106/INFO]: Thread RCON Client /127.0.0.1 shutting down
[17:08:21] [RCON Listener #1/INFO]: Thread RCON Client /127.0.0.1 started
[17:08:21] [RCON Client /127.0.0.1 #107/INFO]: Thread RCON Client /127.0.0.1 shutting down
[17:08:21] [RCON Listener #1/INFO]: Thread RCON Client /127.0.0.1 started
[17:08:21] [RCON Client /127.0.0.1 #108/INFO]: Thread RCON Client /127.0.0.1 shutting down
[17:08:21] [RCON Listener #1/INFO]: Thread RCON Client /127.0.0.1 started
[17:08:21] [RCON Client /127.0.0.1 #109/INFO]: Thread RCON Client /127.0.0.1 shutting down
[17:08:21] [RCON Listener #1/INFO]: Thread RCON Client /127.0.0.1 started
[17:08:21] [RCON Client /127.0.0.1 #110/INFO]: Thread RCON Client /127.0.0.1 shutting down
[17:08:21] [RCON Listener #1/INFO]: Thread RCON Client /127.0.0.1 started
[17:08:21] [RCON Client /127.0.0.1 #111/INFO]: Thread RCON Client /127.0.0.1 shutting down
[17:08:21] [RCON Listener #1/INFO]: Thread RCON Client /127.0.0.1 started
[17:08:21] [RCON Client /127.0.0.1 #112/INFO]: Thread RCON Client /127.0.0.1 shutting down
[17:08:21] [RCON Listener #1/INFO]: Thread RCON Client /127.0.0.1 started
[17:08:21] [RCON Client /127.0.0.1 #113/INFO]: Thread RCON Client /127.0.0.1 shutting down
[17:08:21] [RCON Listener #1/INFO]: Thread RCON Client /127.0.0.1 started
[17:08:21] [RCON Client /127.0.0.1 #114/INFO]: Thread RCON Client /127.0.0.1 shutting down
[17:08:21] [RCON Listener #1/INFO]: Thread RCON Client /127.0.0.1 started
[17:08:21] [RCON Client /127.0.0.1 #115/INFO]: Thread RCON Client /127.0.0.1 shutting down
[17:08:21] [RCON Listener #1/INFO]: Thread RCON Client /127.0.0.1 started
[17:08:21] [RCON Client /127.0.0.1 #116/INFO]: Thread RCON Client /127.0.0.1 shutting down
[17:08:21] [RCON Listener #1/INFO]: Thread RCON Client /127.0.0.1 started
[17:08:21] [RCON Client /127.0.0.1 #117/INFO]: Thread RCON Client /127.0.0.1 shutting down
[17:08:21] [RCON Listener #1/INFO]: Thread RCON Client /127.0.0.1 started
[17:08:21] [RCON Client /127.0.0.1 #118/INFO]: Thread RCON Client /127.0.0.1 shutting down
[17:08:21] [RCON Listener #1/INFO]: Thread RCON Client /127.0.0.1 started
[17:08:21] [RCON Client /127.0.0.1 #119/INFO]: Thread RCON Client /127.0.0.1 shutting down
[17:08:21] [RCON Listener #1/INFO]: Thread RCON Client /127.0.0.1 started
[17:08:21] [RCON Client /127.0.0.1 #120/INFO]: Thread RCON Client /127.0.0.1 shutting down
[17:08:21] [RCON Listener #1/INFO]: Thread RCON Client /127.0.0.1 started
[17:08:21] [RCON Client /127.0.0.1 #121/INFO]: Thread RCON Client /127.0.0.1 shutting down
[17:08:21] [RCON Listener #1/INFO]: Thread RCON Client /127.0.0.1 started
[17:08:21] [RCON Client /127.0.0.1 #122/INFO]: Thread RCON Client /127.0.0.1 shutting down
[17:08:21] [RCON Listener #1/INFO]: Thread RCON Client /127.0.0.1 started
[17:08:21] [RCON Client /127.0.0.1 #123/INFO]: Thread RCON Client /127.0.0.1 shutting down
[17:08:21] [RCON Listener #1/INFO]: Thread RCON Client /127.0.0.1 started
[17:08:21] [RCON Client /127.0.0.1 #124/INFO]: Thread RCON Client /127.0.0.1 shutting down
[17:08:21] [RCON Listener #1/INFO]: Thread RCON Client /127.0.0.1 started
[17:08:21] [RCON Client /127.0.0.1 #125/INFO]: Thread RCON Client /127.0.0.1 shutting down
[17:08:21] [RCON Listener #1/INFO]: Thread RCON Client /127.0.0.1 started
[17:08:21] [RCON Client /127.0.0.1 #126/INFO]: Thread RCON Client /127.0.0.1 shutting down
[17:08:21] [RCON Listener #1/INFO]: Thread RCON Client /127.0.0.1 started
[17:08:21] [RCON Client /127.0.0.1 #127/INFO]: Thread RCON Client /127.0.0.1 shutting down
[17:08:21] [RCON Listener #1/INFO]: Thread RCON Client /127.0.0.1 started
[17:08:21] [RCON Client /127.0.0.1 #128/INFO]: Thread RCON Client /127.0.0.1 shutting down
[17:08:21] [RCON Listener #1/INFO]: Thread RCON Client /127.0.0.1 started
[17:08:22] [RCON Client /127.0.0.1 #129/INFO]: Thread RCON Client /127.0.0.1 shutting down
[17:08:22] [RCON Listener #1/INFO]: Thread RCON Client /127.0.0.1 started
[17:08:22] [RCON Client /127.0.0.1 #130/INFO]: Thread RCON Client /127.0.0.1 shutting down
[17:08:22] [RCON Listener #1/INFO]: Thread RCON Client /127.0.0.1 started
[17:08:22] [RCON Client /127.0.0.1 #131/INFO]: Thread RCON Client /127.0.0.1 shutting down
[17:08:22] [RCON Listener #1/INFO]: Thread RCON Client /127.0.0.1 started
[17:08:22] [RCON Client /127.0.0.1 #132/INFO]: Thread RCON Client /127.0.0.1 shutting down
[17:08:22] [RCON Listener #1/INFO]: Thread RCON Client /127.0.0.1 started
[17:08:22] [RCON Client /127.0.0.1 #133/INFO]: Thread RCON Client /127.0.0.1 shutting down
[17:08:22] [RCON Listener #1/INFO]: Thread RCON Client /127.0.0.1 started
[17:08:22] [RCON Client /127.0.0.1 #134/INFO]: Thread RCON Client /127.0.0.1 shutting down
[17:08:22] [RCON Listener #1/INFO]: Thread RCON Client /127.0.0.1 started
[17:08:22] [Server thread/WARN]: [AIBot] PERCEPTION event=snapshot_slow bot=Bob {elapsed_ms=17}
[17:08:22] [RCON Client /127.0.0.1 #135/INFO]: Thread RCON Client /127.0.0.1 shutting down
[17:08:22] [RCON Listener #1/INFO]: Thread RCON Client /127.0.0.1 started
[17:08:22] [RCON Client /127.0.0.1 #136/INFO]: Thread RCON Client /127.0.0.1 shutting down
[17:08:22] [RCON Listener #1/INFO]: Thread RCON Client /127.0.0.1 started
[17:08:22] [RCON Client /127.0.0.1 #137/INFO]: Thread RCON Client /127.0.0.1 shutting down
[17:08:22] [RCON Listener #1/INFO]: Thread RCON Client /127.0.0.1 started
[17:08:22] [RCON Client /127.0.0.1 #138/INFO]: Thread RCON Client /127.0.0.1 shutting down
[17:08:22] [RCON Listener #1/INFO]: Thread RCON Client /127.0.0.1 started
[17:08:22] [RCON Client /127.0.0.1 #139/INFO]: Thread RCON Client /127.0.0.1 shutting down
[17:08:22] [RCON Listener #1/INFO]: Thread RCON Client /127.0.0.1 started
[17:08:22] [RCON Client /127.0.0.1 #140/INFO]: Thread RCON Client /127.0.0.1 shutting down
[17:08:22] [RCON Listener #1/INFO]: Thread RCON Client /127.0.0.1 started
[17:08:22] [RCON Client /127.0.0.1 #141/INFO]: Thread RCON Client /127.0.0.1 shutting down
[17:08:22] [RCON Listener #1/INFO]: Thread RCON Client /127.0.0.1 started
[17:08:22] [RCON Client /127.0.0.1 #142/INFO]: Thread RCON Client /127.0.0.1 shutting down
[17:08:22] [RCON Listener #1/INFO]: Thread RCON Client /127.0.0.1 started
[17:08:22] [RCON Client /127.0.0.1 #143/INFO]: Thread RCON Client /127.0.0.1 shutting down
[17:08:22] [RCON Listener #1/INFO]: Thread RCON Client /127.0.0.1 started
[17:08:22] [RCON Client /127.0.0.1 #144/INFO]: Thread RCON Client /127.0.0.1 shutting down
[17:08:22] [RCON Listener #1/INFO]: Thread RCON Client /127.0.0.1 started
[17:08:22] [RCON Client /127.0.0.1 #145/INFO]: Thread RCON Client /127.0.0.1 shutting down
[17:08:22] [RCON Listener #1/INFO]: Thread RCON Client /127.0.0.1 started
[17:08:22] [RCON Client /127.0.0.1 #146/INFO]: Thread RCON Client /127.0.0.1 shutting down
[17:08:22] [RCON Listener #1/INFO]: Thread RCON Client /127.0.0.1 started
[17:08:22] [RCON Client /127.0.0.1 #147/INFO]: Thread RCON Client /127.0.0.1 shutting down
[17:08:22] [RCON Listener #1/INFO]: Thread RCON Client /127.0.0.1 started
[17:08:22] [RCON Client /127.0.0.1 #148/INFO]: Thread RCON Client /127.0.0.1 shutting down
[17:08:22] [RCON Listener #1/INFO]: Thread RCON Client /127.0.0.1 started
[17:08:22] [RCON Client /127.0.0.1 #149/INFO]: Thread RCON Client /127.0.0.1 shutting down
[17:08:22] [RCON Listener #1/INFO]: Thread RCON Client /127.0.0.1 started
[17:08:22] [RCON Client /127.0.0.1 #150/INFO]: Thread RCON Client /127.0.0.1 shutting down
[17:08:22] [RCON Listener #1/INFO]: Thread RCON Client /127.0.0.1 started
[17:08:22] [RCON Client /127.0.0.1 #151/INFO]: Thread RCON Client /127.0.0.1 shutting down
[17:08:22] [RCON Listener #1/INFO]: Thread RCON Client /127.0.0.1 started
[17:08:22] [RCON Client /127.0.0.1 #152/INFO]: Thread RCON Client /127.0.0.1 shutting down
[17:08:22] [RCON Listener #1/INFO]: Thread RCON Client /127.0.0.1 started
[17:08:22] [RCON Client /127.0.0.1 #153/INFO]: Thread RCON Client /127.0.0.1 shutting down
[17:08:22] [RCON Listener #1/INFO]: Thread RCON Client /127.0.0.1 started
[17:08:22] [RCON Client /127.0.0.1 #154/INFO]: Thread RCON Client /127.0.0.1 shutting down
[17:08:22] [RCON Listener #1/INFO]: Thread RCON Client /127.0.0.1 started
[17:08:22] [RCON Client /127.0.0.1 #155/INFO]: Thread RCON Client /127.0.0.1 shutting down
[17:08:22] [RCON Listener #1/INFO]: Thread RCON Client /127.0.0.1 started
[17:08:22] [RCON Client /127.0.0.1 #156/INFO]: Thread RCON Client /127.0.0.1 shutting down
[17:08:22] [RCON Listener #1/INFO]: Thread RCON Client /127.0.0.1 started
[17:08:22] [RCON Client /127.0.0.1 #157/INFO]: Thread RCON Client /127.0.0.1 shutting down
[17:08:22] [RCON Listener #1/INFO]: Thread RCON Client /127.0.0.1 started
[17:08:22] [RCON Client /127.0.0.1 #158/INFO]: Thread RCON Client /127.0.0.1 shutting down
[17:08:22] [RCON Listener #1/INFO]: Thread RCON Client /127.0.0.1 started
[17:08:22] [RCON Client /127.0.0.1 #159/INFO]: Thread RCON Client /127.0.0.1 shutting down
[17:08:22] [RCON Listener #1/INFO]: Thread RCON Client /127.0.0.1 started
[17:08:22] [RCON Client /127.0.0.1 #160/INFO]: Thread RCON Client /127.0.0.1 shutting down
[17:08:22] [RCON Listener #1/INFO]: Thread RCON Client /127.0.0.1 started
[17:08:22] [Server thread/WARN]: [AIBot] PERCEPTION event=snapshot_slow bot=Bob {elapsed_ms=14}
[17:08:22] [RCON Client /127.0.0.1 #161/INFO]: Thread RCON Client /127.0.0.1 shutting down
[17:08:22] [RCON Listener #1/INFO]: Thread RCON Client /127.0.0.1 started
[17:08:22] [RCON Client /127.0.0.1 #162/INFO]: Thread RCON Client /127.0.0.1 shutting down
[17:08:22] [RCON Listener #1/INFO]: Thread RCON Client /127.0.0.1 started
[17:08:22] [RCON Client /127.0.0.1 #163/INFO]: Thread RCON Client /127.0.0.1 shutting down
[17:08:22] [RCON Listener #1/INFO]: Thread RCON Client /127.0.0.1 started
[17:08:22] [RCON Client /127.0.0.1 #164/INFO]: Thread RCON Client /127.0.0.1 shutting down
[17:08:22] [RCON Listener #1/INFO]: Thread RCON Client /127.0.0.1 started
[17:08:22] [RCON Client /127.0.0.1 #165/INFO]: Thread RCON Client /127.0.0.1 shutting down
[17:08:22] [RCON Listener #1/INFO]: Thread RCON Client /127.0.0.1 started
[17:08:22] [RCON Client /127.0.0.1 #166/INFO]: Thread RCON Client /127.0.0.1 shutting down
[17:08:22] [RCON Listener #1/INFO]: Thread RCON Client /127.0.0.1 started
[17:08:22] [RCON Client /127.0.0.1 #167/INFO]: Thread RCON Client /127.0.0.1 shutting down
[17:08:22] [RCON Listener #1/INFO]: Thread RCON Client /127.0.0.1 started
[17:08:22] [RCON Client /127.0.0.1 #168/INFO]: Thread RCON Client /127.0.0.1 shutting down
[17:08:22] [RCON Listener #1/INFO]: Thread RCON Client /127.0.0.1 started
[17:08:22] [RCON Client /127.0.0.1 #169/INFO]: Thread RCON Client /127.0.0.1 shutting down
[17:08:22] [RCON Listener #1/INFO]: Thread RCON Client /127.0.0.1 started
[17:08:22] [RCON Client /127.0.0.1 #170/INFO]: Thread RCON Client /127.0.0.1 shutting down
[17:08:22] [RCON Listener #1/INFO]: Thread RCON Client /127.0.0.1 started
[17:08:22] [RCON Client /127.0.0.1 #171/INFO]: Thread RCON Client /127.0.0.1 shutting down
[17:08:22] [RCON Listener #1/INFO]: Thread RCON Client /127.0.0.1 started
[17:08:22] [RCON Client /127.0.0.1 #172/INFO]: Thread RCON Client /127.0.0.1 shutting down
[17:08:22] [RCON Listener #1/INFO]: Thread RCON Client /127.0.0.1 started
[17:08:22] [RCON Client /127.0.0.1 #173/INFO]: Thread RCON Client /127.0.0.1 shutting down
[17:08:22] [RCON Listener #1/INFO]: Thread RCON Client /127.0.0.1 started
[17:08:22] [RCON Client /127.0.0.1 #174/INFO]: Thread RCON Client /127.0.0.1 shutting down
[17:08:22] [RCON Listener #1/INFO]: Thread RCON Client /127.0.0.1 started
[17:08:22] [RCON Client /127.0.0.1 #175/INFO]: Thread RCON Client /127.0.0.1 shutting down
[17:08:22] [RCON Listener #1/INFO]: Thread RCON Client /127.0.0.1 started
[17:08:22] [RCON Client /127.0.0.1 #176/INFO]: Thread RCON Client /127.0.0.1 shutting down
[17:08:22] [RCON Listener #1/INFO]: Thread RCON Client /127.0.0.1 started
[17:08:22] [RCON Client /127.0.0.1 #177/INFO]: Thread RCON Client /127.0.0.1 shutting down
[17:08:22] [RCON Listener #1/INFO]: Thread RCON Client /127.0.0.1 started
[17:08:22] [RCON Client /127.0.0.1 #178/INFO]: Thread RCON Client /127.0.0.1 shutting down
[17:08:22] [RCON Listener #1/INFO]: Thread RCON Client /127.0.0.1 started
[17:08:22] [RCON Client /127.0.0.1 #179/INFO]: Thread RCON Client /127.0.0.1 shutting down
[17:08:22] [RCON Listener #1/INFO]: Thread RCON Client /127.0.0.1 started
[17:08:22] [RCON Client /127.0.0.1 #180/INFO]: Thread RCON Client /127.0.0.1 shutting down
[17:08:22] [RCON Listener #1/INFO]: Thread RCON Client /127.0.0.1 started
[17:08:23] [RCON Client /127.0.0.1 #181/INFO]: Thread RCON Client /127.0.0.1 shutting down
[17:08:23] [RCON Listener #1/INFO]: Thread RCON Client /127.0.0.1 started
[17:08:23] [RCON Client /127.0.0.1 #182/INFO]: Thread RCON Client /127.0.0.1 shutting down
[17:08:23] [RCON Listener #1/INFO]: Thread RCON Client /127.0.0.1 started
[17:08:23] [RCON Client /127.0.0.1 #183/INFO]: Thread RCON Client /127.0.0.1 shutting down
[17:08:23] [RCON Listener #1/INFO]: Thread RCON Client /127.0.0.1 started
[17:08:23] [RCON Client /127.0.0.1 #184/INFO]: Thread RCON Client /127.0.0.1 shutting down
[17:08:23] [RCON Listener #1/INFO]: Thread RCON Client /127.0.0.1 started
[17:08:23] [RCON Client /127.0.0.1 #185/INFO]: Thread RCON Client /127.0.0.1 shutting down
[17:08:23] [RCON Listener #1/INFO]: Thread RCON Client /127.0.0.1 started
[17:08:23] [RCON Client /127.0.0.1 #186/INFO]: Thread RCON Client /127.0.0.1 shutting down
[17:08:23] [RCON Listener #1/INFO]: Thread RCON Client /127.0.0.1 started
[17:08:23] [Server thread/WARN]: [AIBot] PERCEPTION event=snapshot_slow bot=Bob {elapsed_ms=16}
[17:08:23] [RCON Client /127.0.0.1 #187/INFO]: Thread RCON Client /127.0.0.1 shutting down
[17:08:23] [RCON Listener #1/INFO]: Thread RCON Client /127.0.0.1 started
[17:08:23] [RCON Client /127.0.0.1 #188/INFO]: Thread RCON Client /127.0.0.1 shutting down
[17:08:23] [RCON Listener #1/INFO]: Thread RCON Client /127.0.0.1 started
[17:08:23] [RCON Client /127.0.0.1 #189/INFO]: Thread RCON Client /127.0.0.1 shutting down
[17:08:23] [RCON Listener #1/INFO]: Thread RCON Client /127.0.0.1 started
[17:08:23] [RCON Client /127.0.0.1 #190/INFO]: Thread RCON Client /127.0.0.1 shutting down
[17:08:23] [RCON Listener #1/INFO]: Thread RCON Client /127.0.0.1 started
[17:08:23] [RCON Client /127.0.0.1 #191/INFO]: Thread RCON Client /127.0.0.1 shutting down
[17:08:23] [RCON Listener #1/INFO]: Thread RCON Client /127.0.0.1 started
[17:08:23] [RCON Client /127.0.0.1 #192/INFO]: Thread RCON Client /127.0.0.1 shutting down
[17:08:23] [RCON Listener #1/INFO]: Thread RCON Client /127.0.0.1 started
[17:08:23] [RCON Client /127.0.0.1 #193/INFO]: Thread RCON Client /127.0.0.1 shutting down
[17:08:23] [RCON Listener #1/INFO]: Thread RCON Client /127.0.0.1 started
[17:08:23] [RCON Client /127.0.0.1 #194/INFO]: Thread RCON Client /127.0.0.1 shutting down
[17:08:23] [RCON Listener #1/INFO]: Thread RCON Client /127.0.0.1 started
[17:08:23] [RCON Client /127.0.0.1 #195/INFO]: Thread RCON Client /127.0.0.1 shutting down
[17:08:23] [RCON Listener #1/INFO]: Thread RCON Client /127.0.0.1 started
[17:08:23] [RCON Client /127.0.0.1 #196/INFO]: Thread RCON Client /127.0.0.1 shutting down
[17:08:23] [RCON Listener #1/INFO]: Thread RCON Client /127.0.0.1 started
[17:08:23] [RCON Client /127.0.0.1 #197/INFO]: Thread RCON Client /127.0.0.1 shutting down
[17:08:23] [RCON Listener #1/INFO]: Thread RCON Client /127.0.0.1 started
[17:08:23] [RCON Client /127.0.0.1 #198/INFO]: Thread RCON Client /127.0.0.1 shutting down
[17:08:23] [RCON Listener #1/INFO]: Thread RCON Client /127.0.0.1 started
[17:08:23] [RCON Client /127.0.0.1 #199/INFO]: Thread RCON Client /127.0.0.1 shutting down
[17:08:23] [RCON Listener #1/INFO]: Thread RCON Client /127.0.0.1 started
[17:08:23] [RCON Client /127.0.0.1 #200/INFO]: Thread RCON Client /127.0.0.1 shutting down
[17:08:23] [RCON Listener #1/INFO]: Thread RCON Client /127.0.0.1 started
[17:08:23] [RCON Client /127.0.0.1 #201/INFO]: Thread RCON Client /127.0.0.1 shutting down
[17:08:23] [RCON Listener #1/INFO]: Thread RCON Client /127.0.0.1 started
[17:08:23] [RCON Client /127.0.0.1 #202/INFO]: Thread RCON Client /127.0.0.1 shutting down
[17:08:23] [RCON Listener #1/INFO]: Thread RCON Client /127.0.0.1 started
[17:08:23] [RCON Client /127.0.0.1 #203/INFO]: Thread RCON Client /127.0.0.1 shutting down
[17:08:23] [RCON Listener #1/INFO]: Thread RCON Client /127.0.0.1 started
[17:08:23] [RCON Client /127.0.0.1 #204/INFO]: Thread RCON Client /127.0.0.1 shutting down
[17:08:23] [RCON Listener #1/INFO]: Thread RCON Client /127.0.0.1 started
[17:08:23] [RCON Client /127.0.0.1 #205/INFO]: Thread RCON Client /127.0.0.1 shutting down
[17:08:23] [RCON Listener #1/INFO]: Thread RCON Client /127.0.0.1 started
[17:08:23] [RCON Client /127.0.0.1 #206/INFO]: Thread RCON Client /127.0.0.1 shutting down
[17:08:23] [RCON Listener #1/INFO]: Thread RCON Client /127.0.0.1 started
[17:08:23] [RCON Client /127.0.0.1 #207/INFO]: Thread RCON Client /127.0.0.1 shutting down
[17:08:23] [RCON Listener #1/INFO]: Thread RCON Client /127.0.0.1 started
[17:08:23] [RCON Client /127.0.0.1 #208/INFO]: Thread RCON Client /127.0.0.1 shutting down
[17:08:23] [RCON Listener #1/INFO]: Thread RCON Client /127.0.0.1 started
[17:08:23] [RCON Client /127.0.0.1 #209/INFO]: Thread RCON Client /127.0.0.1 shutting down
[17:08:23] [RCON Listener #1/INFO]: Thread RCON Client /127.0.0.1 started
[17:08:23] [RCON Client /127.0.0.1 #210/INFO]: Thread RCON Client /127.0.0.1 shutting down
[17:08:23] [RCON Listener #1/INFO]: Thread RCON Client /127.0.0.1 started
[17:08:23] [RCON Client /127.0.0.1 #211/INFO]: Thread RCON Client /127.0.0.1 shutting down
[17:08:23] [RCON Listener #1/INFO]: Thread RCON Client /127.0.0.1 started
[17:08:23] [RCON Client /127.0.0.1 #212/INFO]: Thread RCON Client /127.0.0.1 shutting down
[17:08:23] [RCON Listener #1/INFO]: Thread RCON Client /127.0.0.1 started
[17:08:23] [RCON Client /127.0.0.1 #213/INFO]: Thread RCON Client /127.0.0.1 shutting down
[17:08:23] [RCON Listener #1/INFO]: Thread RCON Client /127.0.0.1 started
[17:08:23] [RCON Client /127.0.0.1 #214/INFO]: Thread RCON Client /127.0.0.1 shutting down
[17:08:23] [RCON Listener #1/INFO]: Thread RCON Client /127.0.0.1 started
[17:08:23] [Server thread/WARN]: [AIBot] PERCEPTION event=snapshot_slow bot=Bob {elapsed_ms=18}
[17:08:23] [Server thread/INFO]: [AIBot] ACTION event=diag_snapshot bot=Bob {in_lava=false, step=, light=13, submerged=false, task_state=FAILED, held=minecraft:oak_planksx63, fall=0.0, pos=26,113,25, on_ground=true, hp=20.0/20.0, mining_idle=true, nearby=animals=0 hostiles=0, inv=minecraft:iron_pickaxex1 minecraft:iron_hoex1 minecraft:wheat_seedsx16 minecraft:oak_planksx63 minecraft:dirtx64, path_idle=true, food=20, air=300, mode=survival, task=build, task_progress=0.4, goal=none, task_phase=BUILD}
[17:08:23] [RCON Client /127.0.0.1 #215/INFO]: Thread RCON Client /127.0.0.1 shutting down
[17:08:23] [RCON Listener #1/INFO]: Thread RCON Client /127.0.0.1 started
[17:08:23] [RCON Client /127.0.0.1 #216/INFO]: Thread RCON Client /127.0.0.1 shutting down
[17:08:23] [RCON Listener #1/INFO]: Thread RCON Client /127.0.0.1 started
[17:08:23] [RCON Client /127.0.0.1 #217/INFO]: Thread RCON Client /127.0.0.1 shutting down
[17:08:23] [RCON Listener #1/INFO]: Thread RCON Client /127.0.0.1 started
[17:08:23] [RCON Client /127.0.0.1 #218/INFO]: Thread RCON Client /127.0.0.1 shutting down
[17:08:23] [RCON Listener #1/INFO]: Thread RCON Client /127.0.0.1 started
[17:08:23] [RCON Client /127.0.0.1 #219/INFO]: Thread RCON Client /127.0.0.1 shutting down
[17:08:23] [RCON Listener #1/INFO]: Thread RCON Client /127.0.0.1 started
[17:08:23] [RCON Client /127.0.0.1 #220/INFO]: Thread RCON Client /127.0.0.1 shutting down
[17:08:23] [RCON Listener #1/INFO]: Thread RCON Client /127.0.0.1 started
[17:08:23] [RCON Client /127.0.0.1 #221/INFO]: Thread RCON Client /127.0.0.1 shutting down
[17:08:23] [RCON Listener #1/INFO]: Thread RCON Client /127.0.0.1 started
[17:08:23] [RCON Client /127.0.0.1 #222/INFO]: Thread RCON Client /127.0.0.1 shutting down
[17:08:23] [RCON Listener #1/INFO]: Thread RCON Client /127.0.0.1 started
[17:08:23] [RCON Client /127.0.0.1 #223/INFO]: Thread RCON Client /127.0.0.1 shutting down
[17:08:23] [RCON Listener #1/INFO]: Thread RCON Client /127.0.0.1 started
[17:08:23] [RCON Client /127.0.0.1 #224/INFO]: Thread RCON Client /127.0.0.1 shutting down
[17:08:23] [RCON Listener #1/INFO]: Thread RCON Client /127.0.0.1 started
[17:08:23] [RCON Client /127.0.0.1 #225/INFO]: Thread RCON Client /127.0.0.1 shutting down
[17:08:23] [RCON Listener #1/INFO]: Thread RCON Client /127.0.0.1 started
[17:08:23] [RCON Client /127.0.0.1 #226/INFO]: Thread RCON Client /127.0.0.1 shutting down
[17:08:23] [RCON Listener #1/INFO]: Thread RCON Client /127.0.0.1 started
[17:08:23] [RCON Client /127.0.0.1 #227/INFO]: Thread RCON Client /127.0.0.1 shutting down
[17:08:23] [RCON Listener #1/INFO]: Thread RCON Client /127.0.0.1 started
[17:08:23] [RCON Client /127.0.0.1 #228/INFO]: Thread RCON Client /127.0.0.1 shutting down
[17:08:23] [RCON Listener #1/INFO]: Thread RCON Client /127.0.0.1 started
[17:08:23] [Server thread/INFO]: [AIBot] ACTION event=capability_decision bot=Bob {allowed=false, reason=DENIED_STRICT_SURVIVAL, context=danger_dark_trap_surface, capability=EMERGENCY_TELEPORT, profile=strict_survival}
[17:08:23] [RCON Client /127.0.0.1 #229/INFO]: Thread RCON Client /127.0.0.1 shutting down
[17:08:23] [RCON Listener #1/INFO]: Thread RCON Client /127.0.0.1 started
[17:08:23] [RCON Client /127.0.0.1 #230/INFO]: Thread RCON Client /127.0.0.1 shutting down
[17:08:23] [RCON Listener #1/INFO]: Thread RCON Client /127.0.0.1 started
[17:08:23] [RCON Client /127.0.0.1 #231/INFO]: Thread RCON Client /127.0.0.1 shutting down
[17:08:23] [RCON Listener #1/INFO]: Thread RCON Client /127.0.0.1 started
[17:08:23] [RCON Client /127.0.0.1 #232/INFO]: Thread RCON Client /127.0.0.1 shutting down
[17:08:23] [RCON Listener #1/INFO]: Thread RCON Client /127.0.0.1 started
[17:08:23] [RCON Client /127.0.0.1 #233/INFO]: Thread RCON Client /127.0.0.1 shutting down
[17:08:23] [RCON Listener #1/INFO]: Thread RCON Client /127.0.0.1 started
[17:08:23] [RCON Client /127.0.0.1 #234/INFO]: Thread RCON Client /127.0.0.1 shutting down
[17:08:23] [RCON Listener #1/INFO]: Thread RCON Client /127.0.0.1 started
[17:08:23] [RCON Client /127.0.0.1 #235/INFO]: Thread RCON Client /127.0.0.1 shutting down
[17:08:23] [RCON Listener #1/INFO]: Thread RCON Client /127.0.0.1 started
[17:08:23] [RCON Client /127.0.0.1 #236/INFO]: Thread RCON Client /127.0.0.1 shutting down
[17:08:23] [RCON Listener #1/INFO]: Thread RCON Client /127.0.0.1 started
[17:08:23] [RCON Client /127.0.0.1 #237/INFO]: Thread RCON Client /127.0.0.1 shutting down
[17:08:23] [RCON Listener #1/INFO]: Thread RCON Client /127.0.0.1 started
[17:08:23] [RCON Client /127.0.0.1 #238/INFO]: Thread RCON Client /127.0.0.1 shutting down
[17:08:23] [RCON Listener #1/INFO]: Thread RCON Client /127.0.0.1 started
[17:08:23] [RCON Client /127.0.0.1 #239/INFO]: Thread RCON Client /127.0.0.1 shutting down
[17:08:23] [RCON Listener #1/INFO]: Thread RCON Client /127.0.0.1 started
[17:08:23] [RCON Client /127.0.0.1 #240/INFO]: Thread RCON Client /127.0.0.1 shutting down
[17:08:23] [RCON Listener #1/INFO]: Thread RCON Client /127.0.0.1 started
[17:08:23] [RCON Client /127.0.0.1 #241/INFO]: Thread RCON Client /127.0.0.1 shutting down
[17:08:23] [RCON Listener #1/INFO]: Thread RCON Client /127.0.0.1 started
[17:08:24] [RCON Client /127.0.0.1 #242/INFO]: Thread RCON Client /127.0.0.1 shutting down
[17:08:24] [RCON Listener #1/INFO]: Thread RCON Client /127.0.0.1 started
[17:08:24] [RCON Client /127.0.0.1 #243/INFO]: Thread RCON Client /127.0.0.1 shutting down
[17:08:24] [RCON Listener #1/INFO]: Thread RCON Client /127.0.0.1 started
[17:08:24] [RCON Client /127.0.0.1 #244/INFO]: Thread RCON Client /127.0.0.1 shutting down
[17:08:24] [RCON Listener #1/INFO]: Thread RCON Client /127.0.0.1 started
[17:08:24] [RCON Client /127.0.0.1 #245/INFO]: Thread RCON Client /127.0.0.1 shutting down
[17:08:24] [RCON Listener #1/INFO]: Thread RCON Client /127.0.0.1 started
[17:08:24] [Server thread/WARN]: [AIBot] PERCEPTION event=snapshot_slow bot=Bob {elapsed_ms=16}
[17:08:24] [RCON Client /127.0.0.1 #246/INFO]: Thread RCON Client /127.0.0.1 shutting down
[17:08:24] [RCON Listener #1/INFO]: Thread RCON Client /127.0.0.1 started
[17:08:24] [RCON Client /127.0.0.1 #247/INFO]: Thread RCON Client /127.0.0.1 shutting down
[17:08:24] [RCON Listener #1/INFO]: Thread RCON Client /127.0.0.1 started
[17:08:24] [RCON Client /127.0.0.1 #248/INFO]: Thread RCON Client /127.0.0.1 shutting down
[17:08:24] [RCON Listener #1/INFO]: Thread RCON Client /127.0.0.1 started
[17:08:24] [RCON Client /127.0.0.1 #249/INFO]: Thread RCON Client /127.0.0.1 shutting down
[17:08:24] [RCON Listener #1/INFO]: Thread RCON Client /127.0.0.1 started
[17:08:24] [RCON Client /127.0.0.1 #250/INFO]: Thread RCON Client /127.0.0.1 shutting down
[17:08:24] [RCON Listener #1/INFO]: Thread RCON Client /127.0.0.1 started
[17:08:24] [RCON Client /127.0.0.1 #251/INFO]: Thread RCON Client /127.0.0.1 shutting down
[17:08:24] [RCON Listener #1/INFO]: Thread RCON Client /127.0.0.1 started
[17:08:24] [RCON Client /127.0.0.1 #252/INFO]: Thread RCON Client /127.0.0.1 shutting down
[17:08:24] [RCON Listener #1/INFO]: Thread RCON Client /127.0.0.1 started
[17:08:24] [RCON Client /127.0.0.1 #253/INFO]: Thread RCON Client /127.0.0.1 shutting down
[17:08:24] [RCON Listener #1/INFO]: Thread RCON Client /127.0.0.1 started
[17:08:24] [RCON Client /127.0.0.1 #254/INFO]: Thread RCON Client /127.0.0.1 shutting down
[17:08:24] [RCON Listener #1/INFO]: Thread RCON Client /127.0.0.1 started
[17:08:24] [RCON Client /127.0.0.1 #255/INFO]: Thread RCON Client /127.0.0.1 shutting down
[17:08:24] [RCON Listener #1/INFO]: Thread RCON Client /127.0.0.1 started
[17:08:24] [RCON Client /127.0.0.1 #256/INFO]: Thread RCON Client /127.0.0.1 shutting down
[17:08:24] [RCON Listener #1/INFO]: Thread RCON Client /127.0.0.1 started
[17:08:24] [RCON Client /127.0.0.1 #257/INFO]: Thread RCON Client /127.0.0.1 shutting down
[17:08:24] [RCON Listener #1/INFO]: Thread RCON Client /127.0.0.1 started
[17:08:24] [RCON Client /127.0.0.1 #258/INFO]: Thread RCON Client /127.0.0.1 shutting down
[17:08:24] [RCON Listener #1/INFO]: Thread RCON Client /127.0.0.1 started
[17:08:24] [RCON Client /127.0.0.1 #259/INFO]: Thread RCON Client /127.0.0.1 shutting down
[17:08:24] [RCON Listener #1/INFO]: Thread RCON Client /127.0.0.1 started
[17:08:24] [RCON Client /127.0.0.1 #260/INFO]: Thread RCON Client /127.0.0.1 shutting down
[17:08:24] [RCON Listener #1/INFO]: Thread RCON Client /127.0.0.1 started
[17:08:24] [RCON Client /127.0.0.1 #261/INFO]: Thread RCON Client /127.0.0.1 shutting down
[17:08:24] [RCON Listener #1/INFO]: Thread RCON Client /127.0.0.1 started
[17:08:24] [RCON Client /127.0.0.1 #262/INFO]: Thread RCON Client /127.0.0.1 shutting down
[17:08:24] [RCON Listener #1/INFO]: Thread RCON Client /127.0.0.1 started
[17:08:24] [RCON Client /127.0.0.1 #263/INFO]: Thread RCON Client /127.0.0.1 shutting down
[17:08:24] [RCON Listener #1/INFO]: Thread RCON Client /127.0.0.1 started
[17:08:24] [RCON Client /127.0.0.1 #264/INFO]: Thread RCON Client /127.0.0.1 shutting down
[17:08:24] [RCON Listener #1/INFO]: Thread RCON Client /127.0.0.1 started
[17:08:24] [RCON Client /127.0.0.1 #265/INFO]: Thread RCON Client /127.0.0.1 shutting down
[17:08:24] [RCON Listener #1/INFO]: Thread RCON Client /127.0.0.1 started
[17:08:24] [RCON Client /127.0.0.1 #266/INFO]: Thread RCON Client /127.0.0.1 shutting down
[17:08:24] [RCON Listener #1/INFO]: Thread RCON Client /127.0.0.1 started
[17:08:24] [RCON Client /127.0.0.1 #267/INFO]: Thread RCON Client /127.0.0.1 shutting down
[17:08:24] [RCON Listener #1/INFO]: Thread RCON Client /127.0.0.1 started
[17:08:24] [RCON Client /127.0.0.1 #268/INFO]: Thread RCON Client /127.0.0.1 shutting down
[17:08:24] [RCON Listener #1/INFO]: Thread RCON Client /127.0.0.1 started
[17:08:24] [RCON Client /127.0.0.1 #269/INFO]: Thread RCON Client /127.0.0.1 shutting down
[17:08:24] [RCON Listener #1/INFO]: Thread RCON Client /127.0.0.1 started
[17:08:24] [RCON Client /127.0.0.1 #270/INFO]: Thread RCON Client /127.0.0.1 shutting down
[17:08:24] [RCON Listener #1/INFO]: Thread RCON Client /127.0.0.1 started
[17:08:24] [RCON Client /127.0.0.1 #271/INFO]: Thread RCON Client /127.0.0.1 shutting down
[17:08:24] [RCON Listener #1/INFO]: Thread RCON Client /127.0.0.1 started
[17:08:24] [RCON Client /127.0.0.1 #272/INFO]: Thread RCON Client /127.0.0.1 shutting down
[17:08:24] [RCON Listener #1/INFO]: Thread RCON Client /127.0.0.1 started
[17:08:24] [RCON Client /127.0.0.1 #273/INFO]: Thread RCON Client /127.0.0.1 shutting down
[17:08:24] [RCON Listener #1/INFO]: Thread RCON Client /127.0.0.1 started
[17:08:24] [RCON Client /127.0.0.1 #274/INFO]: Thread RCON Client /127.0.0.1 shutting down
[17:08:24] [RCON Listener #1/INFO]: Thread RCON Client /127.0.0.1 started
[17:08:24] [RCON Client /127.0.0.1 #275/INFO]: Thread RCON Client /127.0.0.1 shutting down
[17:08:24] [RCON Listener #1/INFO]: Thread RCON Client /127.0.0.1 started
[17:08:24] [RCON Client /127.0.0.1 #276/INFO]: Thread RCON Client /127.0.0.1 shutting down
[17:08:24] [RCON Listener #1/INFO]: Thread RCON Client /127.0.0.1 started
[17:08:24] [RCON Client /127.0.0.1 #277/INFO]: Thread RCON Client /127.0.0.1 shutting down
[17:08:24] [RCON Listener #1/INFO]: Thread RCON Client /127.0.0.1 started
[17:08:24] [RCON Client /127.0.0.1 #278/INFO]: Thread RCON Client /127.0.0.1 shutting down
[17:08:24] [RCON Listener #1/INFO]: Thread RCON Client /127.0.0.1 started
[17:08:24] [Server thread/WARN]: [AIBot] PERCEPTION event=snapshot_slow bot=Bob {elapsed_ms=16}
[17:08:24] [RCON Client /127.0.0.1 #279/INFO]: Thread RCON Client /127.0.0.1 shutting down
[17:08:24] [RCON Listener #1/INFO]: Thread RCON Client /127.0.0.1 started
[17:08:24] [RCON Client /127.0.0.1 #280/INFO]: Thread RCON Client /127.0.0.1 shutting down
[17:08:24] [RCON Listener #1/INFO]: Thread RCON Client /127.0.0.1 started
[17:08:24] [RCON Client /127.0.0.1 #281/INFO]: Thread RCON Client /127.0.0.1 shutting down
[17:08:24] [RCON Listener #1/INFO]: Thread RCON Client /127.0.0.1 started
[17:08:24] [RCON Client /127.0.0.1 #282/INFO]: Thread RCON Client /127.0.0.1 shutting down
[17:08:24] [RCON Listener #1/INFO]: Thread RCON Client /127.0.0.1 started
[17:08:24] [RCON Client /127.0.0.1 #283/INFO]: Thread RCON Client /127.0.0.1 shutting down
[17:08:24] [RCON Listener #1/INFO]: Thread RCON Client /127.0.0.1 started
[17:08:24] [RCON Client /127.0.0.1 #284/INFO]: Thread RCON Client /127.0.0.1 shutting down
[17:08:24] [RCON Listener #1/INFO]: Thread RCON Client /127.0.0.1 started
[17:08:24] [RCON Client /127.0.0.1 #285/INFO]: Thread RCON Client /127.0.0.1 shutting down
[17:08:24] [RCON Listener #1/INFO]: Thread RCON Client /127.0.0.1 started
[17:08:24] [RCON Client /127.0.0.1 #286/INFO]: Thread RCON Client /127.0.0.1 shutting down
[17:08:24] [RCON Listener #1/INFO]: Thread RCON Client /127.0.0.1 started
[17:08:24] [RCON Client /127.0.0.1 #287/INFO]: Thread RCON Client /127.0.0.1 shutting down
[17:08:24] [RCON Listener #1/INFO]: Thread RCON Client /127.0.0.1 started
[17:08:24] [RCON Client /127.0.0.1 #288/INFO]: Thread RCON Client /127.0.0.1 shutting down
[17:08:24] [RCON Listener #1/INFO]: Thread RCON Client /127.0.0.1 started
[17:08:24] [RCON Client /127.0.0.1 #289/INFO]: Thread RCON Client /127.0.0.1 shutting down
[17:08:24] [RCON Listener #1/INFO]: Thread RCON Client /127.0.0.1 started
[17:08:24] [RCON Client /127.0.0.1 #290/INFO]: Thread RCON Client /127.0.0.1 shutting down
[17:08:24] [RCON Listener #1/INFO]: Thread RCON Client /127.0.0.1 started
[17:08:24] [RCON Client /127.0.0.1 #291/INFO]: Thread RCON Client /127.0.0.1 shutting down
[17:08:24] [RCON Listener #1/INFO]: Thread RCON Client /127.0.0.1 started
[17:08:24] [RCON Client /127.0.0.1 #292/INFO]: Thread RCON Client /127.0.0.1 shutting down
[17:08:24] [RCON Listener #1/INFO]: Thread RCON Client /127.0.0.1 started
[17:08:24] [RCON Client /127.0.0.1 #293/INFO]: Thread RCON Client /127.0.0.1 shutting down
[17:08:24] [RCON Listener #1/INFO]: Thread RCON Client /127.0.0.1 started
[17:08:24] [RCON Client /127.0.0.1 #294/INFO]: Thread RCON Client /127.0.0.1 shutting down
[17:08:24] [RCON Listener #1/INFO]: Thread RCON Client /127.0.0.1 started
[17:08:24] [RCON Client /127.0.0.1 #295/INFO]: Thread RCON Client /127.0.0.1 shutting down
[17:08:24] [RCON Listener #1/INFO]: Thread RCON Client /127.0.0.1 started
[17:08:24] [RCON Client /127.0.0.1 #296/INFO]: Thread RCON Client /127.0.0.1 shutting down
[17:08:24] [RCON Listener #1/INFO]: Thread RCON Client /127.0.0.1 started
[17:08:24] [RCON Client /127.0.0.1 #297/INFO]: Thread RCON Client /127.0.0.1 shutting down
[17:08:24] [RCON Listener #1/INFO]: Thread RCON Client /127.0.0.1 started
[17:08:24] [RCON Client /127.0.0.1 #298/INFO]: Thread RCON Client /127.0.0.1 shutting down
[17:08:24] [RCON Listener #1/INFO]: Thread RCON Client /127.0.0.1 started
[17:08:24] [RCON Client /127.0.0.1 #299/INFO]: Thread RCON Client /127.0.0.1 shutting down
[17:08:24] [RCON Listener #1/INFO]: Thread RCON Client /127.0.0.1 started
[17:08:24] [RCON Client /127.0.0.1 #300/INFO]: Thread RCON Client /127.0.0.1 shutting down
[17:08:24] [RCON Listener #1/INFO]: Thread RCON Client /127.0.0.1 started
[17:08:24] [RCON Client /127.0.0.1 #301/INFO]: Thread RCON Client /127.0.0.1 shutting down
[17:08:24] [RCON Listener #1/INFO]: Thread RCON Client /127.0.0.1 started
[17:08:24] [RCON Client /127.0.0.1 #302/INFO]: Thread RCON Client /127.0.0.1 shutting down
[17:08:24] [RCON Listener #1/INFO]: Thread RCON Client /127.0.0.1 started
[17:08:24] [RCON Client /127.0.0.1 #303/INFO]: Thread RCON Client /127.0.0.1 shutting down
[17:08:24] [RCON Listener #1/INFO]: Thread RCON Client /127.0.0.1 started
[17:08:24] [RCON Client /127.0.0.1 #304/INFO]: Thread RCON Client /127.0.0.1 shutting down
[17:08:24] [RCON Listener #1/INFO]: Thread RCON Client /127.0.0.1 started
[17:08:24] [RCON Client /127.0.0.1 #305/INFO]: Thread RCON Client /127.0.0.1 shutting down
[17:08:24] [RCON Listener #1/INFO]: Thread RCON Client /127.0.0.1 started
[17:08:24] [RCON Client /127.0.0.1 #306/INFO]: Thread RCON Client /127.0.0.1 shutting down
[17:08:24] [RCON Listener #1/INFO]: Thread RCON Client /127.0.0.1 started
[17:08:24] [RCON Client /127.0.0.1 #307/INFO]: Thread RCON Client /127.0.0.1 shutting down
[17:08:24] [RCON Listener #1/INFO]: Thread RCON Client /127.0.0.1 started
[17:08:24] [RCON Client /127.0.0.1 #308/INFO]: Thread RCON Client /127.0.0.1 shutting down
[17:08:24] [RCON Listener #1/INFO]: Thread RCON Client /127.0.0.1 started
[17:08:24] [RCON Client /127.0.0.1 #309/INFO]: Thread RCON Client /127.0.0.1 shutting down
[17:08:24] [RCON Listener #1/INFO]: Thread RCON Client /127.0.0.1 started
[17:08:24] [RCON Client /127.0.0.1 #310/INFO]: Thread RCON Client /127.0.0.1 shutting down
[17:08:24] [RCON Listener #1/INFO]: Thread RCON Client /127.0.0.1 started
[17:08:25] [RCON Client /127.0.0.1 #311/INFO]: Thread RCON Client /127.0.0.1 shutting down
[17:08:25] [RCON Listener #1/INFO]: Thread RCON Client /127.0.0.1 started
[17:08:25] [RCON Client /127.0.0.1 #312/INFO]: Thread RCON Client /127.0.0.1 shutting down
[17:08:25] [RCON Listener #1/INFO]: Thread RCON Client /127.0.0.1 started
[17:08:25] [RCON Client /127.0.0.1 #313/INFO]: Thread RCON Client /127.0.0.1 shutting down
[17:08:25] [RCON Listener #1/INFO]: Thread RCON Client /127.0.0.1 started
[17:08:25] [RCON Client /127.0.0.1 #314/INFO]: Thread RCON Client /127.0.0.1 shutting down
[17:08:25] [RCON Listener #1/INFO]: Thread RCON Client /127.0.0.1 started
[17:08:25] [Server thread/WARN]: [AIBot] PERCEPTION event=snapshot_slow bot=Bob {elapsed_ms=18}
[17:08:25] [RCON Client /127.0.0.1 #315/INFO]: Thread RCON Client /127.0.0.1 shutting down
[17:08:25] [RCON Listener #1/INFO]: Thread RCON Client /127.0.0.1 started
[17:08:25] [RCON Client /127.0.0.1 #316/INFO]: Thread RCON Client /127.0.0.1 shutting down
[17:08:25] [RCON Listener #1/INFO]: Thread RCON Client /127.0.0.1 started
[17:08:25] [RCON Client /127.0.0.1 #317/INFO]: Thread RCON Client /127.0.0.1 shutting down
[17:08:25] [RCON Listener #1/INFO]: Thread RCON Client /127.0.0.1 started
[17:08:25] [RCON Client /127.0.0.1 #318/INFO]: Thread RCON Client /127.0.0.1 shutting down
[17:08:25] [RCON Listener #1/INFO]: Thread RCON Client /127.0.0.1 started
[17:08:25] [RCON Client /127.0.0.1 #319/INFO]: Thread RCON Client /127.0.0.1 shutting down
[17:08:25] [RCON Listener #1/INFO]: Thread RCON Client /127.0.0.1 started
[17:08:25] [RCON Client /127.0.0.1 #320/INFO]: Thread RCON Client /127.0.0.1 shutting down
[17:08:25] [RCON Listener #1/INFO]: Thread RCON Client /127.0.0.1 started
[17:08:25] [RCON Client /127.0.0.1 #321/INFO]: Thread RCON Client /127.0.0.1 shutting down
[17:08:25] [RCON Listener #1/INFO]: Thread RCON Client /127.0.0.1 started
[17:08:25] [RCON Client /127.0.0.1 #322/INFO]: Thread RCON Client /127.0.0.1 shutting down
[17:08:25] [RCON Listener #1/INFO]: Thread RCON Client /127.0.0.1 started
[17:08:25] [RCON Client /127.0.0.1 #323/INFO]: Thread RCON Client /127.0.0.1 shutting down
[17:08:25] [RCON Listener #1/INFO]: Thread RCON Client /127.0.0.1 started
[17:08:25] [RCON Client /127.0.0.1 #324/INFO]: Thread RCON Client /127.0.0.1 shutting down
[17:08:25] [RCON Listener #1/INFO]: Thread RCON Client /127.0.0.1 started
[17:08:25] [RCON Client /127.0.0.1 #325/INFO]: Thread RCON Client /127.0.0.1 shutting down
[17:08:25] [RCON Listener #1/INFO]: Thread RCON Client /127.0.0.1 started
[17:08:25] [RCON Client /127.0.0.1 #326/INFO]: Thread RCON Client /127.0.0.1 shutting down
[17:08:25] [RCON Listener #1/INFO]: Thread RCON Client /127.0.0.1 started
[17:08:25] [RCON Client /127.0.0.1 #327/INFO]: Thread RCON Client /127.0.0.1 shutting down
[17:08:25] [RCON Listener #1/INFO]: Thread RCON Client /127.0.0.1 started
[17:08:25] [RCON Client /127.0.0.1 #328/INFO]: Thread RCON Client /127.0.0.1 shutting down
[17:08:25] [RCON Listener #1/INFO]: Thread RCON Client /127.0.0.1 started
[17:08:25] [RCON Client /127.0.0.1 #329/INFO]: Thread RCON Client /127.0.0.1 shutting down
[17:08:25] [RCON Listener #1/INFO]: Thread RCON Client /127.0.0.1 started
[17:08:25] [RCON Client /127.0.0.1 #330/INFO]: Thread RCON Client /127.0.0.1 shutting down
[17:08:25] [RCON Listener #1/INFO]: Thread RCON Client /127.0.0.1 started
[17:08:25] [RCON Client /127.0.0.1 #331/INFO]: Thread RCON Client /127.0.0.1 shutting down
[17:08:25] [RCON Listener #1/INFO]: Thread RCON Client /127.0.0.1 started
[17:08:25] [RCON Client /127.0.0.1 #332/INFO]: Thread RCON Client /127.0.0.1 shutting down
[17:08:25] [RCON Listener #1/INFO]: Thread RCON Client /127.0.0.1 started
[17:08:25] [RCON Client /127.0.0.1 #333/INFO]: Thread RCON Client /127.0.0.1 shutting down
[17:08:25] [RCON Listener #1/INFO]: Thread RCON Client /127.0.0.1 started
[17:08:25] [RCON Client /127.0.0.1 #334/INFO]: Thread RCON Client /127.0.0.1 shutting down
[17:08:25] [RCON Listener #1/INFO]: Thread RCON Client /127.0.0.1 started
[17:08:25] [RCON Client /127.0.0.1 #335/INFO]: Thread RCON Client /127.0.0.1 shutting down
[17:08:25] [RCON Listener #1/INFO]: Thread RCON Client /127.0.0.1 started
[17:08:25] [RCON Client /127.0.0.1 #336/INFO]: Thread RCON Client /127.0.0.1 shutting down
[17:08:25] [RCON Listener #1/INFO]: Thread RCON Client /127.0.0.1 started
[17:08:25] [RCON Client /127.0.0.1 #337/INFO]: Thread RCON Client /127.0.0.1 shutting down
[17:08:25] [RCON Listener #1/INFO]: Thread RCON Client /127.0.0.1 started
[17:08:25] [RCON Client /127.0.0.1 #338/INFO]: Thread RCON Client /127.0.0.1 shutting down
[17:08:25] [RCON Listener #1/INFO]: Thread RCON Client /127.0.0.1 started
[17:08:25] [RCON Client /127.0.0.1 #339/INFO]: Thread RCON Client /127.0.0.1 shutting down
[17:08:25] [RCON Listener #1/INFO]: Thread RCON Client /127.0.0.1 started
[17:08:25] [RCON Client /127.0.0.1 #340/INFO]: Thread RCON Client /127.0.0.1 shutting down
[17:08:25] [RCON Listener #1/INFO]: Thread RCON Client /127.0.0.1 started
[17:08:25] [RCON Client /127.0.0.1 #341/INFO]: Thread RCON Client /127.0.0.1 shutting down
[17:08:25] [RCON Listener #1/INFO]: Thread RCON Client /127.0.0.1 started
[17:08:25] [RCON Client /127.0.0.1 #342/INFO]: Thread RCON Client /127.0.0.1 shutting down
[17:08:25] [RCON Listener #1/INFO]: Thread RCON Client /127.0.0.1 started
[17:08:25] [RCON Client /127.0.0.1 #343/INFO]: Thread RCON Client /127.0.0.1 shutting down
[17:08:25] [RCON Listener #1/INFO]: Thread RCON Client /127.0.0.1 started
[17:08:25] [RCON Client /127.0.0.1 #344/INFO]: Thread RCON Client /127.0.0.1 shutting down
[17:08:25] [RCON Listener #1/INFO]: Thread RCON Client /127.0.0.1 started
[17:08:25] [RCON Client /127.0.0.1 #345/INFO]: Thread RCON Client /127.0.0.1 shutting down
[17:08:25] [RCON Listener #1/INFO]: Thread RCON Client /127.0.0.1 started
[17:08:25] [RCON Client /127.0.0.1 #346/INFO]: Thread RCON Client /127.0.0.1 shutting down
[17:08:25] [RCON Listener #1/INFO]: Thread RCON Client /127.0.0.1 started
[17:08:25] [RCON Client /127.0.0.1 #347/INFO]: Thread RCON Client /127.0.0.1 shutting down
[17:08:25] [RCON Listener #1/INFO]: Thread RCON Client /127.0.0.1 started
[17:08:25] [RCON Client /127.0.0.1 #348/INFO]: Thread RCON Client /127.0.0.1 shutting down
[17:08:25] [RCON Listener #1/INFO]: Thread RCON Client /127.0.0.1 started
[17:08:25] [RCON Client /127.0.0.1 #349/INFO]: Thread RCON Client /127.0.0.1 shutting down
[17:08:25] [RCON Listener #1/INFO]: Thread RCON Client /127.0.0.1 started
[17:08:25] [RCON Client /127.0.0.1 #350/INFO]: Thread RCON Client /127.0.0.1 shutting down
[17:08:25] [RCON Listener #1/INFO]: Thread RCON Client /127.0.0.1 started
[17:08:25] [RCON Client /127.0.0.1 #351/INFO]: Thread RCON Client /127.0.0.1 shutting down
[17:08:25] [RCON Listener #1/INFO]: Thread RCON Client /127.0.0.1 started
[17:08:25] [RCON Client /127.0.0.1 #352/INFO]: Thread RCON Client /127.0.0.1 shutting down
[17:08:25] [RCON Listener #1/INFO]: Thread RCON Client /127.0.0.1 started
[17:08:25] [RCON Client /127.0.0.1 #353/INFO]: Thread RCON Client /127.0.0.1 shutting down
[17:08:25] [RCON Listener #1/INFO]: Thread RCON Client /127.0.0.1 started
[17:08:25] [RCON Client /127.0.0.1 #354/INFO]: Thread RCON Client /127.0.0.1 shutting down
[17:08:25] [RCON Listener #1/INFO]: Thread RCON Client /127.0.0.1 started
[17:08:25] [RCON Client /127.0.0.1 #355/INFO]: Thread RCON Client /127.0.0.1 shutting down
[17:08:25] [RCON Listener #1/INFO]: Thread RCON Client /127.0.0.1 started
[17:08:25] [RCON Client /127.0.0.1 #356/INFO]: Thread RCON Client /127.0.0.1 shutting down
[17:08:25] [RCON Listener #1/INFO]: Thread RCON Client /127.0.0.1 started
[17:08:25] [RCON Client /127.0.0.1 #357/INFO]: Thread RCON Client /127.0.0.1 shutting down
[17:08:25] [RCON Listener #1/INFO]: Thread RCON Client /127.0.0.1 started
[17:08:25] [RCON Client /127.0.0.1 #358/INFO]: Thread RCON Client /127.0.0.1 shutting down
[17:08:25] [RCON Listener #1/INFO]: Thread RCON Client /127.0.0.1 started
[17:08:25] [RCON Client /127.0.0.1 #359/INFO]: Thread RCON Client /127.0.0.1 shutting down
[17:08:25] [RCON Listener #1/INFO]: Thread RCON Client /127.0.0.1 started
[17:08:25] [Server thread/INFO]: [AIBot] ACTION event=capability_decision bot=Bob {allowed=false, reason=DENIED_STRICT_SURVIVAL, context=observable_block_query, capability=HIDDEN_BLOCK_SCAN, profile=strict_survival}
[17:08:25] [Server thread/INFO]: [AIBot] ACTION event=capability_decision bot=Bob {allowed=false, reason=DENIED_STRICT_SURVIVAL, context=perception_snapshot, capability=HIDDEN_BLOCK_SCAN, profile=strict_survival}
[17:08:25] [Server thread/WARN]: [AIBot] PERCEPTION event=snapshot_slow bot=Bob {elapsed_ms=12}
[17:08:25] [Server thread/INFO]: [AIBot] ACTION event=capability_decision bot=Bob {allowed=false, reason=DENIED_STRICT_SURVIVAL, context=diagnostic_nearby, capability=HIDDEN_BLOCK_SCAN, profile=strict_survival}
[17:08:25] [Server thread/INFO]: [AIBot] ACTION event=diag_snapshot bot=Bob {in_lava=false, step=, light=13, submerged=false, task_state=FAILED, held=minecraft:oak_planksx63, fall=0.0, pos=26,113,25, on_ground=true, hp=20.0/20.0, mining_idle=true, nearby=animals=0 hostiles=0, inv=minecraft:iron_pickaxex1 minecraft:iron_hoex1 minecraft:wheat_seedsx16 minecraft:oak_planksx63 minecraft:dirtx64, path_idle=true, food=20, air=300, mode=survival, task=build, task_progress=0.4, goal=none, task_phase=BUILD}
[17:08:25] [RCON Client /127.0.0.1 #360/INFO]: Thread RCON Client /127.0.0.1 shutting down
[17:08:25] [RCON Listener #1/INFO]: Thread RCON Client /127.0.0.1 started
[17:08:25] [RCON Client /127.0.0.1 #361/INFO]: Thread RCON Client /127.0.0.1 shutting down
[17:08:25] [RCON Listener #1/INFO]: Thread RCON Client /127.0.0.1 started
[17:08:25] [RCON Client /127.0.0.1 #362/INFO]: Thread RCON Client /127.0.0.1 shutting down
[17:08:25] [RCON Listener #1/INFO]: Thread RCON Client /127.0.0.1 started
[17:08:25] [RCON Client /127.0.0.1 #363/INFO]: Thread RCON Client /127.0.0.1 shutting down
[17:08:25] [RCON Listener #1/INFO]: Thread RCON Client /127.0.0.1 started
[17:08:25] [RCON Client /127.0.0.1 #364/INFO]: Thread RCON Client /127.0.0.1 shutting down
[17:08:25] [RCON Listener #1/INFO]: Thread RCON Client /127.0.0.1 started
[17:08:25] [RCON Client /127.0.0.1 #365/INFO]: Thread RCON Client /127.0.0.1 shutting down
[17:08:25] [RCON Listener #1/INFO]: Thread RCON Client /127.0.0.1 started
[17:08:25] [RCON Client /127.0.0.1 #366/INFO]: Thread RCON Client /127.0.0.1 shutting down
[17:08:25] [RCON Listener #1/INFO]: Thread RCON Client /127.0.0.1 started
[17:08:25] [RCON Client /127.0.0.1 #367/INFO]: Thread RCON Client /127.0.0.1 shutting down
[17:08:25] [RCON Listener #1/INFO]: Thread RCON Client /127.0.0.1 started
[17:08:25] [RCON Client /127.0.0.1 #368/INFO]: Thread RCON Client /127.0.0.1 shutting down
[17:08:25] [RCON Listener #1/INFO]: Thread RCON Client /127.0.0.1 started
[17:08:25] [RCON Client /127.0.0.1 #369/INFO]: Thread RCON Client /127.0.0.1 shutting down
[17:08:25] [RCON Listener #1/INFO]: Thread RCON Client /127.0.0.1 started
[17:08:25] [RCON Client /127.0.0.1 #370/INFO]: Thread RCON Client /127.0.0.1 shutting down
[17:08:25] [RCON Listener #1/INFO]: Thread RCON Client /127.0.0.1 started
[17:08:25] [RCON Client /127.0.0.1 #371/INFO]: Thread RCON Client /127.0.0.1 shutting down
[17:08:25] [RCON Listener #1/INFO]: Thread RCON Client /127.0.0.1 started
[17:08:25] [RCON Client /127.0.0.1 #372/INFO]: Thread RCON Client /127.0.0.1 shutting down
[17:08:25] [RCON Listener #1/INFO]: Thread RCON Client /127.0.0.1 started
[17:08:25] [RCON Client /127.0.0.1 #373/INFO]: Thread RCON Client /127.0.0.1 shutting down
[17:08:25] [RCON Listener #1/INFO]: Thread RCON Client /127.0.0.1 started
[17:08:25] [RCON Client /127.0.0.1 #374/INFO]: Thread RCON Client /127.0.0.1 shutting down
[17:08:25] [RCON Listener #1/INFO]: Thread RCON Client /127.0.0.1 started
[17:08:25] [RCON Client /127.0.0.1 #375/INFO]: Thread RCON Client /127.0.0.1 shutting down
[17:08:25] [RCON Listener #1/INFO]: Thread RCON Client /127.0.0.1 started
[17:08:25] [RCON Client /127.0.0.1 #376/INFO]: Thread RCON Client /127.0.0.1 shutting down
[17:08:25] [RCON Listener #1/INFO]: Thread RCON Client /127.0.0.1 started
[17:08:25] [RCON Client /127.0.0.1 #377/INFO]: Thread RCON Client /127.0.0.1 shutting down
[17:08:25] [RCON Listener #1/INFO]: Thread RCON Client /127.0.0.1 started
[17:08:25] [RCON Client /127.0.0.1 #378/INFO]: Thread RCON Client /127.0.0.1 shutting down
[17:08:25] [RCON Listener #1/INFO]: Thread RCON Client /127.0.0.1 started
[17:08:25] [RCON Client /127.0.0.1 #379/INFO]: Thread RCON Client /127.0.0.1 shutting down
[17:08:25] [RCON Listener #1/INFO]: Thread RCON Client /127.0.0.1 started
[17:08:25] [RCON Client /127.0.0.1 #380/INFO]: Thread RCON Client /127.0.0.1 shutting down
[17:08:25] [RCON Listener #1/INFO]: Thread RCON Client /127.0.0.1 started
[17:08:25] [RCON Client /127.0.0.1 #381/INFO]: Thread RCON Client /127.0.0.1 shutting down
[17:08:25] [RCON Listener #1/INFO]: Thread RCON Client /127.0.0.1 started
[17:08:25] [RCON Client /127.0.0.1 #382/INFO]: Thread RCON Client /127.0.0.1 shutting down
[17:08:25] [RCON Listener #1/INFO]: Thread RCON Client /127.0.0.1 started
[17:08:25] [RCON Client /127.0.0.1 #383/INFO]: Thread RCON Client /127.0.0.1 shutting down
[17:08:25] [RCON Listener #1/INFO]: Thread RCON Client /127.0.0.1 started
[17:08:25] [RCON Client /127.0.0.1 #384/INFO]: Thread RCON Client /127.0.0.1 shutting down
[17:08:25] [RCON Listener #1/INFO]: Thread RCON Client /127.0.0.1 started
[17:08:25] [RCON Client /127.0.0.1 #385/INFO]: Thread RCON Client /127.0.0.1 shutting down
[17:08:25] [RCON Listener #1/INFO]: Thread RCON Client /127.0.0.1 started
[17:08:25] [RCON Client /127.0.0.1 #386/INFO]: Thread RCON Client /127.0.0.1 shutting down
[17:08:25] [RCON Listener #1/INFO]: Thread RCON Client /127.0.0.1 started
[17:08:25] [RCON Client /127.0.0.1 #387/INFO]: Thread RCON Client /127.0.0.1 shutting down
[17:08:25] [RCON Listener #1/INFO]: Thread RCON Client /127.0.0.1 started
[17:08:25] [RCON Client /127.0.0.1 #388/INFO]: Thread RCON Client /127.0.0.1 shutting down
[17:08:25] [RCON Listener #1/INFO]: Thread RCON Client /127.0.0.1 started
[17:08:25] [RCON Client /127.0.0.1 #389/INFO]: Thread RCON Client /127.0.0.1 shutting down
[17:08:25] [RCON Listener #1/INFO]: Thread RCON Client /127.0.0.1 started
[17:08:25] [RCON Client /127.0.0.1 #390/INFO]: Thread RCON Client /127.0.0.1 shutting down
[17:08:25] [RCON Listener #1/INFO]: Thread RCON Client /127.0.0.1 started
[17:08:25] [RCON Client /127.0.0.1 #391/INFO]: Thread RCON Client /127.0.0.1 shutting down
[17:08:25] [RCON Listener #1/INFO]: Thread RCON Client /127.0.0.1 started
[17:08:25] [RCON Client /127.0.0.1 #392/INFO]: Thread RCON Client /127.0.0.1 shutting down
[17:08:25] [RCON Listener #1/INFO]: Thread RCON Client /127.0.0.1 started
[17:08:25] [RCON Client /127.0.0.1 #393/INFO]: Thread RCON Client /127.0.0.1 shutting down
[17:08:25] [RCON Listener #1/INFO]: Thread RCON Client /127.0.0.1 started
[17:08:25] [RCON Client /127.0.0.1 #394/INFO]: Thread RCON Client /127.0.0.1 shutting down
[17:08:25] [RCON Listener #1/INFO]: Thread RCON Client /127.0.0.1 started
[17:08:25] [RCON Client /127.0.0.1 #395/INFO]: Thread RCON Client /127.0.0.1 shutting down
[17:08:25] [RCON Listener #1/INFO]: Thread RCON Client /127.0.0.1 started
[17:08:26] [RCON Client /127.0.0.1 #396/INFO]: Thread RCON Client /127.0.0.1 shutting down
[17:08:26] [RCON Listener #1/INFO]: Thread RCON Client /127.0.0.1 started
[17:08:26] [RCON Client /127.0.0.1 #397/INFO]: Thread RCON Client /127.0.0.1 shutting down
[17:08:26] [RCON Listener #1/INFO]: Thread RCON Client /127.0.0.1 started
[17:08:26] [RCON Client /127.0.0.1 #398/INFO]: Thread RCON Client /127.0.0.1 shutting down
[17:08:26] [RCON Listener #1/INFO]: Thread RCON Client /127.0.0.1 started
[17:08:26] [RCON Client /127.0.0.1 #399/INFO]: Thread RCON Client /127.0.0.1 shutting down
[17:08:26] [RCON Listener #1/INFO]: Thread RCON Client /127.0.0.1 started
[17:08:26] [RCON Client /127.0.0.1 #400/INFO]: Thread RCON Client /127.0.0.1 shutting down
[17:08:26] [RCON Listener #1/INFO]: Thread RCON Client /127.0.0.1 started
[17:08:26] [RCON Client /127.0.0.1 #401/INFO]: Thread RCON Client /127.0.0.1 shutting down
[17:08:26] [RCON Listener #1/INFO]: Thread RCON Client /127.0.0.1 started
[17:08:26] [RCON Client /127.0.0.1 #402/INFO]: Thread RCON Client /127.0.0.1 shutting down
[17:08:26] [RCON Listener #1/INFO]: Thread RCON Client /127.0.0.1 started
[17:08:26] [RCON Client /127.0.0.1 #403/INFO]: Thread RCON Client /127.0.0.1 shutting down
[17:08:26] [RCON Listener #1/INFO]: Thread RCON Client /127.0.0.1 started
[17:08:26] [Server thread/INFO]: [AIBot] ACTION event=capability_decision bot=Bob {allowed=false, reason=DENIED_STRICT_SURVIVAL, context=observable_entity_query, capability=HIDDEN_BLOCK_SCAN, profile=strict_survival}
[17:08:26] [Server thread/WARN]: [AIBot] PERCEPTION event=snapshot_slow bot=Bob {elapsed_ms=13}
[17:08:26] [RCON Client /127.0.0.1 #404/INFO]: Thread RCON Client /127.0.0.1 shutting down
[17:08:26] [RCON Listener #1/INFO]: Thread RCON Client /127.0.0.1 started
[17:08:26] [RCON Client /127.0.0.1 #405/INFO]: Thread RCON Client /127.0.0.1 shutting down
[17:08:26] [RCON Listener #1/INFO]: Thread RCON Client /127.0.0.1 started
[17:08:26] [RCON Client /127.0.0.1 #406/INFO]: Thread RCON Client /127.0.0.1 shutting down
[17:08:26] [RCON Listener #1/INFO]: Thread RCON Client /127.0.0.1 started
[17:08:26] [RCON Client /127.0.0.1 #407/INFO]: Thread RCON Client /127.0.0.1 shutting down
[17:08:26] [RCON Listener #1/INFO]: Thread RCON Client /127.0.0.1 started
[17:08:26] [RCON Client /127.0.0.1 #408/INFO]: Thread RCON Client /127.0.0.1 shutting down
[17:08:26] [RCON Listener #1/INFO]: Thread RCON Client /127.0.0.1 started
[17:08:26] [RCON Client /127.0.0.1 #409/INFO]: Thread RCON Client /127.0.0.1 shutting down
[17:08:26] [RCON Listener #1/INFO]: Thread RCON Client /127.0.0.1 started
[17:08:26] [RCON Client /127.0.0.1 #410/INFO]: Thread RCON Client /127.0.0.1 shutting down
[17:08:26] [RCON Listener #1/INFO]: Thread RCON Client /127.0.0.1 started
[17:08:26] [RCON Client /127.0.0.1 #411/INFO]: Thread RCON Client /127.0.0.1 shutting down
[17:08:26] [RCON Listener #1/INFO]: Thread RCON Client /127.0.0.1 started
[17:08:26] [RCON Client /127.0.0.1 #412/INFO]: Thread RCON Client /127.0.0.1 shutting down
[17:08:26] [RCON Listener #1/INFO]: Thread RCON Client /127.0.0.1 started
[17:08:26] [RCON Client /127.0.0.1 #413/INFO]: Thread RCON Client /127.0.0.1 shutting down
[17:08:26] [RCON Listener #1/INFO]: Thread RCON Client /127.0.0.1 started
[17:08:26] [RCON Client /127.0.0.1 #414/INFO]: Thread RCON Client /127.0.0.1 shutting down
[17:08:26] [RCON Listener #1/INFO]: Thread RCON Client /127.0.0.1 started
[17:08:26] [RCON Client /127.0.0.1 #415/INFO]: Thread RCON Client /127.0.0.1 shutting down
[17:08:26] [RCON Listener #1/INFO]: Thread RCON Client /127.0.0.1 started
[17:08:26] [RCON Client /127.0.0.1 #416/INFO]: Thread RCON Client /127.0.0.1 shutting down
[17:08:26] [RCON Listener #1/INFO]: Thread RCON Client /127.0.0.1 started
[17:08:26] [RCON Client /127.0.0.1 #417/INFO]: Thread RCON Client /127.0.0.1 shutting down
[17:08:26] [RCON Listener #1/INFO]: Thread RCON Client /127.0.0.1 started
[17:08:26] [RCON Client /127.0.0.1 #418/INFO]: Thread RCON Client /127.0.0.1 shutting down
[17:08:26] [RCON Listener #1/INFO]: Thread RCON Client /127.0.0.1 started
[17:08:26] [RCON Client /127.0.0.1 #419/INFO]: Thread RCON Client /127.0.0.1 shutting down
[17:08:26] [RCON Listener #1/INFO]: Thread RCON Client /127.0.0.1 started
[17:08:26] [RCON Client /127.0.0.1 #420/INFO]: Thread RCON Client /127.0.0.1 shutting down
[17:08:26] [RCON Listener #1/INFO]: Thread RCON Client /127.0.0.1 started
[17:08:26] [RCON Client /127.0.0.1 #421/INFO]: Thread RCON Client /127.0.0.1 shutting down
[17:08:26] [RCON Listener #1/INFO]: Thread RCON Client /127.0.0.1 started
[17:08:26] [RCON Client /127.0.0.1 #422/INFO]: Thread RCON Client /127.0.0.1 shutting down
[17:08:26] [RCON Listener #1/INFO]: Thread RCON Client /127.0.0.1 started
[17:08:26] [RCON Client /127.0.0.1 #423/INFO]: Thread RCON Client /127.0.0.1 shutting down
[17:08:26] [RCON Listener #1/INFO]: Thread RCON Client /127.0.0.1 started
[17:08:26] [RCON Client /127.0.0.1 #424/INFO]: Thread RCON Client /127.0.0.1 shutting down
[17:08:26] [RCON Listener #1/INFO]: Thread RCON Client /127.0.0.1 started
[17:08:26] [RCON Client /127.0.0.1 #425/INFO]: Thread RCON Client /127.0.0.1 shutting down
[17:08:26] [RCON Listener #1/INFO]: Thread RCON Client /127.0.0.1 started
[17:08:26] [RCON Client /127.0.0.1 #426/INFO]: Thread RCON Client /127.0.0.1 shutting down
[17:08:26] [RCON Listener #1/INFO]: Thread RCON Client /127.0.0.1 started
[17:08:26] [RCON Client /127.0.0.1 #427/INFO]: Thread RCON Client /127.0.0.1 shutting down
[17:08:26] [RCON Listener #1/INFO]: Thread RCON Client /127.0.0.1 started
[17:08:26] [RCON Client /127.0.0.1 #428/INFO]: Thread RCON Client /127.0.0.1 shutting down
[17:08:26] [RCON Listener #1/INFO]: Thread RCON Client /127.0.0.1 started
[17:08:26] [RCON Client /127.0.0.1 #429/INFO]: Thread RCON Client /127.0.0.1 shutting down
[17:08:26] [RCON Listener #1/INFO]: Thread RCON Client /127.0.0.1 started
[17:08:26] [RCON Client /127.0.0.1 #430/INFO]: Thread RCON Client /127.0.0.1 shutting down
[17:08:26] [RCON Listener #1/INFO]: Thread RCON Client /127.0.0.1 started
[17:08:26] [RCON Client /127.0.0.1 #431/INFO]: Thread RCON Client /127.0.0.1 shutting down
[17:08:26] [RCON Listener #1/INFO]: Thread RCON Client /127.0.0.1 started
[17:08:26] [RCON Client /127.0.0.1 #432/INFO]: Thread RCON Client /127.0.0.1 shutting down
[17:08:26] [RCON Listener #1/INFO]: Thread RCON Client /127.0.0.1 started
[17:08:26] [RCON Client /127.0.0.1 #433/INFO]: Thread RCON Client /127.0.0.1 shutting down
[17:08:26] [RCON Listener #1/INFO]: Thread RCON Client /127.0.0.1 started
[17:08:26] [RCON Client /127.0.0.1 #434/INFO]: Thread RCON Client /127.0.0.1 shutting down
[17:08:26] [RCON Listener #1/INFO]: Thread RCON Client /127.0.0.1 started
[17:08:26] [RCON Client /127.0.0.1 #435/INFO]: Thread RCON Client /127.0.0.1 shutting down
[17:08:26] [RCON Listener #1/INFO]: Thread RCON Client /127.0.0.1 started
[17:08:26] [RCON Client /127.0.0.1 #436/INFO]: Thread RCON Client /127.0.0.1 shutting down
[17:08:26] [RCON Listener #1/INFO]: Thread RCON Client /127.0.0.1 started
[17:08:26] [RCON Client /127.0.0.1 #437/INFO]: Thread RCON Client /127.0.0.1 shutting down
[17:08:26] [RCON Listener #1/INFO]: Thread RCON Client /127.0.0.1 started
[17:08:26] [Server thread/WARN]: [AIBot] PERCEPTION event=snapshot_slow bot=Bob {elapsed_ms=15}
[17:08:26] [RCON Client /127.0.0.1 #438/INFO]: Thread RCON Client /127.0.0.1 shutting down
[17:08:26] [RCON Listener #1/INFO]: Thread RCON Client /127.0.0.1 started
[17:08:26] [RCON Client /127.0.0.1 #439/INFO]: Thread RCON Client /127.0.0.1 shutting down
[17:08:26] [RCON Listener #1/INFO]: Thread RCON Client /127.0.0.1 started
[17:08:26] [RCON Client /127.0.0.1 #440/INFO]: Thread RCON Client /127.0.0.1 shutting down
[17:08:26] [RCON Listener #1/INFO]: Thread RCON Client /127.0.0.1 started
[17:08:26] [RCON Client /127.0.0.1 #441/INFO]: Thread RCON Client /127.0.0.1 shutting down
[17:08:26] [RCON Listener #1/INFO]: Thread RCON Client /127.0.0.1 started
[17:08:26] [RCON Client /127.0.0.1 #442/INFO]: Thread RCON Client /127.0.0.1 shutting down
[17:08:26] [RCON Listener #1/INFO]: Thread RCON Client /127.0.0.1 started
[17:08:26] [RCON Client /127.0.0.1 #443/INFO]: Thread RCON Client /127.0.0.1 shutting down
[17:08:26] [RCON Listener #1/INFO]: Thread RCON Client /127.0.0.1 started
[17:08:26] [RCON Client /127.0.0.1 #444/INFO]: Thread RCON Client /127.0.0.1 shutting down
[17:08:26] [RCON Listener #1/INFO]: Thread RCON Client /127.0.0.1 started
[17:08:26] [RCON Client /127.0.0.1 #445/INFO]: Thread RCON Client /127.0.0.1 shutting down
[17:08:26] [RCON Listener #1/INFO]: Thread RCON Client /127.0.0.1 started
[17:08:26] [RCON Client /127.0.0.1 #446/INFO]: Thread RCON Client /127.0.0.1 shutting down
[17:08:26] [RCON Listener #1/INFO]: Thread RCON Client /127.0.0.1 started
[17:08:26] [RCON Client /127.0.0.1 #447/INFO]: Thread RCON Client /127.0.0.1 shutting down
[17:08:26] [RCON Listener #1/INFO]: Thread RCON Client /127.0.0.1 started
[17:08:26] [RCON Client /127.0.0.1 #448/INFO]: Thread RCON Client /127.0.0.1 shutting down
[17:08:26] [RCON Listener #1/INFO]: Thread RCON Client /127.0.0.1 started
[17:08:26] [RCON Client /127.0.0.1 #449/INFO]: Thread RCON Client /127.0.0.1 shutting down
[17:08:26] [RCON Listener #1/INFO]: Thread RCON Client /127.0.0.1 started
[17:08:26] [RCON Client /127.0.0.1 #450/INFO]: Thread RCON Client /127.0.0.1 shutting down
[17:08:26] [RCON Listener #1/INFO]: Thread RCON Client /127.0.0.1 started
[17:08:26] [RCON Client /127.0.0.1 #451/INFO]: Thread RCON Client /127.0.0.1 shutting down
[17:08:26] [RCON Listener #1/INFO]: Thread RCON Client /127.0.0.1 started
[17:08:26] [RCON Client /127.0.0.1 #452/INFO]: Thread RCON Client /127.0.0.1 shutting down
[17:08:26] [RCON Listener #1/INFO]: Thread RCON Client /127.0.0.1 started
[17:08:26] [RCON Client /127.0.0.1 #453/INFO]: Thread RCON Client /127.0.0.1 shutting down
[17:08:26] [RCON Listener #1/INFO]: Thread RCON Client /127.0.0.1 started
[17:08:26] [RCON Client /127.0.0.1 #454/INFO]: Thread RCON Client /127.0.0.1 shutting down
[17:08:26] [RCON Listener #1/INFO]: Thread RCON Client /127.0.0.1 started
[17:08:26] [RCON Client /127.0.0.1 #455/INFO]: Thread RCON Client /127.0.0.1 shutting down
[17:08:26] [RCON Listener #1/INFO]: Thread RCON Client /127.0.0.1 started
[17:08:26] [RCON Client /127.0.0.1 #456/INFO]: Thread RCON Client /127.0.0.1 shutting down
[17:08:26] [RCON Listener #1/INFO]: Thread RCON Client /127.0.0.1 started
[17:08:26] [RCON Client /127.0.0.1 #457/INFO]: Thread RCON Client /127.0.0.1 shutting down
[17:08:26] [RCON Listener #1/INFO]: Thread RCON Client /127.0.0.1 started
[17:08:26] [RCON Client /127.0.0.1 #458/INFO]: Thread RCON Client /127.0.0.1 shutting down
[17:08:26] [RCON Listener #1/INFO]: Thread RCON Client /127.0.0.1 started
[17:08:26] [RCON Client /127.0.0.1 #459/INFO]: Thread RCON Client /127.0.0.1 shutting down
[17:08:26] [RCON Listener #1/INFO]: Thread RCON Client /127.0.0.1 started
[17:08:26] [RCON Client /127.0.0.1 #460/INFO]: Thread RCON Client /127.0.0.1 shutting down
[17:08:26] [RCON Listener #1/INFO]: Thread RCON Client /127.0.0.1 started
[17:08:26] [RCON Client /127.0.0.1 #461/INFO]: Thread RCON Client /127.0.0.1 shutting down
[17:08:26] [RCON Listener #1/INFO]: Thread RCON Client /127.0.0.1 started
[17:08:26] [RCON Client /127.0.0.1 #462/INFO]: Thread RCON Client /127.0.0.1 shutting down
[17:08:26] [RCON Listener #1/INFO]: Thread RCON Client /127.0.0.1 started
[17:08:26] [RCON Client /127.0.0.1 #463/INFO]: Thread RCON Client /127.0.0.1 shutting down
[17:08:26] [RCON Listener #1/INFO]: Thread RCON Client /127.0.0.1 started
[17:08:26] [RCON Client /127.0.0.1 #464/INFO]: Thread RCON Client /127.0.0.1 shutting down
[17:08:26] [RCON Listener #1/INFO]: Thread RCON Client /127.0.0.1 started
[17:08:27] [RCON Client /127.0.0.1 #465/INFO]: Thread RCON Client /127.0.0.1 shutting down
[17:08:27] [RCON Listener #1/INFO]: Thread RCON Client /127.0.0.1 started
[17:08:27] [RCON Client /127.0.0.1 #466/INFO]: Thread RCON Client /127.0.0.1 shutting down
[17:08:27] [RCON Listener #1/INFO]: Thread RCON Client /127.0.0.1 started
[17:08:27] [RCON Client /127.0.0.1 #467/INFO]: Thread RCON Client /127.0.0.1 shutting down
[17:08:27] [RCON Listener #1/INFO]: Thread RCON Client /127.0.0.1 started
[17:08:27] [RCON Client /127.0.0.1 #468/INFO]: Thread RCON Client /127.0.0.1 shutting down
[17:08:27] [RCON Listener #1/INFO]: Thread RCON Client /127.0.0.1 started
[17:08:27] [RCON Client /127.0.0.1 #469/INFO]: Thread RCON Client /127.0.0.1 shutting down
[17:08:27] [RCON Listener #1/INFO]: Thread RCON Client /127.0.0.1 started
[17:08:27] [Server thread/WARN]: [AIBot] PERCEPTION event=snapshot_slow bot=Bob {elapsed_ms=14}
[17:08:27] [RCON Client /127.0.0.1 #470/INFO]: Thread RCON Client /127.0.0.1 shutting down
[17:08:27] [RCON Listener #1/INFO]: Thread RCON Client /127.0.0.1 started
[17:08:27] [RCON Client /127.0.0.1 #471/INFO]: Thread RCON Client /127.0.0.1 shutting down
[17:08:27] [RCON Listener #1/INFO]: Thread RCON Client /127.0.0.1 started
[17:08:27] [RCON Client /127.0.0.1 #472/INFO]: Thread RCON Client /127.0.0.1 shutting down
[17:08:27] [RCON Listener #1/INFO]: Thread RCON Client /127.0.0.1 started
[17:08:27] [RCON Client /127.0.0.1 #473/INFO]: Thread RCON Client /127.0.0.1 shutting down
[17:08:27] [RCON Listener #1/INFO]: Thread RCON Client /127.0.0.1 started
[17:08:27] [RCON Client /127.0.0.1 #474/INFO]: Thread RCON Client /127.0.0.1 shutting down
[17:08:27] [RCON Listener #1/INFO]: Thread RCON Client /127.0.0.1 started
[17:08:27] [RCON Client /127.0.0.1 #475/INFO]: Thread RCON Client /127.0.0.1 shutting down
[17:08:27] [RCON Listener #1/INFO]: Thread RCON Client /127.0.0.1 started
[17:08:27] [RCON Client /127.0.0.1 #476/INFO]: Thread RCON Client /127.0.0.1 shutting down
[17:08:27] [RCON Listener #1/INFO]: Thread RCON Client /127.0.0.1 started
[17:08:27] [RCON Client /127.0.0.1 #477/INFO]: Thread RCON Client /127.0.0.1 shutting down
[17:08:27] [RCON Listener #1/INFO]: Thread RCON Client /127.0.0.1 started
[17:08:27] [RCON Client /127.0.0.1 #478/INFO]: Thread RCON Client /127.0.0.1 shutting down
[17:08:27] [RCON Listener #1/INFO]: Thread RCON Client /127.0.0.1 started
[17:08:27] [RCON Client /127.0.0.1 #479/INFO]: Thread RCON Client /127.0.0.1 shutting down
[17:08:27] [RCON Listener #1/INFO]: Thread RCON Client /127.0.0.1 started
[17:08:27] [RCON Client /127.0.0.1 #480/INFO]: Thread RCON Client /127.0.0.1 shutting down
[17:08:27] [RCON Listener #1/INFO]: Thread RCON Client /127.0.0.1 started
[17:08:27] [RCON Client /127.0.0.1 #481/INFO]: Thread RCON Client /127.0.0.1 shutting down
[17:08:27] [RCON Listener #1/INFO]: Thread RCON Client /127.0.0.1 started
[17:08:27] [RCON Client /127.0.0.1 #482/INFO]: Thread RCON Client /127.0.0.1 shutting down
[17:08:27] [RCON Listener #1/INFO]: Thread RCON Client /127.0.0.1 started
[17:08:27] [RCON Client /127.0.0.1 #483/INFO]: Thread RCON Client /127.0.0.1 shutting down
[17:08:27] [RCON Listener #1/INFO]: Thread RCON Client /127.0.0.1 started
[17:08:27] [RCON Client /127.0.0.1 #484/INFO]: Thread RCON Client /127.0.0.1 shutting down
[17:08:27] [RCON Listener #1/INFO]: Thread RCON Client /127.0.0.1 started
[17:08:27] [RCON Client /127.0.0.1 #485/INFO]: Thread RCON Client /127.0.0.1 shutting down
[17:08:27] [RCON Listener #1/INFO]: Thread RCON Client /127.0.0.1 started
[17:08:27] [RCON Client /127.0.0.1 #486/INFO]: Thread RCON Client /127.0.0.1 shutting down
[17:08:27] [RCON Listener #1/INFO]: Thread RCON Client /127.0.0.1 started
[17:08:27] [RCON Client /127.0.0.1 #487/INFO]: Thread RCON Client /127.0.0.1 shutting down
[17:08:27] [RCON Listener #1/INFO]: Thread RCON Client /127.0.0.1 started
[17:08:27] [RCON Client /127.0.0.1 #488/INFO]: Thread RCON Client /127.0.0.1 shutting down
[17:08:27] [RCON Listener #1/INFO]: Thread RCON Client /127.0.0.1 started
[17:08:27] [RCON Client /127.0.0.1 #489/INFO]: Thread RCON Client /127.0.0.1 shutting down
[17:08:27] [RCON Listener #1/INFO]: Thread RCON Client /127.0.0.1 started
[17:08:27] [RCON Client /127.0.0.1 #490/INFO]: Thread RCON Client /127.0.0.1 shutting down
[17:08:27] [RCON Listener #1/INFO]: Thread RCON Client /127.0.0.1 started
[17:08:27] [RCON Client /127.0.0.1 #491/INFO]: Thread RCON Client /127.0.0.1 shutting down
[17:08:27] [RCON Listener #1/INFO]: Thread RCON Client /127.0.0.1 started
[17:08:27] [RCON Client /127.0.0.1 #492/INFO]: Thread RCON Client /127.0.0.1 shutting down
[17:08:27] [RCON Listener #1/INFO]: Thread RCON Client /127.0.0.1 started
[17:08:27] [RCON Client /127.0.0.1 #493/INFO]: Thread RCON Client /127.0.0.1 shutting down
[17:08:27] [RCON Listener #1/INFO]: Thread RCON Client /127.0.0.1 started
[17:08:27] [RCON Client /127.0.0.1 #494/INFO]: Thread RCON Client /127.0.0.1 shutting down
[17:08:27] [RCON Listener #1/INFO]: Thread RCON Client /127.0.0.1 started
[17:08:27] [RCON Client /127.0.0.1 #495/INFO]: Thread RCON Client /127.0.0.1 shutting down
[17:08:27] [RCON Listener #1/INFO]: Thread RCON Client /127.0.0.1 started
[17:08:27] [RCON Client /127.0.0.1 #496/INFO]: Thread RCON Client /127.0.0.1 shutting down
[17:08:27] [RCON Listener #1/INFO]: Thread RCON Client /127.0.0.1 started
[17:08:27] [RCON Client /127.0.0.1 #497/INFO]: Thread RCON Client /127.0.0.1 shutting down
[17:08:27] [RCON Listener #1/INFO]: Thread RCON Client /127.0.0.1 started
[17:08:27] [RCON Client /127.0.0.1 #498/INFO]: Thread RCON Client /127.0.0.1 shutting down
[17:08:27] [RCON Listener #1/INFO]: Thread RCON Client /127.0.0.1 started
[17:08:27] [RCON Client /127.0.0.1 #499/INFO]: Thread RCON Client /127.0.0.1 shutting down
[17:08:27] [RCON Listener #1/INFO]: Thread RCON Client /127.0.0.1 started
[17:08:27] [RCON Client /127.0.0.1 #500/INFO]: Thread RCON Client /127.0.0.1 shutting down
[17:08:27] [RCON Listener #1/INFO]: Thread RCON Client /127.0.0.1 started
[17:08:27] [Server thread/WARN]: [AIBot] PERCEPTION event=snapshot_slow bot=Bob {elapsed_ms=12}
[17:08:27] [Server thread/INFO]: [AIBot] ACTION event=diag_snapshot bot=Bob {in_lava=false, step=, light=13, submerged=false, task_state=FAILED, held=minecraft:oak_planksx63, fall=0.0, pos=26,113,25, on_ground=true, hp=20.0/20.0, mining_idle=true, nearby=animals=0 hostiles=0, inv=minecraft:iron_pickaxex1 minecraft:iron_hoex1 minecraft:wheat_seedsx16 minecraft:oak_planksx63 minecraft:dirtx64, path_idle=true, food=20, air=300, mode=survival, task=build, task_progress=0.4, goal=none, task_phase=BUILD}
[17:08:27] [RCON Client /127.0.0.1 #501/INFO]: Thread RCON Client /127.0.0.1 shutting down
[17:08:27] [RCON Listener #1/INFO]: Thread RCON Client /127.0.0.1 started
[17:08:27] [RCON Client /127.0.0.1 #502/INFO]: Thread RCON Client /127.0.0.1 shutting down
[17:08:27] [RCON Listener #1/INFO]: Thread RCON Client /127.0.0.1 started
[17:08:27] [RCON Client /127.0.0.1 #503/INFO]: Thread RCON Client /127.0.0.1 shutting down
[17:08:27] [RCON Listener #1/INFO]: Thread RCON Client /127.0.0.1 started
[17:08:27] [RCON Client /127.0.0.1 #504/INFO]: Thread RCON Client /127.0.0.1 shutting down
[17:08:27] [RCON Listener #1/INFO]: Thread RCON Client /127.0.0.1 started
[17:08:27] [RCON Client /127.0.0.1 #505/INFO]: Thread RCON Client /127.0.0.1 shutting down
[17:08:27] [RCON Listener #1/INFO]: Thread RCON Client /127.0.0.1 started
[17:08:27] [RCON Client /127.0.0.1 #506/INFO]: Thread RCON Client /127.0.0.1 shutting down
[17:08:27] [RCON Listener #1/INFO]: Thread RCON Client /127.0.0.1 started
[17:08:27] [RCON Client /127.0.0.1 #507/INFO]: Thread RCON Client /127.0.0.1 shutting down
[17:08:27] [RCON Listener #1/INFO]: Thread RCON Client /127.0.0.1 started
[17:08:27] [RCON Client /127.0.0.1 #508/INFO]: Thread RCON Client /127.0.0.1 shutting down
[17:08:27] [RCON Listener #1/INFO]: Thread RCON Client /127.0.0.1 started
[17:08:27] [RCON Client /127.0.0.1 #509/INFO]: Thread RCON Client /127.0.0.1 shutting down
[17:08:27] [RCON Listener #1/INFO]: Thread RCON Client /127.0.0.1 started
[17:08:27] [RCON Client /127.0.0.1 #510/INFO]: Thread RCON Client /127.0.0.1 shutting down
[17:08:27] [RCON Listener #1/INFO]: Thread RCON Client /127.0.0.1 started
[17:08:27] [RCON Client /127.0.0.1 #511/INFO]: Thread RCON Client /127.0.0.1 shutting down
[17:08:27] [RCON Listener #1/INFO]: Thread RCON Client /127.0.0.1 started
[17:08:27] [RCON Client /127.0.0.1 #512/INFO]: Thread RCON Client /127.0.0.1 shutting down
[17:08:27] [RCON Listener #1/INFO]: Thread RCON Client /127.0.0.1 started
[17:08:27] [RCON Client /127.0.0.1 #513/INFO]: Thread RCON Client /127.0.0.1 shutting down
[17:08:27] [RCON Listener #1/INFO]: Thread RCON Client /127.0.0.1 started
[17:08:27] [RCON Client /127.0.0.1 #514/INFO]: Thread RCON Client /127.0.0.1 shutting down
[17:08:27] [RCON Listener #1/INFO]: Thread RCON Client /127.0.0.1 started
[17:08:27] [RCON Client /127.0.0.1 #515/INFO]: Thread RCON Client /127.0.0.1 shutting down
[17:08:27] [RCON Listener #1/INFO]: Thread RCON Client /127.0.0.1 started
[17:08:27] [RCON Client /127.0.0.1 #516/INFO]: Thread RCON Client /127.0.0.1 shutting down
[17:08:27] [RCON Listener #1/INFO]: Thread RCON Client /127.0.0.1 started
[17:08:27] [RCON Client /127.0.0.1 #517/INFO]: Thread RCON Client /127.0.0.1 shutting down
[17:08:27] [RCON Listener #1/INFO]: Thread RCON Client /127.0.0.1 started
[17:08:27] [RCON Client /127.0.0.1 #518/INFO]: Thread RCON Client /127.0.0.1 shutting down
[17:08:27] [RCON Listener #1/INFO]: Thread RCON Client /127.0.0.1 started
[17:08:27] [RCON Client /127.0.0.1 #519/INFO]: Thread RCON Client /127.0.0.1 shutting down
[17:08:27] [RCON Listener #1/INFO]: Thread RCON Client /127.0.0.1 started
[17:08:27] [RCON Client /127.0.0.1 #520/INFO]: Thread RCON Client /127.0.0.1 shutting down
[17:08:27] [RCON Listener #1/INFO]: Thread RCON Client /127.0.0.1 started
[17:08:27] [RCON Client /127.0.0.1 #521/INFO]: Thread RCON Client /127.0.0.1 shutting down
[17:08:27] [RCON Listener #1/INFO]: Thread RCON Client /127.0.0.1 started
[17:08:27] [RCON Client /127.0.0.1 #522/INFO]: Thread RCON Client /127.0.0.1 shutting down
[17:08:27] [RCON Listener #1/INFO]: Thread RCON Client /127.0.0.1 started
[17:08:27] [RCON Client /127.0.0.1 #523/INFO]: Thread RCON Client /127.0.0.1 shutting down
[17:08:27] [RCON Listener #1/INFO]: Thread RCON Client /127.0.0.1 started
[17:08:27] [RCON Client /127.0.0.1 #524/INFO]: Thread RCON Client /127.0.0.1 shutting down
[17:08:27] [RCON Client /127.0.0.1 #525/INFO]: Thread RCON Client /127.0.0.1 shutting down
[17:08:27] [RCON Listener #1/INFO]: Thread RCON Client /127.0.0.1 started
[17:08:27] [RCON Listener #1/INFO]: Thread RCON Client /127.0.0.1 started
[17:08:27] [RCON Client /127.0.0.1 #526/INFO]: Thread RCON Client /127.0.0.1 shutting down
[17:08:27] [RCON Listener #1/INFO]: Thread RCON Client /127.0.0.1 started
[17:08:27] [RCON Client /127.0.0.1 #527/INFO]: Thread RCON Client /127.0.0.1 shutting down
[17:08:27] [RCON Listener #1/INFO]: Thread RCON Client /127.0.0.1 started
[17:08:27] [RCON Client /127.0.0.1 #528/INFO]: Thread RCON Client /127.0.0.1 shutting down
[17:08:27] [RCON Listener #1/INFO]: Thread RCON Client /127.0.0.1 started
[17:08:27] [RCON Client /127.0.0.1 #529/INFO]: Thread RCON Client /127.0.0.1 shutting down
[17:08:27] [RCON Listener #1/INFO]: Thread RCON Client /127.0.0.1 started
[17:08:27] [RCON Client /127.0.0.1 #530/INFO]: Thread RCON Client /127.0.0.1 shutting down
[17:08:27] [RCON Listener #1/INFO]: Thread RCON Client /127.0.0.1 started
[17:08:27] [RCON Client /127.0.0.1 #531/INFO]: Thread RCON Client /127.0.0.1 shutting down
[17:08:27] [RCON Listener #1/INFO]: Thread RCON Client /127.0.0.1 started
[17:08:27] [RCON Client /127.0.0.1 #532/INFO]: Thread RCON Client /127.0.0.1 shutting down
[17:08:27] [RCON Listener #1/INFO]: Thread RCON Client /127.0.0.1 started
[17:08:28] [RCON Client /127.0.0.1 #533/INFO]: Thread RCON Client /127.0.0.1 shutting down
[17:08:28] [RCON Listener #1/INFO]: Thread RCON Client /127.0.0.1 started
[17:08:28] [RCON Client /127.0.0.1 #534/INFO]: Thread RCON Client /127.0.0.1 shutting down
[17:08:28] [RCON Listener #1/INFO]: Thread RCON Client /127.0.0.1 started
[17:08:28] [RCON Client /127.0.0.1 #535/INFO]: Thread RCON Client /127.0.0.1 shutting down
[17:08:28] [RCON Listener #1/INFO]: Thread RCON Client /127.0.0.1 started
[17:08:28] [RCON Client /127.0.0.1 #536/INFO]: Thread RCON Client /127.0.0.1 shutting down
[17:08:28] [RCON Listener #1/INFO]: Thread RCON Client /127.0.0.1 started
[17:08:28] [Server thread/WARN]: [AIBot] PERCEPTION event=snapshot_slow bot=Bob {elapsed_ms=12}
[17:08:28] [RCON Client /127.0.0.1 #537/INFO]: Thread RCON Client /127.0.0.1 shutting down
[17:08:28] [RCON Listener #1/INFO]: Thread RCON Client /127.0.0.1 started
[17:08:28] [RCON Client /127.0.0.1 #538/INFO]: Thread RCON Client /127.0.0.1 shutting down
[17:08:28] [RCON Listener #1/INFO]: Thread RCON Client /127.0.0.1 started
[17:08:28] [RCON Client /127.0.0.1 #539/INFO]: Thread RCON Client /127.0.0.1 shutting down
[17:08:28] [RCON Listener #1/INFO]: Thread RCON Client /127.0.0.1 started
[17:08:28] [RCON Client /127.0.0.1 #540/INFO]: Thread RCON Client /127.0.0.1 shutting down
[17:08:28] [RCON Listener #1/INFO]: Thread RCON Client /127.0.0.1 started
[17:08:28] [RCON Client /127.0.0.1 #541/INFO]: Thread RCON Client /127.0.0.1 shutting down
[17:08:28] [RCON Listener #1/INFO]: Thread RCON Client /127.0.0.1 started
[17:08:28] [RCON Client /127.0.0.1 #542/INFO]: Thread RCON Client /127.0.0.1 shutting down
[17:08:28] [RCON Listener #1/INFO]: Thread RCON Client /127.0.0.1 started
[17:08:28] [RCON Client /127.0.0.1 #543/INFO]: Thread RCON Client /127.0.0.1 shutting down
[17:08:28] [RCON Listener #1/INFO]: Thread RCON Client /127.0.0.1 started
[17:08:28] [RCON Client /127.0.0.1 #544/INFO]: Thread RCON Client /127.0.0.1 shutting down
[17:08:28] [RCON Listener #1/INFO]: Thread RCON Client /127.0.0.1 started
[17:08:28] [RCON Client /127.0.0.1 #545/INFO]: Thread RCON Client /127.0.0.1 shutting down
[17:08:28] [RCON Listener #1/INFO]: Thread RCON Client /127.0.0.1 started
[17:08:28] [RCON Client /127.0.0.1 #546/INFO]: Thread RCON Client /127.0.0.1 shutting down
[17:08:28] [RCON Listener #1/INFO]: Thread RCON Client /127.0.0.1 started
[17:08:28] [RCON Client /127.0.0.1 #547/INFO]: Thread RCON Client /127.0.0.1 shutting down
[17:08:28] [Server thread/WARN]: [AIBot] PERCEPTION event=snapshot_slow bot=Bob {elapsed_ms=14}
[17:08:29] [Server thread/WARN]: [AIBot] PERCEPTION event=snapshot_slow bot=Bob {elapsed_ms=18}
[17:08:29] [Server thread/WARN]: [AIBot] PERCEPTION event=snapshot_slow bot=Bob {elapsed_ms=13}
[17:08:29] [Server thread/INFO]: [AIBot] ACTION event=diag_snapshot bot=Bob {in_lava=false, step=, light=13, submerged=false, task_state=FAILED, held=minecraft:oak_planksx63, fall=0.0, pos=26,113,25, on_ground=true, hp=20.0/20.0, mining_idle=true, nearby=animals=0 hostiles=0, inv=minecraft:iron_pickaxex1 minecraft:iron_hoex1 minecraft:wheat_seedsx16 minecraft:oak_planksx63 minecraft:dirtx64, path_idle=true, food=20, air=300, mode=survival, task=build, task_progress=0.4, goal=none, task_phase=BUILD}
[17:08:30] [Server thread/WARN]: [AIBot] PERCEPTION event=snapshot_slow bot=Bob {elapsed_ms=15}
[17:08:30] [Server thread/INFO]: [AIBot] ACTION event=capability_decision bot=Bob {allowed=false, reason=DENIED_STRICT_SURVIVAL, context=observable_block_query, capability=HIDDEN_BLOCK_SCAN, profile=strict_survival}
[17:08:30] [Server thread/INFO]: [AIBot] ACTION event=capability_decision bot=Bob {allowed=false, reason=DENIED_STRICT_SURVIVAL, context=perception_snapshot, capability=HIDDEN_BLOCK_SCAN, profile=strict_survival}
[17:08:30] [Server thread/WARN]: [AIBot] PERCEPTION event=snapshot_slow bot=Bob {elapsed_ms=17}
[17:08:31] [Server thread/INFO]: [AIBot] ACTION event=capability_decision bot=Bob {allowed=false, reason=DENIED_STRICT_SURVIVAL, context=observable_entity_query, capability=HIDDEN_BLOCK_SCAN, profile=strict_survival}
[17:08:31] [Server thread/WARN]: [AIBot] PERCEPTION event=snapshot_slow bot=Bob {elapsed_ms=16}
[17:08:31] [Server thread/WARN]: [AIBot] PERCEPTION event=snapshot_slow bot=Bob {elapsed_ms=17}
[17:08:31] [Server thread/INFO]: [AIBot] ACTION event=capability_decision bot=Bob {allowed=false, reason=DENIED_STRICT_SURVIVAL, context=diagnostic_nearby, capability=HIDDEN_BLOCK_SCAN, profile=strict_survival}
[17:08:31] [Server thread/INFO]: [AIBot] ACTION event=diag_snapshot bot=Bob {in_lava=false, step=, light=13, submerged=false, task_state=FAILED, held=minecraft:oak_planksx63, fall=0.0, pos=26,113,25, on_ground=true, hp=20.0/20.0, mining_idle=true, nearby=animals=0 hostiles=0, inv=minecraft:iron_pickaxex1 minecraft:iron_hoex1 minecraft:wheat_seedsx16 minecraft:oak_planksx63 minecraft:dirtx64, path_idle=true, food=20, air=300, mode=survival, task=build, task_progress=0.4, goal=none, task_phase=BUILD}
[17:08:31] [Server thread/INFO]: [AIBot] ACTION event=capability_decision bot=Bob {allowed=false, reason=DENIED_STRICT_SURVIVAL, context=danger_dark_trap_surface, capability=EMERGENCY_TELEPORT, profile=strict_survival}
[17:08:32] [Server thread/WARN]: [AIBot] PERCEPTION event=snapshot_slow bot=Bob {elapsed_ms=14}
[17:08:32] [Server thread/WARN]: [AIBot] PERCEPTION event=snapshot_slow bot=Bob {elapsed_ms=15}
[17:08:33] [Server thread/WARN]: [AIBot] PERCEPTION event=snapshot_slow bot=Bob {elapsed_ms=15}
[17:08:33] [Server thread/WARN]: [AIBot] PERCEPTION event=snapshot_slow bot=Bob {elapsed_ms=15}
[17:08:33] [Server thread/INFO]: [AIBot] ACTION event=diag_snapshot bot=Bob {in_lava=false, step=, light=13, submerged=false, task_state=FAILED, held=minecraft:oak_planksx63, fall=0.0, pos=26,113,25, on_ground=true, hp=20.0/20.0, mining_idle=true, nearby=animals=0 hostiles=0, inv=minecraft:iron_pickaxex1 minecraft:iron_hoex1 minecraft:wheat_seedsx16 minecraft:oak_planksx63 minecraft:dirtx64, path_idle=true, food=20, air=300, mode=survival, task=build, task_progress=0.4, goal=none, task_phase=BUILD}
[17:08:34] [Server thread/WARN]: [AIBot] PERCEPTION event=snapshot_slow bot=Bob {elapsed_ms=15}
[17:08:34] [Server thread/WARN]: [AIBot] PERCEPTION event=snapshot_slow bot=Bob {elapsed_ms=13}
[17:08:35] [Server thread/WARN]: [AIBot] PERCEPTION event=snapshot_slow bot=Bob {elapsed_ms=14}
[17:08:35] [RCON Listener #1/INFO]: Thread RCON Client /127.0.0.1 started
[17:08:35] [Server thread/INFO]: [Rcon: Changed the block at 26, 112, 26]
[17:08:35] [RCON Client /127.0.0.1 #548/INFO]: Thread RCON Client /127.0.0.1 shutting down
[17:08:35] [Server thread/INFO]: [AIBot] ACTION event=capability_decision bot=Bob {allowed=false, reason=DENIED_STRICT_SURVIVAL, context=observable_block_query, capability=HIDDEN_BLOCK_SCAN, profile=strict_survival}
[17:08:35] [Server thread/INFO]: [AIBot] ACTION event=capability_decision bot=Bob {allowed=false, reason=DENIED_STRICT_SURVIVAL, context=perception_snapshot, capability=HIDDEN_BLOCK_SCAN, profile=strict_survival}
[17:08:35] [Server thread/WARN]: [AIBot] PERCEPTION event=snapshot_slow bot=Bob {elapsed_ms=15}
[17:08:35] [Server thread/INFO]: [AIBot] ACTION event=diag_snapshot bot=Bob {in_lava=false, step=, light=13, submerged=false, task_state=FAILED, held=minecraft:oak_planksx63, fall=0.0, pos=26,113,25, on_ground=true, hp=20.0/20.0, mining_idle=true, nearby=animals=0 hostiles=0, inv=minecraft:iron_pickaxex1 minecraft:iron_hoex1 minecraft:wheat_seedsx16 minecraft:oak_planksx63 minecraft:dirtx64, path_idle=true, food=20, air=300, mode=survival, task=build, task_progress=0.4, goal=none, task_phase=BUILD}
[17:08:36] [Server thread/INFO]: [AIBot] ACTION event=capability_decision bot=Bob {allowed=false, reason=DENIED_STRICT_SURVIVAL, context=observable_entity_query, capability=HIDDEN_BLOCK_SCAN, profile=strict_survival}
[17:08:36] [Server thread/WARN]: [AIBot] PERCEPTION event=snapshot_slow bot=Bob {elapsed_ms=18}
[17:08:36] [RCON Listener #1/INFO]: Thread RCON Client /127.0.0.1 started
[17:08:36] [Server thread/INFO]: [Rcon: Gave 16 [Oak Log] to Bob]
[17:08:36] [RCON Client /127.0.0.1 #549/INFO]: Thread RCON Client /127.0.0.1 shutting down
[17:08:36] [Server thread/WARN]: [AIBot] PERCEPTION event=snapshot_slow bot=Bob {elapsed_ms=15}
[17:08:37] [Server thread/WARN]: [AIBot] PERCEPTION event=snapshot_slow bot=Bob {elapsed_ms=17}
[17:08:37] [RCON Listener #1/INFO]: Thread RCON Client /127.0.0.1 started
[17:08:37] [Server thread/INFO]: [Rcon: Gave 4 [Chest] to Bob]
[17:08:37] [RCON Client /127.0.0.1 #550/INFO]: Thread RCON Client /127.0.0.1 shutting down
[17:08:37] [Server thread/WARN]: [AIBot] PERCEPTION event=snapshot_slow bot=Bob {elapsed_ms=21}
[17:08:37] [Server thread/INFO]: [AIBot] ACTION event=capability_decision bot=Bob {allowed=false, reason=DENIED_STRICT_SURVIVAL, context=diagnostic_nearby, capability=HIDDEN_BLOCK_SCAN, profile=strict_survival}
[17:08:37] [Server thread/INFO]: [AIBot] ACTION event=diag_snapshot bot=Bob {in_lava=false, step=, light=13, submerged=false, task_state=FAILED, held=minecraft:oak_planksx63, fall=0.0, pos=26,113,25, on_ground=true, hp=20.0/20.0, mining_idle=true, nearby=animals=0 hostiles=0, inv=minecraft:iron_pickaxex1 minecraft:iron_hoex1 minecraft:wheat_seedsx16 minecraft:oak_planksx63 minecraft:dirtx64 minecraft:oak_logx16 minecraft:chestx4, path_idle=true, food=20, air=300, mode=survival, task=build, task_progress=0.4, goal=none, task_phase=BUILD}
[17:08:38] [Server thread/WARN]: [AIBot] PERCEPTION event=snapshot_slow bot=Bob {elapsed_ms=16}
[17:08:38] [Server thread/WARN]: [AIBot] PERCEPTION event=snapshot_slow bot=Bob {elapsed_ms=13}
[17:08:39] [Server thread/WARN]: [AIBot] PERCEPTION event=snapshot_slow bot=Bob {elapsed_ms=14}
[17:08:39] [Server thread/WARN]: [AIBot] PERCEPTION event=snapshot_slow bot=Bob {elapsed_ms=15}
[17:08:39] [Server thread/INFO]: [AIBot] ACTION event=diag_snapshot bot=Bob {in_lava=false, step=, light=13, submerged=false, task_state=FAILED, held=minecraft:oak_planksx63, fall=0.0, pos=26,113,25, on_ground=true, hp=20.0/20.0, mining_idle=true, nearby=animals=0 hostiles=0, inv=minecraft:iron_pickaxex1 minecraft:iron_hoex1 minecraft:wheat_seedsx16 minecraft:oak_planksx63 minecraft:dirtx64 minecraft:oak_logx16 minecraft:chestx4, path_idle=true, food=20, air=300, mode=survival, task=build, task_progress=0.4, goal=none, task_phase=BUILD}
[17:08:39] [Server thread/INFO]: [AIBot] ACTION event=capability_decision bot=Bob {allowed=false, reason=DENIED_STRICT_SURVIVAL, context=danger_dark_trap_surface, capability=EMERGENCY_TELEPORT, profile=strict_survival}
[17:08:40] [Server thread/WARN]: [AIBot] PERCEPTION event=snapshot_slow bot=Bob {elapsed_ms=13}
[17:08:40] [Server thread/INFO]: [AIBot] ACTION event=capability_decision bot=Bob {allowed=false, reason=DENIED_STRICT_SURVIVAL, context=observable_block_query, capability=HIDDEN_BLOCK_SCAN, profile=strict_survival}
[17:08:40] [Server thread/INFO]: [AIBot] ACTION event=capability_decision bot=Bob {allowed=false, reason=DENIED_STRICT_SURVIVAL, context=perception_snapshot, capability=HIDDEN_BLOCK_SCAN, profile=strict_survival}
[17:08:40] [Server thread/WARN]: [AIBot] PERCEPTION event=snapshot_slow bot=Bob {elapsed_ms=15}
[17:08:41] [Server thread/INFO]: [AIBot] ACTION event=capability_decision bot=Bob {allowed=false, reason=DENIED_STRICT_SURVIVAL, context=observable_entity_query, capability=HIDDEN_BLOCK_SCAN, profile=strict_survival}
[17:08:41] [Server thread/WARN]: [AIBot] PERCEPTION event=snapshot_slow bot=Bob {elapsed_ms=14}
[17:08:41] [Server thread/WARN]: [AIBot] PERCEPTION event=snapshot_slow bot=Bob {elapsed_ms=17}
[17:08:41] [Server thread/INFO]: [AIBot] ACTION event=diag_snapshot bot=Bob {in_lava=false, step=, light=13, submerged=false, task_state=FAILED, held=minecraft:oak_planksx63, fall=0.0, pos=26,113,25, on_ground=true, hp=20.0/20.0, mining_idle=true, nearby=animals=0 hostiles=0, inv=minecraft:iron_pickaxex1 minecraft:iron_hoex1 minecraft:wheat_seedsx16 minecraft:oak_planksx63 minecraft:dirtx64 minecraft:oak_logx16 minecraft:chestx4, path_idle=true, food=20, air=300, mode=survival, task=build, task_progress=0.4, goal=none, task_phase=BUILD}
[17:08:42] [Server thread/WARN]: [AIBot] PERCEPTION event=snapshot_slow bot=Bob {elapsed_ms=13}
[17:08:42] [Server thread/WARN]: [AIBot] PERCEPTION event=snapshot_slow bot=Bob {elapsed_ms=15}
[17:08:43] [Server thread/WARN]: [AIBot] PERCEPTION event=snapshot_slow bot=Bob {elapsed_ms=17}
[17:08:43] [Server thread/WARN]: [AIBot] PERCEPTION event=snapshot_slow bot=Bob {elapsed_ms=13}
[17:08:43] [Server thread/INFO]: [AIBot] ACTION event=capability_decision bot=Bob {allowed=false, reason=DENIED_STRICT_SURVIVAL, context=diagnostic_nearby, capability=HIDDEN_BLOCK_SCAN, profile=strict_survival}
[17:08:43] [Server thread/INFO]: [AIBot] ACTION event=diag_snapshot bot=Bob {in_lava=false, step=, light=13, submerged=false, task_state=FAILED, held=minecraft:oak_planksx63, fall=0.0, pos=26,113,25, on_ground=true, hp=20.0/20.0, mining_idle=true, nearby=animals=1(villager@2) hostiles=0, inv=minecraft:iron_pickaxex1 minecraft:iron_hoex1 minecraft:wheat_seedsx16 minecraft:oak_planksx63 minecraft:dirtx64 minecraft:oak_logx16 minecraft:chestx4, path_idle=true, food=20, air=300, mode=survival, task=build, task_progress=0.4, goal=none, task_phase=BUILD}
[17:08:44] [Server thread/WARN]: [AIBot] PERCEPTION event=snapshot_slow bot=Bob {elapsed_ms=18}
[17:08:44] [Server thread/WARN]: [AIBot] PERCEPTION event=snapshot_slow bot=Bob {elapsed_ms=15}
[17:08:45] [Server thread/WARN]: [AIBot] PERCEPTION event=snapshot_slow bot=Bob {elapsed_ms=18}
[17:08:45] [Server thread/INFO]: [AIBot] TASK event=task_assigned bot=Bob {name=build, origin_reason=external_dsh, params=Building home_repair:r2home at 18,112,18 0/3 phase=SITE, origin=LLM_TOOL}
[17:08:45] [Server thread/INFO]: [AIBot] ACTION event=capability_decision bot=Bob {allowed=false, reason=DENIED_STRICT_SURVIVAL, context=observable_cell_query, capability=HIDDEN_BLOCK_SCAN, profile=strict_survival}
[17:08:45] [Server thread/INFO]: [AIBot] ACTION event=equip_slot bot=Bob {source_slot=6, hotbar_slot=6}
[17:08:45] [Server thread/INFO]: [AIBot] ACTION event=place bot=Bob {pos=26,113,26, face=up, item=minecraft:chest}
[17:08:45] [Server thread/INFO]: [AIBot] ACTION event=equip_slot bot=Bob {source_slot=5, hotbar_slot=5}
[17:08:45] [Server thread/INFO]: [AIBot] ACTION event=place bot=Bob {pos=27,113,26, face=up, item=minecraft:oak_log}
[17:08:45] [Server thread/INFO]: [AIBot] ACTION event=capability_decision bot=Bob {allowed=false, reason=DENIED_STRICT_SURVIVAL, context=observable_block_query, capability=HIDDEN_BLOCK_SCAN, profile=strict_survival}
[17:08:45] [Server thread/INFO]: [AIBot] ACTION event=capability_decision bot=Bob {allowed=false, reason=DENIED_STRICT_SURVIVAL, context=perception_snapshot, capability=HIDDEN_BLOCK_SCAN, profile=strict_survival}
[17:08:45] [Server thread/WARN]: [AIBot] PERCEPTION event=snapshot_slow bot=Bob {elapsed_ms=16}
[17:08:45] [Server thread/INFO]: [AIBot] ACTION event=diag_snapshot bot=Bob {in_lava=false, step=, light=13, submerged=false, task_state=RUNNING, held=minecraft:oak_logx15, fall=0.0, pos=26,113,25, on_ground=true, hp=20.0/20.0, mining_idle=true, nearby=animals=0 hostiles=0, inv=minecraft:iron_pickaxex1 minecraft:iron_hoex1 minecraft:wheat_seedsx16 minecraft:oak_planksx63 minecraft:dirtx64 minecraft:oak_logx15 minecraft:chestx3, path_idle=true, food=20, air=300, mode=survival, task=build, task_progress=0.8, goal=none, task_phase=BUILD}
[17:08:45] [Server thread/INFO]: [AIBot] ACTION event=build_target_not_observable bot=Bob {retry=0, phase=build, pos=30,113,28, bot=26,113,25}
[17:08:46] [Server thread/INFO]: [AIBot] ACTION event=capability_decision bot=Bob {allowed=false, reason=DENIED_STRICT_SURVIVAL, context=observable_entity_query, capability=HIDDEN_BLOCK_SCAN, profile=strict_survival}
[17:08:46] [Server thread/WARN]: [AIBot] PERCEPTION event=snapshot_slow bot=Bob {elapsed_ms=16}
[17:08:46] [Server thread/WARN]: [AIBot] PERCEPTION event=snapshot_slow bot=Bob {elapsed_ms=17}
[17:08:47] [Server thread/WARN]: [AIBot] PERCEPTION event=snapshot_slow bot=Bob {elapsed_ms=23}
[17:08:47] [Server thread/WARN]: [AIBot] PERCEPTION event=snapshot_slow bot=Bob {elapsed_ms=23}
[17:08:47] [Server thread/INFO]: [AIBot] ACTION event=diag_snapshot bot=Bob {in_lava=false, step=, light=15, submerged=false, task_state=RUNNING, held=minecraft:oak_logx15, fall=0.0, pos=31,113,24, on_ground=true, hp=20.0/20.0, mining_idle=true, nearby=animals=1(rabbit@3) hostiles=0, inv=minecraft:iron_pickaxex1 minecraft:iron_hoex1 minecraft:wheat_seedsx16 minecraft:oak_planksx63 minecraft:dirtx64 minecraft:oak_logx15 minecraft:chestx3, path_idle=false, food=20, air=300, mode=survival, task=build, task_progress=0.8, goal=none, task_phase=BUILD}
[17:08:47] [Server thread/INFO]: [AIBot] ACTION event=build_target_not_observable bot=Bob {retry=0, phase=build, pos=30,113,28, bot=31,113,25}
[17:08:47] [Server thread/INFO]: [AIBot] ACTION event=fake_player_step bot=Bob {reason=path_drop_down, from=class_2338{x=32, y=113, z=26}, to=class_2338{x=33, y=112, z=26}}
[17:08:48] [Server thread/WARN]: [AIBot] PERCEPTION event=snapshot_slow bot=Bob {elapsed_ms=19}
[17:08:48] [Server thread/INFO]: [AIBot] ACTION event=place bot=Bob {pos=30,113,28, face=up, item=minecraft:oak_log}
[17:08:48] [Server thread/INFO]: [AIBot] TASK event=task_completed bot=Bob {elapsed_ticks=65, name=build}
[17:08:48] [Server thread/WARN]: [AIBot] PERCEPTION event=snapshot_slow bot=Bob {elapsed_ms=23}
[17:08:49] [Server thread/WARN]: [AIBot] PERCEPTION event=snapshot_slow bot=Bob {elapsed_ms=26}
[17:08:49] [Server thread/WARN]: [AIBot] PERCEPTION event=snapshot_slow bot=Bob {elapsed_ms=25}
[17:08:49] [Server thread/INFO]: [AIBot] ACTION event=capability_decision bot=Bob {allowed=false, reason=DENIED_STRICT_SURVIVAL, context=diagnostic_nearby, capability=HIDDEN_BLOCK_SCAN, profile=strict_survival}
[17:08:49] [Server thread/INFO]: [AIBot] ACTION event=diag_snapshot bot=Bob {in_lava=false, step=, light=15, submerged=false, task_state=COMPLETED, held=minecraft:oak_logx14, fall=0.0, pos=33,112,27, on_ground=true, hp=20.0/20.0, mining_idle=true, nearby=animals=1(rabbit@5) hostiles=0, inv=minecraft:iron_pickaxex1 minecraft:iron_hoex1 minecraft:wheat_seedsx16 minecraft:oak_planksx63 minecraft:dirtx64 minecraft:oak_logx14 minecraft:chestx3, path_idle=true, food=20, air=300, mode=survival, task=build, task_progress=1.0, goal=none, task_phase=BUILD}
[17:08:50] [Server thread/WARN]: [AIBot] PERCEPTION event=snapshot_slow bot=Bob {elapsed_ms=22}
[17:08:50] [Server thread/INFO]: [AIBot] ACTION event=capability_decision bot=Bob {allowed=false, reason=DENIED_STRICT_SURVIVAL, context=observable_block_query, capability=HIDDEN_BLOCK_SCAN, profile=strict_survival}
[17:08:50] [Server thread/INFO]: [AIBot] ACTION event=capability_decision bot=Bob {allowed=false, reason=DENIED_STRICT_SURVIVAL, context=perception_snapshot, capability=HIDDEN_BLOCK_SCAN, profile=strict_survival}
[17:08:50] [Server thread/WARN]: [AIBot] PERCEPTION event=snapshot_slow bot=Bob {elapsed_ms=25}
[17:08:51] [Server thread/INFO]: [AIBot] ACTION event=capability_decision bot=Bob {allowed=false, reason=DENIED_STRICT_SURVIVAL, context=observable_entity_query, capability=HIDDEN_BLOCK_SCAN, profile=strict_survival}
[17:08:51] [Server thread/WARN]: [AIBot] PERCEPTION event=snapshot_slow bot=Bob {elapsed_ms=22}
[17:08:51] [Server thread/WARN]: [AIBot] PERCEPTION event=snapshot_slow bot=Bob {elapsed_ms=25}
[17:08:51] [Server thread/INFO]: [AIBot] ACTION event=diag_snapshot bot=Bob {in_lava=false, step=, light=15, submerged=false, task_state=COMPLETED, held=minecraft:oak_logx14, fall=0.0, pos=33,112,27, on_ground=true, hp=20.0/20.0, mining_idle=true, nearby=animals=1(rabbit@11) hostiles=0, inv=minecraft:iron_pickaxex1 minecraft:iron_hoex1 minecraft:wheat_seedsx16 minecraft:oak_planksx63 minecraft:dirtx64 minecraft:oak_logx14 minecraft:chestx3, path_idle=true, food=20, air=300, mode=survival, task=build, task_progress=1.0, goal=none, task_phase=BUILD}
[17:08:52] [Server thread/WARN]: [AIBot] PERCEPTION event=snapshot_slow bot=Bob {elapsed_ms=16}
[17:08:52] [Server thread/WARN]: [AIBot] PERCEPTION event=snapshot_slow bot=Bob {elapsed_ms=20}
[17:08:53] [Server thread/WARN]: [AIBot] PERCEPTION event=snapshot_slow bot=Bob {elapsed_ms=22}
[17:08:53] [Server thread/WARN]: [AIBot] PERCEPTION event=snapshot_slow bot=Bob {elapsed_ms=25}
[17:08:53] [Server thread/INFO]: [AIBot] ACTION event=diag_snapshot bot=Bob {in_lava=false, step=, light=15, submerged=false, task_state=COMPLETED, held=minecraft:oak_logx14, fall=0.0, pos=33,112,27, on_ground=true, hp=20.0/20.0, mining_idle=true, nearby=animals=0 hostiles=0, inv=minecraft:iron_pickaxex1 minecraft:iron_hoex1 minecraft:wheat_seedsx16 minecraft:oak_planksx63 minecraft:dirtx64 minecraft:oak_logx14 minecraft:chestx3, path_idle=true, food=20, air=300, mode=survival, task=build, task_progress=1.0, goal=none, task_phase=BUILD}
[17:08:54] [Server thread/WARN]: [AIBot] PERCEPTION event=snapshot_slow bot=Bob {elapsed_ms=20}
[17:08:54] [Server thread/WARN]: [AIBot] PERCEPTION event=snapshot_slow bot=Bob {elapsed_ms=24}
[17:08:55] [Server thread/WARN]: [AIBot] PERCEPTION event=snapshot_slow bot=Bob {elapsed_ms=20}
[17:08:55] [Server thread/INFO]: [AIBot] ACTION event=capability_decision bot=Bob {allowed=false, reason=DENIED_STRICT_SURVIVAL, context=observable_block_query, capability=HIDDEN_BLOCK_SCAN, profile=strict_survival}
[17:08:55] [Server thread/INFO]: [AIBot] ACTION event=capability_decision bot=Bob {allowed=false, reason=DENIED_STRICT_SURVIVAL, context=perception_snapshot, capability=HIDDEN_BLOCK_SCAN, profile=strict_survival}
[17:08:55] [Server thread/WARN]: [AIBot] PERCEPTION event=snapshot_slow bot=Bob {elapsed_ms=22}
[17:08:55] [Server thread/INFO]: [AIBot] ACTION event=capability_decision bot=Bob {allowed=false, reason=DENIED_STRICT_SURVIVAL, context=diagnostic_nearby, capability=HIDDEN_BLOCK_SCAN, profile=strict_survival}
[17:08:55] [Server thread/INFO]: [AIBot] ACTION event=diag_snapshot bot=Bob {in_lava=false, step=, light=15, submerged=false, task_state=COMPLETED, held=minecraft:oak_logx14, fall=0.0, pos=33,112,27, on_ground=true, hp=20.0/20.0, mining_idle=true, nearby=animals=0 hostiles=0, inv=minecraft:iron_pickaxex1 minecraft:iron_hoex1 minecraft:wheat_seedsx16 minecraft:oak_planksx63 minecraft:dirtx64 minecraft:oak_logx14 minecraft:chestx3, path_idle=true, food=20, air=300, mode=survival, task=build, task_progress=1.0, goal=none, task_phase=BUILD}
[17:08:56] [Server thread/INFO]: [AIBot] ACTION event=capability_decision bot=Bob {allowed=false, reason=DENIED_STRICT_SURVIVAL, context=observable_entity_query, capability=HIDDEN_BLOCK_SCAN, profile=strict_survival}
[17:08:56] [Server thread/WARN]: [AIBot] PERCEPTION event=snapshot_slow bot=Bob {elapsed_ms=25}
[17:08:56] [RCON Listener #1/INFO]: Thread RCON Client /127.0.0.1 started
[17:08:56] [RCON Client /127.0.0.1 #551/INFO]: Thread RCON Client /127.0.0.1 shutting down
[17:08:56] [Server thread/WARN]: [AIBot] PERCEPTION event=snapshot_slow bot=Bob {elapsed_ms=21}
[17:08:57] [RCON Listener #1/INFO]: Thread RCON Client /127.0.0.1 started
[17:08:57] [RCON Client /127.0.0.1 #552/INFO]: Thread RCON Client /127.0.0.1 shutting down
[17:08:57] [Server thread/WARN]: [AIBot] PERCEPTION event=snapshot_slow bot=Bob {elapsed_ms=19}
[17:08:57] [Server thread/WARN]: [AIBot] PERCEPTION event=snapshot_slow bot=Bob {elapsed_ms=21}
[17:08:57] [Server thread/INFO]: [AIBot] ACTION event=diag_snapshot bot=Bob {in_lava=false, step=, light=15, submerged=false, task_state=COMPLETED, held=minecraft:oak_logx14, fall=0.0, pos=33,112,27, on_ground=true, hp=20.0/20.0, mining_idle=true, nearby=animals=0 hostiles=0, inv=minecraft:iron_pickaxex1 minecraft:iron_hoex1 minecraft:wheat_seedsx16 minecraft:oak_planksx63 minecraft:dirtx64 minecraft:oak_logx14 minecraft:chestx3, path_idle=true, food=20, air=300, mode=survival, task=build, task_progress=1.0, goal=none, task_phase=BUILD}
[17:08:57] [RCON Listener #1/INFO]: Thread RCON Client /127.0.0.1 started
[17:08:57] [RCON Client /127.0.0.1 #553/INFO]: Thread RCON Client /127.0.0.1 shutting down
[17:08:58] [Server thread/WARN]: [AIBot] PERCEPTION event=snapshot_slow bot=Bob {elapsed_ms=22}
[17:08:58] [RCON Listener #1/INFO]: Thread RCON Client /127.0.0.1 started
[17:08:58] [Server thread/WARN]: [AIBot] PERCEPTION event=snapshot_slow bot=Bob {elapsed_ms=23}
[17:08:58] [RCON Client /127.0.0.1 #554/INFO]: Thread RCON Client /127.0.0.1 shutting down
[17:08:59] [Server thread/WARN]: [AIBot] PERCEPTION event=snapshot_slow bot=Bob {elapsed_ms=21}
[17:08:59] [Server thread/WARN]: [AIBot] PERCEPTION event=snapshot_slow bot=Bob {elapsed_ms=21}
[17:08:59] [Server thread/INFO]: [AIBot] ACTION event=diag_snapshot bot=Bob {in_lava=false, step=, light=15, submerged=false, task_state=COMPLETED, held=minecraft:oak_logx14, fall=0.0, pos=33,112,27, on_ground=true, hp=20.0/20.0, mining_idle=true, nearby=animals=0 hostiles=0, inv=minecraft:iron_pickaxex1 minecraft:iron_hoex1 minecraft:wheat_seedsx16 minecraft:oak_planksx63 minecraft:dirtx64 minecraft:oak_logx14 minecraft:chestx3, path_idle=true, food=20, air=300, mode=survival, task=build, task_progress=1.0, goal=none, task_phase=BUILD}
[17:09:00] [Server thread/WARN]: [AIBot] PERCEPTION event=snapshot_slow bot=Bob {elapsed_ms=21}
[17:09:00] [Server thread/INFO]: [AIBot] ACTION event=capability_decision bot=Bob {allowed=false, reason=DENIED_STRICT_SURVIVAL, context=observable_block_query, capability=HIDDEN_BLOCK_SCAN, profile=strict_survival}
[17:09:00] [Server thread/INFO]: [AIBot] ACTION event=capability_decision bot=Bob {allowed=false, reason=DENIED_STRICT_SURVIVAL, context=perception_snapshot, capability=HIDDEN_BLOCK_SCAN, profile=strict_survival}
[17:09:00] [Server thread/WARN]: [AIBot] PERCEPTION event=snapshot_slow bot=Bob {elapsed_ms=20}
[17:09:01] [Server thread/INFO]: [AIBot] ACTION event=capability_decision bot=Bob {allowed=false, reason=DENIED_STRICT_SURVIVAL, context=observable_entity_query, capability=HIDDEN_BLOCK_SCAN, profile=strict_survival}
[17:09:01] [Server thread/WARN]: [AIBot] PERCEPTION event=snapshot_slow bot=Bob {elapsed_ms=20}
[17:09:01] [Server thread/WARN]: [AIBot] PERCEPTION event=snapshot_slow bot=Bob {elapsed_ms=20}
[17:09:01] [Server thread/INFO]: [AIBot] ACTION event=capability_decision bot=Bob {allowed=false, reason=DENIED_STRICT_SURVIVAL, context=diagnostic_nearby, capability=HIDDEN_BLOCK_SCAN, profile=strict_survival}
[17:09:01] [Server thread/INFO]: [AIBot] ACTION event=diag_snapshot bot=Bob {in_lava=false, step=, light=15, submerged=false, task_state=COMPLETED, held=minecraft:oak_logx14, fall=0.0, pos=33,112,27, on_ground=true, hp=20.0/20.0, mining_idle=true, nearby=animals=0 hostiles=0, inv=minecraft:iron_pickaxex1 minecraft:iron_hoex1 minecraft:wheat_seedsx16 minecraft:oak_planksx63 minecraft:dirtx64 minecraft:oak_logx14 minecraft:chestx3, path_idle=true, food=20, air=300, mode=survival, task=build, task_progress=1.0, goal=none, task_phase=BUILD}
[17:09:02] [Server thread/WARN]: [AIBot] PERCEPTION event=snapshot_slow bot=Bob {elapsed_ms=19}
[17:09:02] [Server thread/WARN]: [AIBot] PERCEPTION event=snapshot_slow bot=Bob {elapsed_ms=22}
[17:09:03] [Server thread/WARN]: [AIBot] PERCEPTION event=snapshot_slow bot=Bob {elapsed_ms=18}
[17:09:03] [Server thread/WARN]: [AIBot] PERCEPTION event=snapshot_slow bot=Bob {elapsed_ms=19}
[17:09:03] [Server thread/INFO]: [AIBot] ACTION event=diag_snapshot bot=Bob {in_lava=false, step=, light=15, submerged=false, task_state=COMPLETED, held=minecraft:oak_logx14, fall=0.0, pos=33,112,27, on_ground=true, hp=20.0/20.0, mining_idle=true, nearby=animals=0 hostiles=0, inv=minecraft:iron_pickaxex1 minecraft:iron_hoex1 minecraft:wheat_seedsx16 minecraft:oak_planksx63 minecraft:dirtx64 minecraft:oak_logx14 minecraft:chestx3, path_idle=true, food=20, air=300, mode=survival, task=build, task_progress=1.0, goal=none, task_phase=BUILD}
[17:09:04] [Server thread/WARN]: [AIBot] PERCEPTION event=snapshot_slow bot=Bob {elapsed_ms=20}
[17:09:04] [Server thread/WARN]: [AIBot] PERCEPTION event=snapshot_slow bot=Bob {elapsed_ms=23}
[17:09:05] [Server thread/WARN]: [AIBot] PERCEPTION event=snapshot_slow bot=Bob {elapsed_ms=25}
[17:09:05] [Server thread/INFO]: [AIBot] LIFECYCLE event=mixin_alive bot=- {server_tick=2400}
[17:09:05] [Server thread/INFO]: [AIBot] ACTION event=capability_decision bot=Bob {allowed=false, reason=DENIED_STRICT_SURVIVAL, context=observable_block_query, capability=HIDDEN_BLOCK_SCAN, profile=strict_survival}
[17:09:05] [Server thread/INFO]: [AIBot] ACTION event=capability_decision bot=Bob {allowed=false, reason=DENIED_STRICT_SURVIVAL, context=perception_snapshot, capability=HIDDEN_BLOCK_SCAN, profile=strict_survival}
[17:09:05] [Server thread/WARN]: [AIBot] PERCEPTION event=snapshot_slow bot=Bob {elapsed_ms=23}
[17:09:05] [Server thread/INFO]: [AIBot] ACTION event=diag_snapshot bot=Bob {in_lava=false, step=, light=15, submerged=false, task_state=COMPLETED, held=minecraft:oak_logx14, fall=0.0, pos=33,112,27, on_ground=true, hp=20.0/20.0, mining_idle=true, nearby=animals=0 hostiles=0, inv=minecraft:iron_pickaxex1 minecraft:iron_hoex1 minecraft:wheat_seedsx16 minecraft:oak_planksx63 minecraft:dirtx64 minecraft:oak_logx14 minecraft:chestx3, path_idle=true, food=20, air=300, mode=survival, task=build, task_progress=1.0, goal=none, task_phase=BUILD}
[17:09:06] [Server thread/INFO]: [AIBot] ACTION event=capability_decision bot=Bob {allowed=false, reason=DENIED_STRICT_SURVIVAL, context=observable_entity_query, capability=HIDDEN_BLOCK_SCAN, profile=strict_survival}
[17:09:06] [Server thread/WARN]: [AIBot] PERCEPTION event=snapshot_slow bot=Bob {elapsed_ms=26}
[17:09:06] [RCON Listener #1/INFO]: Thread RCON Client /127.0.0.1 started
[17:09:06] [Server thread/INFO]: [Rcon: Successfully filled 22 block(s)]
[17:09:06] [RCON Client /127.0.0.1 #555/INFO]: Thread RCON Client /127.0.0.1 shutting down
[17:09:06] [Server thread/WARN]: [AIBot] PERCEPTION event=snapshot_slow bot=Bob {elapsed_ms=17}
[17:09:07] [Server thread/WARN]: [AIBot] PERCEPTION event=snapshot_slow bot=Bob {elapsed_ms=21}
[17:09:07] [RCON Listener #1/INFO]: Thread RCON Client /127.0.0.1 started
[17:09:07] [Server thread/INFO]: [Rcon: Successfully filled 6 block(s)]
[17:09:07] [RCON Client /127.0.0.1 #556/INFO]: Thread RCON Client /127.0.0.1 shutting down
[17:09:07] [Server thread/WARN]: [AIBot] PERCEPTION event=snapshot_slow bot=Bob {elapsed_ms=20}
[17:09:07] [Server thread/INFO]: [AIBot] ACTION event=capability_decision bot=Bob {allowed=false, reason=DENIED_STRICT_SURVIVAL, context=diagnostic_nearby, capability=HIDDEN_BLOCK_SCAN, profile=strict_survival}
[17:09:07] [Server thread/INFO]: [AIBot] ACTION event=diag_snapshot bot=Bob {in_lava=false, step=, light=15, submerged=false, task_state=COMPLETED, held=minecraft:oak_logx14, fall=0.0, pos=33,112,27, on_ground=true, hp=20.0/20.0, mining_idle=true, nearby=animals=0 hostiles=0, inv=minecraft:iron_pickaxex1 minecraft:iron_hoex1 minecraft:wheat_seedsx16 minecraft:oak_planksx63 minecraft:dirtx64 minecraft:oak_logx14 minecraft:chestx3, path_idle=true, food=20, air=300, mode=survival, task=build, task_progress=1.0, goal=none, task_phase=BUILD}
[17:09:08] [Server thread/WARN]: [AIBot] PERCEPTION event=snapshot_slow bot=Bob {elapsed_ms=25}
[17:09:08] [RCON Listener #1/INFO]: Thread RCON Client /127.0.0.1 started
[17:09:08] [Server thread/INFO]: [Rcon: Changed the block at 52, 116, 6]
[17:09:08] [RCON Client /127.0.0.1 #557/INFO]: Thread RCON Client /127.0.0.1 shutting down
[17:09:08] [Server thread/WARN]: [AIBot] PERCEPTION event=snapshot_slow bot=Bob {elapsed_ms=15}
[17:09:09] [Server thread/WARN]: [AIBot] PERCEPTION event=snapshot_slow bot=Bob {elapsed_ms=25}
[17:09:09] [RCON Listener #1/INFO]: Thread RCON Client /127.0.0.1 started
[17:09:09] [Server thread/INFO]: [Rcon: Teleported Bob to 52.500000, 113.000000, 5.500000]
[17:09:09] [RCON Client /127.0.0.1 #558/INFO]: Thread RCON Client /127.0.0.1 shutting down
[17:09:09] [Server thread/WARN]: [AIBot] PERCEPTION event=snapshot_slow bot=Bob {elapsed_ms=43}
[17:09:09] [Server thread/INFO]: [AIBot] ACTION event=diag_snapshot bot=Bob {in_lava=false, step=, light=15, submerged=false, task_state=COMPLETED, held=minecraft:oak_logx14, fall=0.0, pos=52,112,5, on_ground=false, hp=20.0/20.0, mining_idle=true, nearby=animals=0 hostiles=0, inv=minecraft:iron_pickaxex1 minecraft:iron_hoex1 minecraft:wheat_seedsx16 minecraft:oak_planksx63 minecraft:dirtx64 minecraft:oak_logx14 minecraft:chestx3, path_idle=true, food=20, air=300, mode=survival, task=build, task_progress=1.0, goal=none, task_phase=BUILD}
[17:09:10] [Server thread/WARN]: [AIBot] PERCEPTION event=snapshot_slow bot=Bob {elapsed_ms=25}
[17:09:10] [Server thread/INFO]: [AIBot] ACTION event=capability_decision bot=Bob {allowed=false, reason=DENIED_STRICT_SURVIVAL, context=observable_block_query, capability=HIDDEN_BLOCK_SCAN, profile=strict_survival}
[17:09:10] [Server thread/INFO]: [AIBot] ACTION event=capability_decision bot=Bob {allowed=false, reason=DENIED_STRICT_SURVIVAL, context=perception_snapshot, capability=HIDDEN_BLOCK_SCAN, profile=strict_survival}
[17:09:10] [Server thread/WARN]: [AIBot] PERCEPTION event=snapshot_slow bot=Bob {elapsed_ms=22}
[17:09:11] [Server thread/WARN]: [AIBot] PERCEPTION event=snapshot_slow bot=Bob {elapsed_ms=23}
[17:09:11] [Server thread/WARN]: [AIBot] PERCEPTION event=snapshot_slow bot=Bob {elapsed_ms=25}
[17:09:11] [Server thread/INFO]: [AIBot] ACTION event=diag_snapshot bot=Bob {in_lava=false, step=, light=15, submerged=false, task_state=COMPLETED, held=minecraft:oak_logx14, fall=0.0, pos=52,111,5, on_ground=true, hp=20.0/20.0, mining_idle=true, nearby=animals=0 hostiles=0, inv=minecraft:iron_pickaxex1 minecraft:iron_hoex1 minecraft:wheat_seedsx16 minecraft:oak_planksx63 minecraft:dirtx64 minecraft:oak_logx14 minecraft:chestx3, path_idle=true, food=20, air=300, mode=survival, task=build, task_progress=1.0, goal=none, task_phase=BUILD}
[17:09:12] [Server thread/WARN]: [AIBot] PERCEPTION event=snapshot_slow bot=Bob {elapsed_ms=29}
[17:09:12] [Server thread/WARN]: [AIBot] PERCEPTION event=snapshot_slow bot=Bob {elapsed_ms=25}
[17:09:13] [Server thread/WARN]: [AIBot] PERCEPTION event=snapshot_slow bot=Bob {elapsed_ms=24}
[17:09:13] [Server thread/WARN]: [AIBot] PERCEPTION event=snapshot_slow bot=Bob {elapsed_ms=23}
[17:09:13] [Server thread/INFO]: [AIBot] ACTION event=capability_decision bot=Bob {allowed=false, reason=DENIED_STRICT_SURVIVAL, context=diagnostic_nearby, capability=HIDDEN_BLOCK_SCAN, profile=strict_survival}
[17:09:13] [Server thread/INFO]: [AIBot] ACTION event=diag_snapshot bot=Bob {in_lava=false, step=, light=15, submerged=false, task_state=COMPLETED, held=minecraft:oak_logx14, fall=0.0, pos=52,111,5, on_ground=true, hp=20.0/20.0, mining_idle=true, nearby=animals=0 hostiles=0, inv=minecraft:iron_pickaxex1 minecraft:iron_hoex1 minecraft:wheat_seedsx16 minecraft:oak_planksx63 minecraft:dirtx64 minecraft:oak_logx14 minecraft:chestx3, path_idle=true, food=20, air=300, mode=survival, task=build, task_progress=1.0, goal=none, task_phase=BUILD}
[17:09:14] [Server thread/WARN]: [AIBot] PERCEPTION event=snapshot_slow bot=Bob {elapsed_ms=26}
[17:09:14] [Server thread/WARN]: [AIBot] PERCEPTION event=snapshot_slow bot=Bob {elapsed_ms=26}
[17:09:15] [Server thread/WARN]: [AIBot] PERCEPTION event=snapshot_slow bot=Bob {elapsed_ms=23}
[17:09:15] [Server thread/INFO]: [AIBot] ACTION event=capability_decision bot=Bob {allowed=false, reason=DENIED_STRICT_SURVIVAL, context=observable_block_query, capability=HIDDEN_BLOCK_SCAN, profile=strict_survival}
[17:09:15] [Server thread/INFO]: [AIBot] ACTION event=capability_decision bot=Bob {allowed=false, reason=DENIED_STRICT_SURVIVAL, context=perception_snapshot, capability=HIDDEN_BLOCK_SCAN, profile=strict_survival}
[17:09:15] [Server thread/WARN]: [AIBot] PERCEPTION event=snapshot_slow bot=Bob {elapsed_ms=26}
[17:09:15] [Server thread/INFO]: [AIBot] ACTION event=diag_snapshot bot=Bob {in_lava=false, step=, light=15, submerged=false, task_state=COMPLETED, held=minecraft:oak_logx14, fall=0.0, pos=52,111,5, on_ground=true, hp=20.0/20.0, mining_idle=true, nearby=animals=0 hostiles=0, inv=minecraft:iron_pickaxex1 minecraft:iron_hoex1 minecraft:wheat_seedsx16 minecraft:oak_planksx63 minecraft:dirtx64 minecraft:oak_logx14 minecraft:chestx3, path_idle=true, food=20, air=300, mode=survival, task=build, task_progress=1.0, goal=none, task_phase=BUILD}
[17:09:16] [Server thread/WARN]: [AIBot] PERCEPTION event=snapshot_slow bot=Bob {elapsed_ms=23}
[17:09:16] [Server thread/WARN]: [AIBot] PERCEPTION event=snapshot_slow bot=Bob {elapsed_ms=26}
[17:09:17] [Server thread/WARN]: [AIBot] PERCEPTION event=snapshot_slow bot=Bob {elapsed_ms=28}
[17:09:17] [Server thread/WARN]: [AIBot] PERCEPTION event=snapshot_slow bot=Bob {elapsed_ms=25}
[17:09:17] [Server thread/INFO]: [AIBot] ACTION event=diag_snapshot bot=Bob {in_lava=false, step=, light=15, submerged=false, task_state=COMPLETED, held=minecraft:oak_logx14, fall=0.0, pos=52,111,5, on_ground=true, hp=20.0/20.0, mining_idle=true, nearby=animals=0 hostiles=0, inv=minecraft:iron_pickaxex1 minecraft:iron_hoex1 minecraft:wheat_seedsx16 minecraft:oak_planksx63 minecraft:dirtx64 minecraft:oak_logx14 minecraft:chestx3, path_idle=true, food=20, air=300, mode=survival, task=build, task_progress=1.0, goal=none, task_phase=BUILD}
[17:09:18] [Server thread/WARN]: [AIBot] PERCEPTION event=snapshot_slow bot=Bob {elapsed_ms=24}
[17:09:18] [Server thread/WARN]: [AIBot] PERCEPTION event=snapshot_slow bot=Bob {elapsed_ms=26}
[17:09:19] [Server thread/WARN]: [AIBot] PERCEPTION event=snapshot_slow bot=Bob {elapsed_ms=21}
[17:09:19] [Server thread/WARN]: [AIBot] PERCEPTION event=snapshot_slow bot=Bob {elapsed_ms=20}
[17:09:19] [Server thread/INFO]: [AIBot] ACTION event=capability_decision bot=Bob {allowed=false, reason=DENIED_STRICT_SURVIVAL, context=diagnostic_nearby, capability=HIDDEN_BLOCK_SCAN, profile=strict_survival}
[17:09:19] [Server thread/INFO]: [AIBot] ACTION event=diag_snapshot bot=Bob {in_lava=false, step=, light=15, submerged=false, task_state=COMPLETED, held=minecraft:oak_logx14, fall=0.0, pos=52,111,5, on_ground=true, hp=20.0/20.0, mining_idle=true, nearby=animals=0 hostiles=0, inv=minecraft:iron_pickaxex1 minecraft:iron_hoex1 minecraft:wheat_seedsx16 minecraft:oak_planksx63 minecraft:dirtx64 minecraft:oak_logx14 minecraft:chestx3, path_idle=true, food=20, air=300, mode=survival, task=build, task_progress=1.0, goal=none, task_phase=BUILD}
[17:09:20] [Server thread/WARN]: [AIBot] PERCEPTION event=snapshot_slow bot=Bob {elapsed_ms=24}
[17:09:20] [Server thread/INFO]: [AIBot] ACTION event=capability_decision bot=Bob {allowed=false, reason=DENIED_STRICT_SURVIVAL, context=observable_block_query, capability=HIDDEN_BLOCK_SCAN, profile=strict_survival}
[17:09:20] [Server thread/INFO]: [AIBot] ACTION event=capability_decision bot=Bob {allowed=false, reason=DENIED_STRICT_SURVIVAL, context=perception_snapshot, capability=HIDDEN_BLOCK_SCAN, profile=strict_survival}
[17:09:20] [Server thread/WARN]: [AIBot] PERCEPTION event=snapshot_slow bot=Bob {elapsed_ms=23}
[17:09:21] [Server thread/WARN]: [AIBot] PERCEPTION event=snapshot_slow bot=Bob {elapsed_ms=27}
[17:09:21] [Server thread/WARN]: [AIBot] PERCEPTION event=snapshot_slow bot=Bob {elapsed_ms=20}
[17:09:21] [Server thread/INFO]: [AIBot] ACTION event=diag_snapshot bot=Bob {in_lava=false, step=, light=15, submerged=false, task_state=COMPLETED, held=minecraft:oak_logx14, fall=0.0, pos=52,111,5, on_ground=true, hp=20.0/20.0, mining_idle=true, nearby=animals=0 hostiles=0, inv=minecraft:iron_pickaxex1 minecraft:iron_hoex1 minecraft:wheat_seedsx16 minecraft:oak_planksx63 minecraft:dirtx64 minecraft:oak_logx14 minecraft:chestx3, path_idle=true, food=20, air=300, mode=survival, task=build, task_progress=1.0, goal=none, task_phase=BUILD}
[17:09:22] [Server thread/WARN]: [AIBot] PERCEPTION event=snapshot_slow bot=Bob {elapsed_ms=26}
[17:09:22] [Server thread/WARN]: [AIBot] PERCEPTION event=snapshot_slow bot=Bob {elapsed_ms=22}
[17:09:23] [Server thread/WARN]: [AIBot] PERCEPTION event=snapshot_slow bot=Bob {elapsed_ms=27}
[17:09:23] [Server thread/WARN]: [AIBot] PERCEPTION event=snapshot_slow bot=Bob {elapsed_ms=25}
[17:09:23] [Server thread/INFO]: [AIBot] ACTION event=diag_snapshot bot=Bob {in_lava=false, step=, light=15, submerged=false, task_state=COMPLETED, held=minecraft:oak_logx14, fall=0.0, pos=52,111,5, on_ground=true, hp=20.0/20.0, mining_idle=true, nearby=animals=0 hostiles=0, inv=minecraft:iron_pickaxex1 minecraft:iron_hoex1 minecraft:wheat_seedsx16 minecraft:oak_planksx63 minecraft:dirtx64 minecraft:oak_logx14 minecraft:chestx3, path_idle=true, food=20, air=300, mode=survival, task=build, task_progress=1.0, goal=none, task_phase=BUILD}
[17:09:24] [Server thread/WARN]: [AIBot] PERCEPTION event=snapshot_slow bot=Bob {elapsed_ms=25}
[17:09:24] [Server thread/WARN]: [AIBot] PERCEPTION event=snapshot_slow bot=Bob {elapsed_ms=20}
[17:09:25] [Server thread/WARN]: [AIBot] PERCEPTION event=snapshot_slow bot=Bob {elapsed_ms=22}
[17:09:25] [Server thread/INFO]: [AIBot] ACTION event=capability_decision bot=Bob {allowed=false, reason=DENIED_STRICT_SURVIVAL, context=observable_block_query, capability=HIDDEN_BLOCK_SCAN, profile=strict_survival}
[17:09:25] [Server thread/INFO]: [AIBot] ACTION event=capability_decision bot=Bob {allowed=false, reason=DENIED_STRICT_SURVIVAL, context=perception_snapshot, capability=HIDDEN_BLOCK_SCAN, profile=strict_survival}
[17:09:25] [Server thread/WARN]: [AIBot] PERCEPTION event=snapshot_slow bot=Bob {elapsed_ms=19}
[17:09:25] [Server thread/INFO]: [AIBot] ACTION event=capability_decision bot=Bob {allowed=false, reason=DENIED_STRICT_SURVIVAL, context=diagnostic_nearby, capability=HIDDEN_BLOCK_SCAN, profile=strict_survival}
[17:09:25] [Server thread/INFO]: [AIBot] ACTION event=diag_snapshot bot=Bob {in_lava=false, step=, light=15, submerged=false, task_state=COMPLETED, held=minecraft:oak_logx14, fall=0.0, pos=52,111,5, on_ground=true, hp=20.0/20.0, mining_idle=true, nearby=animals=0 hostiles=0, inv=minecraft:iron_pickaxex1 minecraft:iron_hoex1 minecraft:wheat_seedsx16 minecraft:oak_planksx63 minecraft:dirtx64 minecraft:oak_logx14 minecraft:chestx3, path_idle=true, food=20, air=300, mode=survival, task=build, task_progress=1.0, goal=none, task_phase=BUILD}
[17:09:26] [Server thread/WARN]: [AIBot] PERCEPTION event=snapshot_slow bot=Bob {elapsed_ms=24}
[17:09:26] [Server thread/WARN]: [AIBot] PERCEPTION event=snapshot_slow bot=Bob {elapsed_ms=26}
[17:09:27] [Server thread/WARN]: [AIBot] PERCEPTION event=snapshot_slow bot=Bob {elapsed_ms=24}
[17:09:27] [Server thread/WARN]: [AIBot] PERCEPTION event=snapshot_slow bot=Bob {elapsed_ms=23}
[17:09:27] [Server thread/INFO]: [AIBot] ACTION event=diag_snapshot bot=Bob {in_lava=false, step=, light=15, submerged=false, task_state=COMPLETED, held=minecraft:oak_logx14, fall=0.0, pos=52,111,5, on_ground=true, hp=20.0/20.0, mining_idle=true, nearby=animals=0 hostiles=0, inv=minecraft:iron_pickaxex1 minecraft:iron_hoex1 minecraft:wheat_seedsx16 minecraft:oak_planksx63 minecraft:dirtx64 minecraft:oak_logx14 minecraft:chestx3, path_idle=true, food=20, air=300, mode=survival, task=build, task_progress=1.0, goal=none, task_phase=BUILD}
[17:09:28] [Server thread/WARN]: [AIBot] PERCEPTION event=snapshot_slow bot=Bob {elapsed_ms=24}
[17:09:28] [Server thread/WARN]: [AIBot] PERCEPTION event=snapshot_slow bot=Bob {elapsed_ms=23}
[17:09:29] [Server thread/WARN]: [AIBot] PERCEPTION event=snapshot_slow bot=Bob {elapsed_ms=20}
[17:09:29] [Server thread/WARN]: [AIBot] PERCEPTION event=snapshot_slow bot=Bob {elapsed_ms=24}
[17:09:29] [Server thread/INFO]: [AIBot] ACTION event=capability_decision bot=Bob {allowed=false, reason=DENIED_STRICT_SURVIVAL, context=observable_entity_query, capability=HIDDEN_BLOCK_SCAN, profile=strict_survival}
[17:09:29] [Server thread/INFO]: [AIBot] ACTION event=diag_snapshot bot=Bob {in_lava=false, step=, light=15, submerged=false, task_state=COMPLETED, held=minecraft:oak_logx14, fall=0.0, pos=52,111,5, on_ground=true, hp=20.0/20.0, mining_idle=true, nearby=animals=0 hostiles=0, inv=minecraft:iron_pickaxex1 minecraft:iron_hoex1 minecraft:wheat_seedsx16 minecraft:oak_planksx63 minecraft:dirtx64 minecraft:oak_logx14 minecraft:chestx3, path_idle=true, food=20, air=300, mode=survival, task=build, task_progress=1.0, goal=none, task_phase=BUILD}
[17:09:30] [Server thread/WARN]: [AIBot] PERCEPTION event=snapshot_slow bot=Bob {elapsed_ms=21}
[17:09:30] [Server thread/INFO]: [AIBot] ACTION event=capability_decision bot=Bob {allowed=false, reason=DENIED_STRICT_SURVIVAL, context=observable_block_query, capability=HIDDEN_BLOCK_SCAN, profile=strict_survival}
[17:09:30] [Server thread/INFO]: [AIBot] ACTION event=capability_decision bot=Bob {allowed=false, reason=DENIED_STRICT_SURVIVAL, context=perception_snapshot, capability=HIDDEN_BLOCK_SCAN, profile=strict_survival}
[17:09:30] [Server thread/WARN]: [AIBot] PERCEPTION event=snapshot_slow bot=Bob {elapsed_ms=23}
[17:09:31] [Server thread/WARN]: [AIBot] PERCEPTION event=snapshot_slow bot=Bob {elapsed_ms=25}
[17:09:31] [Server thread/WARN]: [AIBot] PERCEPTION event=snapshot_slow bot=Bob {elapsed_ms=25}
[17:09:31] [Server thread/INFO]: [AIBot] ACTION event=capability_decision bot=Bob {allowed=false, reason=DENIED_STRICT_SURVIVAL, context=diagnostic_nearby, capability=HIDDEN_BLOCK_SCAN, profile=strict_survival}
[17:09:31] [Server thread/INFO]: [AIBot] ACTION event=diag_snapshot bot=Bob {in_lava=false, step=, light=15, submerged=false, task_state=COMPLETED, held=minecraft:oak_logx14, fall=0.0, pos=52,111,5, on_ground=true, hp=20.0/20.0, mining_idle=true, nearby=animals=0 hostiles=0, inv=minecraft:iron_pickaxex1 minecraft:iron_hoex1 minecraft:wheat_seedsx16 minecraft:oak_planksx63 minecraft:dirtx64 minecraft:oak_logx14 minecraft:chestx3, path_idle=true, food=20, air=300, mode=survival, task=build, task_progress=1.0, goal=none, task_phase=BUILD}
[17:09:32] [Server thread/WARN]: [AIBot] PERCEPTION event=snapshot_slow bot=Bob {elapsed_ms=21}
[17:09:32] [Server thread/WARN]: [AIBot] PERCEPTION event=snapshot_slow bot=Bob {elapsed_ms=23}
[17:09:33] [Server thread/WARN]: [AIBot] PERCEPTION event=snapshot_slow bot=Bob {elapsed_ms=25}
[17:09:33] [Server thread/WARN]: [AIBot] PERCEPTION event=snapshot_slow bot=Bob {elapsed_ms=23}
[17:09:33] [Server thread/INFO]: [AIBot] ACTION event=diag_snapshot bot=Bob {in_lava=false, step=, light=15, submerged=false, task_state=COMPLETED, held=minecraft:oak_logx14, fall=0.0, pos=52,111,5, on_ground=true, hp=20.0/20.0, mining_idle=true, nearby=animals=0 hostiles=0, inv=minecraft:iron_pickaxex1 minecraft:iron_hoex1 minecraft:wheat_seedsx16 minecraft:oak_planksx63 minecraft:dirtx64 minecraft:oak_logx14 minecraft:chestx3, path_idle=true, food=20, air=300, mode=survival, task=build, task_progress=1.0, goal=none, task_phase=BUILD}
[17:09:34] [Server thread/WARN]: [AIBot] PERCEPTION event=snapshot_slow bot=Bob {elapsed_ms=24}
[17:09:34] [Server thread/WARN]: [AIBot] PERCEPTION event=snapshot_slow bot=Bob {elapsed_ms=23}
[17:09:35] [Server thread/WARN]: [AIBot] PERCEPTION event=snapshot_slow bot=Bob {elapsed_ms=24}
[17:09:35] [Server thread/INFO]: [AIBot] ACTION event=capability_decision bot=Bob {allowed=false, reason=DENIED_STRICT_SURVIVAL, context=observable_block_query, capability=HIDDEN_BLOCK_SCAN, profile=strict_survival}
[17:09:35] [Server thread/INFO]: [AIBot] ACTION event=capability_decision bot=Bob {allowed=false, reason=DENIED_STRICT_SURVIVAL, context=perception_snapshot, capability=HIDDEN_BLOCK_SCAN, profile=strict_survival}
[17:09:35] [Server thread/WARN]: [AIBot] PERCEPTION event=snapshot_slow bot=Bob {elapsed_ms=26}
[17:09:35] [Server thread/INFO]: [AIBot] ACTION event=capability_decision bot=Bob {allowed=false, reason=DENIED_STRICT_SURVIVAL, context=observable_entity_query, capability=HIDDEN_BLOCK_SCAN, profile=strict_survival}
[17:09:35] [Server thread/INFO]: [AIBot] ACTION event=diag_snapshot bot=Bob {in_lava=false, step=, light=15, submerged=false, task_state=COMPLETED, held=minecraft:oak_logx14, fall=0.0, pos=52,111,5, on_ground=true, hp=20.0/20.0, mining_idle=true, nearby=animals=0 hostiles=0, inv=minecraft:iron_pickaxex1 minecraft:iron_hoex1 minecraft:wheat_seedsx16 minecraft:oak_planksx63 minecraft:dirtx64 minecraft:oak_logx14 minecraft:chestx3, path_idle=true, food=20, air=300, mode=survival, task=build, task_progress=1.0, goal=none, task_phase=BUILD}
[17:09:36] [Server thread/WARN]: [AIBot] PERCEPTION event=snapshot_slow bot=Bob {elapsed_ms=20}
[17:09:36] [Server thread/WARN]: [AIBot] PERCEPTION event=snapshot_slow bot=Bob {elapsed_ms=23}
[17:09:37] [Server thread/WARN]: [AIBot] PERCEPTION event=snapshot_slow bot=Bob {elapsed_ms=21}
[17:09:37] [Server thread/WARN]: [AIBot] PERCEPTION event=snapshot_slow bot=Bob {elapsed_ms=21}
[17:09:37] [Server thread/INFO]: [AIBot] ACTION event=capability_decision bot=Bob {allowed=false, reason=DENIED_STRICT_SURVIVAL, context=diagnostic_nearby, capability=HIDDEN_BLOCK_SCAN, profile=strict_survival}
[17:09:37] [Server thread/INFO]: [AIBot] ACTION event=diag_snapshot bot=Bob {in_lava=false, step=, light=15, submerged=false, task_state=COMPLETED, held=minecraft:oak_logx14, fall=0.0, pos=52,111,5, on_ground=true, hp=20.0/20.0, mining_idle=true, nearby=animals=0 hostiles=0, inv=minecraft:iron_pickaxex1 minecraft:iron_hoex1 minecraft:wheat_seedsx16 minecraft:oak_planksx63 minecraft:dirtx64 minecraft:oak_logx14 minecraft:chestx3, path_idle=true, food=20, air=300, mode=survival, task=build, task_progress=1.0, goal=none, task_phase=BUILD}
[17:09:38] [Server thread/WARN]: [AIBot] PERCEPTION event=snapshot_slow bot=Bob {elapsed_ms=18}
[17:09:38] [Server thread/WARN]: [AIBot] PERCEPTION event=snapshot_slow bot=Bob {elapsed_ms=17}
[17:09:39] [Server thread/WARN]: [AIBot] PERCEPTION event=snapshot_slow bot=Bob {elapsed_ms=22}
[17:09:39] [Server thread/WARN]: [AIBot] PERCEPTION event=snapshot_slow bot=Bob {elapsed_ms=23}
[17:09:39] [Server thread/INFO]: [AIBot] ACTION event=diag_snapshot bot=Bob {in_lava=false, step=, light=15, submerged=false, task_state=COMPLETED, held=minecraft:oak_logx14, fall=0.0, pos=52,111,5, on_ground=true, hp=20.0/20.0, mining_idle=true, nearby=animals=0 hostiles=0, inv=minecraft:iron_pickaxex1 minecraft:iron_hoex1 minecraft:wheat_seedsx16 minecraft:oak_planksx63 minecraft:dirtx64 minecraft:oak_logx14 minecraft:chestx3, path_idle=true, food=20, air=300, mode=survival, task=build, task_progress=1.0, goal=none, task_phase=BUILD}
[17:09:40] [Server thread/WARN]: [AIBot] PERCEPTION event=snapshot_slow bot=Bob {elapsed_ms=22}
[17:09:40] [Server thread/INFO]: [AIBot] ACTION event=capability_decision bot=Bob {allowed=false, reason=DENIED_STRICT_SURVIVAL, context=observable_block_query, capability=HIDDEN_BLOCK_SCAN, profile=strict_survival}
[17:09:40] [Server thread/INFO]: [AIBot] ACTION event=capability_decision bot=Bob {allowed=false, reason=DENIED_STRICT_SURVIVAL, context=perception_snapshot, capability=HIDDEN_BLOCK_SCAN, profile=strict_survival}
[17:09:40] [Server thread/WARN]: [AIBot] PERCEPTION event=snapshot_slow bot=Bob {elapsed_ms=14}
[17:09:41] [Server thread/WARN]: [AIBot] PERCEPTION event=snapshot_slow bot=Bob {elapsed_ms=26}
[17:09:41] [Server thread/WARN]: [AIBot] PERCEPTION event=snapshot_slow bot=Bob {elapsed_ms=26}
[17:09:41] [Server thread/INFO]: [AIBot] ACTION event=capability_decision bot=Bob {allowed=false, reason=DENIED_STRICT_SURVIVAL, context=observable_entity_query, capability=HIDDEN_BLOCK_SCAN, profile=strict_survival}
[17:09:41] [Server thread/INFO]: [AIBot] ACTION event=diag_snapshot bot=Bob {in_lava=false, step=, light=15, submerged=false, task_state=COMPLETED, held=minecraft:oak_logx14, fall=0.0, pos=52,111,5, on_ground=true, hp=20.0/20.0, mining_idle=true, nearby=animals=0 hostiles=0, inv=minecraft:iron_pickaxex1 minecraft:iron_hoex1 minecraft:wheat_seedsx16 minecraft:oak_planksx63 minecraft:dirtx64 minecraft:oak_logx14 minecraft:chestx3, path_idle=true, food=20, air=300, mode=survival, task=build, task_progress=1.0, goal=none, task_phase=BUILD}
[17:09:42] [Server thread/WARN]: [AIBot] PERCEPTION event=snapshot_slow bot=Bob {elapsed_ms=25}
[17:09:42] [Server thread/WARN]: [AIBot] PERCEPTION event=snapshot_slow bot=Bob {elapsed_ms=26}
[17:09:43] [Server thread/WARN]: [AIBot] PERCEPTION event=snapshot_slow bot=Bob {elapsed_ms=24}
[17:09:43] [Server thread/WARN]: [AIBot] PERCEPTION event=snapshot_slow bot=Bob {elapsed_ms=25}
[17:09:43] [Server thread/INFO]: [AIBot] ACTION event=capability_decision bot=Bob {allowed=false, reason=DENIED_STRICT_SURVIVAL, context=diagnostic_nearby, capability=HIDDEN_BLOCK_SCAN, profile=strict_survival}
[17:09:43] [Server thread/INFO]: [AIBot] ACTION event=diag_snapshot bot=Bob {in_lava=false, step=, light=15, submerged=false, task_state=COMPLETED, held=minecraft:oak_logx14, fall=0.0, pos=52,111,5, on_ground=true, hp=20.0/20.0, mining_idle=true, nearby=animals=0 hostiles=0, inv=minecraft:iron_pickaxex1 minecraft:iron_hoex1 minecraft:wheat_seedsx16 minecraft:oak_planksx63 minecraft:dirtx64 minecraft:oak_logx14 minecraft:chestx3, path_idle=true, food=20, air=300, mode=survival, task=build, task_progress=1.0, goal=none, task_phase=BUILD}
[17:09:44] [Server thread/WARN]: [AIBot] PERCEPTION event=snapshot_slow bot=Bob {elapsed_ms=24}
[17:09:44] [Server thread/WARN]: [AIBot] PERCEPTION event=snapshot_slow bot=Bob {elapsed_ms=22}
[17:09:45] [Server thread/WARN]: [AIBot] PERCEPTION event=snapshot_slow bot=Bob {elapsed_ms=17}
[17:09:45] [Server thread/INFO]: [AIBot] ACTION event=capability_decision bot=Bob {allowed=false, reason=DENIED_STRICT_SURVIVAL, context=observable_block_query, capability=HIDDEN_BLOCK_SCAN, profile=strict_survival}
[17:09:45] [Server thread/INFO]: [AIBot] ACTION event=capability_decision bot=Bob {allowed=false, reason=DENIED_STRICT_SURVIVAL, context=perception_snapshot, capability=HIDDEN_BLOCK_SCAN, profile=strict_survival}
[17:09:45] [Server thread/WARN]: [AIBot] PERCEPTION event=snapshot_slow bot=Bob {elapsed_ms=23}
[17:09:45] [Server thread/INFO]: [AIBot] ACTION event=diag_snapshot bot=Bob {in_lava=false, step=, light=15, submerged=false, task_state=COMPLETED, held=minecraft:oak_logx14, fall=0.0, pos=52,111,5, on_ground=true, hp=20.0/20.0, mining_idle=true, nearby=animals=0 hostiles=0, inv=minecraft:iron_pickaxex1 minecraft:iron_hoex1 minecraft:wheat_seedsx16 minecraft:oak_planksx63 minecraft:dirtx64 minecraft:oak_logx14 minecraft:chestx3, path_idle=true, food=20, air=300, mode=survival, task=build, task_progress=1.0, goal=none, task_phase=BUILD}
[17:09:46] [Server thread/WARN]: [AIBot] PERCEPTION event=snapshot_slow bot=Bob {elapsed_ms=18}
[17:09:46] [Server thread/INFO]: [AIBot] ACTION event=capability_decision bot=Bob {allowed=false, reason=DENIED_STRICT_SURVIVAL, context=observable_entity_query, capability=HIDDEN_BLOCK_SCAN, profile=strict_survival}
[17:09:46] [Server thread/WARN]: [AIBot] PERCEPTION event=snapshot_slow bot=Bob {elapsed_ms=20}
[17:09:47] [Server thread/WARN]: [AIBot] PERCEPTION event=snapshot_slow bot=Bob {elapsed_ms=21}
[17:09:47] [Server thread/WARN]: [AIBot] PERCEPTION event=snapshot_slow bot=Bob {elapsed_ms=20}
[17:09:47] [Server thread/INFO]: [AIBot] ACTION event=diag_snapshot bot=Bob {in_lava=false, step=, light=15, submerged=false, task_state=COMPLETED, held=minecraft:oak_logx14, fall=0.0, pos=52,111,5, on_ground=true, hp=20.0/20.0, mining_idle=true, nearby=animals=0 hostiles=0, inv=minecraft:iron_pickaxex1 minecraft:iron_hoex1 minecraft:wheat_seedsx16 minecraft:oak_planksx63 minecraft:dirtx64 minecraft:oak_logx14 minecraft:chestx3, path_idle=true, food=20, air=300, mode=survival, task=build, task_progress=1.0, goal=none, task_phase=BUILD}
[17:09:48] [Server thread/WARN]: [AIBot] PERCEPTION event=snapshot_slow bot=Bob {elapsed_ms=25}
[17:09:48] [Server thread/WARN]: [AIBot] PERCEPTION event=snapshot_slow bot=Bob {elapsed_ms=21}
[17:09:49] [Server thread/WARN]: [AIBot] PERCEPTION event=snapshot_slow bot=Bob {elapsed_ms=22}
[17:09:49] [Server thread/WARN]: [AIBot] PERCEPTION event=snapshot_slow bot=Bob {elapsed_ms=24}
[17:09:49] [Server thread/INFO]: [AIBot] ACTION event=capability_decision bot=Bob {allowed=false, reason=DENIED_STRICT_SURVIVAL, context=diagnostic_nearby, capability=HIDDEN_BLOCK_SCAN, profile=strict_survival}
[17:09:49] [Server thread/INFO]: [AIBot] ACTION event=diag_snapshot bot=Bob {in_lava=false, step=, light=15, submerged=false, task_state=COMPLETED, held=minecraft:oak_logx14, fall=0.0, pos=52,111,5, on_ground=true, hp=20.0/20.0, mining_idle=true, nearby=animals=0 hostiles=0, inv=minecraft:iron_pickaxex1 minecraft:iron_hoex1 minecraft:wheat_seedsx16 minecraft:oak_planksx63 minecraft:dirtx64 minecraft:oak_logx14 minecraft:chestx3, path_idle=true, food=20, air=300, mode=survival, task=build, task_progress=1.0, goal=none, task_phase=BUILD}
[17:09:50] [Server thread/WARN]: [AIBot] PERCEPTION event=snapshot_slow bot=Bob {elapsed_ms=26}
[17:09:50] [Server thread/INFO]: [AIBot] ACTION event=capability_decision bot=Bob {allowed=false, reason=DENIED_STRICT_SURVIVAL, context=observable_block_query, capability=HIDDEN_BLOCK_SCAN, profile=strict_survival}
[17:09:50] [Server thread/INFO]: [AIBot] ACTION event=capability_decision bot=Bob {allowed=false, reason=DENIED_STRICT_SURVIVAL, context=perception_snapshot, capability=HIDDEN_BLOCK_SCAN, profile=strict_survival}
[17:09:50] [Server thread/WARN]: [AIBot] PERCEPTION event=snapshot_slow bot=Bob {elapsed_ms=22}
[17:09:51] [Server thread/WARN]: [AIBot] PERCEPTION event=snapshot_slow bot=Bob {elapsed_ms=15}
[17:09:51] [Server thread/INFO]: [AIBot] ACTION event=capability_decision bot=Bob {allowed=false, reason=DENIED_STRICT_SURVIVAL, context=observable_entity_query, capability=HIDDEN_BLOCK_SCAN, profile=strict_survival}
[17:09:51] [Server thread/WARN]: [AIBot] PERCEPTION event=snapshot_slow bot=Bob {elapsed_ms=20}
[17:09:51] [Server thread/INFO]: [AIBot] ACTION event=diag_snapshot bot=Bob {in_lava=false, step=, light=15, submerged=false, task_state=COMPLETED, held=minecraft:oak_logx14, fall=0.0, pos=52,111,5, on_ground=true, hp=20.0/20.0, mining_idle=true, nearby=animals=0 hostiles=0, inv=minecraft:iron_pickaxex1 minecraft:iron_hoex1 minecraft:wheat_seedsx16 minecraft:oak_planksx63 minecraft:dirtx64 minecraft:oak_logx14 minecraft:chestx3, path_idle=true, food=20, air=300, mode=survival, task=build, task_progress=1.0, goal=none, task_phase=BUILD}
[17:09:52] [Server thread/WARN]: [AIBot] PERCEPTION event=snapshot_slow bot=Bob {elapsed_ms=22}
[17:09:52] [Server thread/WARN]: [AIBot] PERCEPTION event=snapshot_slow bot=Bob {elapsed_ms=24}
[17:09:53] [Server thread/WARN]: [AIBot] PERCEPTION event=snapshot_slow bot=Bob {elapsed_ms=19}
[17:09:53] [Server thread/WARN]: [AIBot] PERCEPTION event=snapshot_slow bot=Bob {elapsed_ms=20}
[17:09:53] [Server thread/INFO]: [AIBot] ACTION event=diag_snapshot bot=Bob {in_lava=false, step=, light=15, submerged=false, task_state=COMPLETED, held=minecraft:oak_logx14, fall=0.0, pos=52,111,5, on_ground=true, hp=20.0/20.0, mining_idle=true, nearby=animals=0 hostiles=0, inv=minecraft:iron_pickaxex1 minecraft:iron_hoex1 minecraft:wheat_seedsx16 minecraft:oak_planksx63 minecraft:dirtx64 minecraft:oak_logx14 minecraft:chestx3, path_idle=true, food=20, air=300, mode=survival, task=build, task_progress=1.0, goal=none, task_phase=BUILD}
[17:09:54] [Server thread/WARN]: [AIBot] PERCEPTION event=snapshot_slow bot=Bob {elapsed_ms=29}
[17:09:54] [Server thread/WARN]: [AIBot] PERCEPTION event=snapshot_slow bot=Bob {elapsed_ms=23}
[17:09:54] [Server thread/INFO]: [AIBot] TASK event=task_assigned bot=Bob {name=mine_known_resource, origin_reason=external_dsh, params=Mine known minecraft:iron_ore at 52, 116, 6 phase=APPROACH, origin=LLM_TOOL}
[17:09:54] [Server thread/INFO]: [AIBot] ACTION event=capability_decision bot=Bob {allowed=false, reason=DENIED_STRICT_SURVIVAL, context=observable_cell_query, capability=HIDDEN_BLOCK_SCAN, profile=strict_survival}
[17:09:54] [Server thread/INFO]: [AIBot] ACTION event=capability_decision bot=Bob {allowed=false, reason=DENIED_STRICT_SURVIVAL, context=harvest_nearest_blocks, capability=HIDDEN_BLOCK_SCAN, profile=strict_survival}
[17:09:54] [Server thread/INFO]: [AIBot] PROFILE event=profile_slow_section bot=- {bot=Bob, section=task_tick, elapsed_ms=217.60}
[17:09:54] [Server thread/INFO]: [AIBot] ACTION event=equip_slot bot=Bob {source_slot=0, hotbar_slot=0}
[17:09:54] [Server thread/INFO]: [AIBot] ACTION event=equip_best_tool bot=Bob {slot=0, score=120.6, tool=minecraft:iron_pickaxe}
[17:09:54] [Server thread/INFO]: [AIBot] ACTION event=mine_start bot=Bob {pos=52,116,6, face=up}
[17:09:55] [Server thread/WARN]: [AIBot] PERCEPTION event=snapshot_slow bot=Bob {elapsed_ms=22}
[17:09:55] [Server thread/INFO]: [AIBot] ACTION event=mine_complete bot=Bob {}
[17:09:55] [Server thread/INFO]: [AIBot] ACTION event=capability_decision bot=Bob {allowed=false, reason=DENIED_STRICT_SURVIVAL, context=harvest_force_pickup, capability=FORCED_PICKUP, profile=strict_survival}
[17:09:55] [Server thread/INFO]: [AIBot] ACTION event=capability_decision bot=Bob {allowed=false, reason=DENIED_STRICT_SURVIVAL, context=observable_block_query, capability=HIDDEN_BLOCK_SCAN, profile=strict_survival}
[17:09:55] [Server thread/INFO]: [AIBot] ACTION event=capability_decision bot=Bob {allowed=false, reason=DENIED_STRICT_SURVIVAL, context=perception_snapshot, capability=HIDDEN_BLOCK_SCAN, profile=strict_survival}
[17:09:55] [Server thread/WARN]: [AIBot] PERCEPTION event=snapshot_slow bot=Bob {elapsed_ms=27}
[17:09:55] [Server thread/INFO]: [AIBot] ACTION event=capability_decision bot=Bob {allowed=false, reason=DENIED_STRICT_SURVIVAL, context=diagnostic_nearby, capability=HIDDEN_BLOCK_SCAN, profile=strict_survival}
[17:09:55] [Server thread/INFO]: [AIBot] ACTION event=diag_snapshot bot=Bob {in_lava=false, step=, light=15, submerged=false, task_state=RUNNING, held=minecraft:iron_pickaxex1, fall=0.0, pos=52,111,5, on_ground=true, hp=20.0/20.0, mining_idle=true, nearby=animals=0 hostiles=0, inv=minecraft:iron_pickaxex1 minecraft:iron_hoex1 minecraft:wheat_seedsx16 minecraft:oak_planksx63 minecraft:dirtx64 minecraft:oak_logx14 minecraft:chestx3, path_idle=true, food=20, air=300, mode=survival, task=mine_known_resource, task_progress=0.9, goal=none, task_phase=PICKUP}
[17:09:55] [RCON Listener #1/INFO]: Thread RCON Client /127.0.0.1 started
[17:09:55] [RCON Client /127.0.0.1 #559/INFO]: Thread RCON Client /127.0.0.1 shutting down
[17:09:56] [Server thread/WARN]: [AIBot] PERCEPTION event=snapshot_slow bot=Bob {elapsed_ms=19}
[17:09:56] [Server thread/INFO]: [AIBot] ACTION event=capability_decision bot=Bob {allowed=false, reason=DENIED_STRICT_SURVIVAL, context=observable_entity_query, capability=HIDDEN_BLOCK_SCAN, profile=strict_survival}
[17:09:56] [Server thread/WARN]: [AIBot] PERCEPTION event=snapshot_slow bot=Bob {elapsed_ms=28}
[17:09:56] [RCON Listener #1/INFO]: Thread RCON Client /127.0.0.1 started
[17:09:56] [RCON Client /127.0.0.1 #560/INFO]: Thread RCON Client /127.0.0.1 shutting down
[17:09:57] [Server thread/WARN]: [AIBot] PERCEPTION event=snapshot_slow bot=Bob {elapsed_ms=23}
[17:09:57] [Server thread/WARN]: [AIBot] PERCEPTION event=snapshot_slow bot=Bob {elapsed_ms=22}
[17:09:57] [Server thread/INFO]: [AIBot] ACTION event=diag_snapshot bot=Bob {in_lava=false, step=, light=15, submerged=false, task_state=RUNNING, held=minecraft:iron_pickaxex1, fall=0.0, pos=52,111,5, on_ground=true, hp=20.0/20.0, mining_idle=true, nearby=animals=0 hostiles=0, inv=minecraft:iron_pickaxex1 minecraft:iron_hoex1 minecraft:wheat_seedsx16 minecraft:oak_planksx63 minecraft:dirtx64 minecraft:oak_logx14 minecraft:chestx3, path_idle=true, food=20, air=300, mode=survival, task=mine_known_resource, task_progress=0.9, goal=none, task_phase=PICKUP}
[17:09:57] [RCON Listener #1/INFO]: Thread RCON Client /127.0.0.1 started
[17:09:57] [RCON Client /127.0.0.1 #561/INFO]: Thread RCON Client /127.0.0.1 shutting down
[17:09:58] [Server thread/WARN]: [AIBot] PERCEPTION event=snapshot_slow bot=Bob {elapsed_ms=18}
[17:09:58] [Server thread/WARN]: [AIBot] PERCEPTION event=snapshot_slow bot=Bob {elapsed_ms=24}
[17:09:59] [RCON Listener #1/INFO]: Thread RCON Client /127.0.0.1 started
[17:09:59] [RCON Client /127.0.0.1 #562/INFO]: Thread RCON Client /127.0.0.1 shutting down
[17:09:59] [Server thread/WARN]: [AIBot] PERCEPTION event=snapshot_slow bot=Bob {elapsed_ms=25}
[17:09:59] [Server thread/WARN]: [AIBot] PERCEPTION event=snapshot_slow bot=Bob {elapsed_ms=21}
[17:09:59] [Server thread/INFO]: [AIBot] ACTION event=diag_snapshot bot=Bob {in_lava=false, step=, light=15, submerged=false, task_state=RUNNING, held=minecraft:iron_pickaxex1, fall=0.0, pos=52,111,5, on_ground=true, hp=20.0/20.0, mining_idle=true, nearby=animals=0 hostiles=0, inv=minecraft:iron_pickaxex1 minecraft:iron_hoex1 minecraft:wheat_seedsx16 minecraft:oak_planksx63 minecraft:dirtx64 minecraft:oak_logx14 minecraft:chestx3, path_idle=true, food=20, air=300, mode=survival, task=mine_known_resource, task_progress=0.9, goal=none, task_phase=PICKUP}
[17:10:00] [Server thread/WARN]: [AIBot] PERCEPTION event=snapshot_slow bot=Bob {elapsed_ms=26}
[17:10:00] [RCON Listener #1/INFO]: Thread RCON Client /127.0.0.1 started
[17:10:00] [RCON Client /127.0.0.1 #563/INFO]: Thread RCON Client /127.0.0.1 shutting down
[17:10:00] [Server thread/INFO]: [AIBot] ACTION event=capability_decision bot=Bob {allowed=false, reason=DENIED_STRICT_SURVIVAL, context=harvest_force_pickup, capability=FORCED_PICKUP, profile=strict_survival}
[17:10:00] [Server thread/INFO]: [AIBot] ACTION event=capability_decision bot=Bob {allowed=false, reason=DENIED_STRICT_SURVIVAL, context=observable_block_query, capability=HIDDEN_BLOCK_SCAN, profile=strict_survival}
[17:10:00] [Server thread/INFO]: [AIBot] ACTION event=capability_decision bot=Bob {allowed=false, reason=DENIED_STRICT_SURVIVAL, context=perception_snapshot, capability=HIDDEN_BLOCK_SCAN, profile=strict_survival}
[17:10:00] [Server thread/WARN]: [AIBot] PERCEPTION event=snapshot_slow bot=Bob {elapsed_ms=25}
[17:10:01] [Server thread/WARN]: [AIBot] PERCEPTION event=snapshot_slow bot=Bob {elapsed_ms=25}
[17:10:01] [RCON Listener #1/INFO]: Thread RCON Client /127.0.0.1 started
[17:10:01] [RCON Client /127.0.0.1 #564/INFO]: Thread RCON Client /127.0.0.1 shutting down
[17:10:01] [Server thread/WARN]: [AIBot] TASK event=task_failed bot=Bob {elapsed_ticks=137, reason=known_resource_pickup_pending_recovery, name=mine_known_resource}
[17:10:01] [Server thread/INFO]: [AIBot] ACTION event=capability_decision bot=Bob {allowed=false, reason=DENIED_STRICT_SURVIVAL, context=observable_entity_query, capability=HIDDEN_BLOCK_SCAN, profile=strict_survival}
[17:10:01] [Server thread/WARN]: [AIBot] PERCEPTION event=snapshot_slow bot=Bob {elapsed_ms=26}
[17:10:01] [Server thread/INFO]: [AIBot] ACTION event=capability_decision bot=Bob {allowed=false, reason=DENIED_STRICT_SURVIVAL, context=diagnostic_nearby, capability=HIDDEN_BLOCK_SCAN, profile=strict_survival}
[17:10:01] [Server thread/INFO]: [AIBot] ACTION event=diag_snapshot bot=Bob {in_lava=false, step=, light=15, submerged=false, task_state=FAILED, held=minecraft:iron_pickaxex1, fall=0.0, pos=52,111,5, on_ground=true, hp=20.0/20.0, mining_idle=true, nearby=animals=0 hostiles=0, inv=minecraft:iron_pickaxex1 minecraft:iron_hoex1 minecraft:wheat_seedsx16 minecraft:oak_planksx63 minecraft:dirtx64 minecraft:oak_logx14 minecraft:chestx3, path_idle=true, food=20, air=300, mode=survival, task=mine_known_resource, task_progress=0.9, goal=none, task_phase=PICKUP}
[17:10:02] [Server thread/WARN]: [AIBot] PERCEPTION event=snapshot_slow bot=Bob {elapsed_ms=14}
[17:10:02] [RCON Listener #1/INFO]: Thread RCON Client /127.0.0.1 started
[17:10:02] [RCON Client /127.0.0.1 #565/INFO]: Thread RCON Client /127.0.0.1 shutting down
[17:10:02] [Server thread/WARN]: [AIBot] PERCEPTION event=snapshot_slow bot=Bob {elapsed_ms=25}
[17:10:03] [Server thread/WARN]: [AIBot] PERCEPTION event=snapshot_slow bot=Bob {elapsed_ms=27}
[17:10:03] [Server thread/WARN]: [AIBot] PERCEPTION event=snapshot_slow bot=Bob {elapsed_ms=25}
[17:10:03] [Server thread/INFO]: [AIBot] ACTION event=diag_snapshot bot=Bob {in_lava=false, step=, light=15, submerged=false, task_state=FAILED, held=minecraft:iron_pickaxex1, fall=0.0, pos=52,111,5, on_ground=true, hp=20.0/20.0, mining_idle=true, nearby=animals=0 hostiles=0, inv=minecraft:iron_pickaxex1 minecraft:iron_hoex1 minecraft:wheat_seedsx16 minecraft:oak_planksx63 minecraft:dirtx64 minecraft:oak_logx14 minecraft:chestx3, path_idle=true, food=20, air=300, mode=survival, task=mine_known_resource, task_progress=0.9, goal=none, task_phase=PICKUP}
[17:10:04] [Server thread/WARN]: [AIBot] PERCEPTION event=snapshot_slow bot=Bob {elapsed_ms=22}
[17:10:04] [Server thread/WARN]: [AIBot] PERCEPTION event=snapshot_slow bot=Bob {elapsed_ms=22}
[17:10:05] [Server thread/WARN]: [AIBot] PERCEPTION event=snapshot_slow bot=Bob {elapsed_ms=16}
[17:10:05] [Server thread/INFO]: [AIBot] LIFECYCLE event=mixin_alive bot=- {server_tick=3600}
[17:10:05] [Server thread/INFO]: [AIBot] ACTION event=capability_decision bot=Bob {allowed=false, reason=DENIED_STRICT_SURVIVAL, context=observable_block_query, capability=HIDDEN_BLOCK_SCAN, profile=strict_survival}
[17:10:05] [Server thread/INFO]: [AIBot] ACTION event=capability_decision bot=Bob {allowed=false, reason=DENIED_STRICT_SURVIVAL, context=perception_snapshot, capability=HIDDEN_BLOCK_SCAN, profile=strict_survival}
[17:10:05] [Server thread/WARN]: [AIBot] PERCEPTION event=snapshot_slow bot=Bob {elapsed_ms=20}
[17:10:05] [Server thread/INFO]: [AIBot] ACTION event=diag_snapshot bot=Bob {in_lava=false, step=, light=15, submerged=false, task_state=FAILED, held=minecraft:iron_pickaxex1, fall=0.0, pos=52,111,5, on_ground=true, hp=20.0/20.0, mining_idle=true, nearby=animals=0 hostiles=0, inv=minecraft:iron_pickaxex1 minecraft:iron_hoex1 minecraft:wheat_seedsx16 minecraft:oak_planksx63 minecraft:dirtx64 minecraft:oak_logx14 minecraft:chestx3, path_idle=true, food=20, air=300, mode=survival, task=mine_known_resource, task_progress=0.9, goal=none, task_phase=PICKUP}
[17:10:06] [Server thread/WARN]: [AIBot] PERCEPTION event=snapshot_slow bot=Bob {elapsed_ms=18}
[17:10:06] [Server thread/INFO]: [AIBot] ACTION event=capability_decision bot=Bob {allowed=false, reason=DENIED_STRICT_SURVIVAL, context=observable_entity_query, capability=HIDDEN_BLOCK_SCAN, profile=strict_survival}
[17:10:06] [Server thread/WARN]: [AIBot] PERCEPTION event=snapshot_slow bot=Bob {elapsed_ms=22}
[17:10:07] [Server thread/WARN]: [AIBot] PERCEPTION event=snapshot_slow bot=Bob {elapsed_ms=20}
[17:10:07] [Server thread/WARN]: [AIBot] PERCEPTION event=snapshot_slow bot=Bob {elapsed_ms=20}
[17:10:07] [Server thread/INFO]: [AIBot] ACTION event=capability_decision bot=Bob {allowed=false, reason=DENIED_STRICT_SURVIVAL, context=diagnostic_nearby, capability=HIDDEN_BLOCK_SCAN, profile=strict_survival}
[17:10:07] [Server thread/INFO]: [AIBot] ACTION event=diag_snapshot bot=Bob {in_lava=false, step=, light=15, submerged=false, task_state=FAILED, held=minecraft:iron_pickaxex1, fall=0.0, pos=52,111,5, on_ground=true, hp=20.0/20.0, mining_idle=true, nearby=animals=0 hostiles=0, inv=minecraft:iron_pickaxex1 minecraft:iron_hoex1 minecraft:wheat_seedsx16 minecraft:oak_planksx63 minecraft:dirtx64 minecraft:oak_logx14 minecraft:chestx3, path_idle=true, food=20, air=300, mode=survival, task=mine_known_resource, task_progress=0.9, goal=none, task_phase=PICKUP}
[17:10:08] [Server thread/WARN]: [AIBot] PERCEPTION event=snapshot_slow bot=Bob {elapsed_ms=23}
[17:10:08] [Server thread/WARN]: [AIBot] PERCEPTION event=snapshot_slow bot=Bob {elapsed_ms=25}
[17:10:09] [Server thread/WARN]: [AIBot] PERCEPTION event=snapshot_slow bot=Bob {elapsed_ms=27}
[17:10:09] [Server thread/WARN]: [AIBot] PERCEPTION event=snapshot_slow bot=Bob {elapsed_ms=25}
[17:10:09] [Server thread/INFO]: [AIBot] ACTION event=diag_snapshot bot=Bob {in_lava=false, step=, light=15, submerged=false, task_state=FAILED, held=minecraft:iron_pickaxex1, fall=0.0, pos=52,111,5, on_ground=true, hp=20.0/20.0, mining_idle=true, nearby=animals=0 hostiles=0, inv=minecraft:iron_pickaxex1 minecraft:iron_hoex1 minecraft:wheat_seedsx16 minecraft:oak_planksx63 minecraft:dirtx64 minecraft:oak_logx14 minecraft:chestx3, path_idle=true, food=20, air=300, mode=survival, task=mine_known_resource, task_progress=0.9, goal=none, task_phase=PICKUP}
[17:10:10] [Server thread/WARN]: [AIBot] PERCEPTION event=snapshot_slow bot=Bob {elapsed_ms=23}
[17:10:10] [Server thread/INFO]: [AIBot] ACTION event=capability_decision bot=Bob {allowed=false, reason=DENIED_STRICT_SURVIVAL, context=observable_block_query, capability=HIDDEN_BLOCK_SCAN, profile=strict_survival}
[17:10:10] [Server thread/INFO]: [AIBot] ACTION event=capability_decision bot=Bob {allowed=false, reason=DENIED_STRICT_SURVIVAL, context=perception_snapshot, capability=HIDDEN_BLOCK_SCAN, profile=strict_survival}
[17:10:10] [Server thread/WARN]: [AIBot] PERCEPTION event=snapshot_slow bot=Bob {elapsed_ms=21}
[17:10:11] [Server thread/WARN]: [AIBot] PERCEPTION event=snapshot_slow bot=Bob {elapsed_ms=24}
[17:10:11] [Server thread/INFO]: [AIBot] ACTION event=capability_decision bot=Bob {allowed=false, reason=DENIED_STRICT_SURVIVAL, context=observable_entity_query, capability=HIDDEN_BLOCK_SCAN, profile=strict_survival}
[17:10:11] [Server thread/WARN]: [AIBot] PERCEPTION event=snapshot_slow bot=Bob {elapsed_ms=24}
[17:10:11] [Server thread/INFO]: [AIBot] ACTION event=diag_snapshot bot=Bob {in_lava=false, step=, light=15, submerged=false, task_state=FAILED, held=minecraft:iron_pickaxex1, fall=0.0, pos=52,111,5, on_ground=true, hp=20.0/20.0, mining_idle=true, nearby=animals=0 hostiles=0, inv=minecraft:iron_pickaxex1 minecraft:iron_hoex1 minecraft:wheat_seedsx16 minecraft:oak_planksx63 minecraft:dirtx64 minecraft:oak_logx14 minecraft:chestx3, path_idle=true, food=20, air=300, mode=survival, task=mine_known_resource, task_progress=0.9, goal=none, task_phase=PICKUP}
[17:10:12] [Server thread/WARN]: [AIBot] PERCEPTION event=snapshot_slow bot=Bob {elapsed_ms=24}
[17:10:12] [Server thread/WARN]: [AIBot] PERCEPTION event=snapshot_slow bot=Bob {elapsed_ms=25}
[17:10:13] [Server thread/WARN]: [AIBot] PERCEPTION event=snapshot_slow bot=Bob {elapsed_ms=26}
[17:10:13] [Server thread/WARN]: [AIBot] PERCEPTION event=snapshot_slow bot=Bob {elapsed_ms=21}
[17:10:13] [Server thread/INFO]: [AIBot] ACTION event=capability_decision bot=Bob {allowed=false, reason=DENIED_STRICT_SURVIVAL, context=diagnostic_nearby, capability=HIDDEN_BLOCK_SCAN, profile=strict_survival}
[17:10:13] [Server thread/INFO]: [AIBot] ACTION event=diag_snapshot bot=Bob {in_lava=false, step=, light=15, submerged=false, task_state=FAILED, held=minecraft:iron_pickaxex1, fall=0.0, pos=52,111,5, on_ground=true, hp=20.0/20.0, mining_idle=true, nearby=animals=0 hostiles=0, inv=minecraft:iron_pickaxex1 minecraft:iron_hoex1 minecraft:wheat_seedsx16 minecraft:oak_planksx63 minecraft:dirtx64 minecraft:oak_logx14 minecraft:chestx3, path_idle=true, food=20, air=300, mode=survival, task=mine_known_resource, task_progress=0.9, goal=none, task_phase=PICKUP}
[17:10:14] [Server thread/WARN]: [AIBot] PERCEPTION event=snapshot_slow bot=Bob {elapsed_ms=27}
[17:10:14] [Server thread/WARN]: [AIBot] PERCEPTION event=snapshot_slow bot=Bob {elapsed_ms=19}
[17:10:15] [Server thread/WARN]: [AIBot] PERCEPTION event=snapshot_slow bot=Bob {elapsed_ms=20}
[17:10:15] [Server thread/INFO]: [AIBot] ACTION event=capability_decision bot=Bob {allowed=false, reason=DENIED_STRICT_SURVIVAL, context=observable_block_query, capability=HIDDEN_BLOCK_SCAN, profile=strict_survival}
[17:10:15] [Server thread/INFO]: [AIBot] ACTION event=capability_decision bot=Bob {allowed=false, reason=DENIED_STRICT_SURVIVAL, context=perception_snapshot, capability=HIDDEN_BLOCK_SCAN, profile=strict_survival}
[17:10:15] [Server thread/WARN]: [AIBot] PERCEPTION event=snapshot_slow bot=Bob {elapsed_ms=22}
[17:10:15] [Server thread/INFO]: [AIBot] ACTION event=diag_snapshot bot=Bob {in_lava=false, step=, light=15, submerged=false, task_state=FAILED, held=minecraft:iron_pickaxex1, fall=0.0, pos=52,111,5, on_ground=true, hp=20.0/20.0, mining_idle=true, nearby=animals=0 hostiles=0, inv=minecraft:iron_pickaxex1 minecraft:iron_hoex1 minecraft:wheat_seedsx16 minecraft:oak_planksx63 minecraft:dirtx64 minecraft:oak_logx14 minecraft:chestx3, path_idle=true, food=20, air=300, mode=survival, task=mine_known_resource, task_progress=0.9, goal=none, task_phase=PICKUP}
[17:10:16] [Server thread/WARN]: [AIBot] PERCEPTION event=snapshot_slow bot=Bob {elapsed_ms=27}
[17:10:16] [Server thread/INFO]: [AIBot] ACTION event=capability_decision bot=Bob {allowed=false, reason=DENIED_STRICT_SURVIVAL, context=observable_entity_query, capability=HIDDEN_BLOCK_SCAN, profile=strict_survival}
[17:10:16] [Server thread/WARN]: [AIBot] PERCEPTION event=snapshot_slow bot=Bob {elapsed_ms=18}
[17:10:17] [Server thread/WARN]: [AIBot] PERCEPTION event=snapshot_slow bot=Bob {elapsed_ms=20}
