Starting net.fabricmc.loader.impl.game.minecraft.BundlerClassPathCapture
[16:05:40] [main/INFO]: Loading Minecraft 1.21.3 with Fabric Loader 0.19.5
[16:05:40] [ForkJoinPool-1-worker-5/WARN]: Mod mr_vein_miner uses the version 26.x which isn't compatible with Loader's extended semantic version format (Could not parse version number component 'x'!), SemVer is recommended for reliably evaluating dependencies and prioritizing newer version
[16:05:40] [main/INFO]: Loading 47 mods:
	- aibot 0.0.1
	- appleskin 3.0.6+mc1.21.3
	   \-- cloth-config 16.0.141
	        \-- cloth-basic-math 0.6.1
	- fabric-api 0.114.1+1.21.3
	   |-- fabric-api-base 0.4.50+119c825640
	   |-- fabric-api-lookup-api-v1 1.6.81+fd37071f40
	   |-- fabric-biome-api-v1 14.0.7+add2a48640
	   |-- fabric-block-api-v1 1.0.28+fd37071f40
	   |-- fabric-block-view-api-v2 1.0.16+fd37071f40
	   |-- fabric-command-api-v1 1.2.58+f71b366f40
	   |-- fabric-command-api-v2 2.2.37+c9d82ab240
	   |-- fabric-commands-v0 0.2.75+df3654b340
	   |-- fabric-content-registries-v0 9.1.8+fd37071f40
	   |-- fabric-convention-tags-v1 2.1.4+7f945d5b40
	   |-- fabric-convention-tags-v2 2.9.4+129f0c1f40
	   |-- fabric-crash-report-info-v1 0.3.3+fd37071f40
	   |-- fabric-data-attachment-api-v1 1.4.0+dbad41f140
	   |-- fabric-data-generation-api-v1 21.1.2+a730659c40
	   |-- fabric-dimensions-v1 4.0.7+fd37071f40
	   |-- fabric-entity-events-v1 2.0.8+825023f840
	   |-- fabric-events-interaction-v0 2.0.12+c2c3ac4740
	   |-- fabric-game-rule-api-v1 1.0.59+fd37071f40
	   |-- fabric-item-api-v1 11.1.7+fd37071f40
	   |-- fabric-item-group-api-v1 4.1.17+fd37071f40
	   |-- fabric-lifecycle-events-v1 2.5.1+6da5ef6940
	   |-- fabric-loot-api-v2 3.0.26+3f89f5a540
	   |-- fabric-loot-api-v3 1.0.14+fd37071f40
	   |-- fabric-message-api-v1 6.0.22+5a9b22c640
	   |-- fabric-networking-api-v1 4.3.5+fd37071f40
	   |-- fabric-object-builder-api-v1 17.0.9+fd37071f40
	   |-- fabric-particles-v1 4.0.10+fd37071f40
	   |-- fabric-recipe-api-v1 7.0.5+8ea69ff840
	   |-- fabric-registry-sync-v0 5.4.1+3f3c499540
	   |-- fabric-rendering-data-attachment-v1 0.3.54+73761d2e40
	   |-- fabric-rendering-fluids-v1 3.1.15+fd37071f40
	   |-- fabric-resource-conditions-api-v1 5.0.8+fd37071f40
	   |-- fabric-resource-loader-v0 3.0.6+fd37071f40
	   |-- fabric-screen-handler-api-v1 1.3.103+fd37071f40
	   |-- fabric-tag-api-v1 1.0.0+a730659c40
	   |-- fabric-transfer-api-v1 5.4.3+cb44d14340
	   \-- fabric-transitive-access-wideners-v1 6.2.0+54a41b1c40
	- fabricloader 0.19.5
	   \-- mixinextras 0.5.5
	- java 21
	- minecraft 1.21.3
	- mr_vein_miner 26.x
[16:05:41] [main/INFO]: SpongePowered MIXIN Subsystem Version=0.8.7 Source=file:/D:/code/mc-experiment/mc-server-mc1ca/libraries/net/fabricmc/sponge-mixin/0.17.4+mixin.0.8.7/sponge-mixin-0.17.4+mixin.0.8.7.jar Service=Knot/Fabric Env=SERVER
[16:05:42] [main/INFO]: Initializing MixinExtras via com.llamalad7.mixinextras.service.MixinExtrasServiceImpl(version=0.5.5).
[16:06:03] [main/INFO]: [AIBot] CONFIG event=operating_profile_resolved bot=- {effective_capabilities=[], configured_manual_teleport=true, profile=strict_survival, source=FILE_OR_DEFAULT, configured_forced_pickup=true, configured_hidden_block_scan=true, configured_emergency_teleport=true}
[16:06:03] [main/INFO]: [AIBot] LIFECYCLE event=mod_loaded bot=- {version=0.0.1}
[16:06:03] [main/INFO]: [AIBot] CONFIG event=config_loaded bot=- {logging_enabled=true, configured_operator_capabilities=OperatorCapabilities[hiddenBlockScan=true, emergencyTeleport=true, forcedPickup=true, manualTeleport=true], deepseek_model=deepseek/deepseek-v4-flash, effective_capabilities=[], perception_radius=16, pickup_force_radius=2.75, profile=strict_survival, nav_lookahead=4}
[16:06:03] [main/INFO]: ================================
[16:06:03] [main/INFO]:   AIBot v0.0.1 loaded
[16:06:03] [main/INFO]:   Mode: M6 structured logs over M5 tasks
[16:06:03] [main/INFO]: ================================
[16:06:04] [main/INFO]: Environment: Environment[sessionHost=https://sessionserver.mojang.com, servicesHost=https://api.minecraftservices.com, name=PROD]
[16:06:11] [main/INFO]: Loaded 1338 recipes
[16:06:11] [main/INFO]: Loaded 1448 advancements
[16:06:11] [main/INFO]: Applied 0 biome modifications to 0 of 64 new biomes in 15.65 ms
[16:06:11] [Server thread/INFO]: Starting minecraft server version 1.21.3
[16:06:11] [Server thread/INFO]: Loading properties
[16:06:11] [Server thread/INFO]: Default game type: SURVIVAL
[16:06:11] [Server thread/INFO]: Generating keypair
[16:06:11] [Server thread/INFO]: Starting Minecraft server on *:25565
[16:06:12] [Server thread/INFO]: Using default channel type
[16:06:12] [Server thread/WARN]: **** SERVER IS RUNNING IN OFFLINE/INSECURE MODE!
[16:06:12] [Server thread/WARN]: The server will make no attempt to authenticate usernames. Beware.
[16:06:12] [Server thread/WARN]: While this makes the game possible to play without internet access, it also opens up the ability for hackers to connect with any username they choose.
[16:06:12] [Server thread/WARN]: To change this, set "online-mode" to "true" in the server.properties file.
[16:06:12] [Server thread/INFO]: Preparing level "world_r2"
[16:06:13] [Server thread/INFO]: Preparing start region for dimension minecraft:overworld
[16:06:14] [Worker-Main-10/INFO]: Preparing spawn area: 0%
[16:06:14] [Worker-Main-10/INFO]: Preparing spawn area: 0%
[16:06:14] [Worker-Main-10/INFO]: Preparing spawn area: 0%
[16:06:14] [Worker-Main-10/INFO]: Preparing spawn area: 0%
[16:06:15] [Server thread/INFO]: Time elapsed: 2368 ms
[16:06:15] [Server thread/INFO]: Done (2.982s)! For help, type "help"
[16:06:15] [Server thread/INFO]: Starting remote control listener
[16:06:15] [Server thread/INFO]: Thread RCON Listener started
[16:06:15] [Server thread/INFO]: RCON running on 0.0.0.0:25575
[16:06:15] [Server thread/INFO]: [AIBot] LIFECYCLE event=server_started bot=- {motd=aibot-dsh-m0 isolated acceptance}
[16:06:15] [Server thread/INFO]: [AIBot] TASK event=jobs_cleared bot=- {}
[16:06:15] [Server thread/INFO]: [AIBot] COMM event=runtime_recipe_index_built bot=- {indexed=757, scanned=1338}
[16:06:15] [Server thread/INFO]: Bob[127.0.0.1] logged in with entity id 3 at (11.81515814245205, 113.0, 14.801483641568433)
[16:06:16] [Server thread/INFO]: Bob joined the game
[16:06:16] [Server thread/INFO]: [AIBot] LIFECYCLE event=bot_spawned bot=Bob {mode=survival, pos=11,113,14}
[16:06:16] [Server thread/INFO]: [AIBot] LIFECYCLE event=bot_role_set bot=Bob {role=worker}
[16:06:16] [Server thread/INFO]: [AIBot] COMM event=bot_memory_loaded bot=- {bot_uuid=faa5dca3-c3d4-354b-ae1b-dde9e5a14b3b}
[16:06:16] [Server thread/INFO]: [AIBot] LIFECYCLE event=bot_restored bot=Bob {dimension=minecraft:overworld, pos=11,113,14, mode=survival, fallback=false}
[16:06:16] [Server thread/INFO]: [AIBot] LIFECYCLE event=server_runtime_ready bot=- {runtime_session=7d2279c7-f0b5-4378-9259-76f5e25b0a9b, restored_bots=1}
[16:06:16] [Server thread/INFO]: [AIBot] COMM event=conversation_reset bot=Bob {}
[16:06:16] [Server thread/INFO]: [AIBot] ACTION event=capability_decision bot=Bob {allowed=false, profile=strict_survival, capability=HIDDEN_BLOCK_SCAN, context=perception_snapshot, reason=DENIED_STRICT_SURVIVAL}
[16:06:16] [Server thread/INFO]: [AIBot] ACTION event=capability_decision bot=Bob {allowed=false, profile=strict_survival, capability=HIDDEN_BLOCK_SCAN, context=observable_block_query, reason=DENIED_STRICT_SURVIVAL}
[16:06:16] [Server thread/WARN]: [AIBot] PERCEPTION event=snapshot_slow bot=Bob {elapsed_ms=317}
[16:06:17] [Server thread/INFO]: AIBot external-body bridge bound to loopback port 8765 for Bob
[16:06:18] [Server thread/WARN]: Can't keep up! Is the server overloaded? Running 2632ms or 52 ticks behind
[16:06:19] [Server thread/INFO]: [AIBot] ACTION event=capability_decision bot=Bob {allowed=false, profile=strict_survival, capability=HIDDEN_BLOCK_SCAN, context=observable_entity_query, reason=DENIED_STRICT_SURVIVAL}
[16:06:19] [Server thread/WARN]: [AIBot] PERCEPTION event=snapshot_slow bot=Bob {elapsed_ms=62}
[16:06:19] [Server thread/WARN]: [AIBot] PERCEPTION event=snapshot_slow bot=Bob {elapsed_ms=34}
[16:06:20] [Server thread/WARN]: [AIBot] PERCEPTION event=snapshot_slow bot=Bob {elapsed_ms=26}
[16:06:20] [Server thread/WARN]: [AIBot] PERCEPTION event=snapshot_slow bot=Bob {elapsed_ms=31}
[16:06:20] [Server thread/INFO]: [AIBot] ACTION event=capability_decision bot=Bob {allowed=false, profile=strict_survival, capability=HIDDEN_BLOCK_SCAN, context=diagnostic_nearby, reason=DENIED_STRICT_SURVIVAL}
[16:06:20] [Server thread/INFO]: [AIBot] ACTION event=diag_snapshot bot=Bob {submerged=false, light=15, step=, in_lava=false, task_phase=, goal=none, task_progress=1.0, task=idle, mode=survival, air=300, food=20, path_idle=true, inv=minecraft:iron_pickaxex1 minecraft:iron_hoex1 minecraft:wheat_seedsx16 minecraft:oak_planksx32 minecraft:dirtx32, nearby=animals=1(villager@5) hostiles=0, mining_idle=true, hp=20.0/20.0, on_ground=true, pos=11,113,14, fall=0.0, held=minecraft:oak_planksx32, task_state=COMPLETED}
[16:06:20] [Server thread/WARN]: [AIBot] PERCEPTION event=snapshot_slow bot=Bob {elapsed_ms=26}
[16:06:21] [Server thread/WARN]: [AIBot] PERCEPTION event=snapshot_slow bot=Bob {elapsed_ms=20}
[16:06:21] [Server thread/WARN]: [AIBot] PERCEPTION event=snapshot_slow bot=Bob {elapsed_ms=18}
[16:06:22] [Server thread/WARN]: [AIBot] PERCEPTION event=snapshot_slow bot=Bob {elapsed_ms=16}
[16:06:22] [Server thread/INFO]: [AIBot] ACTION event=diag_snapshot bot=Bob {submerged=false, light=15, step=, in_lava=false, task_phase=, goal=none, task_progress=1.0, task=idle, mode=survival, air=300, food=20, path_idle=true, inv=minecraft:iron_pickaxex1 minecraft:iron_hoex1 minecraft:wheat_seedsx16 minecraft:oak_planksx32 minecraft:dirtx32, nearby=animals=1(villager@5) hostiles=0, mining_idle=true, hp=20.0/20.0, on_ground=true, pos=11,113,14, fall=0.0, held=minecraft:oak_planksx32, task_state=COMPLETED}
[16:06:22] [Server thread/WARN]: [AIBot] PERCEPTION event=snapshot_slow bot=Bob {elapsed_ms=17}
[16:06:22] [Server thread/INFO]: [AIBot] ACTION event=capability_decision bot=Bob {allowed=false, profile=strict_survival, capability=HIDDEN_BLOCK_SCAN, context=observable_block_query, reason=DENIED_STRICT_SURVIVAL}
[16:06:22] [Server thread/INFO]: [AIBot] ACTION event=capability_decision bot=Bob {allowed=false, profile=strict_survival, capability=HIDDEN_BLOCK_SCAN, context=perception_snapshot, reason=DENIED_STRICT_SURVIVAL}
[16:06:23] [Server thread/WARN]: [AIBot] PERCEPTION event=snapshot_slow bot=Bob {elapsed_ms=25}
[16:06:23] [Server thread/INFO]: [AIBot] ACTION event=capability_decision bot=Bob {allowed=false, profile=strict_survival, capability=HIDDEN_BLOCK_SCAN, context=observable_entity_query, reason=DENIED_STRICT_SURVIVAL}
[16:06:23] [Server thread/WARN]: [AIBot] PERCEPTION event=snapshot_slow bot=Bob {elapsed_ms=20}
[16:06:24] [Server thread/WARN]: [AIBot] PERCEPTION event=snapshot_slow bot=Bob {elapsed_ms=21}
[16:06:24] [Server thread/INFO]: [AIBot] ACTION event=diag_snapshot bot=Bob {submerged=false, light=15, step=, in_lava=false, task_phase=, goal=none, task_progress=1.0, task=idle, mode=survival, air=300, food=20, path_idle=true, inv=minecraft:iron_pickaxex1 minecraft:iron_hoex1 minecraft:wheat_seedsx16 minecraft:oak_planksx32 minecraft:dirtx32, nearby=animals=1(villager@5) hostiles=0, mining_idle=true, hp=20.0/20.0, on_ground=true, pos=11,113,14, fall=0.0, held=minecraft:oak_planksx32, task_state=COMPLETED}
[16:06:24] [Server thread/WARN]: [AIBot] PERCEPTION event=snapshot_slow bot=Bob {elapsed_ms=20}
[16:06:25] [Server thread/WARN]: [AIBot] PERCEPTION event=snapshot_slow bot=Bob {elapsed_ms=17}
[16:06:25] [Server thread/WARN]: [AIBot] PERCEPTION event=snapshot_slow bot=Bob {elapsed_ms=14}
[16:06:25] [Server thread/WARN]: [AIBot] PERCEPTION event=snapshot_slow bot=Bob {elapsed_ms=16}
[16:06:25] [Server thread/INFO]: [AIBot] ACTION event=capability_decision bot=Bob {allowed=false, profile=strict_survival, capability=HIDDEN_BLOCK_SCAN, context=diagnostic_nearby, reason=DENIED_STRICT_SURVIVAL}
[16:06:25] [Server thread/INFO]: [AIBot] ACTION event=diag_snapshot bot=Bob {submerged=false, light=15, step=, in_lava=false, task_phase=, goal=none, task_progress=1.0, task=idle, mode=survival, air=300, food=20, path_idle=true, inv=minecraft:iron_pickaxex1 minecraft:iron_hoex1 minecraft:wheat_seedsx16 minecraft:oak_planksx32 minecraft:dirtx32, nearby=animals=1(villager@5) hostiles=0, mining_idle=true, hp=20.0/20.0, on_ground=true, pos=11,113,14, fall=0.0, held=minecraft:oak_planksx32, task_state=COMPLETED}
[16:06:26] [Server thread/WARN]: [AIBot] PERCEPTION event=snapshot_slow bot=Bob {elapsed_ms=16}
[16:06:26] [Server thread/WARN]: [AIBot] PERCEPTION event=snapshot_slow bot=Bob {elapsed_ms=13}
[16:06:27] [Server thread/WARN]: [AIBot] PERCEPTION event=snapshot_slow bot=Bob {elapsed_ms=15}
[16:06:27] [Server thread/INFO]: [AIBot] ACTION event=capability_decision bot=Bob {allowed=false, profile=strict_survival, capability=HIDDEN_BLOCK_SCAN, context=observable_block_query, reason=DENIED_STRICT_SURVIVAL}
[16:06:27] [Server thread/INFO]: [AIBot] ACTION event=capability_decision bot=Bob {allowed=false, profile=strict_survival, capability=HIDDEN_BLOCK_SCAN, context=perception_snapshot, reason=DENIED_STRICT_SURVIVAL}
[16:06:27] [Server thread/WARN]: [AIBot] PERCEPTION event=snapshot_slow bot=Bob {elapsed_ms=16}
[16:06:27] [Server thread/INFO]: [AIBot] ACTION event=diag_snapshot bot=Bob {submerged=false, light=15, step=, in_lava=false, task_phase=, goal=none, task_progress=1.0, task=idle, mode=survival, air=300, food=20, path_idle=true, inv=minecraft:iron_pickaxex1 minecraft:iron_hoex1 minecraft:wheat_seedsx16 minecraft:oak_planksx32 minecraft:dirtx32, nearby=animals=1(villager@5) hostiles=0, mining_idle=true, hp=20.0/20.0, on_ground=true, pos=11,113,14, fall=0.0, held=minecraft:oak_planksx32, task_state=COMPLETED}
[16:06:28] [Server thread/INFO]: [AIBot] ACTION event=capability_decision bot=Bob {allowed=false, profile=strict_survival, capability=HIDDEN_BLOCK_SCAN, context=observable_entity_query, reason=DENIED_STRICT_SURVIVAL}
[16:06:28] [Server thread/WARN]: [AIBot] PERCEPTION event=snapshot_slow bot=Bob {elapsed_ms=15}
[16:06:29] [Server thread/WARN]: [AIBot] PERCEPTION event=snapshot_slow bot=Bob {elapsed_ms=20}
[16:06:29] [Server thread/WARN]: [AIBot] PERCEPTION event=snapshot_slow bot=Bob {elapsed_ms=14}
[16:06:29] [Server thread/WARN]: [AIBot] PERCEPTION event=snapshot_slow bot=Bob {elapsed_ms=14}
[16:06:29] [Server thread/INFO]: [AIBot] ACTION event=diag_snapshot bot=Bob {submerged=false, light=15, step=, in_lava=false, task_phase=, goal=none, task_progress=1.0, task=idle, mode=survival, air=300, food=20, path_idle=true, inv=minecraft:iron_pickaxex1 minecraft:iron_hoex1 minecraft:wheat_seedsx16 minecraft:oak_planksx32 minecraft:dirtx32, nearby=animals=1(villager@5) hostiles=0, mining_idle=true, hp=20.0/20.0, on_ground=true, pos=11,113,14, fall=0.0, held=minecraft:oak_planksx32, task_state=COMPLETED}
[16:06:30] [Server thread/WARN]: [AIBot] PERCEPTION event=snapshot_slow bot=Bob {elapsed_ms=11}
[16:06:30] [Server thread/WARN]: [AIBot] PERCEPTION event=snapshot_slow bot=Bob {elapsed_ms=12}
[16:06:31] [Server thread/WARN]: [AIBot] PERCEPTION event=snapshot_slow bot=Bob {elapsed_ms=15}
[16:06:31] [RCON Listener #1/INFO]: Thread RCON Client /127.0.0.1 started
[16:06:31] [Server thread/INFO]: [Rcon: Gave 1 [Iron Pickaxe] to Bob]
[16:06:31] [RCON Client /127.0.0.1 #2/INFO]: Thread RCON Client /127.0.0.1 shutting down
[16:06:31] [Server thread/WARN]: [AIBot] PERCEPTION event=snapshot_slow bot=Bob {elapsed_ms=15}
[16:06:31] [Server thread/INFO]: [AIBot] ACTION event=capability_decision bot=Bob {allowed=false, profile=strict_survival, capability=HIDDEN_BLOCK_SCAN, context=diagnostic_nearby, reason=DENIED_STRICT_SURVIVAL}
[16:06:31] [Server thread/INFO]: [AIBot] ACTION event=diag_snapshot bot=Bob {submerged=false, light=15, step=, in_lava=false, task_phase=, goal=none, task_progress=1.0, task=idle, mode=survival, air=300, food=20, path_idle=true, inv=minecraft:iron_pickaxex2 minecraft:iron_hoex1 minecraft:wheat_seedsx16 minecraft:oak_planksx32 minecraft:dirtx32, nearby=animals=1(villager@5) hostiles=0, mining_idle=true, hp=20.0/20.0, on_ground=true, pos=11,113,14, fall=0.0, held=minecraft:oak_planksx32, task_state=COMPLETED}
[16:06:32] [Server thread/WARN]: [AIBot] PERCEPTION event=snapshot_slow bot=Bob {elapsed_ms=14}
[16:06:32] [Server thread/INFO]: [AIBot] ACTION event=capability_decision bot=Bob {allowed=false, profile=strict_survival, capability=HIDDEN_BLOCK_SCAN, context=observable_block_query, reason=DENIED_STRICT_SURVIVAL}
[16:06:32] [Server thread/INFO]: [AIBot] ACTION event=capability_decision bot=Bob {allowed=false, profile=strict_survival, capability=HIDDEN_BLOCK_SCAN, context=perception_snapshot, reason=DENIED_STRICT_SURVIVAL}
[16:06:33] [Server thread/WARN]: [AIBot] PERCEPTION event=snapshot_slow bot=Bob {elapsed_ms=15}
[16:06:33] [Server thread/INFO]: [AIBot] ACTION event=capability_decision bot=Bob {allowed=false, profile=strict_survival, capability=HIDDEN_BLOCK_SCAN, context=observable_entity_query, reason=DENIED_STRICT_SURVIVAL}
[16:06:33] [Server thread/WARN]: [AIBot] PERCEPTION event=snapshot_slow bot=Bob {elapsed_ms=12}
[16:06:33] [Server thread/WARN]: [AIBot] PERCEPTION event=snapshot_slow bot=Bob {elapsed_ms=14}
[16:06:33] [Server thread/INFO]: [AIBot] ACTION event=diag_snapshot bot=Bob {submerged=false, light=15, step=, in_lava=false, task_phase=, goal=none, task_progress=1.0, task=idle, mode=survival, air=300, food=20, path_idle=true, inv=minecraft:iron_pickaxex2 minecraft:iron_hoex1 minecraft:wheat_seedsx16 minecraft:oak_planksx32 minecraft:dirtx32, nearby=animals=1(villager@5) hostiles=0, mining_idle=true, hp=20.0/20.0, on_ground=true, pos=11,113,14, fall=0.0, held=minecraft:oak_planksx32, task_state=COMPLETED}
[16:06:34] [Server thread/WARN]: [AIBot] PERCEPTION event=snapshot_slow bot=Bob {elapsed_ms=16}
[16:06:34] [Server thread/WARN]: [AIBot] PERCEPTION event=snapshot_slow bot=Bob {elapsed_ms=16}
[16:06:35] [Server thread/WARN]: [AIBot] PERCEPTION event=snapshot_slow bot=Bob {elapsed_ms=17}
[16:06:35] [Server thread/WARN]: [AIBot] PERCEPTION event=snapshot_slow bot=Bob {elapsed_ms=13}
[16:06:35] [Server thread/INFO]: [AIBot] ACTION event=diag_snapshot bot=Bob {submerged=false, light=15, step=, in_lava=false, task_phase=, goal=none, task_progress=1.0, task=idle, mode=survival, air=300, food=20, path_idle=true, inv=minecraft:iron_pickaxex2 minecraft:iron_hoex1 minecraft:wheat_seedsx16 minecraft:oak_planksx32 minecraft:dirtx32, nearby=animals=1(villager@5) hostiles=0, mining_idle=true, hp=20.0/20.0, on_ground=true, pos=11,113,14, fall=0.0, held=minecraft:oak_planksx32, task_state=COMPLETED}
[16:06:36] [Server thread/WARN]: [AIBot] PERCEPTION event=snapshot_slow bot=Bob {elapsed_ms=11}
[16:06:36] [Server thread/WARN]: [AIBot] PERCEPTION event=snapshot_slow bot=Bob {elapsed_ms=15}
[16:06:37] [Server thread/WARN]: [AIBot] PERCEPTION event=snapshot_slow bot=Bob {elapsed_ms=15}
[16:06:37] [Server thread/INFO]: [AIBot] ACTION event=capability_decision bot=Bob {allowed=false, profile=strict_survival, capability=HIDDEN_BLOCK_SCAN, context=observable_block_query, reason=DENIED_STRICT_SURVIVAL}
[16:06:37] [Server thread/INFO]: [AIBot] ACTION event=capability_decision bot=Bob {allowed=false, profile=strict_survival, capability=HIDDEN_BLOCK_SCAN, context=perception_snapshot, reason=DENIED_STRICT_SURVIVAL}
[16:06:37] [Server thread/WARN]: [AIBot] PERCEPTION event=snapshot_slow bot=Bob {elapsed_ms=13}
[16:06:37] [Server thread/INFO]: [AIBot] ACTION event=capability_decision bot=Bob {allowed=false, profile=strict_survival, capability=HIDDEN_BLOCK_SCAN, context=diagnostic_nearby, reason=DENIED_STRICT_SURVIVAL}
[16:06:37] [Server thread/INFO]: [AIBot] ACTION event=diag_snapshot bot=Bob {submerged=false, light=15, step=, in_lava=false, task_phase=, goal=none, task_progress=1.0, task=idle, mode=survival, air=300, food=20, path_idle=true, inv=minecraft:iron_pickaxex2 minecraft:iron_hoex1 minecraft:wheat_seedsx16 minecraft:oak_planksx32 minecraft:dirtx32, nearby=animals=1(villager@5) hostiles=0, mining_idle=true, hp=20.0/20.0, on_ground=true, pos=11,113,14, fall=0.0, held=minecraft:oak_planksx32, task_state=COMPLETED}
[16:06:38] [Server thread/INFO]: [AIBot] ACTION event=capability_decision bot=Bob {allowed=false, profile=strict_survival, capability=HIDDEN_BLOCK_SCAN, context=observable_entity_query, reason=DENIED_STRICT_SURVIVAL}
[16:06:38] [Server thread/WARN]: [AIBot] PERCEPTION event=snapshot_slow bot=Bob {elapsed_ms=11}
[16:06:38] [Server thread/WARN]: [AIBot] PERCEPTION event=snapshot_slow bot=Bob {elapsed_ms=13}
[16:06:39] [Server thread/WARN]: [AIBot] PERCEPTION event=snapshot_slow bot=Bob {elapsed_ms=13}
[16:06:39] [Server thread/WARN]: [AIBot] PERCEPTION event=snapshot_slow bot=Bob {elapsed_ms=12}
[16:06:39] [Server thread/INFO]: [AIBot] ACTION event=diag_snapshot bot=Bob {submerged=false, light=15, step=, in_lava=false, task_phase=, goal=none, task_progress=1.0, task=idle, mode=survival, air=300, food=20, path_idle=true, inv=minecraft:iron_pickaxex2 minecraft:iron_hoex1 minecraft:wheat_seedsx16 minecraft:oak_planksx32 minecraft:dirtx32, nearby=animals=1(villager@5) hostiles=0, mining_idle=true, hp=20.0/20.0, on_ground=true, pos=11,113,14, fall=0.0, held=minecraft:oak_planksx32, task_state=COMPLETED}
[16:06:40] [Server thread/WARN]: [AIBot] PERCEPTION event=snapshot_slow bot=Bob {elapsed_ms=17}
[16:06:40] [RCON Listener #1/INFO]: Thread RCON Client /127.0.0.1 started
[16:06:40] [RCON Client /127.0.0.1 #3/INFO]: Thread RCON Client /127.0.0.1 shutting down
[16:06:40] [RCON Listener #1/INFO]: Thread RCON Client /127.0.0.1 started
[16:06:40] [Server thread/INFO]: [Rcon: Summoned new Raw Iron]
[16:06:40] [RCON Client /127.0.0.1 #4/INFO]: Thread RCON Client /127.0.0.1 shutting down
[16:06:40] [Server thread/WARN]: [AIBot] PERCEPTION event=snapshot_slow bot=Bob {elapsed_ms=14}
[16:06:41] [Server thread/WARN]: [AIBot] PERCEPTION event=snapshot_slow bot=Bob {elapsed_ms=15}
[16:06:41] [Server thread/WARN]: [AIBot] PERCEPTION event=snapshot_slow bot=Bob {elapsed_ms=16}
[16:06:41] [Server thread/INFO]: [AIBot] ACTION event=diag_snapshot bot=Bob {submerged=false, light=15, step=, in_lava=false, task_phase=, goal=none, task_progress=1.0, task=idle, mode=survival, air=300, food=20, path_idle=true, inv=minecraft:iron_pickaxex2 minecraft:iron_hoex1 minecraft:wheat_seedsx16 minecraft:oak_planksx32 minecraft:dirtx32, nearby=animals=1(villager@5) hostiles=0, mining_idle=true, hp=20.0/20.0, on_ground=true, pos=11,113,14, fall=0.0, held=minecraft:oak_planksx32, task_state=COMPLETED}
[16:06:42] [Server thread/INFO]: [AIBot] TASK event=task_assigned bot=Bob {origin=LLM_TOOL, params=Mine known minecraft:iron_ore at 22, 115, 6 phase=PICKUP_RECOVERY, origin_reason=external_dsh, name=mine_known_resource}
[16:06:42] [Server thread/INFO]: [AIBot] ACTION event=capability_decision bot=Bob {allowed=false, profile=strict_survival, capability=FORCED_PICKUP, context=harvest_force_pickup, reason=DENIED_STRICT_SURVIVAL}
[16:06:42] [Server thread/WARN]: [AIBot] PERCEPTION event=snapshot_slow bot=Bob {elapsed_ms=17}
[16:06:42] [Server thread/INFO]: [AIBot] ACTION event=capability_decision bot=Bob {allowed=false, profile=strict_survival, capability=HIDDEN_BLOCK_SCAN, context=observable_block_query, reason=DENIED_STRICT_SURVIVAL}
[16:06:42] [Server thread/INFO]: [AIBot] ACTION event=capability_decision bot=Bob {allowed=false, profile=strict_survival, capability=HIDDEN_BLOCK_SCAN, context=perception_snapshot, reason=DENIED_STRICT_SURVIVAL}
[16:06:42] [Server thread/WARN]: [AIBot] PERCEPTION event=snapshot_slow bot=Bob {elapsed_ms=16}
[16:06:43] [Server thread/INFO]: [AIBot] ACTION event=capability_decision bot=Bob {allowed=false, profile=strict_survival, capability=HIDDEN_BLOCK_SCAN, context=observable_entity_query, reason=DENIED_STRICT_SURVIVAL}
[16:06:43] [Server thread/WARN]: [AIBot] PERCEPTION event=snapshot_slow bot=Bob {elapsed_ms=15}
[16:06:43] [Server thread/WARN]: [AIBot] PERCEPTION event=snapshot_slow bot=Bob {elapsed_ms=19}
[16:06:43] [Server thread/INFO]: [AIBot] ACTION event=capability_decision bot=Bob {allowed=false, profile=strict_survival, capability=HIDDEN_BLOCK_SCAN, context=diagnostic_nearby, reason=DENIED_STRICT_SURVIVAL}
[16:06:43] [Server thread/INFO]: [AIBot] ACTION event=diag_snapshot bot=Bob {submerged=false, light=15, step=, in_lava=false, task_phase=PICKUP_RECOVERY, goal=none, task_progress=0.9, task=mine_known_resource, mode=survival, air=300, food=20, path_idle=true, inv=minecraft:iron_pickaxex2 minecraft:iron_hoex1 minecraft:wheat_seedsx16 minecraft:oak_planksx32 minecraft:dirtx32, nearby=animals=1(villager@5) hostiles=0, mining_idle=true, hp=20.0/20.0, on_ground=true, pos=11,113,14, fall=0.0, held=minecraft:oak_planksx32, task_state=RUNNING}
[16:06:44] [Server thread/WARN]: [AIBot] PERCEPTION event=snapshot_slow bot=Bob {elapsed_ms=13}
[16:06:44] [Server thread/WARN]: [AIBot] PERCEPTION event=snapshot_slow bot=Bob {elapsed_ms=18}
[16:06:45] [Server thread/WARN]: [AIBot] TASK event=task_failed bot=Bob {name=mine_known_resource, reason=known_resource_pickup_lost_drop_despawned_or_taken, elapsed_ticks=61}
[16:06:45] [Server thread/WARN]: [AIBot] PERCEPTION event=snapshot_slow bot=Bob {elapsed_ms=15}
[16:06:45] [Server thread/WARN]: [AIBot] PERCEPTION event=snapshot_slow bot=Bob {elapsed_ms=15}
[16:06:45] [Server thread/INFO]: [AIBot] ACTION event=diag_snapshot bot=Bob {submerged=false, light=15, step=, in_lava=false, task_phase=PICKUP_RECOVERY, goal=none, task_progress=0.9, task=mine_known_resource, mode=survival, air=300, food=20, path_idle=true, inv=minecraft:iron_pickaxex2 minecraft:iron_hoex1 minecraft:wheat_seedsx16 minecraft:oak_planksx32 minecraft:dirtx32, nearby=animals=1(villager@5) hostiles=0, mining_idle=true, hp=20.0/20.0, on_ground=true, pos=11,113,14, fall=0.0, held=minecraft:oak_planksx32, task_state=FAILED}
[16:06:46] [Server thread/WARN]: [AIBot] PERCEPTION event=snapshot_slow bot=Bob {elapsed_ms=16}
[16:06:46] [Server thread/WARN]: [AIBot] PERCEPTION event=snapshot_slow bot=Bob {elapsed_ms=22}
[16:06:47] [Server thread/WARN]: [AIBot] PERCEPTION event=snapshot_slow bot=Bob {elapsed_ms=16}
[16:06:47] [Server thread/INFO]: [AIBot] ACTION event=capability_decision bot=Bob {allowed=false, profile=strict_survival, capability=HIDDEN_BLOCK_SCAN, context=observable_block_query, reason=DENIED_STRICT_SURVIVAL}
[16:06:47] [Server thread/INFO]: [AIBot] ACTION event=capability_decision bot=Bob {allowed=false, profile=strict_survival, capability=HIDDEN_BLOCK_SCAN, context=perception_snapshot, reason=DENIED_STRICT_SURVIVAL}
[16:06:47] [Server thread/WARN]: [AIBot] PERCEPTION event=snapshot_slow bot=Bob {elapsed_ms=16}
[16:06:47] [Server thread/INFO]: [AIBot] ACTION event=diag_snapshot bot=Bob {submerged=false, light=15, step=, in_lava=false, task_phase=PICKUP_RECOVERY, goal=none, task_progress=0.9, task=mine_known_resource, mode=survival, air=300, food=20, path_idle=true, inv=minecraft:iron_pickaxex2 minecraft:iron_hoex1 minecraft:wheat_seedsx16 minecraft:oak_planksx32 minecraft:dirtx32, nearby=animals=1(villager@5) hostiles=0, mining_idle=true, hp=20.0/20.0, on_ground=true, pos=11,113,14, fall=0.0, held=minecraft:oak_planksx32, task_state=FAILED}
[16:06:48] [Server thread/INFO]: [AIBot] ACTION event=capability_decision bot=Bob {allowed=false, profile=strict_survival, capability=HIDDEN_BLOCK_SCAN, context=observable_entity_query, reason=DENIED_STRICT_SURVIVAL}
[16:06:48] [Server thread/WARN]: [AIBot] PERCEPTION event=snapshot_slow bot=Bob {elapsed_ms=15}
[16:06:48] [Server thread/WARN]: [AIBot] PERCEPTION event=snapshot_slow bot=Bob {elapsed_ms=16}
[16:06:49] [Server thread/WARN]: [AIBot] PERCEPTION event=snapshot_slow bot=Bob {elapsed_ms=15}
[16:06:49] [Server thread/WARN]: [AIBot] PERCEPTION event=snapshot_slow bot=Bob {elapsed_ms=15}
[16:06:50] [Server thread/INFO]: [AIBot] ACTION event=capability_decision bot=Bob {allowed=false, profile=strict_survival, capability=HIDDEN_BLOCK_SCAN, context=diagnostic_nearby, reason=DENIED_STRICT_SURVIVAL}
[16:06:50] [Server thread/INFO]: [AIBot] ACTION event=diag_snapshot bot=Bob {submerged=false, light=15, step=, in_lava=false, task_phase=PICKUP_RECOVERY, goal=none, task_progress=0.9, task=mine_known_resource, mode=survival, air=300, food=20, path_idle=true, inv=minecraft:iron_pickaxex2 minecraft:iron_hoex1 minecraft:wheat_seedsx16 minecraft:oak_planksx32 minecraft:dirtx32, nearby=animals=1(villager@5) hostiles=0, mining_idle=true, hp=20.0/20.0, on_ground=true, pos=11,113,14, fall=0.0, held=minecraft:oak_planksx32, task_state=FAILED}
[16:06:50] [Server thread/WARN]: [AIBot] PERCEPTION event=snapshot_slow bot=Bob {elapsed_ms=14}
[16:06:50] [Server thread/WARN]: [AIBot] PERCEPTION event=snapshot_slow bot=Bob {elapsed_ms=16}
[16:06:51] [Server thread/WARN]: [AIBot] PERCEPTION event=snapshot_slow bot=Bob {elapsed_ms=14}
[16:06:51] [Server thread/WARN]: [AIBot] PERCEPTION event=snapshot_slow bot=Bob {elapsed_ms=15}
[16:06:51] [Server thread/INFO]: [AIBot] ACTION event=diag_snapshot bot=Bob {submerged=false, light=15, step=, in_lava=false, task_phase=PICKUP_RECOVERY, goal=none, task_progress=0.9, task=mine_known_resource, mode=survival, air=300, food=20, path_idle=true, inv=minecraft:iron_pickaxex2 minecraft:iron_hoex1 minecraft:wheat_seedsx16 minecraft:oak_planksx32 minecraft:dirtx32, nearby=animals=1(villager@5) hostiles=0, mining_idle=true, hp=20.0/20.0, on_ground=true, pos=11,113,14, fall=0.0, held=minecraft:oak_planksx32, task_state=FAILED}
[16:06:52] [Server thread/WARN]: [AIBot] PERCEPTION event=snapshot_slow bot=Bob {elapsed_ms=15}
[16:06:52] [Server thread/INFO]: [AIBot] ACTION event=capability_decision bot=Bob {allowed=false, profile=strict_survival, capability=HIDDEN_BLOCK_SCAN, context=observable_block_query, reason=DENIED_STRICT_SURVIVAL}
[16:06:52] [Server thread/INFO]: [AIBot] ACTION event=capability_decision bot=Bob {allowed=false, profile=strict_survival, capability=HIDDEN_BLOCK_SCAN, context=perception_snapshot, reason=DENIED_STRICT_SURVIVAL}
[16:06:52] [Server thread/WARN]: [AIBot] PERCEPTION event=snapshot_slow bot=Bob {elapsed_ms=20}
[16:06:53] [RCON Listener #1/INFO]: Thread RCON Client /127.0.0.1 started
[16:06:53] [RCON Client /127.0.0.1 #5/INFO]: Thread RCON Client /127.0.0.1 shutting down
[16:06:53] [RCON Listener #1/INFO]: Thread RCON Client /127.0.0.1 started
[16:06:53] [Server thread/INFO]: [Rcon: Changed the block at 22, 115, 6]
[16:06:53] [RCON Client /127.0.0.1 #6/INFO]: Thread RCON Client /127.0.0.1 shutting down
[16:06:53] [Server thread/INFO]: [AIBot] ACTION event=capability_decision bot=Bob {allowed=false, profile=strict_survival, capability=HIDDEN_BLOCK_SCAN, context=observable_entity_query, reason=DENIED_STRICT_SURVIVAL}
[16:06:53] [Server thread/WARN]: [AIBot] PERCEPTION event=snapshot_slow bot=Bob {elapsed_ms=18}
[16:06:53] [RCON Listener #1/INFO]: Thread RCON Client /127.0.0.1 started
[16:06:53] [Server thread/INFO]: [Rcon: Teleported Bob to 22.500000, 113.000000, 5.500000]
[16:06:53] [RCON Client /127.0.0.1 #7/INFO]: Thread RCON Client /127.0.0.1 shutting down
[16:06:53] [Server thread/INFO]: [AIBot] DANGER event=diag_health_drop bot=Bob {air=300, delta=1.0, to=19.0, submerged=false, in_lava=false, fall=0.0, from=20.0, task=mine_known_resource/PICKUP_RECOVERY, pos=22,113,5}
[16:06:53] [Server thread/WARN]: [AIBot] PERCEPTION event=snapshot_slow bot=Bob {elapsed_ms=16}
[16:06:53] [Server thread/INFO]: [AIBot] ACTION event=diag_snapshot bot=Bob {submerged=false, light=14, step=, in_lava=false, task_phase=PICKUP_RECOVERY, goal=none, task_progress=0.9, task=mine_known_resource, mode=survival, air=300, food=20, path_idle=true, inv=minecraft:iron_pickaxex2 minecraft:iron_hoex1 minecraft:wheat_seedsx16 minecraft:oak_planksx32 minecraft:dirtx32 minecraft:raw_ironx1, nearby=animals=1(villager@10) hostiles=0, mining_idle=true, hp=19.0/20.0, on_ground=true, pos=22,113,5, fall=0.0, held=minecraft:oak_planksx32, task_state=FAILED}
[16:06:54] [Server thread/WARN]: [AIBot] PERCEPTION event=snapshot_slow bot=Bob {elapsed_ms=13}
[16:06:54] [Server thread/WARN]: [AIBot] PERCEPTION event=snapshot_slow bot=Bob {elapsed_ms=11}
[16:06:55] [Server thread/WARN]: [AIBot] PERCEPTION event=snapshot_slow bot=Bob {elapsed_ms=12}
[16:06:55] [Server thread/WARN]: [AIBot] PERCEPTION event=snapshot_slow bot=Bob {elapsed_ms=13}
[16:06:55] [Server thread/INFO]: [AIBot] ACTION event=capability_decision bot=Bob {allowed=false, profile=strict_survival, capability=HIDDEN_BLOCK_SCAN, context=diagnostic_nearby, reason=DENIED_STRICT_SURVIVAL}
[16:06:55] [Server thread/INFO]: [AIBot] ACTION event=diag_snapshot bot=Bob {submerged=false, light=14, step=, in_lava=false, task_phase=PICKUP_RECOVERY, goal=none, task_progress=0.9, task=mine_known_resource, mode=survival, air=300, food=20, path_idle=true, inv=minecraft:iron_pickaxex2 minecraft:iron_hoex1 minecraft:wheat_seedsx16 minecraft:oak_planksx32 minecraft:dirtx32 minecraft:raw_ironx1, nearby=animals=1(villager@10) hostiles=0, mining_idle=true, hp=19.0/20.0, on_ground=true, pos=22,113,5, fall=0.0, held=minecraft:oak_planksx32, task_state=FAILED}
[16:06:56] [Server thread/WARN]: [AIBot] PERCEPTION event=snapshot_slow bot=Bob {elapsed_ms=13}
[16:06:56] [RCON Listener #1/INFO]: Thread RCON Client /127.0.0.1 started
[16:06:56] [Server thread/INFO]: [Rcon: Summoned new Raw Iron]
[16:06:56] [RCON Client /127.0.0.1 #8/INFO]: Thread RCON Client /127.0.0.1 shutting down
[16:06:56] [Server thread/WARN]: [AIBot] PERCEPTION event=snapshot_slow bot=Bob {elapsed_ms=15}
[16:06:57] [Server thread/WARN]: [AIBot] PERCEPTION event=snapshot_slow bot=Bob {elapsed_ms=14}
[16:06:57] [Server thread/INFO]: [AIBot] ACTION event=capability_decision bot=Bob {allowed=false, profile=strict_survival, capability=HIDDEN_BLOCK_SCAN, context=observable_block_query, reason=DENIED_STRICT_SURVIVAL}
[16:06:57] [Server thread/INFO]: [AIBot] ACTION event=capability_decision bot=Bob {allowed=false, profile=strict_survival, capability=HIDDEN_BLOCK_SCAN, context=perception_snapshot, reason=DENIED_STRICT_SURVIVAL}
[16:06:57] [Server thread/WARN]: [AIBot] PERCEPTION event=snapshot_slow bot=Bob {elapsed_ms=12}
[16:06:57] [Server thread/INFO]: [AIBot] ACTION event=diag_snapshot bot=Bob {submerged=false, light=14, step=, in_lava=false, task_phase=PICKUP_RECOVERY, goal=none, task_progress=0.9, task=mine_known_resource, mode=survival, air=300, food=19, path_idle=true, inv=minecraft:iron_pickaxex2 minecraft:iron_hoex1 minecraft:wheat_seedsx16 minecraft:oak_planksx32 minecraft:dirtx32 minecraft:raw_ironx2, nearby=animals=2(villager@10) hostiles=0, mining_idle=true, hp=20.0/20.0, on_ground=true, pos=22,113,5, fall=0.0, held=minecraft:oak_planksx32, task_state=FAILED}
[16:06:58] [Server thread/INFO]: [AIBot] ACTION event=capability_decision bot=Bob {allowed=false, profile=strict_survival, capability=HIDDEN_BLOCK_SCAN, context=observable_entity_query, reason=DENIED_STRICT_SURVIVAL}
[16:06:58] [Server thread/WARN]: [AIBot] PERCEPTION event=snapshot_slow bot=Bob {elapsed_ms=13}
[16:06:58] [Server thread/WARN]: [AIBot] PERCEPTION event=snapshot_slow bot=Bob {elapsed_ms=13}
[16:06:59] [Server thread/WARN]: [AIBot] PERCEPTION event=snapshot_slow bot=Bob {elapsed_ms=14}
[16:06:59] [Server thread/INFO]: [AIBot] ACTION event=diag_snapshot bot=Bob {submerged=false, light=14, step=, in_lava=false, task_phase=PICKUP_RECOVERY, goal=none, task_progress=0.9, task=mine_known_resource, mode=survival, air=300, food=19, path_idle=true, inv=minecraft:iron_pickaxex2 minecraft:iron_hoex1 minecraft:wheat_seedsx16 minecraft:oak_planksx32 minecraft:dirtx32 minecraft:raw_ironx2, nearby=animals=2(villager@10) hostiles=0, mining_idle=true, hp=20.0/20.0, on_ground=true, pos=22,113,5, fall=0.0, held=minecraft:oak_planksx32, task_state=FAILED}
[16:07:00] [Server thread/WARN]: [AIBot] PERCEPTION event=snapshot_slow bot=Bob {elapsed_ms=13}
[16:07:00] [Server thread/WARN]: [AIBot] PERCEPTION event=snapshot_slow bot=Bob {elapsed_ms=12}
[16:07:01] [Server thread/WARN]: [AIBot] PERCEPTION event=snapshot_slow bot=Bob {elapsed_ms=11}
[16:07:01] [Server thread/INFO]: [AIBot] ACTION event=capability_decision bot=Bob {allowed=false, profile=strict_survival, capability=EMERGENCY_TELEPORT, context=danger_dark_trap_surface, reason=DENIED_STRICT_SURVIVAL}
[16:07:01] [Server thread/INFO]: [AIBot] ACTION event=capability_decision bot=Bob {allowed=false, profile=strict_survival, capability=HIDDEN_BLOCK_SCAN, context=diagnostic_nearby, reason=DENIED_STRICT_SURVIVAL}
[16:07:01] [Server thread/INFO]: [AIBot] ACTION event=diag_snapshot bot=Bob {submerged=false, light=14, step=, in_lava=false, task_phase=PICKUP_RECOVERY, goal=none, task_progress=0.9, task=mine_known_resource, mode=survival, air=300, food=19, path_idle=true, inv=minecraft:iron_pickaxex2 minecraft:iron_hoex1 minecraft:wheat_seedsx16 minecraft:oak_planksx32 minecraft:dirtx32 minecraft:raw_ironx2, nearby=animals=2(villager@10) hostiles=0, mining_idle=true, hp=20.0/20.0, on_ground=true, pos=22,113,5, fall=0.0, held=minecraft:oak_planksx32, task_state=FAILED}
[16:07:02] [Server thread/WARN]: [AIBot] PERCEPTION event=snapshot_slow bot=Bob {elapsed_ms=12}
[16:07:02] [Server thread/INFO]: [AIBot] ACTION event=capability_decision bot=Bob {allowed=false, profile=strict_survival, capability=HIDDEN_BLOCK_SCAN, context=observable_block_query, reason=DENIED_STRICT_SURVIVAL}
[16:07:02] [Server thread/INFO]: [AIBot] ACTION event=capability_decision bot=Bob {allowed=false, profile=strict_survival, capability=HIDDEN_BLOCK_SCAN, context=perception_snapshot, reason=DENIED_STRICT_SURVIVAL}
[16:07:02] [Server thread/WARN]: [AIBot] PERCEPTION event=snapshot_slow bot=Bob {elapsed_ms=13}
[16:07:03] [Server thread/INFO]: [AIBot] ACTION event=capability_decision bot=Bob {allowed=false, profile=strict_survival, capability=HIDDEN_BLOCK_SCAN, context=observable_entity_query, reason=DENIED_STRICT_SURVIVAL}
[16:07:03] [Server thread/WARN]: [AIBot] PERCEPTION event=snapshot_slow bot=Bob {elapsed_ms=15}
[16:07:03] [Server thread/WARN]: [AIBot] PERCEPTION event=snapshot_slow bot=Bob {elapsed_ms=13}
[16:07:03] [Server thread/INFO]: [AIBot] ACTION event=diag_snapshot bot=Bob {submerged=false, light=14, step=, in_lava=false, task_phase=PICKUP_RECOVERY, goal=none, task_progress=0.9, task=mine_known_resource, mode=survival, air=300, food=19, path_idle=true, inv=minecraft:iron_pickaxex2 minecraft:iron_hoex1 minecraft:wheat_seedsx16 minecraft:oak_planksx32 minecraft:dirtx32 minecraft:raw_ironx2, nearby=animals=2(villager@10) hostiles=0, mining_idle=true, hp=20.0/20.0, on_ground=true, pos=22,113,5, fall=0.0, held=minecraft:oak_planksx32, task_state=FAILED}
[16:07:04] [Server thread/WARN]: [AIBot] PERCEPTION event=snapshot_slow bot=Bob {elapsed_ms=13}
[16:07:04] [Server thread/WARN]: [AIBot] PERCEPTION event=snapshot_slow bot=Bob {elapsed_ms=13}
[16:07:05] [Server thread/WARN]: [AIBot] PERCEPTION event=snapshot_slow bot=Bob {elapsed_ms=13}
[16:07:05] [Server thread/WARN]: [AIBot] PERCEPTION event=snapshot_slow bot=Bob {elapsed_ms=12}
[16:07:05] [Server thread/INFO]: [AIBot] ACTION event=diag_snapshot bot=Bob {submerged=false, light=14, step=, in_lava=false, task_phase=PICKUP_RECOVERY, goal=none, task_progress=0.9, task=mine_known_resource, mode=survival, air=300, food=19, path_idle=true, inv=minecraft:iron_pickaxex2 minecraft:iron_hoex1 minecraft:wheat_seedsx16 minecraft:oak_planksx32 minecraft:dirtx32 minecraft:raw_ironx2, nearby=animals=2(villager@10) hostiles=0, mining_idle=true, hp=20.0/20.0, on_ground=true, pos=22,113,5, fall=0.0, held=minecraft:oak_planksx32, task_state=FAILED}
[16:07:06] [RCON Listener #1/INFO]: Thread RCON Client /127.0.0.1 started
[16:07:06] [RCON Client /127.0.0.1 #9/INFO]: Thread RCON Client /127.0.0.1 shutting down
[16:07:06] [Server thread/WARN]: [AIBot] PERCEPTION event=snapshot_slow bot=Bob {elapsed_ms=15}
[16:07:07] [Server thread/WARN]: [AIBot] PERCEPTION event=snapshot_slow bot=Bob {elapsed_ms=14}
[16:07:07] [Server thread/INFO]: [AIBot] ACTION event=capability_decision bot=Bob {allowed=false, profile=strict_survival, capability=HIDDEN_BLOCK_SCAN, context=observable_block_query, reason=DENIED_STRICT_SURVIVAL}
[16:07:07] [Server thread/INFO]: [AIBot] ACTION event=capability_decision bot=Bob {allowed=false, profile=strict_survival, capability=HIDDEN_BLOCK_SCAN, context=perception_snapshot, reason=DENIED_STRICT_SURVIVAL}
[16:07:07] [Server thread/INFO]: [AIBot] ACTION event=capability_decision bot=Bob {allowed=false, profile=strict_survival, capability=HIDDEN_BLOCK_SCAN, context=diagnostic_nearby, reason=DENIED_STRICT_SURVIVAL}
[16:07:07] [Server thread/INFO]: [AIBot] ACTION event=diag_snapshot bot=Bob {submerged=false, light=14, step=, in_lava=false, task_phase=PICKUP_RECOVERY, goal=none, task_progress=0.9, task=mine_known_resource, mode=survival, air=300, food=19, path_idle=true, inv=minecraft:iron_pickaxex2 minecraft:iron_hoex1 minecraft:wheat_seedsx16 minecraft:oak_planksx32 minecraft:dirtx32 minecraft:raw_ironx2, nearby=animals=2(villager@10) hostiles=0, mining_idle=true, hp=20.0/20.0, on_ground=true, pos=22,113,5, fall=0.0, held=minecraft:oak_planksx32, task_state=FAILED}
[16:07:08] [Server thread/INFO]: [AIBot] ACTION event=capability_decision bot=Bob {allowed=false, profile=strict_survival, capability=HIDDEN_BLOCK_SCAN, context=observable_entity_query, reason=DENIED_STRICT_SURVIVAL}
[16:07:08] [Server thread/WARN]: [AIBot] PERCEPTION event=snapshot_slow bot=Bob {elapsed_ms=12}
[16:07:08] [Server thread/WARN]: [AIBot] PERCEPTION event=snapshot_slow bot=Bob {elapsed_ms=11}
[16:07:09] [Server thread/INFO]: [AIBot] ACTION event=capability_decision bot=Bob {allowed=false, profile=strict_survival, capability=EMERGENCY_TELEPORT, context=danger_dark_trap_surface, reason=DENIED_STRICT_SURVIVAL}
[16:07:09] [Server thread/INFO]: [AIBot] ACTION event=diag_snapshot bot=Bob {submerged=false, light=14, step=, in_lava=false, task_phase=PICKUP_RECOVERY, goal=none, task_progress=0.9, task=mine_known_resource, mode=survival, air=300, food=19, path_idle=true, inv=minecraft:iron_pickaxex2 minecraft:iron_hoex1 minecraft:wheat_seedsx16 minecraft:oak_planksx32 minecraft:dirtx32 minecraft:raw_ironx2, nearby=animals=1(villager@10) hostiles=0, mining_idle=true, hp=20.0/20.0, on_ground=true, pos=22,113,5, fall=0.0, held=minecraft:oak_planksx32, task_state=FAILED}
[16:07:10] [Server thread/WARN]: [AIBot] PERCEPTION event=snapshot_slow bot=Bob {elapsed_ms=13}
[16:07:10] [Server thread/WARN]: [AIBot] PERCEPTION event=snapshot_slow bot=Bob {elapsed_ms=12}
[16:07:11] [Server thread/WARN]: [AIBot] PERCEPTION event=snapshot_slow bot=Bob {elapsed_ms=12}
[16:07:11] [Server thread/WARN]: [AIBot] PERCEPTION event=snapshot_slow bot=Bob {elapsed_ms=13}
[16:07:11] [Server thread/INFO]: [AIBot] ACTION event=diag_snapshot bot=Bob {submerged=false, light=14, step=, in_lava=false, task_phase=PICKUP_RECOVERY, goal=none, task_progress=0.9, task=mine_known_resource, mode=survival, air=300, food=19, path_idle=true, inv=minecraft:iron_pickaxex2 minecraft:iron_hoex1 minecraft:wheat_seedsx16 minecraft:oak_planksx32 minecraft:dirtx32 minecraft:raw_ironx2, nearby=animals=1(villager@10) hostiles=0, mining_idle=true, hp=20.0/20.0, on_ground=true, pos=22,113,5, fall=0.0, held=minecraft:oak_planksx32, task_state=FAILED}
[16:07:12] [Server thread/WARN]: [AIBot] PERCEPTION event=snapshot_slow bot=Bob {elapsed_ms=14}
[16:07:12] [Server thread/INFO]: [AIBot] ACTION event=capability_decision bot=Bob {allowed=false, profile=strict_survival, capability=HIDDEN_BLOCK_SCAN, context=observable_block_query, reason=DENIED_STRICT_SURVIVAL}
[16:07:12] [Server thread/INFO]: [AIBot] ACTION event=capability_decision bot=Bob {allowed=false, profile=strict_survival, capability=HIDDEN_BLOCK_SCAN, context=perception_snapshot, reason=DENIED_STRICT_SURVIVAL}
[16:07:12] [Server thread/WARN]: [AIBot] PERCEPTION event=snapshot_slow bot=Bob {elapsed_ms=13}
[16:07:13] [Server thread/INFO]: [AIBot] ACTION event=capability_decision bot=Bob {allowed=false, profile=strict_survival, capability=HIDDEN_BLOCK_SCAN, context=observable_entity_query, reason=DENIED_STRICT_SURVIVAL}
[16:07:13] [Server thread/WARN]: [AIBot] PERCEPTION event=snapshot_slow bot=Bob {elapsed_ms=15}
[16:07:13] [Server thread/INFO]: [AIBot] ACTION event=capability_decision bot=Bob {allowed=false, profile=strict_survival, capability=HIDDEN_BLOCK_SCAN, context=diagnostic_nearby, reason=DENIED_STRICT_SURVIVAL}
[16:07:13] [Server thread/INFO]: [AIBot] ACTION event=diag_snapshot bot=Bob {submerged=false, light=14, step=, in_lava=false, task_phase=PICKUP_RECOVERY, goal=none, task_progress=0.9, task=mine_known_resource, mode=survival, air=300, food=19, path_idle=true, inv=minecraft:iron_pickaxex2 minecraft:iron_hoex1 minecraft:wheat_seedsx16 minecraft:oak_planksx32 minecraft:dirtx32 minecraft:raw_ironx2, nearby=animals=1(villager@10) hostiles=0, mining_idle=true, hp=20.0/20.0, on_ground=true, pos=22,113,5, fall=0.0, held=minecraft:oak_planksx32, task_state=FAILED}
[16:07:14] [Server thread/WARN]: [AIBot] PERCEPTION event=snapshot_slow bot=Bob {elapsed_ms=11}
[16:07:14] [Server thread/WARN]: [AIBot] PERCEPTION event=snapshot_slow bot=Bob {elapsed_ms=12}
[16:07:15] [Server thread/WARN]: [AIBot] PERCEPTION event=snapshot_slow bot=Bob {elapsed_ms=12}
[16:07:15] [Server thread/WARN]: [AIBot] PERCEPTION event=snapshot_slow bot=Bob {elapsed_ms=11}
[16:07:15] [Server thread/INFO]: [AIBot] ACTION event=diag_snapshot bot=Bob {submerged=false, light=14, step=, in_lava=false, task_phase=PICKUP_RECOVERY, goal=none, task_progress=0.9, task=mine_known_resource, mode=survival, air=300, food=19, path_idle=true, inv=minecraft:iron_pickaxex2 minecraft:iron_hoex1 minecraft:wheat_seedsx16 minecraft:oak_planksx32 minecraft:dirtx32 minecraft:raw_ironx2, nearby=animals=1(villager@10) hostiles=0, mining_idle=true, hp=20.0/20.0, on_ground=true, pos=22,113,5, fall=0.0, held=minecraft:oak_planksx32, task_state=FAILED}
[16:07:16] [Server thread/WARN]: [AIBot] PERCEPTION event=snapshot_slow bot=Bob {elapsed_ms=14}
[16:07:17] [Server thread/WARN]: [AIBot] PERCEPTION event=snapshot_slow bot=Bob {elapsed_ms=12}
[16:07:17] [Server thread/INFO]: [AIBot] ACTION event=capability_decision bot=Bob {allowed=false, profile=strict_survival, capability=EMERGENCY_TELEPORT, context=danger_dark_trap_surface, reason=DENIED_STRICT_SURVIVAL}
[16:07:17] [Server thread/INFO]: [AIBot] LIFECYCLE event=mixin_alive bot=- {server_tick=1200}
[16:07:17] [Server thread/INFO]: [AIBot] ACTION event=capability_decision bot=Bob {allowed=false, profile=strict_survival, capability=HIDDEN_BLOCK_SCAN, context=observable_block_query, reason=DENIED_STRICT_SURVIVAL}
[16:07:17] [Server thread/INFO]: [AIBot] ACTION event=capability_decision bot=Bob {allowed=false, profile=strict_survival, capability=HIDDEN_BLOCK_SCAN, context=perception_snapshot, reason=DENIED_STRICT_SURVIVAL}
[16:07:17] [Server thread/WARN]: [AIBot] PERCEPTION event=snapshot_slow bot=Bob {elapsed_ms=14}
[16:07:17] [Server thread/INFO]: [AIBot] ACTION event=diag_snapshot bot=Bob {submerged=false, light=14, step=, in_lava=false, task_phase=PICKUP_RECOVERY, goal=none, task_progress=0.9, task=mine_known_resource, mode=survival, air=300, food=19, path_idle=true, inv=minecraft:iron_pickaxex2 minecraft:iron_hoex1 minecraft:wheat_seedsx16 minecraft:oak_planksx32 minecraft:dirtx32 minecraft:raw_ironx2, nearby=animals=2(bee@2) hostiles=0, mining_idle=true, hp=20.0/20.0, on_ground=true, pos=22,113,5, fall=0.0, held=minecraft:oak_planksx32, task_state=FAILED}
[16:07:18] [Server thread/INFO]: [AIBot] ACTION event=capability_decision bot=Bob {allowed=false, profile=strict_survival, capability=HIDDEN_BLOCK_SCAN, context=observable_entity_query, reason=DENIED_STRICT_SURVIVAL}
[16:07:18] [Server thread/WARN]: [AIBot] PERCEPTION event=snapshot_slow bot=Bob {elapsed_ms=14}
[16:07:18] [Server thread/WARN]: [AIBot] PERCEPTION event=snapshot_slow bot=Bob {elapsed_ms=12}
[16:07:19] [Server thread/WARN]: [AIBot] PERCEPTION event=snapshot_slow bot=Bob {elapsed_ms=11}
[16:07:19] [Server thread/WARN]: [AIBot] PERCEPTION event=snapshot_slow bot=Bob {elapsed_ms=14}
[16:07:19] [Server thread/INFO]: [AIBot] ACTION event=capability_decision bot=Bob {allowed=false, profile=strict_survival, capability=HIDDEN_BLOCK_SCAN, context=diagnostic_nearby, reason=DENIED_STRICT_SURVIVAL}
[16:07:19] [Server thread/INFO]: [AIBot] ACTION event=diag_snapshot bot=Bob {submerged=false, light=14, step=, in_lava=false, task_phase=PICKUP_RECOVERY, goal=none, task_progress=0.9, task=mine_known_resource, mode=survival, air=300, food=19, path_idle=true, inv=minecraft:iron_pickaxex2 minecraft:iron_hoex1 minecraft:wheat_seedsx16 minecraft:oak_planksx32 minecraft:dirtx32 minecraft:raw_ironx2, nearby=animals=2(bee@2) hostiles=0, mining_idle=true, hp=20.0/20.0, on_ground=true, pos=22,113,5, fall=0.0, held=minecraft:oak_planksx32, task_state=FAILED}
[16:07:20] [Server thread/WARN]: [AIBot] PERCEPTION event=snapshot_slow bot=Bob {elapsed_ms=13}
[16:07:21] [Server thread/WARN]: [AIBot] PERCEPTION event=snapshot_slow bot=Bob {elapsed_ms=12}
[16:07:21] [Server thread/INFO]: [AIBot] ACTION event=diag_snapshot bot=Bob {submerged=false, light=14, step=, in_lava=false, task_phase=PICKUP_RECOVERY, goal=none, task_progress=0.9, task=mine_known_resource, mode=survival, air=300, food=19, path_idle=true, inv=minecraft:iron_pickaxex2 minecraft:iron_hoex1 minecraft:wheat_seedsx16 minecraft:oak_planksx32 minecraft:dirtx32 minecraft:raw_ironx2, nearby=animals=2(bee@4) hostiles=0, mining_idle=true, hp=20.0/20.0, on_ground=true, pos=22,113,5, fall=0.0, held=minecraft:oak_planksx32, task_state=FAILED}
[16:07:22] [Server thread/INFO]: [AIBot] ACTION event=capability_decision bot=Bob {allowed=false, profile=strict_survival, capability=HIDDEN_BLOCK_SCAN, context=observable_block_query, reason=DENIED_STRICT_SURVIVAL}
[16:07:22] [Server thread/INFO]: [AIBot] ACTION event=capability_decision bot=Bob {allowed=false, profile=strict_survival, capability=HIDDEN_BLOCK_SCAN, context=perception_snapshot, reason=DENIED_STRICT_SURVIVAL}
[16:07:22] [Server thread/WARN]: [AIBot] PERCEPTION event=snapshot_slow bot=Bob {elapsed_ms=14}
[16:07:23] [Server thread/INFO]: [AIBot] ACTION event=capability_decision bot=Bob {allowed=false, profile=strict_survival, capability=HIDDEN_BLOCK_SCAN, context=observable_entity_query, reason=DENIED_STRICT_SURVIVAL}
[16:07:23] [Server thread/WARN]: [AIBot] PERCEPTION event=snapshot_slow bot=Bob {elapsed_ms=14}
[16:07:23] [Server thread/WARN]: [AIBot] PERCEPTION event=snapshot_slow bot=Bob {elapsed_ms=14}
[16:07:23] [Server thread/INFO]: [AIBot] ACTION event=diag_snapshot bot=Bob {submerged=false, light=14, step=, in_lava=false, task_phase=PICKUP_RECOVERY, goal=none, task_progress=0.9, task=mine_known_resource, mode=survival, air=300, food=19, path_idle=true, inv=minecraft:iron_pickaxex2 minecraft:iron_hoex1 minecraft:wheat_seedsx16 minecraft:oak_planksx32 minecraft:dirtx32 minecraft:raw_ironx2, nearby=animals=2(bee@7) hostiles=0, mining_idle=true, hp=20.0/20.0, on_ground=true, pos=22,113,5, fall=0.0, held=minecraft:oak_planksx32, task_state=FAILED}
[16:07:24] [Server thread/WARN]: [AIBot] PERCEPTION event=snapshot_slow bot=Bob {elapsed_ms=11}
[16:07:24] [Server thread/WARN]: [AIBot] PERCEPTION event=snapshot_slow bot=Bob {elapsed_ms=14}
[16:07:25] [Server thread/INFO]: [AIBot] ACTION event=capability_decision bot=Bob {allowed=false, profile=strict_survival, capability=EMERGENCY_TELEPORT, context=danger_dark_trap_surface, reason=DENIED_STRICT_SURVIVAL}
[16:07:25] [Server thread/INFO]: [AIBot] ACTION event=capability_decision bot=Bob {allowed=false, profile=strict_survival, capability=HIDDEN_BLOCK_SCAN, context=diagnostic_nearby, reason=DENIED_STRICT_SURVIVAL}
[16:07:25] [Server thread/INFO]: [AIBot] ACTION event=diag_snapshot bot=Bob {submerged=false, light=14, step=, in_lava=false, task_phase=PICKUP_RECOVERY, goal=none, task_progress=0.9, task=mine_known_resource, mode=survival, air=300, food=19, path_idle=true, inv=minecraft:iron_pickaxex2 minecraft:iron_hoex1 minecraft:wheat_seedsx16 minecraft:oak_planksx32 minecraft:dirtx32 minecraft:raw_ironx2, nearby=animals=2(bee@8) hostiles=0, mining_idle=true, hp=20.0/20.0, on_ground=true, pos=22,113,5, fall=0.0, held=minecraft:oak_planksx32, task_state=FAILED}
[16:07:27] [Server thread/WARN]: [AIBot] PERCEPTION event=snapshot_slow bot=Bob {elapsed_ms=12}
[16:07:27] [Server thread/INFO]: [AIBot] ACTION event=capability_decision bot=Bob {allowed=false, profile=strict_survival, capability=HIDDEN_BLOCK_SCAN, context=observable_block_query, reason=DENIED_STRICT_SURVIVAL}
[16:07:27] [Server thread/INFO]: [AIBot] ACTION event=capability_decision bot=Bob {allowed=false, profile=strict_survival, capability=HIDDEN_BLOCK_SCAN, context=perception_snapshot, reason=DENIED_STRICT_SURVIVAL}
[16:07:27] [Server thread/INFO]: [AIBot] ACTION event=diag_snapshot bot=Bob {submerged=false, light=14, step=, in_lava=false, task_phase=PICKUP_RECOVERY, goal=none, task_progress=0.9, task=mine_known_resource, mode=survival, air=300, food=19, path_idle=true, inv=minecraft:iron_pickaxex2 minecraft:iron_hoex1 minecraft:wheat_seedsx16 minecraft:oak_planksx32 minecraft:dirtx32 minecraft:raw_ironx2, nearby=animals=2(villager@10) hostiles=0, mining_idle=true, hp=20.0/20.0, on_ground=true, pos=22,113,5, fall=0.0, held=minecraft:oak_planksx32, task_state=FAILED}
[16:07:28] [Server thread/INFO]: [AIBot] ACTION event=capability_decision bot=Bob {allowed=false, profile=strict_survival, capability=HIDDEN_BLOCK_SCAN, context=observable_entity_query, reason=DENIED_STRICT_SURVIVAL}
[16:07:28] [Server thread/WARN]: [AIBot] PERCEPTION event=snapshot_slow bot=Bob {elapsed_ms=12}
[16:07:29] [Server thread/WARN]: [AIBot] PERCEPTION event=snapshot_slow bot=Bob {elapsed_ms=14}
[16:07:29] [Server thread/WARN]: [AIBot] PERCEPTION event=snapshot_slow bot=Bob {elapsed_ms=12}
[16:07:29] [Server thread/INFO]: [AIBot] ACTION event=diag_snapshot bot=Bob {submerged=false, light=14, step=, in_lava=false, task_phase=PICKUP_RECOVERY, goal=none, task_progress=0.9, task=mine_known_resource, mode=survival, air=300, food=19, path_idle=true, inv=minecraft:iron_pickaxex2 minecraft:iron_hoex1 minecraft:wheat_seedsx16 minecraft:oak_planksx32 minecraft:dirtx32 minecraft:raw_ironx2, nearby=animals=2(villager@10) hostiles=0, mining_idle=true, hp=20.0/20.0, on_ground=true, pos=22,113,5, fall=0.0, held=minecraft:oak_planksx32, task_state=FAILED}
[16:07:30] [RCON Listener #1/INFO]: Thread RCON Client /127.0.0.1 started
[16:07:30] [Server thread/INFO]: [Rcon: Killed 6 entities]
[16:07:30] [RCON Client /127.0.0.1 #10/INFO]: Thread RCON Client /127.0.0.1 shutting down
[16:07:30] [RCON Listener #1/INFO]: Thread RCON Client /127.0.0.1 started
[16:07:30] [RCON Client /127.0.0.1 #11/INFO]: Thread RCON Client /127.0.0.1 shutting down
[16:07:30] [RCON Listener #1/INFO]: Thread RCON Client /127.0.0.1 started
[16:07:30] [Server thread/INFO]: [Rcon: Teleported Bob to 23.500000, 113.000000, 5.500000]
[16:07:30] [RCON Client /127.0.0.1 #12/INFO]: Thread RCON Client /127.0.0.1 shutting down
[16:07:30] [Server thread/WARN]: [AIBot] PERCEPTION event=snapshot_slow bot=Bob {elapsed_ms=26}
[16:07:30] [Server thread/WARN]: [AIBot] PERCEPTION event=snapshot_slow bot=Bob {elapsed_ms=21}
[16:07:31] [Server thread/WARN]: [AIBot] PERCEPTION event=snapshot_slow bot=Bob {elapsed_ms=19}
[16:07:31] [Server thread/WARN]: [AIBot] PERCEPTION event=snapshot_slow bot=Bob {elapsed_ms=21}
[16:07:32] [Server thread/INFO]: [AIBot] ACTION event=capability_decision bot=Bob {allowed=false, profile=strict_survival, capability=HIDDEN_BLOCK_SCAN, context=diagnostic_nearby, reason=DENIED_STRICT_SURVIVAL}
[16:07:32] [Server thread/INFO]: [AIBot] ACTION event=diag_snapshot bot=Bob {submerged=false, light=15, step=, in_lava=false, task_phase=PICKUP_RECOVERY, goal=none, task_progress=0.9, task=mine_known_resource, mode=survival, air=300, food=19, path_idle=true, inv=minecraft:iron_pickaxex2 minecraft:iron_hoex1 minecraft:wheat_seedsx16 minecraft:oak_planksx32 minecraft:dirtx32 minecraft:raw_ironx2, nearby=animals=1(bee@15) hostiles=0, mining_idle=true, hp=20.0/20.0, on_ground=true, pos=23,113,5, fall=0.0, held=minecraft:oak_planksx32, task_state=FAILED}
[16:07:32] [Server thread/WARN]: [AIBot] PERCEPTION event=snapshot_slow bot=Bob {elapsed_ms=19}
[16:07:32] [Server thread/INFO]: [AIBot] ACTION event=capability_decision bot=Bob {allowed=false, profile=strict_survival, capability=HIDDEN_BLOCK_SCAN, context=observable_block_query, reason=DENIED_STRICT_SURVIVAL}
[16:07:32] [Server thread/INFO]: [AIBot] ACTION event=capability_decision bot=Bob {allowed=false, profile=strict_survival, capability=HIDDEN_BLOCK_SCAN, context=perception_snapshot, reason=DENIED_STRICT_SURVIVAL}
[16:07:32] [Server thread/WARN]: [AIBot] PERCEPTION event=snapshot_slow bot=Bob {elapsed_ms=17}
[16:07:33] [Server thread/INFO]: [AIBot] ACTION event=capability_decision bot=Bob {allowed=false, profile=strict_survival, capability=HIDDEN_BLOCK_SCAN, context=observable_entity_query, reason=DENIED_STRICT_SURVIVAL}
[16:07:33] [Server thread/WARN]: [AIBot] PERCEPTION event=snapshot_slow bot=Bob {elapsed_ms=18}
[16:07:33] [Server thread/WARN]: [AIBot] PERCEPTION event=snapshot_slow bot=Bob {elapsed_ms=19}
[16:07:33] [Server thread/INFO]: [AIBot] ACTION event=diag_snapshot bot=Bob {submerged=false, light=15, step=, in_lava=false, task_phase=PICKUP_RECOVERY, goal=none, task_progress=0.9, task=mine_known_resource, mode=survival, air=300, food=19, path_idle=true, inv=minecraft:iron_pickaxex2 minecraft:iron_hoex1 minecraft:wheat_seedsx16 minecraft:oak_planksx32 minecraft:dirtx32 minecraft:raw_ironx2, nearby=animals=0 hostiles=0, mining_idle=true, hp=20.0/20.0, on_ground=true, pos=23,113,5, fall=0.0, held=minecraft:oak_planksx32, task_state=FAILED}
[16:07:34] [Server thread/WARN]: [AIBot] PERCEPTION event=snapshot_slow bot=Bob {elapsed_ms=21}
[16:07:34] [Server thread/WARN]: [AIBot] PERCEPTION event=snapshot_slow bot=Bob {elapsed_ms=20}
[16:07:35] [Server thread/WARN]: [AIBot] PERCEPTION event=snapshot_slow bot=Bob {elapsed_ms=17}
[16:07:35] [Server thread/WARN]: [AIBot] PERCEPTION event=snapshot_slow bot=Bob {elapsed_ms=18}
[16:07:35] [Server thread/INFO]: [AIBot] ACTION event=diag_snapshot bot=Bob {submerged=false, light=15, step=, in_lava=false, task_phase=PICKUP_RECOVERY, goal=none, task_progress=0.9, task=mine_known_resource, mode=survival, air=300, food=19, path_idle=true, inv=minecraft:iron_pickaxex2 minecraft:iron_hoex1 minecraft:wheat_seedsx16 minecraft:oak_planksx32 minecraft:dirtx32 minecraft:raw_ironx2, nearby=animals=0 hostiles=0, mining_idle=true, hp=20.0/20.0, on_ground=true, pos=23,113,5, fall=0.0, held=minecraft:oak_planksx32, task_state=FAILED}
[16:07:36] [Server thread/WARN]: [AIBot] PERCEPTION event=snapshot_slow bot=Bob {elapsed_ms=15}
[16:07:36] [Server thread/WARN]: [AIBot] PERCEPTION event=snapshot_slow bot=Bob {elapsed_ms=17}
[16:07:37] [Server thread/WARN]: [AIBot] PERCEPTION event=snapshot_slow bot=Bob {elapsed_ms=16}
[16:07:37] [Server thread/INFO]: [AIBot] ACTION event=capability_decision bot=Bob {allowed=false, profile=strict_survival, capability=HIDDEN_BLOCK_SCAN, context=observable_block_query, reason=DENIED_STRICT_SURVIVAL}
[16:07:37] [Server thread/INFO]: [AIBot] ACTION event=capability_decision bot=Bob {allowed=false, profile=strict_survival, capability=HIDDEN_BLOCK_SCAN, context=perception_snapshot, reason=DENIED_STRICT_SURVIVAL}
[16:07:37] [Server thread/WARN]: [AIBot] PERCEPTION event=snapshot_slow bot=Bob {elapsed_ms=14}
[16:07:37] [Server thread/INFO]: [AIBot] ACTION event=capability_decision bot=Bob {allowed=false, profile=strict_survival, capability=HIDDEN_BLOCK_SCAN, context=diagnostic_nearby, reason=DENIED_STRICT_SURVIVAL}
[16:07:37] [Server thread/INFO]: [AIBot] ACTION event=diag_snapshot bot=Bob {submerged=false, light=15, step=, in_lava=false, task_phase=PICKUP_RECOVERY, goal=none, task_progress=0.9, task=mine_known_resource, mode=survival, air=300, food=19, path_idle=true, inv=minecraft:iron_pickaxex2 minecraft:iron_hoex1 minecraft:wheat_seedsx16 minecraft:oak_planksx32 minecraft:dirtx32 minecraft:raw_ironx2, nearby=animals=0 hostiles=0, mining_idle=true, hp=20.0/20.0, on_ground=true, pos=23,113,5, fall=0.0, held=minecraft:oak_planksx32, task_state=FAILED}
[16:07:38] [Server thread/INFO]: [AIBot] ACTION event=capability_decision bot=Bob {allowed=false, profile=strict_survival, capability=HIDDEN_BLOCK_SCAN, context=observable_entity_query, reason=DENIED_STRICT_SURVIVAL}
[16:07:38] [Server thread/WARN]: [AIBot] PERCEPTION event=snapshot_slow bot=Bob {elapsed_ms=17}
[16:07:38] [Server thread/WARN]: [AIBot] PERCEPTION event=snapshot_slow bot=Bob {elapsed_ms=14}
[16:07:39] [Server thread/WARN]: [AIBot] PERCEPTION event=snapshot_slow bot=Bob {elapsed_ms=20}
[16:07:40] [Server thread/WARN]: [AIBot] PERCEPTION event=snapshot_slow bot=Bob {elapsed_ms=18}
[16:07:40] [Server thread/INFO]: [AIBot] ACTION event=diag_snapshot bot=Bob {submerged=false, light=15, step=, in_lava=false, task_phase=PICKUP_RECOVERY, goal=none, task_progress=0.9, task=mine_known_resource, mode=survival, air=300, food=19, path_idle=true, inv=minecraft:iron_pickaxex2 minecraft:iron_hoex1 minecraft:wheat_seedsx16 minecraft:oak_planksx32 minecraft:dirtx32 minecraft:raw_ironx2, nearby=animals=0 hostiles=0, mining_idle=true, hp=20.0/20.0, on_ground=true, pos=23,113,5, fall=0.0, held=minecraft:oak_planksx32, task_state=FAILED}
[16:07:40] [Server thread/WARN]: [AIBot] PERCEPTION event=snapshot_slow bot=Bob {elapsed_ms=18}
[16:07:40] [RCON Listener #1/INFO]: Thread RCON Client /127.0.0.1 started
[16:07:40] [RCON Client /127.0.0.1 #13/INFO]: Thread RCON Client /127.0.0.1 shutting down
[16:07:40] [Server thread/WARN]: [AIBot] PERCEPTION event=snapshot_slow bot=Bob {elapsed_ms=11}
[16:07:40] [Server thread/INFO]: [AIBot] TASK event=task_assigned bot=Bob {origin=LLM_TOOL, params=Mine known minecraft:iron_ore at 22, 115, 6 phase=APPROACH, origin_reason=external_dsh, name=mine_known_resource}
[16:07:41] [Server thread/INFO]: [AIBot] ACTION event=capability_decision bot=Bob {allowed=false, profile=strict_survival, capability=HIDDEN_BLOCK_SCAN, context=observable_cell_query, reason=DENIED_STRICT_SURVIVAL}
[16:07:41] [Server thread/INFO]: [AIBot] ACTION event=capability_decision bot=Bob {allowed=false, profile=strict_survival, capability=HIDDEN_BLOCK_SCAN, context=harvest_nearest_blocks, reason=DENIED_STRICT_SURVIVAL}
[16:07:41] [Server thread/INFO]: [AIBot] PROFILE event=profile_slow_section bot=- {elapsed_ms=251.91, section=task_tick, bot=Bob}
[16:07:41] [Server thread/INFO]: [AIBot] ACTION event=equip_slot bot=Bob {hotbar_slot=0, source_slot=0}
[16:07:41] [Server thread/INFO]: [AIBot] ACTION event=equip_best_tool bot=Bob {tool=minecraft:iron_pickaxe, score=120.6, slot=0}
[16:07:41] [Server thread/INFO]: [AIBot] ACTION event=mine_start bot=Bob {face=south, pos=22,115,6}
[16:07:41] [Server thread/WARN]: [AIBot] PERCEPTION event=snapshot_slow bot=Bob {elapsed_ms=21}
[16:07:41] [Server thread/INFO]: [AIBot] ACTION event=mine_complete bot=Bob {}
[16:07:41] [Server thread/INFO]: [AIBot] ACTION event=capability_decision bot=Bob {allowed=false, profile=strict_survival, capability=FORCED_PICKUP, context=harvest_force_pickup, reason=DENIED_STRICT_SURVIVAL}
[16:07:41] [Server thread/WARN]: [AIBot] PERCEPTION event=snapshot_slow bot=Bob {elapsed_ms=16}
[16:07:41] [Server thread/INFO]: [AIBot] ACTION event=diag_snapshot bot=Bob {submerged=false, light=15, step=, in_lava=false, task_phase=PICKUP, goal=none, task_progress=0.9, task=mine_known_resource, mode=survival, air=300, food=19, path_idle=true, inv=minecraft:iron_pickaxex2 minecraft:iron_hoex1 minecraft:wheat_seedsx16 minecraft:oak_planksx32 minecraft:dirtx32 minecraft:raw_ironx2, nearby=animals=0 hostiles=0, mining_idle=true, hp=20.0/20.0, on_ground=true, pos=23,113,5, fall=0.0, held=minecraft:iron_pickaxex1, task_state=RUNNING}
[16:07:42] [Server thread/WARN]: [AIBot] PERCEPTION event=snapshot_slow bot=Bob {elapsed_ms=18}
[16:07:42] [Server thread/INFO]: [AIBot] ACTION event=known_resource_collected bot=Bob {opportunity=ore_9c3e86fbc8cf3d57bd12bd20f5ad50f4, count=1}
[16:07:42] [Server thread/INFO]: [AIBot] TASK event=task_completed bot=Bob {name=mine_known_resource, elapsed_ticks=40}
[16:07:42] [Server thread/INFO]: [AIBot] ACTION event=capability_decision bot=Bob {allowed=false, profile=strict_survival, capability=HIDDEN_BLOCK_SCAN, context=observable_block_query, reason=DENIED_STRICT_SURVIVAL}
[16:07:42] [Server thread/INFO]: [AIBot] ACTION event=capability_decision bot=Bob {allowed=false, profile=strict_survival, capability=HIDDEN_BLOCK_SCAN, context=perception_snapshot, reason=DENIED_STRICT_SURVIVAL}
[16:07:42] [Server thread/WARN]: [AIBot] PERCEPTION event=snapshot_slow bot=Bob {elapsed_ms=19}
[16:07:43] [Server thread/INFO]: [AIBot] ACTION event=capability_decision bot=Bob {allowed=false, profile=strict_survival, capability=HIDDEN_BLOCK_SCAN, context=observable_entity_query, reason=DENIED_STRICT_SURVIVAL}
[16:07:43] [Server thread/WARN]: [AIBot] PERCEPTION event=snapshot_slow bot=Bob {elapsed_ms=15}
[16:07:43] [Server thread/WARN]: [AIBot] PERCEPTION event=snapshot_slow bot=Bob {elapsed_ms=20}
[16:07:43] [Server thread/INFO]: [AIBot] ACTION event=capability_decision bot=Bob {allowed=false, profile=strict_survival, capability=HIDDEN_BLOCK_SCAN, context=diagnostic_nearby, reason=DENIED_STRICT_SURVIVAL}
[16:07:43] [Server thread/INFO]: [AIBot] ACTION event=diag_snapshot bot=Bob {submerged=false, light=15, step=, in_lava=false, task_phase=PICKUP, goal=none, task_progress=0.9, task=mine_known_resource, mode=survival, air=300, food=19, path_idle=true, inv=minecraft:iron_pickaxex2 minecraft:iron_hoex1 minecraft:wheat_seedsx16 minecraft:oak_planksx32 minecraft:dirtx32 minecraft:raw_ironx3, nearby=animals=1(villager@10) hostiles=0, mining_idle=true, hp=20.0/20.0, on_ground=true, pos=23,113,7, fall=0.0, held=minecraft:iron_pickaxex1, task_state=COMPLETED}
[16:07:44] [Server thread/WARN]: [AIBot] PERCEPTION event=snapshot_slow bot=Bob {elapsed_ms=19}
[16:07:44] [Server thread/WARN]: [AIBot] PERCEPTION event=snapshot_slow bot=Bob {elapsed_ms=16}
[16:07:45] [Server thread/WARN]: [AIBot] PERCEPTION event=snapshot_slow bot=Bob {elapsed_ms=19}
[16:07:46] [Server thread/WARN]: [AIBot] PERCEPTION event=snapshot_slow bot=Bob {elapsed_ms=21}
[16:07:46] [Server thread/INFO]: [AIBot] ACTION event=diag_snapshot bot=Bob {submerged=false, light=15, step=, in_lava=false, task_phase=PICKUP, goal=none, task_progress=0.9, task=mine_known_resource, mode=survival, air=300, food=19, path_idle=true, inv=minecraft:iron_pickaxex2 minecraft:iron_hoex1 minecraft:wheat_seedsx16 minecraft:oak_planksx32 minecraft:dirtx32 minecraft:raw_ironx3, nearby=animals=1(villager@10) hostiles=0, mining_idle=true, hp=20.0/20.0, on_ground=true, pos=23,113,7, fall=0.0, held=minecraft:iron_pickaxex1, task_state=COMPLETED}
[16:07:46] [Server thread/WARN]: [AIBot] PERCEPTION event=snapshot_slow bot=Bob {elapsed_ms=19}
[16:07:46] [Server thread/WARN]: [AIBot] PERCEPTION event=snapshot_slow bot=Bob {elapsed_ms=11}
[16:07:47] [Server thread/WARN]: [AIBot] PERCEPTION event=snapshot_slow bot=Bob {elapsed_ms=20}
[16:07:47] [Server thread/INFO]: [AIBot] ACTION event=capability_decision bot=Bob {allowed=false, profile=strict_survival, capability=HIDDEN_BLOCK_SCAN, context=observable_block_query, reason=DENIED_STRICT_SURVIVAL}
[16:07:47] [Server thread/INFO]: [AIBot] ACTION event=capability_decision bot=Bob {allowed=false, profile=strict_survival, capability=HIDDEN_BLOCK_SCAN, context=perception_snapshot, reason=DENIED_STRICT_SURVIVAL}
[16:07:48] [Server thread/WARN]: [AIBot] PERCEPTION event=snapshot_slow bot=Bob {elapsed_ms=21}
[16:07:48] [Server thread/INFO]: [AIBot] ACTION event=diag_snapshot bot=Bob {submerged=false, light=15, step=, in_lava=false, task_phase=PICKUP, goal=none, task_progress=0.9, task=mine_known_resource, mode=survival, air=300, food=19, path_idle=true, inv=minecraft:iron_pickaxex2 minecraft:iron_hoex1 minecraft:wheat_seedsx16 minecraft:oak_planksx32 minecraft:dirtx32 minecraft:raw_ironx3, nearby=animals=1(villager@10) hostiles=0, mining_idle=true, hp=20.0/20.0, on_ground=true, pos=23,113,7, fall=0.0, held=minecraft:iron_pickaxex1, task_state=COMPLETED}
[16:07:48] [Server thread/INFO]: [AIBot] ACTION event=capability_decision bot=Bob {allowed=false, profile=strict_survival, capability=HIDDEN_BLOCK_SCAN, context=observable_entity_query, reason=DENIED_STRICT_SURVIVAL}
[16:07:48] [Server thread/WARN]: [AIBot] PERCEPTION event=snapshot_slow bot=Bob {elapsed_ms=19}
[16:07:48] [Server thread/WARN]: [AIBot] PERCEPTION event=snapshot_slow bot=Bob {elapsed_ms=19}
[16:07:49] [Server thread/WARN]: [AIBot] PERCEPTION event=snapshot_slow bot=Bob {elapsed_ms=12}
[16:07:49] [Server thread/WARN]: [AIBot] PERCEPTION event=snapshot_slow bot=Bob {elapsed_ms=19}
[16:07:49] [Server thread/INFO]: [AIBot] ACTION event=capability_decision bot=Bob {allowed=false, profile=strict_survival, capability=HIDDEN_BLOCK_SCAN, context=diagnostic_nearby, reason=DENIED_STRICT_SURVIVAL}
[16:07:49] [Server thread/INFO]: [AIBot] ACTION event=diag_snapshot bot=Bob {submerged=false, light=15, step=, in_lava=false, task_phase=PICKUP, goal=none, task_progress=0.9, task=mine_known_resource, mode=survival, air=300, food=19, path_idle=true, inv=minecraft:iron_pickaxex2 minecraft:iron_hoex1 minecraft:wheat_seedsx16 minecraft:oak_planksx32 minecraft:dirtx32 minecraft:raw_ironx3, nearby=animals=1(villager@10) hostiles=0, mining_idle=true, hp=20.0/20.0, on_ground=true, pos=23,113,7, fall=0.0, held=minecraft:iron_pickaxex1, task_state=COMPLETED}
[16:07:50] [Server thread/WARN]: [AIBot] PERCEPTION event=snapshot_slow bot=Bob {elapsed_ms=20}
[16:07:50] [Server thread/WARN]: [AIBot] PERCEPTION event=snapshot_slow bot=Bob {elapsed_ms=17}
[16:07:51] [RCON Listener #1/INFO]: Thread RCON Client /127.0.0.1 started
[16:07:51] [Server thread/INFO]: [Rcon: Changed the block at 22, 115, 6]
[16:07:51] [RCON Client /127.0.0.1 #14/INFO]: Thread RCON Client /127.0.0.1 shutting down
[16:07:51] [Server thread/WARN]: [AIBot] PERCEPTION event=snapshot_slow bot=Bob {elapsed_ms=34}
[16:07:51] [Server thread/WARN]: [AIBot] PERCEPTION event=snapshot_slow bot=Bob {elapsed_ms=21}
[16:07:51] [Server thread/INFO]: [AIBot] ACTION event=diag_snapshot bot=Bob {submerged=false, light=15, step=, in_lava=false, task_phase=PICKUP, goal=none, task_progress=0.9, task=mine_known_resource, mode=survival, air=300, food=19, path_idle=true, inv=minecraft:iron_pickaxex2 minecraft:iron_hoex1 minecraft:wheat_seedsx16 minecraft:oak_planksx32 minecraft:dirtx32 minecraft:raw_ironx3, nearby=animals=1(villager@10) hostiles=0, mining_idle=true, hp=20.0/20.0, on_ground=true, pos=23,113,7, fall=0.0, held=minecraft:iron_pickaxex1, task_state=COMPLETED}
[16:07:52] [Server thread/WARN]: [AIBot] PERCEPTION event=snapshot_slow bot=Bob {elapsed_ms=19}
[16:07:52] [RCON Listener #1/INFO]: Thread RCON Client /127.0.0.1 started
[16:07:52] [Server thread/INFO]: [Rcon: Teleported Bob to 23.500000, 113.000000, 5.500000]
[16:07:52] [RCON Client /127.0.0.1 #15/INFO]: Thread RCON Client /127.0.0.1 shutting down
[16:07:52] [Server thread/INFO]: [AIBot] ACTION event=capability_decision bot=Bob {allowed=false, profile=strict_survival, capability=HIDDEN_BLOCK_SCAN, context=observable_block_query, reason=DENIED_STRICT_SURVIVAL}
[16:07:52] [Server thread/INFO]: [AIBot] ACTION event=capability_decision bot=Bob {allowed=false, profile=strict_survival, capability=HIDDEN_BLOCK_SCAN, context=perception_snapshot, reason=DENIED_STRICT_SURVIVAL}
[16:07:53] [Server thread/WARN]: [AIBot] PERCEPTION event=snapshot_slow bot=Bob {elapsed_ms=20}
[16:07:53] [Server thread/INFO]: [AIBot] ACTION event=capability_decision bot=Bob {allowed=false, profile=strict_survival, capability=HIDDEN_BLOCK_SCAN, context=observable_entity_query, reason=DENIED_STRICT_SURVIVAL}
[16:07:53] [Server thread/WARN]: [AIBot] PERCEPTION event=snapshot_slow bot=Bob {elapsed_ms=11}
[16:07:54] [Server thread/WARN]: [AIBot] PERCEPTION event=snapshot_slow bot=Bob {elapsed_ms=18}
[16:07:54] [Server thread/INFO]: [AIBot] ACTION event=diag_snapshot bot=Bob {submerged=false, light=15, step=, in_lava=false, task_phase=PICKUP, goal=none, task_progress=0.9, task=mine_known_resource, mode=survival, air=300, food=19, path_idle=true, inv=minecraft:iron_pickaxex2 minecraft:iron_hoex1 minecraft:wheat_seedsx16 minecraft:oak_planksx32 minecraft:dirtx32 minecraft:raw_ironx3, nearby=animals=0 hostiles=0, mining_idle=true, hp=20.0/20.0, on_ground=true, pos=23,113,5, fall=0.0, held=minecraft:iron_pickaxex1, task_state=COMPLETED}
[16:07:54] [Server thread/WARN]: [AIBot] PERCEPTION event=snapshot_slow bot=Bob {elapsed_ms=18}
[16:07:54] [Server thread/WARN]: [AIBot] PERCEPTION event=snapshot_slow bot=Bob {elapsed_ms=11}
[16:07:55] [Server thread/WARN]: [AIBot] PERCEPTION event=snapshot_slow bot=Bob {elapsed_ms=11}
[16:07:55] [Server thread/WARN]: [AIBot] PERCEPTION event=snapshot_slow bot=Bob {elapsed_ms=13}
[16:07:55] [Server thread/INFO]: [AIBot] ACTION event=capability_decision bot=Bob {allowed=false, profile=strict_survival, capability=HIDDEN_BLOCK_SCAN, context=diagnostic_nearby, reason=DENIED_STRICT_SURVIVAL}
[16:07:55] [Server thread/INFO]: [AIBot] ACTION event=diag_snapshot bot=Bob {submerged=false, light=15, step=, in_lava=false, task_phase=PICKUP, goal=none, task_progress=0.9, task=mine_known_resource, mode=survival, air=300, food=19, path_idle=true, inv=minecraft:iron_pickaxex2 minecraft:iron_hoex1 minecraft:wheat_seedsx16 minecraft:oak_planksx32 minecraft:dirtx32 minecraft:raw_ironx3, nearby=animals=0 hostiles=0, mining_idle=true, hp=20.0/20.0, on_ground=true, pos=23,113,5, fall=0.0, held=minecraft:iron_pickaxex1, task_state=COMPLETED}
[16:07:56] [Server thread/WARN]: [AIBot] PERCEPTION event=snapshot_slow bot=Bob {elapsed_ms=14}
[16:07:56] [Server thread/WARN]: [AIBot] PERCEPTION event=snapshot_slow bot=Bob {elapsed_ms=19}
[16:07:57] [Server thread/WARN]: [AIBot] PERCEPTION event=snapshot_slow bot=Bob {elapsed_ms=19}
[16:07:57] [Server thread/INFO]: [AIBot] ACTION event=capability_decision bot=Bob {allowed=false, profile=strict_survival, capability=HIDDEN_BLOCK_SCAN, context=observable_block_query, reason=DENIED_STRICT_SURVIVAL}
[16:07:57] [Server thread/INFO]: [AIBot] ACTION event=capability_decision bot=Bob {allowed=false, profile=strict_survival, capability=HIDDEN_BLOCK_SCAN, context=perception_snapshot, reason=DENIED_STRICT_SURVIVAL}
[16:07:57] [Server thread/WARN]: [AIBot] PERCEPTION event=snapshot_slow bot=Bob {elapsed_ms=15}
[16:07:57] [Server thread/INFO]: [AIBot] ACTION event=diag_snapshot bot=Bob {submerged=false, light=15, step=, in_lava=false, task_phase=PICKUP, goal=none, task_progress=0.9, task=mine_known_resource, mode=survival, air=300, food=19, path_idle=true, inv=minecraft:iron_pickaxex2 minecraft:iron_hoex1 minecraft:wheat_seedsx16 minecraft:oak_planksx32 minecraft:dirtx32 minecraft:raw_ironx3, nearby=animals=0 hostiles=0, mining_idle=true, hp=20.0/20.0, on_ground=true, pos=23,113,5, fall=0.0, held=minecraft:iron_pickaxex1, task_state=COMPLETED}
[16:07:58] [Server thread/INFO]: [AIBot] ACTION event=capability_decision bot=Bob {allowed=false, profile=strict_survival, capability=HIDDEN_BLOCK_SCAN, context=observable_entity_query, reason=DENIED_STRICT_SURVIVAL}
[16:07:58] [Server thread/WARN]: [AIBot] PERCEPTION event=snapshot_slow bot=Bob {elapsed_ms=16}
[16:07:58] [Server thread/WARN]: [AIBot] PERCEPTION event=snapshot_slow bot=Bob {elapsed_ms=22}
[16:07:59] [Server thread/WARN]: [AIBot] PERCEPTION event=snapshot_slow bot=Bob {elapsed_ms=19}
[16:07:59] [Server thread/WARN]: [AIBot] PERCEPTION event=snapshot_slow bot=Bob {elapsed_ms=18}
[16:07:59] [Server thread/INFO]: [AIBot] ACTION event=diag_snapshot bot=Bob {submerged=false, light=15, step=, in_lava=false, task_phase=PICKUP, goal=none, task_progress=0.9, task=mine_known_resource, mode=survival, air=300, food=19, path_idle=true, inv=minecraft:iron_pickaxex2 minecraft:iron_hoex1 minecraft:wheat_seedsx16 minecraft:oak_planksx32 minecraft:dirtx32 minecraft:raw_ironx3, nearby=animals=0 hostiles=0, mining_idle=true, hp=20.0/20.0, on_ground=true, pos=23,113,5, fall=0.0, held=minecraft:iron_pickaxex1, task_state=COMPLETED}
[16:08:00] [Server thread/WARN]: [AIBot] PERCEPTION event=snapshot_slow bot=Bob {elapsed_ms=16}
[16:08:00] [Server thread/WARN]: [AIBot] PERCEPTION event=snapshot_slow bot=Bob {elapsed_ms=20}
[16:08:01] [Server thread/WARN]: [AIBot] PERCEPTION event=snapshot_slow bot=Bob {elapsed_ms=19}
[16:08:01] [Server thread/WARN]: [AIBot] PERCEPTION event=snapshot_slow bot=Bob {elapsed_ms=20}
[16:08:01] [Server thread/INFO]: [AIBot] ACTION event=capability_decision bot=Bob {allowed=false, profile=strict_survival, capability=HIDDEN_BLOCK_SCAN, context=diagnostic_nearby, reason=DENIED_STRICT_SURVIVAL}
[16:08:01] [Server thread/INFO]: [AIBot] ACTION event=diag_snapshot bot=Bob {submerged=false, light=15, step=, in_lava=false, task_phase=PICKUP, goal=none, task_progress=0.9, task=mine_known_resource, mode=survival, air=300, food=19, path_idle=true, inv=minecraft:iron_pickaxex2 minecraft:iron_hoex1 minecraft:wheat_seedsx16 minecraft:oak_planksx32 minecraft:dirtx32 minecraft:raw_ironx3, nearby=animals=0 hostiles=0, mining_idle=true, hp=20.0/20.0, on_ground=true, pos=23,113,5, fall=0.0, held=minecraft:iron_pickaxex1, task_state=COMPLETED}
[16:08:02] [Server thread/WARN]: [AIBot] PERCEPTION event=snapshot_slow bot=Bob {elapsed_ms=18}
[16:08:02] [Server thread/INFO]: [AIBot] ACTION event=capability_decision bot=Bob {allowed=false, profile=strict_survival, capability=HIDDEN_BLOCK_SCAN, context=observable_block_query, reason=DENIED_STRICT_SURVIVAL}
[16:08:02] [Server thread/INFO]: [AIBot] ACTION event=capability_decision bot=Bob {allowed=false, profile=strict_survival, capability=HIDDEN_BLOCK_SCAN, context=perception_snapshot, reason=DENIED_STRICT_SURVIVAL}
[16:08:02] [Server thread/WARN]: [AIBot] PERCEPTION event=snapshot_slow bot=Bob {elapsed_ms=20}
[16:08:03] [Server thread/INFO]: [AIBot] ACTION event=capability_decision bot=Bob {allowed=false, profile=strict_survival, capability=HIDDEN_BLOCK_SCAN, context=observable_entity_query, reason=DENIED_STRICT_SURVIVAL}
[16:08:03] [Server thread/WARN]: [AIBot] PERCEPTION event=snapshot_slow bot=Bob {elapsed_ms=19}
[16:08:03] [Server thread/WARN]: [AIBot] PERCEPTION event=snapshot_slow bot=Bob {elapsed_ms=21}
[16:08:03] [Server thread/INFO]: [AIBot] ACTION event=diag_snapshot bot=Bob {submerged=false, light=15, step=, in_lava=false, task_phase=PICKUP, goal=none, task_progress=0.9, task=mine_known_resource, mode=survival, air=300, food=19, path_idle=true, inv=minecraft:iron_pickaxex2 minecraft:iron_hoex1 minecraft:wheat_seedsx16 minecraft:oak_planksx32 minecraft:dirtx32 minecraft:raw_ironx3, nearby=animals=0 hostiles=0, mining_idle=true, hp=20.0/20.0, on_ground=true, pos=23,113,5, fall=0.0, held=minecraft:iron_pickaxex1, task_state=COMPLETED}
[16:08:04] [Server thread/WARN]: [AIBot] PERCEPTION event=snapshot_slow bot=Bob {elapsed_ms=16}
[16:08:04] [Server thread/WARN]: [AIBot] PERCEPTION event=snapshot_slow bot=Bob {elapsed_ms=18}
[16:08:05] [Server thread/WARN]: [AIBot] PERCEPTION event=snapshot_slow bot=Bob {elapsed_ms=19}
[16:08:05] [Server thread/WARN]: [AIBot] PERCEPTION event=snapshot_slow bot=Bob {elapsed_ms=17}
[16:08:05] [Server thread/INFO]: [AIBot] ACTION event=diag_snapshot bot=Bob {submerged=false, light=15, step=, in_lava=false, task_phase=PICKUP, goal=none, task_progress=0.9, task=mine_known_resource, mode=survival, air=300, food=19, path_idle=true, inv=minecraft:iron_pickaxex2 minecraft:iron_hoex1 minecraft:wheat_seedsx16 minecraft:oak_planksx32 minecraft:dirtx32 minecraft:raw_ironx3, nearby=animals=0 hostiles=0, mining_idle=true, hp=20.0/20.0, on_ground=true, pos=23,113,5, fall=0.0, held=minecraft:iron_pickaxex1, task_state=COMPLETED}
[16:08:06] [Server thread/WARN]: [AIBot] PERCEPTION event=snapshot_slow bot=Bob {elapsed_ms=20}
[16:08:06] [Server thread/WARN]: [AIBot] PERCEPTION event=snapshot_slow bot=Bob {elapsed_ms=14}
[16:08:07] [Server thread/WARN]: [AIBot] PERCEPTION event=snapshot_slow bot=Bob {elapsed_ms=18}
[16:08:07] [Server thread/INFO]: [AIBot] ACTION event=capability_decision bot=Bob {allowed=false, profile=strict_survival, capability=HIDDEN_BLOCK_SCAN, context=observable_block_query, reason=DENIED_STRICT_SURVIVAL}
[16:08:07] [Server thread/INFO]: [AIBot] ACTION event=capability_decision bot=Bob {allowed=false, profile=strict_survival, capability=HIDDEN_BLOCK_SCAN, context=perception_snapshot, reason=DENIED_STRICT_SURVIVAL}
[16:08:07] [Server thread/WARN]: [AIBot] PERCEPTION event=snapshot_slow bot=Bob {elapsed_ms=18}
[16:08:07] [Server thread/INFO]: [AIBot] ACTION event=capability_decision bot=Bob {allowed=false, profile=strict_survival, capability=HIDDEN_BLOCK_SCAN, context=diagnostic_nearby, reason=DENIED_STRICT_SURVIVAL}
[16:08:07] [Server thread/INFO]: [AIBot] ACTION event=diag_snapshot bot=Bob {submerged=false, light=15, step=, in_lava=false, task_phase=PICKUP, goal=none, task_progress=0.9, task=mine_known_resource, mode=survival, air=300, food=19, path_idle=true, inv=minecraft:iron_pickaxex2 minecraft:iron_hoex1 minecraft:wheat_seedsx16 minecraft:oak_planksx32 minecraft:dirtx32 minecraft:raw_ironx3, nearby=animals=0 hostiles=0, mining_idle=true, hp=20.0/20.0, on_ground=true, pos=23,113,5, fall=0.0, held=minecraft:iron_pickaxex1, task_state=COMPLETED}
[16:08:08] [Server thread/INFO]: [AIBot] ACTION event=capability_decision bot=Bob {allowed=false, profile=strict_survival, capability=HIDDEN_BLOCK_SCAN, context=observable_entity_query, reason=DENIED_STRICT_SURVIVAL}
[16:08:08] [Server thread/WARN]: [AIBot] PERCEPTION event=snapshot_slow bot=Bob {elapsed_ms=18}
[16:08:08] [Server thread/WARN]: [AIBot] PERCEPTION event=snapshot_slow bot=Bob {elapsed_ms=18}
[16:08:09] [Server thread/WARN]: [AIBot] PERCEPTION event=snapshot_slow bot=Bob {elapsed_ms=20}
[16:08:09] [Server thread/WARN]: [AIBot] PERCEPTION event=snapshot_slow bot=Bob {elapsed_ms=21}
[16:08:09] [Server thread/INFO]: [AIBot] ACTION event=diag_snapshot bot=Bob {submerged=false, light=15, step=, in_lava=false, task_phase=PICKUP, goal=none, task_progress=0.9, task=mine_known_resource, mode=survival, air=300, food=19, path_idle=true, inv=minecraft:iron_pickaxex2 minecraft:iron_hoex1 minecraft:wheat_seedsx16 minecraft:oak_planksx32 minecraft:dirtx32 minecraft:raw_ironx3, nearby=animals=0 hostiles=0, mining_idle=true, hp=20.0/20.0, on_ground=true, pos=23,113,5, fall=0.0, held=minecraft:iron_pickaxex1, task_state=COMPLETED}
[16:08:10] [Server thread/WARN]: [AIBot] PERCEPTION event=snapshot_slow bot=Bob {elapsed_ms=16}
[16:08:10] [Server thread/WARN]: [AIBot] PERCEPTION event=snapshot_slow bot=Bob {elapsed_ms=18}
[16:08:11] [Server thread/WARN]: [AIBot] PERCEPTION event=snapshot_slow bot=Bob {elapsed_ms=17}
[16:08:11] [Server thread/WARN]: [AIBot] PERCEPTION event=snapshot_slow bot=Bob {elapsed_ms=21}
[16:08:11] [Server thread/INFO]: [AIBot] ACTION event=diag_snapshot bot=Bob {submerged=false, light=15, step=, in_lava=false, task_phase=PICKUP, goal=none, task_progress=0.9, task=mine_known_resource, mode=survival, air=300, food=19, path_idle=true, inv=minecraft:iron_pickaxex2 minecraft:iron_hoex1 minecraft:wheat_seedsx16 minecraft:oak_planksx32 minecraft:dirtx32 minecraft:raw_ironx3, nearby=animals=0 hostiles=0, mining_idle=true, hp=20.0/20.0, on_ground=true, pos=23,113,5, fall=0.0, held=minecraft:iron_pickaxex1, task_state=COMPLETED}
[16:08:12] [Server thread/WARN]: [AIBot] PERCEPTION event=snapshot_slow bot=Bob {elapsed_ms=17}
[16:08:12] [Server thread/INFO]: [AIBot] ACTION event=capability_decision bot=Bob {allowed=false, profile=strict_survival, capability=HIDDEN_BLOCK_SCAN, context=observable_block_query, reason=DENIED_STRICT_SURVIVAL}
[16:08:12] [Server thread/INFO]: [AIBot] ACTION event=capability_decision bot=Bob {allowed=false, profile=strict_survival, capability=HIDDEN_BLOCK_SCAN, context=perception_snapshot, reason=DENIED_STRICT_SURVIVAL}
[16:08:12] [Server thread/WARN]: [AIBot] PERCEPTION event=snapshot_slow bot=Bob {elapsed_ms=17}
[16:08:13] [Server thread/INFO]: [AIBot] ACTION event=capability_decision bot=Bob {allowed=false, profile=strict_survival, capability=HIDDEN_BLOCK_SCAN, context=observable_entity_query, reason=DENIED_STRICT_SURVIVAL}
[16:08:13] [Server thread/WARN]: [AIBot] PERCEPTION event=snapshot_slow bot=Bob {elapsed_ms=18}
[16:08:13] [Server thread/WARN]: [AIBot] PERCEPTION event=snapshot_slow bot=Bob {elapsed_ms=18}
[16:08:13] [Server thread/INFO]: [AIBot] ACTION event=capability_decision bot=Bob {allowed=false, profile=strict_survival, capability=HIDDEN_BLOCK_SCAN, context=diagnostic_nearby, reason=DENIED_STRICT_SURVIVAL}
[16:08:13] [Server thread/INFO]: [AIBot] ACTION event=diag_snapshot bot=Bob {submerged=false, light=15, step=, in_lava=false, task_phase=PICKUP, goal=none, task_progress=0.9, task=mine_known_resource, mode=survival, air=300, food=19, path_idle=true, inv=minecraft:iron_pickaxex2 minecraft:iron_hoex1 minecraft:wheat_seedsx16 minecraft:oak_planksx32 minecraft:dirtx32 minecraft:raw_ironx3, nearby=animals=0 hostiles=0, mining_idle=true, hp=20.0/20.0, on_ground=true, pos=23,113,5, fall=0.0, held=minecraft:iron_pickaxex1, task_state=COMPLETED}
[16:08:14] [Server thread/WARN]: [AIBot] PERCEPTION event=snapshot_slow bot=Bob {elapsed_ms=19}
[16:08:14] [Server thread/WARN]: [AIBot] PERCEPTION event=snapshot_slow bot=Bob {elapsed_ms=15}
[16:08:15] [Server thread/WARN]: [AIBot] PERCEPTION event=snapshot_slow bot=Bob {elapsed_ms=19}
[16:08:15] [Server thread/WARN]: [AIBot] PERCEPTION event=snapshot_slow bot=Bob {elapsed_ms=16}
[16:08:15] [Server thread/INFO]: [AIBot] ACTION event=diag_snapshot bot=Bob {submerged=false, light=15, step=, in_lava=false, task_phase=PICKUP, goal=none, task_progress=0.9, task=mine_known_resource, mode=survival, air=300, food=19, path_idle=true, inv=minecraft:iron_pickaxex2 minecraft:iron_hoex1 minecraft:wheat_seedsx16 minecraft:oak_planksx32 minecraft:dirtx32 minecraft:raw_ironx3, nearby=animals=0 hostiles=0, mining_idle=true, hp=20.0/20.0, on_ground=true, pos=23,113,5, fall=0.0, held=minecraft:iron_pickaxex1, task_state=COMPLETED}
[16:08:16] [Server thread/WARN]: [AIBot] PERCEPTION event=snapshot_slow bot=Bob {elapsed_ms=15}
[16:08:16] [Server thread/WARN]: [AIBot] PERCEPTION event=snapshot_slow bot=Bob {elapsed_ms=15}
[16:08:17] [Server thread/WARN]: [AIBot] PERCEPTION event=snapshot_slow bot=Bob {elapsed_ms=16}
[16:08:17] [Server thread/INFO]: [AIBot] LIFECYCLE event=mixin_alive bot=- {server_tick=2400}
[16:08:17] [Server thread/INFO]: [AIBot] ACTION event=capability_decision bot=Bob {allowed=false, profile=strict_survival, capability=HIDDEN_BLOCK_SCAN, context=observable_block_query, reason=DENIED_STRICT_SURVIVAL}
[16:08:17] [Server thread/INFO]: [AIBot] ACTION event=capability_decision bot=Bob {allowed=false, profile=strict_survival, capability=HIDDEN_BLOCK_SCAN, context=perception_snapshot, reason=DENIED_STRICT_SURVIVAL}
[16:08:17] [Server thread/WARN]: [AIBot] PERCEPTION event=snapshot_slow bot=Bob {elapsed_ms=16}
[16:08:17] [Server thread/INFO]: [AIBot] ACTION event=diag_snapshot bot=Bob {submerged=false, light=15, step=, in_lava=false, task_phase=PICKUP, goal=none, task_progress=0.9, task=mine_known_resource, mode=survival, air=300, food=19, path_idle=true, inv=minecraft:iron_pickaxex2 minecraft:iron_hoex1 minecraft:wheat_seedsx16 minecraft:oak_planksx32 minecraft:dirtx32 minecraft:raw_ironx3, nearby=animals=0 hostiles=0, mining_idle=true, hp=20.0/20.0, on_ground=true, pos=23,113,5, fall=0.0, held=minecraft:iron_pickaxex1, task_state=COMPLETED}
[16:08:18] [Server thread/INFO]: [AIBot] ACTION event=capability_decision bot=Bob {allowed=false, profile=strict_survival, capability=HIDDEN_BLOCK_SCAN, context=observable_entity_query, reason=DENIED_STRICT_SURVIVAL}
[16:08:18] [Server thread/WARN]: [AIBot] PERCEPTION event=snapshot_slow bot=Bob {elapsed_ms=15}
[16:08:18] [Server thread/WARN]: [AIBot] PERCEPTION event=snapshot_slow bot=Bob {elapsed_ms=16}
[16:08:19] [Server thread/WARN]: [AIBot] PERCEPTION event=snapshot_slow bot=Bob {elapsed_ms=18}
[16:08:19] [Server thread/WARN]: [AIBot] PERCEPTION event=snapshot_slow bot=Bob {elapsed_ms=17}
[16:08:19] [Server thread/INFO]: [AIBot] ACTION event=capability_decision bot=Bob {allowed=false, profile=strict_survival, capability=HIDDEN_BLOCK_SCAN, context=diagnostic_nearby, reason=DENIED_STRICT_SURVIVAL}
[16:08:19] [Server thread/INFO]: [AIBot] ACTION event=diag_snapshot bot=Bob {submerged=false, light=15, step=, in_lava=false, task_phase=PICKUP, goal=none, task_progress=0.9, task=mine_known_resource, mode=survival, air=300, food=19, path_idle=true, inv=minecraft:iron_pickaxex2 minecraft:iron_hoex1 minecraft:wheat_seedsx16 minecraft:oak_planksx32 minecraft:dirtx32 minecraft:raw_ironx3, nearby=animals=0 hostiles=0, mining_idle=true, hp=20.0/20.0, on_ground=true, pos=23,113,5, fall=0.0, held=minecraft:iron_pickaxex1, task_state=COMPLETED}
[16:08:20] [Server thread/WARN]: [AIBot] PERCEPTION event=snapshot_slow bot=Bob {elapsed_ms=19}
[16:08:20] [Server thread/WARN]: [AIBot] PERCEPTION event=snapshot_slow bot=Bob {elapsed_ms=18}
[16:08:21] [Server thread/WARN]: [AIBot] PERCEPTION event=snapshot_slow bot=Bob {elapsed_ms=14}
[16:08:21] [Server thread/INFO]: [AIBot] ACTION event=diag_snapshot bot=Bob {submerged=false, light=15, step=, in_lava=false, task_phase=PICKUP, goal=none, task_progress=0.9, task=mine_known_resource, mode=survival, air=300, food=19, path_idle=true, inv=minecraft:iron_pickaxex2 minecraft:iron_hoex1 minecraft:wheat_seedsx16 minecraft:oak_planksx32 minecraft:dirtx32 minecraft:raw_ironx3, nearby=animals=0 hostiles=0, mining_idle=true, hp=20.0/20.0, on_ground=true, pos=23,113,5, fall=0.0, held=minecraft:iron_pickaxex1, task_state=COMPLETED}
[16:08:22] [Server thread/WARN]: [AIBot] PERCEPTION event=snapshot_slow bot=Bob {elapsed_ms=20}
[16:08:22] [Server thread/INFO]: [AIBot] ACTION event=capability_decision bot=Bob {allowed=false, profile=strict_survival, capability=HIDDEN_BLOCK_SCAN, context=observable_block_query, reason=DENIED_STRICT_SURVIVAL}
[16:08:22] [Server thread/INFO]: [AIBot] ACTION event=capability_decision bot=Bob {allowed=false, profile=strict_survival, capability=HIDDEN_BLOCK_SCAN, context=perception_snapshot, reason=DENIED_STRICT_SURVIVAL}
[16:08:22] [Server thread/WARN]: [AIBot] PERCEPTION event=snapshot_slow bot=Bob {elapsed_ms=12}
[16:08:23] [Server thread/INFO]: [AIBot] ACTION event=capability_decision bot=Bob {allowed=false, profile=strict_survival, capability=HIDDEN_BLOCK_SCAN, context=observable_entity_query, reason=DENIED_STRICT_SURVIVAL}
[16:08:23] [Server thread/WARN]: [AIBot] PERCEPTION event=snapshot_slow bot=Bob {elapsed_ms=17}
[16:08:23] [Server thread/WARN]: [AIBot] PERCEPTION event=snapshot_slow bot=Bob {elapsed_ms=15}
[16:08:23] [Server thread/INFO]: [AIBot] ACTION event=diag_snapshot bot=Bob {submerged=false, light=15, step=, in_lava=false, task_phase=PICKUP, goal=none, task_progress=0.9, task=mine_known_resource, mode=survival, air=300, food=19, path_idle=true, inv=minecraft:iron_pickaxex2 minecraft:iron_hoex1 minecraft:wheat_seedsx16 minecraft:oak_planksx32 minecraft:dirtx32 minecraft:raw_ironx3, nearby=animals=0 hostiles=0, mining_idle=true, hp=20.0/20.0, on_ground=true, pos=23,113,5, fall=0.0, held=minecraft:iron_pickaxex1, task_state=COMPLETED}
[16:08:24] [Server thread/WARN]: [AIBot] PERCEPTION event=snapshot_slow bot=Bob {elapsed_ms=18}
[16:08:24] [Server thread/WARN]: [AIBot] PERCEPTION event=snapshot_slow bot=Bob {elapsed_ms=21}
[16:08:25] [Server thread/WARN]: [AIBot] PERCEPTION event=snapshot_slow bot=Bob {elapsed_ms=22}
[16:08:25] [Server thread/WARN]: [AIBot] PERCEPTION event=snapshot_slow bot=Bob {elapsed_ms=15}
[16:08:25] [Server thread/INFO]: [AIBot] ACTION event=capability_decision bot=Bob {allowed=false, profile=strict_survival, capability=HIDDEN_BLOCK_SCAN, context=diagnostic_nearby, reason=DENIED_STRICT_SURVIVAL}
[16:08:25] [Server thread/INFO]: [AIBot] ACTION event=diag_snapshot bot=Bob {submerged=false, light=15, step=, in_lava=false, task_phase=PICKUP, goal=none, task_progress=0.9, task=mine_known_resource, mode=survival, air=300, food=19, path_idle=true, inv=minecraft:iron_pickaxex2 minecraft:iron_hoex1 minecraft:wheat_seedsx16 minecraft:oak_planksx32 minecraft:dirtx32 minecraft:raw_ironx3, nearby=animals=0 hostiles=0, mining_idle=true, hp=20.0/20.0, on_ground=true, pos=23,113,5, fall=0.0, held=minecraft:iron_pickaxex1, task_state=COMPLETED}
[16:08:26] [Server thread/WARN]: [AIBot] PERCEPTION event=snapshot_slow bot=Bob {elapsed_ms=19}
[16:08:26] [Server thread/WARN]: [AIBot] PERCEPTION event=snapshot_slow bot=Bob {elapsed_ms=19}
[16:08:27] [Server thread/WARN]: [AIBot] PERCEPTION event=snapshot_slow bot=Bob {elapsed_ms=18}
[16:08:27] [Server thread/INFO]: [AIBot] ACTION event=capability_decision bot=Bob {allowed=false, profile=strict_survival, capability=HIDDEN_BLOCK_SCAN, context=observable_block_query, reason=DENIED_STRICT_SURVIVAL}
[16:08:27] [Server thread/INFO]: [AIBot] ACTION event=capability_decision bot=Bob {allowed=false, profile=strict_survival, capability=HIDDEN_BLOCK_SCAN, context=perception_snapshot, reason=DENIED_STRICT_SURVIVAL}
[16:08:27] [Server thread/WARN]: [AIBot] PERCEPTION event=snapshot_slow bot=Bob {elapsed_ms=18}
[16:08:27] [Server thread/INFO]: [AIBot] ACTION event=diag_snapshot bot=Bob {submerged=false, light=15, step=, in_lava=false, task_phase=PICKUP, goal=none, task_progress=0.9, task=mine_known_resource, mode=survival, air=300, food=19, path_idle=true, inv=minecraft:iron_pickaxex2 minecraft:iron_hoex1 minecraft:wheat_seedsx16 minecraft:oak_planksx32 minecraft:dirtx32 minecraft:raw_ironx3, nearby=animals=0 hostiles=0, mining_idle=true, hp=20.0/20.0, on_ground=true, pos=23,113,5, fall=0.0, held=minecraft:iron_pickaxex1, task_state=COMPLETED}
[16:08:28] [Server thread/INFO]: [AIBot] ACTION event=capability_decision bot=Bob {allowed=false, profile=strict_survival, capability=HIDDEN_BLOCK_SCAN, context=observable_entity_query, reason=DENIED_STRICT_SURVIVAL}
[16:08:28] [Server thread/WARN]: [AIBot] PERCEPTION event=snapshot_slow bot=Bob {elapsed_ms=18}
[16:08:28] [Server thread/WARN]: [AIBot] PERCEPTION event=snapshot_slow bot=Bob {elapsed_ms=17}
[16:08:29] [Server thread/WARN]: [AIBot] PERCEPTION event=snapshot_slow bot=Bob {elapsed_ms=18}
[16:08:29] [Server thread/WARN]: [AIBot] PERCEPTION event=snapshot_slow bot=Bob {elapsed_ms=15}
[16:08:29] [Server thread/INFO]: [AIBot] ACTION event=diag_snapshot bot=Bob {submerged=false, light=15, step=, in_lava=false, task_phase=PICKUP, goal=none, task_progress=0.9, task=mine_known_resource, mode=survival, air=300, food=19, path_idle=true, inv=minecraft:iron_pickaxex2 minecraft:iron_hoex1 minecraft:wheat_seedsx16 minecraft:oak_planksx32 minecraft:dirtx32 minecraft:raw_ironx3, nearby=animals=0 hostiles=0, mining_idle=true, hp=20.0/20.0, on_ground=true, pos=23,113,5, fall=0.0, held=minecraft:iron_pickaxex1, task_state=COMPLETED}
[16:08:30] [Server thread/WARN]: [AIBot] PERCEPTION event=snapshot_slow bot=Bob {elapsed_ms=15}
[16:08:30] [Server thread/WARN]: [AIBot] PERCEPTION event=snapshot_slow bot=Bob {elapsed_ms=16}
[16:08:31] [Server thread/WARN]: [AIBot] PERCEPTION event=snapshot_slow bot=Bob {elapsed_ms=14}
[16:08:31] [Server thread/WARN]: [AIBot] PERCEPTION event=snapshot_slow bot=Bob {elapsed_ms=16}
[16:08:31] [Server thread/INFO]: [AIBot] ACTION event=capability_decision bot=Bob {allowed=false, profile=strict_survival, capability=HIDDEN_BLOCK_SCAN, context=diagnostic_nearby, reason=DENIED_STRICT_SURVIVAL}
[16:08:31] [Server thread/INFO]: [AIBot] ACTION event=diag_snapshot bot=Bob {submerged=false, light=15, step=, in_lava=false, task_phase=PICKUP, goal=none, task_progress=0.9, task=mine_known_resource, mode=survival, air=300, food=19, path_idle=true, inv=minecraft:iron_pickaxex2 minecraft:iron_hoex1 minecraft:wheat_seedsx16 minecraft:oak_planksx32 minecraft:dirtx32 minecraft:raw_ironx3, nearby=animals=0 hostiles=0, mining_idle=true, hp=20.0/20.0, on_ground=true, pos=23,113,5, fall=0.0, held=minecraft:iron_pickaxex1, task_state=COMPLETED}
[16:08:32] [Server thread/WARN]: [AIBot] PERCEPTION event=snapshot_slow bot=Bob {elapsed_ms=17}
[16:08:32] [Server thread/INFO]: [AIBot] ACTION event=capability_decision bot=Bob {allowed=false, profile=strict_survival, capability=HIDDEN_BLOCK_SCAN, context=observable_block_query, reason=DENIED_STRICT_SURVIVAL}
[16:08:32] [Server thread/INFO]: [AIBot] ACTION event=capability_decision bot=Bob {allowed=false, profile=strict_survival, capability=HIDDEN_BLOCK_SCAN, context=perception_snapshot, reason=DENIED_STRICT_SURVIVAL}
[16:08:32] [Server thread/WARN]: [AIBot] PERCEPTION event=snapshot_slow bot=Bob {elapsed_ms=16}
[16:08:33] [Server thread/INFO]: [AIBot] ACTION event=capability_decision bot=Bob {allowed=false, profile=strict_survival, capability=HIDDEN_BLOCK_SCAN, context=observable_entity_query, reason=DENIED_STRICT_SURVIVAL}
[16:08:33] [Server thread/WARN]: [AIBot] PERCEPTION event=snapshot_slow bot=Bob {elapsed_ms=17}
[16:08:33] [Server thread/WARN]: [AIBot] PERCEPTION event=snapshot_slow bot=Bob {elapsed_ms=13}
[16:08:33] [Server thread/INFO]: [AIBot] ACTION event=diag_snapshot bot=Bob {submerged=false, light=15, step=, in_lava=false, task_phase=PICKUP, goal=none, task_progress=0.9, task=mine_known_resource, mode=survival, air=300, food=19, path_idle=true, inv=minecraft:iron_pickaxex2 minecraft:iron_hoex1 minecraft:wheat_seedsx16 minecraft:oak_planksx32 minecraft:dirtx32 minecraft:raw_ironx3, nearby=animals=0 hostiles=0, mining_idle=true, hp=20.0/20.0, on_ground=true, pos=23,113,5, fall=0.0, held=minecraft:iron_pickaxex1, task_state=COMPLETED}
[16:08:34] [Server thread/WARN]: [AIBot] PERCEPTION event=snapshot_slow bot=Bob {elapsed_ms=16}
[16:08:34] [Server thread/WARN]: [AIBot] PERCEPTION event=snapshot_slow bot=Bob {elapsed_ms=18}
[16:08:35] [Server thread/WARN]: [AIBot] PERCEPTION event=snapshot_slow bot=Bob {elapsed_ms=18}
[16:08:35] [Server thread/WARN]: [AIBot] PERCEPTION event=snapshot_slow bot=Bob {elapsed_ms=16}
[16:08:35] [Server thread/INFO]: [AIBot] ACTION event=diag_snapshot bot=Bob {submerged=false, light=15, step=, in_lava=false, task_phase=PICKUP, goal=none, task_progress=0.9, task=mine_known_resource, mode=survival, air=300, food=19, path_idle=true, inv=minecraft:iron_pickaxex2 minecraft:iron_hoex1 minecraft:wheat_seedsx16 minecraft:oak_planksx32 minecraft:dirtx32 minecraft:raw_ironx3, nearby=animals=0 hostiles=0, mining_idle=true, hp=20.0/20.0, on_ground=true, pos=23,113,5, fall=0.0, held=minecraft:iron_pickaxex1, task_state=COMPLETED}
[16:08:36] [Server thread/WARN]: [AIBot] PERCEPTION event=snapshot_slow bot=Bob {elapsed_ms=14}
[16:08:36] [Server thread/WARN]: [AIBot] PERCEPTION event=snapshot_slow bot=Bob {elapsed_ms=17}
[16:08:37] [Server thread/WARN]: [AIBot] PERCEPTION event=snapshot_slow bot=Bob {elapsed_ms=14}
[16:08:37] [Server thread/INFO]: [AIBot] ACTION event=capability_decision bot=Bob {allowed=false, profile=strict_survival, capability=HIDDEN_BLOCK_SCAN, context=observable_block_query, reason=DENIED_STRICT_SURVIVAL}
[16:08:37] [Server thread/INFO]: [AIBot] ACTION event=capability_decision bot=Bob {allowed=false, profile=strict_survival, capability=HIDDEN_BLOCK_SCAN, context=perception_snapshot, reason=DENIED_STRICT_SURVIVAL}
[16:08:38] [Server thread/WARN]: [AIBot] PERCEPTION event=snapshot_slow bot=Bob {elapsed_ms=21}
[16:08:38] [Server thread/INFO]: [AIBot] ACTION event=capability_decision bot=Bob {allowed=false, profile=strict_survival, capability=HIDDEN_BLOCK_SCAN, context=diagnostic_nearby, reason=DENIED_STRICT_SURVIVAL}
[16:08:38] [Server thread/INFO]: [AIBot] ACTION event=diag_snapshot bot=Bob {submerged=false, light=15, step=, in_lava=false, task_phase=PICKUP, goal=none, task_progress=0.9, task=mine_known_resource, mode=survival, air=300, food=19, path_idle=true, inv=minecraft:iron_pickaxex2 minecraft:iron_hoex1 minecraft:wheat_seedsx16 minecraft:oak_planksx32 minecraft:dirtx32 minecraft:raw_ironx3, nearby=animals=0 hostiles=0, mining_idle=true, hp=20.0/20.0, on_ground=true, pos=23,113,5, fall=0.0, held=minecraft:iron_pickaxex1, task_state=COMPLETED}
[16:08:38] [Server thread/INFO]: [AIBot] ACTION event=capability_decision bot=Bob {allowed=false, profile=strict_survival, capability=HIDDEN_BLOCK_SCAN, context=observable_entity_query, reason=DENIED_STRICT_SURVIVAL}
[16:08:38] [Server thread/WARN]: [AIBot] PERCEPTION event=snapshot_slow bot=Bob {elapsed_ms=16}
[16:08:38] [Server thread/WARN]: [AIBot] PERCEPTION event=snapshot_slow bot=Bob {elapsed_ms=16}
[16:08:39] [Server thread/WARN]: [AIBot] PERCEPTION event=snapshot_slow bot=Bob {elapsed_ms=16}
[16:08:40] [Server thread/WARN]: [AIBot] PERCEPTION event=snapshot_slow bot=Bob {elapsed_ms=18}
[16:08:40] [Server thread/INFO]: [AIBot] ACTION event=diag_snapshot bot=Bob {submerged=false, light=15, step=, in_lava=false, task_phase=PICKUP, goal=none, task_progress=0.9, task=mine_known_resource, mode=survival, air=300, food=19, path_idle=true, inv=minecraft:iron_pickaxex2 minecraft:iron_hoex1 minecraft:wheat_seedsx16 minecraft:oak_planksx32 minecraft:dirtx32 minecraft:raw_ironx3, nearby=animals=0 hostiles=0, mining_idle=true, hp=20.0/20.0, on_ground=true, pos=23,113,5, fall=0.0, held=minecraft:iron_pickaxex1, task_state=COMPLETED}
[16:08:40] [Server thread/WARN]: [AIBot] PERCEPTION event=snapshot_slow bot=Bob {elapsed_ms=16}
[16:08:40] [Server thread/WARN]: [AIBot] PERCEPTION event=snapshot_slow bot=Bob {elapsed_ms=19}
[16:08:41] [Server thread/WARN]: [AIBot] PERCEPTION event=snapshot_slow bot=Bob {elapsed_ms=19}
[16:08:41] [Server thread/WARN]: [AIBot] PERCEPTION event=snapshot_slow bot=Bob {elapsed_ms=19}
[16:08:41] [Server thread/INFO]: [AIBot] ACTION event=diag_snapshot bot=Bob {submerged=false, light=15, step=, in_lava=false, task_phase=PICKUP, goal=none, task_progress=0.9, task=mine_known_resource, mode=survival, air=300, food=19, path_idle=true, inv=minecraft:iron_pickaxex2 minecraft:iron_hoex1 minecraft:wheat_seedsx16 minecraft:oak_planksx32 minecraft:dirtx32 minecraft:raw_ironx3, nearby=animals=0 hostiles=0, mining_idle=true, hp=20.0/20.0, on_ground=true, pos=23,113,5, fall=0.0, held=minecraft:iron_pickaxex1, task_state=COMPLETED}
[16:08:42] [Server thread/WARN]: [AIBot] PERCEPTION event=snapshot_slow bot=Bob {elapsed_ms=15}
[16:08:42] [Server thread/INFO]: [AIBot] ACTION event=capability_decision bot=Bob {allowed=false, profile=strict_survival, capability=HIDDEN_BLOCK_SCAN, context=observable_block_query, reason=DENIED_STRICT_SURVIVAL}
[16:08:42] [Server thread/INFO]: [AIBot] ACTION event=capability_decision bot=Bob {allowed=false, profile=strict_survival, capability=HIDDEN_BLOCK_SCAN, context=perception_snapshot, reason=DENIED_STRICT_SURVIVAL}
[16:08:42] [Server thread/WARN]: [AIBot] PERCEPTION event=snapshot_slow bot=Bob {elapsed_ms=17}
[16:08:43] [Server thread/INFO]: [AIBot] ACTION event=capability_decision bot=Bob {allowed=false, profile=strict_survival, capability=HIDDEN_BLOCK_SCAN, context=observable_entity_query, reason=DENIED_STRICT_SURVIVAL}
[16:08:43] [Server thread/WARN]: [AIBot] PERCEPTION event=snapshot_slow bot=Bob {elapsed_ms=15}
[16:08:43] [Server thread/WARN]: [AIBot] PERCEPTION event=snapshot_slow bot=Bob {elapsed_ms=18}
[16:08:43] [Server thread/INFO]: [AIBot] ACTION event=capability_decision bot=Bob {allowed=false, profile=strict_survival, capability=HIDDEN_BLOCK_SCAN, context=diagnostic_nearby, reason=DENIED_STRICT_SURVIVAL}
[16:08:43] [Server thread/INFO]: [AIBot] ACTION event=diag_snapshot bot=Bob {submerged=false, light=15, step=, in_lava=false, task_phase=PICKUP, goal=none, task_progress=0.9, task=mine_known_resource, mode=survival, air=300, food=19, path_idle=true, inv=minecraft:iron_pickaxex2 minecraft:iron_hoex1 minecraft:wheat_seedsx16 minecraft:oak_planksx32 minecraft:dirtx32 minecraft:raw_ironx3, nearby=animals=0 hostiles=0, mining_idle=true, hp=20.0/20.0, on_ground=true, pos=23,113,5, fall=0.0, held=minecraft:iron_pickaxex1, task_state=COMPLETED}
[16:08:44] [Server thread/WARN]: [AIBot] PERCEPTION event=snapshot_slow bot=Bob {elapsed_ms=16}
[16:08:44] [Server thread/WARN]: [AIBot] PERCEPTION event=snapshot_slow bot=Bob {elapsed_ms=18}
[16:08:45] [Server thread/WARN]: [AIBot] PERCEPTION event=snapshot_slow bot=Bob {elapsed_ms=17}
[16:08:45] [Server thread/WARN]: [AIBot] PERCEPTION event=snapshot_slow bot=Bob {elapsed_ms=21}
[16:08:45] [Server thread/INFO]: [AIBot] ACTION event=diag_snapshot bot=Bob {submerged=false, light=15, step=, in_lava=false, task_phase=PICKUP, goal=none, task_progress=0.9, task=mine_known_resource, mode=survival, air=300, food=19, path_idle=true, inv=minecraft:iron_pickaxex2 minecraft:iron_hoex1 minecraft:wheat_seedsx16 minecraft:oak_planksx32 minecraft:dirtx32 minecraft:raw_ironx3, nearby=animals=0 hostiles=0, mining_idle=true, hp=20.0/20.0, on_ground=true, pos=23,113,5, fall=0.0, held=minecraft:iron_pickaxex1, task_state=COMPLETED}
[16:08:46] [Server thread/WARN]: [AIBot] PERCEPTION event=snapshot_slow bot=Bob {elapsed_ms=15}
[16:08:46] [Server thread/WARN]: [AIBot] PERCEPTION event=snapshot_slow bot=Bob {elapsed_ms=18}
[16:08:47] [Server thread/WARN]: [AIBot] PERCEPTION event=snapshot_slow bot=Bob {elapsed_ms=17}
[16:08:47] [Server thread/INFO]: [AIBot] ACTION event=capability_decision bot=Bob {allowed=false, profile=strict_survival, capability=HIDDEN_BLOCK_SCAN, context=observable_block_query, reason=DENIED_STRICT_SURVIVAL}
[16:08:47] [Server thread/INFO]: [AIBot] ACTION event=capability_decision bot=Bob {allowed=false, profile=strict_survival, capability=HIDDEN_BLOCK_SCAN, context=perception_snapshot, reason=DENIED_STRICT_SURVIVAL}
[16:08:47] [Server thread/WARN]: [AIBot] PERCEPTION event=snapshot_slow bot=Bob {elapsed_ms=14}
[16:08:47] [Server thread/INFO]: [AIBot] ACTION event=diag_snapshot bot=Bob {submerged=false, light=15, step=, in_lava=false, task_phase=PICKUP, goal=none, task_progress=0.9, task=mine_known_resource, mode=survival, air=300, food=19, path_idle=true, inv=minecraft:iron_pickaxex2 minecraft:iron_hoex1 minecraft:wheat_seedsx16 minecraft:oak_planksx32 minecraft:dirtx32 minecraft:raw_ironx3, nearby=animals=0 hostiles=0, mining_idle=true, hp=20.0/20.0, on_ground=true, pos=23,113,5, fall=0.0, held=minecraft:iron_pickaxex1, task_state=COMPLETED}
[16:08:48] [Server thread/INFO]: [AIBot] ACTION event=capability_decision bot=Bob {allowed=false, profile=strict_survival, capability=HIDDEN_BLOCK_SCAN, context=observable_entity_query, reason=DENIED_STRICT_SURVIVAL}
[16:08:48] [Server thread/WARN]: [AIBot] PERCEPTION event=snapshot_slow bot=Bob {elapsed_ms=18}
[16:08:48] [Server thread/WARN]: [AIBot] PERCEPTION event=snapshot_slow bot=Bob {elapsed_ms=17}
[16:08:49] [Server thread/WARN]: [AIBot] PERCEPTION event=snapshot_slow bot=Bob {elapsed_ms=16}
[16:08:49] [Server thread/WARN]: [AIBot] PERCEPTION event=snapshot_slow bot=Bob {elapsed_ms=18}
[16:08:49] [Server thread/INFO]: [AIBot] ACTION event=capability_decision bot=Bob {allowed=false, profile=strict_survival, capability=HIDDEN_BLOCK_SCAN, context=diagnostic_nearby, reason=DENIED_STRICT_SURVIVAL}
[16:08:49] [Server thread/INFO]: [AIBot] ACTION event=diag_snapshot bot=Bob {submerged=false, light=15, step=, in_lava=false, task_phase=PICKUP, goal=none, task_progress=0.9, task=mine_known_resource, mode=survival, air=300, food=19, path_idle=true, inv=minecraft:iron_pickaxex2 minecraft:iron_hoex1 minecraft:wheat_seedsx16 minecraft:oak_planksx32 minecraft:dirtx32 minecraft:raw_ironx3, nearby=animals=0 hostiles=0, mining_idle=true, hp=20.0/20.0, on_ground=true, pos=23,113,5, fall=0.0, held=minecraft:iron_pickaxex1, task_state=COMPLETED}
[16:08:50] [Server thread/INFO]: [AIBot] TASK event=task_assigned bot=Bob {origin=LLM_TOOL, params=Mine known minecraft:iron_ore at 22, 115, 6 phase=APPROACH, origin_reason=external_dsh, name=mine_known_resource}
[16:08:50] [Server thread/INFO]: [AIBot] ACTION event=capability_decision bot=Bob {allowed=false, profile=strict_survival, capability=HIDDEN_BLOCK_SCAN, context=observable_cell_query, reason=DENIED_STRICT_SURVIVAL}
[16:08:50] [Server thread/INFO]: [AIBot] ACTION event=capability_decision bot=Bob {allowed=false, profile=strict_survival, capability=HIDDEN_BLOCK_SCAN, context=harvest_nearest_blocks, reason=DENIED_STRICT_SURVIVAL}
[16:08:50] [Server thread/INFO]: [AIBot] PROFILE event=profile_slow_section bot=- {elapsed_ms=204.36, section=task_tick, bot=Bob}
[16:08:50] [Server thread/INFO]: [AIBot] ACTION event=mine_start bot=Bob {face=south, pos=22,115,6}
[16:08:50] [Server thread/WARN]: [AIBot] PERCEPTION event=snapshot_slow bot=Bob {elapsed_ms=14}
[16:08:50] [Server thread/INFO]: [AIBot] ACTION event=mine_complete bot=Bob {}
[16:08:50] [Server thread/WARN]: [AIBot] PERCEPTION event=snapshot_slow bot=Bob {elapsed_ms=12}
[16:08:51] [Server thread/INFO]: [AIBot] ACTION event=capability_decision bot=Bob {allowed=false, profile=strict_survival, capability=FORCED_PICKUP, context=harvest_force_pickup, reason=DENIED_STRICT_SURVIVAL}
[16:08:51] [RCON Listener #1/INFO]: Thread RCON Client /127.0.0.1 started
[16:08:51] [RCON Client /127.0.0.1 #16/INFO]: Thread RCON Client /127.0.0.1 shutting down
[16:08:51] [Server thread/WARN]: [AIBot] PERCEPTION event=snapshot_slow bot=Bob {elapsed_ms=17}
[16:08:51] [Server thread/WARN]: [AIBot] PERCEPTION event=snapshot_slow bot=Bob {elapsed_ms=20}
[16:08:51] [Server thread/INFO]: [AIBot] ACTION event=diag_snapshot bot=Bob {submerged=false, light=15, step=, in_lava=false, task_phase=PICKUP, goal=none, task_progress=0.9, task=mine_known_resource, mode=survival, air=300, food=19, path_idle=true, inv=minecraft:iron_pickaxex2 minecraft:iron_hoex1 minecraft:wheat_seedsx16 minecraft:oak_planksx32 minecraft:dirtx32 minecraft:raw_ironx3, nearby=animals=0 hostiles=0, mining_idle=true, hp=20.0/20.0, on_ground=true, pos=23,113,5, fall=0.0, held=minecraft:iron_pickaxex1, task_state=RUNNING}
[16:08:52] [RCON Listener #1/INFO]: Thread RCON Client /127.0.0.1 started
[16:08:52] [RCON Client /127.0.0.1 #17/INFO]: Thread RCON Client /127.0.0.1 shutting down
[16:08:52] [Server thread/WARN]: [AIBot] PERCEPTION event=snapshot_slow bot=Bob {elapsed_ms=18}
[16:08:52] [Server thread/INFO]: [AIBot] ACTION event=capability_decision bot=Bob {allowed=false, profile=strict_survival, capability=HIDDEN_BLOCK_SCAN, context=observable_block_query, reason=DENIED_STRICT_SURVIVAL}
[16:08:52] [Server thread/INFO]: [AIBot] ACTION event=capability_decision bot=Bob {allowed=false, profile=strict_survival, capability=HIDDEN_BLOCK_SCAN, context=perception_snapshot, reason=DENIED_STRICT_SURVIVAL}
[16:08:52] [Server thread/WARN]: [AIBot] PERCEPTION event=snapshot_slow bot=Bob {elapsed_ms=16}
[16:08:53] [Server thread/INFO]: [AIBot] ACTION event=capability_decision bot=Bob {allowed=false, profile=strict_survival, capability=HIDDEN_BLOCK_SCAN, context=observable_entity_query, reason=DENIED_STRICT_SURVIVAL}
[16:08:53] [RCON Listener #1/INFO]: Thread RCON Client /127.0.0.1 started
[16:08:53] [Server thread/WARN]: [AIBot] PERCEPTION event=snapshot_slow bot=Bob {elapsed_ms=15}
[16:08:53] [RCON Client /127.0.0.1 #18/INFO]: Thread RCON Client /127.0.0.1 shutting down
[16:08:53] [Server thread/WARN]: [AIBot] PERCEPTION event=snapshot_slow bot=Bob {elapsed_ms=14}
[16:08:53] [Server thread/INFO]: [AIBot] ACTION event=diag_snapshot bot=Bob {submerged=false, light=15, step=, in_lava=false, task_phase=PICKUP, goal=none, task_progress=0.9, task=mine_known_resource, mode=survival, air=300, food=19, path_idle=true, inv=minecraft:iron_pickaxex2 minecraft:iron_hoex1 minecraft:wheat_seedsx16 minecraft:oak_planksx32 minecraft:dirtx32 minecraft:raw_ironx3, nearby=animals=0 hostiles=0, mining_idle=true, hp=20.0/20.0, on_ground=true, pos=23,113,5, fall=0.0, held=minecraft:iron_pickaxex1, task_state=RUNNING}
[16:08:54] [Server thread/WARN]: [AIBot] PERCEPTION event=snapshot_slow bot=Bob {elapsed_ms=14}
[16:08:54] [RCON Listener #1/INFO]: Thread RCON Client /127.0.0.1 started
[16:08:54] [RCON Client /127.0.0.1 #19/INFO]: Thread RCON Client /127.0.0.1 shutting down
[16:08:54] [Server thread/WARN]: [AIBot] PERCEPTION event=snapshot_slow bot=Bob {elapsed_ms=13}
[16:08:55] [Server thread/WARN]: [AIBot] PERCEPTION event=snapshot_slow bot=Bob {elapsed_ms=15}
[16:08:55] [RCON Listener #1/INFO]: Thread RCON Client /127.0.0.1 started
[16:08:55] [RCON Client /127.0.0.1 #20/INFO]: Thread RCON Client /127.0.0.1 shutting down
[16:08:55] [Server thread/WARN]: [AIBot] PERCEPTION event=snapshot_slow bot=Bob {elapsed_ms=17}
[16:08:55] [Server thread/INFO]: [AIBot] ACTION event=capability_decision bot=Bob {allowed=false, profile=strict_survival, capability=HIDDEN_BLOCK_SCAN, context=diagnostic_nearby, reason=DENIED_STRICT_SURVIVAL}
[16:08:55] [Server thread/INFO]: [AIBot] ACTION event=diag_snapshot bot=Bob {submerged=false, light=15, step=, in_lava=false, task_phase=PICKUP, goal=none, task_progress=0.9, task=mine_known_resource, mode=survival, air=300, food=19, path_idle=true, inv=minecraft:iron_pickaxex2 minecraft:iron_hoex1 minecraft:wheat_seedsx16 minecraft:oak_planksx32 minecraft:dirtx32 minecraft:raw_ironx3, nearby=animals=0 hostiles=0, mining_idle=true, hp=20.0/20.0, on_ground=true, pos=23,113,5, fall=0.0, held=minecraft:iron_pickaxex1, task_state=RUNNING}
[16:08:56] [Server thread/INFO]: [AIBot] ACTION event=capability_decision bot=Bob {allowed=false, profile=strict_survival, capability=FORCED_PICKUP, context=harvest_force_pickup, reason=DENIED_STRICT_SURVIVAL}
[16:08:56] [Server thread/WARN]: [AIBot] PERCEPTION event=snapshot_slow bot=Bob {elapsed_ms=18}
[16:08:56] [RCON Listener #1/INFO]: Thread RCON Client /127.0.0.1 started
[16:08:56] [RCON Client /127.0.0.1 #21/INFO]: Thread RCON Client /127.0.0.1 shutting down
[16:08:56] [Server thread/WARN]: [AIBot] TASK event=task_failed bot=Bob {name=mine_known_resource, reason=known_resource_pickup_pending_recovery, elapsed_ticks=137}
[16:08:56] [Server thread/WARN]: [AIBot] PERCEPTION event=snapshot_slow bot=Bob {elapsed_ms=19}
[16:08:57] [Server thread/WARN]: [AIBot] PERCEPTION event=snapshot_slow bot=Bob {elapsed_ms=17}
[16:08:57] [RCON Listener #1/INFO]: Thread RCON Client /127.0.0.1 started
[16:08:57] [RCON Client /127.0.0.1 #22/INFO]: Thread RCON Client /127.0.0.1 shutting down
[16:08:57] [Server thread/INFO]: [AIBot] ACTION event=capability_decision bot=Bob {allowed=false, profile=strict_survival, capability=HIDDEN_BLOCK_SCAN, context=observable_block_query, reason=DENIED_STRICT_SURVIVAL}
[16:08:57] [Server thread/INFO]: [AIBot] ACTION event=capability_decision bot=Bob {allowed=false, profile=strict_survival, capability=HIDDEN_BLOCK_SCAN, context=perception_snapshot, reason=DENIED_STRICT_SURVIVAL}
[16:08:57] [Server thread/WARN]: [AIBot] PERCEPTION event=snapshot_slow bot=Bob {elapsed_ms=15}
[16:08:57] [Server thread/INFO]: [AIBot] ACTION event=diag_snapshot bot=Bob {submerged=false, light=15, step=, in_lava=false, task_phase=PICKUP, goal=none, task_progress=0.9, task=mine_known_resource, mode=survival, air=300, food=19, path_idle=true, inv=minecraft:iron_pickaxex2 minecraft:iron_hoex1 minecraft:wheat_seedsx16 minecraft:oak_planksx32 minecraft:dirtx32 minecraft:raw_ironx3, nearby=animals=0 hostiles=0, mining_idle=true, hp=20.0/20.0, on_ground=true, pos=23,113,5, fall=0.0, held=minecraft:iron_pickaxex1, task_state=FAILED}
[16:08:58] [Server thread/INFO]: [AIBot] ACTION event=capability_decision bot=Bob {allowed=false, profile=strict_survival, capability=HIDDEN_BLOCK_SCAN, context=observable_entity_query, reason=DENIED_STRICT_SURVIVAL}
[16:08:58] [Server thread/WARN]: [AIBot] PERCEPTION event=snapshot_slow bot=Bob {elapsed_ms=16}
[16:08:58] [Server thread/WARN]: [AIBot] PERCEPTION event=snapshot_slow bot=Bob {elapsed_ms=19}
[16:08:59] [Server thread/WARN]: [AIBot] PERCEPTION event=snapshot_slow bot=Bob {elapsed_ms=16}
[16:08:59] [Server thread/WARN]: [AIBot] PERCEPTION event=snapshot_slow bot=Bob {elapsed_ms=13}
[16:08:59] [Server thread/INFO]: [AIBot] ACTION event=diag_snapshot bot=Bob {submerged=false, light=15, step=, in_lava=false, task_phase=PICKUP, goal=none, task_progress=0.9, task=mine_known_resource, mode=survival, air=300, food=19, path_idle=true, inv=minecraft:iron_pickaxex2 minecraft:iron_hoex1 minecraft:wheat_seedsx16 minecraft:oak_planksx32 minecraft:dirtx32 minecraft:raw_ironx3, nearby=animals=0 hostiles=0, mining_idle=true, hp=20.0/20.0, on_ground=true, pos=23,113,5, fall=0.0, held=minecraft:iron_pickaxex1, task_state=FAILED}
[16:09:00] [Server thread/WARN]: [AIBot] PERCEPTION event=snapshot_slow bot=Bob {elapsed_ms=16}
[16:09:00] [Server thread/WARN]: [AIBot] PERCEPTION event=snapshot_slow bot=Bob {elapsed_ms=13}
[16:09:01] [Server thread/WARN]: [AIBot] PERCEPTION event=snapshot_slow bot=Bob {elapsed_ms=18}
[16:09:01] [Server thread/WARN]: [AIBot] PERCEPTION event=snapshot_slow bot=Bob {elapsed_ms=16}
[16:09:01] [Server thread/INFO]: [AIBot] ACTION event=capability_decision bot=Bob {allowed=false, profile=strict_survival, capability=HIDDEN_BLOCK_SCAN, context=diagnostic_nearby, reason=DENIED_STRICT_SURVIVAL}
[16:09:01] [Server thread/INFO]: [AIBot] ACTION event=diag_snapshot bot=Bob {submerged=false, light=15, step=, in_lava=false, task_phase=PICKUP, goal=none, task_progress=0.9, task=mine_known_resource, mode=survival, air=300, food=19, path_idle=true, inv=minecraft:iron_pickaxex2 minecraft:iron_hoex1 minecraft:wheat_seedsx16 minecraft:oak_planksx32 minecraft:dirtx32 minecraft:raw_ironx3, nearby=animals=0 hostiles=0, mining_idle=true, hp=20.0/20.0, on_ground=true, pos=23,113,5, fall=0.0, held=minecraft:iron_pickaxex1, task_state=FAILED}
[16:09:02] [Server thread/WARN]: [AIBot] PERCEPTION event=snapshot_slow bot=Bob {elapsed_ms=17}
[16:09:02] [Server thread/INFO]: [AIBot] ACTION event=capability_decision bot=Bob {allowed=false, profile=strict_survival, capability=HIDDEN_BLOCK_SCAN, context=observable_block_query, reason=DENIED_STRICT_SURVIVAL}
[16:09:02] [Server thread/INFO]: [AIBot] ACTION event=capability_decision bot=Bob {allowed=false, profile=strict_survival, capability=HIDDEN_BLOCK_SCAN, context=perception_snapshot, reason=DENIED_STRICT_SURVIVAL}
[16:09:02] [Server thread/WARN]: [AIBot] PERCEPTION event=snapshot_slow bot=Bob {elapsed_ms=18}
[16:09:03] [Server thread/INFO]: [AIBot] ACTION event=capability_decision bot=Bob {allowed=false, profile=strict_survival, capability=HIDDEN_BLOCK_SCAN, context=observable_entity_query, reason=DENIED_STRICT_SURVIVAL}
[16:09:03] [Server thread/WARN]: [AIBot] PERCEPTION event=snapshot_slow bot=Bob {elapsed_ms=16}
[16:09:03] [Server thread/WARN]: [AIBot] PERCEPTION event=snapshot_slow bot=Bob {elapsed_ms=14}
[16:09:03] [Server thread/INFO]: [AIBot] ACTION event=diag_snapshot bot=Bob {submerged=false, light=15, step=, in_lava=false, task_phase=PICKUP, goal=none, task_progress=0.9, task=mine_known_resource, mode=survival, air=300, food=19, path_idle=true, inv=minecraft:iron_pickaxex2 minecraft:iron_hoex1 minecraft:wheat_seedsx16 minecraft:oak_planksx32 minecraft:dirtx32 minecraft:raw_ironx3, nearby=animals=0 hostiles=0, mining_idle=true, hp=20.0/20.0, on_ground=true, pos=23,113,5, fall=0.0, held=minecraft:iron_pickaxex1, task_state=FAILED}
[16:09:04] [RCON Listener #1/INFO]: Thread RCON Client /127.0.0.1 started
[16:09:04] [RCON Client /127.0.0.1 #23/INFO]: Thread RCON Client /127.0.0.1 shutting down
[16:09:04] [RCON Listener #1/INFO]: Thread RCON Client /127.0.0.1 started
[16:09:04] [Server thread/INFO]: [Rcon: Summoned new Raw Iron]
[16:09:04] [RCON Client /127.0.0.1 #24/INFO]: Thread RCON Client /127.0.0.1 shutting down
[16:09:04] [Server thread/WARN]: [AIBot] PERCEPTION event=snapshot_slow bot=Bob {elapsed_ms=16}
[16:09:04] [Server thread/WARN]: [AIBot] PERCEPTION event=snapshot_slow bot=Bob {elapsed_ms=16}
[16:09:05] [Server thread/WARN]: [AIBot] PERCEPTION event=snapshot_slow bot=Bob {elapsed_ms=18}
[16:09:05] [Server thread/INFO]: [AIBot] TASK event=task_assigned bot=Bob {origin=LLM_TOOL, params=Mine known minecraft:iron_ore at 22, 115, 6 phase=PICKUP_RECOVERY, origin_reason=external_dsh, name=mine_known_resource}
[16:09:05] [Server thread/INFO]: [AIBot] ACTION event=capability_decision bot=Bob {allowed=false, profile=strict_survival, capability=FORCED_PICKUP, context=harvest_force_pickup, reason=DENIED_STRICT_SURVIVAL}
[16:09:05] [Server thread/WARN]: [AIBot] PERCEPTION event=snapshot_slow bot=Bob {elapsed_ms=14}
[16:09:05] [Server thread/INFO]: [AIBot] ACTION event=diag_snapshot bot=Bob {submerged=false, light=15, step=, in_lava=false, task_phase=PICKUP_RECOVERY, goal=none, task_progress=0.9, task=mine_known_resource, mode=survival, air=300, food=19, path_idle=true, inv=minecraft:iron_pickaxex2 minecraft:iron_hoex1 minecraft:wheat_seedsx16 minecraft:oak_planksx32 minecraft:dirtx32 minecraft:raw_ironx6, nearby=animals=1(pig@4) hostiles=0, mining_idle=true, hp=20.0/20.0, on_ground=true, pos=23,113,5, fall=0.0, held=minecraft:iron_pickaxex1, task_state=RUNNING}
[16:09:06] [Server thread/WARN]: [AIBot] PERCEPTION event=snapshot_slow bot=Bob {elapsed_ms=13}
[16:09:06] [Server thread/WARN]: [AIBot] PERCEPTION event=snapshot_slow bot=Bob {elapsed_ms=17}
[16:09:07] [Server thread/WARN]: [AIBot] PERCEPTION event=snapshot_slow bot=Bob {elapsed_ms=14}
[16:09:07] [Server thread/INFO]: [AIBot] ACTION event=capability_decision bot=Bob {allowed=false, profile=strict_survival, capability=HIDDEN_BLOCK_SCAN, context=observable_block_query, reason=DENIED_STRICT_SURVIVAL}
[16:09:07] [Server thread/INFO]: [AIBot] ACTION event=capability_decision bot=Bob {allowed=false, profile=strict_survival, capability=HIDDEN_BLOCK_SCAN, context=perception_snapshot, reason=DENIED_STRICT_SURVIVAL}
[16:09:07] [Server thread/WARN]: [AIBot] PERCEPTION event=snapshot_slow bot=Bob {elapsed_ms=15}
[16:09:07] [Server thread/INFO]: [AIBot] ACTION event=capability_decision bot=Bob {allowed=false, profile=strict_survival, capability=HIDDEN_BLOCK_SCAN, context=diagnostic_nearby, reason=DENIED_STRICT_SURVIVAL}
[16:09:07] [Server thread/INFO]: [AIBot] ACTION event=diag_snapshot bot=Bob {submerged=false, light=15, step=, in_lava=false, task_phase=PICKUP_RECOVERY, goal=none, task_progress=0.9, task=mine_known_resource, mode=survival, air=300, food=19, path_idle=true, inv=minecraft:iron_pickaxex2 minecraft:iron_hoex1 minecraft:wheat_seedsx16 minecraft:oak_planksx32 minecraft:dirtx32 minecraft:raw_ironx6, nearby=animals=1(pig@6) hostiles=0, mining_idle=true, hp=20.0/20.0, on_ground=true, pos=23,113,5, fall=0.0, held=minecraft:iron_pickaxex1, task_state=RUNNING}
[16:09:08] [Server thread/INFO]: [AIBot] ACTION event=capability_decision bot=Bob {allowed=false, profile=strict_survival, capability=HIDDEN_BLOCK_SCAN, context=observable_entity_query, reason=DENIED_STRICT_SURVIVAL}
[16:09:08] [Server thread/WARN]: [AIBot] PERCEPTION event=snapshot_slow bot=Bob {elapsed_ms=15}
[16:09:08] [Server thread/WARN]: [AIBot] TASK event=task_failed bot=Bob {name=mine_known_resource, reason=known_resource_pickup_lost_drop_despawned_or_taken, elapsed_ticks=61}
[16:09:08] [Server thread/WARN]: [AIBot] PERCEPTION event=snapshot_slow bot=Bob {elapsed_ms=12}
[16:09:09] [Server thread/WARN]: [AIBot] PERCEPTION event=snapshot_slow bot=Bob {elapsed_ms=17}
[16:09:09] [Server thread/WARN]: [AIBot] PERCEPTION event=snapshot_slow bot=Bob {elapsed_ms=16}
[16:09:09] [Server thread/INFO]: [AIBot] ACTION event=diag_snapshot bot=Bob {submerged=false, light=15, step=, in_lava=false, task_phase=PICKUP_RECOVERY, goal=none, task_progress=0.9, task=mine_known_resource, mode=survival, air=300, food=19, path_idle=true, inv=minecraft:iron_pickaxex2 minecraft:iron_hoex1 minecraft:wheat_seedsx16 minecraft:oak_planksx32 minecraft:dirtx32 minecraft:raw_ironx6, nearby=animals=1(pig@6) hostiles=0, mining_idle=true, hp=20.0/20.0, on_ground=true, pos=23,113,5, fall=0.0, held=minecraft:iron_pickaxex1, task_state=FAILED}
[16:09:10] [RCON Listener #1/INFO]: Thread RCON Client /127.0.0.1 started
[16:09:10] [RCON Client /127.0.0.1 #25/INFO]: Thread RCON Client /127.0.0.1 shutting down
[16:09:10] [Server thread/WARN]: [AIBot] PERCEPTION event=snapshot_slow bot=Bob {elapsed_ms=14}
[16:09:11] [Server thread/WARN]: [AIBot] PERCEPTION event=snapshot_slow bot=Bob {elapsed_ms=17}
[16:09:11] [Server thread/WARN]: [AIBot] PERCEPTION event=snapshot_slow bot=Bob {elapsed_ms=16}
[16:09:11] [Server thread/WARN]: [AIBot] PERCEPTION event=snapshot_slow bot=Bob {elapsed_ms=21}
[16:09:11] [Server thread/INFO]: [AIBot] ACTION event=diag_snapshot bot=Bob {submerged=false, light=15, step=, in_lava=false, task_phase=PICKUP_RECOVERY, goal=none, task_progress=0.9, task=mine_known_resource, mode=survival, air=300, food=19, path_idle=true, inv=minecraft:iron_pickaxex2 minecraft:iron_hoex1 minecraft:wheat_seedsx16 minecraft:oak_planksx32 minecraft:dirtx32 minecraft:raw_ironx6, nearby=animals=1(pig@6) hostiles=0, mining_idle=true, hp=20.0/20.0, on_ground=true, pos=23,113,5, fall=0.0, held=minecraft:iron_pickaxex1, task_state=FAILED}
[16:09:12] [Server thread/WARN]: [AIBot] PERCEPTION event=snapshot_slow bot=Bob {elapsed_ms=17}
[16:09:12] [Server thread/INFO]: [AIBot] ACTION event=capability_decision bot=Bob {allowed=false, profile=strict_survival, capability=HIDDEN_BLOCK_SCAN, context=observable_block_query, reason=DENIED_STRICT_SURVIVAL}
[16:09:12] [Server thread/INFO]: [AIBot] ACTION event=capability_decision bot=Bob {allowed=false, profile=strict_survival, capability=HIDDEN_BLOCK_SCAN, context=perception_snapshot, reason=DENIED_STRICT_SURVIVAL}
[16:09:12] [Server thread/WARN]: [AIBot] PERCEPTION event=snapshot_slow bot=Bob {elapsed_ms=19}
[16:09:13] [Server thread/INFO]: [AIBot] ACTION event=capability_decision bot=Bob {allowed=false, profile=strict_survival, capability=HIDDEN_BLOCK_SCAN, context=observable_entity_query, reason=DENIED_STRICT_SURVIVAL}
[16:09:13] [Server thread/WARN]: [AIBot] PERCEPTION event=snapshot_slow bot=Bob {elapsed_ms=18}
[16:09:13] [Server thread/WARN]: [AIBot] PERCEPTION event=snapshot_slow bot=Bob {elapsed_ms=17}
[16:09:13] [Server thread/INFO]: [AIBot] ACTION event=capability_decision bot=Bob {allowed=false, profile=strict_survival, capability=HIDDEN_BLOCK_SCAN, context=diagnostic_nearby, reason=DENIED_STRICT_SURVIVAL}
[16:09:13] [Server thread/INFO]: [AIBot] ACTION event=diag_snapshot bot=Bob {submerged=false, light=15, step=, in_lava=false, task_phase=PICKUP_RECOVERY, goal=none, task_progress=0.9, task=mine_known_resource, mode=survival, air=300, food=19, path_idle=true, inv=minecraft:iron_pickaxex2 minecraft:iron_hoex1 minecraft:wheat_seedsx16 minecraft:oak_planksx32 minecraft:dirtx32 minecraft:raw_ironx6, nearby=animals=1(pig@6) hostiles=0, mining_idle=true, hp=20.0/20.0, on_ground=true, pos=23,113,5, fall=0.0, held=minecraft:iron_pickaxex1, task_state=FAILED}
[16:09:14] [Server thread/WARN]: [AIBot] PERCEPTION event=snapshot_slow bot=Bob {elapsed_ms=18}
[16:09:14] [Server thread/WARN]: [AIBot] PERCEPTION event=snapshot_slow bot=Bob {elapsed_ms=16}
[16:09:15] [Server thread/WARN]: [AIBot] PERCEPTION event=snapshot_slow bot=Bob {elapsed_ms=19}
[16:09:15] [Server thread/WARN]: [AIBot] PERCEPTION event=snapshot_slow bot=Bob {elapsed_ms=15}
[16:09:15] [Server thread/INFO]: [AIBot] ACTION event=diag_snapshot bot=Bob {submerged=false, light=15, step=, in_lava=false, task_phase=PICKUP_RECOVERY, goal=none, task_progress=0.9, task=mine_known_resource, mode=survival, air=300, food=19, path_idle=true, inv=minecraft:iron_pickaxex2 minecraft:iron_hoex1 minecraft:wheat_seedsx16 minecraft:oak_planksx32 minecraft:dirtx32 minecraft:raw_ironx6, nearby=animals=1(pig@9) hostiles=0, mining_idle=true, hp=20.0/20.0, on_ground=true, pos=23,113,5, fall=0.0, held=minecraft:iron_pickaxex1, task_state=FAILED}
[16:09:16] [Server thread/WARN]: [AIBot] PERCEPTION event=snapshot_slow bot=Bob {elapsed_ms=14}
[16:09:16] [Server thread/WARN]: [AIBot] PERCEPTION event=snapshot_slow bot=Bob {elapsed_ms=15}
[16:09:17] [Server thread/WARN]: [AIBot] PERCEPTION event=snapshot_slow bot=Bob {elapsed_ms=17}
[16:09:17] [Server thread/INFO]: [AIBot] LIFECYCLE event=mixin_alive bot=- {server_tick=3600}
[16:09:17] [Server thread/INFO]: [AIBot] ACTION event=capability_decision bot=Bob {allowed=false, profile=strict_survival, capability=HIDDEN_BLOCK_SCAN, context=observable_block_query, reason=DENIED_STRICT_SURVIVAL}
[16:09:17] [Server thread/INFO]: [AIBot] ACTION event=capability_decision bot=Bob {allowed=false, profile=strict_survival, capability=HIDDEN_BLOCK_SCAN, context=perception_snapshot, reason=DENIED_STRICT_SURVIVAL}
[16:09:17] [Server thread/WARN]: [AIBot] PERCEPTION event=snapshot_slow bot=Bob {elapsed_ms=13}
[16:09:17] [Server thread/INFO]: [AIBot] ACTION event=diag_snapshot bot=Bob {submerged=false, light=15, step=, in_lava=false, task_phase=PICKUP_RECOVERY, goal=none, task_progress=0.9, task=mine_known_resource, mode=survival, air=300, food=19, path_idle=true, inv=minecraft:iron_pickaxex2 minecraft:iron_hoex1 minecraft:wheat_seedsx16 minecraft:oak_planksx32 minecraft:dirtx32 minecraft:raw_ironx6, nearby=animals=1(pig@13) hostiles=0, mining_idle=true, hp=20.0/20.0, on_ground=true, pos=23,113,5, fall=0.0, held=minecraft:iron_pickaxex1, task_state=FAILED}
[16:09:18] [Server thread/INFO]: [AIBot] ACTION event=capability_decision bot=Bob {allowed=false, profile=strict_survival, capability=HIDDEN_BLOCK_SCAN, context=observable_entity_query, reason=DENIED_STRICT_SURVIVAL}
[16:09:18] [Server thread/WARN]: [AIBot] PERCEPTION event=snapshot_slow bot=Bob {elapsed_ms=16}
[16:09:18] [Server thread/WARN]: [AIBot] PERCEPTION event=snapshot_slow bot=Bob {elapsed_ms=15}
[16:09:19] [Server thread/WARN]: [AIBot] PERCEPTION event=snapshot_slow bot=Bob {elapsed_ms=14}
[16:09:19] [Server thread/WARN]: [AIBot] PERCEPTION event=snapshot_slow bot=Bob {elapsed_ms=15}
[16:09:19] [Server thread/INFO]: [AIBot] ACTION event=capability_decision bot=Bob {allowed=false, profile=strict_survival, capability=HIDDEN_BLOCK_SCAN, context=diagnostic_nearby, reason=DENIED_STRICT_SURVIVAL}
[16:09:19] [Server thread/INFO]: [AIBot] ACTION event=diag_snapshot bot=Bob {submerged=false, light=15, step=, in_lava=false, task_phase=PICKUP_RECOVERY, goal=none, task_progress=0.9, task=mine_known_resource, mode=survival, air=300, food=19, path_idle=true, inv=minecraft:iron_pickaxex2 minecraft:iron_hoex1 minecraft:wheat_seedsx16 minecraft:oak_planksx32 minecraft:dirtx32 minecraft:raw_ironx6, nearby=animals=1(pig@13) hostiles=0, mining_idle=true, hp=20.0/20.0, on_ground=true, pos=23,113,5, fall=0.0, held=minecraft:iron_pickaxex1, task_state=FAILED}
[16:09:20] [Server thread/WARN]: [AIBot] PERCEPTION event=snapshot_slow bot=Bob {elapsed_ms=16}
[16:09:20] [Server thread/WARN]: [AIBot] PERCEPTION event=snapshot_slow bot=Bob {elapsed_ms=17}
[16:09:21] [RCON Listener #1/INFO]: Thread RCON Client /127.0.0.1 started
[16:09:21] [Server thread/INFO]: [Rcon: Changed the block at 22, 115, 6]
[16:09:21] [RCON Client /127.0.0.1 #26/INFO]: Thread RCON Client /127.0.0.1 shutting down
[16:09:21] [RCON Listener #1/INFO]: Thread RCON Client /127.0.0.1 started
[16:09:21] [Server thread/INFO]: [Rcon: Teleported Bob to 22.500000, 113.000000, 5.500000]
[16:09:21] [RCON Client /127.0.0.1 #27/INFO]: Thread RCON Client /127.0.0.1 shutting down
[16:09:21] [Server thread/INFO]: [AIBot] DANGER event=diag_health_drop bot=Bob {air=300, delta=1.0, to=19.0, submerged=false, in_lava=false, fall=0.0, from=20.0, task=mine_known_resource/PICKUP_RECOVERY, pos=22,113,5}
[16:09:21] [Server thread/WARN]: [AIBot] PERCEPTION event=snapshot_slow bot=Bob {elapsed_ms=14}
[16:09:21] [Server thread/INFO]: [AIBot] ACTION event=diag_snapshot bot=Bob {submerged=false, light=14, step=, in_lava=false, task_phase=PICKUP_RECOVERY, goal=none, task_progress=0.9, task=mine_known_resource, mode=survival, air=300, food=19, path_idle=true, inv=minecraft:iron_pickaxex2 minecraft:iron_hoex1 minecraft:wheat_seedsx16 minecraft:oak_planksx32 minecraft:dirtx32 minecraft:raw_ironx6, nearby=animals=1(villager@10) hostiles=0, mining_idle=true, hp=19.0/20.0, on_ground=true, pos=22,113,5, fall=0.0, held=minecraft:iron_pickaxex1, task_state=FAILED}
[16:09:22] [Server thread/WARN]: [AIBot] PERCEPTION event=snapshot_slow bot=Bob {elapsed_ms=13}
[16:09:22] [Server thread/INFO]: [AIBot] ACTION event=capability_decision bot=Bob {allowed=false, profile=strict_survival, capability=HIDDEN_BLOCK_SCAN, context=observable_block_query, reason=DENIED_STRICT_SURVIVAL}
[16:09:22] [Server thread/INFO]: [AIBot] ACTION event=capability_decision bot=Bob {allowed=false, profile=strict_survival, capability=HIDDEN_BLOCK_SCAN, context=perception_snapshot, reason=DENIED_STRICT_SURVIVAL}
[16:09:22] [Server thread/WARN]: [AIBot] PERCEPTION event=snapshot_slow bot=Bob {elapsed_ms=12}
[16:09:23] [Server thread/INFO]: [AIBot] ACTION event=capability_decision bot=Bob {allowed=false, profile=strict_survival, capability=HIDDEN_BLOCK_SCAN, context=observable_entity_query, reason=DENIED_STRICT_SURVIVAL}
[16:09:23] [Server thread/WARN]: [AIBot] PERCEPTION event=snapshot_slow bot=Bob {elapsed_ms=12}
[16:09:23] [Server thread/INFO]: [AIBot] ACTION event=diag_snapshot bot=Bob {submerged=false, light=14, step=, in_lava=false, task_phase=PICKUP_RECOVERY, goal=none, task_progress=0.9, task=mine_known_resource, mode=survival, air=300, food=19, path_idle=true, inv=minecraft:iron_pickaxex2 minecraft:iron_hoex1 minecraft:wheat_seedsx16 minecraft:oak_planksx32 minecraft:dirtx32 minecraft:raw_ironx6, nearby=animals=1(villager@10) hostiles=0, mining_idle=true, hp=19.0/20.0, on_ground=true, pos=22,113,5, fall=0.0, held=minecraft:iron_pickaxex1, task_state=FAILED}
[16:09:24] [Server thread/WARN]: [AIBot] PERCEPTION event=snapshot_slow bot=Bob {elapsed_ms=12}
[16:09:24] [Server thread/WARN]: [AIBot] PERCEPTION event=snapshot_slow bot=Bob {elapsed_ms=13}
[16:09:25] [Server thread/WARN]: [AIBot] PERCEPTION event=snapshot_slow bot=Bob {elapsed_ms=13}
[16:09:25] [Server thread/WARN]: [AIBot] PERCEPTION event=snapshot_slow bot=Bob {elapsed_ms=12}
[16:09:25] [Server thread/INFO]: [AIBot] ACTION event=capability_decision bot=Bob {allowed=false, profile=strict_survival, capability=HIDDEN_BLOCK_SCAN, context=diagnostic_nearby, reason=DENIED_STRICT_SURVIVAL}
[16:09:25] [Server thread/INFO]: [AIBot] ACTION event=diag_snapshot bot=Bob {submerged=false, light=14, step=, in_lava=false, task_phase=PICKUP_RECOVERY, goal=none, task_progress=0.9, task=mine_known_resource, mode=survival, air=300, food=17, path_idle=true, inv=minecraft:iron_pickaxex2 minecraft:iron_hoex1 minecraft:wheat_seedsx16 minecraft:oak_planksx32 minecraft:dirtx32 minecraft:raw_ironx6, nearby=animals=1(villager@10) hostiles=0, mining_idle=true, hp=20.0/20.0, on_ground=true, pos=22,113,5, fall=0.0, held=minecraft:iron_pickaxex1, task_state=FAILED}
[16:09:26] [Server thread/WARN]: [AIBot] PERCEPTION event=snapshot_slow bot=Bob {elapsed_ms=11}
[16:09:26] [Server thread/WARN]: [AIBot] PERCEPTION event=snapshot_slow bot=Bob {elapsed_ms=14}
[16:09:27] [Server thread/INFO]: [AIBot] ACTION event=capability_decision bot=Bob {allowed=false, profile=strict_survival, capability=HIDDEN_BLOCK_SCAN, context=observable_block_query, reason=DENIED_STRICT_SURVIVAL}
[16:09:27] [Server thread/INFO]: [AIBot] ACTION event=capability_decision bot=Bob {allowed=false, profile=strict_survival, capability=HIDDEN_BLOCK_SCAN, context=perception_snapshot, reason=DENIED_STRICT_SURVIVAL}
[16:09:27] [Server thread/WARN]: [AIBot] PERCEPTION event=snapshot_slow bot=Bob {elapsed_ms=12}
[16:09:27] [Server thread/INFO]: [AIBot] ACTION event=diag_snapshot bot=Bob {submerged=false, light=14, step=, in_lava=false, task_phase=PICKUP_RECOVERY, goal=none, task_progress=0.9, task=mine_known_resource, mode=survival, air=300, food=17, path_idle=true, inv=minecraft:iron_pickaxex2 minecraft:iron_hoex1 minecraft:wheat_seedsx16 minecraft:oak_planksx32 minecraft:dirtx32 minecraft:raw_ironx6, nearby=animals=1(villager@10) hostiles=0, mining_idle=true, hp=20.0/20.0, on_ground=true, pos=22,113,5, fall=0.0, held=minecraft:iron_pickaxex1, task_state=FAILED}
[16:09:28] [Server thread/INFO]: [AIBot] ACTION event=capability_decision bot=Bob {allowed=false, profile=strict_survival, capability=HIDDEN_BLOCK_SCAN, context=observable_entity_query, reason=DENIED_STRICT_SURVIVAL}
[16:09:28] [Server thread/WARN]: [AIBot] PERCEPTION event=snapshot_slow bot=Bob {elapsed_ms=13}
[16:09:28] [Server thread/WARN]: [AIBot] PERCEPTION event=snapshot_slow bot=Bob {elapsed_ms=14}
[16:09:29] [Server thread/INFO]: [AIBot] ACTION event=capability_decision bot=Bob {allowed=false, profile=strict_survival, capability=EMERGENCY_TELEPORT, context=danger_dark_trap_surface, reason=DENIED_STRICT_SURVIVAL}
[16:09:29] [Server thread/WARN]: [AIBot] PERCEPTION event=snapshot_slow bot=Bob {elapsed_ms=12}
[16:09:29] [Server thread/WARN]: [AIBot] PERCEPTION event=snapshot_slow bot=Bob {elapsed_ms=11}
[16:09:29] [Server thread/INFO]: [AIBot] ACTION event=diag_snapshot bot=Bob {submerged=false, light=14, step=, in_lava=false, task_phase=PICKUP_RECOVERY, goal=none, task_progress=0.9, task=mine_known_resource, mode=survival, air=300, food=17, path_idle=true, inv=minecraft:iron_pickaxex2 minecraft:iron_hoex1 minecraft:wheat_seedsx16 minecraft:oak_planksx32 minecraft:dirtx32 minecraft:raw_ironx6, nearby=animals=2(pig@4) hostiles=0, mining_idle=true, hp=20.0/20.0, on_ground=true, pos=22,113,5, fall=0.0, held=minecraft:iron_pickaxex1, task_state=FAILED}
[16:09:30] [Server thread/WARN]: [AIBot] PERCEPTION event=snapshot_slow bot=Bob {elapsed_ms=12}
[16:09:30] [Server thread/WARN]: [AIBot] PERCEPTION event=snapshot_slow bot=Bob {elapsed_ms=13}
[16:09:31] [Server thread/WARN]: [AIBot] PERCEPTION event=snapshot_slow bot=Bob {elapsed_ms=12}
[16:09:31] [Server thread/WARN]: [AIBot] PERCEPTION event=snapshot_slow bot=Bob {elapsed_ms=14}
[16:09:31] [Server thread/INFO]: [AIBot] ACTION event=capability_decision bot=Bob {allowed=false, profile=strict_survival, capability=HIDDEN_BLOCK_SCAN, context=diagnostic_nearby, reason=DENIED_STRICT_SURVIVAL}
[16:09:31] [Server thread/INFO]: [AIBot] ACTION event=diag_snapshot bot=Bob {submerged=false, light=14, step=, in_lava=false, task_phase=PICKUP_RECOVERY, goal=none, task_progress=0.9, task=mine_known_resource, mode=survival, air=300, food=17, path_idle=true, inv=minecraft:iron_pickaxex2 minecraft:iron_hoex1 minecraft:wheat_seedsx16 minecraft:oak_planksx32 minecraft:dirtx32 minecraft:raw_ironx6, nearby=animals=2(pig@6) hostiles=0, mining_idle=true, hp=20.0/20.0, on_ground=true, pos=22,113,5, fall=0.0, held=minecraft:iron_pickaxex1, task_state=FAILED}
[16:09:32] [Server thread/INFO]: [AIBot] ACTION event=capability_decision bot=Bob {allowed=false, profile=strict_survival, capability=HIDDEN_BLOCK_SCAN, context=observable_block_query, reason=DENIED_STRICT_SURVIVAL}
[16:09:32] [Server thread/INFO]: [AIBot] ACTION event=capability_decision bot=Bob {allowed=false, profile=strict_survival, capability=HIDDEN_BLOCK_SCAN, context=perception_snapshot, reason=DENIED_STRICT_SURVIVAL}
[16:09:33] [Server thread/INFO]: [AIBot] ACTION event=capability_decision bot=Bob {allowed=false, profile=strict_survival, capability=HIDDEN_BLOCK_SCAN, context=observable_entity_query, reason=DENIED_STRICT_SURVIVAL}
[16:09:33] [Server thread/WARN]: [AIBot] PERCEPTION event=snapshot_slow bot=Bob {elapsed_ms=13}
[16:09:33] [Server thread/INFO]: [AIBot] ACTION event=diag_snapshot bot=Bob {submerged=false, light=14, step=, in_lava=false, task_phase=PICKUP_RECOVERY, goal=none, task_progress=0.9, task=mine_known_resource, mode=survival, air=300, food=17, path_idle=true, inv=minecraft:iron_pickaxex2 minecraft:iron_hoex1 minecraft:wheat_seedsx16 minecraft:oak_planksx32 minecraft:dirtx32 minecraft:raw_ironx6, nearby=animals=2(pig@5) hostiles=0, mining_idle=true, hp=20.0/20.0, on_ground=true, pos=22,113,5, fall=0.0, held=minecraft:iron_pickaxex1, task_state=FAILED}
[16:09:35] [Server thread/WARN]: [AIBot] PERCEPTION event=snapshot_slow bot=Bob {elapsed_ms=14}
[16:09:35] [Server thread/INFO]: [AIBot] ACTION event=diag_snapshot bot=Bob {submerged=false, light=14, step=, in_lava=false, task_phase=PICKUP_RECOVERY, goal=none, task_progress=0.9, task=mine_known_resource, mode=survival, air=300, food=17, path_idle=true, inv=minecraft:iron_pickaxex2 minecraft:iron_hoex1 minecraft:wheat_seedsx16 minecraft:oak_planksx32 minecraft:dirtx32 minecraft:raw_ironx6, nearby=animals=1(villager@10) hostiles=0, mining_idle=true, hp=20.0/20.0, on_ground=true, pos=22,113,5, fall=0.0, held=minecraft:iron_pickaxex1, task_state=FAILED}
[16:09:37] [Server thread/INFO]: [AIBot] ACTION event=capability_decision bot=Bob {allowed=false, profile=strict_survival, capability=EMERGENCY_TELEPORT, context=danger_dark_trap_surface, reason=DENIED_STRICT_SURVIVAL}
[16:09:37] [Server thread/WARN]: [AIBot] PERCEPTION event=snapshot_slow bot=Bob {elapsed_ms=11}
[16:09:37] [Server thread/INFO]: [AIBot] ACTION event=capability_decision bot=Bob {allowed=false, profile=strict_survival, capability=HIDDEN_BLOCK_SCAN, context=observable_block_query, reason=DENIED_STRICT_SURVIVAL}
[16:09:37] [Server thread/INFO]: [AIBot] ACTION event=capability_decision bot=Bob {allowed=false, profile=strict_survival, capability=HIDDEN_BLOCK_SCAN, context=perception_snapshot, reason=DENIED_STRICT_SURVIVAL}
[16:09:37] [Server thread/INFO]: [AIBot] ACTION event=capability_decision bot=Bob {allowed=false, profile=strict_survival, capability=HIDDEN_BLOCK_SCAN, context=diagnostic_nearby, reason=DENIED_STRICT_SURVIVAL}
[16:09:37] [Server thread/INFO]: [AIBot] ACTION event=diag_snapshot bot=Bob {submerged=false, light=14, step=, in_lava=false, task_phase=PICKUP_RECOVERY, goal=none, task_progress=0.9, task=mine_known_resource, mode=survival, air=300, food=17, path_idle=true, inv=minecraft:iron_pickaxex2 minecraft:iron_hoex1 minecraft:wheat_seedsx16 minecraft:oak_planksx32 minecraft:dirtx32 minecraft:raw_ironx6, nearby=animals=1(villager@10) hostiles=0, mining_idle=true, hp=20.0/20.0, on_ground=true, pos=22,113,5, fall=0.0, held=minecraft:iron_pickaxex1, task_state=FAILED}
[16:09:38] [Server thread/INFO]: [AIBot] ACTION event=capability_decision bot=Bob {allowed=false, profile=strict_survival, capability=HIDDEN_BLOCK_SCAN, context=observable_entity_query, reason=DENIED_STRICT_SURVIVAL}
[16:09:38] [Server thread/WARN]: [AIBot] PERCEPTION event=snapshot_slow bot=Bob {elapsed_ms=13}
[16:09:38] [Server thread/WARN]: [AIBot] PERCEPTION event=snapshot_slow bot=Bob {elapsed_ms=11}
[16:09:39] [Server thread/WARN]: [AIBot] PERCEPTION event=snapshot_slow bot=Bob {elapsed_ms=11}
[16:09:39] [Server thread/WARN]: [AIBot] PERCEPTION event=snapshot_slow bot=Bob {elapsed_ms=12}
[16:09:39] [Server thread/INFO]: [AIBot] ACTION event=diag_snapshot bot=Bob {submerged=false, light=14, step=, in_lava=false, task_phase=PICKUP_RECOVERY, goal=none, task_progress=0.9, task=mine_known_resource, mode=survival, air=300, food=17, path_idle=true, inv=minecraft:iron_pickaxex2 minecraft:iron_hoex1 minecraft:wheat_seedsx16 minecraft:oak_planksx32 minecraft:dirtx32 minecraft:raw_ironx6, nearby=animals=1(villager@10) hostiles=0, mining_idle=true, hp=20.0/20.0, on_ground=true, pos=22,113,5, fall=0.0, held=minecraft:iron_pickaxex1, task_state=FAILED}
[16:09:40] [Server thread/WARN]: [AIBot] PERCEPTION event=snapshot_slow bot=Bob {elapsed_ms=12}
[16:09:41] [Server thread/INFO]: [AIBot] ACTION event=diag_snapshot bot=Bob {submerged=false, light=14, step=, in_lava=false, task_phase=PICKUP_RECOVERY, goal=none, task_progress=0.9, task=mine_known_resource, mode=survival, air=300, food=17, path_idle=true, inv=minecraft:iron_pickaxex2 minecraft:iron_hoex1 minecraft:wheat_seedsx16 minecraft:oak_planksx32 minecraft:dirtx32 minecraft:raw_ironx6, nearby=animals=1(villager@10) hostiles=0, mining_idle=true, hp=20.0/20.0, on_ground=true, pos=22,113,5, fall=0.0, held=minecraft:iron_pickaxex1, task_state=FAILED}
[16:09:42] [Server thread/WARN]: [AIBot] PERCEPTION event=snapshot_slow bot=Bob {elapsed_ms=12}
[16:09:42] [Server thread/INFO]: [AIBot] ACTION event=capability_decision bot=Bob {allowed=false, profile=strict_survival, capability=HIDDEN_BLOCK_SCAN, context=observable_block_query, reason=DENIED_STRICT_SURVIVAL}
[16:09:42] [Server thread/INFO]: [AIBot] ACTION event=capability_decision bot=Bob {allowed=false, profile=strict_survival, capability=HIDDEN_BLOCK_SCAN, context=perception_snapshot, reason=DENIED_STRICT_SURVIVAL}
[16:09:43] [Server thread/INFO]: [AIBot] ACTION event=capability_decision bot=Bob {allowed=false, profile=strict_survival, capability=HIDDEN_BLOCK_SCAN, context=observable_entity_query, reason=DENIED_STRICT_SURVIVAL}
[16:09:43] [Server thread/WARN]: [AIBot] PERCEPTION event=snapshot_slow bot=Bob {elapsed_ms=12}
[16:09:43] [Server thread/INFO]: [AIBot] ACTION event=capability_decision bot=Bob {allowed=false, profile=strict_survival, capability=HIDDEN_BLOCK_SCAN, context=diagnostic_nearby, reason=DENIED_STRICT_SURVIVAL}
[16:09:43] [Server thread/INFO]: [AIBot] ACTION event=diag_snapshot bot=Bob {submerged=false, light=14, step=, in_lava=false, task_phase=PICKUP_RECOVERY, goal=none, task_progress=0.9, task=mine_known_resource, mode=survival, air=300, food=17, path_idle=true, inv=minecraft:iron_pickaxex2 minecraft:iron_hoex1 minecraft:wheat_seedsx16 minecraft:oak_planksx32 minecraft:dirtx32 minecraft:raw_ironx6, nearby=animals=1(villager@10) hostiles=0, mining_idle=true, hp=20.0/20.0, on_ground=true, pos=22,113,5, fall=0.0, held=minecraft:iron_pickaxex1, task_state=FAILED}
[16:09:44] [Server thread/WARN]: [AIBot] PERCEPTION event=snapshot_slow bot=Bob {elapsed_ms=12}
[16:09:45] [Server thread/WARN]: [AIBot] PERCEPTION event=snapshot_slow bot=Bob {elapsed_ms=13}
[16:09:45] [Server thread/INFO]: [AIBot] ACTION event=capability_decision bot=Bob {allowed=false, profile=strict_survival, capability=EMERGENCY_TELEPORT, context=danger_dark_trap_surface, reason=DENIED_STRICT_SURVIVAL}
[16:09:45] [Server thread/WARN]: [AIBot] PERCEPTION event=snapshot_slow bot=Bob {elapsed_ms=13}
[16:09:45] [Server thread/INFO]: [AIBot] ACTION event=diag_snapshot bot=Bob {submerged=false, light=14, step=, in_lava=false, task_phase=PICKUP_RECOVERY, goal=none, task_progress=0.9, task=mine_known_resource, mode=survival, air=300, food=17, path_idle=true, inv=minecraft:iron_pickaxex2 minecraft:iron_hoex1 minecraft:wheat_seedsx16 minecraft:oak_planksx32 minecraft:dirtx32 minecraft:raw_ironx6, nearby=animals=1(villager@10) hostiles=0, mining_idle=true, hp=20.0/20.0, on_ground=true, pos=22,113,5, fall=0.0, held=minecraft:iron_pickaxex1, task_state=FAILED}
[16:09:46] [Server thread/WARN]: [AIBot] PERCEPTION event=snapshot_slow bot=Bob {elapsed_ms=12}
[16:09:46] [Server thread/WARN]: [AIBot] PERCEPTION event=snapshot_slow bot=Bob {elapsed_ms=12}
[16:09:47] [Server thread/WARN]: [AIBot] PERCEPTION event=snapshot_slow bot=Bob {elapsed_ms=11}
[16:09:47] [Server thread/INFO]: [AIBot] ACTION event=capability_decision bot=Bob {allowed=false, profile=strict_survival, capability=HIDDEN_BLOCK_SCAN, context=observable_block_query, reason=DENIED_STRICT_SURVIVAL}
[16:09:47] [Server thread/INFO]: [AIBot] ACTION event=capability_decision bot=Bob {allowed=false, profile=strict_survival, capability=HIDDEN_BLOCK_SCAN, context=perception_snapshot, reason=DENIED_STRICT_SURVIVAL}
[16:09:47] [Server thread/WARN]: [AIBot] PERCEPTION event=snapshot_slow bot=Bob {elapsed_ms=13}
[16:09:47] [Server thread/INFO]: [AIBot] ACTION event=diag_snapshot bot=Bob {submerged=false, light=14, step=, in_lava=false, task_phase=PICKUP_RECOVERY, goal=none, task_progress=0.9, task=mine_known_resource, mode=survival, air=300, food=17, path_idle=true, inv=minecraft:iron_pickaxex2 minecraft:iron_hoex1 minecraft:wheat_seedsx16 minecraft:oak_planksx32 minecraft:dirtx32 minecraft:raw_ironx6, nearby=animals=1(villager@10) hostiles=0, mining_idle=true, hp=20.0/20.0, on_ground=true, pos=22,113,5, fall=0.0, held=minecraft:iron_pickaxex1, task_state=FAILED}
[16:09:48] [Server thread/INFO]: [AIBot] ACTION event=capability_decision bot=Bob {allowed=false, profile=strict_survival, capability=HIDDEN_BLOCK_SCAN, context=observable_entity_query, reason=DENIED_STRICT_SURVIVAL}
[16:09:48] [Server thread/WARN]: [AIBot] PERCEPTION event=snapshot_slow bot=Bob {elapsed_ms=11}
[16:09:48] [Server thread/WARN]: [AIBot] PERCEPTION event=snapshot_slow bot=Bob {elapsed_ms=11}
[16:09:49] [Server thread/WARN]: [AIBot] PERCEPTION event=snapshot_slow bot=Bob {elapsed_ms=11}
[16:09:49] [Server thread/WARN]: [AIBot] PERCEPTION event=snapshot_slow bot=Bob {elapsed_ms=12}
[16:09:49] [Server thread/INFO]: [AIBot] ACTION event=capability_decision bot=Bob {allowed=false, profile=strict_survival, capability=HIDDEN_BLOCK_SCAN, context=diagnostic_nearby, reason=DENIED_STRICT_SURVIVAL}
[16:09:49] [Server thread/INFO]: [AIBot] ACTION event=diag_snapshot bot=Bob {submerged=false, light=14, step=, in_lava=false, task_phase=PICKUP_RECOVERY, goal=none, task_progress=0.9, task=mine_known_resource, mode=survival, air=300, food=17, path_idle=true, inv=minecraft:iron_pickaxex2 minecraft:iron_hoex1 minecraft:wheat_seedsx16 minecraft:oak_planksx32 minecraft:dirtx32 minecraft:raw_ironx6, nearby=animals=1(villager@10) hostiles=0, mining_idle=true, hp=20.0/20.0, on_ground=true, pos=22,113,5, fall=0.0, held=minecraft:iron_pickaxex1, task_state=FAILED}
[16:09:50] [Server thread/WARN]: [AIBot] PERCEPTION event=snapshot_slow bot=Bob {elapsed_ms=11}
[16:09:50] [Server thread/WARN]: [AIBot] PERCEPTION event=snapshot_slow bot=Bob {elapsed_ms=13}
[16:09:51] [Server thread/WARN]: [AIBot] PERCEPTION event=snapshot_slow bot=Bob {elapsed_ms=11}
[16:09:51] [Server thread/WARN]: [AIBot] PERCEPTION event=snapshot_slow bot=Bob {elapsed_ms=13}
[16:09:51] [Server thread/INFO]: [AIBot] ACTION event=diag_snapshot bot=Bob {submerged=false, light=14, step=, in_lava=false, task_phase=PICKUP_RECOVERY, goal=none, task_progress=0.9, task=mine_known_resource, mode=survival, air=300, food=17, path_idle=true, inv=minecraft:iron_pickaxex2 minecraft:iron_hoex1 minecraft:wheat_seedsx16 minecraft:oak_planksx32 minecraft:dirtx32 minecraft:raw_ironx6, nearby=animals=1(villager@10) hostiles=0, mining_idle=true, hp=20.0/20.0, on_ground=true, pos=22,113,5, fall=0.0, held=minecraft:iron_pickaxex1, task_state=FAILED}
[16:09:52] [Server thread/WARN]: [AIBot] PERCEPTION event=snapshot_slow bot=Bob {elapsed_ms=12}
[16:09:52] [Server thread/INFO]: [AIBot] ACTION event=capability_decision bot=Bob {allowed=false, profile=strict_survival, capability=HIDDEN_BLOCK_SCAN, context=observable_block_query, reason=DENIED_STRICT_SURVIVAL}
[16:09:52] [Server thread/INFO]: [AIBot] ACTION event=capability_decision bot=Bob {allowed=false, profile=strict_survival, capability=HIDDEN_BLOCK_SCAN, context=perception_snapshot, reason=DENIED_STRICT_SURVIVAL}
[16:09:52] [Server thread/WARN]: [AIBot] PERCEPTION event=snapshot_slow bot=Bob {elapsed_ms=14}
[16:09:53] [Server thread/INFO]: [AIBot] ACTION event=capability_decision bot=Bob {allowed=false, profile=strict_survival, capability=HIDDEN_BLOCK_SCAN, context=observable_entity_query, reason=DENIED_STRICT_SURVIVAL}
[16:09:53] [Server thread/WARN]: [AIBot] PERCEPTION event=snapshot_slow bot=Bob {elapsed_ms=13}
[16:09:53] [Server thread/INFO]: [AIBot] ACTION event=capability_decision bot=Bob {allowed=false, profile=strict_survival, capability=EMERGENCY_TELEPORT, context=danger_dark_trap_surface, reason=DENIED_STRICT_SURVIVAL}
[16:09:53] [Server thread/WARN]: [AIBot] PERCEPTION event=snapshot_slow bot=Bob {elapsed_ms=13}
[16:09:53] [Server thread/INFO]: [AIBot] ACTION event=diag_snapshot bot=Bob {submerged=false, light=14, step=, in_lava=false, task_phase=PICKUP_RECOVERY, goal=none, task_progress=0.9, task=mine_known_resource, mode=survival, air=300, food=17, path_idle=true, inv=minecraft:iron_pickaxex2 minecraft:iron_hoex1 minecraft:wheat_seedsx16 minecraft:oak_planksx32 minecraft:dirtx32 minecraft:raw_ironx6, nearby=animals=2(pig@3) hostiles=0, mining_idle=true, hp=20.0/20.0, on_ground=true, pos=22,113,5, fall=0.0, held=minecraft:iron_pickaxex1, task_state=FAILED}
[16:09:54] [Server thread/WARN]: [AIBot] PERCEPTION event=snapshot_slow bot=Bob {elapsed_ms=13}
[16:09:54] [Server thread/WARN]: [AIBot] PERCEPTION event=snapshot_slow bot=Bob {elapsed_ms=11}
[16:09:55] [Server thread/WARN]: [AIBot] PERCEPTION event=snapshot_slow bot=Bob {elapsed_ms=12}
[16:09:55] [Server thread/INFO]: [AIBot] ACTION event=capability_decision bot=Bob {allowed=false, profile=strict_survival, capability=HIDDEN_BLOCK_SCAN, context=diagnostic_nearby, reason=DENIED_STRICT_SURVIVAL}
[16:09:55] [Server thread/INFO]: [AIBot] ACTION event=diag_snapshot bot=Bob {submerged=false, light=14, step=, in_lava=false, task_phase=PICKUP_RECOVERY, goal=none, task_progress=0.9, task=mine_known_resource, mode=survival, air=300, food=17, path_idle=true, inv=minecraft:iron_pickaxex2 minecraft:iron_hoex1 minecraft:wheat_seedsx16 minecraft:oak_planksx32 minecraft:dirtx32 minecraft:raw_ironx6, nearby=animals=2(pig@3) hostiles=0, mining_idle=true, hp=20.0/20.0, on_ground=true, pos=22,113,5, fall=0.0, held=minecraft:iron_pickaxex1, task_state=FAILED}
[16:09:56] [Server thread/WARN]: [AIBot] PERCEPTION event=snapshot_slow bot=Bob {elapsed_ms=11}
[16:09:56] [Server thread/WARN]: [AIBot] PERCEPTION event=snapshot_slow bot=Bob {elapsed_ms=11}
[16:09:57] [Server thread/WARN]: [AIBot] PERCEPTION event=snapshot_slow bot=Bob {elapsed_ms=12}
[16:09:57] [Server thread/INFO]: [AIBot] ACTION event=capability_decision bot=Bob {allowed=false, profile=strict_survival, capability=HIDDEN_BLOCK_SCAN, context=observable_block_query, reason=DENIED_STRICT_SURVIVAL}
[16:09:57] [Server thread/INFO]: [AIBot] ACTION event=capability_decision bot=Bob {allowed=false, profile=strict_survival, capability=HIDDEN_BLOCK_SCAN, context=perception_snapshot, reason=DENIED_STRICT_SURVIVAL}
[16:09:57] [Server thread/WARN]: [AIBot] PERCEPTION event=snapshot_slow bot=Bob {elapsed_ms=13}
[16:09:57] [Server thread/INFO]: [AIBot] ACTION event=diag_snapshot bot=Bob {submerged=false, light=14, step=, in_lava=false, task_phase=PICKUP_RECOVERY, goal=none, task_progress=0.9, task=mine_known_resource, mode=survival, air=300, food=17, path_idle=true, inv=minecraft:iron_pickaxex2 minecraft:iron_hoex1 minecraft:wheat_seedsx16 minecraft:oak_planksx32 minecraft:dirtx32 minecraft:raw_ironx6, nearby=animals=1(villager@10) hostiles=0, mining_idle=true, hp=20.0/20.0, on_ground=true, pos=22,113,5, fall=0.0, held=minecraft:iron_pickaxex1, task_state=FAILED}
[16:09:58] [Server thread/INFO]: [AIBot] ACTION event=capability_decision bot=Bob {allowed=false, profile=strict_survival, capability=HIDDEN_BLOCK_SCAN, context=observable_entity_query, reason=DENIED_STRICT_SURVIVAL}
[16:09:58] [Server thread/WARN]: [AIBot] PERCEPTION event=snapshot_slow bot=Bob {elapsed_ms=12}
[16:09:59] [Server thread/WARN]: [AIBot] PERCEPTION event=snapshot_slow bot=Bob {elapsed_ms=12}
[16:09:59] [Server thread/WARN]: [AIBot] PERCEPTION event=snapshot_slow bot=Bob {elapsed_ms=13}
[16:09:59] [Server thread/INFO]: [AIBot] ACTION event=diag_snapshot bot=Bob {submerged=false, light=14, step=, in_lava=false, task_phase=PICKUP_RECOVERY, goal=none, task_progress=0.9, task=mine_known_resource, mode=survival, air=300, food=17, path_idle=true, inv=minecraft:iron_pickaxex2 minecraft:iron_hoex1 minecraft:wheat_seedsx16 minecraft:oak_planksx32 minecraft:dirtx32 minecraft:raw_ironx6, nearby=animals=2(pig@3) hostiles=0, mining_idle=true, hp=20.0/20.0, on_ground=true, pos=22,113,5, fall=0.0, held=minecraft:iron_pickaxex1, task_state=FAILED}
[16:10:00] [Server thread/WARN]: [AIBot] PERCEPTION event=snapshot_slow bot=Bob {elapsed_ms=12}
[16:10:01] [Server thread/WARN]: [AIBot] PERCEPTION event=snapshot_slow bot=Bob {elapsed_ms=13}
[16:10:01] [Server thread/INFO]: [AIBot] ACTION event=capability_decision bot=Bob {allowed=false, profile=strict_survival, capability=EMERGENCY_TELEPORT, context=danger_dark_trap_surface, reason=DENIED_STRICT_SURVIVAL}
[16:10:01] [Server thread/INFO]: [AIBot] ACTION event=capability_decision bot=Bob {allowed=false, profile=strict_survival, capability=HIDDEN_BLOCK_SCAN, context=diagnostic_nearby, reason=DENIED_STRICT_SURVIVAL}
[16:10:01] [Server thread/INFO]: [AIBot] ACTION event=diag_snapshot bot=Bob {submerged=false, light=14, step=, in_lava=false, task_phase=PICKUP_RECOVERY, goal=none, task_progress=0.9, task=mine_known_resource, mode=survival, air=300, food=17, path_idle=true, inv=minecraft:iron_pickaxex2 minecraft:iron_hoex1 minecraft:wheat_seedsx16 minecraft:oak_planksx32 minecraft:dirtx32 minecraft:raw_ironx6, nearby=animals=2(pig@3) hostiles=0, mining_idle=true, hp=20.0/20.0, on_ground=true, pos=22,113,5, fall=0.0, held=minecraft:iron_pickaxex1, task_state=FAILED}
[16:10:02] [Server thread/INFO]: [AIBot] ACTION event=capability_decision bot=Bob {allowed=false, profile=strict_survival, capability=HIDDEN_BLOCK_SCAN, context=observable_block_query, reason=DENIED_STRICT_SURVIVAL}
[16:10:02] [Server thread/INFO]: [AIBot] ACTION event=capability_decision bot=Bob {allowed=false, profile=strict_survival, capability=HIDDEN_BLOCK_SCAN, context=perception_snapshot, reason=DENIED_STRICT_SURVIVAL}
[16:10:02] [Server thread/WARN]: [AIBot] PERCEPTION event=snapshot_slow bot=Bob {elapsed_ms=11}
[16:10:03] [Server thread/INFO]: [AIBot] ACTION event=capability_decision bot=Bob {allowed=false, profile=strict_survival, capability=HIDDEN_BLOCK_SCAN, context=observable_entity_query, reason=DENIED_STRICT_SURVIVAL}
[16:10:03] [Server thread/WARN]: [AIBot] PERCEPTION event=snapshot_slow bot=Bob {elapsed_ms=12}
[16:10:03] [Server thread/INFO]: [AIBot] ACTION event=diag_snapshot bot=Bob {submerged=false, light=14, step=, in_lava=false, task_phase=PICKUP_RECOVERY, goal=none, task_progress=0.9, task=mine_known_resource, mode=survival, air=300, food=17, path_idle=true, inv=minecraft:iron_pickaxex2 minecraft:iron_hoex1 minecraft:wheat_seedsx16 minecraft:oak_planksx32 minecraft:dirtx32 minecraft:raw_ironx6, nearby=animals=2(pig@3) hostiles=0, mining_idle=true, hp=20.0/20.0, on_ground=true, pos=22,113,5, fall=0.0, held=minecraft:iron_pickaxex1, task_state=FAILED}
[16:10:04] [Server thread/WARN]: [AIBot] PERCEPTION event=snapshot_slow bot=Bob {elapsed_ms=14}
[16:10:04] [Server thread/WARN]: [AIBot] PERCEPTION event=snapshot_slow bot=Bob {elapsed_ms=13}
[16:10:05] [RCON Listener #1/INFO]: Thread RCON Client /127.0.0.1 started
[16:10:05] [RCON Client /127.0.0.1 #28/INFO]: Thread RCON Client /127.0.0.1 shutting down
[16:10:05] [Server thread/INFO]: [AIBot] ACTION event=diag_snapshot bot=Bob {submerged=false, light=14, step=, in_lava=false, task_phase=PICKUP_RECOVERY, goal=none, task_progress=0.9, task=mine_known_resource, mode=survival, air=300, food=17, path_idle=true, inv=minecraft:iron_pickaxex2 minecraft:iron_hoex1 minecraft:wheat_seedsx16 minecraft:oak_planksx32 minecraft:dirtx32 minecraft:raw_ironx6, nearby=animals=2(pig@0) hostiles=0, mining_idle=true, hp=20.0/20.0, on_ground=true, pos=22,113,5, fall=0.0, held=minecraft:iron_pickaxex1, task_state=FAILED}
[16:10:06] [RCON Listener #1/INFO]: Thread RCON Client /127.0.0.1 started
[16:10:06] [Server thread/INFO]: [Rcon: Teleported Bob to -22.500000, 113.000000, 25.500000]
[16:10:06] [RCON Client /127.0.0.1 #29/INFO]: Thread RCON Client /127.0.0.1 shutting down
[16:10:06] [Server thread/WARN]: [AIBot] PERCEPTION event=snapshot_slow bot=Bob {elapsed_ms=11}
[16:10:06] [Server thread/INFO]: [AIBot] ACTION event=capability_decision bot=Bob {allowed=false, profile=strict_survival, capability=HIDDEN_BLOCK_SCAN, context=observable_cell_query, reason=DENIED_STRICT_SURVIVAL}
[16:10:06] [Server thread/WARN]: [AIBot] PERCEPTION event=snapshot_slow bot=Bob {elapsed_ms=11}
[16:10:07] [RCON Listener #1/INFO]: Thread RCON Client /127.0.0.1 started
[16:10:07] [RCON Client /127.0.0.1 #30/INFO]: Thread RCON Client /127.0.0.1 shutting down
[16:10:07] [Server thread/INFO]: [AIBot] ACTION event=capability_decision bot=Bob {allowed=false, profile=strict_survival, capability=HIDDEN_BLOCK_SCAN, context=observable_block_query, reason=DENIED_STRICT_SURVIVAL}
[16:10:07] [Server thread/INFO]: [AIBot] ACTION event=capability_decision bot=Bob {allowed=false, profile=strict_survival, capability=HIDDEN_BLOCK_SCAN, context=perception_snapshot, reason=DENIED_STRICT_SURVIVAL}
[16:10:07] [Server thread/INFO]: [AIBot] ACTION event=capability_decision bot=Bob {allowed=false, profile=strict_survival, capability=HIDDEN_BLOCK_SCAN, context=diagnostic_nearby, reason=DENIED_STRICT_SURVIVAL}
[16:10:07] [Server thread/INFO]: [AIBot] ACTION event=diag_snapshot bot=Bob {submerged=false, light=15, step=, in_lava=false, task_phase=PICKUP_RECOVERY, goal=none, task_progress=0.9, task=mine_known_resource, mode=survival, air=300, food=17, path_idle=true, inv=minecraft:iron_pickaxex2 minecraft:iron_hoex1 minecraft:wheat_seedsx16 minecraft:oak_planksx32 minecraft:dirtx32 minecraft:raw_ironx6, nearby=animals=0 hostiles=0, mining_idle=true, hp=20.0/20.0, on_ground=true, pos=-23,113,25, fall=0.0, held=minecraft:iron_pickaxex1, task_state=FAILED}
[16:10:08] [RCON Listener #1/INFO]: Thread RCON Client /127.0.0.1 started
[16:10:08] [Server thread/INFO]: [AIBot] ACTION event=capability_decision bot=Bob {allowed=false, profile=strict_survival, capability=HIDDEN_BLOCK_SCAN, context=observable_entity_query, reason=DENIED_STRICT_SURVIVAL}
[16:10:08] [RCON Client /127.0.0.1 #31/INFO]: Thread RCON Client /127.0.0.1 shutting down
[16:10:09] [RCON Listener #1/INFO]: Thread RCON Client /127.0.0.1 started
[16:10:09] [Server thread/INFO]: [Rcon: Changed the block at -21, 113, 25]
[16:10:09] [RCON Client /127.0.0.1 #32/INFO]: Thread RCON Client /127.0.0.1 shutting down
[16:10:09] [Server thread/INFO]: [AIBot] ACTION event=diag_snapshot bot=Bob {submerged=false, light=15, step=, in_lava=false, task_phase=PICKUP_RECOVERY, goal=none, task_progress=0.9, task=mine_known_resource, mode=survival, air=300, food=17, path_idle=true, inv=minecraft:iron_pickaxex2 minecraft:iron_hoex1 minecraft:wheat_seedsx16 minecraft:oak_planksx32 minecraft:dirtx32 minecraft:raw_ironx6, nearby=animals=0 hostiles=0, mining_idle=true, hp=20.0/20.0, on_ground=true, pos=-23,113,25, fall=0.0, held=minecraft:iron_pickaxex1, task_state=FAILED}
[16:10:10] [RCON Listener #1/INFO]: Thread RCON Client /127.0.0.1 started
[16:10:10] [Server thread/INFO]: [Rcon: Changed the block at -17, 113, 25]
[16:10:10] [RCON Client /127.0.0.1 #33/INFO]: Thread RCON Client /127.0.0.1 shutting down
[16:10:11] [RCON Listener #1/INFO]: Thread RCON Client /127.0.0.1 started
[16:10:11] [RCON Client /127.0.0.1 #34/INFO]: Thread RCON Client /127.0.0.1 shutting down
[16:10:11] [Server thread/INFO]: [AIBot] ACTION event=capability_decision bot=Bob {allowed=false, profile=strict_survival, capability=HIDDEN_BLOCK_SCAN, context=observable_cell_query, reason=DENIED_STRICT_SURVIVAL}
[16:10:11] [Server thread/INFO]: [AIBot] ACTION event=diag_snapshot bot=Bob {submerged=false, light=15, step=, in_lava=false, task_phase=PICKUP_RECOVERY, goal=none, task_progress=0.9, task=mine_known_resource, mode=survival, air=300, food=17, path_idle=true, inv=minecraft:iron_pickaxex2 minecraft:iron_hoex1 minecraft:wheat_seedsx16 minecraft:oak_planksx32 minecraft:dirtx32 minecraft:raw_ironx6, nearby=animals=0 hostiles=0, mining_idle=true, hp=20.0/20.0, on_ground=true, pos=-23,113,25, fall=0.0, held=minecraft:iron_pickaxex1, task_state=FAILED}
[16:10:12] [RCON Listener #1/INFO]: Thread RCON Client /127.0.0.1 started
[16:10:12] [RCON Client /127.0.0.1 #35/INFO]: Thread RCON Client /127.0.0.1 shutting down
[16:10:12] [Server thread/INFO]: [AIBot] ACTION event=capability_decision bot=Bob {allowed=false, profile=strict_survival, capability=HIDDEN_BLOCK_SCAN, context=observable_block_query, reason=DENIED_STRICT_SURVIVAL}
[16:10:12] [Server thread/INFO]: [AIBot] ACTION event=capability_decision bot=Bob {allowed=false, profile=strict_survival, capability=HIDDEN_BLOCK_SCAN, context=perception_snapshot, reason=DENIED_STRICT_SURVIVAL}
[16:10:13] [RCON Listener #1/INFO]: Thread RCON Client /127.0.0.1 started
[16:10:13] [Server thread/INFO]: [Rcon: Changed the block at -17, 114, 25]
[16:10:13] [RCON Client /127.0.0.1 #36/INFO]: Thread RCON Client /127.0.0.1 shutting down
[16:10:13] [Server thread/INFO]: [AIBot] ACTION event=capability_decision bot=Bob {allowed=false, profile=strict_survival, capability=HIDDEN_BLOCK_SCAN, context=observable_entity_query, reason=DENIED_STRICT_SURVIVAL}
[16:10:13] [Server thread/WARN]: [AIBot] PERCEPTION event=snapshot_slow bot=Bob {elapsed_ms=12}
[16:10:13] [Server thread/INFO]: [AIBot] ACTION event=capability_decision bot=Bob {allowed=false, profile=strict_survival, capability=HIDDEN_BLOCK_SCAN, context=diagnostic_nearby, reason=DENIED_STRICT_SURVIVAL}
[16:10:13] [Server thread/INFO]: [AIBot] ACTION event=diag_snapshot bot=Bob {submerged=false, light=15, step=, in_lava=false, task_phase=PICKUP_RECOVERY, goal=none, task_progress=0.9, task=mine_known_resource, mode=survival, air=300, food=17, path_idle=true, inv=minecraft:iron_pickaxex2 minecraft:iron_hoex1 minecraft:wheat_seedsx16 minecraft:oak_planksx32 minecraft:dirtx32 minecraft:raw_ironx6, nearby=animals=0 hostiles=0, mining_idle=true, hp=20.0/20.0, on_ground=true, pos=-23,113,25, fall=0.0, held=minecraft:iron_pickaxex1, task_state=FAILED}
[16:10:14] [RCON Listener #1/INFO]: Thread RCON Client /127.0.0.1 started
[16:10:14] [RCON Client /127.0.0.1 #37/INFO]: Thread RCON Client /127.0.0.1 shutting down
[16:10:14] [Server thread/WARN]: [AIBot] PERCEPTION event=snapshot_slow bot=Bob {elapsed_ms=11}
[16:10:15] [Server thread/WARN]: [AIBot] PERCEPTION event=snapshot_slow bot=Bob {elapsed_ms=12}
[16:10:15] [Server thread/WARN]: [AIBot] PERCEPTION event=snapshot_slow bot=Bob {elapsed_ms=12}
[16:10:15] [Server thread/INFO]: [AIBot] ACTION event=diag_snapshot bot=Bob {submerged=false, light=15, step=, in_lava=false, task_phase=PICKUP_RECOVERY, goal=none, task_progress=0.9, task=mine_known_resource, mode=survival, air=300, food=17, path_idle=true, inv=minecraft:iron_pickaxex2 minecraft:iron_hoex1 minecraft:wheat_seedsx16 minecraft:oak_planksx32 minecraft:dirtx32 minecraft:raw_ironx6, nearby=animals=0 hostiles=0, mining_idle=true, hp=20.0/20.0, on_ground=true, pos=-23,113,25, fall=0.0, held=minecraft:iron_pickaxex1, task_state=FAILED}
[16:10:16] [Server thread/INFO]: [AIBot] ACTION event=capability_decision bot=Bob {allowed=false, profile=strict_survival, capability=HIDDEN_BLOCK_SCAN, context=observable_cell_query, reason=DENIED_STRICT_SURVIVAL}
[16:10:17] [Server thread/WARN]: [AIBot] PERCEPTION event=snapshot_slow bot=Bob {elapsed_ms=11}
[16:10:17] [Server thread/INFO]: [AIBot] LIFECYCLE event=mixin_alive bot=- {server_tick=4800}
[16:10:17] [Server thread/INFO]: [AIBot] ACTION event=capability_decision bot=Bob {allowed=false, profile=strict_survival, capability=HIDDEN_BLOCK_SCAN, context=observable_block_query, reason=DENIED_STRICT_SURVIVAL}
[16:10:17] [Server thread/INFO]: [AIBot] ACTION event=capability_decision bot=Bob {allowed=false, profile=strict_survival, capability=HIDDEN_BLOCK_SCAN, context=perception_snapshot, reason=DENIED_STRICT_SURVIVAL}
[16:10:17] [Server thread/WARN]: [AIBot] PERCEPTION event=snapshot_slow bot=Bob {elapsed_ms=11}
[16:10:17] [Server thread/INFO]: [AIBot] ACTION event=diag_snapshot bot=Bob {submerged=false, light=15, step=, in_lava=false, task_phase=PICKUP_RECOVERY, goal=none, task_progress=0.9, task=mine_known_resource, mode=survival, air=300, food=17, path_idle=true, inv=minecraft:iron_pickaxex2 minecraft:iron_hoex1 minecraft:wheat_seedsx16 minecraft:oak_planksx32 minecraft:dirtx32 minecraft:raw_ironx6, nearby=animals=0 hostiles=0, mining_idle=true, hp=20.0/20.0, on_ground=true, pos=-23,113,25, fall=0.0, held=minecraft:iron_pickaxex1, task_state=FAILED}
[16:10:18] [Server thread/INFO]: [AIBot] ACTION event=capability_decision bot=Bob {allowed=false, profile=strict_survival, capability=HIDDEN_BLOCK_SCAN, context=observable_entity_query, reason=DENIED_STRICT_SURVIVAL}
[16:10:18] [Server thread/WARN]: [AIBot] PERCEPTION event=snapshot_slow bot=Bob {elapsed_ms=12}
[16:10:19] [Server thread/WARN]: [AIBot] PERCEPTION event=snapshot_slow bot=Bob {elapsed_ms=11}
[16:10:19] [Server thread/INFO]: [AIBot] ACTION event=capability_decision bot=Bob {allowed=false, profile=strict_survival, capability=HIDDEN_BLOCK_SCAN, context=diagnostic_nearby, reason=DENIED_STRICT_SURVIVAL}
[16:10:19] [Server thread/INFO]: [AIBot] ACTION event=diag_snapshot bot=Bob {submerged=false, light=15, step=, in_lava=false, task_phase=PICKUP_RECOVERY, goal=none, task_progress=0.9, task=mine_known_resource, mode=survival, air=300, food=17, path_idle=true, inv=minecraft:iron_pickaxex2 minecraft:iron_hoex1 minecraft:wheat_seedsx16 minecraft:oak_planksx32 minecraft:dirtx32 minecraft:raw_ironx6, nearby=animals=0 hostiles=0, mining_idle=true, hp=20.0/20.0, on_ground=true, pos=-23,113,25, fall=0.0, held=minecraft:iron_pickaxex1, task_state=FAILED}
[16:10:20] [Server thread/WARN]: [AIBot] PERCEPTION event=snapshot_slow bot=Bob {elapsed_ms=11}
[16:10:20] [Server thread/WARN]: [AIBot] PERCEPTION event=snapshot_slow bot=Bob {elapsed_ms=11}
[16:10:21] [Server thread/WARN]: [AIBot] PERCEPTION event=snapshot_slow bot=Bob {elapsed_ms=11}
[16:10:21] [Server thread/INFO]: [AIBot] ACTION event=capability_decision bot=Bob {allowed=false, profile=strict_survival, capability=HIDDEN_BLOCK_SCAN, context=observable_cell_query, reason=DENIED_STRICT_SURVIVAL}
[16:10:21] [Server thread/WARN]: [AIBot] PERCEPTION event=snapshot_slow bot=Bob {elapsed_ms=12}
[16:10:21] [Server thread/INFO]: [AIBot] ACTION event=diag_snapshot bot=Bob {submerged=false, light=15, step=, in_lava=false, task_phase=PICKUP_RECOVERY, goal=none, task_progress=0.9, task=mine_known_resource, mode=survival, air=300, food=17, path_idle=true, inv=minecraft:iron_pickaxex2 minecraft:iron_hoex1 minecraft:wheat_seedsx16 minecraft:oak_planksx32 minecraft:dirtx32 minecraft:raw_ironx6, nearby=animals=0 hostiles=0, mining_idle=true, hp=20.0/20.0, on_ground=true, pos=-23,113,25, fall=0.0, held=minecraft:iron_pickaxex1, task_state=FAILED}
[16:10:22] [Server thread/INFO]: [AIBot] TASK event=task_assigned bot=Bob {origin=LLM_TOOL, params=farm crop=Block{minecraft:wheat} center=-22,112,26 radius=5 done=0 phase=SURVEY, origin_reason=external_dsh, name=farm}
[16:10:22] [Server thread/WARN]: [AIBot] PERCEPTION event=snapshot_slow bot=Bob {elapsed_ms=11}
[16:10:22] [Server thread/INFO]: [AIBot] ACTION event=harvest bot=Bob {pos=class_2338{x=-22, y=113, z=25}}
[16:10:22] [Server thread/INFO]: [AIBot] ACTION event=capability_decision bot=Bob {allowed=false, profile=strict_survival, capability=FORCED_PICKUP, context=harvest_force_pickup, reason=DENIED_STRICT_SURVIVAL}
[16:10:22] [Server thread/INFO]: [AIBot] ACTION event=remove_items bot=Bob {item=minecraft:wheat_seeds, count=1}
[16:10:22] [Server thread/INFO]: [AIBot] ACTION event=plant bot=Bob {crop=Block{minecraft:wheat}, seed=minecraft:wheat_seeds, pos=class_2338{x=-22, y=113, z=25}}
[16:10:22] [Server thread/INFO]: [AIBot] ACTION event=harvest bot=Bob {pos=class_2338{x=-22, y=113, z=24}}
[16:10:22] [Server thread/INFO]: [AIBot] ACTION event=remove_items bot=Bob {item=minecraft:wheat_seeds, count=1}
[16:10:22] [Server thread/INFO]: [AIBot] ACTION event=plant bot=Bob {crop=Block{minecraft:wheat}, seed=minecraft:wheat_seeds, pos=class_2338{x=-22, y=113, z=24}}
[16:10:22] [Server thread/INFO]: [AIBot] ACTION event=harvest bot=Bob {pos=class_2338{x=-22, y=113, z=26}}
[16:10:22] [Server thread/INFO]: [AIBot] ACTION event=remove_items bot=Bob {item=minecraft:wheat_seeds, count=1}
[16:10:22] [Server thread/INFO]: [AIBot] ACTION event=plant bot=Bob {crop=Block{minecraft:wheat}, seed=minecraft:wheat_seeds, pos=class_2338{x=-22, y=113, z=26}}
[16:10:22] [Server thread/INFO]: [AIBot] ACTION event=harvest bot=Bob {pos=class_2338{x=-20, y=113, z=25}}
[16:10:22] [Server thread/INFO]: [AIBot] ACTION event=remove_items bot=Bob {item=minecraft:wheat_seeds, count=1}
[16:10:22] [Server thread/INFO]: [AIBot] ACTION event=plant bot=Bob {crop=Block{minecraft:wheat}, seed=minecraft:wheat_seeds, pos=class_2338{x=-20, y=113, z=25}}
[16:10:22] [Server thread/INFO]: [AIBot] ACTION event=capability_decision bot=Bob {allowed=false, profile=strict_survival, capability=HIDDEN_BLOCK_SCAN, context=observable_block_query, reason=DENIED_STRICT_SURVIVAL}
[16:10:22] [Server thread/INFO]: [AIBot] ACTION event=capability_decision bot=Bob {allowed=false, profile=strict_survival, capability=HIDDEN_BLOCK_SCAN, context=perception_snapshot, reason=DENIED_STRICT_SURVIVAL}
[16:10:22] [Server thread/WARN]: [AIBot] PERCEPTION event=snapshot_slow bot=Bob {elapsed_ms=13}
[16:10:23] [Server thread/INFO]: [AIBot] ACTION event=equip_slot bot=Bob {hotbar_slot=1, source_slot=1}
[16:10:23] [Server thread/INFO]: [AIBot] ACTION event=till bot=Bob {pos=class_2338{x=-21, y=112, z=25}}
[16:10:23] [Server thread/INFO]: [AIBot] ACTION event=remove_items bot=Bob {item=minecraft:wheat_seeds, count=1}
[16:10:23] [Server thread/INFO]: [AIBot] ACTION event=plant bot=Bob {crop=Block{minecraft:wheat}, seed=minecraft:wheat_seeds, pos=class_2338{x=-21, y=113, z=25}}
[16:10:23] [Server thread/INFO]: [AIBot] TASK event=task_completed bot=Bob {name=farm, elapsed_ticks=19}
[16:10:23] [Server thread/INFO]: [AIBot] ACTION event=capability_decision bot=Bob {allowed=false, profile=strict_survival, capability=HIDDEN_BLOCK_SCAN, context=observable_entity_query, reason=DENIED_STRICT_SURVIVAL}
[16:10:23] [Server thread/WARN]: [AIBot] PERCEPTION event=snapshot_slow bot=Bob {elapsed_ms=11}
[16:10:23] [Server thread/WARN]: [AIBot] PERCEPTION event=snapshot_slow bot=Bob {elapsed_ms=11}
[16:10:23] [Server thread/INFO]: [AIBot] ACTION event=diag_snapshot bot=Bob {submerged=false, light=15, step=, in_lava=false, task_phase=DONE, goal=none, task_progress=1.0, task=farm, mode=survival, air=300, food=17, path_idle=true, inv=minecraft:iron_pickaxex2 minecraft:iron_hoex1 minecraft:wheat_seedsx15 minecraft:oak_planksx32 minecraft:dirtx32 minecraft:raw_ironx6 minecraft:wheatx1, nearby=animals=0 hostiles=0, mining_idle=true, hp=20.0/20.0, on_ground=true, pos=-23,113,25, fall=0.0, held=minecraft:iron_hoex1, task_state=COMPLETED}
[16:10:25] [Server thread/INFO]: [AIBot] ACTION event=capability_decision bot=Bob {allowed=false, profile=strict_survival, capability=HIDDEN_BLOCK_SCAN, context=diagnostic_nearby, reason=DENIED_STRICT_SURVIVAL}
[16:10:25] [Server thread/INFO]: [AIBot] ACTION event=diag_snapshot bot=Bob {submerged=false, light=15, step=, in_lava=false, task_phase=DONE, goal=none, task_progress=1.0, task=farm, mode=survival, air=300, food=17, path_idle=true, inv=minecraft:iron_pickaxex2 minecraft:iron_hoex1 minecraft:wheat_seedsx15 minecraft:oak_planksx32 minecraft:dirtx32 minecraft:raw_ironx6 minecraft:wheatx1, nearby=animals=0 hostiles=0, mining_idle=true, hp=20.0/20.0, on_ground=true, pos=-23,113,25, fall=0.0, held=minecraft:iron_hoex1, task_state=COMPLETED}
[16:10:26] [Server thread/WARN]: [AIBot] PERCEPTION event=snapshot_slow bot=Bob {elapsed_ms=11}
[16:10:26] [Server thread/INFO]: [AIBot] ACTION event=capability_decision bot=Bob {allowed=false, profile=strict_survival, capability=HIDDEN_BLOCK_SCAN, context=observable_cell_query, reason=DENIED_STRICT_SURVIVAL}
[16:10:26] [RCON Listener #1/INFO]: Thread RCON Client /127.0.0.1 started
[16:10:26] [RCON Client /127.0.0.1 #38/INFO]: Thread RCON Client /127.0.0.1 shutting down
[16:10:26] [RCON Listener #1/INFO]: Thread RCON Client /127.0.0.1 started
[16:10:26] [RCON Client /127.0.0.1 #39/INFO]: Thread RCON Client /127.0.0.1 shutting down
[16:10:27] [Server thread/INFO]: [AIBot] ACTION event=capability_decision bot=Bob {allowed=false, profile=strict_survival, capability=HIDDEN_BLOCK_SCAN, context=observable_block_query, reason=DENIED_STRICT_SURVIVAL}
[16:10:27] [Server thread/INFO]: [AIBot] ACTION event=capability_decision bot=Bob {allowed=false, profile=strict_survival, capability=HIDDEN_BLOCK_SCAN, context=perception_snapshot, reason=DENIED_STRICT_SURVIVAL}
[16:10:27] [Server thread/INFO]: [AIBot] ACTION event=diag_snapshot bot=Bob {submerged=false, light=15, step=, in_lava=false, task_phase=DONE, goal=none, task_progress=1.0, task=farm, mode=survival, air=300, food=17, path_idle=true, inv=minecraft:iron_pickaxex2 minecraft:iron_hoex1 minecraft:wheat_seedsx15 minecraft:oak_planksx32 minecraft:dirtx32 minecraft:raw_ironx6 minecraft:wheatx1, nearby=animals=0 hostiles=0, mining_idle=true, hp=20.0/20.0, on_ground=true, pos=-23,113,25, fall=0.0, held=minecraft:iron_hoex1, task_state=COMPLETED}
[16:10:28] [Server thread/INFO]: [AIBot] ACTION event=capability_decision bot=Bob {allowed=false, profile=strict_survival, capability=HIDDEN_BLOCK_SCAN, context=observable_entity_query, reason=DENIED_STRICT_SURVIVAL}
[16:10:28] [Server thread/WARN]: [AIBot] PERCEPTION event=snapshot_slow bot=Bob {elapsed_ms=11}
[16:10:29] [Server thread/INFO]: [AIBot] ACTION event=diag_snapshot bot=Bob {submerged=false, light=15, step=, in_lava=false, task_phase=DONE, goal=none, task_progress=1.0, task=farm, mode=survival, air=300, food=17, path_idle=true, inv=minecraft:iron_pickaxex2 minecraft:iron_hoex1 minecraft:wheat_seedsx15 minecraft:oak_planksx32 minecraft:dirtx32 minecraft:raw_ironx6 minecraft:wheatx1, nearby=animals=0 hostiles=0, mining_idle=true, hp=20.0/20.0, on_ground=true, pos=-23,113,25, fall=0.0, held=minecraft:iron_hoex1, task_state=COMPLETED}
[16:10:31] [Server thread/WARN]: [AIBot] PERCEPTION event=snapshot_slow bot=Bob {elapsed_ms=12}
[16:10:31] [Server thread/INFO]: [AIBot] ACTION event=capability_decision bot=Bob {allowed=false, profile=strict_survival, capability=HIDDEN_BLOCK_SCAN, context=observable_cell_query, reason=DENIED_STRICT_SURVIVAL}
[16:10:31] [Server thread/INFO]: [AIBot] ACTION event=capability_decision bot=Bob {allowed=false, profile=strict_survival, capability=HIDDEN_BLOCK_SCAN, context=diagnostic_nearby, reason=DENIED_STRICT_SURVIVAL}
[16:10:31] [Server thread/INFO]: [AIBot] ACTION event=diag_snapshot bot=Bob {submerged=false, light=15, step=, in_lava=false, task_phase=DONE, goal=none, task_progress=1.0, task=farm, mode=survival, air=300, food=17, path_idle=true, inv=minecraft:iron_pickaxex2 minecraft:iron_hoex1 minecraft:wheat_seedsx15 minecraft:oak_planksx32 minecraft:dirtx32 minecraft:raw_ironx6 minecraft:wheatx1, nearby=animals=0 hostiles=0, mining_idle=true, hp=20.0/20.0, on_ground=true, pos=-23,113,25, fall=0.0, held=minecraft:iron_hoex1, task_state=COMPLETED}
[16:10:32] [Server thread/WARN]: [AIBot] PERCEPTION event=snapshot_slow bot=Bob {elapsed_ms=12}
[16:10:32] [Server thread/INFO]: [AIBot] ACTION event=capability_decision bot=Bob {allowed=false, profile=strict_survival, capability=HIDDEN_BLOCK_SCAN, context=observable_block_query, reason=DENIED_STRICT_SURVIVAL}
[16:10:32] [Server thread/INFO]: [AIBot] ACTION event=capability_decision bot=Bob {allowed=false, profile=strict_survival, capability=HIDDEN_BLOCK_SCAN, context=perception_snapshot, reason=DENIED_STRICT_SURVIVAL}
[16:10:33] [Server thread/INFO]: [AIBot] ACTION event=capability_decision bot=Bob {allowed=false, profile=strict_survival, capability=HIDDEN_BLOCK_SCAN, context=observable_entity_query, reason=DENIED_STRICT_SURVIVAL}
[16:10:33] [Server thread/WARN]: [AIBot] PERCEPTION event=snapshot_slow bot=Bob {elapsed_ms=11}
[16:10:33] [Server thread/WARN]: [AIBot] PERCEPTION event=snapshot_slow bot=Bob {elapsed_ms=11}
[16:10:33] [Server thread/INFO]: [AIBot] ACTION event=diag_snapshot bot=Bob {submerged=false, light=15, step=, in_lava=false, task_phase=DONE, goal=none, task_progress=1.0, task=farm, mode=survival, air=300, food=17, path_idle=true, inv=minecraft:iron_pickaxex2 minecraft:iron_hoex1 minecraft:wheat_seedsx15 minecraft:oak_planksx32 minecraft:dirtx32 minecraft:raw_ironx6 minecraft:wheatx1, nearby=animals=0 hostiles=0, mining_idle=true, hp=20.0/20.0, on_ground=true, pos=-23,113,25, fall=0.0, held=minecraft:iron_hoex1, task_state=COMPLETED}
[16:10:35] [RCON Listener #1/INFO]: Thread RCON Client /127.0.0.1 started
[16:10:35] [Server thread/WARN]: [AIBot] PERCEPTION event=snapshot_slow bot=Bob {elapsed_ms=13}
[16:10:35] [RCON Client /127.0.0.1 #40/INFO]: Thread RCON Client /127.0.0.1 shutting down
[16:10:35] [RCON Listener #1/INFO]: Thread RCON Client /127.0.0.1 started
[16:10:35] [RCON Client /127.0.0.1 #41/INFO]: Thread RCON Client /127.0.0.1 shutting down
[16:10:35] [Server thread/INFO]: [AIBot] ACTION event=diag_snapshot bot=Bob {submerged=false, light=15, step=, in_lava=false, task_phase=DONE, goal=none, task_progress=1.0, task=farm, mode=survival, air=300, food=17, path_idle=true, inv=minecraft:iron_pickaxex2 minecraft:iron_hoex1 minecraft:wheat_seedsx15 minecraft:oak_planksx32 minecraft:dirtx32 minecraft:raw_ironx6 minecraft:wheatx1, nearby=animals=0 hostiles=0, mining_idle=true, hp=20.0/20.0, on_ground=true, pos=-23,113,25, fall=0.0, held=minecraft:iron_hoex1, task_state=COMPLETED}
[16:10:36] [Server thread/INFO]: [AIBot] ACTION event=capability_decision bot=Bob {allowed=false, profile=strict_survival, capability=HIDDEN_BLOCK_SCAN, context=observable_cell_query, reason=DENIED_STRICT_SURVIVAL}
[16:10:36] [Server thread/WARN]: [AIBot] PERCEPTION event=snapshot_slow bot=Bob {elapsed_ms=12}
[16:10:37] [Server thread/WARN]: [AIBot] PERCEPTION event=snapshot_slow bot=Bob {elapsed_ms=12}
[16:10:37] [Server thread/INFO]: [AIBot] ACTION event=capability_decision bot=Bob {allowed=false, profile=strict_survival, capability=HIDDEN_BLOCK_SCAN, context=observable_block_query, reason=DENIED_STRICT_SURVIVAL}
[16:10:37] [Server thread/INFO]: [AIBot] ACTION event=capability_decision bot=Bob {allowed=false, profile=strict_survival, capability=HIDDEN_BLOCK_SCAN, context=perception_snapshot, reason=DENIED_STRICT_SURVIVAL}
[16:10:37] [Server thread/WARN]: [AIBot] PERCEPTION event=snapshot_slow bot=Bob {elapsed_ms=11}
[16:10:37] [Server thread/INFO]: [AIBot] ACTION event=capability_decision bot=Bob {allowed=false, profile=strict_survival, capability=HIDDEN_BLOCK_SCAN, context=diagnostic_nearby, reason=DENIED_STRICT_SURVIVAL}
[16:10:37] [Server thread/INFO]: [AIBot] ACTION event=diag_snapshot bot=Bob {submerged=false, light=15, step=, in_lava=false, task_phase=DONE, goal=none, task_progress=1.0, task=farm, mode=survival, air=300, food=17, path_idle=true, inv=minecraft:iron_pickaxex2 minecraft:iron_hoex1 minecraft:wheat_seedsx15 minecraft:oak_planksx32 minecraft:dirtx32 minecraft:raw_ironx6 minecraft:wheatx1, nearby=animals=0 hostiles=0, mining_idle=true, hp=20.0/20.0, on_ground=true, pos=-23,113,25, fall=0.0, held=minecraft:iron_hoex1, task_state=COMPLETED}
[16:10:38] [Server thread/INFO]: [AIBot] ACTION event=capability_decision bot=Bob {allowed=false, profile=strict_survival, capability=HIDDEN_BLOCK_SCAN, context=observable_entity_query, reason=DENIED_STRICT_SURVIVAL}
[16:10:39] [Server thread/INFO]: [AIBot] ACTION event=diag_snapshot bot=Bob {submerged=false, light=15, step=, in_lava=false, task_phase=DONE, goal=none, task_progress=1.0, task=farm, mode=survival, air=300, food=17, path_idle=true, inv=minecraft:iron_pickaxex2 minecraft:iron_hoex1 minecraft:wheat_seedsx15 minecraft:oak_planksx32 minecraft:dirtx32 minecraft:raw_ironx6 minecraft:wheatx1, nearby=animals=0 hostiles=0, mining_idle=true, hp=20.0/20.0, on_ground=true, pos=-23,113,25, fall=0.0, held=minecraft:iron_hoex1, task_state=COMPLETED}
[16:10:41] [Server thread/WARN]: [AIBot] PERCEPTION event=snapshot_slow bot=Bob {elapsed_ms=11}
[16:10:41] [Server thread/INFO]: [AIBot] ACTION event=capability_decision bot=Bob {allowed=false, profile=strict_survival, capability=HIDDEN_BLOCK_SCAN, context=observable_cell_query, reason=DENIED_STRICT_SURVIVAL}
[16:10:41] [Server thread/INFO]: [AIBot] ACTION event=diag_snapshot bot=Bob {submerged=false, light=15, step=, in_lava=false, task_phase=DONE, goal=none, task_progress=1.0, task=farm, mode=survival, air=300, food=17, path_idle=true, inv=minecraft:iron_pickaxex2 minecraft:iron_hoex1 minecraft:wheat_seedsx15 minecraft:oak_planksx32 minecraft:dirtx32 minecraft:raw_ironx6 minecraft:wheatx1, nearby=animals=0 hostiles=0, mining_idle=true, hp=20.0/20.0, on_ground=true, pos=-23,113,25, fall=0.0, held=minecraft:iron_hoex1, task_state=COMPLETED}
[16:10:42] [Server thread/WARN]: [AIBot] PERCEPTION event=snapshot_slow bot=Bob {elapsed_ms=11}
[16:10:42] [Server thread/INFO]: [AIBot] ACTION event=capability_decision bot=Bob {allowed=false, profile=strict_survival, capability=HIDDEN_BLOCK_SCAN, context=observable_block_query, reason=DENIED_STRICT_SURVIVAL}
[16:10:42] [Server thread/INFO]: [AIBot] ACTION event=capability_decision bot=Bob {allowed=false, profile=strict_survival, capability=HIDDEN_BLOCK_SCAN, context=perception_snapshot, reason=DENIED_STRICT_SURVIVAL}
[16:10:43] [Server thread/INFO]: [AIBot] ACTION event=capability_decision bot=Bob {allowed=false, profile=strict_survival, capability=HIDDEN_BLOCK_SCAN, context=observable_entity_query, reason=DENIED_STRICT_SURVIVAL}
[16:10:43] [Server thread/WARN]: [AIBot] PERCEPTION event=snapshot_slow bot=Bob {elapsed_ms=11}
[16:10:43] [Server thread/WARN]: [AIBot] PERCEPTION event=snapshot_slow bot=Bob {elapsed_ms=11}
[16:10:43] [Server thread/INFO]: [AIBot] ACTION event=capability_decision bot=Bob {allowed=false, profile=strict_survival, capability=HIDDEN_BLOCK_SCAN, context=diagnostic_nearby, reason=DENIED_STRICT_SURVIVAL}
[16:10:43] [Server thread/INFO]: [AIBot] ACTION event=diag_snapshot bot=Bob {submerged=false, light=15, step=, in_lava=false, task_phase=DONE, goal=none, task_progress=1.0, task=farm, mode=survival, air=300, food=17, path_idle=true, inv=minecraft:iron_pickaxex2 minecraft:iron_hoex1 minecraft:wheat_seedsx15 minecraft:oak_planksx32 minecraft:dirtx32 minecraft:raw_ironx6 minecraft:wheatx1, nearby=animals=0 hostiles=0, mining_idle=true, hp=20.0/20.0, on_ground=true, pos=-23,113,25, fall=0.0, held=minecraft:iron_hoex1, task_state=COMPLETED}
