Starting net.fabricmc.loader.impl.game.minecraft.BundlerClassPathCapture
[21:28:14] [main/INFO]: Loading Minecraft 1.21.3 with Fabric Loader 0.19.5
[21:28:14] [ForkJoinPool-1-worker-5/WARN]: Mod mr_vein_miner uses the version 26.x which isn't compatible with Loader's extended semantic version format (Could not parse version number component 'x'!), SemVer is recommended for reliably evaluating dependencies and prioritizing newer version
[21:28:14] [main/INFO]: Loading 47 mods:
	- aibot 0.0.1
	- appleskin 3.0.6+mc1.21.3
	   \-- cloth-config 16.0.141
	        \-- cloth-basic-math 0.6.1
	- fabric-api 0.114.1+1.21.3
	   |-- fabric-api-base 0.4.50+119c825640
	   |-- fabric-api-lookup-api-v1 1.6.81+fd37071f40
	   |-- fabric-biome-api-v1 14.0.7+add2a48640
	   |-- fabric-block-api-v1 1.0.28+fd37071f40
	   |-- fabric-block-view-api-v2 1.0.16+fd37071f40
	   |-- fabric-command-api-v1 1.2.58+f71b366f40
	   |-- fabric-command-api-v2 2.2.37+c9d82ab240
	   |-- fabric-commands-v0 0.2.75+df3654b340
	   |-- fabric-content-registries-v0 9.1.8+fd37071f40
	   |-- fabric-convention-tags-v1 2.1.4+7f945d5b40
	   |-- fabric-convention-tags-v2 2.9.4+129f0c1f40
	   |-- fabric-crash-report-info-v1 0.3.3+fd37071f40
	   |-- fabric-data-attachment-api-v1 1.4.0+dbad41f140
	   |-- fabric-data-generation-api-v1 21.1.2+a730659c40
	   |-- fabric-dimensions-v1 4.0.7+fd37071f40
	   |-- fabric-entity-events-v1 2.0.8+825023f840
	   |-- fabric-events-interaction-v0 2.0.12+c2c3ac4740
	   |-- fabric-game-rule-api-v1 1.0.59+fd37071f40
	   |-- fabric-item-api-v1 11.1.7+fd37071f40
	   |-- fabric-item-group-api-v1 4.1.17+fd37071f40
	   |-- fabric-lifecycle-events-v1 2.5.1+6da5ef6940
	   |-- fabric-loot-api-v2 3.0.26+3f89f5a540
	   |-- fabric-loot-api-v3 1.0.14+fd37071f40
	   |-- fabric-message-api-v1 6.0.22+5a9b22c640
	   |-- fabric-networking-api-v1 4.3.5+fd37071f40
	   |-- fabric-object-builder-api-v1 17.0.9+fd37071f40
	   |-- fabric-particles-v1 4.0.10+fd37071f40
	   |-- fabric-recipe-api-v1 7.0.5+8ea69ff840
	   |-- fabric-registry-sync-v0 5.4.1+3f3c499540
	   |-- fabric-rendering-data-attachment-v1 0.3.54+73761d2e40
	   |-- fabric-rendering-fluids-v1 3.1.15+fd37071f40
	   |-- fabric-resource-conditions-api-v1 5.0.8+fd37071f40
	   |-- fabric-resource-loader-v0 3.0.6+fd37071f40
	   |-- fabric-screen-handler-api-v1 1.3.103+fd37071f40
	   |-- fabric-tag-api-v1 1.0.0+a730659c40
	   |-- fabric-transfer-api-v1 5.4.3+cb44d14340
	   \-- fabric-transitive-access-wideners-v1 6.2.0+54a41b1c40
	- fabricloader 0.19.5
	   \-- mixinextras 0.5.5
	- java 21
	- minecraft 1.21.3
	- mr_vein_miner 26.x
[21:28:14] [main/INFO]: SpongePowered MIXIN Subsystem Version=0.8.7 Source=file:/D:/code/mc-experiment/mc-server-aibot/libraries/net/fabricmc/sponge-mixin/0.17.4+mixin.0.8.7/sponge-mixin-0.17.4+mixin.0.8.7.jar Service=Knot/Fabric Env=SERVER
[21:28:15] [main/INFO]: Initializing MixinExtras via com.llamalad7.mixinextras.service.MixinExtrasServiceImpl(version=0.5.5).
[21:28:29] [main/INFO]: [AIBot] CONFIG event=operating_profile_resolved bot=- {configured_hidden_block_scan=true, configured_emergency_teleport=true, effective_capabilities=[], configured_manual_teleport=true, profile=strict_survival, source=FILE_OR_DEFAULT, configured_forced_pickup=true}
[21:28:29] [main/WARN]: [AIBot] CONFIG event=deepseek_key_missing bot=- {}
[21:28:29] [main/INFO]: [AIBot] LIFECYCLE event=mod_loaded bot=- {version=0.0.1}
[21:28:29] [main/INFO]: [AIBot] CONFIG event=config_loaded bot=- {logging_enabled=true, configured_operator_capabilities=OperatorCapabilities[hiddenBlockScan=true, emergencyTeleport=true, forcedPickup=true, manualTeleport=true], deepseek_model=deepseek-v4-flash, effective_capabilities=[], perception_radius=16, pickup_force_radius=2.75, profile=strict_survival, nav_lookahead=4}
[21:28:29] [main/INFO]: ================================
[21:28:29] [main/INFO]:   AIBot v0.0.1 loaded
[21:28:29] [main/INFO]:   Mode: M6 structured logs over M5 tasks
[21:28:29] [main/INFO]: ================================
[21:28:30] [main/INFO]: Environment: Environment[sessionHost=https://sessionserver.mojang.com, servicesHost=https://api.minecraftservices.com, name=PROD]
[21:28:33] [main/INFO]: Loaded 1338 recipes
[21:28:33] [main/INFO]: Loaded 1448 advancements
[21:28:34] [main/INFO]: Applied 0 biome modifications to 0 of 64 new biomes in 6.413 ms
[21:28:34] [Server thread/INFO]: Starting minecraft server version 1.21.3
[21:28:34] [Server thread/INFO]: Loading properties
[21:28:34] [Server thread/INFO]: Default game type: SURVIVAL
[21:28:34] [Server thread/INFO]: Generating keypair
[21:28:34] [Server thread/INFO]: Starting Minecraft server on *:25565
[21:28:34] [Server thread/INFO]: Using default channel type
[21:28:35] [Server thread/WARN]: **** SERVER IS RUNNING IN OFFLINE/INSECURE MODE!
[21:28:35] [Server thread/WARN]: The server will make no attempt to authenticate usernames. Beware.
[21:28:35] [Server thread/WARN]: While this makes the game possible to play without internet access, it also opens up the ability for hackers to connect with any username they choose.
[21:28:35] [Server thread/WARN]: To change this, set "online-mode" to "true" in the server.properties file.
[21:28:35] [Server thread/INFO]: Preparing level "world"
[21:28:35] [Server thread/INFO]: Preparing start region for dimension minecraft:overworld
[21:28:37] [Worker-Main-3/INFO]: Preparing spawn area: 0%
[21:28:37] [Worker-Main-3/INFO]: Preparing spawn area: 0%
[21:28:37] [Worker-Main-3/INFO]: Preparing spawn area: 0%
[21:28:37] [Worker-Main-6/INFO]: Preparing spawn area: 77%
[21:28:37] [Server thread/INFO]: Time elapsed: 1975 ms
[21:28:37] [Server thread/INFO]: Done (2.707s)! For help, type "help"
[21:28:37] [Server thread/INFO]: Starting remote control listener
[21:28:37] [Server thread/INFO]: Thread RCON Listener started
[21:28:37] [Server thread/INFO]: RCON running on 0.0.0.0:25575
[21:28:37] [Server thread/INFO]: [AIBot] LIFECYCLE event=server_started bot=- {motd=aibot-dsh-m0 isolated acceptance}
[21:28:37] [Server thread/INFO]: [AIBot] TASK event=jobs_cleared bot=- {}
[21:28:37] [Server thread/INFO]: [AIBot] COMM event=runtime_recipe_index_built bot=- {scanned=1338, indexed=757}
[21:28:38] [Server thread/INFO]: Bob[127.0.0.1] logged in with entity id 4 at (-1.2386392778649007, 110.0, 15.624173118419229)
[21:28:38] [Server thread/INFO]: Bob joined the game
[21:28:38] [Server thread/INFO]: [AIBot] LIFECYCLE event=bot_spawned bot=Bob {pos=-2,110,15, mode=survival}
[21:28:38] [Server thread/INFO]: [AIBot] LIFECYCLE event=bot_role_set bot=Bob {role=worker}
[21:28:38] [Server thread/INFO]: [AIBot] COMM event=bot_memory_loaded bot=- {bot_uuid=faa5dca3-c3d4-354b-ae1b-dde9e5a14b3b}
[21:28:38] [Server thread/INFO]: [AIBot] LIFECYCLE event=bot_restored bot=Bob {dimension=minecraft:overworld, pos=-2,110,15, mode=survival, fallback=false}
[21:28:38] [Server thread/INFO]: [AIBot] LIFECYCLE event=server_runtime_ready bot=- {runtime_session=f42be763-1cb9-4cc1-a739-c63c74be89d5, restored_bots=1}
[21:28:38] [Server thread/INFO]: [AIBot] COMM event=conversation_reset bot=Bob {}
[21:28:38] [Server thread/INFO]: [AIBot] ACTION event=capability_decision bot=Bob {reason=DENIED_STRICT_SURVIVAL, allowed=false, profile=strict_survival, capability=HIDDEN_BLOCK_SCAN, context=perception_snapshot}
[21:28:38] [Server thread/INFO]: [AIBot] ACTION event=capability_decision bot=Bob {reason=DENIED_STRICT_SURVIVAL, allowed=false, profile=strict_survival, capability=HIDDEN_BLOCK_SCAN, context=observable_block_query}
[21:28:38] [Server thread/WARN]: [AIBot] PERCEPTION event=snapshot_slow bot=Bob {elapsed_ms=166}
[21:28:38] [Server thread/INFO]: AIBot external-body bridge bound to loopback port 8765 for Bob
[21:28:40] [Server thread/WARN]: Can't keep up! Is the server overloaded? Running 2011ms or 40 ticks behind
[21:28:40] [Server thread/INFO]: [AIBot] ACTION event=capability_decision bot=Bob {reason=DENIED_STRICT_SURVIVAL, allowed=false, profile=strict_survival, capability=HIDDEN_BLOCK_SCAN, context=observable_entity_query}
[21:28:40] [Server thread/WARN]: [AIBot] PERCEPTION event=snapshot_slow bot=Bob {elapsed_ms=41}
[21:28:40] [Server thread/WARN]: [AIBot] PERCEPTION event=snapshot_slow bot=Bob {elapsed_ms=21}
[21:28:41] [Server thread/WARN]: [AIBot] PERCEPTION event=snapshot_slow bot=Bob {elapsed_ms=25}
[21:28:41] [Server thread/WARN]: [AIBot] PERCEPTION event=snapshot_slow bot=Bob {elapsed_ms=20}
[21:28:41] [Server thread/INFO]: [AIBot] ACTION event=capability_decision bot=Bob {reason=DENIED_STRICT_SURVIVAL, allowed=false, profile=strict_survival, capability=HIDDEN_BLOCK_SCAN, context=diagnostic_nearby}
[21:28:41] [Server thread/INFO]: [AIBot] ACTION event=diag_snapshot bot=Bob {fall=0.0, held=empty, task_state=COMPLETED, submerged=false, light=15, step=, in_lava=false, task_phase=, goal=none, task_progress=1.0, task=idle, mode=survival, air=300, food=19, path_idle=true, inv=minecraft:crafting_tablex1, nearby=animals=0 hostiles=0, mining_idle=true, hp=1.0/20.0, on_ground=true, pos=-2,110,15}
[21:28:42] [Server thread/WARN]: [AIBot] PERCEPTION event=snapshot_slow bot=Bob {elapsed_ms=21}
[21:28:42] [Server thread/WARN]: [AIBot] PERCEPTION event=snapshot_slow bot=Bob {elapsed_ms=19}
[21:28:43] [Server thread/WARN]: [AIBot] PERCEPTION event=snapshot_slow bot=Bob {elapsed_ms=22}
[21:28:43] [Server thread/WARN]: [AIBot] PERCEPTION event=snapshot_slow bot=Bob {elapsed_ms=24}
[21:28:43] [Server thread/INFO]: [AIBot] ACTION event=diag_snapshot bot=Bob {fall=0.0, held=empty, task_state=COMPLETED, submerged=false, light=15, step=, in_lava=false, task_phase=, goal=none, task_progress=1.0, task=idle, mode=survival, air=300, food=19, path_idle=true, inv=minecraft:crafting_tablex1, nearby=animals=1(rabbit@13) hostiles=0, mining_idle=true, hp=2.0/20.0, on_ground=true, pos=-2,110,15}
[21:28:44] [Server thread/WARN]: [AIBot] PERCEPTION event=snapshot_slow bot=Bob {elapsed_ms=29}
[21:28:44] [Server thread/INFO]: [AIBot] ACTION event=capability_decision bot=Bob {reason=DENIED_STRICT_SURVIVAL, allowed=false, profile=strict_survival, capability=HIDDEN_BLOCK_SCAN, context=observable_block_query}
[21:28:44] [Server thread/INFO]: [AIBot] ACTION event=capability_decision bot=Bob {reason=DENIED_STRICT_SURVIVAL, allowed=false, profile=strict_survival, capability=HIDDEN_BLOCK_SCAN, context=perception_snapshot}
[21:28:44] [Server thread/WARN]: [AIBot] PERCEPTION event=snapshot_slow bot=Bob {elapsed_ms=21}
[21:28:45] [Server thread/INFO]: [AIBot] ACTION event=capability_decision bot=Bob {reason=DENIED_STRICT_SURVIVAL, allowed=false, profile=strict_survival, capability=HIDDEN_BLOCK_SCAN, context=observable_entity_query}
[21:28:45] [Server thread/WARN]: [AIBot] PERCEPTION event=snapshot_slow bot=Bob {elapsed_ms=17}
[21:28:45] [Server thread/WARN]: [AIBot] PERCEPTION event=snapshot_slow bot=Bob {elapsed_ms=15}
[21:28:45] [Server thread/INFO]: [AIBot] ACTION event=diag_snapshot bot=Bob {fall=0.0, held=empty, task_state=COMPLETED, submerged=false, light=15, step=, in_lava=false, task_phase=, goal=none, task_progress=1.0, task=idle, mode=survival, air=300, food=17, path_idle=true, inv=minecraft:crafting_tablex1, nearby=animals=1(rabbit@15) hostiles=0, mining_idle=true, hp=2.0/20.0, on_ground=true, pos=-2,110,15}
[21:28:46] [Server thread/WARN]: [AIBot] PERCEPTION event=snapshot_slow bot=Bob {elapsed_ms=19}
[21:28:46] [Server thread/WARN]: [AIBot] PERCEPTION event=snapshot_slow bot=Bob {elapsed_ms=19}
[21:28:47] [Server thread/WARN]: [AIBot] PERCEPTION event=snapshot_slow bot=Bob {elapsed_ms=13}
[21:28:47] [Server thread/WARN]: [AIBot] PERCEPTION event=snapshot_slow bot=Bob {elapsed_ms=11}
[21:28:47] [Server thread/INFO]: [AIBot] ACTION event=capability_decision bot=Bob {reason=DENIED_STRICT_SURVIVAL, allowed=false, profile=strict_survival, capability=HIDDEN_BLOCK_SCAN, context=diagnostic_nearby}
[21:28:47] [Server thread/INFO]: [AIBot] ACTION event=diag_snapshot bot=Bob {fall=0.0, held=empty, task_state=COMPLETED, submerged=false, light=15, step=, in_lava=false, task_phase=, goal=none, task_progress=1.0, task=idle, mode=survival, air=300, food=17, path_idle=true, inv=minecraft:crafting_tablex1, nearby=animals=0 hostiles=1(zombie_villager@12), mining_idle=true, hp=2.0/20.0, on_ground=true, pos=-2,110,15}
[21:28:48] [Server thread/WARN]: [AIBot] PERCEPTION event=snapshot_slow bot=Bob {elapsed_ms=12}
[21:28:48] [Server thread/WARN]: [AIBot] PERCEPTION event=snapshot_slow bot=Bob {elapsed_ms=12}
[21:28:49] [Server thread/INFO]: [AIBot] TASK event=task_assigned bot=Bob {origin=SAFETY, params=Evading LOW_HP toward -5,110,27, origin_reason=threat:LOW_HP, name=evade}
[21:28:49] [Server thread/INFO]: [AIBot] DANGER event=threat_detected bot=Bob {severity=HIGH, decision=evade, source=class_2338{x=1, y=110, z=6}, type=LOW_HP}
[21:28:49] [Server thread/INFO]: [AIBot] ACTION event=capability_decision bot=Bob {reason=DENIED_STRICT_SURVIVAL, allowed=false, profile=strict_survival, capability=HIDDEN_BLOCK_SCAN, context=observable_block_query}
[21:28:49] [Server thread/INFO]: [AIBot] ACTION event=capability_decision bot=Bob {reason=DENIED_STRICT_SURVIVAL, allowed=false, profile=strict_survival, capability=HIDDEN_BLOCK_SCAN, context=perception_snapshot}
[21:28:49] [Server thread/WARN]: [AIBot] PERCEPTION event=snapshot_slow bot=Bob {elapsed_ms=22}
[21:28:49] [Server thread/INFO]: [AIBot] ACTION event=diag_snapshot bot=Bob {fall=0.0, held=minecraft:oak_planksx7, task_state=RUNNING, submerged=false, light=15, step=, in_lava=false, task_phase=, goal=none, task_progress=0.1, task=evade, mode=survival, air=300, food=17, path_idle=false, inv=minecraft:crafting_tablex1 minecraft:oak_planksx7, nearby=animals=0 hostiles=1(zombie_villager@11), mining_idle=true, hp=2.0/20.0, on_ground=false, pos=-4,111,17}
[21:28:50] [Server thread/INFO]: [AIBot] ACTION event=capability_decision bot=Bob {reason=DENIED_STRICT_SURVIVAL, allowed=false, profile=strict_survival, capability=HIDDEN_BLOCK_SCAN, context=observable_entity_query}
[21:28:50] [Server thread/WARN]: [AIBot] PERCEPTION event=snapshot_slow bot=Bob {elapsed_ms=18}
[21:28:50] [Server thread/WARN]: [AIBot] PERCEPTION event=snapshot_slow bot=Bob {elapsed_ms=18}
[21:28:51] [Server thread/INFO]: [AIBot] TASK event=task_completed bot=Bob {elapsed_ticks=44, name=evade}
[21:28:51] [Server thread/WARN]: [AIBot] PERCEPTION event=snapshot_slow bot=Bob {elapsed_ms=16}
[21:28:51] [Server thread/WARN]: [AIBot] PERCEPTION event=snapshot_slow bot=Bob {elapsed_ms=17}
[21:28:51] [Server thread/INFO]: [AIBot] ACTION event=diag_snapshot bot=Bob {fall=0.0, held=minecraft:oak_planksx7, task_state=COMPLETED, submerged=false, light=15, step=, in_lava=false, task_phase=, goal=none, task_progress=1.0, task=evade, mode=survival, air=300, food=17, path_idle=true, inv=minecraft:crafting_tablex1 minecraft:oak_planksx7, nearby=animals=0 hostiles=1(zombie_villager@14), mining_idle=true, hp=2.0/20.0, on_ground=true, pos=-5,110,25}
[21:28:52] [Server thread/WARN]: [AIBot] PERCEPTION event=snapshot_slow bot=Bob {elapsed_ms=14}
[21:28:52] [Server thread/WARN]: [AIBot] PERCEPTION event=snapshot_slow bot=Bob {elapsed_ms=14}
[21:28:53] [Server thread/WARN]: [AIBot] PERCEPTION event=snapshot_slow bot=Bob {elapsed_ms=13}
[21:28:53] [Server thread/INFO]: [AIBot] ACTION event=capability_decision bot=Bob {reason=DENIED_STRICT_SURVIVAL, allowed=false, profile=strict_survival, capability=HIDDEN_BLOCK_SCAN, context=diagnostic_nearby}
[21:28:53] [Server thread/INFO]: [AIBot] ACTION event=diag_snapshot bot=Bob {fall=0.0, held=minecraft:oak_planksx7, task_state=COMPLETED, submerged=false, light=15, step=, in_lava=false, task_phase=, goal=none, task_progress=1.0, task=evade, mode=survival, air=300, food=17, path_idle=true, inv=minecraft:crafting_tablex1 minecraft:oak_planksx7, nearby=animals=0 hostiles=1(zombie_villager@10), mining_idle=true, hp=2.0/20.0, on_ground=true, pos=-5,110,25}
[21:28:54] [Server thread/INFO]: [AIBot] TASK event=task_assigned bot=Bob {origin=SAFETY, params=Evading LOW_HP toward -9,109,37, origin_reason=threat:LOW_HP, name=evade}
[21:28:54] [Server thread/INFO]: [AIBot] DANGER event=threat_detected bot=Bob {severity=HIGH, decision=evade, source=class_2338{x=-2, y=110, z=16}, type=LOW_HP}
[21:28:54] [Server thread/INFO]: [AIBot] ACTION event=fake_player_step bot=Bob {to=class_2338{x=-7, y=109, z=26}, from=class_2338{x=-6, y=110, z=26}, reason=path_drop_down}
[21:28:54] [Server thread/WARN]: [AIBot] PERCEPTION event=snapshot_slow bot=Bob {elapsed_ms=12}
[21:28:54] [Server thread/INFO]: [AIBot] ACTION event=capability_decision bot=Bob {reason=DENIED_STRICT_SURVIVAL, allowed=false, profile=strict_survival, capability=HIDDEN_BLOCK_SCAN, context=observable_block_query}
[21:28:54] [Server thread/INFO]: [AIBot] ACTION event=capability_decision bot=Bob {reason=DENIED_STRICT_SURVIVAL, allowed=false, profile=strict_survival, capability=HIDDEN_BLOCK_SCAN, context=perception_snapshot}
[21:28:54] [Server thread/WARN]: [AIBot] PERCEPTION event=snapshot_slow bot=Bob {elapsed_ms=13}
[21:28:55] [Server thread/INFO]: [AIBot] ACTION event=capability_decision bot=Bob {reason=DENIED_STRICT_SURVIVAL, allowed=false, profile=strict_survival, capability=HIDDEN_BLOCK_SCAN, context=observable_entity_query}
[21:28:55] [Server thread/WARN]: [AIBot] PERCEPTION event=snapshot_slow bot=Bob {elapsed_ms=16}
[21:28:55] [Server thread/WARN]: [AIBot] PERCEPTION event=snapshot_slow bot=Bob {elapsed_ms=11}
[21:28:55] [Server thread/INFO]: [AIBot] ACTION event=diag_snapshot bot=Bob {fall=0.0, held=minecraft:oak_planksx7, task_state=RUNNING, submerged=false, light=15, step=, in_lava=false, task_phase=, goal=none, task_progress=0.2, task=evade, mode=survival, air=300, food=17, path_idle=false, inv=minecraft:crafting_tablex1 minecraft:oak_planksx7, nearby=animals=1(villager@11) hostiles=1(zombie_villager@15), mining_idle=true, hp=2.0/20.0, on_ground=true, pos=-9,109,33}
[21:28:56] [Server thread/INFO]: [AIBot] TASK event=task_completed bot=Bob {elapsed_ticks=41, name=evade}
[21:28:56] [Server thread/WARN]: [AIBot] PERCEPTION event=snapshot_slow bot=Bob {elapsed_ms=17}
[21:28:56] [Server thread/WARN]: [AIBot] PERCEPTION event=snapshot_slow bot=Bob {elapsed_ms=15}
[21:28:57] [Server thread/WARN]: [AIBot] PERCEPTION event=snapshot_slow bot=Bob {elapsed_ms=13}
[21:28:57] [Server thread/WARN]: [AIBot] PERCEPTION event=snapshot_slow bot=Bob {elapsed_ms=12}
[21:28:57] [Server thread/INFO]: [AIBot] ACTION event=diag_snapshot bot=Bob {fall=0.0, held=minecraft:oak_planksx7, task_state=COMPLETED, submerged=false, light=15, step=, in_lava=false, task_phase=, goal=none, task_progress=1.0, task=evade, mode=survival, air=300, food=17, path_idle=true, inv=minecraft:crafting_tablex1 minecraft:oak_planksx7, nearby=animals=1(villager@9) hostiles=0, mining_idle=true, hp=2.0/20.0, on_ground=true, pos=-9,109,35}
[21:28:58] [Server thread/WARN]: [AIBot] PERCEPTION event=snapshot_slow bot=Bob {elapsed_ms=11}
[21:28:58] [Server thread/WARN]: [AIBot] PERCEPTION event=snapshot_slow bot=Bob {elapsed_ms=11}
[21:28:59] [Server thread/WARN]: [AIBot] PERCEPTION event=snapshot_slow bot=Bob {elapsed_ms=12}
[21:28:59] [Server thread/INFO]: [AIBot] ACTION event=capability_decision bot=Bob {reason=DENIED_STRICT_SURVIVAL, allowed=false, profile=strict_survival, capability=HIDDEN_BLOCK_SCAN, context=observable_block_query}
[21:28:59] [Server thread/INFO]: [AIBot] ACTION event=capability_decision bot=Bob {reason=DENIED_STRICT_SURVIVAL, allowed=false, profile=strict_survival, capability=HIDDEN_BLOCK_SCAN, context=perception_snapshot}
[21:28:59] [Server thread/WARN]: [AIBot] PERCEPTION event=snapshot_slow bot=Bob {elapsed_ms=12}
[21:28:59] [Server thread/INFO]: [AIBot] ACTION event=capability_decision bot=Bob {reason=DENIED_STRICT_SURVIVAL, allowed=false, profile=strict_survival, capability=HIDDEN_BLOCK_SCAN, context=diagnostic_nearby}
[21:28:59] [Server thread/INFO]: [AIBot] ACTION event=diag_snapshot bot=Bob {fall=0.0, held=minecraft:oak_planksx7, task_state=COMPLETED, submerged=false, light=15, step=, in_lava=false, task_phase=, goal=none, task_progress=1.0, task=evade, mode=survival, air=300, food=17, path_idle=true, inv=minecraft:crafting_tablex1 minecraft:oak_planksx7, nearby=animals=1(villager@9) hostiles=0, mining_idle=true, hp=2.0/20.0, on_ground=true, pos=-9,109,35}
[21:29:00] [Server thread/INFO]: [AIBot] ACTION event=capability_decision bot=Bob {reason=DENIED_STRICT_SURVIVAL, allowed=false, profile=strict_survival, capability=HIDDEN_BLOCK_SCAN, context=observable_entity_query}
[21:29:00] [Server thread/WARN]: [AIBot] PERCEPTION event=snapshot_slow bot=Bob {elapsed_ms=19}
[21:29:01] [Server thread/WARN]: [AIBot] PERCEPTION event=snapshot_slow bot=Bob {elapsed_ms=14}
[21:29:01] [Server thread/WARN]: [AIBot] PERCEPTION event=snapshot_slow bot=Bob {elapsed_ms=11}
[21:29:01] [Server thread/INFO]: [AIBot] ACTION event=diag_snapshot bot=Bob {fall=0.0, held=minecraft:oak_planksx7, task_state=COMPLETED, submerged=false, light=15, step=, in_lava=false, task_phase=, goal=none, task_progress=1.0, task=evade, mode=survival, air=300, food=17, path_idle=true, inv=minecraft:crafting_tablex1 minecraft:oak_planksx7, nearby=animals=1(villager@9) hostiles=0, mining_idle=true, hp=2.0/20.0, on_ground=true, pos=-9,109,35}
[21:29:02] [Server thread/WARN]: [AIBot] PERCEPTION event=snapshot_slow bot=Bob {elapsed_ms=13}
[21:29:02] [Server thread/WARN]: [AIBot] PERCEPTION event=snapshot_slow bot=Bob {elapsed_ms=14}
[21:29:03] [Server thread/WARN]: [AIBot] PERCEPTION event=snapshot_slow bot=Bob {elapsed_ms=12}
[21:29:03] [Server thread/WARN]: [AIBot] PERCEPTION event=snapshot_slow bot=Bob {elapsed_ms=14}
[21:29:03] [Server thread/INFO]: [AIBot] ACTION event=diag_snapshot bot=Bob {fall=0.0, held=minecraft:oak_planksx7, task_state=COMPLETED, submerged=false, light=15, step=, in_lava=false, task_phase=, goal=none, task_progress=1.0, task=evade, mode=survival, air=300, food=17, path_idle=true, inv=minecraft:crafting_tablex1 minecraft:oak_planksx7, nearby=animals=1(villager@8) hostiles=0, mining_idle=true, hp=2.0/20.0, on_ground=true, pos=-9,109,35}
[21:29:04] [Server thread/WARN]: [AIBot] PERCEPTION event=snapshot_slow bot=Bob {elapsed_ms=11}
[21:29:04] [Server thread/INFO]: [AIBot] ACTION event=capability_decision bot=Bob {reason=DENIED_STRICT_SURVIVAL, allowed=false, profile=strict_survival, capability=HIDDEN_BLOCK_SCAN, context=observable_block_query}
[21:29:04] [Server thread/INFO]: [AIBot] ACTION event=capability_decision bot=Bob {reason=DENIED_STRICT_SURVIVAL, allowed=false, profile=strict_survival, capability=HIDDEN_BLOCK_SCAN, context=perception_snapshot}
[21:29:04] [Server thread/WARN]: [AIBot] PERCEPTION event=snapshot_slow bot=Bob {elapsed_ms=12}
[21:29:05] [Server thread/INFO]: [AIBot] ACTION event=capability_decision bot=Bob {reason=DENIED_STRICT_SURVIVAL, allowed=false, profile=strict_survival, capability=HIDDEN_BLOCK_SCAN, context=observable_entity_query}
[21:29:05] [Server thread/WARN]: [AIBot] PERCEPTION event=snapshot_slow bot=Bob {elapsed_ms=11}
[21:29:05] [Server thread/WARN]: [AIBot] PERCEPTION event=snapshot_slow bot=Bob {elapsed_ms=14}
[21:29:05] [Server thread/INFO]: [AIBot] ACTION event=capability_decision bot=Bob {reason=DENIED_STRICT_SURVIVAL, allowed=false, profile=strict_survival, capability=HIDDEN_BLOCK_SCAN, context=diagnostic_nearby}
[21:29:05] [Server thread/INFO]: [AIBot] ACTION event=diag_snapshot bot=Bob {fall=0.0, held=minecraft:oak_planksx7, task_state=COMPLETED, submerged=false, light=15, step=, in_lava=false, task_phase=, goal=none, task_progress=1.0, task=evade, mode=survival, air=300, food=17, path_idle=true, inv=minecraft:crafting_tablex1 minecraft:oak_planksx7, nearby=animals=1(villager@5) hostiles=0, mining_idle=true, hp=2.0/20.0, on_ground=true, pos=-9,109,35}
[21:29:06] [Server thread/WARN]: [AIBot] PERCEPTION event=snapshot_slow bot=Bob {elapsed_ms=11}
[21:29:06] [Server thread/WARN]: [AIBot] PERCEPTION event=snapshot_slow bot=Bob {elapsed_ms=12}
[21:29:07] [Server thread/WARN]: [AIBot] PERCEPTION event=snapshot_slow bot=Bob {elapsed_ms=11}
[21:29:07] [Server thread/WARN]: [AIBot] PERCEPTION event=snapshot_slow bot=Bob {elapsed_ms=11}
[21:29:07] [Server thread/INFO]: [AIBot] ACTION event=diag_snapshot bot=Bob {fall=0.0, held=minecraft:oak_planksx7, task_state=COMPLETED, submerged=false, light=15, step=, in_lava=false, task_phase=, goal=none, task_progress=1.0, task=evade, mode=survival, air=300, food=17, path_idle=true, inv=minecraft:crafting_tablex1 minecraft:oak_planksx7, nearby=animals=1(villager@6) hostiles=0, mining_idle=true, hp=2.0/20.0, on_ground=true, pos=-9,109,35}
[21:29:08] [Server thread/WARN]: [AIBot] PERCEPTION event=snapshot_slow bot=Bob {elapsed_ms=12}
[21:29:08] [Server thread/WARN]: [AIBot] PERCEPTION event=snapshot_slow bot=Bob {elapsed_ms=12}
[21:29:09] [Server thread/WARN]: [AIBot] PERCEPTION event=snapshot_slow bot=Bob {elapsed_ms=13}
[21:29:09] [Server thread/INFO]: [AIBot] ACTION event=capability_decision bot=Bob {reason=DENIED_STRICT_SURVIVAL, allowed=false, profile=strict_survival, capability=HIDDEN_BLOCK_SCAN, context=observable_block_query}
[21:29:09] [Server thread/INFO]: [AIBot] ACTION event=capability_decision bot=Bob {reason=DENIED_STRICT_SURVIVAL, allowed=false, profile=strict_survival, capability=HIDDEN_BLOCK_SCAN, context=perception_snapshot}
[21:29:09] [Server thread/WARN]: [AIBot] PERCEPTION event=snapshot_slow bot=Bob {elapsed_ms=13}
[21:29:09] [Server thread/INFO]: [AIBot] ACTION event=diag_snapshot bot=Bob {fall=0.0, held=minecraft:oak_planksx7, task_state=COMPLETED, submerged=false, light=15, step=, in_lava=false, task_phase=, goal=none, task_progress=1.0, task=evade, mode=survival, air=300, food=17, path_idle=true, inv=minecraft:crafting_tablex1 minecraft:oak_planksx7, nearby=animals=1(villager@8) hostiles=0, mining_idle=true, hp=2.0/20.0, on_ground=true, pos=-9,109,35}
[21:29:10] [Server thread/INFO]: [AIBot] ACTION event=capability_decision bot=Bob {reason=DENIED_STRICT_SURVIVAL, allowed=false, profile=strict_survival, capability=HIDDEN_BLOCK_SCAN, context=observable_entity_query}
[21:29:10] [Server thread/WARN]: [AIBot] PERCEPTION event=snapshot_slow bot=Bob {elapsed_ms=11}
[21:29:10] [Server thread/WARN]: [AIBot] PERCEPTION event=snapshot_slow bot=Bob {elapsed_ms=12}
[21:29:11] [Server thread/WARN]: [AIBot] PERCEPTION event=snapshot_slow bot=Bob {elapsed_ms=15}
[21:29:11] [Server thread/WARN]: [AIBot] PERCEPTION event=snapshot_slow bot=Bob {elapsed_ms=14}
[21:29:11] [Server thread/INFO]: [AIBot] ACTION event=capability_decision bot=Bob {reason=DENIED_STRICT_SURVIVAL, allowed=false, profile=strict_survival, capability=HIDDEN_BLOCK_SCAN, context=diagnostic_nearby}
[21:29:11] [Server thread/INFO]: [AIBot] ACTION event=diag_snapshot bot=Bob {fall=0.0, held=minecraft:oak_planksx7, task_state=COMPLETED, submerged=false, light=15, step=, in_lava=false, task_phase=, goal=none, task_progress=1.0, task=evade, mode=survival, air=300, food=17, path_idle=true, inv=minecraft:crafting_tablex1 minecraft:oak_planksx7, nearby=animals=1(villager@8) hostiles=0, mining_idle=true, hp=2.0/20.0, on_ground=true, pos=-9,109,35}
[21:29:12] [Server thread/INFO]: [AIBot] ACTION event=creeper_defense_escape_started bot=Bob {reason=initial, source=class_2338{x=-25, y=108, z=34}, goal=class_2338{x=3, y=111, z=36}, source_id=54b5ef8f-4336-4f84-a4c9-a42b9740fdc6, hidden_ticks=0}
[21:29:12] [Server thread/INFO]: [AIBot] TASK event=task_assigned bot=Bob {origin=SAFETY, params=Creeper defense phase=ESCAPE source=-25,108,34 source_id=54b5ef8f-4336-4f84-a4c9-a42b9740fdc6 escape=3,111,36 core_remaining=0 wing_remaining=0 wall_placed=0 hidden_ticks=0, origin_reason=creeper_defense, name=creeper_defense}
[21:29:12] [Server thread/INFO]: [AIBot] DANGER event=creeper_defense_started bot=Bob {replace_in_place=false, replaced=none, source=class_2338{x=-25, y=108, z=34}, paused_depth=0}
[21:29:12] [Server thread/WARN]: [AIBot] PERCEPTION event=snapshot_slow bot=Bob {elapsed_ms=11}
[21:29:12] [Server thread/INFO]: [AIBot] ACTION event=fake_player_jump bot=Bob {to=class_2338{x=-6, y=110, z=36}, from=class_2338{x=-7, y=109, z=36}, reason=path_jump_up}
[21:29:12] [Server thread/WARN]: [AIBot] PERCEPTION event=snapshot_slow bot=Bob {elapsed_ms=11}
[21:29:13] [Server thread/INFO]: [AIBot] ACTION event=fake_player_jump bot=Bob {to=class_2338{x=-3, y=111, z=36}, from=class_2338{x=-4, y=110, z=36}, reason=path_jump_up}
[21:29:13] [Server thread/WARN]: [AIBot] PERCEPTION event=snapshot_slow bot=Bob {elapsed_ms=15}
[21:29:13] [Server thread/INFO]: [AIBot] ACTION event=diag_snapshot bot=Bob {fall=0.0, held=minecraft:oak_planksx7, task_state=RUNNING, submerged=false, light=15, step=, in_lava=false, task_phase=ESCAPE, goal=none, task_progress=0.1, task=creeper_defense, mode=survival, air=300, food=17, path_idle=false, inv=minecraft:crafting_tablex1 minecraft:oak_planksx7, nearby=animals=1(villager@15) hostiles=0, mining_idle=true, hp=2.0/20.0, on_ground=false, pos=-1,112,38}
[21:29:14] [Server thread/WARN]: [AIBot] PERCEPTION event=snapshot_slow bot=Bob {elapsed_ms=12}
[21:29:14] [Server thread/INFO]: [AIBot] ACTION event=creeper_defense_escape_started bot=Bob {reason=route_boundary, source=class_2338{x=-25, y=108, z=34}, goal=class_2338{x=14, y=110, z=40}, source_id=54b5ef8f-4336-4f84-a4c9-a42b9740fdc6, hidden_ticks=44}
[21:29:14] [Server thread/INFO]: [AIBot] ACTION event=fake_player_step bot=Bob {to=class_2338{x=4, y=111, z=39}, from=class_2338{x=3, y=112, z=39}, reason=path_drop_down}
[21:29:14] [Server thread/INFO]: [AIBot] ACTION event=fake_player_step bot=Bob {to=class_2338{x=4, y=110, z=39}, from=class_2338{x=4, y=111, z=39}, reason=path_drop_down}
[21:29:14] [Server thread/INFO]: [AIBot] ACTION event=capability_decision bot=Bob {reason=DENIED_STRICT_SURVIVAL, allowed=false, profile=strict_survival, capability=HIDDEN_BLOCK_SCAN, context=observable_block_query}
[21:29:14] [Server thread/INFO]: [AIBot] ACTION event=capability_decision bot=Bob {reason=DENIED_STRICT_SURVIVAL, allowed=false, profile=strict_survival, capability=HIDDEN_BLOCK_SCAN, context=perception_snapshot}
[21:29:14] [Server thread/WARN]: [AIBot] PERCEPTION event=snapshot_slow bot=Bob {elapsed_ms=13}
[21:29:15] [Server thread/INFO]: [AIBot] ACTION event=capability_decision bot=Bob {reason=DENIED_STRICT_SURVIVAL, allowed=false, profile=strict_survival, capability=HIDDEN_BLOCK_SCAN, context=observable_entity_query}
[21:29:15] [Server thread/WARN]: [AIBot] PERCEPTION event=snapshot_slow bot=Bob {elapsed_ms=16}
[21:29:15] [Server thread/WARN]: [AIBot] PERCEPTION event=snapshot_slow bot=Bob {elapsed_ms=15}
[21:29:15] [Server thread/INFO]: [AIBot] ACTION event=diag_snapshot bot=Bob {fall=0.0, held=minecraft:oak_planksx7, task_state=RUNNING, submerged=false, light=14, step=, in_lava=false, task_phase=ESCAPE, goal=none, task_progress=0.2, task=creeper_defense, mode=survival, air=300, food=17, path_idle=false, inv=minecraft:crafting_tablex1 minecraft:oak_planksx7, nearby=animals=0 hostiles=0, mining_idle=true, hp=2.0/20.0, on_ground=true, pos=9,110,39}
[21:29:16] [Server thread/INFO]: [AIBot] ACTION event=creeper_defense_escape_started bot=Bob {reason=route_boundary, source=class_2338{x=-25, y=108, z=34}, goal=class_2338{x=23, y=110, z=41}, source_id=54b5ef8f-4336-4f84-a4c9-a42b9740fdc6, hidden_ticks=81}
[21:29:16] [Server thread/WARN]: [AIBot] PERCEPTION event=snapshot_slow bot=Bob {elapsed_ms=17}
[21:29:16] [Server thread/WARN]: [AIBot] PERCEPTION event=snapshot_slow bot=Bob {elapsed_ms=13}
[21:29:17] [Server thread/INFO]: [AIBot] DANGER event=creeper_defense_risk_owner_changed bot=Bob {distance_sq=264.1651357670893, source=class_2338{x=32, y=115, z=41}, rank=1, to=e86eee92-f120-479b-b5f9-f3619606b4dd, from=54b5ef8f-4336-4f84-a4c9-a42b9740fdc6}
[21:29:17] [Server thread/INFO]: [AIBot] ACTION event=creeper_defense_escape_started bot=Bob {reason=risk_owner_changed, source=class_2338{x=32, y=115, z=41}, goal=class_2338{x=5, y=110, z=40}, source_id=e86eee92-f120-479b-b5f9-f3619606b4dd, hidden_ticks=0}
[21:29:17] [Server thread/WARN]: [AIBot] PERCEPTION event=snapshot_slow bot=Bob {elapsed_ms=15}
[21:29:17] [Server thread/WARN]: [AIBot] PERCEPTION event=snapshot_slow bot=Bob {elapsed_ms=18}
[21:29:17] [Server thread/INFO]: [AIBot] ACTION event=capability_decision bot=Bob {reason=DENIED_STRICT_SURVIVAL, allowed=false, profile=strict_survival, capability=HIDDEN_BLOCK_SCAN, context=diagnostic_nearby}
[21:29:17] [Server thread/INFO]: [AIBot] ACTION event=diag_snapshot bot=Bob {fall=0.0, held=minecraft:oak_planksx7, task_state=RUNNING, submerged=false, light=15, step=, in_lava=false, task_phase=ESCAPE, goal=none, task_progress=0.3, task=creeper_defense, mode=survival, air=300, food=17, path_idle=false, inv=minecraft:crafting_tablex1 minecraft:oak_planksx7, nearby=animals=0 hostiles=0, mining_idle=true, hp=2.0/20.0, on_ground=true, pos=14,110,40}
[21:29:18] [Server thread/WARN]: [AIBot] PERCEPTION event=snapshot_slow bot=Bob {elapsed_ms=12}
[21:29:18] [Server thread/WARN]: [AIBot] PERCEPTION event=snapshot_slow bot=Bob {elapsed_ms=13}
[21:29:19] [Server thread/WARN]: [AIBot] PERCEPTION event=snapshot_slow bot=Bob {elapsed_ms=13}
[21:29:19] [Server thread/INFO]: [AIBot] ACTION event=creeper_defense_escape_started bot=Bob {reason=route_boundary, source=class_2338{x=32, y=115, z=41}, goal=class_2338{x=-5, y=110, z=39}, source_id=e86eee92-f120-479b-b5f9-f3619606b4dd, hidden_ticks=41}
[21:29:19] [Server thread/INFO]: [AIBot] ACTION event=capability_decision bot=Bob {reason=DENIED_STRICT_SURVIVAL, allowed=false, profile=strict_survival, capability=HIDDEN_BLOCK_SCAN, context=observable_block_query}
[21:29:19] [Server thread/INFO]: [AIBot] ACTION event=capability_decision bot=Bob {reason=DENIED_STRICT_SURVIVAL, allowed=false, profile=strict_survival, capability=HIDDEN_BLOCK_SCAN, context=perception_snapshot}
[21:29:19] [Server thread/WARN]: [AIBot] PERCEPTION event=snapshot_slow bot=Bob {elapsed_ms=14}
[21:29:19] [Server thread/INFO]: [AIBot] ACTION event=diag_snapshot bot=Bob {fall=0.0, held=minecraft:oak_planksx7, task_state=RUNNING, submerged=false, light=15, step=, in_lava=false, task_phase=ESCAPE, goal=none, task_progress=0.4, task=creeper_defense, mode=survival, air=300, food=17, path_idle=false, inv=minecraft:crafting_tablex1 minecraft:oak_planksx7, nearby=animals=0 hostiles=0, mining_idle=true, hp=2.0/20.0, on_ground=false, pos=5,110,40}
[21:29:20] [Server thread/INFO]: [AIBot] ACTION event=capability_decision bot=Bob {reason=DENIED_STRICT_SURVIVAL, allowed=false, profile=strict_survival, capability=HIDDEN_BLOCK_SCAN, context=observable_entity_query}
[21:29:20] [Server thread/WARN]: [AIBot] PERCEPTION event=snapshot_slow bot=Bob {elapsed_ms=13}
[21:29:21] [Server thread/INFO]: [AIBot] ACTION event=creeper_defense_escape_started bot=Bob {reason=route_boundary, source=class_2338{x=32, y=115, z=41}, goal=class_2338{x=-15, y=108, z=39}, source_id=e86eee92-f120-479b-b5f9-f3619606b4dd, hidden_ticks=75}
[21:29:21] [Server thread/WARN]: [AIBot] PERCEPTION event=snapshot_slow bot=Bob {elapsed_ms=11}
[21:29:21] [Server thread/INFO]: [AIBot] ACTION event=fake_player_step bot=Bob {to=class_2338{x=-7, y=109, z=39}, from=class_2338{x=-6, y=110, z=39}, reason=path_drop_down}
[21:29:21] [Server thread/INFO]: [AIBot] ACTION event=diag_snapshot bot=Bob {fall=0.0, held=minecraft:oak_planksx7, task_state=RUNNING, submerged=false, light=15, step=, in_lava=false, task_phase=ESCAPE, goal=none, task_progress=0.5, task=creeper_defense, mode=survival, air=300, food=17, path_idle=false, inv=minecraft:crafting_tablex1 minecraft:oak_planksx7, nearby=animals=0 hostiles=0, mining_idle=true, hp=2.0/20.0, on_ground=false, pos=-7,109,39}
[21:29:22] [Server thread/INFO]: [AIBot] DANGER event=creeper_defense_watchdog bot=Bob {distance_sq=1674.6139619997107, source_id=e86eee92-f120-479b-b5f9-f3619606b4dd, hidden_ticks=95, phase=ESCAPE, recent_risks=1, wall_placed=0, source=class_2338{x=32, y=115, z=41}}
[21:29:22] [Server thread/INFO]: [AIBot] ACTION event=fake_player_step bot=Bob {to=class_2338{x=-10, y=108, z=39}, from=class_2338{x=-9, y=109, z=39}, reason=path_drop_down}
[21:29:22] [Server thread/INFO]: [AIBot] DANGER event=creeper_defense_risk_owner_changed bot=Bob {distance_sq=221.0, source=class_2338{x=-24, y=108, z=34}, rank=1, to=54b5ef8f-4336-4f84-a4c9-a42b9740fdc6, from=e86eee92-f120-479b-b5f9-f3619606b4dd}
[21:29:22] [Server thread/INFO]: [AIBot] ACTION event=creeper_defense_escape_started bot=Bob {reason=risk_owner_changed, source=class_2338{x=-24, y=108, z=34}, goal=class_2338{x=-1, y=110, z=41}, source_id=54b5ef8f-4336-4f84-a4c9-a42b9740fdc6, hidden_ticks=0}
[21:29:22] [Server thread/INFO]: [AIBot] ACTION event=fake_player_jump bot=Bob {to=class_2338{x=-9, y=109, z=39}, from=class_2338{x=-10, y=108, z=39}, reason=path_jump_up}
[21:29:22] [Server thread/WARN]: [AIBot] PERCEPTION event=snapshot_slow bot=Bob {elapsed_ms=12}
[21:29:22] [Server thread/WARN]: [AIBot] PERCEPTION event=snapshot_slow bot=Bob {elapsed_ms=13}
[21:29:22] [Server thread/INFO]: [AIBot] ACTION event=fake_player_jump bot=Bob {to=class_2338{x=-6, y=110, z=41}, from=class_2338{x=-7, y=109, z=41}, reason=path_jump_up}
[21:29:23] [Server thread/WARN]: [AIBot] PERCEPTION event=snapshot_slow bot=Bob {elapsed_ms=15}
[21:29:23] [Server thread/INFO]: [AIBot] ACTION event=creeper_defense_escape_started bot=Bob {reason=route_boundary, source=class_2338{x=-24, y=108, z=34}, goal=class_2338{x=6, y=112, z=43}, source_id=54b5ef8f-4336-4f84-a4c9-a42b9740fdc6, hidden_ticks=25}
[21:29:23] [Server thread/INFO]: [AIBot] ACTION event=capability_decision bot=Bob {reason=DENIED_STRICT_SURVIVAL, allowed=false, profile=strict_survival, capability=HIDDEN_BLOCK_SCAN, context=diagnostic_nearby}
[21:29:23] [Server thread/INFO]: [AIBot] ACTION event=diag_snapshot bot=Bob {fall=0.0, held=minecraft:oak_planksx7, task_state=RUNNING, submerged=false, light=15, step=, in_lava=false, task_phase=ESCAPE, goal=none, task_progress=0.6, task=creeper_defense, mode=survival, air=300, food=17, path_idle=false, inv=minecraft:crafting_tablex1 minecraft:oak_planksx7, nearby=animals=0 hostiles=0, mining_idle=true, hp=2.0/20.0, on_ground=true, pos=-2,110,41}
[21:29:24] [Server thread/INFO]: [AIBot] ACTION event=capability_decision bot=Bob {reason=DENIED_STRICT_SURVIVAL, allowed=false, profile=strict_survival, capability=HIDDEN_BLOCK_SCAN, context=observable_block_query}
[21:29:24] [Server thread/INFO]: [AIBot] ACTION event=capability_decision bot=Bob {reason=DENIED_STRICT_SURVIVAL, allowed=false, profile=strict_survival, capability=HIDDEN_BLOCK_SCAN, context=perception_snapshot}
[21:29:24] [Server thread/WARN]: [AIBot] PERCEPTION event=snapshot_slow bot=Bob {elapsed_ms=13}
[21:29:25] [Server thread/INFO]: [AIBot] ACTION event=creeper_defense_escape_started bot=Bob {reason=route_boundary, source=class_2338{x=-24, y=108, z=34}, goal=class_2338{x=15, y=112, z=44}, source_id=54b5ef8f-4336-4f84-a4c9-a42b9740fdc6, hidden_ticks=55}
[21:29:25] [Server thread/INFO]: [AIBot] ACTION event=fake_player_jump bot=Bob {to=class_2338{x=6, y=111, z=42}, from=class_2338{x=5, y=110, z=42}, reason=path_jump_up}
[21:29:25] [Server thread/WARN]: [AIBot] PERCEPTION event=snapshot_slow bot=Bob {elapsed_ms=13}
[21:29:25] [Server thread/INFO]: [AIBot] ACTION event=fake_player_jump bot=Bob {to=class_2338{x=8, y=112, z=42}, from=class_2338{x=7, y=111, z=42}, reason=path_jump_up}
[21:29:25] [Server thread/WARN]: [AIBot] PERCEPTION event=snapshot_slow bot=Bob {elapsed_ms=13}
[21:29:25] [Server thread/INFO]: [AIBot] ACTION event=capability_decision bot=Bob {reason=DENIED_STRICT_SURVIVAL, allowed=false, profile=strict_survival, capability=HIDDEN_BLOCK_SCAN, context=observable_entity_query}
[21:29:25] [Server thread/INFO]: [AIBot] ACTION event=diag_snapshot bot=Bob {fall=0.0, held=minecraft:oak_planksx7, task_state=RUNNING, submerged=false, light=15, step=, in_lava=false, task_phase=ESCAPE, goal=none, task_progress=0.6, task=creeper_defense, mode=survival, air=300, food=17, path_idle=false, inv=minecraft:crafting_tablex1 minecraft:oak_planksx7, nearby=animals=0 hostiles=0, mining_idle=true, hp=2.0/20.0, on_ground=true, pos=10,112,42}
[21:29:26] [Server thread/WARN]: [AIBot] PERCEPTION event=snapshot_slow bot=Bob {elapsed_ms=12}
[21:29:26] [Server thread/INFO]: [AIBot] ACTION event=creeper_defense_escape_started bot=Bob {reason=route_boundary, source=class_2338{x=-24, y=108, z=34}, goal=class_2338{x=24, y=112, z=45}, source_id=54b5ef8f-4336-4f84-a4c9-a42b9740fdc6, hidden_ticks=82}
[21:29:26] [Server thread/WARN]: [AIBot] PERCEPTION event=snapshot_slow bot=Bob {elapsed_ms=13}
[21:29:27] [Server thread/INFO]: [AIBot] DANGER event=creeper_defense_completed bot=Bob {source=class_2338{x=-24, y=108, z=34}, occluded=false, distance_sq=1824.9923366588641, reason=last_seen_clearance, source_id=54b5ef8f-4336-4f84-a4c9-a42b9740fdc6, hidden_ticks=100}
[21:29:27] [Server thread/INFO]: [AIBot] TASK event=task_completed bot=Bob {elapsed_ticks=302, name=creeper_defense}
[21:29:27] [Server thread/WARN]: [AIBot] PERCEPTION event=snapshot_slow bot=Bob {elapsed_ms=12}
[21:29:27] [Server thread/WARN]: [AIBot] PERCEPTION event=snapshot_slow bot=Bob {elapsed_ms=17}
[21:29:27] [Server thread/INFO]: [AIBot] ACTION event=diag_snapshot bot=Bob {fall=0.0, held=minecraft:oak_planksx7, task_state=COMPLETED, submerged=false, light=13, step=, in_lava=false, task_phase=ESCAPE, goal=none, task_progress=1.0, task=creeper_defense, mode=survival, air=300, food=17, path_idle=true, inv=minecraft:crafting_tablex1 minecraft:oak_planksx7, nearby=animals=0 hostiles=0, mining_idle=true, hp=2.0/20.0, on_ground=true, pos=18,112,44}
[21:29:28] [Server thread/WARN]: [AIBot] PERCEPTION event=snapshot_slow bot=Bob {elapsed_ms=12}
[21:29:28] [Server thread/WARN]: [AIBot] PERCEPTION event=snapshot_slow bot=Bob {elapsed_ms=11}
[21:29:29] [Server thread/WARN]: [AIBot] PERCEPTION event=snapshot_slow bot=Bob {elapsed_ms=13}
[21:29:29] [Server thread/INFO]: [AIBot] ACTION event=capability_decision bot=Bob {reason=DENIED_STRICT_SURVIVAL, allowed=false, profile=strict_survival, capability=HIDDEN_BLOCK_SCAN, context=observable_block_query}
[21:29:29] [Server thread/INFO]: [AIBot] ACTION event=capability_decision bot=Bob {reason=DENIED_STRICT_SURVIVAL, allowed=false, profile=strict_survival, capability=HIDDEN_BLOCK_SCAN, context=perception_snapshot}
[21:29:29] [Server thread/WARN]: [AIBot] PERCEPTION event=snapshot_slow bot=Bob {elapsed_ms=14}
[21:29:29] [Server thread/INFO]: [AIBot] ACTION event=capability_decision bot=Bob {reason=DENIED_STRICT_SURVIVAL, allowed=false, profile=strict_survival, capability=HIDDEN_BLOCK_SCAN, context=diagnostic_nearby}
[21:29:29] [Server thread/INFO]: [AIBot] ACTION event=diag_snapshot bot=Bob {fall=0.0, held=minecraft:oak_planksx7, task_state=COMPLETED, submerged=false, light=13, step=, in_lava=false, task_phase=ESCAPE, goal=none, task_progress=1.0, task=creeper_defense, mode=survival, air=300, food=17, path_idle=true, inv=minecraft:crafting_tablex1 minecraft:oak_planksx7, nearby=animals=0 hostiles=0, mining_idle=true, hp=2.0/20.0, on_ground=true, pos=18,112,44}
[21:29:30] [Server thread/WARN]: [AIBot] PERCEPTION event=snapshot_slow bot=Bob {elapsed_ms=12}
[21:29:30] [Server thread/INFO]: [AIBot] ACTION event=capability_decision bot=Bob {reason=DENIED_STRICT_SURVIVAL, allowed=false, profile=strict_survival, capability=HIDDEN_BLOCK_SCAN, context=observable_entity_query}
[21:29:30] [Server thread/WARN]: [AIBot] PERCEPTION event=snapshot_slow bot=Bob {elapsed_ms=11}
[21:29:31] [Server thread/WARN]: [AIBot] PERCEPTION event=snapshot_slow bot=Bob {elapsed_ms=11}
[21:29:31] [Server thread/WARN]: [AIBot] PERCEPTION event=snapshot_slow bot=Bob {elapsed_ms=14}
[21:29:31] [Server thread/INFO]: [AIBot] ACTION event=diag_snapshot bot=Bob {fall=0.0, held=minecraft:oak_planksx7, task_state=COMPLETED, submerged=false, light=13, step=, in_lava=false, task_phase=ESCAPE, goal=none, task_progress=1.0, task=creeper_defense, mode=survival, air=300, food=17, path_idle=true, inv=minecraft:crafting_tablex1 minecraft:oak_planksx7, nearby=animals=0 hostiles=0, mining_idle=true, hp=2.0/20.0, on_ground=true, pos=18,112,44}
[21:29:32] [Server thread/WARN]: [AIBot] PERCEPTION event=snapshot_slow bot=Bob {elapsed_ms=11}
[21:29:32] [Server thread/WARN]: [AIBot] PERCEPTION event=snapshot_slow bot=Bob {elapsed_ms=16}
[21:29:33] [Server thread/WARN]: [AIBot] PERCEPTION event=snapshot_slow bot=Bob {elapsed_ms=18}
[21:29:33] [Server thread/WARN]: [AIBot] PERCEPTION event=snapshot_slow bot=Bob {elapsed_ms=13}
[21:29:33] [Server thread/INFO]: [AIBot] ACTION event=diag_snapshot bot=Bob {fall=0.0, held=minecraft:oak_planksx7, task_state=COMPLETED, submerged=false, light=13, step=, in_lava=false, task_phase=ESCAPE, goal=none, task_progress=1.0, task=creeper_defense, mode=survival, air=300, food=17, path_idle=true, inv=minecraft:crafting_tablex1 minecraft:oak_planksx7, nearby=animals=0 hostiles=0, mining_idle=true, hp=2.0/20.0, on_ground=true, pos=18,112,44}
[21:29:34] [Server thread/WARN]: [AIBot] PERCEPTION event=snapshot_slow bot=Bob {elapsed_ms=16}
[21:29:34] [Server thread/INFO]: [AIBot] ACTION event=capability_decision bot=Bob {reason=DENIED_STRICT_SURVIVAL, allowed=false, profile=strict_survival, capability=HIDDEN_BLOCK_SCAN, context=observable_block_query}
[21:29:34] [Server thread/INFO]: [AIBot] ACTION event=capability_decision bot=Bob {reason=DENIED_STRICT_SURVIVAL, allowed=false, profile=strict_survival, capability=HIDDEN_BLOCK_SCAN, context=perception_snapshot}
[21:29:34] [Server thread/WARN]: [AIBot] PERCEPTION event=snapshot_slow bot=Bob {elapsed_ms=15}
[21:29:35] [Server thread/INFO]: [AIBot] ACTION event=capability_decision bot=Bob {reason=DENIED_STRICT_SURVIVAL, allowed=false, profile=strict_survival, capability=EMERGENCY_TELEPORT, context=danger_dark_trap_surface}
[21:29:35] [Server thread/WARN]: [AIBot] PERCEPTION event=snapshot_slow bot=Bob {elapsed_ms=12}
[21:29:35] [Server thread/INFO]: [AIBot] ACTION event=capability_decision bot=Bob {reason=DENIED_STRICT_SURVIVAL, allowed=false, profile=strict_survival, capability=HIDDEN_BLOCK_SCAN, context=observable_entity_query}
[21:29:35] [Server thread/WARN]: [AIBot] PERCEPTION event=snapshot_slow bot=Bob {elapsed_ms=16}
[21:29:35] [Server thread/INFO]: [AIBot] ACTION event=capability_decision bot=Bob {reason=DENIED_STRICT_SURVIVAL, allowed=false, profile=strict_survival, capability=HIDDEN_BLOCK_SCAN, context=diagnostic_nearby}
[21:29:35] [Server thread/INFO]: [AIBot] ACTION event=diag_snapshot bot=Bob {fall=0.0, held=minecraft:oak_planksx7, task_state=COMPLETED, submerged=false, light=13, step=, in_lava=false, task_phase=ESCAPE, goal=none, task_progress=1.0, task=creeper_defense, mode=survival, air=300, food=17, path_idle=true, inv=minecraft:crafting_tablex1 minecraft:oak_planksx7, nearby=animals=0 hostiles=0, mining_idle=true, hp=2.0/20.0, on_ground=true, pos=18,112,44}
[21:29:36] [Server thread/WARN]: [AIBot] PERCEPTION event=snapshot_slow bot=Bob {elapsed_ms=12}
[21:29:36] [Server thread/WARN]: [AIBot] PERCEPTION event=snapshot_slow bot=Bob {elapsed_ms=12}
[21:29:37] [Server thread/WARN]: [AIBot] PERCEPTION event=snapshot_slow bot=Bob {elapsed_ms=12}
[21:29:37] [Server thread/WARN]: [AIBot] PERCEPTION event=snapshot_slow bot=Bob {elapsed_ms=12}
[21:29:37] [Server thread/INFO]: [AIBot] ACTION event=diag_snapshot bot=Bob {fall=0.0, held=minecraft:oak_planksx7, task_state=COMPLETED, submerged=false, light=13, step=, in_lava=false, task_phase=ESCAPE, goal=none, task_progress=1.0, task=creeper_defense, mode=survival, air=300, food=17, path_idle=true, inv=minecraft:crafting_tablex1 minecraft:oak_planksx7, nearby=animals=0 hostiles=0, mining_idle=true, hp=2.0/20.0, on_ground=true, pos=18,112,44}
[21:29:38] [Server thread/WARN]: [AIBot] PERCEPTION event=snapshot_slow bot=Bob {elapsed_ms=15}
[21:29:38] [Server thread/WARN]: [AIBot] PERCEPTION event=snapshot_slow bot=Bob {elapsed_ms=14}
[21:29:39] [Server thread/INFO]: [AIBot] LIFECYCLE event=mixin_alive bot=- {server_tick=1200}
[21:29:39] [Server thread/INFO]: [AIBot] ACTION event=capability_decision bot=Bob {reason=DENIED_STRICT_SURVIVAL, allowed=false, profile=strict_survival, capability=HIDDEN_BLOCK_SCAN, context=observable_block_query}
[21:29:39] [Server thread/INFO]: [AIBot] ACTION event=capability_decision bot=Bob {reason=DENIED_STRICT_SURVIVAL, allowed=false, profile=strict_survival, capability=HIDDEN_BLOCK_SCAN, context=perception_snapshot}
[21:29:39] [Server thread/WARN]: [AIBot] PERCEPTION event=snapshot_slow bot=Bob {elapsed_ms=14}
[21:29:39] [Server thread/INFO]: [AIBot] ACTION event=diag_snapshot bot=Bob {fall=0.0, held=minecraft:oak_planksx7, task_state=COMPLETED, submerged=false, light=13, step=, in_lava=false, task_phase=ESCAPE, goal=none, task_progress=1.0, task=creeper_defense, mode=survival, air=300, food=17, path_idle=true, inv=minecraft:crafting_tablex1 minecraft:oak_planksx7, nearby=animals=0 hostiles=0, mining_idle=true, hp=2.0/20.0, on_ground=true, pos=18,112,44}
[21:29:40] [Server thread/WARN]: [AIBot] PERCEPTION event=snapshot_slow bot=Bob {elapsed_ms=14}
[21:29:40] [Server thread/WARN]: [AIBot] PERCEPTION event=snapshot_slow bot=Bob {elapsed_ms=11}
[21:29:41] [Server thread/WARN]: [AIBot] PERCEPTION event=snapshot_slow bot=Bob {elapsed_ms=12}
[21:29:41] [Server thread/INFO]: [AIBot] ACTION event=capability_decision bot=Bob {reason=DENIED_STRICT_SURVIVAL, allowed=false, profile=strict_survival, capability=HIDDEN_BLOCK_SCAN, context=diagnostic_nearby}
[21:29:41] [Server thread/INFO]: [AIBot] ACTION event=capability_decision bot=Bob {reason=DENIED_STRICT_SURVIVAL, allowed=false, profile=strict_survival, capability=HIDDEN_BLOCK_SCAN, context=observable_entity_query}
[21:29:41] [Server thread/INFO]: [AIBot] ACTION event=diag_snapshot bot=Bob {fall=0.0, held=minecraft:oak_planksx7, task_state=COMPLETED, submerged=false, light=13, step=, in_lava=false, task_phase=ESCAPE, goal=none, task_progress=1.0, task=creeper_defense, mode=survival, air=300, food=17, path_idle=true, inv=minecraft:crafting_tablex1 minecraft:oak_planksx7, nearby=animals=0 hostiles=0, mining_idle=true, hp=2.0/20.0, on_ground=true, pos=18,112,44}
[21:29:42] [Server thread/WARN]: [AIBot] PERCEPTION event=snapshot_slow bot=Bob {elapsed_ms=11}
[21:29:42] [Server thread/WARN]: [AIBot] PERCEPTION event=snapshot_slow bot=Bob {elapsed_ms=11}
[21:29:43] [Server thread/WARN]: [AIBot] PERCEPTION event=snapshot_slow bot=Bob {elapsed_ms=12}
[21:29:43] [Server thread/INFO]: [AIBot] ACTION event=capability_decision bot=Bob {reason=DENIED_STRICT_SURVIVAL, allowed=false, profile=strict_survival, capability=EMERGENCY_TELEPORT, context=danger_dark_trap_surface}
[21:29:43] [Server thread/WARN]: [AIBot] PERCEPTION event=snapshot_slow bot=Bob {elapsed_ms=12}
[21:29:43] [Server thread/INFO]: [AIBot] ACTION event=diag_snapshot bot=Bob {fall=0.0, held=minecraft:oak_planksx7, task_state=COMPLETED, submerged=false, light=13, step=, in_lava=false, task_phase=ESCAPE, goal=none, task_progress=1.0, task=creeper_defense, mode=survival, air=300, food=17, path_idle=true, inv=minecraft:crafting_tablex1 minecraft:oak_planksx7, nearby=animals=0 hostiles=0, mining_idle=true, hp=2.0/20.0, on_ground=true, pos=18,112,44}
[21:29:44] [Server thread/WARN]: [AIBot] PERCEPTION event=snapshot_slow bot=Bob {elapsed_ms=12}
[21:29:44] [Server thread/INFO]: [AIBot] ACTION event=capability_decision bot=Bob {reason=DENIED_STRICT_SURVIVAL, allowed=false, profile=strict_survival, capability=HIDDEN_BLOCK_SCAN, context=observable_block_query}
[21:29:44] [Server thread/INFO]: [AIBot] ACTION event=capability_decision bot=Bob {reason=DENIED_STRICT_SURVIVAL, allowed=false, profile=strict_survival, capability=HIDDEN_BLOCK_SCAN, context=perception_snapshot}
[21:29:44] [Server thread/WARN]: [AIBot] PERCEPTION event=snapshot_slow bot=Bob {elapsed_ms=17}
[21:29:45] [Server thread/WARN]: [AIBot] PERCEPTION event=snapshot_slow bot=Bob {elapsed_ms=11}
[21:29:45] [Server thread/WARN]: [AIBot] PERCEPTION event=snapshot_slow bot=Bob {elapsed_ms=12}
[21:29:45] [Server thread/INFO]: [AIBot] ACTION event=diag_snapshot bot=Bob {fall=0.0, held=minecraft:oak_planksx7, task_state=COMPLETED, submerged=false, light=13, step=, in_lava=false, task_phase=ESCAPE, goal=none, task_progress=1.0, task=creeper_defense, mode=survival, air=300, food=17, path_idle=true, inv=minecraft:crafting_tablex1 minecraft:oak_planksx7, nearby=animals=0 hostiles=0, mining_idle=true, hp=2.0/20.0, on_ground=true, pos=18,112,44}
[21:29:46] [Server thread/WARN]: [AIBot] PERCEPTION event=snapshot_slow bot=Bob {elapsed_ms=11}
[21:29:46] [Server thread/WARN]: [AIBot] PERCEPTION event=snapshot_slow bot=Bob {elapsed_ms=12}
[21:29:47] [Server thread/WARN]: [AIBot] PERCEPTION event=snapshot_slow bot=Bob {elapsed_ms=12}
[21:29:47] [Server thread/WARN]: [AIBot] PERCEPTION event=snapshot_slow bot=Bob {elapsed_ms=12}
[21:29:47] [Server thread/INFO]: [AIBot] ACTION event=capability_decision bot=Bob {reason=DENIED_STRICT_SURVIVAL, allowed=false, profile=strict_survival, capability=HIDDEN_BLOCK_SCAN, context=diagnostic_nearby}
[21:29:47] [Server thread/INFO]: [AIBot] ACTION event=capability_decision bot=Bob {reason=DENIED_STRICT_SURVIVAL, allowed=false, profile=strict_survival, capability=HIDDEN_BLOCK_SCAN, context=observable_entity_query}
[21:29:47] [Server thread/INFO]: [AIBot] ACTION event=diag_snapshot bot=Bob {fall=0.0, held=minecraft:oak_planksx7, task_state=COMPLETED, submerged=false, light=13, step=, in_lava=false, task_phase=ESCAPE, goal=none, task_progress=1.0, task=creeper_defense, mode=survival, air=300, food=17, path_idle=true, inv=minecraft:crafting_tablex1 minecraft:oak_planksx7, nearby=animals=0 hostiles=0, mining_idle=true, hp=2.0/20.0, on_ground=true, pos=18,112,44}
[21:29:48] [Server thread/WARN]: [AIBot] PERCEPTION event=snapshot_slow bot=Bob {elapsed_ms=12}
[21:29:48] [Server thread/WARN]: [AIBot] PERCEPTION event=snapshot_slow bot=Bob {elapsed_ms=18}
[21:29:49] [Server thread/WARN]: [AIBot] PERCEPTION event=snapshot_slow bot=Bob {elapsed_ms=15}
[21:29:49] [Server thread/INFO]: [AIBot] ACTION event=capability_decision bot=Bob {reason=DENIED_STRICT_SURVIVAL, allowed=false, profile=strict_survival, capability=HIDDEN_BLOCK_SCAN, context=observable_block_query}
[21:29:49] [Server thread/INFO]: [AIBot] ACTION event=capability_decision bot=Bob {reason=DENIED_STRICT_SURVIVAL, allowed=false, profile=strict_survival, capability=HIDDEN_BLOCK_SCAN, context=perception_snapshot}
[21:29:49] [Server thread/WARN]: [AIBot] PERCEPTION event=snapshot_slow bot=Bob {elapsed_ms=14}
[21:29:49] [Server thread/INFO]: [AIBot] ACTION event=diag_snapshot bot=Bob {fall=0.0, held=minecraft:oak_planksx7, task_state=COMPLETED, submerged=false, light=13, step=, in_lava=false, task_phase=ESCAPE, goal=none, task_progress=1.0, task=creeper_defense, mode=survival, air=300, food=17, path_idle=true, inv=minecraft:crafting_tablex1 minecraft:oak_planksx7, nearby=animals=0 hostiles=0, mining_idle=true, hp=2.0/20.0, on_ground=true, pos=18,112,44}
[21:29:50] [Server thread/WARN]: [AIBot] PERCEPTION event=snapshot_slow bot=Bob {elapsed_ms=13}
[21:29:50] [Server thread/WARN]: [AIBot] PERCEPTION event=snapshot_slow bot=Bob {elapsed_ms=15}
[21:29:51] [Server thread/INFO]: [AIBot] ACTION event=capability_decision bot=Bob {reason=DENIED_STRICT_SURVIVAL, allowed=false, profile=strict_survival, capability=EMERGENCY_TELEPORT, context=danger_dark_trap_surface}
[21:29:51] [Server thread/WARN]: [AIBot] PERCEPTION event=snapshot_slow bot=Bob {elapsed_ms=13}
[21:29:51] [Server thread/INFO]: [AIBot] ACTION event=diag_snapshot bot=Bob {fall=0.0, held=minecraft:oak_planksx7, task_state=COMPLETED, submerged=false, light=13, step=, in_lava=false, task_phase=ESCAPE, goal=none, task_progress=1.0, task=creeper_defense, mode=survival, air=300, food=17, path_idle=true, inv=minecraft:crafting_tablex1 minecraft:oak_planksx7, nearby=animals=0 hostiles=0, mining_idle=true, hp=2.0/20.0, on_ground=true, pos=18,112,44}
[21:29:52] [Server thread/WARN]: [AIBot] PERCEPTION event=snapshot_slow bot=Bob {elapsed_ms=13}
[21:29:52] [Server thread/INFO]: [AIBot] ACTION event=capability_decision bot=Bob {reason=DENIED_STRICT_SURVIVAL, allowed=false, profile=strict_survival, capability=HIDDEN_BLOCK_SCAN, context=observable_entity_query}
[21:29:52] [Server thread/WARN]: [AIBot] PERCEPTION event=snapshot_slow bot=Bob {elapsed_ms=13}
[21:29:53] [Server thread/WARN]: [AIBot] PERCEPTION event=snapshot_slow bot=Bob {elapsed_ms=12}
[21:29:53] [Server thread/WARN]: [AIBot] PERCEPTION event=snapshot_slow bot=Bob {elapsed_ms=18}
[21:29:53] [Server thread/INFO]: [AIBot] ACTION event=capability_decision bot=Bob {reason=DENIED_STRICT_SURVIVAL, allowed=false, profile=strict_survival, capability=HIDDEN_BLOCK_SCAN, context=diagnostic_nearby}
[21:29:53] [Server thread/INFO]: [AIBot] ACTION event=diag_snapshot bot=Bob {fall=0.0, held=minecraft:oak_planksx7, task_state=COMPLETED, submerged=false, light=13, step=, in_lava=false, task_phase=ESCAPE, goal=none, task_progress=1.0, task=creeper_defense, mode=survival, air=300, food=17, path_idle=true, inv=minecraft:crafting_tablex1 minecraft:oak_planksx7, nearby=animals=0 hostiles=0, mining_idle=true, hp=2.0/20.0, on_ground=true, pos=18,112,44}
[21:29:54] [Server thread/WARN]: [AIBot] PERCEPTION event=snapshot_slow bot=Bob {elapsed_ms=13}
[21:29:54] [Server thread/INFO]: [AIBot] ACTION event=capability_decision bot=Bob {reason=DENIED_STRICT_SURVIVAL, allowed=false, profile=strict_survival, capability=HIDDEN_BLOCK_SCAN, context=observable_block_query}
[21:29:54] [Server thread/INFO]: [AIBot] ACTION event=capability_decision bot=Bob {reason=DENIED_STRICT_SURVIVAL, allowed=false, profile=strict_survival, capability=HIDDEN_BLOCK_SCAN, context=perception_snapshot}
[21:29:54] [Server thread/WARN]: [AIBot] PERCEPTION event=snapshot_slow bot=Bob {elapsed_ms=14}
[21:29:55] [Server thread/WARN]: [AIBot] PERCEPTION event=snapshot_slow bot=Bob {elapsed_ms=23}
[21:29:55] [Server thread/WARN]: [AIBot] PERCEPTION event=snapshot_slow bot=Bob {elapsed_ms=25}
[21:29:55] [Server thread/INFO]: [AIBot] ACTION event=diag_snapshot bot=Bob {fall=0.0, held=minecraft:oak_planksx7, task_state=COMPLETED, submerged=false, light=13, step=, in_lava=false, task_phase=ESCAPE, goal=none, task_progress=1.0, task=creeper_defense, mode=survival, air=300, food=17, path_idle=true, inv=minecraft:crafting_tablex1 minecraft:oak_planksx7, nearby=animals=0 hostiles=0, mining_idle=true, hp=2.0/20.0, on_ground=true, pos=18,112,44}
[21:29:56] [Server thread/WARN]: [AIBot] PERCEPTION event=snapshot_slow bot=Bob {elapsed_ms=18}
[21:29:56] [Server thread/WARN]: [AIBot] PERCEPTION event=snapshot_slow bot=Bob {elapsed_ms=23}
[21:29:57] [Server thread/WARN]: [AIBot] PERCEPTION event=snapshot_slow bot=Bob {elapsed_ms=17}
[21:29:57] [Server thread/INFO]: [AIBot] ACTION event=capability_decision bot=Bob {reason=DENIED_STRICT_SURVIVAL, allowed=false, profile=strict_survival, capability=HIDDEN_BLOCK_SCAN, context=observable_entity_query}
[21:29:57] [Server thread/WARN]: [AIBot] PERCEPTION event=snapshot_slow bot=Bob {elapsed_ms=18}
[21:29:57] [Server thread/INFO]: [AIBot] ACTION event=diag_snapshot bot=Bob {fall=0.0, held=minecraft:oak_planksx7, task_state=COMPLETED, submerged=false, light=13, step=, in_lava=false, task_phase=ESCAPE, goal=none, task_progress=1.0, task=creeper_defense, mode=survival, air=300, food=17, path_idle=true, inv=minecraft:crafting_tablex1 minecraft:oak_planksx7, nearby=animals=0 hostiles=0, mining_idle=true, hp=2.0/20.0, on_ground=true, pos=18,112,44}
[21:29:58] [Server thread/WARN]: [AIBot] PERCEPTION event=snapshot_slow bot=Bob {elapsed_ms=20}
[21:29:58] [Server thread/WARN]: [AIBot] PERCEPTION event=snapshot_slow bot=Bob {elapsed_ms=17}
[21:29:59] [Server thread/WARN]: [AIBot] PERCEPTION event=snapshot_slow bot=Bob {elapsed_ms=26}
[21:29:59] [Server thread/INFO]: [AIBot] ACTION event=capability_decision bot=Bob {reason=DENIED_STRICT_SURVIVAL, allowed=false, profile=strict_survival, capability=EMERGENCY_TELEPORT, context=danger_dark_trap_surface}
[21:29:59] [Server thread/INFO]: [AIBot] ACTION event=capability_decision bot=Bob {reason=DENIED_STRICT_SURVIVAL, allowed=false, profile=strict_survival, capability=HIDDEN_BLOCK_SCAN, context=observable_block_query}
[21:29:59] [Server thread/INFO]: [AIBot] ACTION event=capability_decision bot=Bob {reason=DENIED_STRICT_SURVIVAL, allowed=false, profile=strict_survival, capability=HIDDEN_BLOCK_SCAN, context=perception_snapshot}
[21:29:59] [Server thread/WARN]: [AIBot] PERCEPTION event=snapshot_slow bot=Bob {elapsed_ms=21}
[21:29:59] [Server thread/INFO]: [AIBot] ACTION event=capability_decision bot=Bob {reason=DENIED_STRICT_SURVIVAL, allowed=false, profile=strict_survival, capability=HIDDEN_BLOCK_SCAN, context=diagnostic_nearby}
[21:29:59] [Server thread/INFO]: [AIBot] ACTION event=diag_snapshot bot=Bob {fall=0.0, held=minecraft:oak_planksx7, task_state=COMPLETED, submerged=false, light=13, step=, in_lava=false, task_phase=ESCAPE, goal=none, task_progress=1.0, task=creeper_defense, mode=survival, air=300, food=17, path_idle=true, inv=minecraft:crafting_tablex1 minecraft:oak_planksx7, nearby=animals=0 hostiles=0, mining_idle=true, hp=2.0/20.0, on_ground=true, pos=18,112,44}
[21:30:00] [Server thread/WARN]: [AIBot] PERCEPTION event=snapshot_slow bot=Bob {elapsed_ms=27}
[21:30:00] [Server thread/WARN]: [AIBot] PERCEPTION event=snapshot_slow bot=Bob {elapsed_ms=24}
[21:30:01] [Server thread/WARN]: [AIBot] PERCEPTION event=snapshot_slow bot=Bob {elapsed_ms=24}
[21:30:01] [Server thread/WARN]: [AIBot] PERCEPTION event=snapshot_slow bot=Bob {elapsed_ms=19}
[21:30:01] [Server thread/INFO]: [AIBot] ACTION event=diag_snapshot bot=Bob {fall=0.0, held=minecraft:oak_planksx7, task_state=COMPLETED, submerged=false, light=13, step=, in_lava=false, task_phase=ESCAPE, goal=none, task_progress=1.0, task=creeper_defense, mode=survival, air=300, food=17, path_idle=true, inv=minecraft:crafting_tablex1 minecraft:oak_planksx7, nearby=animals=0 hostiles=0, mining_idle=true, hp=2.0/20.0, on_ground=true, pos=18,112,44}
[21:30:02] [Server thread/WARN]: [AIBot] PERCEPTION event=snapshot_slow bot=Bob {elapsed_ms=21}
[21:30:02] [Server thread/INFO]: [AIBot] ACTION event=capability_decision bot=Bob {reason=DENIED_STRICT_SURVIVAL, allowed=false, profile=strict_survival, capability=HIDDEN_BLOCK_SCAN, context=observable_entity_query}
[21:30:02] [Server thread/WARN]: [AIBot] PERCEPTION event=snapshot_slow bot=Bob {elapsed_ms=28}
[21:30:03] [Server thread/WARN]: [AIBot] PERCEPTION event=snapshot_slow bot=Bob {elapsed_ms=26}
[21:30:03] [Server thread/WARN]: [AIBot] PERCEPTION event=snapshot_slow bot=Bob {elapsed_ms=22}
[21:30:03] [Server thread/INFO]: [AIBot] ACTION event=diag_snapshot bot=Bob {fall=0.0, held=minecraft:oak_planksx7, task_state=COMPLETED, submerged=false, light=13, step=, in_lava=false, task_phase=ESCAPE, goal=none, task_progress=1.0, task=creeper_defense, mode=survival, air=300, food=17, path_idle=true, inv=minecraft:crafting_tablex1 minecraft:oak_planksx7, nearby=animals=0 hostiles=0, mining_idle=true, hp=2.0/20.0, on_ground=true, pos=18,112,44}
[21:30:04] [Server thread/WARN]: [AIBot] PERCEPTION event=snapshot_slow bot=Bob {elapsed_ms=23}
[21:30:04] [Server thread/INFO]: [AIBot] ACTION event=capability_decision bot=Bob {reason=DENIED_STRICT_SURVIVAL, allowed=false, profile=strict_survival, capability=HIDDEN_BLOCK_SCAN, context=observable_block_query}
[21:30:04] [Server thread/INFO]: [AIBot] ACTION event=capability_decision bot=Bob {reason=DENIED_STRICT_SURVIVAL, allowed=false, profile=strict_survival, capability=HIDDEN_BLOCK_SCAN, context=perception_snapshot}
[21:30:04] [Server thread/WARN]: [AIBot] PERCEPTION event=snapshot_slow bot=Bob {elapsed_ms=20}
[21:30:05] [Server thread/WARN]: [AIBot] PERCEPTION event=snapshot_slow bot=Bob {elapsed_ms=22}
[21:30:05] [Server thread/WARN]: [AIBot] PERCEPTION event=snapshot_slow bot=Bob {elapsed_ms=22}
[21:30:05] [Server thread/INFO]: [AIBot] ACTION event=capability_decision bot=Bob {reason=DENIED_STRICT_SURVIVAL, allowed=false, profile=strict_survival, capability=HIDDEN_BLOCK_SCAN, context=diagnostic_nearby}
[21:30:05] [Server thread/INFO]: [AIBot] ACTION event=diag_snapshot bot=Bob {fall=0.0, held=minecraft:oak_planksx7, task_state=COMPLETED, submerged=false, light=13, step=, in_lava=false, task_phase=ESCAPE, goal=none, task_progress=1.0, task=creeper_defense, mode=survival, air=300, food=17, path_idle=true, inv=minecraft:crafting_tablex1 minecraft:oak_planksx7, nearby=animals=0 hostiles=0, mining_idle=true, hp=2.0/20.0, on_ground=true, pos=18,112,44}
[21:30:06] [Server thread/WARN]: [AIBot] PERCEPTION event=snapshot_slow bot=Bob {elapsed_ms=20}
[21:30:06] [Server thread/WARN]: [AIBot] PERCEPTION event=snapshot_slow bot=Bob {elapsed_ms=14}
[21:30:07] [Server thread/WARN]: [AIBot] PERCEPTION event=snapshot_slow bot=Bob {elapsed_ms=20}
[21:30:07] [Server thread/INFO]: [AIBot] ACTION event=capability_decision bot=Bob {reason=DENIED_STRICT_SURVIVAL, allowed=false, profile=strict_survival, capability=EMERGENCY_TELEPORT, context=danger_dark_trap_surface}
[21:30:07] [Server thread/INFO]: [AIBot] ACTION event=capability_decision bot=Bob {reason=DENIED_STRICT_SURVIVAL, allowed=false, profile=strict_survival, capability=HIDDEN_BLOCK_SCAN, context=observable_entity_query}
[21:30:07] [Server thread/WARN]: [AIBot] PERCEPTION event=snapshot_slow bot=Bob {elapsed_ms=24}
[21:30:07] [Server thread/INFO]: [AIBot] ACTION event=diag_snapshot bot=Bob {fall=0.0, held=minecraft:oak_planksx7, task_state=COMPLETED, submerged=false, light=13, step=, in_lava=false, task_phase=ESCAPE, goal=none, task_progress=1.0, task=creeper_defense, mode=survival, air=300, food=17, path_idle=true, inv=minecraft:crafting_tablex1 minecraft:oak_planksx7, nearby=animals=0 hostiles=0, mining_idle=true, hp=2.0/20.0, on_ground=true, pos=18,112,44}
[21:30:08] [Server thread/WARN]: [AIBot] PERCEPTION event=snapshot_slow bot=Bob {elapsed_ms=21}
[21:30:08] [Server thread/WARN]: [AIBot] PERCEPTION event=snapshot_slow bot=Bob {elapsed_ms=18}
[21:30:09] [Server thread/WARN]: [AIBot] PERCEPTION event=snapshot_slow bot=Bob {elapsed_ms=21}
[21:30:09] [Server thread/INFO]: [AIBot] ACTION event=capability_decision bot=Bob {reason=DENIED_STRICT_SURVIVAL, allowed=false, profile=strict_survival, capability=HIDDEN_BLOCK_SCAN, context=observable_block_query}
[21:30:09] [Server thread/INFO]: [AIBot] ACTION event=capability_decision bot=Bob {reason=DENIED_STRICT_SURVIVAL, allowed=false, profile=strict_survival, capability=HIDDEN_BLOCK_SCAN, context=perception_snapshot}
[21:30:09] [Server thread/WARN]: [AIBot] PERCEPTION event=snapshot_slow bot=Bob {elapsed_ms=25}
[21:30:09] [Server thread/INFO]: [AIBot] ACTION event=diag_snapshot bot=Bob {fall=0.0, held=minecraft:oak_planksx7, task_state=COMPLETED, submerged=false, light=13, step=, in_lava=false, task_phase=ESCAPE, goal=none, task_progress=1.0, task=creeper_defense, mode=survival, air=300, food=17, path_idle=true, inv=minecraft:crafting_tablex1 minecraft:oak_planksx7, nearby=animals=0 hostiles=0, mining_idle=true, hp=2.0/20.0, on_ground=true, pos=18,112,44}
[21:30:10] [Server thread/WARN]: [AIBot] PERCEPTION event=snapshot_slow bot=Bob {elapsed_ms=21}
[21:30:10] [Server thread/WARN]: [AIBot] PERCEPTION event=snapshot_slow bot=Bob {elapsed_ms=23}
[21:30:11] [Server thread/WARN]: [AIBot] PERCEPTION event=snapshot_slow bot=Bob {elapsed_ms=23}
[21:30:11] [Server thread/WARN]: [AIBot] PERCEPTION event=snapshot_slow bot=Bob {elapsed_ms=18}
[21:30:11] [Server thread/INFO]: [AIBot] ACTION event=capability_decision bot=Bob {reason=DENIED_STRICT_SURVIVAL, allowed=false, profile=strict_survival, capability=HIDDEN_BLOCK_SCAN, context=diagnostic_nearby}
[21:30:11] [Server thread/INFO]: [AIBot] ACTION event=diag_snapshot bot=Bob {fall=0.0, held=minecraft:oak_planksx7, task_state=COMPLETED, submerged=false, light=13, step=, in_lava=false, task_phase=ESCAPE, goal=none, task_progress=1.0, task=creeper_defense, mode=survival, air=300, food=17, path_idle=true, inv=minecraft:crafting_tablex1 minecraft:oak_planksx7, nearby=animals=0 hostiles=0, mining_idle=true, hp=2.0/20.0, on_ground=true, pos=18,112,44}
[21:30:12] [Server thread/WARN]: [AIBot] PERCEPTION event=snapshot_slow bot=Bob {elapsed_ms=18}
[21:30:12] [Server thread/INFO]: [AIBot] ACTION event=capability_decision bot=Bob {reason=DENIED_STRICT_SURVIVAL, allowed=false, profile=strict_survival, capability=HIDDEN_BLOCK_SCAN, context=observable_entity_query}
[21:30:12] [Server thread/WARN]: [AIBot] PERCEPTION event=snapshot_slow bot=Bob {elapsed_ms=26}
[21:30:13] [Server thread/WARN]: [AIBot] PERCEPTION event=snapshot_slow bot=Bob {elapsed_ms=23}
[21:30:13] [Server thread/WARN]: [AIBot] PERCEPTION event=snapshot_slow bot=Bob {elapsed_ms=16}
[21:30:13] [Server thread/INFO]: [AIBot] ACTION event=diag_snapshot bot=Bob {fall=0.0, held=minecraft:oak_planksx7, task_state=COMPLETED, submerged=false, light=13, step=, in_lava=false, task_phase=ESCAPE, goal=none, task_progress=1.0, task=creeper_defense, mode=survival, air=300, food=17, path_idle=true, inv=minecraft:crafting_tablex1 minecraft:oak_planksx7, nearby=animals=0 hostiles=0, mining_idle=true, hp=2.0/20.0, on_ground=true, pos=18,112,44}
[21:30:14] [Server thread/WARN]: [AIBot] PERCEPTION event=snapshot_slow bot=Bob {elapsed_ms=19}
[21:30:14] [Server thread/INFO]: [AIBot] ACTION event=capability_decision bot=Bob {reason=DENIED_STRICT_SURVIVAL, allowed=false, profile=strict_survival, capability=HIDDEN_BLOCK_SCAN, context=observable_block_query}
[21:30:14] [Server thread/INFO]: [AIBot] ACTION event=capability_decision bot=Bob {reason=DENIED_STRICT_SURVIVAL, allowed=false, profile=strict_survival, capability=HIDDEN_BLOCK_SCAN, context=perception_snapshot}
[21:30:14] [Server thread/WARN]: [AIBot] PERCEPTION event=snapshot_slow bot=Bob {elapsed_ms=21}
[21:30:15] [Server thread/WARN]: [AIBot] PERCEPTION event=snapshot_slow bot=Bob {elapsed_ms=24}
[21:30:15] [Server thread/INFO]: [AIBot] ACTION event=capability_decision bot=Bob {reason=DENIED_STRICT_SURVIVAL, allowed=false, profile=strict_survival, capability=EMERGENCY_TELEPORT, context=danger_dark_trap_surface}
[21:30:15] [Server thread/WARN]: [AIBot] PERCEPTION event=snapshot_slow bot=Bob {elapsed_ms=25}
[21:30:15] [Server thread/INFO]: [AIBot] ACTION event=diag_snapshot bot=Bob {fall=0.0, held=minecraft:oak_planksx7, task_state=COMPLETED, submerged=false, light=13, step=, in_lava=false, task_phase=ESCAPE, goal=none, task_progress=1.0, task=creeper_defense, mode=survival, air=300, food=17, path_idle=true, inv=minecraft:crafting_tablex1 minecraft:oak_planksx7, nearby=animals=0 hostiles=0, mining_idle=true, hp=2.0/20.0, on_ground=true, pos=18,112,44}
[21:30:16] [Server thread/WARN]: [AIBot] PERCEPTION event=snapshot_slow bot=Bob {elapsed_ms=25}
[21:30:16] [Server thread/WARN]: [AIBot] PERCEPTION event=snapshot_slow bot=Bob {elapsed_ms=21}
[21:30:17] [Server thread/WARN]: [AIBot] PERCEPTION event=snapshot_slow bot=Bob {elapsed_ms=20}
[21:30:17] [Server thread/INFO]: [AIBot] ACTION event=capability_decision bot=Bob {reason=DENIED_STRICT_SURVIVAL, allowed=false, profile=strict_survival, capability=HIDDEN_BLOCK_SCAN, context=observable_entity_query}
[21:30:17] [Server thread/WARN]: [AIBot] PERCEPTION event=snapshot_slow bot=Bob {elapsed_ms=25}
[21:30:17] [Server thread/INFO]: [AIBot] ACTION event=capability_decision bot=Bob {reason=DENIED_STRICT_SURVIVAL, allowed=false, profile=strict_survival, capability=HIDDEN_BLOCK_SCAN, context=diagnostic_nearby}
[21:30:17] [Server thread/INFO]: [AIBot] ACTION event=diag_snapshot bot=Bob {fall=0.0, held=minecraft:oak_planksx7, task_state=COMPLETED, submerged=false, light=13, step=, in_lava=false, task_phase=ESCAPE, goal=none, task_progress=1.0, task=creeper_defense, mode=survival, air=300, food=17, path_idle=true, inv=minecraft:crafting_tablex1 minecraft:oak_planksx7, nearby=animals=0 hostiles=0, mining_idle=true, hp=2.0/20.0, on_ground=true, pos=18,112,44}
[21:30:18] [Server thread/WARN]: [AIBot] PERCEPTION event=snapshot_slow bot=Bob {elapsed_ms=23}
[21:30:18] [Server thread/WARN]: [AIBot] PERCEPTION event=snapshot_slow bot=Bob {elapsed_ms=16}
[21:30:19] [Server thread/WARN]: [AIBot] PERCEPTION event=snapshot_slow bot=Bob {elapsed_ms=17}
[21:30:19] [Server thread/INFO]: [AIBot] ACTION event=capability_decision bot=Bob {reason=DENIED_STRICT_SURVIVAL, allowed=false, profile=strict_survival, capability=HIDDEN_BLOCK_SCAN, context=observable_block_query}
[21:30:19] [Server thread/INFO]: [AIBot] ACTION event=capability_decision bot=Bob {reason=DENIED_STRICT_SURVIVAL, allowed=false, profile=strict_survival, capability=HIDDEN_BLOCK_SCAN, context=perception_snapshot}
[21:30:19] [Server thread/WARN]: [AIBot] PERCEPTION event=snapshot_slow bot=Bob {elapsed_ms=13}
[21:30:19] [Server thread/INFO]: [AIBot] ACTION event=diag_snapshot bot=Bob {fall=0.0, held=minecraft:oak_planksx7, task_state=COMPLETED, submerged=false, light=13, step=, in_lava=false, task_phase=ESCAPE, goal=none, task_progress=1.0, task=creeper_defense, mode=survival, air=300, food=17, path_idle=true, inv=minecraft:crafting_tablex1 minecraft:oak_planksx7, nearby=animals=1(cat@15) hostiles=0, mining_idle=true, hp=2.0/20.0, on_ground=true, pos=18,112,44}
[21:30:20] [Server thread/WARN]: [AIBot] PERCEPTION event=snapshot_slow bot=Bob {elapsed_ms=12}
[21:30:20] [Server thread/WARN]: [AIBot] PERCEPTION event=snapshot_slow bot=Bob {elapsed_ms=11}
[21:30:21] [Server thread/WARN]: [AIBot] PERCEPTION event=snapshot_slow bot=Bob {elapsed_ms=11}
[21:30:21] [Server thread/WARN]: [AIBot] PERCEPTION event=snapshot_slow bot=Bob {elapsed_ms=14}
[21:30:21] [Server thread/INFO]: [AIBot] ACTION event=diag_snapshot bot=Bob {fall=0.0, held=minecraft:oak_planksx7, task_state=COMPLETED, submerged=false, light=13, step=, in_lava=false, task_phase=ESCAPE, goal=none, task_progress=1.0, task=creeper_defense, mode=survival, air=300, food=17, path_idle=true, inv=minecraft:crafting_tablex1 minecraft:oak_planksx7, nearby=animals=0 hostiles=0, mining_idle=true, hp=2.0/20.0, on_ground=true, pos=18,112,44}
[21:30:22] [Server thread/WARN]: [AIBot] PERCEPTION event=snapshot_slow bot=Bob {elapsed_ms=15}
[21:30:22] [Server thread/WARN]: [AIBot] PERCEPTION event=snapshot_slow bot=Bob {elapsed_ms=11}
[21:30:23] [Server thread/WARN]: [AIBot] PERCEPTION event=snapshot_slow bot=Bob {elapsed_ms=12}
[21:30:23] [Server thread/INFO]: [AIBot] ACTION event=capability_decision bot=Bob {reason=DENIED_STRICT_SURVIVAL, allowed=false, profile=strict_survival, capability=EMERGENCY_TELEPORT, context=danger_dark_trap_surface}
[21:30:23] [Server thread/INFO]: [AIBot] ACTION event=capability_decision bot=Bob {reason=DENIED_STRICT_SURVIVAL, allowed=false, profile=strict_survival, capability=HIDDEN_BLOCK_SCAN, context=diagnostic_nearby}
[21:30:23] [Server thread/INFO]: [AIBot] ACTION event=capability_decision bot=Bob {reason=DENIED_STRICT_SURVIVAL, allowed=false, profile=strict_survival, capability=HIDDEN_BLOCK_SCAN, context=observable_entity_query}
[21:30:23] [Server thread/INFO]: [AIBot] ACTION event=diag_snapshot bot=Bob {fall=0.0, held=minecraft:oak_planksx7, task_state=COMPLETED, submerged=false, light=13, step=, in_lava=false, task_phase=ESCAPE, goal=none, task_progress=1.0, task=creeper_defense, mode=survival, air=300, food=17, path_idle=true, inv=minecraft:crafting_tablex1 minecraft:oak_planksx7, nearby=animals=0 hostiles=0, mining_idle=true, hp=2.0/20.0, on_ground=true, pos=18,112,44}
[21:30:24] [Server thread/INFO]: [AIBot] ACTION event=capability_decision bot=Bob {reason=DENIED_STRICT_SURVIVAL, allowed=false, profile=strict_survival, capability=HIDDEN_BLOCK_SCAN, context=observable_block_query}
[21:30:24] [Server thread/INFO]: [AIBot] ACTION event=capability_decision bot=Bob {reason=DENIED_STRICT_SURVIVAL, allowed=false, profile=strict_survival, capability=HIDDEN_BLOCK_SCAN, context=perception_snapshot}
[21:30:24] [Server thread/WARN]: [AIBot] PERCEPTION event=snapshot_slow bot=Bob {elapsed_ms=12}
[21:30:25] [Server thread/WARN]: [AIBot] PERCEPTION event=snapshot_slow bot=Bob {elapsed_ms=11}
[21:30:25] [Server thread/WARN]: [AIBot] PERCEPTION event=snapshot_slow bot=Bob {elapsed_ms=12}
[21:30:25] [Server thread/INFO]: [AIBot] ACTION event=diag_snapshot bot=Bob {fall=0.0, held=minecraft:oak_planksx7, task_state=COMPLETED, submerged=false, light=13, step=, in_lava=false, task_phase=ESCAPE, goal=none, task_progress=1.0, task=creeper_defense, mode=survival, air=300, food=17, path_idle=true, inv=minecraft:crafting_tablex1 minecraft:oak_planksx7, nearby=animals=0 hostiles=0, mining_idle=true, hp=2.0/20.0, on_ground=true, pos=18,112,44}
[21:30:26] [Server thread/WARN]: [AIBot] PERCEPTION event=snapshot_slow bot=Bob {elapsed_ms=12}
[21:30:27] [Server thread/WARN]: [AIBot] PERCEPTION event=snapshot_slow bot=Bob {elapsed_ms=12}
[21:30:27] [Server thread/INFO]: [AIBot] ACTION event=diag_snapshot bot=Bob {fall=0.0, held=minecraft:oak_planksx7, task_state=COMPLETED, submerged=false, light=13, step=, in_lava=false, task_phase=ESCAPE, goal=none, task_progress=1.0, task=creeper_defense, mode=survival, air=300, food=17, path_idle=true, inv=minecraft:crafting_tablex1 minecraft:oak_planksx7, nearby=animals=0 hostiles=0, mining_idle=true, hp=2.0/20.0, on_ground=true, pos=18,112,44}
[21:30:28] [Server thread/WARN]: [AIBot] PERCEPTION event=snapshot_slow bot=Bob {elapsed_ms=12}
[21:30:29] [Server thread/WARN]: [AIBot] PERCEPTION event=snapshot_slow bot=Bob {elapsed_ms=17}
[21:30:29] [Server thread/INFO]: [AIBot] ACTION event=capability_decision bot=Bob {reason=DENIED_STRICT_SURVIVAL, allowed=false, profile=strict_survival, capability=HIDDEN_BLOCK_SCAN, context=observable_block_query}
[21:30:29] [Server thread/INFO]: [AIBot] ACTION event=capability_decision bot=Bob {reason=DENIED_STRICT_SURVIVAL, allowed=false, profile=strict_survival, capability=HIDDEN_BLOCK_SCAN, context=perception_snapshot}
[21:30:29] [Server thread/WARN]: [AIBot] PERCEPTION event=snapshot_slow bot=Bob {elapsed_ms=13}
[21:30:29] [Server thread/INFO]: [AIBot] ACTION event=capability_decision bot=Bob {reason=DENIED_STRICT_SURVIVAL, allowed=false, profile=strict_survival, capability=HIDDEN_BLOCK_SCAN, context=diagnostic_nearby}
[21:30:29] [Server thread/INFO]: [AIBot] ACTION event=diag_snapshot bot=Bob {fall=0.0, held=minecraft:oak_planksx7, task_state=COMPLETED, submerged=false, light=13, step=, in_lava=false, task_phase=ESCAPE, goal=none, task_progress=1.0, task=creeper_defense, mode=survival, air=300, food=17, path_idle=true, inv=minecraft:crafting_tablex1 minecraft:oak_planksx7, nearby=animals=0 hostiles=0, mining_idle=true, hp=2.0/20.0, on_ground=true, pos=18,112,44}
[21:30:30] [Server thread/WARN]: [AIBot] PERCEPTION event=snapshot_slow bot=Bob {elapsed_ms=16}
[21:30:30] [Server thread/WARN]: [AIBot] PERCEPTION event=snapshot_slow bot=Bob {elapsed_ms=16}
[21:30:31] [Server thread/WARN]: [AIBot] PERCEPTION event=snapshot_slow bot=Bob {elapsed_ms=12}
[21:30:31] [Server thread/INFO]: [AIBot] ACTION event=capability_decision bot=Bob {reason=DENIED_STRICT_SURVIVAL, allowed=false, profile=strict_survival, capability=EMERGENCY_TELEPORT, context=danger_dark_trap_surface}
[21:30:31] [Server thread/WARN]: [AIBot] PERCEPTION event=snapshot_slow bot=Bob {elapsed_ms=11}
[21:30:31] [Server thread/INFO]: [AIBot] ACTION event=diag_snapshot bot=Bob {fall=0.0, held=minecraft:oak_planksx7, task_state=COMPLETED, submerged=false, light=13, step=, in_lava=false, task_phase=ESCAPE, goal=none, task_progress=1.0, task=creeper_defense, mode=survival, air=300, food=17, path_idle=true, inv=minecraft:crafting_tablex1 minecraft:oak_planksx7, nearby=animals=0 hostiles=0, mining_idle=true, hp=2.0/20.0, on_ground=true, pos=18,112,44}
[21:30:32] [Server thread/WARN]: [AIBot] PERCEPTION event=snapshot_slow bot=Bob {elapsed_ms=11}
[21:30:33] [Server thread/WARN]: [AIBot] PERCEPTION event=snapshot_slow bot=Bob {elapsed_ms=11}
[21:30:33] [Server thread/WARN]: [AIBot] PERCEPTION event=snapshot_slow bot=Bob {elapsed_ms=12}
[21:30:33] [Server thread/INFO]: [AIBot] ACTION event=diag_snapshot bot=Bob {fall=0.0, held=minecraft:oak_planksx7, task_state=COMPLETED, submerged=false, light=13, step=, in_lava=false, task_phase=ESCAPE, goal=none, task_progress=1.0, task=creeper_defense, mode=survival, air=300, food=17, path_idle=true, inv=minecraft:crafting_tablex1 minecraft:oak_planksx7, nearby=animals=0 hostiles=0, mining_idle=true, hp=2.0/20.0, on_ground=true, pos=18,112,44}
[21:30:34] [Server thread/WARN]: [AIBot] PERCEPTION event=snapshot_slow bot=Bob {elapsed_ms=17}
[21:30:34] [Server thread/INFO]: [AIBot] ACTION event=capability_decision bot=Bob {reason=DENIED_STRICT_SURVIVAL, allowed=false, profile=strict_survival, capability=HIDDEN_BLOCK_SCAN, context=observable_block_query}
[21:30:34] [Server thread/INFO]: [AIBot] ACTION event=capability_decision bot=Bob {reason=DENIED_STRICT_SURVIVAL, allowed=false, profile=strict_survival, capability=HIDDEN_BLOCK_SCAN, context=perception_snapshot}
[21:30:34] [Server thread/WARN]: [AIBot] PERCEPTION event=snapshot_slow bot=Bob {elapsed_ms=13}
[21:30:35] [Server thread/WARN]: [AIBot] PERCEPTION event=snapshot_slow bot=Bob {elapsed_ms=11}
[21:30:35] [Server thread/INFO]: [AIBot] ACTION event=capability_decision bot=Bob {reason=DENIED_STRICT_SURVIVAL, allowed=false, profile=strict_survival, capability=HIDDEN_BLOCK_SCAN, context=diagnostic_nearby}
[21:30:35] [Server thread/INFO]: [AIBot] ACTION event=diag_snapshot bot=Bob {fall=0.0, held=minecraft:oak_planksx7, task_state=COMPLETED, submerged=false, light=13, step=, in_lava=false, task_phase=ESCAPE, goal=none, task_progress=1.0, task=creeper_defense, mode=survival, air=300, food=17, path_idle=true, inv=minecraft:crafting_tablex1 minecraft:oak_planksx7, nearby=animals=0 hostiles=0, mining_idle=true, hp=2.0/20.0, on_ground=true, pos=18,112,44}
[21:30:36] [Server thread/WARN]: [AIBot] PERCEPTION event=snapshot_slow bot=Bob {elapsed_ms=12}
[21:30:36] [Server thread/WARN]: [AIBot] PERCEPTION event=snapshot_slow bot=Bob {elapsed_ms=12}
[21:30:37] [Server thread/WARN]: [AIBot] PERCEPTION event=snapshot_slow bot=Bob {elapsed_ms=11}
[21:30:37] [Server thread/INFO]: [AIBot] ACTION event=diag_snapshot bot=Bob {fall=0.0, held=minecraft:oak_planksx7, task_state=COMPLETED, submerged=false, light=13, step=, in_lava=false, task_phase=ESCAPE, goal=none, task_progress=1.0, task=creeper_defense, mode=survival, air=300, food=17, path_idle=true, inv=minecraft:crafting_tablex1 minecraft:oak_planksx7, nearby=animals=0 hostiles=0, mining_idle=true, hp=2.0/20.0, on_ground=true, pos=18,112,44}
[21:30:38] [Server thread/WARN]: [AIBot] PERCEPTION event=snapshot_slow bot=Bob {elapsed_ms=11}
[21:30:39] [Server thread/WARN]: [AIBot] PERCEPTION event=snapshot_slow bot=Bob {elapsed_ms=13}
[21:30:39] [Server thread/INFO]: [AIBot] ACTION event=capability_decision bot=Bob {reason=DENIED_STRICT_SURVIVAL, allowed=false, profile=strict_survival, capability=EMERGENCY_TELEPORT, context=danger_dark_trap_surface}
[21:30:39] [Server thread/INFO]: [AIBot] LIFECYCLE event=mixin_alive bot=- {server_tick=2400}
[21:30:39] [Server thread/INFO]: [AIBot] ACTION event=capability_decision bot=Bob {reason=DENIED_STRICT_SURVIVAL, allowed=false, profile=strict_survival, capability=HIDDEN_BLOCK_SCAN, context=observable_block_query}
[21:30:39] [Server thread/INFO]: [AIBot] ACTION event=capability_decision bot=Bob {reason=DENIED_STRICT_SURVIVAL, allowed=false, profile=strict_survival, capability=HIDDEN_BLOCK_SCAN, context=perception_snapshot}
[21:30:39] [Server thread/WARN]: [AIBot] PERCEPTION event=snapshot_slow bot=Bob {elapsed_ms=15}
[21:30:39] [Server thread/INFO]: [AIBot] ACTION event=diag_snapshot bot=Bob {fall=0.0, held=minecraft:oak_planksx7, task_state=COMPLETED, submerged=false, light=13, step=, in_lava=false, task_phase=ESCAPE, goal=none, task_progress=1.0, task=creeper_defense, mode=survival, air=300, food=17, path_idle=true, inv=minecraft:crafting_tablex1 minecraft:oak_planksx7, nearby=animals=0 hostiles=0, mining_idle=true, hp=2.0/20.0, on_ground=true, pos=18,112,44}
[21:30:40] [Server thread/WARN]: [AIBot] PERCEPTION event=snapshot_slow bot=Bob {elapsed_ms=12}
[21:30:40] [Server thread/WARN]: [AIBot] PERCEPTION event=snapshot_slow bot=Bob {elapsed_ms=14}
[21:30:41] [Server thread/WARN]: [AIBot] PERCEPTION event=snapshot_slow bot=Bob {elapsed_ms=12}
[21:30:41] [Server thread/WARN]: [AIBot] PERCEPTION event=snapshot_slow bot=Bob {elapsed_ms=17}
[21:30:41] [Server thread/INFO]: [AIBot] ACTION event=capability_decision bot=Bob {reason=DENIED_STRICT_SURVIVAL, allowed=false, profile=strict_survival, capability=HIDDEN_BLOCK_SCAN, context=diagnostic_nearby}
[21:30:41] [Server thread/INFO]: [AIBot] ACTION event=capability_decision bot=Bob {reason=DENIED_STRICT_SURVIVAL, allowed=false, profile=strict_survival, capability=HIDDEN_BLOCK_SCAN, context=observable_entity_query}
[21:30:41] [Server thread/INFO]: [AIBot] ACTION event=diag_snapshot bot=Bob {fall=0.0, held=minecraft:oak_planksx7, task_state=COMPLETED, submerged=false, light=13, step=, in_lava=false, task_phase=ESCAPE, goal=none, task_progress=1.0, task=creeper_defense, mode=survival, air=300, food=17, path_idle=true, inv=minecraft:crafting_tablex1 minecraft:oak_planksx7, nearby=animals=0 hostiles=0, mining_idle=true, hp=2.0/20.0, on_ground=true, pos=18,112,44}
[21:30:42] [Server thread/WARN]: [AIBot] PERCEPTION event=snapshot_slow bot=Bob {elapsed_ms=14}
[21:30:42] [Server thread/WARN]: [AIBot] PERCEPTION event=snapshot_slow bot=Bob {elapsed_ms=11}
[21:30:43] [Server thread/WARN]: [AIBot] PERCEPTION event=snapshot_slow bot=Bob {elapsed_ms=13}
[21:30:43] [Server thread/WARN]: [AIBot] PERCEPTION event=snapshot_slow bot=Bob {elapsed_ms=13}
[21:30:43] [Server thread/INFO]: [AIBot] ACTION event=diag_snapshot bot=Bob {fall=0.0, held=minecraft:oak_planksx7, task_state=COMPLETED, submerged=false, light=13, step=, in_lava=false, task_phase=ESCAPE, goal=none, task_progress=1.0, task=creeper_defense, mode=survival, air=300, food=17, path_idle=true, inv=minecraft:crafting_tablex1 minecraft:oak_planksx7, nearby=animals=0 hostiles=0, mining_idle=true, hp=2.0/20.0, on_ground=true, pos=18,112,44}
[21:30:44] [Server thread/WARN]: [AIBot] PERCEPTION event=snapshot_slow bot=Bob {elapsed_ms=12}
[21:30:44] [Server thread/INFO]: [AIBot] ACTION event=capability_decision bot=Bob {reason=DENIED_STRICT_SURVIVAL, allowed=false, profile=strict_survival, capability=HIDDEN_BLOCK_SCAN, context=observable_block_query}
[21:30:44] [Server thread/INFO]: [AIBot] ACTION event=capability_decision bot=Bob {reason=DENIED_STRICT_SURVIVAL, allowed=false, profile=strict_survival, capability=HIDDEN_BLOCK_SCAN, context=perception_snapshot}
[21:30:44] [Server thread/WARN]: [AIBot] PERCEPTION event=snapshot_slow bot=Bob {elapsed_ms=14}
[21:30:45] [Server thread/WARN]: [AIBot] PERCEPTION event=snapshot_slow bot=Bob {elapsed_ms=16}
[21:30:45] [Server thread/WARN]: [AIBot] PERCEPTION event=snapshot_slow bot=Bob {elapsed_ms=12}
[21:30:45] [Server thread/INFO]: [AIBot] ACTION event=diag_snapshot bot=Bob {fall=0.0, held=minecraft:oak_planksx7, task_state=COMPLETED, submerged=false, light=13, step=, in_lava=false, task_phase=ESCAPE, goal=none, task_progress=1.0, task=creeper_defense, mode=survival, air=300, food=17, path_idle=true, inv=minecraft:crafting_tablex1 minecraft:oak_planksx7, nearby=animals=0 hostiles=0, mining_idle=true, hp=2.0/20.0, on_ground=true, pos=18,112,44}
[21:30:46] [Server thread/WARN]: [AIBot] PERCEPTION event=snapshot_slow bot=Bob {elapsed_ms=15}
[21:30:46] [Server thread/INFO]: [AIBot] ACTION event=capability_decision bot=Bob {reason=DENIED_STRICT_SURVIVAL, allowed=false, profile=strict_survival, capability=HIDDEN_BLOCK_SCAN, context=observable_entity_query}
[21:30:46] [Server thread/WARN]: [AIBot] PERCEPTION event=snapshot_slow bot=Bob {elapsed_ms=11}
[21:30:47] [Server thread/WARN]: [AIBot] PERCEPTION event=snapshot_slow bot=Bob {elapsed_ms=11}
[21:30:47] [Server thread/INFO]: [AIBot] ACTION event=capability_decision bot=Bob {reason=DENIED_STRICT_SURVIVAL, allowed=false, profile=strict_survival, capability=EMERGENCY_TELEPORT, context=danger_dark_trap_surface}
[21:30:47] [Server thread/WARN]: [AIBot] PERCEPTION event=snapshot_slow bot=Bob {elapsed_ms=12}
[21:30:47] [Server thread/INFO]: [AIBot] ACTION event=capability_decision bot=Bob {reason=DENIED_STRICT_SURVIVAL, allowed=false, profile=strict_survival, capability=HIDDEN_BLOCK_SCAN, context=diagnostic_nearby}
[21:30:47] [Server thread/INFO]: [AIBot] ACTION event=diag_snapshot bot=Bob {fall=0.0, held=minecraft:oak_planksx7, task_state=COMPLETED, submerged=false, light=13, step=, in_lava=false, task_phase=ESCAPE, goal=none, task_progress=1.0, task=creeper_defense, mode=survival, air=300, food=17, path_idle=true, inv=minecraft:crafting_tablex1 minecraft:oak_planksx7, nearby=animals=0 hostiles=0, mining_idle=true, hp=2.0/20.0, on_ground=true, pos=18,112,44}
[21:30:48] [Server thread/WARN]: [AIBot] PERCEPTION event=snapshot_slow bot=Bob {elapsed_ms=12}
[21:30:49] [Server thread/WARN]: [AIBot] PERCEPTION event=snapshot_slow bot=Bob {elapsed_ms=11}
[21:30:49] [Server thread/INFO]: [AIBot] ACTION event=capability_decision bot=Bob {reason=DENIED_STRICT_SURVIVAL, allowed=false, profile=strict_survival, capability=HIDDEN_BLOCK_SCAN, context=observable_block_query}
[21:30:49] [Server thread/INFO]: [AIBot] ACTION event=capability_decision bot=Bob {reason=DENIED_STRICT_SURVIVAL, allowed=false, profile=strict_survival, capability=HIDDEN_BLOCK_SCAN, context=perception_snapshot}
[21:30:49] [Server thread/WARN]: [AIBot] PERCEPTION event=snapshot_slow bot=Bob {elapsed_ms=12}
[21:30:49] [Server thread/INFO]: [AIBot] ACTION event=diag_snapshot bot=Bob {fall=0.0, held=minecraft:oak_planksx7, task_state=COMPLETED, submerged=false, light=13, step=, in_lava=false, task_phase=ESCAPE, goal=none, task_progress=1.0, task=creeper_defense, mode=survival, air=300, food=17, path_idle=true, inv=minecraft:crafting_tablex1 minecraft:oak_planksx7, nearby=animals=0 hostiles=0, mining_idle=true, hp=2.0/20.0, on_ground=true, pos=18,112,44}
[21:30:50] [Server thread/WARN]: [AIBot] PERCEPTION event=snapshot_slow bot=Bob {elapsed_ms=11}
[21:30:51] [Server thread/WARN]: [AIBot] PERCEPTION event=snapshot_slow bot=Bob {elapsed_ms=17}
[21:30:51] [Server thread/WARN]: [AIBot] PERCEPTION event=snapshot_slow bot=Bob {elapsed_ms=11}
[21:30:51] [Server thread/INFO]: [AIBot] ACTION event=capability_decision bot=Bob {reason=DENIED_STRICT_SURVIVAL, allowed=false, profile=strict_survival, capability=HIDDEN_BLOCK_SCAN, context=observable_entity_query}
[21:30:51] [Server thread/INFO]: [AIBot] ACTION event=diag_snapshot bot=Bob {fall=0.0, held=minecraft:oak_planksx7, task_state=COMPLETED, submerged=false, light=13, step=, in_lava=false, task_phase=ESCAPE, goal=none, task_progress=1.0, task=creeper_defense, mode=survival, air=300, food=17, path_idle=true, inv=minecraft:crafting_tablex1 minecraft:oak_planksx7, nearby=animals=0 hostiles=0, mining_idle=true, hp=2.0/20.0, on_ground=true, pos=18,112,44}
[21:30:52] [Server thread/WARN]: [AIBot] PERCEPTION event=snapshot_slow bot=Bob {elapsed_ms=11}
[21:30:53] [Server thread/WARN]: [AIBot] PERCEPTION event=snapshot_slow bot=Bob {elapsed_ms=13}
[21:30:53] [Server thread/WARN]: [AIBot] PERCEPTION event=snapshot_slow bot=Bob {elapsed_ms=12}
[21:30:53] [Server thread/INFO]: [AIBot] ACTION event=capability_decision bot=Bob {reason=DENIED_STRICT_SURVIVAL, allowed=false, profile=strict_survival, capability=HIDDEN_BLOCK_SCAN, context=diagnostic_nearby}
[21:30:53] [Server thread/INFO]: [AIBot] ACTION event=diag_snapshot bot=Bob {fall=0.0, held=minecraft:oak_planksx7, task_state=COMPLETED, submerged=false, light=13, step=, in_lava=false, task_phase=ESCAPE, goal=none, task_progress=1.0, task=creeper_defense, mode=survival, air=300, food=17, path_idle=true, inv=minecraft:crafting_tablex1 minecraft:oak_planksx7, nearby=animals=0 hostiles=0, mining_idle=true, hp=2.0/20.0, on_ground=true, pos=18,112,44}
[21:30:54] [Server thread/WARN]: [AIBot] PERCEPTION event=snapshot_slow bot=Bob {elapsed_ms=11}
[21:30:54] [Server thread/INFO]: [AIBot] ACTION event=capability_decision bot=Bob {reason=DENIED_STRICT_SURVIVAL, allowed=false, profile=strict_survival, capability=HIDDEN_BLOCK_SCAN, context=observable_block_query}
[21:30:54] [Server thread/INFO]: [AIBot] ACTION event=capability_decision bot=Bob {reason=DENIED_STRICT_SURVIVAL, allowed=false, profile=strict_survival, capability=HIDDEN_BLOCK_SCAN, context=perception_snapshot}
[21:30:54] [Server thread/WARN]: [AIBot] PERCEPTION event=snapshot_slow bot=Bob {elapsed_ms=12}
[21:30:55] [Server thread/WARN]: [AIBot] PERCEPTION event=snapshot_slow bot=Bob {elapsed_ms=11}
[21:30:55] [Server thread/INFO]: [AIBot] ACTION event=capability_decision bot=Bob {reason=DENIED_STRICT_SURVIVAL, allowed=false, profile=strict_survival, capability=EMERGENCY_TELEPORT, context=danger_dark_trap_surface}
[21:30:55] [Server thread/WARN]: [AIBot] PERCEPTION event=snapshot_slow bot=Bob {elapsed_ms=11}
[21:30:55] [Server thread/INFO]: [AIBot] ACTION event=diag_snapshot bot=Bob {fall=0.0, held=minecraft:oak_planksx7, task_state=COMPLETED, submerged=false, light=13, step=, in_lava=false, task_phase=ESCAPE, goal=none, task_progress=1.0, task=creeper_defense, mode=survival, air=300, food=17, path_idle=true, inv=minecraft:crafting_tablex1 minecraft:oak_planksx7, nearby=animals=0 hostiles=0, mining_idle=true, hp=2.0/20.0, on_ground=true, pos=18,112,44}
[21:30:56] [Server thread/WARN]: [AIBot] PERCEPTION event=snapshot_slow bot=Bob {elapsed_ms=11}
[21:30:56] [Server thread/WARN]: [AIBot] PERCEPTION event=snapshot_slow bot=Bob {elapsed_ms=12}
[21:30:57] [Server thread/WARN]: [AIBot] PERCEPTION event=snapshot_slow bot=Bob {elapsed_ms=11}
[21:30:57] [Server thread/INFO]: [AIBot] ACTION event=capability_decision bot=Bob {reason=DENIED_STRICT_SURVIVAL, allowed=false, profile=strict_survival, capability=HIDDEN_BLOCK_SCAN, context=observable_entity_query}
[21:30:57] [Server thread/INFO]: [AIBot] ACTION event=diag_snapshot bot=Bob {fall=0.0, held=minecraft:oak_planksx7, task_state=COMPLETED, submerged=false, light=13, step=, in_lava=false, task_phase=ESCAPE, goal=none, task_progress=1.0, task=creeper_defense, mode=survival, air=300, food=17, path_idle=true, inv=minecraft:crafting_tablex1 minecraft:oak_planksx7, nearby=animals=0 hostiles=0, mining_idle=true, hp=2.0/20.0, on_ground=true, pos=18,112,44}
[21:30:58] [Server thread/WARN]: [AIBot] PERCEPTION event=snapshot_slow bot=Bob {elapsed_ms=13}
[21:30:59] [Server thread/WARN]: [AIBot] PERCEPTION event=snapshot_slow bot=Bob {elapsed_ms=12}
[21:30:59] [Server thread/INFO]: [AIBot] ACTION event=capability_decision bot=Bob {reason=DENIED_STRICT_SURVIVAL, allowed=false, profile=strict_survival, capability=HIDDEN_BLOCK_SCAN, context=observable_block_query}
[21:30:59] [Server thread/INFO]: [AIBot] ACTION event=capability_decision bot=Bob {reason=DENIED_STRICT_SURVIVAL, allowed=false, profile=strict_survival, capability=HIDDEN_BLOCK_SCAN, context=perception_snapshot}
[21:30:59] [Server thread/WARN]: [AIBot] PERCEPTION event=snapshot_slow bot=Bob {elapsed_ms=24}
[21:30:59] [Server thread/INFO]: [AIBot] ACTION event=capability_decision bot=Bob {reason=DENIED_STRICT_SURVIVAL, allowed=false, profile=strict_survival, capability=HIDDEN_BLOCK_SCAN, context=diagnostic_nearby}
[21:30:59] [Server thread/INFO]: [AIBot] ACTION event=diag_snapshot bot=Bob {fall=0.0, held=minecraft:oak_planksx7, task_state=COMPLETED, submerged=false, light=13, step=, in_lava=false, task_phase=ESCAPE, goal=none, task_progress=1.0, task=creeper_defense, mode=survival, air=300, food=17, path_idle=true, inv=minecraft:crafting_tablex1 minecraft:oak_planksx7, nearby=animals=0 hostiles=0, mining_idle=true, hp=2.0/20.0, on_ground=true, pos=18,112,44}
[21:31:00] [Server thread/WARN]: [AIBot] PERCEPTION event=snapshot_slow bot=Bob {elapsed_ms=11}
[21:31:00] [Server thread/WARN]: [AIBot] PERCEPTION event=snapshot_slow bot=Bob {elapsed_ms=11}
[21:31:01] [Server thread/WARN]: [AIBot] PERCEPTION event=snapshot_slow bot=Bob {elapsed_ms=11}
[21:31:01] [Server thread/INFO]: [AIBot] ACTION event=diag_snapshot bot=Bob {fall=0.0, held=minecraft:oak_planksx7, task_state=COMPLETED, submerged=false, light=13, step=, in_lava=false, task_phase=ESCAPE, goal=none, task_progress=1.0, task=creeper_defense, mode=survival, air=300, food=17, path_idle=true, inv=minecraft:crafting_tablex1 minecraft:oak_planksx7, nearby=animals=0 hostiles=0, mining_idle=true, hp=2.0/20.0, on_ground=true, pos=18,112,44}
[21:31:02] [Server thread/WARN]: [AIBot] PERCEPTION event=snapshot_slow bot=Bob {elapsed_ms=11}
[21:31:03] [Server thread/WARN]: [AIBot] PERCEPTION event=snapshot_slow bot=Bob {elapsed_ms=12}
[21:31:03] [Server thread/WARN]: [AIBot] PERCEPTION event=snapshot_slow bot=Bob {elapsed_ms=13}
[21:31:03] [Server thread/INFO]: [AIBot] ACTION event=capability_decision bot=Bob {reason=DENIED_STRICT_SURVIVAL, allowed=false, profile=strict_survival, capability=HIDDEN_BLOCK_SCAN, context=observable_entity_query}
[21:31:03] [Server thread/INFO]: [AIBot] ACTION event=diag_snapshot bot=Bob {fall=0.0, held=minecraft:oak_planksx7, task_state=COMPLETED, submerged=false, light=13, step=, in_lava=false, task_phase=ESCAPE, goal=none, task_progress=1.0, task=creeper_defense, mode=survival, air=300, food=17, path_idle=true, inv=minecraft:crafting_tablex1 minecraft:oak_planksx7, nearby=animals=0 hostiles=0, mining_idle=true, hp=2.0/20.0, on_ground=true, pos=18,112,44}
[21:31:03] [Server thread/INFO]: [AIBot] ACTION event=capability_decision bot=Bob {reason=DENIED_STRICT_SURVIVAL, allowed=false, profile=strict_survival, capability=EMERGENCY_TELEPORT, context=danger_dark_trap_surface}
[21:31:04] [Server thread/WARN]: [AIBot] PERCEPTION event=snapshot_slow bot=Bob {elapsed_ms=17}
[21:31:04] [Server thread/INFO]: [AIBot] ACTION event=capability_decision bot=Bob {reason=DENIED_STRICT_SURVIVAL, allowed=false, profile=strict_survival, capability=HIDDEN_BLOCK_SCAN, context=observable_block_query}
[21:31:04] [Server thread/INFO]: [AIBot] ACTION event=capability_decision bot=Bob {reason=DENIED_STRICT_SURVIVAL, allowed=false, profile=strict_survival, capability=HIDDEN_BLOCK_SCAN, context=perception_snapshot}
[21:31:04] [Server thread/WARN]: [AIBot] PERCEPTION event=snapshot_slow bot=Bob {elapsed_ms=13}
[21:31:05] [Server thread/WARN]: [AIBot] PERCEPTION event=snapshot_slow bot=Bob {elapsed_ms=13}
[21:31:05] [Server thread/WARN]: [AIBot] PERCEPTION event=snapshot_slow bot=Bob {elapsed_ms=15}
[21:31:05] [Server thread/INFO]: [AIBot] ACTION event=capability_decision bot=Bob {reason=DENIED_STRICT_SURVIVAL, allowed=false, profile=strict_survival, capability=HIDDEN_BLOCK_SCAN, context=diagnostic_nearby}
[21:31:05] [Server thread/INFO]: [AIBot] ACTION event=diag_snapshot bot=Bob {fall=0.0, held=minecraft:oak_planksx7, task_state=COMPLETED, submerged=false, light=13, step=, in_lava=false, task_phase=ESCAPE, goal=none, task_progress=1.0, task=creeper_defense, mode=survival, air=300, food=17, path_idle=true, inv=minecraft:crafting_tablex1 minecraft:oak_planksx7, nearby=animals=0 hostiles=0, mining_idle=true, hp=2.0/20.0, on_ground=true, pos=18,112,44}
[21:31:06] [Server thread/WARN]: [AIBot] PERCEPTION event=snapshot_slow bot=Bob {elapsed_ms=14}
[21:31:06] [Server thread/WARN]: [AIBot] PERCEPTION event=snapshot_slow bot=Bob {elapsed_ms=11}
[21:31:07] [Server thread/WARN]: [AIBot] PERCEPTION event=snapshot_slow bot=Bob {elapsed_ms=12}
[21:31:07] [Server thread/WARN]: [AIBot] PERCEPTION event=snapshot_slow bot=Bob {elapsed_ms=17}
[21:31:07] [Server thread/INFO]: [AIBot] ACTION event=diag_snapshot bot=Bob {fall=0.0, held=minecraft:oak_planksx7, task_state=COMPLETED, submerged=false, light=13, step=, in_lava=false, task_phase=ESCAPE, goal=none, task_progress=1.0, task=creeper_defense, mode=survival, air=300, food=17, path_idle=true, inv=minecraft:crafting_tablex1 minecraft:oak_planksx7, nearby=animals=1(villager@15) hostiles=1(enderman@7), mining_idle=true, hp=2.0/20.0, on_ground=true, pos=18,112,44}
[21:31:08] [Server thread/WARN]: [AIBot] PERCEPTION event=snapshot_slow bot=Bob {elapsed_ms=12}
[21:31:08] [Server thread/INFO]: [AIBot] ACTION event=capability_decision bot=Bob {reason=DENIED_STRICT_SURVIVAL, allowed=false, profile=strict_survival, capability=HIDDEN_BLOCK_SCAN, context=observable_entity_query}
[21:31:08] [Server thread/WARN]: [AIBot] PERCEPTION event=snapshot_slow bot=Bob {elapsed_ms=17}
[21:31:09] [Server thread/WARN]: [AIBot] PERCEPTION event=snapshot_slow bot=Bob {elapsed_ms=16}
[21:31:09] [Server thread/INFO]: [AIBot] ACTION event=capability_decision bot=Bob {reason=DENIED_STRICT_SURVIVAL, allowed=false, profile=strict_survival, capability=HIDDEN_BLOCK_SCAN, context=observable_block_query}
[21:31:09] [Server thread/INFO]: [AIBot] ACTION event=capability_decision bot=Bob {reason=DENIED_STRICT_SURVIVAL, allowed=false, profile=strict_survival, capability=HIDDEN_BLOCK_SCAN, context=perception_snapshot}
[21:31:09] [Server thread/WARN]: [AIBot] PERCEPTION event=snapshot_slow bot=Bob {elapsed_ms=12}
[21:31:09] [Server thread/INFO]: [AIBot] ACTION event=diag_snapshot bot=Bob {fall=0.0, held=minecraft:oak_planksx7, task_state=COMPLETED, submerged=false, light=13, step=, in_lava=false, task_phase=ESCAPE, goal=none, task_progress=1.0, task=creeper_defense, mode=survival, air=300, food=17, path_idle=true, inv=minecraft:crafting_tablex1 minecraft:oak_planksx7, nearby=animals=1(villager@14) hostiles=1(enderman@7), mining_idle=true, hp=2.0/20.0, on_ground=true, pos=18,112,44}
[21:31:10] [Server thread/WARN]: [AIBot] PERCEPTION event=snapshot_slow bot=Bob {elapsed_ms=19}
[21:31:10] [Server thread/WARN]: [AIBot] PERCEPTION event=snapshot_slow bot=Bob {elapsed_ms=12}
[21:31:11] [Server thread/WARN]: [AIBot] PERCEPTION event=snapshot_slow bot=Bob {elapsed_ms=12}
[21:31:11] [Server thread/INFO]: [AIBot] ACTION event=capability_decision bot=Bob {reason=DENIED_STRICT_SURVIVAL, allowed=false, profile=strict_survival, capability=HIDDEN_BLOCK_SCAN, context=diagnostic_nearby}
[21:31:11] [Server thread/INFO]: [AIBot] ACTION event=diag_snapshot bot=Bob {fall=0.0, held=minecraft:oak_planksx7, task_state=COMPLETED, submerged=false, light=13, step=, in_lava=false, task_phase=ESCAPE, goal=none, task_progress=1.0, task=creeper_defense, mode=survival, air=300, food=17, path_idle=true, inv=minecraft:crafting_tablex1 minecraft:oak_planksx7, nearby=animals=1(villager@12) hostiles=1(enderman@7), mining_idle=true, hp=2.0/20.0, on_ground=true, pos=18,112,44}
[21:31:11] [Server thread/INFO]: [AIBot] ACTION event=capability_decision bot=Bob {reason=DENIED_STRICT_SURVIVAL, allowed=false, profile=strict_survival, capability=EMERGENCY_TELEPORT, context=danger_dark_trap_surface}
[21:31:12] [Server thread/WARN]: [AIBot] PERCEPTION event=snapshot_slow bot=Bob {elapsed_ms=11}
[21:31:12] [Server thread/WARN]: [AIBot] PERCEPTION event=snapshot_slow bot=Bob {elapsed_ms=12}
[21:31:13] [Server thread/WARN]: [AIBot] PERCEPTION event=snapshot_slow bot=Bob {elapsed_ms=16}
[21:31:13] [Server thread/INFO]: [AIBot] ACTION event=capability_decision bot=Bob {reason=DENIED_STRICT_SURVIVAL, allowed=false, profile=strict_survival, capability=HIDDEN_BLOCK_SCAN, context=observable_entity_query}
[21:31:13] [Server thread/WARN]: [AIBot] PERCEPTION event=snapshot_slow bot=Bob {elapsed_ms=11}
[21:31:13] [Server thread/INFO]: [AIBot] ACTION event=diag_snapshot bot=Bob {fall=0.0, held=minecraft:oak_planksx7, task_state=COMPLETED, submerged=false, light=13, step=, in_lava=false, task_phase=ESCAPE, goal=none, task_progress=1.0, task=creeper_defense, mode=survival, air=300, food=17, path_idle=true, inv=minecraft:crafting_tablex1 minecraft:oak_planksx7, nearby=animals=1(villager@11) hostiles=1(enderman@7), mining_idle=true, hp=2.0/20.0, on_ground=true, pos=18,112,44}
[21:31:14] [Server thread/WARN]: [AIBot] PERCEPTION event=snapshot_slow bot=Bob {elapsed_ms=11}
[21:31:14] [Server thread/INFO]: [AIBot] ACTION event=capability_decision bot=Bob {reason=DENIED_STRICT_SURVIVAL, allowed=false, profile=strict_survival, capability=HIDDEN_BLOCK_SCAN, context=observable_block_query}
[21:31:14] [Server thread/INFO]: [AIBot] ACTION event=capability_decision bot=Bob {reason=DENIED_STRICT_SURVIVAL, allowed=false, profile=strict_survival, capability=HIDDEN_BLOCK_SCAN, context=perception_snapshot}
[21:31:14] [Server thread/WARN]: [AIBot] PERCEPTION event=snapshot_slow bot=Bob {elapsed_ms=11}
[21:31:15] [Server thread/WARN]: [AIBot] PERCEPTION event=snapshot_slow bot=Bob {elapsed_ms=11}
[21:31:15] [Server thread/WARN]: [AIBot] PERCEPTION event=snapshot_slow bot=Bob {elapsed_ms=12}
[21:31:15] [Server thread/INFO]: [AIBot] ACTION event=diag_snapshot bot=Bob {fall=0.0, held=minecraft:oak_planksx7, task_state=COMPLETED, submerged=false, light=13, step=, in_lava=false, task_phase=ESCAPE, goal=none, task_progress=1.0, task=creeper_defense, mode=survival, air=300, food=17, path_idle=true, inv=minecraft:crafting_tablex1 minecraft:oak_planksx7, nearby=animals=1(villager@11) hostiles=0, mining_idle=true, hp=2.0/20.0, on_ground=true, pos=18,112,44}
[21:31:16] [Server thread/WARN]: [AIBot] PERCEPTION event=snapshot_slow bot=Bob {elapsed_ms=11}
[21:31:16] [Server thread/WARN]: [AIBot] PERCEPTION event=snapshot_slow bot=Bob {elapsed_ms=12}
[21:31:17] [Server thread/WARN]: [AIBot] PERCEPTION event=snapshot_slow bot=Bob {elapsed_ms=11}
[21:31:17] [Server thread/INFO]: [AIBot] ACTION event=capability_decision bot=Bob {reason=DENIED_STRICT_SURVIVAL, allowed=false, profile=strict_survival, capability=HIDDEN_BLOCK_SCAN, context=diagnostic_nearby}
[21:31:17] [Server thread/INFO]: [AIBot] ACTION event=diag_snapshot bot=Bob {fall=0.0, held=minecraft:oak_planksx7, task_state=COMPLETED, submerged=false, light=13, step=, in_lava=false, task_phase=ESCAPE, goal=none, task_progress=1.0, task=creeper_defense, mode=survival, air=300, food=17, path_idle=true, inv=minecraft:crafting_tablex1 minecraft:oak_planksx7, nearby=animals=1(villager@11) hostiles=0, mining_idle=true, hp=2.0/20.0, on_ground=true, pos=18,112,44}
[21:31:18] [Server thread/WARN]: [AIBot] PERCEPTION event=snapshot_slow bot=Bob {elapsed_ms=11}
[21:31:18] [Server thread/INFO]: [AIBot] ACTION event=capability_decision bot=Bob {reason=DENIED_STRICT_SURVIVAL, allowed=false, profile=strict_survival, capability=HIDDEN_BLOCK_SCAN, context=observable_entity_query}
[21:31:18] [Server thread/WARN]: [AIBot] PERCEPTION event=snapshot_slow bot=Bob {elapsed_ms=13}
[21:31:19] [Server thread/WARN]: [AIBot] PERCEPTION event=snapshot_slow bot=Bob {elapsed_ms=11}
[21:31:19] [Server thread/INFO]: [AIBot] ACTION event=capability_decision bot=Bob {reason=DENIED_STRICT_SURVIVAL, allowed=false, profile=strict_survival, capability=HIDDEN_BLOCK_SCAN, context=observable_block_query}
[21:31:19] [Server thread/INFO]: [AIBot] ACTION event=capability_decision bot=Bob {reason=DENIED_STRICT_SURVIVAL, allowed=false, profile=strict_survival, capability=HIDDEN_BLOCK_SCAN, context=perception_snapshot}
[21:31:19] [Server thread/WARN]: [AIBot] PERCEPTION event=snapshot_slow bot=Bob {elapsed_ms=17}
[21:31:19] [Server thread/INFO]: [AIBot] ACTION event=diag_snapshot bot=Bob {fall=0.0, held=minecraft:oak_planksx7, task_state=COMPLETED, submerged=false, light=13, step=, in_lava=false, task_phase=ESCAPE, goal=none, task_progress=1.0, task=creeper_defense, mode=survival, air=300, food=17, path_idle=true, inv=minecraft:crafting_tablex1 minecraft:oak_planksx7, nearby=animals=1(villager@11) hostiles=0, mining_idle=true, hp=2.0/20.0, on_ground=true, pos=18,112,44}
[21:31:19] [Server thread/INFO]: [AIBot] ACTION event=capability_decision bot=Bob {reason=DENIED_STRICT_SURVIVAL, allowed=false, profile=strict_survival, capability=EMERGENCY_TELEPORT, context=danger_dark_trap_surface}
[21:31:20] [Server thread/WARN]: [AIBot] PERCEPTION event=snapshot_slow bot=Bob {elapsed_ms=11}
[21:31:20] [Server thread/WARN]: [AIBot] PERCEPTION event=snapshot_slow bot=Bob {elapsed_ms=12}
[21:31:21] [Server thread/WARN]: [AIBot] PERCEPTION event=snapshot_slow bot=Bob {elapsed_ms=11}
[21:31:21] [Server thread/WARN]: [AIBot] PERCEPTION event=snapshot_slow bot=Bob {elapsed_ms=11}
[21:31:21] [Server thread/INFO]: [AIBot] ACTION event=diag_snapshot bot=Bob {fall=0.0, held=minecraft:oak_planksx7, task_state=COMPLETED, submerged=false, light=13, step=, in_lava=false, task_phase=ESCAPE, goal=none, task_progress=1.0, task=creeper_defense, mode=survival, air=300, food=17, path_idle=true, inv=minecraft:crafting_tablex1 minecraft:oak_planksx7, nearby=animals=1(villager@11) hostiles=0, mining_idle=true, hp=2.0/20.0, on_ground=true, pos=18,112,44}
[21:31:22] [Server thread/WARN]: [AIBot] PERCEPTION event=snapshot_slow bot=Bob {elapsed_ms=11}
[21:31:23] [Server thread/WARN]: [AIBot] PERCEPTION event=snapshot_slow bot=Bob {elapsed_ms=11}
[21:31:23] [Server thread/INFO]: [AIBot] ACTION event=capability_decision bot=Bob {reason=DENIED_STRICT_SURVIVAL, allowed=false, profile=strict_survival, capability=HIDDEN_BLOCK_SCAN, context=observable_entity_query}
[21:31:23] [Server thread/WARN]: [AIBot] PERCEPTION event=snapshot_slow bot=Bob {elapsed_ms=11}
[21:31:23] [Server thread/INFO]: [AIBot] ACTION event=capability_decision bot=Bob {reason=DENIED_STRICT_SURVIVAL, allowed=false, profile=strict_survival, capability=HIDDEN_BLOCK_SCAN, context=diagnostic_nearby}
[21:31:23] [Server thread/INFO]: [AIBot] ACTION event=diag_snapshot bot=Bob {fall=0.0, held=minecraft:oak_planksx7, task_state=COMPLETED, submerged=false, light=13, step=, in_lava=false, task_phase=ESCAPE, goal=none, task_progress=1.0, task=creeper_defense, mode=survival, air=300, food=17, path_idle=true, inv=minecraft:crafting_tablex1 minecraft:oak_planksx7, nearby=animals=1(villager@12) hostiles=0, mining_idle=true, hp=2.0/20.0, on_ground=true, pos=18,112,44}
[21:31:24] [Server thread/WARN]: [AIBot] PERCEPTION event=snapshot_slow bot=Bob {elapsed_ms=12}
[21:31:24] [Server thread/INFO]: [AIBot] ACTION event=capability_decision bot=Bob {reason=DENIED_STRICT_SURVIVAL, allowed=false, profile=strict_survival, capability=HIDDEN_BLOCK_SCAN, context=observable_block_query}
[21:31:24] [Server thread/INFO]: [AIBot] ACTION event=capability_decision bot=Bob {reason=DENIED_STRICT_SURVIVAL, allowed=false, profile=strict_survival, capability=HIDDEN_BLOCK_SCAN, context=perception_snapshot}
[21:31:24] [Server thread/WARN]: [AIBot] PERCEPTION event=snapshot_slow bot=Bob {elapsed_ms=12}
[21:31:25] [Server thread/WARN]: [AIBot] PERCEPTION event=snapshot_slow bot=Bob {elapsed_ms=11}
[21:31:25] [Server thread/WARN]: [AIBot] PERCEPTION event=snapshot_slow bot=Bob {elapsed_ms=11}
[21:31:25] [Server thread/INFO]: [AIBot] ACTION event=diag_snapshot bot=Bob {fall=0.0, held=minecraft:oak_planksx7, task_state=COMPLETED, submerged=false, light=13, step=, in_lava=false, task_phase=ESCAPE, goal=none, task_progress=1.0, task=creeper_defense, mode=survival, air=300, food=17, path_idle=true, inv=minecraft:crafting_tablex1 minecraft:oak_planksx7, nearby=animals=1(villager@13) hostiles=0, mining_idle=true, hp=2.0/20.0, on_ground=true, pos=18,112,44}
[21:31:26] [Server thread/WARN]: [AIBot] PERCEPTION event=snapshot_slow bot=Bob {elapsed_ms=19}
[21:31:26] [Server thread/WARN]: [AIBot] PERCEPTION event=snapshot_slow bot=Bob {elapsed_ms=12}
[21:31:27] [Server thread/WARN]: [AIBot] PERCEPTION event=snapshot_slow bot=Bob {elapsed_ms=11}
[21:31:27] [Server thread/INFO]: [AIBot] ACTION event=diag_snapshot bot=Bob {fall=0.0, held=minecraft:oak_planksx7, task_state=COMPLETED, submerged=false, light=13, step=, in_lava=false, task_phase=ESCAPE, goal=none, task_progress=1.0, task=creeper_defense, mode=survival, air=300, food=17, path_idle=true, inv=minecraft:crafting_tablex1 minecraft:oak_planksx7, nearby=animals=1(villager@13) hostiles=0, mining_idle=true, hp=2.0/20.0, on_ground=true, pos=18,112,44}
[21:31:28] [Server thread/INFO]: [AIBot] ACTION event=capability_decision bot=Bob {reason=DENIED_STRICT_SURVIVAL, allowed=false, profile=strict_survival, capability=EMERGENCY_TELEPORT, context=danger_dark_trap_surface}
[21:31:28] [Server thread/WARN]: [AIBot] PERCEPTION event=snapshot_slow bot=Bob {elapsed_ms=12}
[21:31:28] [Server thread/INFO]: [AIBot] ACTION event=capability_decision bot=Bob {reason=DENIED_STRICT_SURVIVAL, allowed=false, profile=strict_survival, capability=HIDDEN_BLOCK_SCAN, context=observable_entity_query}
[21:31:28] [Server thread/WARN]: [AIBot] PERCEPTION event=snapshot_slow bot=Bob {elapsed_ms=12}
[21:31:29] [Server thread/WARN]: [AIBot] PERCEPTION event=snapshot_slow bot=Bob {elapsed_ms=11}
[21:31:29] [Server thread/INFO]: [AIBot] ACTION event=capability_decision bot=Bob {reason=DENIED_STRICT_SURVIVAL, allowed=false, profile=strict_survival, capability=HIDDEN_BLOCK_SCAN, context=observable_block_query}
[21:31:29] [Server thread/INFO]: [AIBot] ACTION event=capability_decision bot=Bob {reason=DENIED_STRICT_SURVIVAL, allowed=false, profile=strict_survival, capability=HIDDEN_BLOCK_SCAN, context=perception_snapshot}
[21:31:29] [Server thread/WARN]: [AIBot] PERCEPTION event=snapshot_slow bot=Bob {elapsed_ms=11}
[21:31:29] [Server thread/INFO]: [AIBot] ACTION event=capability_decision bot=Bob {reason=DENIED_STRICT_SURVIVAL, allowed=false, profile=strict_survival, capability=HIDDEN_BLOCK_SCAN, context=diagnostic_nearby}
[21:31:29] [Server thread/INFO]: [AIBot] ACTION event=diag_snapshot bot=Bob {fall=0.0, held=minecraft:oak_planksx7, task_state=COMPLETED, submerged=false, light=13, step=, in_lava=false, task_phase=ESCAPE, goal=none, task_progress=1.0, task=creeper_defense, mode=survival, air=300, food=17, path_idle=true, inv=minecraft:crafting_tablex1 minecraft:oak_planksx7, nearby=animals=0 hostiles=0, mining_idle=true, hp=2.0/20.0, on_ground=true, pos=18,112,44}
[21:31:30] [Server thread/WARN]: [AIBot] PERCEPTION event=snapshot_slow bot=Bob {elapsed_ms=15}
[21:31:30] [Server thread/WARN]: [AIBot] PERCEPTION event=snapshot_slow bot=Bob {elapsed_ms=12}
[21:31:31] [Server thread/WARN]: [AIBot] PERCEPTION event=snapshot_slow bot=Bob {elapsed_ms=12}
[21:31:31] [Server thread/WARN]: [AIBot] PERCEPTION event=snapshot_slow bot=Bob {elapsed_ms=11}
[21:31:31] [Server thread/INFO]: [AIBot] ACTION event=diag_snapshot bot=Bob {fall=0.0, held=minecraft:oak_planksx7, task_state=COMPLETED, submerged=false, light=13, step=, in_lava=false, task_phase=ESCAPE, goal=none, task_progress=1.0, task=creeper_defense, mode=survival, air=300, food=17, path_idle=true, inv=minecraft:crafting_tablex1 minecraft:oak_planksx7, nearby=animals=0 hostiles=0, mining_idle=true, hp=2.0/20.0, on_ground=true, pos=18,112,44}
[21:31:32] [Server thread/WARN]: [AIBot] PERCEPTION event=snapshot_slow bot=Bob {elapsed_ms=11}
[21:31:32] [Server thread/WARN]: [AIBot] PERCEPTION event=snapshot_slow bot=Bob {elapsed_ms=12}
[21:31:33] [Server thread/WARN]: [AIBot] PERCEPTION event=snapshot_slow bot=Bob {elapsed_ms=15}
[21:31:33] [Server thread/WARN]: [AIBot] PERCEPTION event=snapshot_slow bot=Bob {elapsed_ms=11}
[21:31:33] [Server thread/INFO]: [AIBot] ACTION event=capability_decision bot=Bob {reason=DENIED_STRICT_SURVIVAL, allowed=false, profile=strict_survival, capability=HIDDEN_BLOCK_SCAN, context=observable_entity_query}
[21:31:33] [Server thread/INFO]: [AIBot] ACTION event=diag_snapshot bot=Bob {fall=0.0, held=minecraft:oak_planksx7, task_state=COMPLETED, submerged=false, light=13, step=, in_lava=false, task_phase=ESCAPE, goal=none, task_progress=1.0, task=creeper_defense, mode=survival, air=300, food=17, path_idle=true, inv=minecraft:crafting_tablex1 minecraft:oak_planksx7, nearby=animals=0 hostiles=0, mining_idle=true, hp=2.0/20.0, on_ground=true, pos=18,112,44}
[21:31:34] [Server thread/WARN]: [AIBot] PERCEPTION event=snapshot_slow bot=Bob {elapsed_ms=12}
[21:31:34] [Server thread/INFO]: [AIBot] ACTION event=capability_decision bot=Bob {reason=DENIED_STRICT_SURVIVAL, allowed=false, profile=strict_survival, capability=HIDDEN_BLOCK_SCAN, context=observable_block_query}
[21:31:34] [Server thread/INFO]: [AIBot] ACTION event=capability_decision bot=Bob {reason=DENIED_STRICT_SURVIVAL, allowed=false, profile=strict_survival, capability=HIDDEN_BLOCK_SCAN, context=perception_snapshot}
[21:31:34] [Server thread/WARN]: [AIBot] PERCEPTION event=snapshot_slow bot=Bob {elapsed_ms=12}
[21:31:35] [Server thread/WARN]: [AIBot] PERCEPTION event=snapshot_slow bot=Bob {elapsed_ms=13}
[21:31:35] [Server thread/WARN]: [AIBot] PERCEPTION event=snapshot_slow bot=Bob {elapsed_ms=14}
[21:31:35] [Server thread/INFO]: [AIBot] ACTION event=capability_decision bot=Bob {reason=DENIED_STRICT_SURVIVAL, allowed=false, profile=strict_survival, capability=HIDDEN_BLOCK_SCAN, context=diagnostic_nearby}
[21:31:35] [Server thread/INFO]: [AIBot] ACTION event=diag_snapshot bot=Bob {fall=0.0, held=minecraft:oak_planksx7, task_state=COMPLETED, submerged=false, light=13, step=, in_lava=false, task_phase=ESCAPE, goal=none, task_progress=1.0, task=creeper_defense, mode=survival, air=300, food=17, path_idle=true, inv=minecraft:crafting_tablex1 minecraft:oak_planksx7, nearby=animals=0 hostiles=0, mining_idle=true, hp=2.0/20.0, on_ground=true, pos=18,112,44}
[21:31:36] [Server thread/INFO]: [AIBot] ACTION event=capability_decision bot=Bob {reason=DENIED_STRICT_SURVIVAL, allowed=false, profile=strict_survival, capability=EMERGENCY_TELEPORT, context=danger_dark_trap_surface}
[21:31:36] [Server thread/WARN]: [AIBot] PERCEPTION event=snapshot_slow bot=Bob {elapsed_ms=17}
[21:31:36] [Server thread/WARN]: [AIBot] PERCEPTION event=snapshot_slow bot=Bob {elapsed_ms=12}
[21:31:37] [Server thread/WARN]: [AIBot] PERCEPTION event=snapshot_slow bot=Bob {elapsed_ms=11}
[21:31:37] [Server thread/WARN]: [AIBot] PERCEPTION event=snapshot_slow bot=Bob {elapsed_ms=12}
[21:31:37] [Server thread/INFO]: [AIBot] ACTION event=diag_snapshot bot=Bob {fall=0.0, held=minecraft:oak_planksx7, task_state=COMPLETED, submerged=false, light=13, step=, in_lava=false, task_phase=ESCAPE, goal=none, task_progress=1.0, task=creeper_defense, mode=survival, air=300, food=17, path_idle=true, inv=minecraft:crafting_tablex1 minecraft:oak_planksx7, nearby=animals=0 hostiles=0, mining_idle=true, hp=2.0/20.0, on_ground=true, pos=18,112,44}
[21:31:38] [Server thread/WARN]: [AIBot] PERCEPTION event=snapshot_slow bot=Bob {elapsed_ms=12}
[21:31:38] [Server thread/WARN]: [AIBot] PERCEPTION event=snapshot_slow bot=Bob {elapsed_ms=12}
[21:31:39] [Server thread/WARN]: [AIBot] PERCEPTION event=snapshot_slow bot=Bob {elapsed_ms=12}
[21:31:39] [Server thread/INFO]: [AIBot] LIFECYCLE event=mixin_alive bot=- {server_tick=3600}
[21:31:39] [Server thread/INFO]: [AIBot] ACTION event=capability_decision bot=Bob {reason=DENIED_STRICT_SURVIVAL, allowed=false, profile=strict_survival, capability=HIDDEN_BLOCK_SCAN, context=observable_block_query}
[21:31:39] [Server thread/INFO]: [AIBot] ACTION event=capability_decision bot=Bob {reason=DENIED_STRICT_SURVIVAL, allowed=false, profile=strict_survival, capability=HIDDEN_BLOCK_SCAN, context=perception_snapshot}
[21:31:39] [Server thread/WARN]: [AIBot] PERCEPTION event=snapshot_slow bot=Bob {elapsed_ms=12}
[21:31:39] [Server thread/INFO]: [AIBot] ACTION event=capability_decision bot=Bob {reason=DENIED_STRICT_SURVIVAL, allowed=false, profile=strict_survival, capability=HIDDEN_BLOCK_SCAN, context=observable_entity_query}
[21:31:39] [Server thread/INFO]: [AIBot] ACTION event=diag_snapshot bot=Bob {fall=0.0, held=minecraft:oak_planksx7, task_state=COMPLETED, submerged=false, light=13, step=, in_lava=false, task_phase=ESCAPE, goal=none, task_progress=1.0, task=creeper_defense, mode=survival, air=300, food=17, path_idle=true, inv=minecraft:crafting_tablex1 minecraft:oak_planksx7, nearby=animals=0 hostiles=0, mining_idle=true, hp=2.0/20.0, on_ground=true, pos=18,112,44}
[21:31:40] [Server thread/WARN]: [AIBot] PERCEPTION event=snapshot_slow bot=Bob {elapsed_ms=12}
[21:31:40] [Server thread/WARN]: [AIBot] PERCEPTION event=snapshot_slow bot=Bob {elapsed_ms=12}
[21:31:41] [Server thread/WARN]: [AIBot] PERCEPTION event=snapshot_slow bot=Bob {elapsed_ms=13}
[21:31:41] [Server thread/WARN]: [AIBot] PERCEPTION event=snapshot_slow bot=Bob {elapsed_ms=13}
[21:31:41] [Server thread/INFO]: [AIBot] ACTION event=capability_decision bot=Bob {reason=DENIED_STRICT_SURVIVAL, allowed=false, profile=strict_survival, capability=HIDDEN_BLOCK_SCAN, context=diagnostic_nearby}
[21:31:41] [Server thread/INFO]: [AIBot] ACTION event=diag_snapshot bot=Bob {fall=0.0, held=minecraft:oak_planksx7, task_state=COMPLETED, submerged=false, light=13, step=, in_lava=false, task_phase=ESCAPE, goal=none, task_progress=1.0, task=creeper_defense, mode=survival, air=300, food=17, path_idle=true, inv=minecraft:crafting_tablex1 minecraft:oak_planksx7, nearby=animals=0 hostiles=0, mining_idle=true, hp=2.0/20.0, on_ground=true, pos=18,112,44}
[21:31:42] [Server thread/WARN]: [AIBot] PERCEPTION event=snapshot_slow bot=Bob {elapsed_ms=11}
[21:31:42] [Server thread/WARN]: [AIBot] PERCEPTION event=snapshot_slow bot=Bob {elapsed_ms=19}
[21:31:43] [Server thread/WARN]: [AIBot] PERCEPTION event=snapshot_slow bot=Bob {elapsed_ms=15}
[21:31:43] [Server thread/WARN]: [AIBot] PERCEPTION event=snapshot_slow bot=Bob {elapsed_ms=11}
[21:31:43] [Server thread/INFO]: [AIBot] ACTION event=diag_snapshot bot=Bob {fall=0.0, held=minecraft:oak_planksx7, task_state=COMPLETED, submerged=false, light=13, step=, in_lava=false, task_phase=ESCAPE, goal=none, task_progress=1.0, task=creeper_defense, mode=survival, air=300, food=17, path_idle=true, inv=minecraft:crafting_tablex1 minecraft:oak_planksx7, nearby=animals=0 hostiles=0, mining_idle=true, hp=2.0/20.0, on_ground=true, pos=18,112,44}
[21:31:44] [Server thread/INFO]: [AIBot] ACTION event=capability_decision bot=Bob {reason=DENIED_STRICT_SURVIVAL, allowed=false, profile=strict_survival, capability=EMERGENCY_TELEPORT, context=danger_dark_trap_surface}
[21:31:44] [Server thread/WARN]: [AIBot] PERCEPTION event=snapshot_slow bot=Bob {elapsed_ms=11}
[21:31:44] [Server thread/INFO]: [AIBot] ACTION event=capability_decision bot=Bob {reason=DENIED_STRICT_SURVIVAL, allowed=false, profile=strict_survival, capability=HIDDEN_BLOCK_SCAN, context=observable_block_query}
[21:31:44] [Server thread/INFO]: [AIBot] ACTION event=capability_decision bot=Bob {reason=DENIED_STRICT_SURVIVAL, allowed=false, profile=strict_survival, capability=HIDDEN_BLOCK_SCAN, context=perception_snapshot}
[21:31:44] [Server thread/WARN]: [AIBot] PERCEPTION event=snapshot_slow bot=Bob {elapsed_ms=13}
[21:31:45] [Server thread/WARN]: [AIBot] PERCEPTION event=snapshot_slow bot=Bob {elapsed_ms=11}
[21:31:45] [Server thread/WARN]: [AIBot] PERCEPTION event=snapshot_slow bot=Bob {elapsed_ms=13}
[21:31:45] [Server thread/INFO]: [AIBot] ACTION event=capability_decision bot=Bob {reason=DENIED_STRICT_SURVIVAL, allowed=false, profile=strict_survival, capability=HIDDEN_BLOCK_SCAN, context=observable_entity_query}
[21:31:45] [Server thread/INFO]: [AIBot] ACTION event=diag_snapshot bot=Bob {fall=0.0, held=minecraft:oak_planksx7, task_state=COMPLETED, submerged=false, light=13, step=, in_lava=false, task_phase=ESCAPE, goal=none, task_progress=1.0, task=creeper_defense, mode=survival, air=300, food=17, path_idle=true, inv=minecraft:crafting_tablex1 minecraft:oak_planksx7, nearby=animals=0 hostiles=0, mining_idle=true, hp=2.0/20.0, on_ground=true, pos=18,112,44}
[21:31:46] [Server thread/WARN]: [AIBot] PERCEPTION event=snapshot_slow bot=Bob {elapsed_ms=13}
[21:31:46] [Server thread/WARN]: [AIBot] PERCEPTION event=snapshot_slow bot=Bob {elapsed_ms=11}
[21:31:47] [Server thread/WARN]: [AIBot] PERCEPTION event=snapshot_slow bot=Bob {elapsed_ms=15}
[21:31:47] [Server thread/WARN]: [AIBot] PERCEPTION event=snapshot_slow bot=Bob {elapsed_ms=13}
[21:31:47] [Server thread/INFO]: [AIBot] ACTION event=capability_decision bot=Bob {reason=DENIED_STRICT_SURVIVAL, allowed=false, profile=strict_survival, capability=HIDDEN_BLOCK_SCAN, context=diagnostic_nearby}
[21:31:47] [Server thread/INFO]: [AIBot] ACTION event=diag_snapshot bot=Bob {fall=0.0, held=minecraft:oak_planksx7, task_state=COMPLETED, submerged=false, light=13, step=, in_lava=false, task_phase=ESCAPE, goal=none, task_progress=1.0, task=creeper_defense, mode=survival, air=300, food=17, path_idle=true, inv=minecraft:crafting_tablex1 minecraft:oak_planksx7, nearby=animals=0 hostiles=0, mining_idle=true, hp=2.0/20.0, on_ground=true, pos=18,112,44}
[21:31:48] [Server thread/WARN]: [AIBot] PERCEPTION event=snapshot_slow bot=Bob {elapsed_ms=12}
[21:31:48] [Server thread/WARN]: [AIBot] PERCEPTION event=snapshot_slow bot=Bob {elapsed_ms=11}
[21:31:49] [Server thread/WARN]: [AIBot] PERCEPTION event=snapshot_slow bot=Bob {elapsed_ms=11}
[21:31:49] [Server thread/INFO]: [AIBot] ACTION event=capability_decision bot=Bob {reason=DENIED_STRICT_SURVIVAL, allowed=false, profile=strict_survival, capability=HIDDEN_BLOCK_SCAN, context=observable_block_query}
[21:31:49] [Server thread/INFO]: [AIBot] ACTION event=capability_decision bot=Bob {reason=DENIED_STRICT_SURVIVAL, allowed=false, profile=strict_survival, capability=HIDDEN_BLOCK_SCAN, context=perception_snapshot}
[21:31:49] [Server thread/WARN]: [AIBot] PERCEPTION event=snapshot_slow bot=Bob {elapsed_ms=19}
[21:31:49] [Server thread/INFO]: [AIBot] ACTION event=diag_snapshot bot=Bob {fall=0.0, held=minecraft:oak_planksx7, task_state=COMPLETED, submerged=false, light=13, step=, in_lava=false, task_phase=ESCAPE, goal=none, task_progress=1.0, task=creeper_defense, mode=survival, air=300, food=17, path_idle=true, inv=minecraft:crafting_tablex1 minecraft:oak_planksx7, nearby=animals=0 hostiles=0, mining_idle=true, hp=2.0/20.0, on_ground=true, pos=18,112,44}
[21:31:50] [Server thread/WARN]: [AIBot] PERCEPTION event=snapshot_slow bot=Bob {elapsed_ms=13}
[21:31:50] [Server thread/WARN]: [AIBot] PERCEPTION event=snapshot_slow bot=Bob {elapsed_ms=12}
[21:31:51] [Server thread/WARN]: [AIBot] PERCEPTION event=snapshot_slow bot=Bob {elapsed_ms=13}
[21:31:51] [Server thread/INFO]: [AIBot] ACTION event=capability_decision bot=Bob {reason=DENIED_STRICT_SURVIVAL, allowed=false, profile=strict_survival, capability=HIDDEN_BLOCK_SCAN, context=observable_entity_query}
[21:31:51] [Server thread/INFO]: [AIBot] ACTION event=diag_snapshot bot=Bob {fall=0.0, held=minecraft:oak_planksx7, task_state=COMPLETED, submerged=false, light=13, step=, in_lava=false, task_phase=ESCAPE, goal=none, task_progress=1.0, task=creeper_defense, mode=survival, air=300, food=17, path_idle=true, inv=minecraft:crafting_tablex1 minecraft:oak_planksx7, nearby=animals=0 hostiles=0, mining_idle=true, hp=2.0/20.0, on_ground=true, pos=18,112,44}
[21:31:52] [Server thread/INFO]: [AIBot] ACTION event=capability_decision bot=Bob {reason=DENIED_STRICT_SURVIVAL, allowed=false, profile=strict_survival, capability=EMERGENCY_TELEPORT, context=danger_dark_trap_surface}
[21:31:52] [Server thread/WARN]: [AIBot] PERCEPTION event=snapshot_slow bot=Bob {elapsed_ms=12}
[21:31:52] [Server thread/WARN]: [AIBot] PERCEPTION event=snapshot_slow bot=Bob {elapsed_ms=14}
[21:31:53] [Server thread/WARN]: [AIBot] PERCEPTION event=snapshot_slow bot=Bob {elapsed_ms=14}
[21:31:53] [Server thread/WARN]: [AIBot] PERCEPTION event=snapshot_slow bot=Bob {elapsed_ms=13}
[21:31:53] [Server thread/INFO]: [AIBot] ACTION event=capability_decision bot=Bob {reason=DENIED_STRICT_SURVIVAL, allowed=false, profile=strict_survival, capability=HIDDEN_BLOCK_SCAN, context=diagnostic_nearby}
[21:31:53] [Server thread/INFO]: [AIBot] ACTION event=diag_snapshot bot=Bob {fall=0.0, held=minecraft:oak_planksx7, task_state=COMPLETED, submerged=false, light=13, step=, in_lava=false, task_phase=ESCAPE, goal=none, task_progress=1.0, task=creeper_defense, mode=survival, air=300, food=17, path_idle=true, inv=minecraft:crafting_tablex1 minecraft:oak_planksx7, nearby=animals=0 hostiles=0, mining_idle=true, hp=2.0/20.0, on_ground=true, pos=18,112,44}
[21:31:54] [Server thread/WARN]: [AIBot] PERCEPTION event=snapshot_slow bot=Bob {elapsed_ms=12}
[21:31:54] [Server thread/INFO]: [AIBot] ACTION event=capability_decision bot=Bob {reason=DENIED_STRICT_SURVIVAL, allowed=false, profile=strict_survival, capability=HIDDEN_BLOCK_SCAN, context=observable_block_query}
[21:31:54] [Server thread/INFO]: [AIBot] ACTION event=capability_decision bot=Bob {reason=DENIED_STRICT_SURVIVAL, allowed=false, profile=strict_survival, capability=HIDDEN_BLOCK_SCAN, context=perception_snapshot}
[21:31:54] [Server thread/WARN]: [AIBot] PERCEPTION event=snapshot_slow bot=Bob {elapsed_ms=19}
[21:31:55] [Server thread/WARN]: [AIBot] PERCEPTION event=snapshot_slow bot=Bob {elapsed_ms=15}
[21:31:55] [Server thread/WARN]: [AIBot] PERCEPTION event=snapshot_slow bot=Bob {elapsed_ms=13}
[21:31:55] [Server thread/INFO]: [AIBot] ACTION event=diag_snapshot bot=Bob {fall=0.0, held=minecraft:oak_planksx7, task_state=COMPLETED, submerged=false, light=13, step=, in_lava=false, task_phase=ESCAPE, goal=none, task_progress=1.0, task=creeper_defense, mode=survival, air=300, food=17, path_idle=true, inv=minecraft:crafting_tablex1 minecraft:oak_planksx7, nearby=animals=0 hostiles=0, mining_idle=true, hp=2.0/20.0, on_ground=true, pos=18,112,44}
[21:31:56] [Server thread/WARN]: [AIBot] PERCEPTION event=snapshot_slow bot=Bob {elapsed_ms=11}
[21:31:56] [Server thread/WARN]: [AIBot] PERCEPTION event=snapshot_slow bot=Bob {elapsed_ms=14}
[21:31:57] [Server thread/WARN]: [AIBot] PERCEPTION event=snapshot_slow bot=Bob {elapsed_ms=12}
[21:31:57] [Server thread/WARN]: [AIBot] PERCEPTION event=snapshot_slow bot=Bob {elapsed_ms=17}
[21:31:57] [Server thread/INFO]: [AIBot] ACTION event=capability_decision bot=Bob {reason=DENIED_STRICT_SURVIVAL, allowed=false, profile=strict_survival, capability=HIDDEN_BLOCK_SCAN, context=observable_entity_query}
[21:31:57] [Server thread/INFO]: [AIBot] ACTION event=diag_snapshot bot=Bob {fall=0.0, held=minecraft:oak_planksx7, task_state=COMPLETED, submerged=false, light=13, step=, in_lava=false, task_phase=ESCAPE, goal=none, task_progress=1.0, task=creeper_defense, mode=survival, air=300, food=17, path_idle=true, inv=minecraft:crafting_tablex1 minecraft:oak_planksx7, nearby=animals=0 hostiles=0, mining_idle=true, hp=2.0/20.0, on_ground=true, pos=18,112,44}
[21:31:58] [Server thread/WARN]: [AIBot] PERCEPTION event=snapshot_slow bot=Bob {elapsed_ms=17}
[21:31:58] [Server thread/WARN]: [AIBot] PERCEPTION event=snapshot_slow bot=Bob {elapsed_ms=15}
[21:31:59] [Server thread/WARN]: [AIBot] PERCEPTION event=snapshot_slow bot=Bob {elapsed_ms=12}
[21:31:59] [Server thread/INFO]: [AIBot] ACTION event=capability_decision bot=Bob {reason=DENIED_STRICT_SURVIVAL, allowed=false, profile=strict_survival, capability=HIDDEN_BLOCK_SCAN, context=observable_block_query}
[21:31:59] [Server thread/INFO]: [AIBot] ACTION event=capability_decision bot=Bob {reason=DENIED_STRICT_SURVIVAL, allowed=false, profile=strict_survival, capability=HIDDEN_BLOCK_SCAN, context=perception_snapshot}
[21:31:59] [Server thread/WARN]: [AIBot] PERCEPTION event=snapshot_slow bot=Bob {elapsed_ms=13}
[21:31:59] [Server thread/INFO]: [AIBot] ACTION event=capability_decision bot=Bob {reason=DENIED_STRICT_SURVIVAL, allowed=false, profile=strict_survival, capability=HIDDEN_BLOCK_SCAN, context=diagnostic_nearby}
[21:31:59] [Server thread/INFO]: [AIBot] ACTION event=diag_snapshot bot=Bob {fall=0.0, held=minecraft:oak_planksx7, task_state=COMPLETED, submerged=false, light=13, step=, in_lava=false, task_phase=ESCAPE, goal=none, task_progress=1.0, task=creeper_defense, mode=survival, air=300, food=17, path_idle=true, inv=minecraft:crafting_tablex1 minecraft:oak_planksx7, nearby=animals=0 hostiles=0, mining_idle=true, hp=2.0/20.0, on_ground=true, pos=18,112,44}
[21:32:00] [Server thread/INFO]: [AIBot] ACTION event=capability_decision bot=Bob {reason=DENIED_STRICT_SURVIVAL, allowed=false, profile=strict_survival, capability=EMERGENCY_TELEPORT, context=danger_dark_trap_surface}
[21:32:00] [Server thread/WARN]: [AIBot] PERCEPTION event=snapshot_slow bot=Bob {elapsed_ms=11}
[21:32:00] [Server thread/WARN]: [AIBot] PERCEPTION event=snapshot_slow bot=Bob {elapsed_ms=12}
[21:32:01] [Server thread/WARN]: [AIBot] PERCEPTION event=snapshot_slow bot=Bob {elapsed_ms=11}
[21:32:01] [Server thread/INFO]: [AIBot] ACTION event=diag_snapshot bot=Bob {fall=0.0, held=minecraft:oak_planksx7, task_state=COMPLETED, submerged=false, light=13, step=, in_lava=false, task_phase=ESCAPE, goal=none, task_progress=1.0, task=creeper_defense, mode=survival, air=300, food=17, path_idle=true, inv=minecraft:crafting_tablex1 minecraft:oak_planksx7, nearby=animals=0 hostiles=0, mining_idle=true, hp=2.0/20.0, on_ground=true, pos=18,112,44}
[21:32:02] [Server thread/WARN]: [AIBot] PERCEPTION event=snapshot_slow bot=Bob {elapsed_ms=11}
[21:32:02] [Server thread/INFO]: [AIBot] ACTION event=capability_decision bot=Bob {reason=DENIED_STRICT_SURVIVAL, allowed=false, profile=strict_survival, capability=HIDDEN_BLOCK_SCAN, context=observable_entity_query}
[21:32:02] [Server thread/WARN]: [AIBot] PERCEPTION event=snapshot_slow bot=Bob {elapsed_ms=14}
[21:32:03] [Server thread/WARN]: [AIBot] PERCEPTION event=snapshot_slow bot=Bob {elapsed_ms=12}
[21:32:03] [Server thread/INFO]: [AIBot] ACTION event=diag_snapshot bot=Bob {fall=0.0, held=minecraft:oak_planksx7, task_state=COMPLETED, submerged=false, light=13, step=, in_lava=false, task_phase=ESCAPE, goal=none, task_progress=1.0, task=creeper_defense, mode=survival, air=300, food=17, path_idle=true, inv=minecraft:crafting_tablex1 minecraft:oak_planksx7, nearby=animals=0 hostiles=0, mining_idle=true, hp=2.0/20.0, on_ground=true, pos=18,112,44}
[21:32:04] [Server thread/WARN]: [AIBot] PERCEPTION event=snapshot_slow bot=Bob {elapsed_ms=12}
[21:32:04] [Server thread/INFO]: [AIBot] ACTION event=capability_decision bot=Bob {reason=DENIED_STRICT_SURVIVAL, allowed=false, profile=strict_survival, capability=HIDDEN_BLOCK_SCAN, context=observable_block_query}
[21:32:04] [Server thread/INFO]: [AIBot] ACTION event=capability_decision bot=Bob {reason=DENIED_STRICT_SURVIVAL, allowed=false, profile=strict_survival, capability=HIDDEN_BLOCK_SCAN, context=perception_snapshot}
[21:32:04] [Server thread/WARN]: [AIBot] PERCEPTION event=snapshot_slow bot=Bob {elapsed_ms=11}
[21:32:05] [Server thread/WARN]: [AIBot] PERCEPTION event=snapshot_slow bot=Bob {elapsed_ms=16}
[21:32:05] [Server thread/WARN]: [AIBot] PERCEPTION event=snapshot_slow bot=Bob {elapsed_ms=13}
[21:32:05] [Server thread/INFO]: [AIBot] ACTION event=capability_decision bot=Bob {reason=DENIED_STRICT_SURVIVAL, allowed=false, profile=strict_survival, capability=HIDDEN_BLOCK_SCAN, context=diagnostic_nearby}
[21:32:05] [Server thread/INFO]: [AIBot] ACTION event=diag_snapshot bot=Bob {fall=0.0, held=minecraft:oak_planksx7, task_state=COMPLETED, submerged=false, light=13, step=, in_lava=false, task_phase=ESCAPE, goal=none, task_progress=1.0, task=creeper_defense, mode=survival, air=300, food=17, path_idle=true, inv=minecraft:crafting_tablex1 minecraft:oak_planksx7, nearby=animals=0 hostiles=0, mining_idle=true, hp=2.0/20.0, on_ground=true, pos=18,112,44}
[21:32:06] [Server thread/WARN]: [AIBot] PERCEPTION event=snapshot_slow bot=Bob {elapsed_ms=17}
[21:32:06] [Server thread/WARN]: [AIBot] PERCEPTION event=snapshot_slow bot=Bob {elapsed_ms=11}
[21:32:07] [Server thread/WARN]: [AIBot] PERCEPTION event=snapshot_slow bot=Bob {elapsed_ms=12}
[21:32:07] [Server thread/INFO]: [AIBot] ACTION event=capability_decision bot=Bob {reason=DENIED_STRICT_SURVIVAL, allowed=false, profile=strict_survival, capability=HIDDEN_BLOCK_SCAN, context=observable_entity_query}
[21:32:07] [Server thread/WARN]: [AIBot] PERCEPTION event=snapshot_slow bot=Bob {elapsed_ms=11}
[21:32:07] [Server thread/INFO]: [AIBot] ACTION event=diag_snapshot bot=Bob {fall=0.0, held=minecraft:oak_planksx7, task_state=COMPLETED, submerged=false, light=13, step=, in_lava=false, task_phase=ESCAPE, goal=none, task_progress=1.0, task=creeper_defense, mode=survival, air=300, food=17, path_idle=true, inv=minecraft:crafting_tablex1 minecraft:oak_planksx7, nearby=animals=0 hostiles=0, mining_idle=true, hp=2.0/20.0, on_ground=true, pos=18,112,44}
[21:32:08] [Server thread/INFO]: [AIBot] ACTION event=capability_decision bot=Bob {reason=DENIED_STRICT_SURVIVAL, allowed=false, profile=strict_survival, capability=EMERGENCY_TELEPORT, context=danger_dark_trap_surface}
[21:32:08] [Server thread/WARN]: [AIBot] PERCEPTION event=snapshot_slow bot=Bob {elapsed_ms=11}
[21:32:09] [Server thread/INFO]: [AIBot] ACTION event=capability_decision bot=Bob {reason=DENIED_STRICT_SURVIVAL, allowed=false, profile=strict_survival, capability=HIDDEN_BLOCK_SCAN, context=observable_block_query}
[21:32:09] [Server thread/INFO]: [AIBot] ACTION event=capability_decision bot=Bob {reason=DENIED_STRICT_SURVIVAL, allowed=false, profile=strict_survival, capability=HIDDEN_BLOCK_SCAN, context=perception_snapshot}
[21:32:09] [Server thread/WARN]: [AIBot] PERCEPTION event=snapshot_slow bot=Bob {elapsed_ms=11}
[21:32:09] [Server thread/INFO]: [AIBot] ACTION event=diag_snapshot bot=Bob {fall=0.0, held=minecraft:oak_planksx7, task_state=COMPLETED, submerged=false, light=13, step=, in_lava=false, task_phase=ESCAPE, goal=none, task_progress=1.0, task=creeper_defense, mode=survival, air=300, food=17, path_idle=true, inv=minecraft:crafting_tablex1 minecraft:oak_planksx7, nearby=animals=0 hostiles=0, mining_idle=true, hp=2.0/20.0, on_ground=true, pos=18,112,44}
[21:32:10] [Server thread/WARN]: [AIBot] PERCEPTION event=snapshot_slow bot=Bob {elapsed_ms=11}
[21:32:10] [Server thread/WARN]: [AIBot] PERCEPTION event=snapshot_slow bot=Bob {elapsed_ms=12}
[21:32:11] [Server thread/WARN]: [AIBot] PERCEPTION event=snapshot_slow bot=Bob {elapsed_ms=12}
[21:32:11] [Server thread/WARN]: [AIBot] PERCEPTION event=snapshot_slow bot=Bob {elapsed_ms=12}
[21:32:11] [Server thread/INFO]: [AIBot] ACTION event=capability_decision bot=Bob {reason=DENIED_STRICT_SURVIVAL, allowed=false, profile=strict_survival, capability=HIDDEN_BLOCK_SCAN, context=diagnostic_nearby}
[21:32:11] [Server thread/INFO]: [AIBot] ACTION event=diag_snapshot bot=Bob {fall=0.0, held=minecraft:oak_planksx7, task_state=COMPLETED, submerged=false, light=13, step=, in_lava=false, task_phase=ESCAPE, goal=none, task_progress=1.0, task=creeper_defense, mode=survival, air=300, food=17, path_idle=true, inv=minecraft:crafting_tablex1 minecraft:oak_planksx7, nearby=animals=0 hostiles=0, mining_idle=true, hp=2.0/20.0, on_ground=true, pos=18,112,44}
[21:32:12] [Server thread/WARN]: [AIBot] PERCEPTION event=snapshot_slow bot=Bob {elapsed_ms=12}
[21:32:12] [Server thread/INFO]: [AIBot] ACTION event=capability_decision bot=Bob {reason=DENIED_STRICT_SURVIVAL, allowed=false, profile=strict_survival, capability=HIDDEN_BLOCK_SCAN, context=observable_entity_query}
[21:32:13] [Server thread/WARN]: [AIBot] PERCEPTION event=snapshot_slow bot=Bob {elapsed_ms=13}
[21:32:13] [Server thread/WARN]: [AIBot] PERCEPTION event=snapshot_slow bot=Bob {elapsed_ms=17}
[21:32:13] [Server thread/INFO]: [AIBot] ACTION event=diag_snapshot bot=Bob {fall=0.0, held=minecraft:oak_planksx7, task_state=COMPLETED, submerged=false, light=13, step=, in_lava=false, task_phase=ESCAPE, goal=none, task_progress=1.0, task=creeper_defense, mode=survival, air=300, food=17, path_idle=true, inv=minecraft:crafting_tablex1 minecraft:oak_planksx7, nearby=animals=0 hostiles=0, mining_idle=true, hp=2.0/20.0, on_ground=true, pos=18,112,44}
[21:32:14] [Server thread/WARN]: [AIBot] PERCEPTION event=snapshot_slow bot=Bob {elapsed_ms=11}
[21:32:14] [Server thread/INFO]: [AIBot] ACTION event=capability_decision bot=Bob {reason=DENIED_STRICT_SURVIVAL, allowed=false, profile=strict_survival, capability=HIDDEN_BLOCK_SCAN, context=observable_block_query}
[21:32:14] [Server thread/INFO]: [AIBot] ACTION event=capability_decision bot=Bob {reason=DENIED_STRICT_SURVIVAL, allowed=false, profile=strict_survival, capability=HIDDEN_BLOCK_SCAN, context=perception_snapshot}
[21:32:14] [Server thread/WARN]: [AIBot] PERCEPTION event=snapshot_slow bot=Bob {elapsed_ms=14}
[21:32:15] [Server thread/WARN]: [AIBot] PERCEPTION event=snapshot_slow bot=Bob {elapsed_ms=11}
[21:32:15] [Server thread/INFO]: [AIBot] ACTION event=diag_snapshot bot=Bob {fall=0.0, held=minecraft:oak_planksx7, task_state=COMPLETED, submerged=false, light=13, step=, in_lava=false, task_phase=ESCAPE, goal=none, task_progress=1.0, task=creeper_defense, mode=survival, air=300, food=17, path_idle=true, inv=minecraft:crafting_tablex1 minecraft:oak_planksx7, nearby=animals=0 hostiles=0, mining_idle=true, hp=2.0/20.0, on_ground=true, pos=18,112,44}
[21:32:16] [Server thread/INFO]: [AIBot] ACTION event=capability_decision bot=Bob {reason=DENIED_STRICT_SURVIVAL, allowed=false, profile=strict_survival, capability=EMERGENCY_TELEPORT, context=danger_dark_trap_surface}
[21:32:16] [Server thread/WARN]: [AIBot] PERCEPTION event=snapshot_slow bot=Bob {elapsed_ms=11}
[21:32:16] [Server thread/WARN]: [AIBot] PERCEPTION event=snapshot_slow bot=Bob {elapsed_ms=12}
[21:32:17] [Server thread/WARN]: [AIBot] PERCEPTION event=snapshot_slow bot=Bob {elapsed_ms=11}
[21:32:17] [Server thread/INFO]: [AIBot] ACTION event=capability_decision bot=Bob {reason=DENIED_STRICT_SURVIVAL, allowed=false, profile=strict_survival, capability=HIDDEN_BLOCK_SCAN, context=observable_entity_query}
[21:32:17] [Server thread/WARN]: [AIBot] PERCEPTION event=snapshot_slow bot=Bob {elapsed_ms=16}
[21:32:17] [Server thread/INFO]: [AIBot] ACTION event=capability_decision bot=Bob {reason=DENIED_STRICT_SURVIVAL, allowed=false, profile=strict_survival, capability=HIDDEN_BLOCK_SCAN, context=diagnostic_nearby}
[21:32:17] [Server thread/INFO]: [AIBot] ACTION event=diag_snapshot bot=Bob {fall=0.0, held=minecraft:oak_planksx7, task_state=COMPLETED, submerged=false, light=13, step=, in_lava=false, task_phase=ESCAPE, goal=none, task_progress=1.0, task=creeper_defense, mode=survival, air=300, food=17, path_idle=true, inv=minecraft:crafting_tablex1 minecraft:oak_planksx7, nearby=animals=0 hostiles=0, mining_idle=true, hp=2.0/20.0, on_ground=true, pos=18,112,44}
[21:32:18] [Server thread/WARN]: [AIBot] PERCEPTION event=snapshot_slow bot=Bob {elapsed_ms=12}
[21:32:19] [Server thread/WARN]: [AIBot] PERCEPTION event=snapshot_slow bot=Bob {elapsed_ms=12}
[21:32:19] [Server thread/INFO]: [AIBot] ACTION event=capability_decision bot=Bob {reason=DENIED_STRICT_SURVIVAL, allowed=false, profile=strict_survival, capability=HIDDEN_BLOCK_SCAN, context=observable_block_query}
[21:32:19] [Server thread/INFO]: [AIBot] ACTION event=capability_decision bot=Bob {reason=DENIED_STRICT_SURVIVAL, allowed=false, profile=strict_survival, capability=HIDDEN_BLOCK_SCAN, context=perception_snapshot}
[21:32:19] [Server thread/WARN]: [AIBot] PERCEPTION event=snapshot_slow bot=Bob {elapsed_ms=12}
[21:32:19] [Server thread/INFO]: [AIBot] ACTION event=diag_snapshot bot=Bob {fall=0.0, held=minecraft:oak_planksx7, task_state=COMPLETED, submerged=false, light=13, step=, in_lava=false, task_phase=ESCAPE, goal=none, task_progress=1.0, task=creeper_defense, mode=survival, air=300, food=17, path_idle=true, inv=minecraft:crafting_tablex1 minecraft:oak_planksx7, nearby=animals=0 hostiles=0, mining_idle=true, hp=2.0/20.0, on_ground=true, pos=18,112,44}
[21:32:20] [Server thread/WARN]: [AIBot] PERCEPTION event=snapshot_slow bot=Bob {elapsed_ms=11}
[21:32:20] [Server thread/WARN]: [AIBot] PERCEPTION event=snapshot_slow bot=Bob {elapsed_ms=18}
[21:32:21] [Server thread/WARN]: [AIBot] PERCEPTION event=snapshot_slow bot=Bob {elapsed_ms=14}
[21:32:21] [Server thread/WARN]: [AIBot] PERCEPTION event=snapshot_slow bot=Bob {elapsed_ms=12}
[21:32:21] [Server thread/INFO]: [AIBot] ACTION event=diag_snapshot bot=Bob {fall=0.0, held=minecraft:oak_planksx7, task_state=COMPLETED, submerged=false, light=13, step=, in_lava=false, task_phase=ESCAPE, goal=none, task_progress=1.0, task=creeper_defense, mode=survival, air=300, food=17, path_idle=true, inv=minecraft:crafting_tablex1 minecraft:oak_planksx7, nearby=animals=0 hostiles=0, mining_idle=true, hp=2.0/20.0, on_ground=true, pos=18,112,44}
[21:32:22] [Server thread/WARN]: [AIBot] PERCEPTION event=snapshot_slow bot=Bob {elapsed_ms=13}
[21:32:22] [Server thread/INFO]: [AIBot] ACTION event=capability_decision bot=Bob {reason=DENIED_STRICT_SURVIVAL, allowed=false, profile=strict_survival, capability=HIDDEN_BLOCK_SCAN, context=observable_entity_query}
[21:32:22] [Server thread/WARN]: [AIBot] PERCEPTION event=snapshot_slow bot=Bob {elapsed_ms=13}
[21:32:23] [Server thread/WARN]: [AIBot] PERCEPTION event=snapshot_slow bot=Bob {elapsed_ms=14}
[21:32:23] [Server thread/WARN]: [AIBot] PERCEPTION event=snapshot_slow bot=Bob {elapsed_ms=11}
[21:32:23] [Server thread/INFO]: [AIBot] ACTION event=capability_decision bot=Bob {reason=DENIED_STRICT_SURVIVAL, allowed=false, profile=strict_survival, capability=HIDDEN_BLOCK_SCAN, context=diagnostic_nearby}
[21:32:23] [Server thread/INFO]: [AIBot] ACTION event=diag_snapshot bot=Bob {fall=0.0, held=minecraft:oak_planksx7, task_state=COMPLETED, submerged=false, light=13, step=, in_lava=false, task_phase=ESCAPE, goal=none, task_progress=1.0, task=creeper_defense, mode=survival, air=300, food=17, path_idle=true, inv=minecraft:crafting_tablex1 minecraft:oak_planksx7, nearby=animals=0 hostiles=0, mining_idle=true, hp=2.0/20.0, on_ground=true, pos=18,112,44}
[21:32:24] [Server thread/WARN]: [AIBot] PERCEPTION event=snapshot_slow bot=Bob {elapsed_ms=16}
[21:32:24] [Server thread/INFO]: [AIBot] ACTION event=capability_decision bot=Bob {reason=DENIED_STRICT_SURVIVAL, allowed=false, profile=strict_survival, capability=EMERGENCY_TELEPORT, context=danger_dark_trap_surface}
[21:32:24] [Server thread/INFO]: [AIBot] ACTION event=capability_decision bot=Bob {reason=DENIED_STRICT_SURVIVAL, allowed=false, profile=strict_survival, capability=HIDDEN_BLOCK_SCAN, context=observable_block_query}
[21:32:24] [Server thread/INFO]: [AIBot] ACTION event=capability_decision bot=Bob {reason=DENIED_STRICT_SURVIVAL, allowed=false, profile=strict_survival, capability=HIDDEN_BLOCK_SCAN, context=perception_snapshot}
[21:32:24] [Server thread/WARN]: [AIBot] PERCEPTION event=snapshot_slow bot=Bob {elapsed_ms=12}
[21:32:25] [Server thread/WARN]: [AIBot] PERCEPTION event=snapshot_slow bot=Bob {elapsed_ms=15}
[21:32:25] [Server thread/INFO]: [AIBot] ACTION event=diag_snapshot bot=Bob {fall=0.0, held=minecraft:oak_planksx7, task_state=COMPLETED, submerged=false, light=13, step=, in_lava=false, task_phase=ESCAPE, goal=none, task_progress=1.0, task=creeper_defense, mode=survival, air=300, food=17, path_idle=true, inv=minecraft:crafting_tablex1 minecraft:oak_planksx7, nearby=animals=0 hostiles=0, mining_idle=true, hp=2.0/20.0, on_ground=true, pos=18,112,44}
[21:32:26] [Server thread/WARN]: [AIBot] PERCEPTION event=snapshot_slow bot=Bob {elapsed_ms=13}
[21:32:26] [Server thread/WARN]: [AIBot] PERCEPTION event=snapshot_slow bot=Bob {elapsed_ms=15}
[21:32:27] [Server thread/WARN]: [AIBot] PERCEPTION event=snapshot_slow bot=Bob {elapsed_ms=13}
[21:32:27] [Server thread/INFO]: [AIBot] ACTION event=capability_decision bot=Bob {reason=DENIED_STRICT_SURVIVAL, allowed=false, profile=strict_survival, capability=HIDDEN_BLOCK_SCAN, context=observable_entity_query}
[21:32:27] [Server thread/INFO]: [AIBot] ACTION event=diag_snapshot bot=Bob {fall=0.0, held=minecraft:oak_planksx7, task_state=COMPLETED, submerged=false, light=13, step=, in_lava=false, task_phase=ESCAPE, goal=none, task_progress=1.0, task=creeper_defense, mode=survival, air=300, food=17, path_idle=true, inv=minecraft:crafting_tablex1 minecraft:oak_planksx7, nearby=animals=0 hostiles=0, mining_idle=true, hp=2.0/20.0, on_ground=true, pos=18,112,44}
[21:32:28] [Server thread/WARN]: [AIBot] PERCEPTION event=snapshot_slow bot=Bob {elapsed_ms=14}
[21:32:28] [Server thread/WARN]: [AIBot] PERCEPTION event=snapshot_slow bot=Bob {elapsed_ms=13}
[21:32:29] [Server thread/WARN]: [AIBot] PERCEPTION event=snapshot_slow bot=Bob {elapsed_ms=11}
[21:32:29] [Server thread/INFO]: [AIBot] ACTION event=capability_decision bot=Bob {reason=DENIED_STRICT_SURVIVAL, allowed=false, profile=strict_survival, capability=HIDDEN_BLOCK_SCAN, context=observable_block_query}
[21:32:29] [Server thread/INFO]: [AIBot] ACTION event=capability_decision bot=Bob {reason=DENIED_STRICT_SURVIVAL, allowed=false, profile=strict_survival, capability=HIDDEN_BLOCK_SCAN, context=perception_snapshot}
[21:32:29] [Server thread/WARN]: [AIBot] PERCEPTION event=snapshot_slow bot=Bob {elapsed_ms=17}
[21:32:29] [Server thread/INFO]: [AIBot] ACTION event=capability_decision bot=Bob {reason=DENIED_STRICT_SURVIVAL, allowed=false, profile=strict_survival, capability=HIDDEN_BLOCK_SCAN, context=diagnostic_nearby}
[21:32:29] [Server thread/INFO]: [AIBot] ACTION event=diag_snapshot bot=Bob {fall=0.0, held=minecraft:oak_planksx7, task_state=COMPLETED, submerged=false, light=13, step=, in_lava=false, task_phase=ESCAPE, goal=none, task_progress=1.0, task=creeper_defense, mode=survival, air=300, food=17, path_idle=true, inv=minecraft:crafting_tablex1 minecraft:oak_planksx7, nearby=animals=0 hostiles=0, mining_idle=true, hp=2.0/20.0, on_ground=true, pos=18,112,44}
[21:32:30] [Server thread/WARN]: [AIBot] PERCEPTION event=snapshot_slow bot=Bob {elapsed_ms=11}
[21:32:30] [Server thread/WARN]: [AIBot] PERCEPTION event=snapshot_slow bot=Bob {elapsed_ms=13}
[21:32:31] [Server thread/WARN]: [AIBot] PERCEPTION event=snapshot_slow bot=Bob {elapsed_ms=14}
[21:32:31] [Server thread/WARN]: [AIBot] PERCEPTION event=snapshot_slow bot=Bob {elapsed_ms=18}
[21:32:31] [Server thread/INFO]: [AIBot] ACTION event=diag_snapshot bot=Bob {fall=0.0, held=minecraft:oak_planksx7, task_state=COMPLETED, submerged=false, light=13, step=, in_lava=false, task_phase=ESCAPE, goal=none, task_progress=1.0, task=creeper_defense, mode=survival, air=300, food=17, path_idle=true, inv=minecraft:crafting_tablex1 minecraft:oak_planksx7, nearby=animals=0 hostiles=1(enderman@5), mining_idle=true, hp=2.0/20.0, on_ground=true, pos=18,112,44}
[21:32:32] [Server thread/WARN]: [AIBot] PERCEPTION event=snapshot_slow bot=Bob {elapsed_ms=13}
[21:32:32] [Server thread/INFO]: [AIBot] ACTION event=capability_decision bot=Bob {reason=DENIED_STRICT_SURVIVAL, allowed=false, profile=strict_survival, capability=EMERGENCY_TELEPORT, context=danger_dark_trap_surface}
[21:32:32] [Server thread/INFO]: [AIBot] ACTION event=capability_decision bot=Bob {reason=DENIED_STRICT_SURVIVAL, allowed=false, profile=strict_survival, capability=HIDDEN_BLOCK_SCAN, context=observable_entity_query}
[21:32:32] [Server thread/WARN]: [AIBot] PERCEPTION event=snapshot_slow bot=Bob {elapsed_ms=12}
[21:32:33] [Server thread/WARN]: [AIBot] PERCEPTION event=snapshot_slow bot=Bob {elapsed_ms=16}
[21:32:33] [Server thread/WARN]: [AIBot] PERCEPTION event=snapshot_slow bot=Bob {elapsed_ms=14}
[21:32:33] [Server thread/INFO]: [AIBot] ACTION event=diag_snapshot bot=Bob {fall=0.0, held=minecraft:oak_planksx7, task_state=COMPLETED, submerged=false, light=13, step=, in_lava=false, task_phase=ESCAPE, goal=none, task_progress=1.0, task=creeper_defense, mode=survival, air=300, food=17, path_idle=true, inv=minecraft:crafting_tablex1 minecraft:oak_planksx7, nearby=animals=0 hostiles=1(enderman@5), mining_idle=true, hp=2.0/20.0, on_ground=true, pos=18,112,44}
[21:32:34] [Server thread/WARN]: [AIBot] PERCEPTION event=snapshot_slow bot=Bob {elapsed_ms=11}
[21:32:34] [Server thread/INFO]: [AIBot] ACTION event=capability_decision bot=Bob {reason=DENIED_STRICT_SURVIVAL, allowed=false, profile=strict_survival, capability=HIDDEN_BLOCK_SCAN, context=observable_block_query}
[21:32:34] [Server thread/INFO]: [AIBot] ACTION event=capability_decision bot=Bob {reason=DENIED_STRICT_SURVIVAL, allowed=false, profile=strict_survival, capability=HIDDEN_BLOCK_SCAN, context=perception_snapshot}
[21:32:34] [Server thread/WARN]: [AIBot] PERCEPTION event=snapshot_slow bot=Bob {elapsed_ms=12}
[21:32:35] [Server thread/WARN]: [AIBot] PERCEPTION event=snapshot_slow bot=Bob {elapsed_ms=15}
[21:32:35] [Server thread/WARN]: [AIBot] PERCEPTION event=snapshot_slow bot=Bob {elapsed_ms=11}
[21:32:35] [Server thread/INFO]: [AIBot] ACTION event=capability_decision bot=Bob {reason=DENIED_STRICT_SURVIVAL, allowed=false, profile=strict_survival, capability=HIDDEN_BLOCK_SCAN, context=diagnostic_nearby}
[21:32:35] [Server thread/INFO]: [AIBot] ACTION event=diag_snapshot bot=Bob {fall=0.0, held=minecraft:oak_planksx7, task_state=COMPLETED, submerged=false, light=13, step=, in_lava=false, task_phase=ESCAPE, goal=none, task_progress=1.0, task=creeper_defense, mode=survival, air=300, food=17, path_idle=true, inv=minecraft:crafting_tablex1 minecraft:oak_planksx7, nearby=animals=0 hostiles=1(enderman@5), mining_idle=true, hp=2.0/20.0, on_ground=true, pos=18,112,44}
[21:32:36] [Server thread/WARN]: [AIBot] PERCEPTION event=snapshot_slow bot=Bob {elapsed_ms=11}
[21:32:36] [Server thread/WARN]: [AIBot] PERCEPTION event=snapshot_slow bot=Bob {elapsed_ms=12}
[21:32:37] [Server thread/INFO]: [AIBot] ACTION event=capability_decision bot=Bob {reason=DENIED_STRICT_SURVIVAL, allowed=false, profile=strict_survival, capability=HIDDEN_BLOCK_SCAN, context=observable_entity_query}
[21:32:37] [Server thread/WARN]: [AIBot] PERCEPTION event=snapshot_slow bot=Bob {elapsed_ms=18}
[21:32:37] [Server thread/INFO]: [AIBot] ACTION event=diag_snapshot bot=Bob {fall=0.0, held=minecraft:oak_planksx7, task_state=COMPLETED, submerged=false, light=13, step=, in_lava=false, task_phase=ESCAPE, goal=none, task_progress=1.0, task=creeper_defense, mode=survival, air=300, food=17, path_idle=true, inv=minecraft:crafting_tablex1 minecraft:oak_planksx7, nearby=animals=0 hostiles=1(enderman@5), mining_idle=true, hp=2.0/20.0, on_ground=true, pos=18,112,44}
[21:32:38] [Server thread/WARN]: [AIBot] PERCEPTION event=snapshot_slow bot=Bob {elapsed_ms=11}
[21:32:39] [Server thread/WARN]: [AIBot] PERCEPTION event=snapshot_slow bot=Bob {elapsed_ms=15}
[21:32:39] [Server thread/INFO]: [AIBot] LIFECYCLE event=mixin_alive bot=- {server_tick=4800}
[21:32:39] [Server thread/INFO]: [AIBot] ACTION event=capability_decision bot=Bob {reason=DENIED_STRICT_SURVIVAL, allowed=false, profile=strict_survival, capability=HIDDEN_BLOCK_SCAN, context=observable_block_query}
[21:32:39] [Server thread/INFO]: [AIBot] ACTION event=capability_decision bot=Bob {reason=DENIED_STRICT_SURVIVAL, allowed=false, profile=strict_survival, capability=HIDDEN_BLOCK_SCAN, context=perception_snapshot}
[21:32:39] [Server thread/WARN]: [AIBot] PERCEPTION event=snapshot_slow bot=Bob {elapsed_ms=15}
[21:32:39] [Server thread/INFO]: [AIBot] ACTION event=diag_snapshot bot=Bob {fall=0.0, held=minecraft:oak_planksx7, task_state=COMPLETED, submerged=false, light=13, step=, in_lava=false, task_phase=ESCAPE, goal=none, task_progress=1.0, task=creeper_defense, mode=survival, air=300, food=17, path_idle=true, inv=minecraft:crafting_tablex1 minecraft:oak_planksx7, nearby=animals=0 hostiles=1(enderman@5), mining_idle=true, hp=2.0/20.0, on_ground=true, pos=18,112,44}
[21:32:40] [Server thread/WARN]: [AIBot] PERCEPTION event=snapshot_slow bot=Bob {elapsed_ms=11}
[21:32:40] [Server thread/INFO]: [AIBot] ACTION event=capability_decision bot=Bob {reason=DENIED_STRICT_SURVIVAL, allowed=false, profile=strict_survival, capability=EMERGENCY_TELEPORT, context=danger_dark_trap_surface}
[21:32:40] [Server thread/WARN]: [AIBot] PERCEPTION event=snapshot_slow bot=Bob {elapsed_ms=11}
[21:32:41] [Server thread/WARN]: [AIBot] PERCEPTION event=snapshot_slow bot=Bob {elapsed_ms=11}
[21:32:41] [Server thread/WARN]: [AIBot] PERCEPTION event=snapshot_slow bot=Bob {elapsed_ms=14}
[21:32:41] [Server thread/INFO]: [AIBot] ACTION event=capability_decision bot=Bob {reason=DENIED_STRICT_SURVIVAL, allowed=false, profile=strict_survival, capability=HIDDEN_BLOCK_SCAN, context=diagnostic_nearby}
[21:32:41] [Server thread/INFO]: [AIBot] ACTION event=diag_snapshot bot=Bob {fall=0.0, held=minecraft:oak_planksx7, task_state=COMPLETED, submerged=false, light=13, step=, in_lava=false, task_phase=ESCAPE, goal=none, task_progress=1.0, task=creeper_defense, mode=survival, air=300, food=17, path_idle=true, inv=minecraft:crafting_tablex1 minecraft:oak_planksx7, nearby=animals=0 hostiles=0, mining_idle=true, hp=2.0/20.0, on_ground=true, pos=18,112,44}
[21:32:42] [Server thread/WARN]: [AIBot] PERCEPTION event=snapshot_slow bot=Bob {elapsed_ms=11}
[21:32:42] [Server thread/INFO]: [AIBot] ACTION event=capability_decision bot=Bob {reason=DENIED_STRICT_SURVIVAL, allowed=false, profile=strict_survival, capability=HIDDEN_BLOCK_SCAN, context=observable_entity_query}
[21:32:42] [Server thread/WARN]: [AIBot] PERCEPTION event=snapshot_slow bot=Bob {elapsed_ms=13}
[21:32:43] [Server thread/WARN]: [AIBot] PERCEPTION event=snapshot_slow bot=Bob {elapsed_ms=11}
[21:32:43] [Server thread/INFO]: [AIBot] ACTION event=diag_snapshot bot=Bob {fall=0.0, held=minecraft:oak_planksx7, task_state=COMPLETED, submerged=false, light=13, step=, in_lava=false, task_phase=ESCAPE, goal=none, task_progress=1.0, task=creeper_defense, mode=survival, air=300, food=17, path_idle=true, inv=minecraft:crafting_tablex1 minecraft:oak_planksx7, nearby=animals=0 hostiles=0, mining_idle=true, hp=2.0/20.0, on_ground=true, pos=18,112,44}
[21:32:44] [Server thread/WARN]: [AIBot] PERCEPTION event=snapshot_slow bot=Bob {elapsed_ms=11}
[21:32:44] [Server thread/INFO]: [AIBot] ACTION event=capability_decision bot=Bob {reason=DENIED_STRICT_SURVIVAL, allowed=false, profile=strict_survival, capability=HIDDEN_BLOCK_SCAN, context=observable_block_query}
[21:32:44] [Server thread/INFO]: [AIBot] ACTION event=capability_decision bot=Bob {reason=DENIED_STRICT_SURVIVAL, allowed=false, profile=strict_survival, capability=HIDDEN_BLOCK_SCAN, context=perception_snapshot}
[21:32:44] [Server thread/WARN]: [AIBot] PERCEPTION event=snapshot_slow bot=Bob {elapsed_ms=13}
[21:32:45] [Server thread/WARN]: [AIBot] PERCEPTION event=snapshot_slow bot=Bob {elapsed_ms=11}
[21:32:45] [Server thread/WARN]: [AIBot] PERCEPTION event=snapshot_slow bot=Bob {elapsed_ms=12}
[21:32:45] [Server thread/INFO]: [AIBot] ACTION event=diag_snapshot bot=Bob {fall=0.0, held=minecraft:oak_planksx7, task_state=COMPLETED, submerged=false, light=13, step=, in_lava=false, task_phase=ESCAPE, goal=none, task_progress=1.0, task=creeper_defense, mode=survival, air=300, food=17, path_idle=true, inv=minecraft:crafting_tablex1 minecraft:oak_planksx7, nearby=animals=0 hostiles=0, mining_idle=true, hp=2.0/20.0, on_ground=true, pos=18,112,44}
[21:32:46] [Server thread/WARN]: [AIBot] PERCEPTION event=snapshot_slow bot=Bob {elapsed_ms=11}
[21:32:47] [Server thread/INFO]: [AIBot] ACTION event=capability_decision bot=Bob {reason=DENIED_STRICT_SURVIVAL, allowed=false, profile=strict_survival, capability=HIDDEN_BLOCK_SCAN, context=observable_entity_query}
[21:32:47] [Server thread/WARN]: [AIBot] PERCEPTION event=snapshot_slow bot=Bob {elapsed_ms=12}
[21:32:47] [Server thread/INFO]: [AIBot] ACTION event=capability_decision bot=Bob {reason=DENIED_STRICT_SURVIVAL, allowed=false, profile=strict_survival, capability=HIDDEN_BLOCK_SCAN, context=diagnostic_nearby}
[21:32:47] [Server thread/INFO]: [AIBot] ACTION event=diag_snapshot bot=Bob {fall=0.0, held=minecraft:oak_planksx7, task_state=COMPLETED, submerged=false, light=13, step=, in_lava=false, task_phase=ESCAPE, goal=none, task_progress=1.0, task=creeper_defense, mode=survival, air=300, food=17, path_idle=true, inv=minecraft:crafting_tablex1 minecraft:oak_planksx7, nearby=animals=0 hostiles=0, mining_idle=true, hp=2.0/20.0, on_ground=true, pos=18,112,44}
[21:32:48] [Server thread/WARN]: [AIBot] PERCEPTION event=snapshot_slow bot=Bob {elapsed_ms=11}
[21:32:48] [Server thread/INFO]: [AIBot] ACTION event=capability_decision bot=Bob {reason=DENIED_STRICT_SURVIVAL, allowed=false, profile=strict_survival, capability=EMERGENCY_TELEPORT, context=danger_dark_trap_surface}
[21:32:48] [Server thread/WARN]: [AIBot] PERCEPTION event=snapshot_slow bot=Bob {elapsed_ms=11}
[21:32:49] [Server thread/WARN]: [AIBot] PERCEPTION event=snapshot_slow bot=Bob {elapsed_ms=11}
[21:32:49] [Server thread/INFO]: [AIBot] ACTION event=capability_decision bot=Bob {reason=DENIED_STRICT_SURVIVAL, allowed=false, profile=strict_survival, capability=HIDDEN_BLOCK_SCAN, context=observable_block_query}
[21:32:49] [Server thread/INFO]: [AIBot] ACTION event=capability_decision bot=Bob {reason=DENIED_STRICT_SURVIVAL, allowed=false, profile=strict_survival, capability=HIDDEN_BLOCK_SCAN, context=perception_snapshot}
[21:32:49] [Server thread/WARN]: [AIBot] PERCEPTION event=snapshot_slow bot=Bob {elapsed_ms=17}
[21:32:49] [Server thread/INFO]: [AIBot] ACTION event=diag_snapshot bot=Bob {fall=0.0, held=minecraft:oak_planksx7, task_state=COMPLETED, submerged=false, light=13, step=, in_lava=false, task_phase=ESCAPE, goal=none, task_progress=1.0, task=creeper_defense, mode=survival, air=300, food=17, path_idle=true, inv=minecraft:crafting_tablex1 minecraft:oak_planksx7, nearby=animals=0 hostiles=0, mining_idle=true, hp=2.0/20.0, on_ground=true, pos=18,112,44}
[21:32:51] [Server thread/WARN]: [AIBot] PERCEPTION event=snapshot_slow bot=Bob {elapsed_ms=11}
[21:32:51] [Server thread/WARN]: [AIBot] PERCEPTION event=snapshot_slow bot=Bob {elapsed_ms=12}
[21:32:51] [Server thread/INFO]: [AIBot] ACTION event=diag_snapshot bot=Bob {fall=0.0, held=minecraft:oak_planksx7, task_state=COMPLETED, submerged=false, light=13, step=, in_lava=false, task_phase=ESCAPE, goal=none, task_progress=1.0, task=creeper_defense, mode=survival, air=300, food=17, path_idle=true, inv=minecraft:crafting_tablex1 minecraft:oak_planksx7, nearby=animals=0 hostiles=0, mining_idle=true, hp=2.0/20.0, on_ground=true, pos=18,112,44}
[21:32:52] [Server thread/WARN]: [AIBot] PERCEPTION event=snapshot_slow bot=Bob {elapsed_ms=14}
[21:32:52] [Server thread/INFO]: [AIBot] ACTION event=capability_decision bot=Bob {reason=DENIED_STRICT_SURVIVAL, allowed=false, profile=strict_survival, capability=HIDDEN_BLOCK_SCAN, context=observable_entity_query}
[21:32:52] [Server thread/WARN]: [AIBot] PERCEPTION event=snapshot_slow bot=Bob {elapsed_ms=11}
[21:32:53] [Server thread/WARN]: [AIBot] PERCEPTION event=snapshot_slow bot=Bob {elapsed_ms=11}
[21:32:53] [Server thread/INFO]: [AIBot] ACTION event=capability_decision bot=Bob {reason=DENIED_STRICT_SURVIVAL, allowed=false, profile=strict_survival, capability=HIDDEN_BLOCK_SCAN, context=diagnostic_nearby}
[21:32:53] [Server thread/INFO]: [AIBot] ACTION event=diag_snapshot bot=Bob {fall=0.0, held=minecraft:oak_planksx7, task_state=COMPLETED, submerged=false, light=13, step=, in_lava=false, task_phase=ESCAPE, goal=none, task_progress=1.0, task=creeper_defense, mode=survival, air=300, food=17, path_idle=true, inv=minecraft:crafting_tablex1 minecraft:oak_planksx7, nearby=animals=0 hostiles=0, mining_idle=true, hp=2.0/20.0, on_ground=true, pos=18,112,44}
[21:32:54] [Server thread/INFO]: [AIBot] ACTION event=capability_decision bot=Bob {reason=DENIED_STRICT_SURVIVAL, allowed=false, profile=strict_survival, capability=HIDDEN_BLOCK_SCAN, context=observable_block_query}
[21:32:54] [Server thread/INFO]: [AIBot] ACTION event=capability_decision bot=Bob {reason=DENIED_STRICT_SURVIVAL, allowed=false, profile=strict_survival, capability=HIDDEN_BLOCK_SCAN, context=perception_snapshot}
[21:32:54] [Server thread/WARN]: [AIBot] PERCEPTION event=snapshot_slow bot=Bob {elapsed_ms=12}
[21:32:55] [Server thread/WARN]: [AIBot] PERCEPTION event=snapshot_slow bot=Bob {elapsed_ms=11}
[21:32:55] [Server thread/INFO]: [AIBot] ACTION event=diag_snapshot bot=Bob {fall=0.0, held=minecraft:oak_planksx7, task_state=COMPLETED, submerged=false, light=13, step=, in_lava=false, task_phase=ESCAPE, goal=none, task_progress=1.0, task=creeper_defense, mode=survival, air=300, food=17, path_idle=true, inv=minecraft:crafting_tablex1 minecraft:oak_planksx7, nearby=animals=0 hostiles=0, mining_idle=true, hp=2.0/20.0, on_ground=true, pos=18,112,44}
[21:32:56] [Server thread/WARN]: [AIBot] PERCEPTION event=snapshot_slow bot=Bob {elapsed_ms=12}
[21:32:56] [Server thread/INFO]: [AIBot] ACTION event=capability_decision bot=Bob {reason=DENIED_STRICT_SURVIVAL, allowed=false, profile=strict_survival, capability=EMERGENCY_TELEPORT, context=danger_dark_trap_surface}
[21:32:56] [Server thread/WARN]: [AIBot] PERCEPTION event=snapshot_slow bot=Bob {elapsed_ms=12}
[21:32:57] [Server thread/WARN]: [AIBot] PERCEPTION event=snapshot_slow bot=Bob {elapsed_ms=11}
[21:32:57] [Server thread/INFO]: [AIBot] ACTION event=capability_decision bot=Bob {reason=DENIED_STRICT_SURVIVAL, allowed=false, profile=strict_survival, capability=HIDDEN_BLOCK_SCAN, context=observable_entity_query}
[21:32:57] [Server thread/WARN]: [AIBot] PERCEPTION event=snapshot_slow bot=Bob {elapsed_ms=12}
[21:32:57] [Server thread/INFO]: [AIBot] ACTION event=diag_snapshot bot=Bob {fall=0.0, held=minecraft:oak_planksx7, task_state=COMPLETED, submerged=false, light=13, step=, in_lava=false, task_phase=ESCAPE, goal=none, task_progress=1.0, task=creeper_defense, mode=survival, air=300, food=17, path_idle=true, inv=minecraft:crafting_tablex1 minecraft:oak_planksx7, nearby=animals=0 hostiles=0, mining_idle=true, hp=2.0/20.0, on_ground=true, pos=18,112,44}
[21:32:58] [Server thread/WARN]: [AIBot] PERCEPTION event=snapshot_slow bot=Bob {elapsed_ms=11}
[21:32:59] [Server thread/WARN]: [AIBot] PERCEPTION event=snapshot_slow bot=Bob {elapsed_ms=11}
[21:32:59] [Server thread/INFO]: [AIBot] ACTION event=capability_decision bot=Bob {reason=DENIED_STRICT_SURVIVAL, allowed=false, profile=strict_survival, capability=HIDDEN_BLOCK_SCAN, context=observable_block_query}
[21:32:59] [Server thread/INFO]: [AIBot] ACTION event=capability_decision bot=Bob {reason=DENIED_STRICT_SURVIVAL, allowed=false, profile=strict_survival, capability=HIDDEN_BLOCK_SCAN, context=perception_snapshot}
[21:32:59] [Server thread/WARN]: [AIBot] PERCEPTION event=snapshot_slow bot=Bob {elapsed_ms=14}
[21:32:59] [Server thread/INFO]: [AIBot] ACTION event=capability_decision bot=Bob {reason=DENIED_STRICT_SURVIVAL, allowed=false, profile=strict_survival, capability=HIDDEN_BLOCK_SCAN, context=diagnostic_nearby}
[21:32:59] [Server thread/INFO]: [AIBot] ACTION event=diag_snapshot bot=Bob {fall=0.0, held=minecraft:oak_planksx7, task_state=COMPLETED, submerged=false, light=13, step=, in_lava=false, task_phase=ESCAPE, goal=none, task_progress=1.0, task=creeper_defense, mode=survival, air=300, food=17, path_idle=true, inv=minecraft:crafting_tablex1 minecraft:oak_planksx7, nearby=animals=0 hostiles=0, mining_idle=true, hp=2.0/20.0, on_ground=true, pos=18,112,44}
[21:33:00] [Server thread/WARN]: [AIBot] PERCEPTION event=snapshot_slow bot=Bob {elapsed_ms=12}
[21:33:00] [Server thread/WARN]: [AIBot] PERCEPTION event=snapshot_slow bot=Bob {elapsed_ms=11}
[21:33:01] [Server thread/WARN]: [AIBot] PERCEPTION event=snapshot_slow bot=Bob {elapsed_ms=13}
[21:33:01] [Server thread/WARN]: [AIBot] PERCEPTION event=snapshot_slow bot=Bob {elapsed_ms=12}
[21:33:01] [Server thread/INFO]: [AIBot] ACTION event=diag_snapshot bot=Bob {fall=0.0, held=minecraft:oak_planksx7, task_state=COMPLETED, submerged=false, light=13, step=, in_lava=false, task_phase=ESCAPE, goal=none, task_progress=1.0, task=creeper_defense, mode=survival, air=300, food=17, path_idle=true, inv=minecraft:crafting_tablex1 minecraft:oak_planksx7, nearby=animals=0 hostiles=0, mining_idle=true, hp=2.0/20.0, on_ground=true, pos=18,112,44}
[21:33:02] [Server thread/WARN]: [AIBot] PERCEPTION event=snapshot_slow bot=Bob {elapsed_ms=11}
[21:33:02] [Server thread/INFO]: [AIBot] ACTION event=capability_decision bot=Bob {reason=DENIED_STRICT_SURVIVAL, allowed=false, profile=strict_survival, capability=HIDDEN_BLOCK_SCAN, context=observable_entity_query}
[21:33:02] [Server thread/WARN]: [AIBot] PERCEPTION event=snapshot_slow bot=Bob {elapsed_ms=12}
[21:33:03] [Server thread/INFO]: [AIBot] ACTION event=diag_snapshot bot=Bob {fall=0.0, held=minecraft:oak_planksx7, task_state=COMPLETED, submerged=false, light=13, step=, in_lava=false, task_phase=ESCAPE, goal=none, task_progress=1.0, task=creeper_defense, mode=survival, air=300, food=17, path_idle=true, inv=minecraft:crafting_tablex1 minecraft:oak_planksx7, nearby=animals=0 hostiles=0, mining_idle=true, hp=2.0/20.0, on_ground=true, pos=18,112,44}
[21:33:04] [Server thread/INFO]: [AIBot] ACTION event=capability_decision bot=Bob {reason=DENIED_STRICT_SURVIVAL, allowed=false, profile=strict_survival, capability=EMERGENCY_TELEPORT, context=danger_dark_trap_surface}
[21:33:04] [Server thread/INFO]: [AIBot] ACTION event=capability_decision bot=Bob {reason=DENIED_STRICT_SURVIVAL, allowed=false, profile=strict_survival, capability=HIDDEN_BLOCK_SCAN, context=observable_block_query}
[21:33:04] [Server thread/INFO]: [AIBot] ACTION event=capability_decision bot=Bob {reason=DENIED_STRICT_SURVIVAL, allowed=false, profile=strict_survival, capability=HIDDEN_BLOCK_SCAN, context=perception_snapshot}
[21:33:04] [Server thread/WARN]: [AIBot] PERCEPTION event=snapshot_slow bot=Bob {elapsed_ms=11}
[21:33:05] [Server thread/WARN]: [AIBot] PERCEPTION event=snapshot_slow bot=Bob {elapsed_ms=13}
[21:33:05] [Server thread/INFO]: [AIBot] ACTION event=capability_decision bot=Bob {reason=DENIED_STRICT_SURVIVAL, allowed=false, profile=strict_survival, capability=HIDDEN_BLOCK_SCAN, context=diagnostic_nearby}
[21:33:05] [Server thread/INFO]: [AIBot] ACTION event=diag_snapshot bot=Bob {fall=0.0, held=minecraft:oak_planksx7, task_state=COMPLETED, submerged=false, light=13, step=, in_lava=false, task_phase=ESCAPE, goal=none, task_progress=1.0, task=creeper_defense, mode=survival, air=300, food=17, path_idle=true, inv=minecraft:crafting_tablex1 minecraft:oak_planksx7, nearby=animals=0 hostiles=0, mining_idle=true, hp=2.0/20.0, on_ground=true, pos=18,112,44}
[21:33:06] [Server thread/WARN]: [AIBot] PERCEPTION event=snapshot_slow bot=Bob {elapsed_ms=11}
[21:33:07] [Server thread/WARN]: [AIBot] PERCEPTION event=snapshot_slow bot=Bob {elapsed_ms=11}
[21:33:07] [Server thread/INFO]: [AIBot] ACTION event=capability_decision bot=Bob {reason=DENIED_STRICT_SURVIVAL, allowed=false, profile=strict_survival, capability=HIDDEN_BLOCK_SCAN, context=observable_entity_query}
[21:33:07] [Server thread/WARN]: [AIBot] PERCEPTION event=snapshot_slow bot=Bob {elapsed_ms=11}
[21:33:07] [Server thread/INFO]: [AIBot] ACTION event=diag_snapshot bot=Bob {fall=0.0, held=minecraft:oak_planksx7, task_state=COMPLETED, submerged=false, light=13, step=, in_lava=false, task_phase=ESCAPE, goal=none, task_progress=1.0, task=creeper_defense, mode=survival, air=300, food=17, path_idle=true, inv=minecraft:crafting_tablex1 minecraft:oak_planksx7, nearby=animals=0 hostiles=1(enderman@3), mining_idle=true, hp=2.0/20.0, on_ground=true, pos=18,112,44}
[21:33:08] [Server thread/WARN]: [AIBot] PERCEPTION event=snapshot_slow bot=Bob {elapsed_ms=11}
[21:33:08] [Server thread/WARN]: [AIBot] PERCEPTION event=snapshot_slow bot=Bob {elapsed_ms=18}
[21:33:09] [Server thread/INFO]: [AIBot] ACTION event=capability_decision bot=Bob {reason=DENIED_STRICT_SURVIVAL, allowed=false, profile=strict_survival, capability=HIDDEN_BLOCK_SCAN, context=observable_block_query}
[21:33:09] [Server thread/INFO]: [AIBot] ACTION event=capability_decision bot=Bob {reason=DENIED_STRICT_SURVIVAL, allowed=false, profile=strict_survival, capability=HIDDEN_BLOCK_SCAN, context=perception_snapshot}
[21:33:09] [Server thread/WARN]: [AIBot] PERCEPTION event=snapshot_slow bot=Bob {elapsed_ms=11}
[21:33:09] [Server thread/INFO]: [AIBot] ACTION event=diag_snapshot bot=Bob {fall=0.0, held=minecraft:oak_planksx7, task_state=COMPLETED, submerged=false, light=13, step=, in_lava=false, task_phase=ESCAPE, goal=none, task_progress=1.0, task=creeper_defense, mode=survival, air=300, food=17, path_idle=true, inv=minecraft:crafting_tablex1 minecraft:oak_planksx7, nearby=animals=0 hostiles=0, mining_idle=true, hp=2.0/20.0, on_ground=true, pos=18,112,44}
[21:33:10] [Server thread/WARN]: [AIBot] PERCEPTION event=snapshot_slow bot=Bob {elapsed_ms=13}
[21:33:10] [Server thread/WARN]: [AIBot] PERCEPTION event=snapshot_slow bot=Bob {elapsed_ms=12}
[21:33:11] [Server thread/INFO]: [AIBot] ACTION event=capability_decision bot=Bob {reason=DENIED_STRICT_SURVIVAL, allowed=false, profile=strict_survival, capability=HIDDEN_BLOCK_SCAN, context=diagnostic_nearby}
[21:33:11] [Server thread/INFO]: [AIBot] ACTION event=diag_snapshot bot=Bob {fall=0.0, held=minecraft:oak_planksx7, task_state=COMPLETED, submerged=false, light=13, step=, in_lava=false, task_phase=ESCAPE, goal=none, task_progress=1.0, task=creeper_defense, mode=survival, air=300, food=17, path_idle=true, inv=minecraft:crafting_tablex1 minecraft:oak_planksx7, nearby=animals=0 hostiles=0, mining_idle=true, hp=2.0/20.0, on_ground=true, pos=18,112,44}
[21:33:12] [Server thread/WARN]: [AIBot] PERCEPTION event=snapshot_slow bot=Bob {elapsed_ms=11}
[21:33:12] [Server thread/INFO]: [AIBot] ACTION event=capability_decision bot=Bob {reason=DENIED_STRICT_SURVIVAL, allowed=false, profile=strict_survival, capability=EMERGENCY_TELEPORT, context=danger_dark_trap_surface}
[21:33:12] [Server thread/WARN]: [AIBot] PERCEPTION event=snapshot_slow bot=Bob {elapsed_ms=11}
[21:33:13] [Server thread/WARN]: [AIBot] PERCEPTION event=snapshot_slow bot=Bob {elapsed_ms=11}
[21:33:13] [Server thread/WARN]: [AIBot] PERCEPTION event=snapshot_slow bot=Bob {elapsed_ms=13}
[21:33:13] [Server thread/INFO]: [AIBot] ACTION event=capability_decision bot=Bob {reason=DENIED_STRICT_SURVIVAL, allowed=false, profile=strict_survival, capability=HIDDEN_BLOCK_SCAN, context=observable_entity_query}
[21:33:13] [Server thread/INFO]: [AIBot] ACTION event=diag_snapshot bot=Bob {fall=0.0, held=minecraft:oak_planksx7, task_state=COMPLETED, submerged=false, light=13, step=, in_lava=false, task_phase=ESCAPE, goal=none, task_progress=1.0, task=creeper_defense, mode=survival, air=300, food=17, path_idle=true, inv=minecraft:crafting_tablex1 minecraft:oak_planksx7, nearby=animals=0 hostiles=0, mining_idle=true, hp=2.0/20.0, on_ground=true, pos=18,112,44}
[21:33:14] [Server thread/WARN]: [AIBot] PERCEPTION event=snapshot_slow bot=Bob {elapsed_ms=12}
[21:33:14] [Server thread/INFO]: [AIBot] ACTION event=capability_decision bot=Bob {reason=DENIED_STRICT_SURVIVAL, allowed=false, profile=strict_survival, capability=HIDDEN_BLOCK_SCAN, context=observable_block_query}
[21:33:14] [Server thread/INFO]: [AIBot] ACTION event=capability_decision bot=Bob {reason=DENIED_STRICT_SURVIVAL, allowed=false, profile=strict_survival, capability=HIDDEN_BLOCK_SCAN, context=perception_snapshot}
[21:33:14] [Server thread/WARN]: [AIBot] PERCEPTION event=snapshot_slow bot=Bob {elapsed_ms=11}
[21:33:15] [Server thread/WARN]: [AIBot] PERCEPTION event=snapshot_slow bot=Bob {elapsed_ms=11}
[21:33:15] [Server thread/WARN]: [AIBot] PERCEPTION event=snapshot_slow bot=Bob {elapsed_ms=12}
[21:33:15] [Server thread/INFO]: [AIBot] ACTION event=diag_snapshot bot=Bob {fall=0.0, held=minecraft:oak_planksx7, task_state=COMPLETED, submerged=false, light=13, step=, in_lava=false, task_phase=ESCAPE, goal=none, task_progress=1.0, task=creeper_defense, mode=survival, air=300, food=17, path_idle=true, inv=minecraft:crafting_tablex1 minecraft:oak_planksx7, nearby=animals=0 hostiles=0, mining_idle=true, hp=2.0/20.0, on_ground=true, pos=18,112,44}
[21:33:16] [Server thread/WARN]: [AIBot] PERCEPTION event=snapshot_slow bot=Bob {elapsed_ms=12}
[21:33:16] [Server thread/WARN]: [AIBot] PERCEPTION event=snapshot_slow bot=Bob {elapsed_ms=12}
[21:33:17] [Server thread/WARN]: [AIBot] PERCEPTION event=snapshot_slow bot=Bob {elapsed_ms=11}
[21:33:17] [Server thread/INFO]: [AIBot] ACTION event=capability_decision bot=Bob {reason=DENIED_STRICT_SURVIVAL, allowed=false, profile=strict_survival, capability=HIDDEN_BLOCK_SCAN, context=diagnostic_nearby}
[21:33:17] [Server thread/INFO]: [AIBot] ACTION event=diag_snapshot bot=Bob {fall=0.0, held=minecraft:oak_planksx7, task_state=COMPLETED, submerged=false, light=13, step=, in_lava=false, task_phase=ESCAPE, goal=none, task_progress=1.0, task=creeper_defense, mode=survival, air=300, food=17, path_idle=true, inv=minecraft:crafting_tablex1 minecraft:oak_planksx7, nearby=animals=0 hostiles=0, mining_idle=true, hp=2.0/20.0, on_ground=true, pos=18,112,44}
[21:33:18] [Server thread/WARN]: [AIBot] PERCEPTION event=snapshot_slow bot=Bob {elapsed_ms=11}
[21:33:19] [Server thread/WARN]: [AIBot] PERCEPTION event=snapshot_slow bot=Bob {elapsed_ms=11}
[21:33:19] [Server thread/INFO]: [AIBot] ACTION event=capability_decision bot=Bob {reason=DENIED_STRICT_SURVIVAL, allowed=false, profile=strict_survival, capability=HIDDEN_BLOCK_SCAN, context=observable_block_query}
[21:33:19] [Server thread/INFO]: [AIBot] ACTION event=capability_decision bot=Bob {reason=DENIED_STRICT_SURVIVAL, allowed=false, profile=strict_survival, capability=HIDDEN_BLOCK_SCAN, context=perception_snapshot}
[21:33:19] [Server thread/WARN]: [AIBot] PERCEPTION event=snapshot_slow bot=Bob {elapsed_ms=11}
[21:33:19] [Server thread/INFO]: [AIBot] ACTION event=capability_decision bot=Bob {reason=DENIED_STRICT_SURVIVAL, allowed=false, profile=strict_survival, capability=HIDDEN_BLOCK_SCAN, context=observable_entity_query}
[21:33:19] [Server thread/INFO]: [AIBot] ACTION event=diag_snapshot bot=Bob {fall=0.0, held=minecraft:oak_planksx7, task_state=COMPLETED, submerged=false, light=13, step=, in_lava=false, task_phase=ESCAPE, goal=none, task_progress=1.0, task=creeper_defense, mode=survival, air=300, food=17, path_idle=true, inv=minecraft:crafting_tablex1 minecraft:oak_planksx7, nearby=animals=0 hostiles=0, mining_idle=true, hp=2.0/20.0, on_ground=true, pos=18,112,44}
[21:33:20] [Server thread/INFO]: [AIBot] ACTION event=capability_decision bot=Bob {reason=DENIED_STRICT_SURVIVAL, allowed=false, profile=strict_survival, capability=EMERGENCY_TELEPORT, context=danger_dark_trap_surface}
[21:33:21] [Server thread/WARN]: [AIBot] PERCEPTION event=snapshot_slow bot=Bob {elapsed_ms=15}
[21:33:21] [Server thread/WARN]: [AIBot] PERCEPTION event=snapshot_slow bot=Bob {elapsed_ms=11}
[21:33:21] [Server thread/INFO]: [AIBot] ACTION event=diag_snapshot bot=Bob {fall=0.0, held=minecraft:oak_planksx7, task_state=COMPLETED, submerged=false, light=13, step=, in_lava=false, task_phase=ESCAPE, goal=none, task_progress=1.0, task=creeper_defense, mode=survival, air=300, food=17, path_idle=true, inv=minecraft:crafting_tablex1 minecraft:oak_planksx7, nearby=animals=0 hostiles=0, mining_idle=true, hp=2.0/20.0, on_ground=true, pos=18,112,44}
[21:33:22] [Server thread/WARN]: [AIBot] PERCEPTION event=snapshot_slow bot=Bob {elapsed_ms=11}
[21:33:22] [Server thread/WARN]: [AIBot] PERCEPTION event=snapshot_slow bot=Bob {elapsed_ms=11}
[21:33:23] [Server thread/WARN]: [AIBot] PERCEPTION event=snapshot_slow bot=Bob {elapsed_ms=11}
[21:33:23] [Server thread/INFO]: [AIBot] ACTION event=capability_decision bot=Bob {reason=DENIED_STRICT_SURVIVAL, allowed=false, profile=strict_survival, capability=HIDDEN_BLOCK_SCAN, context=diagnostic_nearby}
[21:33:23] [Server thread/INFO]: [AIBot] ACTION event=diag_snapshot bot=Bob {fall=0.0, held=minecraft:oak_planksx7, task_state=COMPLETED, submerged=false, light=13, step=, in_lava=false, task_phase=ESCAPE, goal=none, task_progress=1.0, task=creeper_defense, mode=survival, air=300, food=17, path_idle=true, inv=minecraft:crafting_tablex1 minecraft:oak_planksx7, nearby=animals=0 hostiles=0, mining_idle=true, hp=2.0/20.0, on_ground=true, pos=18,112,44}
[21:33:24] [Server thread/WARN]: [AIBot] PERCEPTION event=snapshot_slow bot=Bob {elapsed_ms=11}
[21:33:24] [Server thread/INFO]: [AIBot] ACTION event=capability_decision bot=Bob {reason=DENIED_STRICT_SURVIVAL, allowed=false, profile=strict_survival, capability=HIDDEN_BLOCK_SCAN, context=observable_block_query}
[21:33:24] [Server thread/INFO]: [AIBot] ACTION event=capability_decision bot=Bob {reason=DENIED_STRICT_SURVIVAL, allowed=false, profile=strict_survival, capability=HIDDEN_BLOCK_SCAN, context=perception_snapshot}
[21:33:24] [Server thread/WARN]: [AIBot] PERCEPTION event=snapshot_slow bot=Bob {elapsed_ms=11}
[21:33:25] [Server thread/WARN]: [AIBot] PERCEPTION event=snapshot_slow bot=Bob {elapsed_ms=11}
[21:33:25] [Server thread/WARN]: [AIBot] PERCEPTION event=snapshot_slow bot=Bob {elapsed_ms=11}
[21:33:25] [Server thread/INFO]: [AIBot] ACTION event=capability_decision bot=Bob {reason=DENIED_STRICT_SURVIVAL, allowed=false, profile=strict_survival, capability=HIDDEN_BLOCK_SCAN, context=observable_entity_query}
[21:33:25] [Server thread/INFO]: [AIBot] ACTION event=diag_snapshot bot=Bob {fall=0.0, held=minecraft:oak_planksx7, task_state=COMPLETED, submerged=false, light=13, step=, in_lava=false, task_phase=ESCAPE, goal=none, task_progress=1.0, task=creeper_defense, mode=survival, air=300, food=17, path_idle=true, inv=minecraft:crafting_tablex1 minecraft:oak_planksx7, nearby=animals=0 hostiles=0, mining_idle=true, hp=2.0/20.0, on_ground=true, pos=18,112,44}
[21:33:26] [Server thread/WARN]: [AIBot] PERCEPTION event=snapshot_slow bot=Bob {elapsed_ms=11}
[21:33:26] [Server thread/WARN]: [AIBot] PERCEPTION event=snapshot_slow bot=Bob {elapsed_ms=11}
[21:33:27] [Server thread/WARN]: [AIBot] PERCEPTION event=snapshot_slow bot=Bob {elapsed_ms=16}
[21:33:27] [Server thread/INFO]: [AIBot] ACTION event=diag_snapshot bot=Bob {fall=0.0, held=minecraft:oak_planksx7, task_state=COMPLETED, submerged=false, light=13, step=, in_lava=false, task_phase=ESCAPE, goal=none, task_progress=1.0, task=creeper_defense, mode=survival, air=300, food=17, path_idle=true, inv=minecraft:crafting_tablex1 minecraft:oak_planksx7, nearby=animals=0 hostiles=0, mining_idle=true, hp=2.0/20.0, on_ground=true, pos=18,112,44}
[21:33:28] [Server thread/INFO]: [AIBot] ACTION event=capability_decision bot=Bob {reason=DENIED_STRICT_SURVIVAL, allowed=false, profile=strict_survival, capability=EMERGENCY_TELEPORT, context=danger_dark_trap_surface}
[21:33:29] [Server thread/INFO]: [AIBot] ACTION event=capability_decision bot=Bob {reason=DENIED_STRICT_SURVIVAL, allowed=false, profile=strict_survival, capability=HIDDEN_BLOCK_SCAN, context=observable_block_query}
[21:33:29] [Server thread/INFO]: [AIBot] ACTION event=capability_decision bot=Bob {reason=DENIED_STRICT_SURVIVAL, allowed=false, profile=strict_survival, capability=HIDDEN_BLOCK_SCAN, context=perception_snapshot}
[21:33:29] [Server thread/WARN]: [AIBot] PERCEPTION event=snapshot_slow bot=Bob {elapsed_ms=12}
[21:33:29] [Server thread/INFO]: [AIBot] ACTION event=capability_decision bot=Bob {reason=DENIED_STRICT_SURVIVAL, allowed=false, profile=strict_survival, capability=HIDDEN_BLOCK_SCAN, context=diagnostic_nearby}
[21:33:29] [Server thread/INFO]: [AIBot] ACTION event=diag_snapshot bot=Bob {fall=0.0, held=minecraft:oak_planksx7, task_state=COMPLETED, submerged=false, light=13, step=, in_lava=false, task_phase=ESCAPE, goal=none, task_progress=1.0, task=creeper_defense, mode=survival, air=300, food=17, path_idle=true, inv=minecraft:crafting_tablex1 minecraft:oak_planksx7, nearby=animals=0 hostiles=0, mining_idle=true, hp=2.0/20.0, on_ground=true, pos=18,112,44}
[21:33:30] [Server thread/WARN]: [AIBot] PERCEPTION event=snapshot_slow bot=Bob {elapsed_ms=11}
[21:33:31] [Server thread/WARN]: [AIBot] PERCEPTION event=snapshot_slow bot=Bob {elapsed_ms=12}
[21:33:31] [Server thread/INFO]: [AIBot] ACTION event=capability_decision bot=Bob {reason=DENIED_STRICT_SURVIVAL, allowed=false, profile=strict_survival, capability=HIDDEN_BLOCK_SCAN, context=observable_entity_query}
[21:33:31] [Server thread/INFO]: [AIBot] ACTION event=diag_snapshot bot=Bob {fall=0.0, held=minecraft:oak_planksx7, task_state=COMPLETED, submerged=false, light=13, step=, in_lava=false, task_phase=ESCAPE, goal=none, task_progress=1.0, task=creeper_defense, mode=survival, air=300, food=17, path_idle=true, inv=minecraft:crafting_tablex1 minecraft:oak_planksx7, nearby=animals=0 hostiles=0, mining_idle=true, hp=2.0/20.0, on_ground=true, pos=18,112,44}
[21:33:32] [Server thread/WARN]: [AIBot] PERCEPTION event=snapshot_slow bot=Bob {elapsed_ms=11}
[21:33:33] [Server thread/WARN]: [AIBot] PERCEPTION event=snapshot_slow bot=Bob {elapsed_ms=11}
[21:33:33] [Server thread/INFO]: [AIBot] ACTION event=diag_snapshot bot=Bob {fall=0.0, held=minecraft:oak_planksx7, task_state=COMPLETED, submerged=false, light=13, step=, in_lava=false, task_phase=ESCAPE, goal=none, task_progress=1.0, task=creeper_defense, mode=survival, air=300, food=17, path_idle=true, inv=minecraft:crafting_tablex1 minecraft:oak_planksx7, nearby=animals=0 hostiles=0, mining_idle=true, hp=2.0/20.0, on_ground=true, pos=18,112,44}
[21:33:34] [Server thread/INFO]: [AIBot] ACTION event=capability_decision bot=Bob {reason=DENIED_STRICT_SURVIVAL, allowed=false, profile=strict_survival, capability=HIDDEN_BLOCK_SCAN, context=observable_block_query}
[21:33:34] [Server thread/INFO]: [AIBot] ACTION event=capability_decision bot=Bob {reason=DENIED_STRICT_SURVIVAL, allowed=false, profile=strict_survival, capability=HIDDEN_BLOCK_SCAN, context=perception_snapshot}
[21:33:34] [Server thread/WARN]: [AIBot] PERCEPTION event=snapshot_slow bot=Bob {elapsed_ms=12}
[21:33:35] [Server thread/WARN]: [AIBot] PERCEPTION event=snapshot_slow bot=Bob {elapsed_ms=15}
[21:33:35] [Server thread/WARN]: [AIBot] PERCEPTION event=snapshot_slow bot=Bob {elapsed_ms=17}
[21:33:35] [Server thread/INFO]: [AIBot] ACTION event=capability_decision bot=Bob {reason=DENIED_STRICT_SURVIVAL, allowed=false, profile=strict_survival, capability=HIDDEN_BLOCK_SCAN, context=diagnostic_nearby}
[21:33:35] [Server thread/INFO]: [AIBot] ACTION event=diag_snapshot bot=Bob {fall=0.0, held=minecraft:oak_planksx7, task_state=COMPLETED, submerged=false, light=13, step=, in_lava=false, task_phase=ESCAPE, goal=none, task_progress=1.0, task=creeper_defense, mode=survival, air=300, food=17, path_idle=true, inv=minecraft:crafting_tablex1 minecraft:oak_planksx7, nearby=animals=0 hostiles=0, mining_idle=true, hp=2.0/20.0, on_ground=true, pos=18,112,44}
[21:33:36] [Server thread/WARN]: [AIBot] PERCEPTION event=snapshot_slow bot=Bob {elapsed_ms=11}
[21:33:36] [Server thread/INFO]: [AIBot] ACTION event=capability_decision bot=Bob {reason=DENIED_STRICT_SURVIVAL, allowed=false, profile=strict_survival, capability=EMERGENCY_TELEPORT, context=danger_dark_trap_surface}
[21:33:36] [Server thread/WARN]: [AIBot] PERCEPTION event=snapshot_slow bot=Bob {elapsed_ms=11}
[21:33:37] [Server thread/WARN]: [AIBot] PERCEPTION event=snapshot_slow bot=Bob {elapsed_ms=11}
[21:33:37] [Server thread/INFO]: [AIBot] ACTION event=capability_decision bot=Bob {reason=DENIED_STRICT_SURVIVAL, allowed=false, profile=strict_survival, capability=HIDDEN_BLOCK_SCAN, context=observable_entity_query}
[21:33:37] [Server thread/INFO]: [AIBot] ACTION event=diag_snapshot bot=Bob {fall=0.0, held=minecraft:oak_planksx7, task_state=COMPLETED, submerged=false, light=13, step=, in_lava=false, task_phase=ESCAPE, goal=none, task_progress=1.0, task=creeper_defense, mode=survival, air=300, food=17, path_idle=true, inv=minecraft:crafting_tablex1 minecraft:oak_planksx7, nearby=animals=0 hostiles=0, mining_idle=true, hp=2.0/20.0, on_ground=true, pos=18,112,44}
[21:33:38] [Server thread/WARN]: [AIBot] PERCEPTION event=snapshot_slow bot=Bob {elapsed_ms=14}
[21:33:39] [Server thread/WARN]: [AIBot] PERCEPTION event=snapshot_slow bot=Bob {elapsed_ms=17}
[21:33:39] [Server thread/INFO]: [AIBot] LIFECYCLE event=mixin_alive bot=- {server_tick=6000}
[21:33:39] [Server thread/INFO]: [AIBot] PROFILE event=tps_guard_state bot=- {degraded=true, avg_tick_ms=57.40, estimated_tps=17.42}
[21:33:39] [Server thread/INFO]: [AIBot] ACTION event=capability_decision bot=Bob {reason=DENIED_STRICT_SURVIVAL, allowed=false, profile=strict_survival, capability=HIDDEN_BLOCK_SCAN, context=observable_block_query}
[21:33:39] [Server thread/INFO]: [AIBot] ACTION event=capability_decision bot=Bob {reason=DENIED_STRICT_SURVIVAL, allowed=false, profile=strict_survival, capability=HIDDEN_BLOCK_SCAN, context=perception_snapshot}
[21:33:39] [Server thread/WARN]: [AIBot] PERCEPTION event=snapshot_slow bot=Bob {elapsed_ms=16}
[21:33:39] [Server thread/INFO]: [AIBot] ACTION event=diag_snapshot bot=Bob {fall=0.0, held=minecraft:oak_planksx7, task_state=COMPLETED, submerged=false, light=13, step=, in_lava=false, task_phase=ESCAPE, goal=none, task_progress=1.0, task=creeper_defense, mode=survival, air=300, food=17, path_idle=true, inv=minecraft:crafting_tablex1 minecraft:oak_planksx7, nearby=animals=0 hostiles=0, mining_idle=true, hp=2.0/20.0, on_ground=true, pos=18,112,44}
[21:33:40] [Server thread/INFO]: [AIBot] PROFILE event=tps_guard_state bot=- {degraded=false, avg_tick_ms=53.71, estimated_tps=18.62}
[21:33:40] [Server thread/WARN]: [AIBot] PERCEPTION event=snapshot_slow bot=Bob {elapsed_ms=11}
[21:33:40] [AIBotPersistenceWriter/INFO]: [AIBot] LIFECYCLE event=runtime_persist_saved bot=- {schema=1, jobs=0, bots=1, path=.\world\.\aibot\runtime.json, atomic_move=true}
[21:33:40] [Server thread/WARN]: [AIBot] PERCEPTION event=snapshot_slow bot=Bob {elapsed_ms=13}
[21:33:41] [Server thread/WARN]: [AIBot] PERCEPTION event=snapshot_slow bot=Bob {elapsed_ms=11}
[21:33:41] [Server thread/WARN]: [AIBot] PERCEPTION event=snapshot_slow bot=Bob {elapsed_ms=12}
[21:33:41] [Server thread/INFO]: [AIBot] ACTION event=capability_decision bot=Bob {reason=DENIED_STRICT_SURVIVAL, allowed=false, profile=strict_survival, capability=HIDDEN_BLOCK_SCAN, context=diagnostic_nearby}
[21:33:41] [Server thread/INFO]: [AIBot] ACTION event=diag_snapshot bot=Bob {fall=0.0, held=minecraft:oak_planksx7, task_state=COMPLETED, submerged=false, light=13, step=, in_lava=false, task_phase=ESCAPE, goal=none, task_progress=1.0, task=creeper_defense, mode=survival, air=300, food=17, path_idle=true, inv=minecraft:crafting_tablex1 minecraft:oak_planksx7, nearby=animals=0 hostiles=0, mining_idle=true, hp=2.0/20.0, on_ground=true, pos=18,112,44}
[21:33:42] [Server thread/WARN]: [AIBot] PERCEPTION event=snapshot_slow bot=Bob {elapsed_ms=15}
[21:33:43] [Server thread/WARN]: [AIBot] PERCEPTION event=snapshot_slow bot=Bob {elapsed_ms=12}
[21:33:43] [Server thread/INFO]: [AIBot] ACTION event=capability_decision bot=Bob {reason=DENIED_STRICT_SURVIVAL, allowed=false, profile=strict_survival, capability=HIDDEN_BLOCK_SCAN, context=observable_entity_query}
[21:33:43] [Server thread/INFO]: [AIBot] ACTION event=diag_snapshot bot=Bob {fall=0.0, held=minecraft:oak_planksx7, task_state=COMPLETED, submerged=false, light=13, step=, in_lava=false, task_phase=ESCAPE, goal=none, task_progress=1.0, task=creeper_defense, mode=survival, air=300, food=17, path_idle=true, inv=minecraft:crafting_tablex1 minecraft:oak_planksx7, nearby=animals=0 hostiles=0, mining_idle=true, hp=2.0/20.0, on_ground=true, pos=18,112,44}
[21:33:44] [Server thread/INFO]: [AIBot] ACTION event=capability_decision bot=Bob {reason=DENIED_STRICT_SURVIVAL, allowed=false, profile=strict_survival, capability=HIDDEN_BLOCK_SCAN, context=observable_block_query}
[21:33:44] [Server thread/INFO]: [AIBot] ACTION event=capability_decision bot=Bob {reason=DENIED_STRICT_SURVIVAL, allowed=false, profile=strict_survival, capability=HIDDEN_BLOCK_SCAN, context=perception_snapshot}
[21:33:44] [Server thread/WARN]: [AIBot] PERCEPTION event=snapshot_slow bot=Bob {elapsed_ms=11}
[21:33:44] [Server thread/INFO]: [AIBot] ACTION event=capability_decision bot=Bob {reason=DENIED_STRICT_SURVIVAL, allowed=false, profile=strict_survival, capability=EMERGENCY_TELEPORT, context=danger_dark_trap_surface}
[21:33:45] [Server thread/WARN]: [AIBot] PERCEPTION event=snapshot_slow bot=Bob {elapsed_ms=12}
[21:33:45] [Server thread/WARN]: [AIBot] PERCEPTION event=snapshot_slow bot=Bob {elapsed_ms=11}
[21:33:45] [Server thread/INFO]: [AIBot] ACTION event=diag_snapshot bot=Bob {fall=0.0, held=minecraft:oak_planksx7, task_state=COMPLETED, submerged=false, light=13, step=, in_lava=false, task_phase=ESCAPE, goal=none, task_progress=1.0, task=creeper_defense, mode=survival, air=300, food=17, path_idle=true, inv=minecraft:crafting_tablex1 minecraft:oak_planksx7, nearby=animals=0 hostiles=0, mining_idle=true, hp=2.0/20.0, on_ground=true, pos=18,112,44}
[21:33:46] [Server thread/WARN]: [AIBot] PERCEPTION event=snapshot_slow bot=Bob {elapsed_ms=11}
[21:33:47] [Server thread/WARN]: [AIBot] PERCEPTION event=snapshot_slow bot=Bob {elapsed_ms=12}
[21:33:47] [Server thread/INFO]: [AIBot] ACTION event=capability_decision bot=Bob {reason=DENIED_STRICT_SURVIVAL, allowed=false, profile=strict_survival, capability=HIDDEN_BLOCK_SCAN, context=diagnostic_nearby}
[21:33:47] [Server thread/INFO]: [AIBot] ACTION event=diag_snapshot bot=Bob {fall=0.0, held=minecraft:oak_planksx7, task_state=COMPLETED, submerged=false, light=13, step=, in_lava=false, task_phase=ESCAPE, goal=none, task_progress=1.0, task=creeper_defense, mode=survival, air=300, food=17, path_idle=true, inv=minecraft:crafting_tablex1 minecraft:oak_planksx7, nearby=animals=0 hostiles=0, mining_idle=true, hp=2.0/20.0, on_ground=true, pos=18,112,44}
[21:33:48] [Server thread/WARN]: [AIBot] PERCEPTION event=snapshot_slow bot=Bob {elapsed_ms=15}
[21:33:49] [Server thread/WARN]: [AIBot] PERCEPTION event=snapshot_slow bot=Bob {elapsed_ms=11}
[21:33:49] [Server thread/INFO]: [AIBot] ACTION event=capability_decision bot=Bob {reason=DENIED_STRICT_SURVIVAL, allowed=false, profile=strict_survival, capability=HIDDEN_BLOCK_SCAN, context=observable_block_query}
[21:33:49] [Server thread/INFO]: [AIBot] ACTION event=capability_decision bot=Bob {reason=DENIED_STRICT_SURVIVAL, allowed=false, profile=strict_survival, capability=HIDDEN_BLOCK_SCAN, context=perception_snapshot}
[21:33:49] [Server thread/INFO]: [AIBot] ACTION event=capability_decision bot=Bob {reason=DENIED_STRICT_SURVIVAL, allowed=false, profile=strict_survival, capability=HIDDEN_BLOCK_SCAN, context=observable_entity_query}
[21:33:49] [Server thread/INFO]: [AIBot] ACTION event=diag_snapshot bot=Bob {fall=0.0, held=minecraft:oak_planksx7, task_state=COMPLETED, submerged=false, light=13, step=, in_lava=false, task_phase=ESCAPE, goal=none, task_progress=1.0, task=creeper_defense, mode=survival, air=300, food=17, path_idle=true, inv=minecraft:crafting_tablex1 minecraft:oak_planksx7, nearby=animals=0 hostiles=0, mining_idle=true, hp=2.0/20.0, on_ground=true, pos=18,112,44}
[21:33:50] [Server thread/WARN]: [AIBot] PERCEPTION event=snapshot_slow bot=Bob {elapsed_ms=17}
[21:33:51] [Server thread/INFO]: [AIBot] ACTION event=diag_snapshot bot=Bob {fall=0.0, held=minecraft:oak_planksx7, task_state=COMPLETED, submerged=false, light=13, step=, in_lava=false, task_phase=ESCAPE, goal=none, task_progress=1.0, task=creeper_defense, mode=survival, air=300, food=17, path_idle=true, inv=minecraft:crafting_tablex1 minecraft:oak_planksx7, nearby=animals=0 hostiles=0, mining_idle=true, hp=2.0/20.0, on_ground=true, pos=18,112,44}
[21:33:52] [Server thread/WARN]: [AIBot] PERCEPTION event=snapshot_slow bot=Bob {elapsed_ms=11}
[21:33:52] [Server thread/WARN]: [AIBot] PERCEPTION event=snapshot_slow bot=Bob {elapsed_ms=11}
[21:33:52] [Server thread/INFO]: [AIBot] ACTION event=capability_decision bot=Bob {reason=DENIED_STRICT_SURVIVAL, allowed=false, profile=strict_survival, capability=EMERGENCY_TELEPORT, context=danger_dark_trap_surface}
[21:33:53] [Server thread/INFO]: [AIBot] ACTION event=capability_decision bot=Bob {reason=DENIED_STRICT_SURVIVAL, allowed=false, profile=strict_survival, capability=HIDDEN_BLOCK_SCAN, context=diagnostic_nearby}
[21:33:53] [Server thread/INFO]: [AIBot] ACTION event=diag_snapshot bot=Bob {fall=0.0, held=minecraft:oak_planksx7, task_state=COMPLETED, submerged=false, light=13, step=, in_lava=false, task_phase=ESCAPE, goal=none, task_progress=1.0, task=creeper_defense, mode=survival, air=300, food=17, path_idle=true, inv=minecraft:crafting_tablex1 minecraft:oak_planksx7, nearby=animals=0 hostiles=0, mining_idle=true, hp=2.0/20.0, on_ground=true, pos=18,112,44}
[21:33:54] [Server thread/WARN]: [AIBot] PERCEPTION event=snapshot_slow bot=Bob {elapsed_ms=12}
[21:33:54] [Server thread/INFO]: [AIBot] ACTION event=capability_decision bot=Bob {reason=DENIED_STRICT_SURVIVAL, allowed=false, profile=strict_survival, capability=HIDDEN_BLOCK_SCAN, context=observable_block_query}
[21:33:54] [Server thread/INFO]: [AIBot] ACTION event=capability_decision bot=Bob {reason=DENIED_STRICT_SURVIVAL, allowed=false, profile=strict_survival, capability=HIDDEN_BLOCK_SCAN, context=perception_snapshot}
[21:33:55] [Server thread/INFO]: [AIBot] ACTION event=capability_decision bot=Bob {reason=DENIED_STRICT_SURVIVAL, allowed=false, profile=strict_survival, capability=HIDDEN_BLOCK_SCAN, context=observable_entity_query}
[21:33:55] [Server thread/INFO]: [AIBot] ACTION event=diag_snapshot bot=Bob {fall=0.0, held=minecraft:oak_planksx7, task_state=COMPLETED, submerged=false, light=13, step=, in_lava=false, task_phase=ESCAPE, goal=none, task_progress=1.0, task=creeper_defense, mode=survival, air=300, food=17, path_idle=true, inv=minecraft:crafting_tablex1 minecraft:oak_planksx7, nearby=animals=0 hostiles=0, mining_idle=true, hp=2.0/20.0, on_ground=true, pos=18,112,44}
[21:33:56] [Server thread/WARN]: [AIBot] PERCEPTION event=snapshot_slow bot=Bob {elapsed_ms=12}
[21:33:56] [Server thread/WARN]: [AIBot] PERCEPTION event=snapshot_slow bot=Bob {elapsed_ms=11}
[21:33:57] [Server thread/WARN]: [AIBot] PERCEPTION event=snapshot_slow bot=Bob {elapsed_ms=11}
[21:33:57] [Server thread/INFO]: [AIBot] ACTION event=diag_snapshot bot=Bob {fall=0.0, held=minecraft:oak_planksx7, task_state=COMPLETED, submerged=false, light=13, step=, in_lava=false, task_phase=ESCAPE, goal=none, task_progress=1.0, task=creeper_defense, mode=survival, air=300, food=17, path_idle=true, inv=minecraft:crafting_tablex1 minecraft:oak_planksx7, nearby=animals=0 hostiles=0, mining_idle=true, hp=2.0/20.0, on_ground=true, pos=18,112,44}
[21:33:58] [Server thread/WARN]: [AIBot] PERCEPTION event=snapshot_slow bot=Bob {elapsed_ms=11}
[21:33:59] [Server thread/WARN]: [AIBot] PERCEPTION event=snapshot_slow bot=Bob {elapsed_ms=11}
[21:33:59] [Server thread/INFO]: [AIBot] ACTION event=capability_decision bot=Bob {reason=DENIED_STRICT_SURVIVAL, allowed=false, profile=strict_survival, capability=HIDDEN_BLOCK_SCAN, context=observable_block_query}
[21:33:59] [Server thread/INFO]: [AIBot] ACTION event=capability_decision bot=Bob {reason=DENIED_STRICT_SURVIVAL, allowed=false, profile=strict_survival, capability=HIDDEN_BLOCK_SCAN, context=perception_snapshot}
[21:33:59] [Server thread/INFO]: [AIBot] ACTION event=capability_decision bot=Bob {reason=DENIED_STRICT_SURVIVAL, allowed=false, profile=strict_survival, capability=HIDDEN_BLOCK_SCAN, context=diagnostic_nearby}
[21:33:59] [Server thread/INFO]: [AIBot] ACTION event=diag_snapshot bot=Bob {fall=0.0, held=minecraft:oak_planksx7, task_state=COMPLETED, submerged=false, light=13, step=, in_lava=false, task_phase=ESCAPE, goal=none, task_progress=1.0, task=creeper_defense, mode=survival, air=300, food=17, path_idle=true, inv=minecraft:crafting_tablex1 minecraft:oak_planksx7, nearby=animals=0 hostiles=0, mining_idle=true, hp=2.0/20.0, on_ground=true, pos=18,112,44}
[21:34:00] [Server thread/WARN]: [AIBot] PERCEPTION event=snapshot_slow bot=Bob {elapsed_ms=11}
[21:34:00] [Server thread/INFO]: [AIBot] ACTION event=capability_decision bot=Bob {reason=DENIED_STRICT_SURVIVAL, allowed=false, profile=strict_survival, capability=EMERGENCY_TELEPORT, context=danger_dark_trap_surface}
[21:34:01] [Server thread/WARN]: [AIBot] PERCEPTION event=snapshot_slow bot=Bob {elapsed_ms=18}
[21:34:01] [Server thread/INFO]: [AIBot] ACTION event=capability_decision bot=Bob {reason=DENIED_STRICT_SURVIVAL, allowed=false, profile=strict_survival, capability=HIDDEN_BLOCK_SCAN, context=observable_entity_query}
[21:34:01] [Server thread/INFO]: [AIBot] ACTION event=diag_snapshot bot=Bob {fall=0.0, held=minecraft:oak_planksx7, task_state=COMPLETED, submerged=false, light=13, step=, in_lava=false, task_phase=ESCAPE, goal=none, task_progress=1.0, task=creeper_defense, mode=survival, air=300, food=17, path_idle=true, inv=minecraft:crafting_tablex1 minecraft:oak_planksx7, nearby=animals=0 hostiles=0, mining_idle=true, hp=2.0/20.0, on_ground=true, pos=18,112,44}
[21:34:02] [Server thread/WARN]: [AIBot] PERCEPTION event=snapshot_slow bot=Bob {elapsed_ms=11}
[21:34:02] [Server thread/WARN]: [AIBot] PERCEPTION event=snapshot_slow bot=Bob {elapsed_ms=11}
[21:34:03] [Server thread/INFO]: [AIBot] ACTION event=diag_snapshot bot=Bob {fall=0.0, held=minecraft:oak_planksx7, task_state=COMPLETED, submerged=false, light=13, step=, in_lava=false, task_phase=ESCAPE, goal=none, task_progress=1.0, task=creeper_defense, mode=survival, air=300, food=17, path_idle=true, inv=minecraft:crafting_tablex1 minecraft:oak_planksx7, nearby=animals=0 hostiles=0, mining_idle=true, hp=2.0/20.0, on_ground=true, pos=18,112,44}
[21:34:04] [Server thread/WARN]: [AIBot] PERCEPTION event=snapshot_slow bot=Bob {elapsed_ms=11}
[21:34:04] [Server thread/INFO]: [AIBot] ACTION event=capability_decision bot=Bob {reason=DENIED_STRICT_SURVIVAL, allowed=false, profile=strict_survival, capability=HIDDEN_BLOCK_SCAN, context=observable_block_query}
[21:34:04] [Server thread/INFO]: [AIBot] ACTION event=capability_decision bot=Bob {reason=DENIED_STRICT_SURVIVAL, allowed=false, profile=strict_survival, capability=HIDDEN_BLOCK_SCAN, context=perception_snapshot}
[21:34:05] [Server thread/WARN]: [AIBot] PERCEPTION event=snapshot_slow bot=Bob {elapsed_ms=12}
[21:34:05] [Server thread/WARN]: [AIBot] PERCEPTION event=snapshot_slow bot=Bob {elapsed_ms=13}
[21:34:05] [Server thread/INFO]: [AIBot] ACTION event=capability_decision bot=Bob {reason=DENIED_STRICT_SURVIVAL, allowed=false, profile=strict_survival, capability=HIDDEN_BLOCK_SCAN, context=diagnostic_nearby}
[21:34:05] [Server thread/INFO]: [AIBot] ACTION event=diag_snapshot bot=Bob {fall=0.0, held=minecraft:oak_planksx7, task_state=COMPLETED, submerged=false, light=13, step=, in_lava=false, task_phase=ESCAPE, goal=none, task_progress=1.0, task=creeper_defense, mode=survival, air=300, food=17, path_idle=true, inv=minecraft:crafting_tablex1 minecraft:oak_planksx7, nearby=animals=0 hostiles=0, mining_idle=true, hp=2.0/20.0, on_ground=true, pos=18,112,44}
[21:34:06] [Server thread/WARN]: [AIBot] PERCEPTION event=snapshot_slow bot=Bob {elapsed_ms=11}
[21:34:07] [Server thread/WARN]: [AIBot] PERCEPTION event=snapshot_slow bot=Bob {elapsed_ms=11}
[21:34:07] [Server thread/INFO]: [AIBot] ACTION event=capability_decision bot=Bob {reason=DENIED_STRICT_SURVIVAL, allowed=false, profile=strict_survival, capability=HIDDEN_BLOCK_SCAN, context=observable_entity_query}
[21:34:07] [Server thread/INFO]: [AIBot] ACTION event=diag_snapshot bot=Bob {fall=0.0, held=minecraft:oak_planksx7, task_state=COMPLETED, submerged=false, light=13, step=, in_lava=false, task_phase=ESCAPE, goal=none, task_progress=1.0, task=creeper_defense, mode=survival, air=300, food=17, path_idle=true, inv=minecraft:crafting_tablex1 minecraft:oak_planksx7, nearby=animals=0 hostiles=0, mining_idle=true, hp=2.0/20.0, on_ground=true, pos=18,112,44}
[21:34:08] [Server thread/WARN]: [AIBot] PERCEPTION event=snapshot_slow bot=Bob {elapsed_ms=11}
[21:34:09] [Server thread/INFO]: [AIBot] ACTION event=capability_decision bot=Bob {reason=DENIED_STRICT_SURVIVAL, allowed=false, profile=strict_survival, capability=EMERGENCY_TELEPORT, context=danger_dark_trap_surface}
[21:34:09] [Server thread/WARN]: [AIBot] PERCEPTION event=snapshot_slow bot=Bob {elapsed_ms=11}
[21:34:09] [Server thread/INFO]: [AIBot] ACTION event=capability_decision bot=Bob {reason=DENIED_STRICT_SURVIVAL, allowed=false, profile=strict_survival, capability=HIDDEN_BLOCK_SCAN, context=observable_block_query}
[21:34:09] [Server thread/INFO]: [AIBot] ACTION event=capability_decision bot=Bob {reason=DENIED_STRICT_SURVIVAL, allowed=false, profile=strict_survival, capability=HIDDEN_BLOCK_SCAN, context=perception_snapshot}
[21:34:09] [Server thread/INFO]: [AIBot] ACTION event=diag_snapshot bot=Bob {fall=0.0, held=minecraft:oak_planksx7, task_state=COMPLETED, submerged=false, light=13, step=, in_lava=false, task_phase=ESCAPE, goal=none, task_progress=1.0, task=creeper_defense, mode=survival, air=300, food=17, path_idle=true, inv=minecraft:crafting_tablex1 minecraft:oak_planksx7, nearby=animals=0 hostiles=0, mining_idle=true, hp=2.0/20.0, on_ground=true, pos=18,112,44}
[21:34:10] [Server thread/WARN]: [AIBot] PERCEPTION event=snapshot_slow bot=Bob {elapsed_ms=12}
[21:34:11] [Server thread/WARN]: [AIBot] PERCEPTION event=snapshot_slow bot=Bob {elapsed_ms=18}
[21:34:11] [Server thread/INFO]: [AIBot] ACTION event=capability_decision bot=Bob {reason=DENIED_STRICT_SURVIVAL, allowed=false, profile=strict_survival, capability=HIDDEN_BLOCK_SCAN, context=diagnostic_nearby}
[21:34:11] [Server thread/INFO]: [AIBot] ACTION event=diag_snapshot bot=Bob {fall=0.0, held=minecraft:oak_planksx7, task_state=COMPLETED, submerged=false, light=13, step=, in_lava=false, task_phase=ESCAPE, goal=none, task_progress=1.0, task=creeper_defense, mode=survival, air=300, food=17, path_idle=true, inv=minecraft:crafting_tablex1 minecraft:oak_planksx7, nearby=animals=0 hostiles=0, mining_idle=true, hp=2.0/20.0, on_ground=true, pos=18,112,44}
[21:34:12] [Server thread/WARN]: [AIBot] PERCEPTION event=snapshot_slow bot=Bob {elapsed_ms=11}
[21:34:13] [Server thread/WARN]: [AIBot] PERCEPTION event=snapshot_slow bot=Bob {elapsed_ms=12}
[21:34:13] [Server thread/INFO]: [AIBot] ACTION event=capability_decision bot=Bob {reason=DENIED_STRICT_SURVIVAL, allowed=false, profile=strict_survival, capability=HIDDEN_BLOCK_SCAN, context=observable_entity_query}
[21:34:13] [Server thread/INFO]: [AIBot] ACTION event=diag_snapshot bot=Bob {fall=0.0, held=minecraft:oak_planksx7, task_state=COMPLETED, submerged=false, light=13, step=, in_lava=false, task_phase=ESCAPE, goal=none, task_progress=1.0, task=creeper_defense, mode=survival, air=300, food=17, path_idle=true, inv=minecraft:crafting_tablex1 minecraft:oak_planksx7, nearby=animals=0 hostiles=0, mining_idle=true, hp=2.0/20.0, on_ground=true, pos=18,112,44}
[21:34:14] [Server thread/WARN]: [AIBot] PERCEPTION event=snapshot_slow bot=Bob {elapsed_ms=11}
[21:34:14] [Server thread/INFO]: [AIBot] ACTION event=capability_decision bot=Bob {reason=DENIED_STRICT_SURVIVAL, allowed=false, profile=strict_survival, capability=HIDDEN_BLOCK_SCAN, context=observable_block_query}
[21:34:14] [Server thread/INFO]: [AIBot] ACTION event=capability_decision bot=Bob {reason=DENIED_STRICT_SURVIVAL, allowed=false, profile=strict_survival, capability=HIDDEN_BLOCK_SCAN, context=perception_snapshot}
[21:34:14] [Server thread/WARN]: [AIBot] PERCEPTION event=snapshot_slow bot=Bob {elapsed_ms=12}
[21:34:15] [Server thread/WARN]: [AIBot] PERCEPTION event=snapshot_slow bot=Bob {elapsed_ms=11}
[21:34:15] [Server thread/WARN]: [AIBot] PERCEPTION event=snapshot_slow bot=Bob {elapsed_ms=12}
[21:34:15] [Server thread/INFO]: [AIBot] ACTION event=diag_snapshot bot=Bob {fall=0.0, held=minecraft:oak_planksx7, task_state=COMPLETED, submerged=false, light=13, step=, in_lava=false, task_phase=ESCAPE, goal=none, task_progress=1.0, task=creeper_defense, mode=survival, air=300, food=17, path_idle=true, inv=minecraft:crafting_tablex1 minecraft:oak_planksx7, nearby=animals=0 hostiles=0, mining_idle=true, hp=2.0/20.0, on_ground=true, pos=18,112,44}
[21:34:16] [Server thread/WARN]: [AIBot] PERCEPTION event=snapshot_slow bot=Bob {elapsed_ms=11}
[21:34:17] [Server thread/INFO]: [AIBot] ACTION event=capability_decision bot=Bob {reason=DENIED_STRICT_SURVIVAL, allowed=false, profile=strict_survival, capability=EMERGENCY_TELEPORT, context=danger_dark_trap_surface}
[21:34:17] [Server thread/WARN]: [AIBot] PERCEPTION event=snapshot_slow bot=Bob {elapsed_ms=12}
[21:34:17] [Server thread/INFO]: [AIBot] ACTION event=capability_decision bot=Bob {reason=DENIED_STRICT_SURVIVAL, allowed=false, profile=strict_survival, capability=HIDDEN_BLOCK_SCAN, context=diagnostic_nearby}
[21:34:17] [Server thread/INFO]: [AIBot] ACTION event=diag_snapshot bot=Bob {fall=0.0, held=minecraft:oak_planksx7, task_state=COMPLETED, submerged=false, light=13, step=, in_lava=false, task_phase=ESCAPE, goal=none, task_progress=1.0, task=creeper_defense, mode=survival, air=300, food=17, path_idle=true, inv=minecraft:crafting_tablex1 minecraft:oak_planksx7, nearby=animals=0 hostiles=0, mining_idle=true, hp=2.0/20.0, on_ground=true, pos=18,112,44}
[21:34:19] [Server thread/WARN]: [AIBot] PERCEPTION event=snapshot_slow bot=Bob {elapsed_ms=12}
[21:34:19] [Server thread/INFO]: [AIBot] ACTION event=capability_decision bot=Bob {reason=DENIED_STRICT_SURVIVAL, allowed=false, profile=strict_survival, capability=HIDDEN_BLOCK_SCAN, context=observable_block_query}
[21:34:19] [Server thread/INFO]: [AIBot] ACTION event=capability_decision bot=Bob {reason=DENIED_STRICT_SURVIVAL, allowed=false, profile=strict_survival, capability=HIDDEN_BLOCK_SCAN, context=perception_snapshot}
[21:34:19] [Server thread/WARN]: [AIBot] PERCEPTION event=snapshot_slow bot=Bob {elapsed_ms=11}
[21:34:19] [Server thread/INFO]: [AIBot] ACTION event=capability_decision bot=Bob {reason=DENIED_STRICT_SURVIVAL, allowed=false, profile=strict_survival, capability=HIDDEN_BLOCK_SCAN, context=observable_entity_query}
[21:34:19] [Server thread/INFO]: [AIBot] ACTION event=diag_snapshot bot=Bob {fall=0.0, held=minecraft:oak_planksx7, task_state=COMPLETED, submerged=false, light=13, step=, in_lava=false, task_phase=ESCAPE, goal=none, task_progress=1.0, task=creeper_defense, mode=survival, air=300, food=17, path_idle=true, inv=minecraft:crafting_tablex1 minecraft:oak_planksx7, nearby=animals=0 hostiles=0, mining_idle=true, hp=2.0/20.0, on_ground=true, pos=18,112,44}
[21:34:20] [Server thread/WARN]: [AIBot] PERCEPTION event=snapshot_slow bot=Bob {elapsed_ms=12}
[21:34:21] [Server thread/WARN]: [AIBot] PERCEPTION event=snapshot_slow bot=Bob {elapsed_ms=11}
[21:34:21] [Server thread/WARN]: [AIBot] PERCEPTION event=snapshot_slow bot=Bob {elapsed_ms=11}
[21:34:21] [Server thread/INFO]: [AIBot] ACTION event=diag_snapshot bot=Bob {fall=0.0, held=minecraft:oak_planksx7, task_state=COMPLETED, submerged=false, light=13, step=, in_lava=false, task_phase=ESCAPE, goal=none, task_progress=1.0, task=creeper_defense, mode=survival, air=300, food=17, path_idle=true, inv=minecraft:crafting_tablex1 minecraft:oak_planksx7, nearby=animals=0 hostiles=0, mining_idle=true, hp=2.0/20.0, on_ground=true, pos=18,112,44}
[21:34:22] [Server thread/WARN]: [AIBot] PERCEPTION event=snapshot_slow bot=Bob {elapsed_ms=17}
[21:34:23] [Server thread/INFO]: [AIBot] ACTION event=capability_decision bot=Bob {reason=DENIED_STRICT_SURVIVAL, allowed=false, profile=strict_survival, capability=HIDDEN_BLOCK_SCAN, context=diagnostic_nearby}
[21:34:23] [Server thread/INFO]: [AIBot] ACTION event=diag_snapshot bot=Bob {fall=0.0, held=minecraft:oak_planksx7, task_state=COMPLETED, submerged=false, light=13, step=, in_lava=false, task_phase=ESCAPE, goal=none, task_progress=1.0, task=creeper_defense, mode=survival, air=300, food=17, path_idle=true, inv=minecraft:crafting_tablex1 minecraft:oak_planksx7, nearby=animals=0 hostiles=0, mining_idle=true, hp=2.0/20.0, on_ground=true, pos=18,112,44}
[21:34:24] [Server thread/WARN]: [AIBot] PERCEPTION event=snapshot_slow bot=Bob {elapsed_ms=15}
[21:34:24] [Server thread/INFO]: [AIBot] ACTION event=capability_decision bot=Bob {reason=DENIED_STRICT_SURVIVAL, allowed=false, profile=strict_survival, capability=HIDDEN_BLOCK_SCAN, context=observable_block_query}
[21:34:24] [Server thread/INFO]: [AIBot] ACTION event=capability_decision bot=Bob {reason=DENIED_STRICT_SURVIVAL, allowed=false, profile=strict_survival, capability=HIDDEN_BLOCK_SCAN, context=perception_snapshot}
[21:34:24] [Server thread/INFO]: [AIBot] ACTION event=capability_decision bot=Bob {reason=DENIED_STRICT_SURVIVAL, allowed=false, profile=strict_survival, capability=HIDDEN_BLOCK_SCAN, context=observable_entity_query}
[21:34:25] [Server thread/INFO]: [AIBot] ACTION event=capability_decision bot=Bob {reason=DENIED_STRICT_SURVIVAL, allowed=false, profile=strict_survival, capability=EMERGENCY_TELEPORT, context=danger_dark_trap_surface}
[21:34:25] [Server thread/WARN]: [AIBot] PERCEPTION event=snapshot_slow bot=Bob {elapsed_ms=11}
[21:34:25] [Server thread/INFO]: [AIBot] ACTION event=diag_snapshot bot=Bob {fall=0.0, held=minecraft:oak_planksx7, task_state=COMPLETED, submerged=false, light=13, step=, in_lava=false, task_phase=ESCAPE, goal=none, task_progress=1.0, task=creeper_defense, mode=survival, air=300, food=17, path_idle=true, inv=minecraft:crafting_tablex1 minecraft:oak_planksx7, nearby=animals=0 hostiles=0, mining_idle=true, hp=2.0/20.0, on_ground=true, pos=18,112,44}
[21:34:27] [Server thread/WARN]: [AIBot] PERCEPTION event=snapshot_slow bot=Bob {elapsed_ms=11}
[21:34:27] [Server thread/WARN]: [AIBot] PERCEPTION event=snapshot_slow bot=Bob {elapsed_ms=11}
[21:34:27] [Server thread/INFO]: [AIBot] ACTION event=diag_snapshot bot=Bob {fall=0.0, held=minecraft:oak_planksx7, task_state=COMPLETED, submerged=false, light=13, step=, in_lava=false, task_phase=ESCAPE, goal=none, task_progress=1.0, task=creeper_defense, mode=survival, air=300, food=17, path_idle=true, inv=minecraft:crafting_tablex1 minecraft:oak_planksx7, nearby=animals=0 hostiles=0, mining_idle=true, hp=2.0/20.0, on_ground=true, pos=18,112,44}
[21:34:29] [Server thread/WARN]: [AIBot] PERCEPTION event=snapshot_slow bot=Bob {elapsed_ms=11}
[21:34:29] [Server thread/INFO]: [AIBot] ACTION event=capability_decision bot=Bob {reason=DENIED_STRICT_SURVIVAL, allowed=false, profile=strict_survival, capability=HIDDEN_BLOCK_SCAN, context=observable_block_query}
[21:34:29] [Server thread/INFO]: [AIBot] ACTION event=capability_decision bot=Bob {reason=DENIED_STRICT_SURVIVAL, allowed=false, profile=strict_survival, capability=HIDDEN_BLOCK_SCAN, context=perception_snapshot}
[21:34:29] [Server thread/INFO]: [AIBot] ACTION event=capability_decision bot=Bob {reason=DENIED_STRICT_SURVIVAL, allowed=false, profile=strict_survival, capability=HIDDEN_BLOCK_SCAN, context=diagnostic_nearby}
[21:34:29] [Server thread/INFO]: [AIBot] ACTION event=capability_decision bot=Bob {reason=DENIED_STRICT_SURVIVAL, allowed=false, profile=strict_survival, capability=HIDDEN_BLOCK_SCAN, context=observable_entity_query}
[21:34:29] [Server thread/INFO]: [AIBot] ACTION event=diag_snapshot bot=Bob {fall=0.0, held=minecraft:oak_planksx7, task_state=COMPLETED, submerged=false, light=13, step=, in_lava=false, task_phase=ESCAPE, goal=none, task_progress=1.0, task=creeper_defense, mode=survival, air=300, food=17, path_idle=true, inv=minecraft:crafting_tablex1 minecraft:oak_planksx7, nearby=animals=0 hostiles=0, mining_idle=true, hp=2.0/20.0, on_ground=true, pos=18,112,44}
[21:34:30] [Server thread/WARN]: [AIBot] PERCEPTION event=snapshot_slow bot=Bob {elapsed_ms=11}
[21:34:31] [Server thread/INFO]: [AIBot] ACTION event=diag_snapshot bot=Bob {fall=0.0, held=minecraft:oak_planksx7, task_state=COMPLETED, submerged=false, light=13, step=, in_lava=false, task_phase=ESCAPE, goal=none, task_progress=1.0, task=creeper_defense, mode=survival, air=300, food=17, path_idle=true, inv=minecraft:crafting_tablex1 minecraft:oak_planksx7, nearby=animals=0 hostiles=0, mining_idle=true, hp=2.0/20.0, on_ground=true, pos=18,112,44}
[21:34:32] [Server thread/WARN]: [AIBot] PERCEPTION event=snapshot_slow bot=Bob {elapsed_ms=17}
[21:34:32] [Server thread/WARN]: [AIBot] PERCEPTION event=snapshot_slow bot=Bob {elapsed_ms=11}
[21:34:33] [Server thread/INFO]: [AIBot] ACTION event=capability_decision bot=Bob {reason=DENIED_STRICT_SURVIVAL, allowed=false, profile=strict_survival, capability=EMERGENCY_TELEPORT, context=danger_dark_trap_surface}
[21:34:33] [Server thread/WARN]: [AIBot] PERCEPTION event=snapshot_slow bot=Bob {elapsed_ms=11}
[21:34:33] [Server thread/WARN]: [AIBot] PERCEPTION event=snapshot_slow bot=Bob {elapsed_ms=11}
[21:34:33] [Server thread/INFO]: [AIBot] ACTION event=diag_snapshot bot=Bob {fall=0.0, held=minecraft:oak_planksx7, task_state=COMPLETED, submerged=false, light=13, step=, in_lava=false, task_phase=ESCAPE, goal=none, task_progress=1.0, task=creeper_defense, mode=survival, air=300, food=17, path_idle=true, inv=minecraft:crafting_tablex1 minecraft:oak_planksx7, nearby=animals=0 hostiles=0, mining_idle=true, hp=2.0/20.0, on_ground=true, pos=18,112,44}
[21:34:34] [Server thread/WARN]: [AIBot] PERCEPTION event=snapshot_slow bot=Bob {elapsed_ms=11}
[21:34:34] [Server thread/INFO]: [AIBot] ACTION event=capability_decision bot=Bob {reason=DENIED_STRICT_SURVIVAL, allowed=false, profile=strict_survival, capability=HIDDEN_BLOCK_SCAN, context=observable_block_query}
[21:34:34] [Server thread/INFO]: [AIBot] ACTION event=capability_decision bot=Bob {reason=DENIED_STRICT_SURVIVAL, allowed=false, profile=strict_survival, capability=HIDDEN_BLOCK_SCAN, context=perception_snapshot}
[21:34:35] [Server thread/INFO]: [AIBot] ACTION event=capability_decision bot=Bob {reason=DENIED_STRICT_SURVIVAL, allowed=false, profile=strict_survival, capability=HIDDEN_BLOCK_SCAN, context=diagnostic_nearby}
[21:34:35] [Server thread/INFO]: [AIBot] ACTION event=capability_decision bot=Bob {reason=DENIED_STRICT_SURVIVAL, allowed=false, profile=strict_survival, capability=HIDDEN_BLOCK_SCAN, context=observable_entity_query}
[21:34:35] [Server thread/INFO]: [AIBot] ACTION event=diag_snapshot bot=Bob {fall=0.0, held=minecraft:oak_planksx7, task_state=COMPLETED, submerged=false, light=13, step=, in_lava=false, task_phase=ESCAPE, goal=none, task_progress=1.0, task=creeper_defense, mode=survival, air=300, food=17, path_idle=true, inv=minecraft:crafting_tablex1 minecraft:oak_planksx7, nearby=animals=0 hostiles=0, mining_idle=true, hp=2.0/20.0, on_ground=true, pos=18,112,44}
[21:34:36] [Server thread/WARN]: [AIBot] PERCEPTION event=snapshot_slow bot=Bob {elapsed_ms=12}
[21:34:37] [Server thread/WARN]: [AIBot] PERCEPTION event=snapshot_slow bot=Bob {elapsed_ms=11}
[21:34:37] [Server thread/WARN]: [AIBot] PERCEPTION event=snapshot_slow bot=Bob {elapsed_ms=11}
[21:34:37] [Server thread/INFO]: [AIBot] ACTION event=diag_snapshot bot=Bob {fall=0.0, held=minecraft:oak_planksx7, task_state=COMPLETED, submerged=false, light=13, step=, in_lava=false, task_phase=ESCAPE, goal=none, task_progress=1.0, task=creeper_defense, mode=survival, air=300, food=17, path_idle=true, inv=minecraft:crafting_tablex1 minecraft:oak_planksx7, nearby=animals=0 hostiles=0, mining_idle=true, hp=2.0/20.0, on_ground=true, pos=18,112,44}
[21:34:38] [Server thread/WARN]: [AIBot] PERCEPTION event=snapshot_slow bot=Bob {elapsed_ms=11}
[21:34:38] [Server thread/WARN]: [AIBot] PERCEPTION event=snapshot_slow bot=Bob {elapsed_ms=11}
[21:34:39] [Server thread/INFO]: [AIBot] LIFECYCLE event=mixin_alive bot=- {server_tick=7200}
[21:34:39] [Server thread/INFO]: [AIBot] ACTION event=capability_decision bot=Bob {reason=DENIED_STRICT_SURVIVAL, allowed=false, profile=strict_survival, capability=HIDDEN_BLOCK_SCAN, context=observable_block_query}
[21:34:39] [Server thread/INFO]: [AIBot] ACTION event=capability_decision bot=Bob {reason=DENIED_STRICT_SURVIVAL, allowed=false, profile=strict_survival, capability=HIDDEN_BLOCK_SCAN, context=perception_snapshot}
[21:34:39] [Server thread/WARN]: [AIBot] PERCEPTION event=snapshot_slow bot=Bob {elapsed_ms=11}
[21:34:39] [Server thread/INFO]: [AIBot] ACTION event=diag_snapshot bot=Bob {fall=0.0, held=minecraft:oak_planksx7, task_state=COMPLETED, submerged=false, light=13, step=, in_lava=false, task_phase=ESCAPE, goal=none, task_progress=1.0, task=creeper_defense, mode=survival, air=300, food=17, path_idle=true, inv=minecraft:crafting_tablex1 minecraft:oak_planksx7, nearby=animals=0 hostiles=0, mining_idle=true, hp=2.0/20.0, on_ground=true, pos=18,112,44}
[21:34:40] [Server thread/WARN]: [AIBot] PERCEPTION event=snapshot_slow bot=Bob {elapsed_ms=11}
[21:34:40] [Server thread/WARN]: [AIBot] PERCEPTION event=snapshot_slow bot=Bob {elapsed_ms=11}
[21:34:41] [Server thread/INFO]: [AIBot] ACTION event=capability_decision bot=Bob {reason=DENIED_STRICT_SURVIVAL, allowed=false, profile=strict_survival, capability=EMERGENCY_TELEPORT, context=danger_dark_trap_surface}
[21:34:41] [Server thread/INFO]: [AIBot] ACTION event=capability_decision bot=Bob {reason=DENIED_STRICT_SURVIVAL, allowed=false, profile=strict_survival, capability=HIDDEN_BLOCK_SCAN, context=diagnostic_nearby}
[21:34:41] [Server thread/INFO]: [AIBot] ACTION event=capability_decision bot=Bob {reason=DENIED_STRICT_SURVIVAL, allowed=false, profile=strict_survival, capability=HIDDEN_BLOCK_SCAN, context=observable_entity_query}
[21:34:41] [Server thread/INFO]: [AIBot] ACTION event=diag_snapshot bot=Bob {fall=0.0, held=minecraft:oak_planksx7, task_state=COMPLETED, submerged=false, light=13, step=, in_lava=false, task_phase=ESCAPE, goal=none, task_progress=1.0, task=creeper_defense, mode=survival, air=300, food=17, path_idle=true, inv=minecraft:crafting_tablex1 minecraft:oak_planksx7, nearby=animals=0 hostiles=0, mining_idle=true, hp=2.0/20.0, on_ground=true, pos=18,112,44}
[21:34:42] [Server thread/WARN]: [AIBot] PERCEPTION event=snapshot_slow bot=Bob {elapsed_ms=11}
[21:34:43] [Server thread/WARN]: [AIBot] PERCEPTION event=snapshot_slow bot=Bob {elapsed_ms=11}
[21:34:43] [Server thread/INFO]: [AIBot] ACTION event=diag_snapshot bot=Bob {fall=0.0, held=minecraft:oak_planksx7, task_state=COMPLETED, submerged=false, light=13, step=, in_lava=false, task_phase=ESCAPE, goal=none, task_progress=1.0, task=creeper_defense, mode=survival, air=300, food=17, path_idle=true, inv=minecraft:crafting_tablex1 minecraft:oak_planksx7, nearby=animals=0 hostiles=0, mining_idle=true, hp=2.0/20.0, on_ground=true, pos=18,112,44}
[21:34:44] [Server thread/WARN]: [AIBot] PERCEPTION event=snapshot_slow bot=Bob {elapsed_ms=12}
[21:34:44] [Server thread/INFO]: [AIBot] ACTION event=capability_decision bot=Bob {reason=DENIED_STRICT_SURVIVAL, allowed=false, profile=strict_survival, capability=HIDDEN_BLOCK_SCAN, context=observable_block_query}
[21:34:44] [Server thread/INFO]: [AIBot] ACTION event=capability_decision bot=Bob {reason=DENIED_STRICT_SURVIVAL, allowed=false, profile=strict_survival, capability=HIDDEN_BLOCK_SCAN, context=perception_snapshot}
[21:34:44] [Server thread/WARN]: [AIBot] PERCEPTION event=snapshot_slow bot=Bob {elapsed_ms=11}
[21:34:45] [Server thread/WARN]: [AIBot] PERCEPTION event=snapshot_slow bot=Bob {elapsed_ms=11}
[21:34:45] [Server thread/WARN]: [AIBot] PERCEPTION event=snapshot_slow bot=Bob {elapsed_ms=11}
[21:34:45] [Server thread/INFO]: [AIBot] ACTION event=diag_snapshot bot=Bob {fall=0.0, held=minecraft:oak_planksx7, task_state=COMPLETED, submerged=false, light=13, step=, in_lava=false, task_phase=ESCAPE, goal=none, task_progress=1.0, task=creeper_defense, mode=survival, air=300, food=17, path_idle=true, inv=minecraft:crafting_tablex1 minecraft:oak_planksx7, nearby=animals=0 hostiles=0, mining_idle=true, hp=2.0/20.0, on_ground=true, pos=18,112,44}
[21:34:46] [Server thread/WARN]: [AIBot] PERCEPTION event=snapshot_slow bot=Bob {elapsed_ms=11}
[21:34:47] [Server thread/WARN]: [AIBot] PERCEPTION event=snapshot_slow bot=Bob {elapsed_ms=11}
[21:34:47] [Server thread/WARN]: [AIBot] PERCEPTION event=snapshot_slow bot=Bob {elapsed_ms=12}
[21:34:47] [Server thread/INFO]: [AIBot] ACTION event=capability_decision bot=Bob {reason=DENIED_STRICT_SURVIVAL, allowed=false, profile=strict_survival, capability=HIDDEN_BLOCK_SCAN, context=diagnostic_nearby}
[21:34:47] [Server thread/INFO]: [AIBot] ACTION event=capability_decision bot=Bob {reason=DENIED_STRICT_SURVIVAL, allowed=false, profile=strict_survival, capability=HIDDEN_BLOCK_SCAN, context=observable_entity_query}
[21:34:47] [Server thread/INFO]: [AIBot] ACTION event=diag_snapshot bot=Bob {fall=0.0, held=minecraft:oak_planksx7, task_state=COMPLETED, submerged=false, light=13, step=, in_lava=false, task_phase=ESCAPE, goal=none, task_progress=1.0, task=creeper_defense, mode=survival, air=300, food=17, path_idle=true, inv=minecraft:crafting_tablex1 minecraft:oak_planksx7, nearby=animals=0 hostiles=0, mining_idle=true, hp=2.0/20.0, on_ground=true, pos=18,112,44}
[21:34:48] [Server thread/WARN]: [AIBot] PERCEPTION event=snapshot_slow bot=Bob {elapsed_ms=11}
[21:34:49] [Server thread/INFO]: [AIBot] ACTION event=capability_decision bot=Bob {reason=DENIED_STRICT_SURVIVAL, allowed=false, profile=strict_survival, capability=EMERGENCY_TELEPORT, context=danger_dark_trap_surface}
[21:34:49] [Server thread/INFO]: [AIBot] ACTION event=capability_decision bot=Bob {reason=DENIED_STRICT_SURVIVAL, allowed=false, profile=strict_survival, capability=HIDDEN_BLOCK_SCAN, context=observable_block_query}
[21:34:49] [Server thread/INFO]: [AIBot] ACTION event=capability_decision bot=Bob {reason=DENIED_STRICT_SURVIVAL, allowed=false, profile=strict_survival, capability=HIDDEN_BLOCK_SCAN, context=perception_snapshot}
[21:34:49] [Server thread/INFO]: [AIBot] ACTION event=diag_snapshot bot=Bob {fall=0.0, held=minecraft:oak_planksx7, task_state=COMPLETED, submerged=false, light=13, step=, in_lava=false, task_phase=ESCAPE, goal=none, task_progress=1.0, task=creeper_defense, mode=survival, air=300, food=17, path_idle=true, inv=minecraft:crafting_tablex1 minecraft:oak_planksx7, nearby=animals=0 hostiles=0, mining_idle=true, hp=2.0/20.0, on_ground=true, pos=18,112,44}
[21:34:50] [Server thread/WARN]: [AIBot] PERCEPTION event=snapshot_slow bot=Bob {elapsed_ms=12}
[21:34:51] [Server thread/WARN]: [AIBot] PERCEPTION event=snapshot_slow bot=Bob {elapsed_ms=11}
[21:34:51] [Server thread/INFO]: [AIBot] ACTION event=diag_snapshot bot=Bob {fall=0.0, held=minecraft:oak_planksx7, task_state=COMPLETED, submerged=false, light=13, step=, in_lava=false, task_phase=ESCAPE, goal=none, task_progress=1.0, task=creeper_defense, mode=survival, air=300, food=17, path_idle=true, inv=minecraft:crafting_tablex1 minecraft:oak_planksx7, nearby=animals=0 hostiles=0, mining_idle=true, hp=2.0/20.0, on_ground=true, pos=18,112,44}
[21:34:53] [Server thread/WARN]: [AIBot] PERCEPTION event=snapshot_slow bot=Bob {elapsed_ms=11}
[21:34:53] [Server thread/INFO]: [AIBot] ACTION event=capability_decision bot=Bob {reason=DENIED_STRICT_SURVIVAL, allowed=false, profile=strict_survival, capability=HIDDEN_BLOCK_SCAN, context=diagnostic_nearby}
[21:34:53] [Server thread/INFO]: [AIBot] ACTION event=capability_decision bot=Bob {reason=DENIED_STRICT_SURVIVAL, allowed=false, profile=strict_survival, capability=HIDDEN_BLOCK_SCAN, context=observable_entity_query}
[21:34:53] [Server thread/INFO]: [AIBot] ACTION event=diag_snapshot bot=Bob {fall=0.0, held=minecraft:oak_planksx7, task_state=COMPLETED, submerged=false, light=13, step=, in_lava=false, task_phase=ESCAPE, goal=none, task_progress=1.0, task=creeper_defense, mode=survival, air=300, food=17, path_idle=true, inv=minecraft:crafting_tablex1 minecraft:oak_planksx7, nearby=animals=0 hostiles=0, mining_idle=true, hp=2.0/20.0, on_ground=true, pos=18,112,44}
[21:34:54] [Server thread/WARN]: [AIBot] PERCEPTION event=snapshot_slow bot=Bob {elapsed_ms=11}
[21:34:54] [Server thread/INFO]: [AIBot] ACTION event=capability_decision bot=Bob {reason=DENIED_STRICT_SURVIVAL, allowed=false, profile=strict_survival, capability=HIDDEN_BLOCK_SCAN, context=observable_block_query}
[21:34:54] [Server thread/INFO]: [AIBot] ACTION event=capability_decision bot=Bob {reason=DENIED_STRICT_SURVIVAL, allowed=false, profile=strict_survival, capability=HIDDEN_BLOCK_SCAN, context=perception_snapshot}
[21:34:54] [Server thread/WARN]: [AIBot] PERCEPTION event=snapshot_slow bot=Bob {elapsed_ms=12}
[21:34:55] [Server thread/WARN]: [AIBot] PERCEPTION event=snapshot_slow bot=Bob {elapsed_ms=11}
[21:34:55] [Server thread/WARN]: [AIBot] PERCEPTION event=snapshot_slow bot=Bob {elapsed_ms=12}
[21:34:55] [Server thread/INFO]: [AIBot] ACTION event=diag_snapshot bot=Bob {fall=0.0, held=minecraft:oak_planksx7, task_state=COMPLETED, submerged=false, light=13, step=, in_lava=false, task_phase=ESCAPE, goal=none, task_progress=1.0, task=creeper_defense, mode=survival, air=300, food=17, path_idle=true, inv=minecraft:crafting_tablex1 minecraft:oak_planksx7, nearby=animals=0 hostiles=0, mining_idle=true, hp=2.0/20.0, on_ground=true, pos=18,112,44}
[21:34:56] [Server thread/WARN]: [AIBot] PERCEPTION event=snapshot_slow bot=Bob {elapsed_ms=11}
[21:34:57] [Server thread/INFO]: [AIBot] ACTION event=capability_decision bot=Bob {reason=DENIED_STRICT_SURVIVAL, allowed=false, profile=strict_survival, capability=EMERGENCY_TELEPORT, context=danger_dark_trap_surface}
[21:34:57] [Server thread/WARN]: [AIBot] PERCEPTION event=snapshot_slow bot=Bob {elapsed_ms=11}
[21:34:57] [Server thread/WARN]: [AIBot] PERCEPTION event=snapshot_slow bot=Bob {elapsed_ms=11}
[21:34:57] [Server thread/INFO]: [AIBot] ACTION event=diag_snapshot bot=Bob {fall=0.0, held=minecraft:oak_planksx7, task_state=COMPLETED, submerged=false, light=13, step=, in_lava=false, task_phase=ESCAPE, goal=none, task_progress=1.0, task=creeper_defense, mode=survival, air=300, food=17, path_idle=true, inv=minecraft:crafting_tablex1 minecraft:oak_planksx7, nearby=animals=0 hostiles=0, mining_idle=true, hp=2.0/20.0, on_ground=true, pos=18,112,44}
[21:34:58] [Server thread/WARN]: [AIBot] PERCEPTION event=snapshot_slow bot=Bob {elapsed_ms=11}
[21:34:59] [Server thread/WARN]: [AIBot] PERCEPTION event=snapshot_slow bot=Bob {elapsed_ms=12}
[21:34:59] [Server thread/INFO]: [AIBot] ACTION event=capability_decision bot=Bob {reason=DENIED_STRICT_SURVIVAL, allowed=false, profile=strict_survival, capability=HIDDEN_BLOCK_SCAN, context=observable_block_query}
[21:34:59] [Server thread/INFO]: [AIBot] ACTION event=capability_decision bot=Bob {reason=DENIED_STRICT_SURVIVAL, allowed=false, profile=strict_survival, capability=HIDDEN_BLOCK_SCAN, context=perception_snapshot}
[21:34:59] [Server thread/INFO]: [AIBot] ACTION event=capability_decision bot=Bob {reason=DENIED_STRICT_SURVIVAL, allowed=false, profile=strict_survival, capability=HIDDEN_BLOCK_SCAN, context=diagnostic_nearby}
[21:34:59] [Server thread/INFO]: [AIBot] ACTION event=capability_decision bot=Bob {reason=DENIED_STRICT_SURVIVAL, allowed=false, profile=strict_survival, capability=HIDDEN_BLOCK_SCAN, context=observable_entity_query}
[21:34:59] [Server thread/INFO]: [AIBot] ACTION event=diag_snapshot bot=Bob {fall=0.0, held=minecraft:oak_planksx7, task_state=COMPLETED, submerged=false, light=13, step=, in_lava=false, task_phase=ESCAPE, goal=none, task_progress=1.0, task=creeper_defense, mode=survival, air=300, food=17, path_idle=true, inv=minecraft:crafting_tablex1 minecraft:oak_planksx7, nearby=animals=0 hostiles=0, mining_idle=true, hp=2.0/20.0, on_ground=true, pos=18,112,44}
[21:35:00] [Server thread/WARN]: [AIBot] PERCEPTION event=snapshot_slow bot=Bob {elapsed_ms=11}
[21:35:01] [Server thread/INFO]: [AIBot] ACTION event=diag_snapshot bot=Bob {fall=0.0, held=minecraft:oak_planksx7, task_state=COMPLETED, submerged=false, light=13, step=, in_lava=false, task_phase=ESCAPE, goal=none, task_progress=1.0, task=creeper_defense, mode=survival, air=300, food=17, path_idle=true, inv=minecraft:crafting_tablex1 minecraft:oak_planksx7, nearby=animals=0 hostiles=0, mining_idle=true, hp=2.0/20.0, on_ground=true, pos=18,112,44}
[21:35:02] [Server thread/WARN]: [AIBot] PERCEPTION event=snapshot_slow bot=Bob {elapsed_ms=11}
[21:35:02] [Server thread/WARN]: [AIBot] PERCEPTION event=snapshot_slow bot=Bob {elapsed_ms=11}
[21:35:03] [Server thread/WARN]: [AIBot] PERCEPTION event=snapshot_slow bot=Bob {elapsed_ms=12}
[21:35:03] [Server thread/INFO]: [AIBot] ACTION event=diag_snapshot bot=Bob {fall=0.0, held=minecraft:oak_planksx7, task_state=COMPLETED, submerged=false, light=13, step=, in_lava=false, task_phase=ESCAPE, goal=none, task_progress=1.0, task=creeper_defense, mode=survival, air=300, food=17, path_idle=true, inv=minecraft:crafting_tablex1 minecraft:oak_planksx7, nearby=animals=0 hostiles=0, mining_idle=true, hp=2.0/20.0, on_ground=true, pos=18,112,44}
[21:35:04] [Server thread/WARN]: [AIBot] PERCEPTION event=snapshot_slow bot=Bob {elapsed_ms=11}
[21:35:04] [Server thread/INFO]: [AIBot] ACTION event=capability_decision bot=Bob {reason=DENIED_STRICT_SURVIVAL, allowed=false, profile=strict_survival, capability=HIDDEN_BLOCK_SCAN, context=observable_block_query}
[21:35:04] [Server thread/INFO]: [AIBot] ACTION event=capability_decision bot=Bob {reason=DENIED_STRICT_SURVIVAL, allowed=false, profile=strict_survival, capability=HIDDEN_BLOCK_SCAN, context=perception_snapshot}
[21:35:04] [Server thread/WARN]: [AIBot] PERCEPTION event=snapshot_slow bot=Bob {elapsed_ms=11}
[21:35:05] [Server thread/WARN]: [AIBot] PERCEPTION event=snapshot_slow bot=Bob {elapsed_ms=11}
[21:35:05] [Server thread/INFO]: [AIBot] ACTION event=capability_decision bot=Bob {reason=DENIED_STRICT_SURVIVAL, allowed=false, profile=strict_survival, capability=EMERGENCY_TELEPORT, context=danger_dark_trap_surface}
[21:35:05] [Server thread/WARN]: [AIBot] PERCEPTION event=snapshot_slow bot=Bob {elapsed_ms=12}
[21:35:05] [Server thread/INFO]: [AIBot] ACTION event=capability_decision bot=Bob {reason=DENIED_STRICT_SURVIVAL, allowed=false, profile=strict_survival, capability=HIDDEN_BLOCK_SCAN, context=diagnostic_nearby}
[21:35:05] [Server thread/INFO]: [AIBot] ACTION event=capability_decision bot=Bob {reason=DENIED_STRICT_SURVIVAL, allowed=false, profile=strict_survival, capability=HIDDEN_BLOCK_SCAN, context=observable_entity_query}
[21:35:05] [Server thread/INFO]: [AIBot] ACTION event=diag_snapshot bot=Bob {fall=0.0, held=minecraft:oak_planksx7, task_state=COMPLETED, submerged=false, light=13, step=, in_lava=false, task_phase=ESCAPE, goal=none, task_progress=1.0, task=creeper_defense, mode=survival, air=300, food=17, path_idle=true, inv=minecraft:crafting_tablex1 minecraft:oak_planksx7, nearby=animals=0 hostiles=0, mining_idle=true, hp=2.0/20.0, on_ground=true, pos=18,112,44}
[21:35:06] [Server thread/WARN]: [AIBot] PERCEPTION event=snapshot_slow bot=Bob {elapsed_ms=11}
[21:35:07] [Server thread/WARN]: [AIBot] PERCEPTION event=snapshot_slow bot=Bob {elapsed_ms=11}
[21:35:07] [Server thread/WARN]: [AIBot] PERCEPTION event=snapshot_slow bot=Bob {elapsed_ms=11}
[21:35:07] [Server thread/INFO]: [AIBot] ACTION event=diag_snapshot bot=Bob {fall=0.0, held=minecraft:oak_planksx7, task_state=COMPLETED, submerged=false, light=13, step=, in_lava=false, task_phase=ESCAPE, goal=none, task_progress=1.0, task=creeper_defense, mode=survival, air=300, food=17, path_idle=true, inv=minecraft:crafting_tablex1 minecraft:oak_planksx7, nearby=animals=0 hostiles=0, mining_idle=true, hp=2.0/20.0, on_ground=true, pos=18,112,44}
[21:35:08] [Server thread/WARN]: [AIBot] PERCEPTION event=snapshot_slow bot=Bob {elapsed_ms=11}
[21:35:08] [Server thread/WARN]: [AIBot] PERCEPTION event=snapshot_slow bot=Bob {elapsed_ms=11}
[21:35:09] [Server thread/INFO]: [AIBot] ACTION event=capability_decision bot=Bob {reason=DENIED_STRICT_SURVIVAL, allowed=false, profile=strict_survival, capability=HIDDEN_BLOCK_SCAN, context=observable_block_query}
[21:35:09] [Server thread/INFO]: [AIBot] ACTION event=capability_decision bot=Bob {reason=DENIED_STRICT_SURVIVAL, allowed=false, profile=strict_survival, capability=HIDDEN_BLOCK_SCAN, context=perception_snapshot}
[21:35:09] [Server thread/WARN]: [AIBot] PERCEPTION event=snapshot_slow bot=Bob {elapsed_ms=11}
[21:35:09] [Server thread/INFO]: [AIBot] ACTION event=diag_snapshot bot=Bob {fall=0.0, held=minecraft:oak_planksx7, task_state=COMPLETED, submerged=false, light=13, step=, in_lava=false, task_phase=ESCAPE, goal=none, task_progress=1.0, task=creeper_defense, mode=survival, air=300, food=17, path_idle=true, inv=minecraft:crafting_tablex1 minecraft:oak_planksx7, nearby=animals=0 hostiles=0, mining_idle=true, hp=2.0/20.0, on_ground=true, pos=18,112,44}
[21:35:10] [Server thread/WARN]: [AIBot] PERCEPTION event=snapshot_slow bot=Bob {elapsed_ms=11}
[21:35:11] [Server thread/WARN]: [AIBot] PERCEPTION event=snapshot_slow bot=Bob {elapsed_ms=11}
[21:35:11] [Server thread/INFO]: [AIBot] ACTION event=capability_decision bot=Bob {reason=DENIED_STRICT_SURVIVAL, allowed=false, profile=strict_survival, capability=HIDDEN_BLOCK_SCAN, context=diagnostic_nearby}
[21:35:11] [Server thread/INFO]: [AIBot] ACTION event=capability_decision bot=Bob {reason=DENIED_STRICT_SURVIVAL, allowed=false, profile=strict_survival, capability=HIDDEN_BLOCK_SCAN, context=observable_entity_query}
[21:35:11] [Server thread/INFO]: [AIBot] ACTION event=diag_snapshot bot=Bob {fall=0.0, held=minecraft:oak_planksx7, task_state=COMPLETED, submerged=false, light=13, step=, in_lava=false, task_phase=ESCAPE, goal=none, task_progress=1.0, task=creeper_defense, mode=survival, air=300, food=17, path_idle=true, inv=minecraft:crafting_tablex1 minecraft:oak_planksx7, nearby=animals=0 hostiles=0, mining_idle=true, hp=2.0/20.0, on_ground=true, pos=18,112,44}
[21:35:12] [Server thread/WARN]: [AIBot] PERCEPTION event=snapshot_slow bot=Bob {elapsed_ms=11}
[21:35:12] [Server thread/WARN]: [AIBot] PERCEPTION event=snapshot_slow bot=Bob {elapsed_ms=11}
[21:35:13] [Server thread/INFO]: [AIBot] ACTION event=capability_decision bot=Bob {reason=DENIED_STRICT_SURVIVAL, allowed=false, profile=strict_survival, capability=EMERGENCY_TELEPORT, context=danger_dark_trap_surface}
[21:35:13] [Server thread/WARN]: [AIBot] PERCEPTION event=snapshot_slow bot=Bob {elapsed_ms=11}
[21:35:13] [Server thread/INFO]: [AIBot] ACTION event=diag_snapshot bot=Bob {fall=0.0, held=minecraft:oak_planksx7, task_state=COMPLETED, submerged=false, light=13, step=, in_lava=false, task_phase=ESCAPE, goal=none, task_progress=1.0, task=creeper_defense, mode=survival, air=300, food=17, path_idle=true, inv=minecraft:crafting_tablex1 minecraft:oak_planksx7, nearby=animals=0 hostiles=0, mining_idle=true, hp=2.0/20.0, on_ground=true, pos=18,112,44}
[21:35:14] [Server thread/WARN]: [AIBot] PERCEPTION event=snapshot_slow bot=Bob {elapsed_ms=11}
[21:35:14] [Server thread/INFO]: [AIBot] ACTION event=capability_decision bot=Bob {reason=DENIED_STRICT_SURVIVAL, allowed=false, profile=strict_survival, capability=HIDDEN_BLOCK_SCAN, context=observable_block_query}
[21:35:14] [Server thread/INFO]: [AIBot] ACTION event=capability_decision bot=Bob {reason=DENIED_STRICT_SURVIVAL, allowed=false, profile=strict_survival, capability=HIDDEN_BLOCK_SCAN, context=perception_snapshot}
[21:35:14] [Server thread/WARN]: [AIBot] PERCEPTION event=snapshot_slow bot=Bob {elapsed_ms=18}
[21:35:15] [Server thread/WARN]: [AIBot] PERCEPTION event=snapshot_slow bot=Bob {elapsed_ms=11}
[21:35:15] [Server thread/INFO]: [AIBot] ACTION event=diag_snapshot bot=Bob {fall=0.0, held=minecraft:oak_planksx7, task_state=COMPLETED, submerged=false, light=13, step=, in_lava=false, task_phase=ESCAPE, goal=none, task_progress=1.0, task=creeper_defense, mode=survival, air=300, food=17, path_idle=true, inv=minecraft:crafting_tablex1 minecraft:oak_planksx7, nearby=animals=0 hostiles=0, mining_idle=true, hp=2.0/20.0, on_ground=true, pos=18,112,44}
[21:35:16] [Server thread/WARN]: [AIBot] PERCEPTION event=snapshot_slow bot=Bob {elapsed_ms=11}
[21:35:17] [Server thread/INFO]: [AIBot] ACTION event=capability_decision bot=Bob {reason=DENIED_STRICT_SURVIVAL, allowed=false, profile=strict_survival, capability=HIDDEN_BLOCK_SCAN, context=observable_entity_query}
[21:35:17] [Server thread/WARN]: [AIBot] PERCEPTION event=snapshot_slow bot=Bob {elapsed_ms=11}
[21:35:17] [Server thread/INFO]: [AIBot] ACTION event=capability_decision bot=Bob {reason=DENIED_STRICT_SURVIVAL, allowed=false, profile=strict_survival, capability=HIDDEN_BLOCK_SCAN, context=diagnostic_nearby}
[21:35:17] [Server thread/INFO]: [AIBot] ACTION event=diag_snapshot bot=Bob {fall=0.0, held=minecraft:oak_planksx7, task_state=COMPLETED, submerged=false, light=13, step=, in_lava=false, task_phase=ESCAPE, goal=none, task_progress=1.0, task=creeper_defense, mode=survival, air=300, food=17, path_idle=true, inv=minecraft:crafting_tablex1 minecraft:oak_planksx7, nearby=animals=0 hostiles=0, mining_idle=true, hp=2.0/20.0, on_ground=true, pos=18,112,44}
[21:35:18] [Server thread/WARN]: [AIBot] PERCEPTION event=snapshot_slow bot=Bob {elapsed_ms=11}
[21:35:19] [Server thread/WARN]: [AIBot] PERCEPTION event=snapshot_slow bot=Bob {elapsed_ms=12}
[21:35:19] [Server thread/INFO]: [AIBot] ACTION event=capability_decision bot=Bob {reason=DENIED_STRICT_SURVIVAL, allowed=false, profile=strict_survival, capability=HIDDEN_BLOCK_SCAN, context=observable_block_query}
[21:35:19] [Server thread/INFO]: [AIBot] ACTION event=capability_decision bot=Bob {reason=DENIED_STRICT_SURVIVAL, allowed=false, profile=strict_survival, capability=HIDDEN_BLOCK_SCAN, context=perception_snapshot}
[21:35:19] [Server thread/WARN]: [AIBot] PERCEPTION event=snapshot_slow bot=Bob {elapsed_ms=11}
[21:35:19] [Server thread/INFO]: [AIBot] ACTION event=diag_snapshot bot=Bob {fall=0.0, held=minecraft:oak_planksx7, task_state=COMPLETED, submerged=false, light=13, step=, in_lava=false, task_phase=ESCAPE, goal=none, task_progress=1.0, task=creeper_defense, mode=survival, air=300, food=17, path_idle=true, inv=minecraft:crafting_tablex1 minecraft:oak_planksx7, nearby=animals=0 hostiles=0, mining_idle=true, hp=2.0/20.0, on_ground=true, pos=18,112,44}
[21:35:20] [Server thread/WARN]: [AIBot] PERCEPTION event=snapshot_slow bot=Bob {elapsed_ms=11}
[21:35:20] [Server thread/WARN]: [AIBot] PERCEPTION event=snapshot_slow bot=Bob {elapsed_ms=11}
[21:35:21] [Server thread/INFO]: [AIBot] ACTION event=capability_decision bot=Bob {reason=DENIED_STRICT_SURVIVAL, allowed=false, profile=strict_survival, capability=EMERGENCY_TELEPORT, context=danger_dark_trap_surface}
[21:35:21] [Server thread/WARN]: [AIBot] PERCEPTION event=snapshot_slow bot=Bob {elapsed_ms=12}
[21:35:21] [Server thread/INFO]: [AIBot] ACTION event=diag_snapshot bot=Bob {fall=0.0, held=minecraft:oak_planksx7, task_state=COMPLETED, submerged=false, light=13, step=, in_lava=false, task_phase=ESCAPE, goal=none, task_progress=1.0, task=creeper_defense, mode=survival, air=300, food=17, path_idle=true, inv=minecraft:crafting_tablex1 minecraft:oak_planksx7, nearby=animals=0 hostiles=0, mining_idle=true, hp=2.0/20.0, on_ground=true, pos=18,112,44}
[21:35:22] [Server thread/INFO]: [AIBot] ACTION event=capability_decision bot=Bob {reason=DENIED_STRICT_SURVIVAL, allowed=false, profile=strict_survival, capability=HIDDEN_BLOCK_SCAN, context=observable_entity_query}
[21:35:22] [Server thread/WARN]: [AIBot] PERCEPTION event=snapshot_slow bot=Bob {elapsed_ms=11}
[21:35:22] [Server thread/WARN]: [AIBot] PERCEPTION event=snapshot_slow bot=Bob {elapsed_ms=11}
[21:35:23] [Server thread/WARN]: [AIBot] PERCEPTION event=snapshot_slow bot=Bob {elapsed_ms=15}
[21:35:23] [Server thread/WARN]: [AIBot] PERCEPTION event=snapshot_slow bot=Bob {elapsed_ms=11}
[21:35:23] [Server thread/INFO]: [AIBot] ACTION event=capability_decision bot=Bob {reason=DENIED_STRICT_SURVIVAL, allowed=false, profile=strict_survival, capability=HIDDEN_BLOCK_SCAN, context=diagnostic_nearby}
[21:35:23] [Server thread/INFO]: [AIBot] ACTION event=diag_snapshot bot=Bob {fall=0.0, held=minecraft:oak_planksx7, task_state=COMPLETED, submerged=false, light=13, step=, in_lava=false, task_phase=ESCAPE, goal=none, task_progress=1.0, task=creeper_defense, mode=survival, air=300, food=17, path_idle=true, inv=minecraft:crafting_tablex1 minecraft:oak_planksx7, nearby=animals=0 hostiles=0, mining_idle=true, hp=2.0/20.0, on_ground=true, pos=18,112,44}
[21:35:24] [Server thread/WARN]: [AIBot] PERCEPTION event=snapshot_slow bot=Bob {elapsed_ms=11}
[21:35:24] [Server thread/INFO]: [AIBot] ACTION event=capability_decision bot=Bob {reason=DENIED_STRICT_SURVIVAL, allowed=false, profile=strict_survival, capability=HIDDEN_BLOCK_SCAN, context=observable_block_query}
[21:35:24] [Server thread/INFO]: [AIBot] ACTION event=capability_decision bot=Bob {reason=DENIED_STRICT_SURVIVAL, allowed=false, profile=strict_survival, capability=HIDDEN_BLOCK_SCAN, context=perception_snapshot}
[21:35:24] [Server thread/WARN]: [AIBot] PERCEPTION event=snapshot_slow bot=Bob {elapsed_ms=12}
[21:35:25] [Server thread/WARN]: [AIBot] PERCEPTION event=snapshot_slow bot=Bob {elapsed_ms=12}
[21:35:25] [Server thread/WARN]: [AIBot] PERCEPTION event=snapshot_slow bot=Bob {elapsed_ms=14}
[21:35:25] [Server thread/INFO]: [AIBot] ACTION event=diag_snapshot bot=Bob {fall=0.0, held=minecraft:oak_planksx7, task_state=COMPLETED, submerged=false, light=13, step=, in_lava=false, task_phase=ESCAPE, goal=none, task_progress=1.0, task=creeper_defense, mode=survival, air=300, food=17, path_idle=true, inv=minecraft:crafting_tablex1 minecraft:oak_planksx7, nearby=animals=0 hostiles=0, mining_idle=true, hp=2.0/20.0, on_ground=true, pos=18,112,44}
[21:35:26] [Server thread/WARN]: [AIBot] PERCEPTION event=snapshot_slow bot=Bob {elapsed_ms=11}
[21:35:26] [Server thread/WARN]: [AIBot] PERCEPTION event=snapshot_slow bot=Bob {elapsed_ms=12}
[21:35:27] [Server thread/INFO]: [AIBot] ACTION event=capability_decision bot=Bob {reason=DENIED_STRICT_SURVIVAL, allowed=false, profile=strict_survival, capability=HIDDEN_BLOCK_SCAN, context=observable_entity_query}
[21:35:27] [Server thread/WARN]: [AIBot] PERCEPTION event=snapshot_slow bot=Bob {elapsed_ms=13}
[21:35:27] [Server thread/WARN]: [AIBot] PERCEPTION event=snapshot_slow bot=Bob {elapsed_ms=17}
[21:35:27] [Server thread/INFO]: [AIBot] ACTION event=diag_snapshot bot=Bob {fall=0.0, held=minecraft:oak_planksx7, task_state=COMPLETED, submerged=false, light=13, step=, in_lava=false, task_phase=ESCAPE, goal=none, task_progress=1.0, task=creeper_defense, mode=survival, air=300, food=17, path_idle=true, inv=minecraft:crafting_tablex1 minecraft:oak_planksx7, nearby=animals=0 hostiles=0, mining_idle=true, hp=2.0/20.0, on_ground=true, pos=18,112,44}
[21:35:28] [Server thread/WARN]: [AIBot] PERCEPTION event=snapshot_slow bot=Bob {elapsed_ms=12}
[21:35:28] [Server thread/WARN]: [AIBot] PERCEPTION event=snapshot_slow bot=Bob {elapsed_ms=13}
[21:35:29] [Server thread/WARN]: [AIBot] PERCEPTION event=snapshot_slow bot=Bob {elapsed_ms=14}
[21:35:29] [Server thread/INFO]: [AIBot] ACTION event=capability_decision bot=Bob {reason=DENIED_STRICT_SURVIVAL, allowed=false, profile=strict_survival, capability=EMERGENCY_TELEPORT, context=danger_dark_trap_surface}
[21:35:29] [Server thread/INFO]: [AIBot] ACTION event=capability_decision bot=Bob {reason=DENIED_STRICT_SURVIVAL, allowed=false, profile=strict_survival, capability=HIDDEN_BLOCK_SCAN, context=observable_block_query}
[21:35:29] [Server thread/INFO]: [AIBot] ACTION event=capability_decision bot=Bob {reason=DENIED_STRICT_SURVIVAL, allowed=false, profile=strict_survival, capability=HIDDEN_BLOCK_SCAN, context=perception_snapshot}
[21:35:29] [Server thread/WARN]: [AIBot] PERCEPTION event=snapshot_slow bot=Bob {elapsed_ms=16}
[21:35:29] [Server thread/INFO]: [AIBot] ACTION event=capability_decision bot=Bob {reason=DENIED_STRICT_SURVIVAL, allowed=false, profile=strict_survival, capability=HIDDEN_BLOCK_SCAN, context=diagnostic_nearby}
[21:35:29] [Server thread/INFO]: [AIBot] ACTION event=diag_snapshot bot=Bob {fall=0.0, held=minecraft:oak_planksx7, task_state=COMPLETED, submerged=false, light=13, step=, in_lava=false, task_phase=ESCAPE, goal=none, task_progress=1.0, task=creeper_defense, mode=survival, air=300, food=17, path_idle=true, inv=minecraft:crafting_tablex1 minecraft:oak_planksx7, nearby=animals=0 hostiles=0, mining_idle=true, hp=2.0/20.0, on_ground=true, pos=18,112,44}
[21:35:30] [Server thread/WARN]: [AIBot] PERCEPTION event=snapshot_slow bot=Bob {elapsed_ms=14}
[21:35:30] [Server thread/WARN]: [AIBot] PERCEPTION event=snapshot_slow bot=Bob {elapsed_ms=12}
[21:35:31] [Server thread/WARN]: [AIBot] PERCEPTION event=snapshot_slow bot=Bob {elapsed_ms=11}
[21:35:31] [Server thread/WARN]: [AIBot] PERCEPTION event=snapshot_slow bot=Bob {elapsed_ms=12}
[21:35:31] [Server thread/INFO]: [AIBot] ACTION event=diag_snapshot bot=Bob {fall=0.0, held=minecraft:oak_planksx7, task_state=COMPLETED, submerged=false, light=13, step=, in_lava=false, task_phase=ESCAPE, goal=none, task_progress=1.0, task=creeper_defense, mode=survival, air=300, food=17, path_idle=true, inv=minecraft:crafting_tablex1 minecraft:oak_planksx7, nearby=animals=0 hostiles=0, mining_idle=true, hp=2.0/20.0, on_ground=true, pos=18,112,44}
[21:35:32] [Server thread/INFO]: [AIBot] ACTION event=capability_decision bot=Bob {reason=DENIED_STRICT_SURVIVAL, allowed=false, profile=strict_survival, capability=HIDDEN_BLOCK_SCAN, context=observable_entity_query}
[21:35:32] [Server thread/WARN]: [AIBot] PERCEPTION event=snapshot_slow bot=Bob {elapsed_ms=13}
[21:35:32] [Server thread/WARN]: [AIBot] PERCEPTION event=snapshot_slow bot=Bob {elapsed_ms=15}
[21:35:33] [Server thread/WARN]: [AIBot] PERCEPTION event=snapshot_slow bot=Bob {elapsed_ms=15}
[21:35:33] [Server thread/INFO]: [AIBot] ACTION event=diag_snapshot bot=Bob {fall=0.0, held=minecraft:oak_planksx7, task_state=COMPLETED, submerged=false, light=13, step=, in_lava=false, task_phase=ESCAPE, goal=none, task_progress=1.0, task=creeper_defense, mode=survival, air=300, food=17, path_idle=true, inv=minecraft:crafting_tablex1 minecraft:oak_planksx7, nearby=animals=1(villager@5) hostiles=0, mining_idle=true, hp=2.0/20.0, on_ground=true, pos=18,112,44}
[21:35:34] [Server thread/WARN]: [AIBot] PERCEPTION event=snapshot_slow bot=Bob {elapsed_ms=13}
[21:35:34] [Server thread/INFO]: [AIBot] ACTION event=capability_decision bot=Bob {reason=DENIED_STRICT_SURVIVAL, allowed=false, profile=strict_survival, capability=HIDDEN_BLOCK_SCAN, context=observable_block_query}
[21:35:34] [Server thread/INFO]: [AIBot] ACTION event=capability_decision bot=Bob {reason=DENIED_STRICT_SURVIVAL, allowed=false, profile=strict_survival, capability=HIDDEN_BLOCK_SCAN, context=perception_snapshot}
[21:35:34] [Server thread/WARN]: [AIBot] PERCEPTION event=snapshot_slow bot=Bob {elapsed_ms=14}
[21:35:35] [Server thread/WARN]: [AIBot] PERCEPTION event=snapshot_slow bot=Bob {elapsed_ms=13}
[21:35:35] [Server thread/WARN]: [AIBot] PERCEPTION event=snapshot_slow bot=Bob {elapsed_ms=13}
[21:35:35] [Server thread/INFO]: [AIBot] ACTION event=capability_decision bot=Bob {reason=DENIED_STRICT_SURVIVAL, allowed=false, profile=strict_survival, capability=HIDDEN_BLOCK_SCAN, context=diagnostic_nearby}
[21:35:35] [Server thread/INFO]: [AIBot] ACTION event=diag_snapshot bot=Bob {fall=0.0, held=minecraft:oak_planksx7, task_state=COMPLETED, submerged=false, light=13, step=, in_lava=false, task_phase=ESCAPE, goal=none, task_progress=1.0, task=creeper_defense, mode=survival, air=300, food=17, path_idle=true, inv=minecraft:crafting_tablex1 minecraft:oak_planksx7, nearby=animals=1(villager@5) hostiles=0, mining_idle=true, hp=2.0/20.0, on_ground=true, pos=18,112,44}
[21:35:36] [Server thread/WARN]: [AIBot] PERCEPTION event=snapshot_slow bot=Bob {elapsed_ms=16}
[21:35:36] [Server thread/WARN]: [AIBot] PERCEPTION event=snapshot_slow bot=Bob {elapsed_ms=12}
[21:35:37] [Server thread/INFO]: [AIBot] ACTION event=capability_decision bot=Bob {reason=DENIED_STRICT_SURVIVAL, allowed=false, profile=strict_survival, capability=HIDDEN_BLOCK_SCAN, context=observable_entity_query}
[21:35:37] [Server thread/WARN]: [AIBot] PERCEPTION event=snapshot_slow bot=Bob {elapsed_ms=17}
[21:35:37] [Server thread/INFO]: [AIBot] ACTION event=capability_decision bot=Bob {reason=DENIED_STRICT_SURVIVAL, allowed=false, profile=strict_survival, capability=EMERGENCY_TELEPORT, context=danger_dark_trap_surface}
[21:35:37] [Server thread/WARN]: [AIBot] PERCEPTION event=snapshot_slow bot=Bob {elapsed_ms=20}
[21:35:37] [Server thread/INFO]: [AIBot] ACTION event=diag_snapshot bot=Bob {fall=0.0, held=minecraft:oak_planksx7, task_state=COMPLETED, submerged=false, light=13, step=, in_lava=false, task_phase=ESCAPE, goal=none, task_progress=1.0, task=creeper_defense, mode=survival, air=300, food=17, path_idle=true, inv=minecraft:crafting_tablex1 minecraft:oak_planksx7, nearby=animals=1(villager@7) hostiles=0, mining_idle=true, hp=2.0/20.0, on_ground=true, pos=18,112,44}
[21:35:38] [Server thread/WARN]: [AIBot] PERCEPTION event=snapshot_slow bot=Bob {elapsed_ms=15}
[21:35:38] [Server thread/WARN]: [AIBot] PERCEPTION event=snapshot_slow bot=Bob {elapsed_ms=12}
[21:35:39] [Server thread/WARN]: [AIBot] PERCEPTION event=snapshot_slow bot=Bob {elapsed_ms=12}
[21:35:39] [Server thread/INFO]: [AIBot] LIFECYCLE event=mixin_alive bot=- {server_tick=8400}
[21:35:39] [Server thread/INFO]: [AIBot] ACTION event=capability_decision bot=Bob {reason=DENIED_STRICT_SURVIVAL, allowed=false, profile=strict_survival, capability=HIDDEN_BLOCK_SCAN, context=observable_block_query}
[21:35:39] [Server thread/INFO]: [AIBot] ACTION event=capability_decision bot=Bob {reason=DENIED_STRICT_SURVIVAL, allowed=false, profile=strict_survival, capability=HIDDEN_BLOCK_SCAN, context=perception_snapshot}
[21:35:39] [Server thread/WARN]: [AIBot] PERCEPTION event=snapshot_slow bot=Bob {elapsed_ms=11}
[21:35:39] [Server thread/INFO]: [AIBot] ACTION event=diag_snapshot bot=Bob {fall=0.0, held=minecraft:oak_planksx7, task_state=COMPLETED, submerged=false, light=13, step=, in_lava=false, task_phase=ESCAPE, goal=none, task_progress=1.0, task=creeper_defense, mode=survival, air=300, food=17, path_idle=true, inv=minecraft:crafting_tablex1 minecraft:oak_planksx7, nearby=animals=1(villager@7) hostiles=0, mining_idle=true, hp=2.0/20.0, on_ground=true, pos=18,112,44}
[21:35:40] [Server thread/WARN]: [AIBot] PERCEPTION event=snapshot_slow bot=Bob {elapsed_ms=12}
[21:35:41] [Server thread/WARN]: [AIBot] PERCEPTION event=snapshot_slow bot=Bob {elapsed_ms=16}
[21:35:41] [Server thread/INFO]: [AIBot] ACTION event=capability_decision bot=Bob {reason=DENIED_STRICT_SURVIVAL, allowed=false, profile=strict_survival, capability=HIDDEN_BLOCK_SCAN, context=diagnostic_nearby}
[21:35:41] [Server thread/INFO]: [AIBot] ACTION event=diag_snapshot bot=Bob {fall=0.0, held=minecraft:oak_planksx7, task_state=COMPLETED, submerged=false, light=13, step=, in_lava=false, task_phase=ESCAPE, goal=none, task_progress=1.0, task=creeper_defense, mode=survival, air=300, food=17, path_idle=true, inv=minecraft:crafting_tablex1 minecraft:oak_planksx7, nearby=animals=1(villager@7) hostiles=0, mining_idle=true, hp=2.0/20.0, on_ground=true, pos=18,112,44}
[21:35:42] [Server thread/INFO]: [AIBot] ACTION event=capability_decision bot=Bob {reason=DENIED_STRICT_SURVIVAL, allowed=false, profile=strict_survival, capability=HIDDEN_BLOCK_SCAN, context=observable_entity_query}
[21:35:43] [Server thread/WARN]: [AIBot] PERCEPTION event=snapshot_slow bot=Bob {elapsed_ms=11}
[21:35:43] [Server thread/INFO]: [AIBot] ACTION event=diag_snapshot bot=Bob {fall=0.0, held=minecraft:oak_planksx7, task_state=COMPLETED, submerged=false, light=13, step=, in_lava=false, task_phase=ESCAPE, goal=none, task_progress=1.0, task=creeper_defense, mode=survival, air=300, food=17, path_idle=true, inv=minecraft:crafting_tablex1 minecraft:oak_planksx7, nearby=animals=1(villager@6) hostiles=0, mining_idle=true, hp=2.0/20.0, on_ground=true, pos=18,112,44}
[21:35:44] [Server thread/INFO]: [AIBot] ACTION event=capability_decision bot=Bob {reason=DENIED_STRICT_SURVIVAL, allowed=false, profile=strict_survival, capability=HIDDEN_BLOCK_SCAN, context=observable_block_query}
[21:35:44] [Server thread/INFO]: [AIBot] ACTION event=capability_decision bot=Bob {reason=DENIED_STRICT_SURVIVAL, allowed=false, profile=strict_survival, capability=HIDDEN_BLOCK_SCAN, context=perception_snapshot}
[21:35:44] [Server thread/WARN]: [AIBot] PERCEPTION event=snapshot_slow bot=Bob {elapsed_ms=12}
[21:35:45] [Server thread/WARN]: [AIBot] PERCEPTION event=snapshot_slow bot=Bob {elapsed_ms=12}
[21:35:45] [Server thread/INFO]: [AIBot] ACTION event=capability_decision bot=Bob {reason=DENIED_STRICT_SURVIVAL, allowed=false, profile=strict_survival, capability=EMERGENCY_TELEPORT, context=danger_dark_trap_surface}
[21:35:45] [Server thread/WARN]: [AIBot] PERCEPTION event=snapshot_slow bot=Bob {elapsed_ms=18}
[21:35:45] [Server thread/INFO]: [AIBot] ACTION event=diag_snapshot bot=Bob {fall=0.0, held=minecraft:oak_planksx7, task_state=COMPLETED, submerged=false, light=13, step=, in_lava=false, task_phase=ESCAPE, goal=none, task_progress=1.0, task=creeper_defense, mode=survival, air=300, food=17, path_idle=true, inv=minecraft:crafting_tablex1 minecraft:oak_planksx7, nearby=animals=1(villager@8) hostiles=0, mining_idle=true, hp=2.0/20.0, on_ground=true, pos=18,112,44}
[21:35:46] [Server thread/WARN]: [AIBot] PERCEPTION event=snapshot_slow bot=Bob {elapsed_ms=11}
[21:35:47] [Server thread/INFO]: [AIBot] ACTION event=capability_decision bot=Bob {reason=DENIED_STRICT_SURVIVAL, allowed=false, profile=strict_survival, capability=HIDDEN_BLOCK_SCAN, context=observable_entity_query}
[21:35:47] [Server thread/WARN]: [AIBot] PERCEPTION event=snapshot_slow bot=Bob {elapsed_ms=12}
[21:35:47] [Server thread/WARN]: [AIBot] PERCEPTION event=snapshot_slow bot=Bob {elapsed_ms=11}
[21:35:47] [Server thread/INFO]: [AIBot] ACTION event=capability_decision bot=Bob {reason=DENIED_STRICT_SURVIVAL, allowed=false, profile=strict_survival, capability=HIDDEN_BLOCK_SCAN, context=diagnostic_nearby}
[21:35:47] [Server thread/INFO]: [AIBot] ACTION event=diag_snapshot bot=Bob {fall=0.0, held=minecraft:oak_planksx7, task_state=COMPLETED, submerged=false, light=13, step=, in_lava=false, task_phase=ESCAPE, goal=none, task_progress=1.0, task=creeper_defense, mode=survival, air=300, food=17, path_idle=true, inv=minecraft:crafting_tablex1 minecraft:oak_planksx7, nearby=animals=1(villager@10) hostiles=0, mining_idle=true, hp=2.0/20.0, on_ground=true, pos=18,112,44}
[21:35:48] [Server thread/WARN]: [AIBot] PERCEPTION event=snapshot_slow bot=Bob {elapsed_ms=11}
[21:35:49] [Server thread/WARN]: [AIBot] PERCEPTION event=snapshot_slow bot=Bob {elapsed_ms=12}
[21:35:49] [Server thread/INFO]: [AIBot] ACTION event=capability_decision bot=Bob {reason=DENIED_STRICT_SURVIVAL, allowed=false, profile=strict_survival, capability=HIDDEN_BLOCK_SCAN, context=observable_block_query}
[21:35:49] [Server thread/INFO]: [AIBot] ACTION event=capability_decision bot=Bob {reason=DENIED_STRICT_SURVIVAL, allowed=false, profile=strict_survival, capability=HIDDEN_BLOCK_SCAN, context=perception_snapshot}
[21:35:49] [Server thread/WARN]: [AIBot] PERCEPTION event=snapshot_slow bot=Bob {elapsed_ms=11}
[21:35:49] [Server thread/INFO]: [AIBot] ACTION event=diag_snapshot bot=Bob {fall=0.0, held=minecraft:oak_planksx7, task_state=COMPLETED, submerged=false, light=13, step=, in_lava=false, task_phase=ESCAPE, goal=none, task_progress=1.0, task=creeper_defense, mode=survival, air=300, food=17, path_idle=true, inv=minecraft:crafting_tablex1 minecraft:oak_planksx7, nearby=animals=0 hostiles=0, mining_idle=true, hp=2.0/20.0, on_ground=true, pos=18,112,44}
[21:35:50] [Server thread/WARN]: [AIBot] PERCEPTION event=snapshot_slow bot=Bob {elapsed_ms=15}
[21:35:51] [Server thread/WARN]: [AIBot] PERCEPTION event=snapshot_slow bot=Bob {elapsed_ms=11}
[21:35:51] [Server thread/WARN]: [AIBot] PERCEPTION event=snapshot_slow bot=Bob {elapsed_ms=16}
[21:35:51] [Server thread/INFO]: [AIBot] ACTION event=diag_snapshot bot=Bob {fall=0.0, held=minecraft:oak_planksx7, task_state=COMPLETED, submerged=false, light=13, step=, in_lava=false, task_phase=ESCAPE, goal=none, task_progress=1.0, task=creeper_defense, mode=survival, air=300, food=17, path_idle=true, inv=minecraft:crafting_tablex1 minecraft:oak_planksx7, nearby=animals=1(villager@8) hostiles=0, mining_idle=true, hp=2.0/20.0, on_ground=true, pos=18,112,44}
[21:35:52] [Server thread/INFO]: [AIBot] ACTION event=capability_decision bot=Bob {reason=DENIED_STRICT_SURVIVAL, allowed=false, profile=strict_survival, capability=HIDDEN_BLOCK_SCAN, context=observable_entity_query}
[21:35:53] [Server thread/INFO]: [AIBot] ACTION event=capability_decision bot=Bob {reason=DENIED_STRICT_SURVIVAL, allowed=false, profile=strict_survival, capability=EMERGENCY_TELEPORT, context=danger_dark_trap_surface}
[21:35:53] [Server thread/WARN]: [AIBot] PERCEPTION event=snapshot_slow bot=Bob {elapsed_ms=11}
[21:35:53] [Server thread/INFO]: [AIBot] ACTION event=capability_decision bot=Bob {reason=DENIED_STRICT_SURVIVAL, allowed=false, profile=strict_survival, capability=HIDDEN_BLOCK_SCAN, context=diagnostic_nearby}
[21:35:53] [Server thread/INFO]: [AIBot] ACTION event=diag_snapshot bot=Bob {fall=0.0, held=minecraft:oak_planksx7, task_state=COMPLETED, submerged=false, light=13, step=, in_lava=false, task_phase=ESCAPE, goal=none, task_progress=1.0, task=creeper_defense, mode=survival, air=300, food=17, path_idle=true, inv=minecraft:crafting_tablex1 minecraft:oak_planksx7, nearby=animals=1(villager@6) hostiles=0, mining_idle=true, hp=2.0/20.0, on_ground=true, pos=18,112,44}
[21:35:54] [Server thread/WARN]: [AIBot] PERCEPTION event=snapshot_slow bot=Bob {elapsed_ms=11}
[21:35:54] [Server thread/INFO]: [AIBot] ACTION event=capability_decision bot=Bob {reason=DENIED_STRICT_SURVIVAL, allowed=false, profile=strict_survival, capability=HIDDEN_BLOCK_SCAN, context=observable_block_query}
[21:35:54] [Server thread/INFO]: [AIBot] ACTION event=capability_decision bot=Bob {reason=DENIED_STRICT_SURVIVAL, allowed=false, profile=strict_survival, capability=HIDDEN_BLOCK_SCAN, context=perception_snapshot}
[21:35:54] [Server thread/WARN]: [AIBot] PERCEPTION event=snapshot_slow bot=Bob {elapsed_ms=11}
[21:35:55] [Server thread/WARN]: [AIBot] PERCEPTION event=snapshot_slow bot=Bob {elapsed_ms=11}
[21:35:55] [Server thread/WARN]: [AIBot] PERCEPTION event=snapshot_slow bot=Bob {elapsed_ms=12}
[21:35:55] [Server thread/INFO]: [AIBot] ACTION event=diag_snapshot bot=Bob {fall=0.0, held=minecraft:oak_planksx7, task_state=COMPLETED, submerged=false, light=13, step=, in_lava=false, task_phase=ESCAPE, goal=none, task_progress=1.0, task=creeper_defense, mode=survival, air=300, food=17, path_idle=true, inv=minecraft:crafting_tablex1 minecraft:oak_planksx7, nearby=animals=1(villager@7) hostiles=0, mining_idle=true, hp=2.0/20.0, on_ground=true, pos=18,112,44}
[21:35:56] [Server thread/WARN]: [AIBot] PERCEPTION event=snapshot_slow bot=Bob {elapsed_ms=17}
[21:35:57] [Server thread/INFO]: [AIBot] ACTION event=capability_decision bot=Bob {reason=DENIED_STRICT_SURVIVAL, allowed=false, profile=strict_survival, capability=HIDDEN_BLOCK_SCAN, context=observable_entity_query}
[21:35:57] [Server thread/WARN]: [AIBot] PERCEPTION event=snapshot_slow bot=Bob {elapsed_ms=11}
[21:35:57] [Server thread/INFO]: [AIBot] ACTION event=diag_snapshot bot=Bob {fall=0.0, held=minecraft:oak_planksx7, task_state=COMPLETED, submerged=false, light=13, step=, in_lava=false, task_phase=ESCAPE, goal=none, task_progress=1.0, task=creeper_defense, mode=survival, air=300, food=17, path_idle=true, inv=minecraft:crafting_tablex1 minecraft:oak_planksx7, nearby=animals=1(villager@9) hostiles=0, mining_idle=true, hp=2.0/20.0, on_ground=true, pos=18,112,44}
[21:35:58] [Server thread/WARN]: [AIBot] PERCEPTION event=snapshot_slow bot=Bob {elapsed_ms=11}
[21:35:59] [Server thread/WARN]: [AIBot] PERCEPTION event=snapshot_slow bot=Bob {elapsed_ms=11}
[21:35:59] [Server thread/INFO]: [AIBot] ACTION event=capability_decision bot=Bob {reason=DENIED_STRICT_SURVIVAL, allowed=false, profile=strict_survival, capability=HIDDEN_BLOCK_SCAN, context=observable_block_query}
[21:35:59] [Server thread/INFO]: [AIBot] ACTION event=capability_decision bot=Bob {reason=DENIED_STRICT_SURVIVAL, allowed=false, profile=strict_survival, capability=HIDDEN_BLOCK_SCAN, context=perception_snapshot}
[21:35:59] [Server thread/INFO]: [AIBot] ACTION event=capability_decision bot=Bob {reason=DENIED_STRICT_SURVIVAL, allowed=false, profile=strict_survival, capability=HIDDEN_BLOCK_SCAN, context=diagnostic_nearby}
[21:35:59] [Server thread/INFO]: [AIBot] ACTION event=diag_snapshot bot=Bob {fall=0.0, held=minecraft:oak_planksx7, task_state=COMPLETED, submerged=false, light=13, step=, in_lava=false, task_phase=ESCAPE, goal=none, task_progress=1.0, task=creeper_defense, mode=survival, air=300, food=17, path_idle=true, inv=minecraft:crafting_tablex1 minecraft:oak_planksx7, nearby=animals=1(villager@6) hostiles=0, mining_idle=true, hp=2.0/20.0, on_ground=true, pos=18,112,44}
[21:36:00] [Server thread/WARN]: [AIBot] PERCEPTION event=snapshot_slow bot=Bob {elapsed_ms=12}
[21:36:01] [Server thread/WARN]: [AIBot] PERCEPTION event=snapshot_slow bot=Bob {elapsed_ms=11}
[21:36:01] [Server thread/INFO]: [AIBot] ACTION event=capability_decision bot=Bob {reason=DENIED_STRICT_SURVIVAL, allowed=false, profile=strict_survival, capability=EMERGENCY_TELEPORT, context=danger_dark_trap_surface}
[21:36:01] [Server thread/WARN]: [AIBot] PERCEPTION event=snapshot_slow bot=Bob {elapsed_ms=11}
[21:36:01] [Server thread/INFO]: [AIBot] ACTION event=diag_snapshot bot=Bob {fall=0.0, held=minecraft:oak_planksx7, task_state=COMPLETED, submerged=false, light=13, step=, in_lava=false, task_phase=ESCAPE, goal=none, task_progress=1.0, task=creeper_defense, mode=survival, air=300, food=17, path_idle=true, inv=minecraft:crafting_tablex1 minecraft:oak_planksx7, nearby=animals=1(villager@1) hostiles=0, mining_idle=true, hp=2.0/20.0, on_ground=true, pos=18,112,44}
[21:36:02] [Server thread/INFO]: [AIBot] ACTION event=capability_decision bot=Bob {reason=DENIED_STRICT_SURVIVAL, allowed=false, profile=strict_survival, capability=HIDDEN_BLOCK_SCAN, context=observable_entity_query}
[21:36:02] [Server thread/WARN]: [AIBot] PERCEPTION event=snapshot_slow bot=Bob {elapsed_ms=12}
[21:36:03] [Server thread/WARN]: [AIBot] PERCEPTION event=snapshot_slow bot=Bob {elapsed_ms=14}
[21:36:03] [Server thread/INFO]: [AIBot] ACTION event=diag_snapshot bot=Bob {fall=0.0, held=minecraft:oak_planksx7, task_state=COMPLETED, submerged=false, light=13, step=, in_lava=false, task_phase=ESCAPE, goal=none, task_progress=1.0, task=creeper_defense, mode=survival, air=300, food=17, path_idle=true, inv=minecraft:crafting_tablex1 minecraft:oak_planksx7, nearby=animals=1(villager@1) hostiles=0, mining_idle=true, hp=2.0/20.0, on_ground=true, pos=18,112,44}
[21:36:04] [Server thread/WARN]: [AIBot] PERCEPTION event=snapshot_slow bot=Bob {elapsed_ms=13}
[21:36:04] [Server thread/INFO]: [AIBot] ACTION event=capability_decision bot=Bob {reason=DENIED_STRICT_SURVIVAL, allowed=false, profile=strict_survival, capability=HIDDEN_BLOCK_SCAN, context=observable_block_query}
[21:36:04] [Server thread/INFO]: [AIBot] ACTION event=capability_decision bot=Bob {reason=DENIED_STRICT_SURVIVAL, allowed=false, profile=strict_survival, capability=HIDDEN_BLOCK_SCAN, context=perception_snapshot}
[21:36:04] [Server thread/WARN]: [AIBot] PERCEPTION event=snapshot_slow bot=Bob {elapsed_ms=19}
[21:36:05] [Server thread/WARN]: [AIBot] PERCEPTION event=snapshot_slow bot=Bob {elapsed_ms=18}
[21:36:05] [Server thread/WARN]: [AIBot] PERCEPTION event=snapshot_slow bot=Bob {elapsed_ms=16}
[21:36:05] [Server thread/INFO]: [AIBot] ACTION event=capability_decision bot=Bob {reason=DENIED_STRICT_SURVIVAL, allowed=false, profile=strict_survival, capability=HIDDEN_BLOCK_SCAN, context=diagnostic_nearby}
[21:36:05] [Server thread/INFO]: [AIBot] ACTION event=diag_snapshot bot=Bob {fall=0.0, held=minecraft:oak_planksx7, task_state=COMPLETED, submerged=false, light=13, step=, in_lava=false, task_phase=ESCAPE, goal=none, task_progress=1.0, task=creeper_defense, mode=survival, air=300, food=17, path_idle=true, inv=minecraft:crafting_tablex1 minecraft:oak_planksx7, nearby=animals=1(villager@2) hostiles=0, mining_idle=true, hp=2.0/20.0, on_ground=true, pos=18,112,44}
[21:36:06] [Server thread/WARN]: [AIBot] PERCEPTION event=snapshot_slow bot=Bob {elapsed_ms=12}
[21:36:06] [Server thread/WARN]: [AIBot] PERCEPTION event=snapshot_slow bot=Bob {elapsed_ms=11}
[21:36:07] [Server thread/INFO]: [AIBot] ACTION event=capability_decision bot=Bob {reason=DENIED_STRICT_SURVIVAL, allowed=false, profile=strict_survival, capability=HIDDEN_BLOCK_SCAN, context=observable_entity_query}
[21:36:07] [Server thread/WARN]: [AIBot] PERCEPTION event=snapshot_slow bot=Bob {elapsed_ms=12}
[21:36:07] [Server thread/WARN]: [AIBot] PERCEPTION event=snapshot_slow bot=Bob {elapsed_ms=12}
[21:36:07] [Server thread/INFO]: [AIBot] ACTION event=diag_snapshot bot=Bob {fall=0.0, held=minecraft:oak_planksx7, task_state=COMPLETED, submerged=false, light=13, step=, in_lava=false, task_phase=ESCAPE, goal=none, task_progress=1.0, task=creeper_defense, mode=survival, air=300, food=17, path_idle=true, inv=minecraft:crafting_tablex1 minecraft:oak_planksx7, nearby=animals=1(villager@6) hostiles=0, mining_idle=true, hp=2.0/20.0, on_ground=true, pos=18,112,44}
[21:36:08] [Server thread/WARN]: [AIBot] PERCEPTION event=snapshot_slow bot=Bob {elapsed_ms=11}
[21:36:09] [Server thread/WARN]: [AIBot] PERCEPTION event=snapshot_slow bot=Bob {elapsed_ms=16}
[21:36:09] [Server thread/INFO]: [AIBot] ACTION event=capability_decision bot=Bob {reason=DENIED_STRICT_SURVIVAL, allowed=false, profile=strict_survival, capability=EMERGENCY_TELEPORT, context=danger_dark_trap_surface}
[21:36:09] [Server thread/INFO]: [AIBot] ACTION event=capability_decision bot=Bob {reason=DENIED_STRICT_SURVIVAL, allowed=false, profile=strict_survival, capability=HIDDEN_BLOCK_SCAN, context=observable_block_query}
[21:36:09] [Server thread/INFO]: [AIBot] ACTION event=capability_decision bot=Bob {reason=DENIED_STRICT_SURVIVAL, allowed=false, profile=strict_survival, capability=HIDDEN_BLOCK_SCAN, context=perception_snapshot}
[21:36:09] [Server thread/INFO]: [AIBot] ACTION event=diag_snapshot bot=Bob {fall=0.0, held=minecraft:oak_planksx7, task_state=COMPLETED, submerged=false, light=13, step=, in_lava=false, task_phase=ESCAPE, goal=none, task_progress=1.0, task=creeper_defense, mode=survival, air=300, food=17, path_idle=true, inv=minecraft:crafting_tablex1 minecraft:oak_planksx7, nearby=animals=1(villager@4) hostiles=0, mining_idle=true, hp=2.0/20.0, on_ground=true, pos=18,112,44}
[21:36:10] [Server thread/WARN]: [AIBot] PERCEPTION event=snapshot_slow bot=Bob {elapsed_ms=11}
[21:36:11] [Server thread/WARN]: [AIBot] PERCEPTION event=snapshot_slow bot=Bob {elapsed_ms=11}
[21:36:11] [Server thread/INFO]: [AIBot] ACTION event=capability_decision bot=Bob {reason=DENIED_STRICT_SURVIVAL, allowed=false, profile=strict_survival, capability=HIDDEN_BLOCK_SCAN, context=diagnostic_nearby}
[21:36:11] [Server thread/INFO]: [AIBot] ACTION event=diag_snapshot bot=Bob {fall=0.0, held=minecraft:oak_planksx7, task_state=COMPLETED, submerged=false, light=13, step=, in_lava=false, task_phase=ESCAPE, goal=none, task_progress=1.0, task=creeper_defense, mode=survival, air=300, food=17, path_idle=true, inv=minecraft:crafting_tablex1 minecraft:oak_planksx7, nearby=animals=1(villager@5) hostiles=0, mining_idle=true, hp=2.0/20.0, on_ground=true, pos=18,112,44}
[21:36:12] [Server thread/INFO]: [AIBot] ACTION event=capability_decision bot=Bob {reason=DENIED_STRICT_SURVIVAL, allowed=false, profile=strict_survival, capability=HIDDEN_BLOCK_SCAN, context=observable_entity_query}
[21:36:12] [Server thread/WARN]: [AIBot] PERCEPTION event=snapshot_slow bot=Bob {elapsed_ms=11}
[21:36:12] [Server thread/WARN]: [AIBot] PERCEPTION event=snapshot_slow bot=Bob {elapsed_ms=11}
[21:36:13] [Server thread/WARN]: [AIBot] PERCEPTION event=snapshot_slow bot=Bob {elapsed_ms=11}
[21:36:13] [Server thread/WARN]: [AIBot] PERCEPTION event=snapshot_slow bot=Bob {elapsed_ms=11}
[21:36:13] [Server thread/INFO]: [AIBot] ACTION event=diag_snapshot bot=Bob {fall=0.0, held=minecraft:oak_planksx7, task_state=COMPLETED, submerged=false, light=13, step=, in_lava=false, task_phase=ESCAPE, goal=none, task_progress=1.0, task=creeper_defense, mode=survival, air=300, food=17, path_idle=true, inv=minecraft:crafting_tablex1 minecraft:oak_planksx7, nearby=animals=1(villager@1) hostiles=0, mining_idle=true, hp=2.0/20.0, on_ground=true, pos=18,112,44}
[21:36:14] [Server thread/INFO]: [AIBot] ACTION event=capability_decision bot=Bob {reason=DENIED_STRICT_SURVIVAL, allowed=false, profile=strict_survival, capability=HIDDEN_BLOCK_SCAN, context=observable_block_query}
[21:36:14] [Server thread/INFO]: [AIBot] ACTION event=capability_decision bot=Bob {reason=DENIED_STRICT_SURVIVAL, allowed=false, profile=strict_survival, capability=HIDDEN_BLOCK_SCAN, context=perception_snapshot}
[21:36:14] [Server thread/WARN]: [AIBot] PERCEPTION event=snapshot_slow bot=Bob {elapsed_ms=11}
[21:36:15] [Server thread/WARN]: [AIBot] PERCEPTION event=snapshot_slow bot=Bob {elapsed_ms=11}
[21:36:15] [Server thread/WARN]: [AIBot] PERCEPTION event=snapshot_slow bot=Bob {elapsed_ms=11}
[21:36:15] [Server thread/INFO]: [AIBot] ACTION event=diag_snapshot bot=Bob {fall=0.0, held=minecraft:oak_planksx7, task_state=COMPLETED, submerged=false, light=13, step=, in_lava=false, task_phase=ESCAPE, goal=none, task_progress=1.0, task=creeper_defense, mode=survival, air=300, food=17, path_idle=true, inv=minecraft:crafting_tablex1 minecraft:oak_planksx7, nearby=animals=1(villager@1) hostiles=0, mining_idle=true, hp=2.0/20.0, on_ground=true, pos=18,112,44}
[21:36:17] [Server thread/INFO]: [AIBot] ACTION event=capability_decision bot=Bob {reason=DENIED_STRICT_SURVIVAL, allowed=false, profile=strict_survival, capability=HIDDEN_BLOCK_SCAN, context=observable_entity_query}
[21:36:17] [Server thread/WARN]: [AIBot] PERCEPTION event=snapshot_slow bot=Bob {elapsed_ms=11}
[21:36:17] [Server thread/INFO]: [AIBot] ACTION event=capability_decision bot=Bob {reason=DENIED_STRICT_SURVIVAL, allowed=false, profile=strict_survival, capability=EMERGENCY_TELEPORT, context=danger_dark_trap_surface}
[21:36:17] [Server thread/WARN]: [AIBot] PERCEPTION event=snapshot_slow bot=Bob {elapsed_ms=11}
[21:36:17] [Server thread/INFO]: [AIBot] ACTION event=capability_decision bot=Bob {reason=DENIED_STRICT_SURVIVAL, allowed=false, profile=strict_survival, capability=HIDDEN_BLOCK_SCAN, context=diagnostic_nearby}
[21:36:17] [Server thread/INFO]: [AIBot] ACTION event=diag_snapshot bot=Bob {fall=0.0, held=minecraft:oak_planksx7, task_state=COMPLETED, submerged=false, light=13, step=, in_lava=false, task_phase=ESCAPE, goal=none, task_progress=1.0, task=creeper_defense, mode=survival, air=300, food=17, path_idle=true, inv=minecraft:crafting_tablex1 minecraft:oak_planksx7, nearby=animals=1(villager@2) hostiles=0, mining_idle=true, hp=2.0/20.0, on_ground=true, pos=18,112,44}
[21:36:18] [Server thread/WARN]: [AIBot] PERCEPTION event=snapshot_slow bot=Bob {elapsed_ms=11}
[21:36:19] [Server thread/WARN]: [AIBot] PERCEPTION event=snapshot_slow bot=Bob {elapsed_ms=11}
[21:36:19] [Server thread/INFO]: [AIBot] ACTION event=capability_decision bot=Bob {reason=DENIED_STRICT_SURVIVAL, allowed=false, profile=strict_survival, capability=HIDDEN_BLOCK_SCAN, context=observable_block_query}
[21:36:19] [Server thread/INFO]: [AIBot] ACTION event=capability_decision bot=Bob {reason=DENIED_STRICT_SURVIVAL, allowed=false, profile=strict_survival, capability=HIDDEN_BLOCK_SCAN, context=perception_snapshot}
[21:36:19] [Server thread/WARN]: [AIBot] PERCEPTION event=snapshot_slow bot=Bob {elapsed_ms=11}
[21:36:19] [Server thread/INFO]: [AIBot] ACTION event=diag_snapshot bot=Bob {fall=0.0, held=minecraft:oak_planksx7, task_state=COMPLETED, submerged=false, light=13, step=, in_lava=false, task_phase=ESCAPE, goal=none, task_progress=1.0, task=creeper_defense, mode=survival, air=300, food=17, path_idle=true, inv=minecraft:crafting_tablex1 minecraft:oak_planksx7, nearby=animals=1(villager@6) hostiles=0, mining_idle=true, hp=2.0/20.0, on_ground=true, pos=18,112,44}
[21:36:20] [Server thread/WARN]: [AIBot] PERCEPTION event=snapshot_slow bot=Bob {elapsed_ms=11}
[21:36:20] [Server thread/WARN]: [AIBot] PERCEPTION event=snapshot_slow bot=Bob {elapsed_ms=13}
[21:36:21] [Server thread/WARN]: [AIBot] PERCEPTION event=snapshot_slow bot=Bob {elapsed_ms=12}
[21:36:21] [Server thread/WARN]: [AIBot] PERCEPTION event=snapshot_slow bot=Bob {elapsed_ms=12}
[21:36:21] [Server thread/INFO]: [AIBot] ACTION event=diag_snapshot bot=Bob {fall=0.0, held=minecraft:oak_planksx7, task_state=COMPLETED, submerged=false, light=13, step=, in_lava=false, task_phase=ESCAPE, goal=none, task_progress=1.0, task=creeper_defense, mode=survival, air=300, food=17, path_idle=true, inv=minecraft:crafting_tablex1 minecraft:oak_planksx7, nearby=animals=1(villager@10) hostiles=0, mining_idle=true, hp=2.0/20.0, on_ground=true, pos=18,112,44}
[21:36:22] [Server thread/INFO]: [AIBot] ACTION event=capability_decision bot=Bob {reason=DENIED_STRICT_SURVIVAL, allowed=false, profile=strict_survival, capability=HIDDEN_BLOCK_SCAN, context=observable_entity_query}
[21:36:22] [Server thread/WARN]: [AIBot] PERCEPTION event=snapshot_slow bot=Bob {elapsed_ms=11}
[21:36:23] [Server thread/WARN]: [AIBot] PERCEPTION event=snapshot_slow bot=Bob {elapsed_ms=12}
[21:36:23] [Server thread/WARN]: [AIBot] PERCEPTION event=snapshot_slow bot=Bob {elapsed_ms=12}
[21:36:23] [Server thread/INFO]: [AIBot] ACTION event=capability_decision bot=Bob {reason=DENIED_STRICT_SURVIVAL, allowed=false, profile=strict_survival, capability=HIDDEN_BLOCK_SCAN, context=diagnostic_nearby}
[21:36:23] [Server thread/INFO]: [AIBot] ACTION event=diag_snapshot bot=Bob {fall=0.0, held=minecraft:oak_planksx7, task_state=COMPLETED, submerged=false, light=13, step=, in_lava=false, task_phase=ESCAPE, goal=none, task_progress=1.0, task=creeper_defense, mode=survival, air=300, food=17, path_idle=true, inv=minecraft:crafting_tablex1 minecraft:oak_planksx7, nearby=animals=1(villager@14) hostiles=0, mining_idle=true, hp=2.0/20.0, on_ground=true, pos=18,112,44}
[21:36:24] [Server thread/WARN]: [AIBot] PERCEPTION event=snapshot_slow bot=Bob {elapsed_ms=12}
[21:36:24] [Server thread/INFO]: [AIBot] ACTION event=capability_decision bot=Bob {reason=DENIED_STRICT_SURVIVAL, allowed=false, profile=strict_survival, capability=HIDDEN_BLOCK_SCAN, context=observable_block_query}
[21:36:24] [Server thread/INFO]: [AIBot] ACTION event=capability_decision bot=Bob {reason=DENIED_STRICT_SURVIVAL, allowed=false, profile=strict_survival, capability=HIDDEN_BLOCK_SCAN, context=perception_snapshot}
[21:36:24] [Server thread/WARN]: [AIBot] PERCEPTION event=snapshot_slow bot=Bob {elapsed_ms=11}
[21:36:25] [Server thread/WARN]: [AIBot] PERCEPTION event=snapshot_slow bot=Bob {elapsed_ms=11}
[21:36:25] [Server thread/INFO]: [AIBot] ACTION event=diag_snapshot bot=Bob {fall=0.0, held=minecraft:oak_planksx7, task_state=COMPLETED, submerged=false, light=13, step=, in_lava=false, task_phase=ESCAPE, goal=none, task_progress=1.0, task=creeper_defense, mode=survival, air=300, food=17, path_idle=true, inv=minecraft:crafting_tablex1 minecraft:oak_planksx7, nearby=animals=0 hostiles=0, mining_idle=true, hp=2.0/20.0, on_ground=true, pos=18,112,44}
[21:36:25] [Server thread/INFO]: [AIBot] ACTION event=capability_decision bot=Bob {reason=DENIED_STRICT_SURVIVAL, allowed=false, profile=strict_survival, capability=EMERGENCY_TELEPORT, context=danger_dark_trap_surface}
[21:36:26] [Server thread/WARN]: [AIBot] PERCEPTION event=snapshot_slow bot=Bob {elapsed_ms=12}
[21:36:26] [Server thread/WARN]: [AIBot] PERCEPTION event=snapshot_slow bot=Bob {elapsed_ms=14}
[21:36:27] [Server thread/WARN]: [AIBot] PERCEPTION event=snapshot_slow bot=Bob {elapsed_ms=11}
[21:36:27] [Server thread/WARN]: [AIBot] PERCEPTION event=snapshot_slow bot=Bob {elapsed_ms=11}
[21:36:27] [Server thread/INFO]: [AIBot] ACTION event=capability_decision bot=Bob {reason=DENIED_STRICT_SURVIVAL, allowed=false, profile=strict_survival, capability=HIDDEN_BLOCK_SCAN, context=observable_entity_query}
[21:36:27] [Server thread/INFO]: [AIBot] ACTION event=diag_snapshot bot=Bob {fall=0.0, held=minecraft:oak_planksx7, task_state=COMPLETED, submerged=false, light=13, step=, in_lava=false, task_phase=ESCAPE, goal=none, task_progress=1.0, task=creeper_defense, mode=survival, air=300, food=17, path_idle=true, inv=minecraft:crafting_tablex1 minecraft:oak_planksx7, nearby=animals=0 hostiles=0, mining_idle=true, hp=2.0/20.0, on_ground=true, pos=18,112,44}
[21:36:28] [Server thread/WARN]: [AIBot] PERCEPTION event=snapshot_slow bot=Bob {elapsed_ms=11}
[21:36:28] [Server thread/WARN]: [AIBot] PERCEPTION event=snapshot_slow bot=Bob {elapsed_ms=11}
[21:36:29] [Server thread/WARN]: [AIBot] PERCEPTION event=snapshot_slow bot=Bob {elapsed_ms=11}
[21:36:29] [Server thread/INFO]: [AIBot] ACTION event=capability_decision bot=Bob {reason=DENIED_STRICT_SURVIVAL, allowed=false, profile=strict_survival, capability=HIDDEN_BLOCK_SCAN, context=observable_block_query}
[21:36:29] [Server thread/INFO]: [AIBot] ACTION event=capability_decision bot=Bob {reason=DENIED_STRICT_SURVIVAL, allowed=false, profile=strict_survival, capability=HIDDEN_BLOCK_SCAN, context=perception_snapshot}
[21:36:29] [Server thread/WARN]: [AIBot] PERCEPTION event=snapshot_slow bot=Bob {elapsed_ms=11}
[21:36:29] [Server thread/INFO]: [AIBot] ACTION event=capability_decision bot=Bob {reason=DENIED_STRICT_SURVIVAL, allowed=false, profile=strict_survival, capability=HIDDEN_BLOCK_SCAN, context=diagnostic_nearby}
[21:36:29] [Server thread/INFO]: [AIBot] ACTION event=diag_snapshot bot=Bob {fall=0.0, held=minecraft:oak_planksx7, task_state=COMPLETED, submerged=false, light=13, step=, in_lava=false, task_phase=ESCAPE, goal=none, task_progress=1.0, task=creeper_defense, mode=survival, air=300, food=17, path_idle=true, inv=minecraft:crafting_tablex1 minecraft:oak_planksx7, nearby=animals=0 hostiles=0, mining_idle=true, hp=2.0/20.0, on_ground=true, pos=18,112,44}
[21:36:30] [Server thread/WARN]: [AIBot] PERCEPTION event=snapshot_slow bot=Bob {elapsed_ms=13}
[21:36:30] [Server thread/WARN]: [AIBot] PERCEPTION event=snapshot_slow bot=Bob {elapsed_ms=12}
[21:36:31] [Server thread/WARN]: [AIBot] PERCEPTION event=snapshot_slow bot=Bob {elapsed_ms=12}
[21:36:31] [Server thread/WARN]: [AIBot] PERCEPTION event=snapshot_slow bot=Bob {elapsed_ms=17}
[21:36:31] [Server thread/INFO]: [AIBot] ACTION event=diag_snapshot bot=Bob {fall=0.0, held=minecraft:oak_planksx7, task_state=COMPLETED, submerged=false, light=13, step=, in_lava=false, task_phase=ESCAPE, goal=none, task_progress=1.0, task=creeper_defense, mode=survival, air=300, food=17, path_idle=true, inv=minecraft:crafting_tablex1 minecraft:oak_planksx7, nearby=animals=0 hostiles=0, mining_idle=true, hp=2.0/20.0, on_ground=true, pos=18,112,44}
[21:36:32] [Server thread/WARN]: [AIBot] PERCEPTION event=snapshot_slow bot=Bob {elapsed_ms=16}
[21:36:33] [Server thread/WARN]: [AIBot] PERCEPTION event=snapshot_slow bot=Bob {elapsed_ms=12}
[21:36:33] [Server thread/WARN]: [AIBot] PERCEPTION event=snapshot_slow bot=Bob {elapsed_ms=12}
[21:36:33] [Server thread/INFO]: [AIBot] ACTION event=diag_snapshot bot=Bob {fall=0.0, held=minecraft:oak_planksx7, task_state=COMPLETED, submerged=false, light=13, step=, in_lava=false, task_phase=ESCAPE, goal=none, task_progress=1.0, task=creeper_defense, mode=survival, air=300, food=17, path_idle=true, inv=minecraft:crafting_tablex1 minecraft:oak_planksx7, nearby=animals=0 hostiles=0, mining_idle=true, hp=2.0/20.0, on_ground=true, pos=18,112,44}
[21:36:33] [Server thread/INFO]: [AIBot] ACTION event=capability_decision bot=Bob {reason=DENIED_STRICT_SURVIVAL, allowed=false, profile=strict_survival, capability=EMERGENCY_TELEPORT, context=danger_dark_trap_surface}
[21:36:34] [Server thread/INFO]: [AIBot] ACTION event=capability_decision bot=Bob {reason=DENIED_STRICT_SURVIVAL, allowed=false, profile=strict_survival, capability=HIDDEN_BLOCK_SCAN, context=observable_block_query}
[21:36:34] [Server thread/INFO]: [AIBot] ACTION event=capability_decision bot=Bob {reason=DENIED_STRICT_SURVIVAL, allowed=false, profile=strict_survival, capability=HIDDEN_BLOCK_SCAN, context=perception_snapshot}
[21:36:34] [Server thread/WARN]: [AIBot] PERCEPTION event=snapshot_slow bot=Bob {elapsed_ms=13}
[21:36:35] [Server thread/WARN]: [AIBot] PERCEPTION event=snapshot_slow bot=Bob {elapsed_ms=12}
[21:36:35] [Server thread/WARN]: [AIBot] PERCEPTION event=snapshot_slow bot=Bob {elapsed_ms=13}
[21:36:35] [Server thread/INFO]: [AIBot] ACTION event=capability_decision bot=Bob {reason=DENIED_STRICT_SURVIVAL, allowed=false, profile=strict_survival, capability=HIDDEN_BLOCK_SCAN, context=diagnostic_nearby}
[21:36:35] [Server thread/INFO]: [AIBot] ACTION event=diag_snapshot bot=Bob {fall=0.0, held=minecraft:oak_planksx7, task_state=COMPLETED, submerged=false, light=13, step=, in_lava=false, task_phase=ESCAPE, goal=none, task_progress=1.0, task=creeper_defense, mode=survival, air=300, food=17, path_idle=true, inv=minecraft:crafting_tablex1 minecraft:oak_planksx7, nearby=animals=0 hostiles=0, mining_idle=true, hp=2.0/20.0, on_ground=true, pos=18,112,44}
[21:36:36] [Server thread/WARN]: [AIBot] PERCEPTION event=snapshot_slow bot=Bob {elapsed_ms=12}
[21:36:36] [Server thread/WARN]: [AIBot] PERCEPTION event=snapshot_slow bot=Bob {elapsed_ms=12}
[21:36:37] [Server thread/WARN]: [AIBot] PERCEPTION event=snapshot_slow bot=Bob {elapsed_ms=13}
[21:36:37] [Server thread/WARN]: [AIBot] PERCEPTION event=snapshot_slow bot=Bob {elapsed_ms=16}
[21:36:37] [Server thread/INFO]: [AIBot] ACTION event=diag_snapshot bot=Bob {fall=0.0, held=minecraft:oak_planksx7, task_state=COMPLETED, submerged=false, light=13, step=, in_lava=false, task_phase=ESCAPE, goal=none, task_progress=1.0, task=creeper_defense, mode=survival, air=300, food=17, path_idle=true, inv=minecraft:crafting_tablex1 minecraft:oak_planksx7, nearby=animals=0 hostiles=0, mining_idle=true, hp=2.0/20.0, on_ground=true, pos=18,112,44}
[21:36:38] [Server thread/WARN]: [AIBot] PERCEPTION event=snapshot_slow bot=Bob {elapsed_ms=12}
[21:36:38] [Server thread/WARN]: [AIBot] PERCEPTION event=snapshot_slow bot=Bob {elapsed_ms=13}
[21:36:39] [Server thread/WARN]: [AIBot] PERCEPTION event=snapshot_slow bot=Bob {elapsed_ms=12}
[21:36:39] [Server thread/INFO]: [AIBot] LIFECYCLE event=mixin_alive bot=- {server_tick=9600}
[21:36:39] [Server thread/INFO]: [AIBot] ACTION event=capability_decision bot=Bob {reason=DENIED_STRICT_SURVIVAL, allowed=false, profile=strict_survival, capability=HIDDEN_BLOCK_SCAN, context=observable_block_query}
[21:36:39] [Server thread/INFO]: [AIBot] ACTION event=capability_decision bot=Bob {reason=DENIED_STRICT_SURVIVAL, allowed=false, profile=strict_survival, capability=HIDDEN_BLOCK_SCAN, context=perception_snapshot}
[21:36:39] [Server thread/WARN]: [AIBot] PERCEPTION event=snapshot_slow bot=Bob {elapsed_ms=11}
[21:36:39] [Server thread/INFO]: [AIBot] ACTION event=diag_snapshot bot=Bob {fall=0.0, held=minecraft:oak_planksx7, task_state=COMPLETED, submerged=false, light=13, step=, in_lava=false, task_phase=ESCAPE, goal=none, task_progress=1.0, task=creeper_defense, mode=survival, air=300, food=17, path_idle=true, inv=minecraft:crafting_tablex1 minecraft:oak_planksx7, nearby=animals=0 hostiles=0, mining_idle=true, hp=2.0/20.0, on_ground=true, pos=18,112,44}
[21:36:40] [Server thread/WARN]: [AIBot] PERCEPTION event=snapshot_slow bot=Bob {elapsed_ms=12}
[21:36:41] [Server thread/WARN]: [AIBot] PERCEPTION event=snapshot_slow bot=Bob {elapsed_ms=11}
[21:36:41] [Server thread/INFO]: [AIBot] ACTION event=capability_decision bot=Bob {reason=DENIED_STRICT_SURVIVAL, allowed=false, profile=strict_survival, capability=HIDDEN_BLOCK_SCAN, context=diagnostic_nearby}
[21:36:41] [Server thread/INFO]: [AIBot] ACTION event=diag_snapshot bot=Bob {fall=0.0, held=minecraft:oak_planksx7, task_state=COMPLETED, submerged=false, light=13, step=, in_lava=false, task_phase=ESCAPE, goal=none, task_progress=1.0, task=creeper_defense, mode=survival, air=300, food=17, path_idle=true, inv=minecraft:crafting_tablex1 minecraft:oak_planksx7, nearby=animals=0 hostiles=0, mining_idle=true, hp=2.0/20.0, on_ground=true, pos=18,112,44}
[21:36:41] [Server thread/INFO]: [AIBot] ACTION event=capability_decision bot=Bob {reason=DENIED_STRICT_SURVIVAL, allowed=false, profile=strict_survival, capability=EMERGENCY_TELEPORT, context=danger_dark_trap_surface}
[21:36:42] [Server thread/WARN]: [AIBot] PERCEPTION event=snapshot_slow bot=Bob {elapsed_ms=11}
[21:36:42] [Server thread/WARN]: [AIBot] PERCEPTION event=snapshot_slow bot=Bob {elapsed_ms=12}
[21:36:43] [Server thread/WARN]: [AIBot] PERCEPTION event=snapshot_slow bot=Bob {elapsed_ms=11}
[21:36:43] [Server thread/WARN]: [AIBot] PERCEPTION event=snapshot_slow bot=Bob {elapsed_ms=11}
[21:36:43] [Server thread/INFO]: [AIBot] ACTION event=diag_snapshot bot=Bob {fall=0.0, held=minecraft:oak_planksx7, task_state=COMPLETED, submerged=false, light=13, step=, in_lava=false, task_phase=ESCAPE, goal=none, task_progress=1.0, task=creeper_defense, mode=survival, air=300, food=17, path_idle=true, inv=minecraft:crafting_tablex1 minecraft:oak_planksx7, nearby=animals=0 hostiles=0, mining_idle=true, hp=2.0/20.0, on_ground=true, pos=18,112,44}
[21:36:44] [Server thread/WARN]: [AIBot] PERCEPTION event=snapshot_slow bot=Bob {elapsed_ms=11}
[21:36:44] [Server thread/INFO]: [AIBot] ACTION event=capability_decision bot=Bob {reason=DENIED_STRICT_SURVIVAL, allowed=false, profile=strict_survival, capability=HIDDEN_BLOCK_SCAN, context=observable_block_query}
[21:36:44] [Server thread/INFO]: [AIBot] ACTION event=capability_decision bot=Bob {reason=DENIED_STRICT_SURVIVAL, allowed=false, profile=strict_survival, capability=HIDDEN_BLOCK_SCAN, context=perception_snapshot}
[21:36:44] [Server thread/WARN]: [AIBot] PERCEPTION event=snapshot_slow bot=Bob {elapsed_ms=13}
[21:36:45] [Server thread/WARN]: [AIBot] PERCEPTION event=snapshot_slow bot=Bob {elapsed_ms=11}
[21:36:45] [Server thread/WARN]: [AIBot] PERCEPTION event=snapshot_slow bot=Bob {elapsed_ms=12}
[21:36:45] [Server thread/INFO]: [AIBot] ACTION event=diag_snapshot bot=Bob {fall=0.0, held=minecraft:oak_planksx7, task_state=COMPLETED, submerged=false, light=13, step=, in_lava=false, task_phase=ESCAPE, goal=none, task_progress=1.0, task=creeper_defense, mode=survival, air=300, food=17, path_idle=true, inv=minecraft:crafting_tablex1 minecraft:oak_planksx7, nearby=animals=0 hostiles=0, mining_idle=true, hp=2.0/20.0, on_ground=true, pos=18,112,44}
[21:36:46] [Server thread/WARN]: [AIBot] PERCEPTION event=snapshot_slow bot=Bob {elapsed_ms=11}
[21:36:46] [Server thread/WARN]: [AIBot] PERCEPTION event=snapshot_slow bot=Bob {elapsed_ms=11}
[21:36:47] [Server thread/WARN]: [AIBot] PERCEPTION event=snapshot_slow bot=Bob {elapsed_ms=12}
[21:36:47] [Server thread/WARN]: [AIBot] PERCEPTION event=snapshot_slow bot=Bob {elapsed_ms=11}
[21:36:47] [Server thread/INFO]: [AIBot] ACTION event=capability_decision bot=Bob {reason=DENIED_STRICT_SURVIVAL, allowed=false, profile=strict_survival, capability=HIDDEN_BLOCK_SCAN, context=diagnostic_nearby}
[21:36:47] [Server thread/INFO]: [AIBot] ACTION event=diag_snapshot bot=Bob {fall=0.0, held=minecraft:oak_planksx7, task_state=COMPLETED, submerged=false, light=13, step=, in_lava=false, task_phase=ESCAPE, goal=none, task_progress=1.0, task=creeper_defense, mode=survival, air=300, food=17, path_idle=true, inv=minecraft:crafting_tablex1 minecraft:oak_planksx7, nearby=animals=0 hostiles=0, mining_idle=true, hp=2.0/20.0, on_ground=true, pos=18,112,44}
[21:36:48] [Server thread/WARN]: [AIBot] PERCEPTION event=snapshot_slow bot=Bob {elapsed_ms=17}
[21:36:48] [Server thread/WARN]: [AIBot] PERCEPTION event=snapshot_slow bot=Bob {elapsed_ms=16}
[21:36:49] [Server thread/WARN]: [AIBot] PERCEPTION event=snapshot_slow bot=Bob {elapsed_ms=18}
[21:36:49] [Server thread/INFO]: [AIBot] ACTION event=capability_decision bot=Bob {reason=DENIED_STRICT_SURVIVAL, allowed=false, profile=strict_survival, capability=HIDDEN_BLOCK_SCAN, context=observable_block_query}
[21:36:49] [Server thread/INFO]: [AIBot] ACTION event=capability_decision bot=Bob {reason=DENIED_STRICT_SURVIVAL, allowed=false, profile=strict_survival, capability=HIDDEN_BLOCK_SCAN, context=perception_snapshot}
[21:36:49] [Server thread/WARN]: [AIBot] PERCEPTION event=snapshot_slow bot=Bob {elapsed_ms=15}
[21:36:49] [Server thread/INFO]: [AIBot] ACTION event=diag_snapshot bot=Bob {fall=0.0, held=minecraft:oak_planksx7, task_state=COMPLETED, submerged=false, light=13, step=, in_lava=false, task_phase=ESCAPE, goal=none, task_progress=1.0, task=creeper_defense, mode=survival, air=300, food=17, path_idle=true, inv=minecraft:crafting_tablex1 minecraft:oak_planksx7, nearby=animals=0 hostiles=0, mining_idle=true, hp=2.0/20.0, on_ground=true, pos=18,112,44}
[21:36:50] [Server thread/INFO]: [AIBot] ACTION event=capability_decision bot=Bob {reason=DENIED_STRICT_SURVIVAL, allowed=false, profile=strict_survival, capability=EMERGENCY_TELEPORT, context=danger_dark_trap_surface}
[21:36:50] [Server thread/WARN]: [AIBot] PERCEPTION event=snapshot_slow bot=Bob {elapsed_ms=14}
[21:36:50] [Server thread/WARN]: [AIBot] PERCEPTION event=snapshot_slow bot=Bob {elapsed_ms=13}
[21:36:51] [Server thread/WARN]: [AIBot] PERCEPTION event=snapshot_slow bot=Bob {elapsed_ms=16}
[21:36:51] [Server thread/WARN]: [AIBot] PERCEPTION event=snapshot_slow bot=Bob {elapsed_ms=17}
[21:36:51] [Server thread/INFO]: [AIBot] ACTION event=diag_snapshot bot=Bob {fall=0.0, held=minecraft:oak_planksx7, task_state=COMPLETED, submerged=false, light=13, step=, in_lava=false, task_phase=ESCAPE, goal=none, task_progress=1.0, task=creeper_defense, mode=survival, air=300, food=17, path_idle=true, inv=minecraft:crafting_tablex1 minecraft:oak_planksx7, nearby=animals=0 hostiles=0, mining_idle=true, hp=2.0/20.0, on_ground=true, pos=18,112,44}
[21:36:52] [Server thread/WARN]: [AIBot] PERCEPTION event=snapshot_slow bot=Bob {elapsed_ms=14}
[21:36:52] [Server thread/WARN]: [AIBot] PERCEPTION event=snapshot_slow bot=Bob {elapsed_ms=19}
[21:36:53] [Server thread/WARN]: [AIBot] PERCEPTION event=snapshot_slow bot=Bob {elapsed_ms=16}
[21:36:53] [Server thread/WARN]: [AIBot] PERCEPTION event=snapshot_slow bot=Bob {elapsed_ms=14}
[21:36:53] [Server thread/INFO]: [AIBot] ACTION event=capability_decision bot=Bob {reason=DENIED_STRICT_SURVIVAL, allowed=false, profile=strict_survival, capability=HIDDEN_BLOCK_SCAN, context=diagnostic_nearby}
[21:36:53] [Server thread/INFO]: [AIBot] ACTION event=diag_snapshot bot=Bob {fall=0.0, held=minecraft:oak_planksx7, task_state=COMPLETED, submerged=false, light=13, step=, in_lava=false, task_phase=ESCAPE, goal=none, task_progress=1.0, task=creeper_defense, mode=survival, air=300, food=17, path_idle=true, inv=minecraft:crafting_tablex1 minecraft:oak_planksx7, nearby=animals=0 hostiles=0, mining_idle=true, hp=2.0/20.0, on_ground=true, pos=18,112,44}
[21:36:54] [Server thread/WARN]: [AIBot] PERCEPTION event=snapshot_slow bot=Bob {elapsed_ms=16}
[21:36:54] [Server thread/INFO]: [AIBot] ACTION event=capability_decision bot=Bob {reason=DENIED_STRICT_SURVIVAL, allowed=false, profile=strict_survival, capability=HIDDEN_BLOCK_SCAN, context=observable_block_query}
[21:36:54] [Server thread/INFO]: [AIBot] ACTION event=capability_decision bot=Bob {reason=DENIED_STRICT_SURVIVAL, allowed=false, profile=strict_survival, capability=HIDDEN_BLOCK_SCAN, context=perception_snapshot}
[21:36:54] [Server thread/WARN]: [AIBot] PERCEPTION event=snapshot_slow bot=Bob {elapsed_ms=16}
[21:36:55] [Server thread/WARN]: [AIBot] PERCEPTION event=snapshot_slow bot=Bob {elapsed_ms=16}
[21:36:55] [Server thread/WARN]: [AIBot] PERCEPTION event=snapshot_slow bot=Bob {elapsed_ms=13}
[21:36:55] [Server thread/INFO]: [AIBot] ACTION event=diag_snapshot bot=Bob {fall=0.0, held=minecraft:oak_planksx7, task_state=COMPLETED, submerged=false, light=13, step=, in_lava=false, task_phase=ESCAPE, goal=none, task_progress=1.0, task=creeper_defense, mode=survival, air=300, food=17, path_idle=true, inv=minecraft:crafting_tablex1 minecraft:oak_planksx7, nearby=animals=0 hostiles=0, mining_idle=true, hp=2.0/20.0, on_ground=true, pos=18,112,44}
[21:36:56] [Server thread/WARN]: [AIBot] PERCEPTION event=snapshot_slow bot=Bob {elapsed_ms=16}
[21:36:56] [Server thread/WARN]: [AIBot] PERCEPTION event=snapshot_slow bot=Bob {elapsed_ms=16}
[21:36:57] [Server thread/WARN]: [AIBot] PERCEPTION event=snapshot_slow bot=Bob {elapsed_ms=17}
[21:36:57] [Server thread/WARN]: [AIBot] PERCEPTION event=snapshot_slow bot=Bob {elapsed_ms=15}
[21:36:57] [Server thread/INFO]: [AIBot] ACTION event=diag_snapshot bot=Bob {fall=0.0, held=minecraft:oak_planksx7, task_state=COMPLETED, submerged=false, light=13, step=, in_lava=false, task_phase=ESCAPE, goal=none, task_progress=1.0, task=creeper_defense, mode=survival, air=300, food=17, path_idle=true, inv=minecraft:crafting_tablex1 minecraft:oak_planksx7, nearby=animals=0 hostiles=0, mining_idle=true, hp=2.0/20.0, on_ground=true, pos=18,112,44}
[21:36:58] [Server thread/INFO]: [AIBot] ACTION event=capability_decision bot=Bob {reason=DENIED_STRICT_SURVIVAL, allowed=false, profile=strict_survival, capability=EMERGENCY_TELEPORT, context=danger_dark_trap_surface}
[21:36:58] [Server thread/WARN]: [AIBot] PERCEPTION event=snapshot_slow bot=Bob {elapsed_ms=18}
[21:36:58] [Server thread/WARN]: [AIBot] PERCEPTION event=snapshot_slow bot=Bob {elapsed_ms=13}
[21:36:59] [Server thread/WARN]: [AIBot] PERCEPTION event=snapshot_slow bot=Bob {elapsed_ms=13}
[21:36:59] [Server thread/INFO]: [AIBot] ACTION event=capability_decision bot=Bob {reason=DENIED_STRICT_SURVIVAL, allowed=false, profile=strict_survival, capability=HIDDEN_BLOCK_SCAN, context=observable_block_query}
[21:36:59] [Server thread/INFO]: [AIBot] ACTION event=capability_decision bot=Bob {reason=DENIED_STRICT_SURVIVAL, allowed=false, profile=strict_survival, capability=HIDDEN_BLOCK_SCAN, context=perception_snapshot}
[21:36:59] [Server thread/WARN]: [AIBot] PERCEPTION event=snapshot_slow bot=Bob {elapsed_ms=15}
[21:36:59] [Server thread/INFO]: [AIBot] ACTION event=capability_decision bot=Bob {reason=DENIED_STRICT_SURVIVAL, allowed=false, profile=strict_survival, capability=HIDDEN_BLOCK_SCAN, context=diagnostic_nearby}
[21:36:59] [Server thread/INFO]: [AIBot] ACTION event=diag_snapshot bot=Bob {fall=0.0, held=minecraft:oak_planksx7, task_state=COMPLETED, submerged=false, light=13, step=, in_lava=false, task_phase=ESCAPE, goal=none, task_progress=1.0, task=creeper_defense, mode=survival, air=300, food=17, path_idle=true, inv=minecraft:crafting_tablex1 minecraft:oak_planksx7, nearby=animals=0 hostiles=0, mining_idle=true, hp=2.0/20.0, on_ground=true, pos=18,112,44}
[21:37:00] [Server thread/WARN]: [AIBot] PERCEPTION event=snapshot_slow bot=Bob {elapsed_ms=18}
[21:37:00] [Server thread/WARN]: [AIBot] PERCEPTION event=snapshot_slow bot=Bob {elapsed_ms=14}
[21:37:01] [Server thread/WARN]: [AIBot] PERCEPTION event=snapshot_slow bot=Bob {elapsed_ms=16}
[21:37:01] [Server thread/WARN]: [AIBot] PERCEPTION event=snapshot_slow bot=Bob {elapsed_ms=16}
[21:37:01] [Server thread/INFO]: [AIBot] ACTION event=diag_snapshot bot=Bob {fall=0.0, held=minecraft:oak_planksx7, task_state=COMPLETED, submerged=false, light=13, step=, in_lava=false, task_phase=ESCAPE, goal=none, task_progress=1.0, task=creeper_defense, mode=survival, air=300, food=17, path_idle=true, inv=minecraft:crafting_tablex1 minecraft:oak_planksx7, nearby=animals=0 hostiles=0, mining_idle=true, hp=2.0/20.0, on_ground=true, pos=18,112,44}
[21:37:02] [Server thread/WARN]: [AIBot] PERCEPTION event=snapshot_slow bot=Bob {elapsed_ms=14}
[21:37:02] [Server thread/WARN]: [AIBot] PERCEPTION event=snapshot_slow bot=Bob {elapsed_ms=14}
[21:37:03] [Server thread/WARN]: [AIBot] PERCEPTION event=snapshot_slow bot=Bob {elapsed_ms=13}
[21:37:03] [Server thread/WARN]: [AIBot] PERCEPTION event=snapshot_slow bot=Bob {elapsed_ms=15}
[21:37:03] [Server thread/INFO]: [AIBot] ACTION event=diag_snapshot bot=Bob {fall=0.0, held=minecraft:oak_planksx7, task_state=COMPLETED, submerged=false, light=13, step=, in_lava=false, task_phase=ESCAPE, goal=none, task_progress=1.0, task=creeper_defense, mode=survival, air=300, food=17, path_idle=true, inv=minecraft:crafting_tablex1 minecraft:oak_planksx7, nearby=animals=0 hostiles=0, mining_idle=true, hp=2.0/20.0, on_ground=true, pos=18,112,44}
[21:37:04] [Server thread/WARN]: [AIBot] PERCEPTION event=snapshot_slow bot=Bob {elapsed_ms=18}
[21:37:04] [Server thread/INFO]: [AIBot] ACTION event=capability_decision bot=Bob {reason=DENIED_STRICT_SURVIVAL, allowed=false, profile=strict_survival, capability=HIDDEN_BLOCK_SCAN, context=observable_block_query}
[21:37:04] [Server thread/INFO]: [AIBot] ACTION event=capability_decision bot=Bob {reason=DENIED_STRICT_SURVIVAL, allowed=false, profile=strict_survival, capability=HIDDEN_BLOCK_SCAN, context=perception_snapshot}
[21:37:04] [Server thread/WARN]: [AIBot] PERCEPTION event=snapshot_slow bot=Bob {elapsed_ms=11}
[21:37:05] [Server thread/WARN]: [AIBot] PERCEPTION event=snapshot_slow bot=Bob {elapsed_ms=12}
[21:37:05] [Server thread/WARN]: [AIBot] PERCEPTION event=snapshot_slow bot=Bob {elapsed_ms=17}
[21:37:05] [Server thread/INFO]: [AIBot] ACTION event=capability_decision bot=Bob {reason=DENIED_STRICT_SURVIVAL, allowed=false, profile=strict_survival, capability=HIDDEN_BLOCK_SCAN, context=diagnostic_nearby}
[21:37:05] [Server thread/INFO]: [AIBot] ACTION event=diag_snapshot bot=Bob {fall=0.0, held=minecraft:oak_planksx7, task_state=COMPLETED, submerged=false, light=13, step=, in_lava=false, task_phase=ESCAPE, goal=none, task_progress=1.0, task=creeper_defense, mode=survival, air=300, food=17, path_idle=true, inv=minecraft:crafting_tablex1 minecraft:oak_planksx7, nearby=animals=0 hostiles=0, mining_idle=true, hp=2.0/20.0, on_ground=true, pos=18,112,44}
[21:37:06] [Server thread/INFO]: [AIBot] ACTION event=capability_decision bot=Bob {reason=DENIED_STRICT_SURVIVAL, allowed=false, profile=strict_survival, capability=EMERGENCY_TELEPORT, context=danger_dark_trap_surface}
[21:37:06] [Server thread/WARN]: [AIBot] PERCEPTION event=snapshot_slow bot=Bob {elapsed_ms=11}
[21:37:06] [Server thread/WARN]: [AIBot] PERCEPTION event=snapshot_slow bot=Bob {elapsed_ms=11}
[21:37:07] [Server thread/INFO]: [AIBot] ACTION event=diag_snapshot bot=Bob {fall=0.0, held=minecraft:oak_planksx7, task_state=COMPLETED, submerged=false, light=13, step=, in_lava=false, task_phase=ESCAPE, goal=none, task_progress=1.0, task=creeper_defense, mode=survival, air=300, food=17, path_idle=true, inv=minecraft:crafting_tablex1 minecraft:oak_planksx7, nearby=animals=0 hostiles=0, mining_idle=true, hp=2.0/20.0, on_ground=true, pos=18,112,44}
[21:37:08] [Server thread/WARN]: [AIBot] PERCEPTION event=snapshot_slow bot=Bob {elapsed_ms=11}
[21:37:08] [Server thread/WARN]: [AIBot] PERCEPTION event=snapshot_slow bot=Bob {elapsed_ms=12}
[21:37:09] [Server thread/INFO]: [AIBot] ACTION event=capability_decision bot=Bob {reason=DENIED_STRICT_SURVIVAL, allowed=false, profile=strict_survival, capability=HIDDEN_BLOCK_SCAN, context=observable_block_query}
[21:37:09] [Server thread/INFO]: [AIBot] ACTION event=capability_decision bot=Bob {reason=DENIED_STRICT_SURVIVAL, allowed=false, profile=strict_survival, capability=HIDDEN_BLOCK_SCAN, context=perception_snapshot}
[21:37:09] [Server thread/INFO]: [AIBot] ACTION event=diag_snapshot bot=Bob {fall=0.0, held=minecraft:oak_planksx7, task_state=COMPLETED, submerged=false, light=13, step=, in_lava=false, task_phase=ESCAPE, goal=none, task_progress=1.0, task=creeper_defense, mode=survival, air=300, food=17, path_idle=true, inv=minecraft:crafting_tablex1 minecraft:oak_planksx7, nearby=animals=0 hostiles=0, mining_idle=true, hp=2.0/20.0, on_ground=true, pos=18,112,44}
[21:37:10] [Server thread/WARN]: [AIBot] PERCEPTION event=snapshot_slow bot=Bob {elapsed_ms=15}
[21:37:10] [Server thread/WARN]: [AIBot] PERCEPTION event=snapshot_slow bot=Bob {elapsed_ms=16}
[21:37:11] [Server thread/WARN]: [AIBot] PERCEPTION event=snapshot_slow bot=Bob {elapsed_ms=13}
[21:37:11] [Server thread/WARN]: [AIBot] PERCEPTION event=snapshot_slow bot=Bob {elapsed_ms=11}
[21:37:11] [Server thread/INFO]: [AIBot] ACTION event=capability_decision bot=Bob {reason=DENIED_STRICT_SURVIVAL, allowed=false, profile=strict_survival, capability=HIDDEN_BLOCK_SCAN, context=diagnostic_nearby}
[21:37:11] [Server thread/INFO]: [AIBot] ACTION event=diag_snapshot bot=Bob {fall=0.0, held=minecraft:oak_planksx7, task_state=COMPLETED, submerged=false, light=13, step=, in_lava=false, task_phase=ESCAPE, goal=none, task_progress=1.0, task=creeper_defense, mode=survival, air=300, food=17, path_idle=true, inv=minecraft:crafting_tablex1 minecraft:oak_planksx7, nearby=animals=0 hostiles=0, mining_idle=true, hp=2.0/20.0, on_ground=true, pos=18,112,44}
[21:37:13] [Server thread/WARN]: [AIBot] PERCEPTION event=snapshot_slow bot=Bob {elapsed_ms=11}
[21:37:13] [Server thread/INFO]: [AIBot] ACTION event=diag_snapshot bot=Bob {fall=0.0, held=minecraft:oak_planksx7, task_state=COMPLETED, submerged=false, light=13, step=, in_lava=false, task_phase=ESCAPE, goal=none, task_progress=1.0, task=creeper_defense, mode=survival, air=300, food=17, path_idle=true, inv=minecraft:crafting_tablex1 minecraft:oak_planksx7, nearby=animals=0 hostiles=0, mining_idle=true, hp=2.0/20.0, on_ground=true, pos=18,112,44}
[21:37:14] [Server thread/INFO]: [AIBot] ACTION event=capability_decision bot=Bob {reason=DENIED_STRICT_SURVIVAL, allowed=false, profile=strict_survival, capability=EMERGENCY_TELEPORT, context=danger_dark_trap_surface}
[21:37:14] [Server thread/WARN]: [AIBot] PERCEPTION event=snapshot_slow bot=Bob {elapsed_ms=11}
[21:37:14] [Server thread/INFO]: [AIBot] ACTION event=capability_decision bot=Bob {reason=DENIED_STRICT_SURVIVAL, allowed=false, profile=strict_survival, capability=HIDDEN_BLOCK_SCAN, context=observable_block_query}
[21:37:14] [Server thread/INFO]: [AIBot] ACTION event=capability_decision bot=Bob {reason=DENIED_STRICT_SURVIVAL, allowed=false, profile=strict_survival, capability=HIDDEN_BLOCK_SCAN, context=perception_snapshot}
[21:37:14] [Server thread/WARN]: [AIBot] PERCEPTION event=snapshot_slow bot=Bob {elapsed_ms=12}
[21:37:15] [Server thread/WARN]: [AIBot] PERCEPTION event=snapshot_slow bot=Bob {elapsed_ms=11}
[21:37:15] [Server thread/WARN]: [AIBot] PERCEPTION event=snapshot_slow bot=Bob {elapsed_ms=11}
[21:37:15] [Server thread/INFO]: [AIBot] ACTION event=diag_snapshot bot=Bob {fall=0.0, held=minecraft:oak_planksx7, task_state=COMPLETED, submerged=false, light=13, step=, in_lava=false, task_phase=ESCAPE, goal=none, task_progress=1.0, task=creeper_defense, mode=survival, air=300, food=17, path_idle=true, inv=minecraft:crafting_tablex1 minecraft:oak_planksx7, nearby=animals=0 hostiles=0, mining_idle=true, hp=2.0/20.0, on_ground=true, pos=18,112,44}
[21:37:16] [Server thread/WARN]: [AIBot] PERCEPTION event=snapshot_slow bot=Bob {elapsed_ms=12}
[21:37:16] [Server thread/WARN]: [AIBot] PERCEPTION event=snapshot_slow bot=Bob {elapsed_ms=12}
[21:37:17] [Server thread/WARN]: [AIBot] PERCEPTION event=snapshot_slow bot=Bob {elapsed_ms=12}
[21:37:17] [Server thread/WARN]: [AIBot] PERCEPTION event=snapshot_slow bot=Bob {elapsed_ms=11}
[21:37:17] [Server thread/INFO]: [AIBot] ACTION event=capability_decision bot=Bob {reason=DENIED_STRICT_SURVIVAL, allowed=false, profile=strict_survival, capability=HIDDEN_BLOCK_SCAN, context=diagnostic_nearby}
[21:37:17] [Server thread/INFO]: [AIBot] ACTION event=diag_snapshot bot=Bob {fall=0.0, held=minecraft:oak_planksx7, task_state=COMPLETED, submerged=false, light=13, step=, in_lava=false, task_phase=ESCAPE, goal=none, task_progress=1.0, task=creeper_defense, mode=survival, air=300, food=17, path_idle=true, inv=minecraft:crafting_tablex1 minecraft:oak_planksx7, nearby=animals=0 hostiles=0, mining_idle=true, hp=2.0/20.0, on_ground=true, pos=18,112,44}
[21:37:18] [Server thread/WARN]: [AIBot] PERCEPTION event=snapshot_slow bot=Bob {elapsed_ms=11}
[21:37:18] [Server thread/WARN]: [AIBot] PERCEPTION event=snapshot_slow bot=Bob {elapsed_ms=12}
[21:37:19] [Server thread/INFO]: [AIBot] ACTION event=capability_decision bot=Bob {reason=DENIED_STRICT_SURVIVAL, allowed=false, profile=strict_survival, capability=HIDDEN_BLOCK_SCAN, context=observable_block_query}
[21:37:19] [Server thread/INFO]: [AIBot] ACTION event=capability_decision bot=Bob {reason=DENIED_STRICT_SURVIVAL, allowed=false, profile=strict_survival, capability=HIDDEN_BLOCK_SCAN, context=perception_snapshot}
[21:37:19] [Server thread/WARN]: [AIBot] PERCEPTION event=snapshot_slow bot=Bob {elapsed_ms=12}
[21:37:19] [Server thread/INFO]: [AIBot] ACTION event=diag_snapshot bot=Bob {fall=0.0, held=minecraft:oak_planksx7, task_state=COMPLETED, submerged=false, light=13, step=, in_lava=false, task_phase=ESCAPE, goal=none, task_progress=1.0, task=creeper_defense, mode=survival, air=300, food=17, path_idle=true, inv=minecraft:crafting_tablex1 minecraft:oak_planksx7, nearby=animals=0 hostiles=0, mining_idle=true, hp=2.0/20.0, on_ground=true, pos=18,112,44}
[21:37:20] [Server thread/WARN]: [AIBot] PERCEPTION event=snapshot_slow bot=Bob {elapsed_ms=11}
[21:37:20] [Server thread/WARN]: [AIBot] PERCEPTION event=snapshot_slow bot=Bob {elapsed_ms=12}
[21:37:21] [Server thread/WARN]: [AIBot] PERCEPTION event=snapshot_slow bot=Bob {elapsed_ms=11}
[21:37:21] [Server thread/INFO]: [AIBot] ACTION event=diag_snapshot bot=Bob {fall=0.0, held=minecraft:oak_planksx7, task_state=COMPLETED, submerged=false, light=13, step=, in_lava=false, task_phase=ESCAPE, goal=none, task_progress=1.0, task=creeper_defense, mode=survival, air=300, food=17, path_idle=true, inv=minecraft:crafting_tablex1 minecraft:oak_planksx7, nearby=animals=0 hostiles=0, mining_idle=true, hp=2.0/20.0, on_ground=true, pos=18,112,44}
[21:37:22] [Server thread/INFO]: [AIBot] ACTION event=capability_decision bot=Bob {reason=DENIED_STRICT_SURVIVAL, allowed=false, profile=strict_survival, capability=EMERGENCY_TELEPORT, context=danger_dark_trap_surface}
[21:37:22] [Server thread/WARN]: [AIBot] PERCEPTION event=snapshot_slow bot=Bob {elapsed_ms=11}
[21:37:22] [Server thread/WARN]: [AIBot] PERCEPTION event=snapshot_slow bot=Bob {elapsed_ms=11}
[21:37:23] [Server thread/WARN]: [AIBot] PERCEPTION event=snapshot_slow bot=Bob {elapsed_ms=14}
[21:37:23] [Server thread/WARN]: [AIBot] PERCEPTION event=snapshot_slow bot=Bob {elapsed_ms=11}
[21:37:23] [Server thread/INFO]: [AIBot] ACTION event=capability_decision bot=Bob {reason=DENIED_STRICT_SURVIVAL, allowed=false, profile=strict_survival, capability=HIDDEN_BLOCK_SCAN, context=diagnostic_nearby}
[21:37:23] [Server thread/INFO]: [AIBot] ACTION event=diag_snapshot bot=Bob {fall=0.0, held=minecraft:oak_planksx7, task_state=COMPLETED, submerged=false, light=13, step=, in_lava=false, task_phase=ESCAPE, goal=none, task_progress=1.0, task=creeper_defense, mode=survival, air=300, food=17, path_idle=true, inv=minecraft:crafting_tablex1 minecraft:oak_planksx7, nearby=animals=0 hostiles=0, mining_idle=true, hp=2.0/20.0, on_ground=true, pos=18,112,44}
[21:37:24] [Server thread/WARN]: [AIBot] PERCEPTION event=snapshot_slow bot=Bob {elapsed_ms=12}
[21:37:24] [Server thread/INFO]: [AIBot] ACTION event=capability_decision bot=Bob {reason=DENIED_STRICT_SURVIVAL, allowed=false, profile=strict_survival, capability=HIDDEN_BLOCK_SCAN, context=observable_block_query}
[21:37:24] [Server thread/INFO]: [AIBot] ACTION event=capability_decision bot=Bob {reason=DENIED_STRICT_SURVIVAL, allowed=false, profile=strict_survival, capability=HIDDEN_BLOCK_SCAN, context=perception_snapshot}
[21:37:24] [Server thread/WARN]: [AIBot] PERCEPTION event=snapshot_slow bot=Bob {elapsed_ms=16}
[21:37:25] [Server thread/WARN]: [AIBot] PERCEPTION event=snapshot_slow bot=Bob {elapsed_ms=11}
[21:37:25] [Server thread/WARN]: [AIBot] PERCEPTION event=snapshot_slow bot=Bob {elapsed_ms=11}
[21:37:25] [Server thread/INFO]: [AIBot] ACTION event=diag_snapshot bot=Bob {fall=0.0, held=minecraft:oak_planksx7, task_state=COMPLETED, submerged=false, light=13, step=, in_lava=false, task_phase=ESCAPE, goal=none, task_progress=1.0, task=creeper_defense, mode=survival, air=300, food=17, path_idle=true, inv=minecraft:crafting_tablex1 minecraft:oak_planksx7, nearby=animals=0 hostiles=0, mining_idle=true, hp=2.0/20.0, on_ground=true, pos=18,112,44}
[21:37:26] [Server thread/WARN]: [AIBot] PERCEPTION event=snapshot_slow bot=Bob {elapsed_ms=12}
[21:37:27] [Server thread/WARN]: [AIBot] PERCEPTION event=snapshot_slow bot=Bob {elapsed_ms=11}
[21:37:27] [Server thread/WARN]: [AIBot] PERCEPTION event=snapshot_slow bot=Bob {elapsed_ms=11}
[21:37:27] [Server thread/INFO]: [AIBot] ACTION event=diag_snapshot bot=Bob {fall=0.0, held=minecraft:oak_planksx7, task_state=COMPLETED, submerged=false, light=13, step=, in_lava=false, task_phase=ESCAPE, goal=none, task_progress=1.0, task=creeper_defense, mode=survival, air=300, food=17, path_idle=true, inv=minecraft:crafting_tablex1 minecraft:oak_planksx7, nearby=animals=0 hostiles=0, mining_idle=true, hp=2.0/20.0, on_ground=true, pos=18,112,44}
[21:37:28] [Server thread/WARN]: [AIBot] PERCEPTION event=snapshot_slow bot=Bob {elapsed_ms=11}
[21:37:29] [Server thread/WARN]: [AIBot] PERCEPTION event=snapshot_slow bot=Bob {elapsed_ms=11}
[21:37:29] [Server thread/INFO]: [AIBot] ACTION event=capability_decision bot=Bob {reason=DENIED_STRICT_SURVIVAL, allowed=false, profile=strict_survival, capability=HIDDEN_BLOCK_SCAN, context=observable_block_query}
[21:37:29] [Server thread/INFO]: [AIBot] ACTION event=capability_decision bot=Bob {reason=DENIED_STRICT_SURVIVAL, allowed=false, profile=strict_survival, capability=HIDDEN_BLOCK_SCAN, context=perception_snapshot}
[21:37:29] [Server thread/WARN]: [AIBot] PERCEPTION event=snapshot_slow bot=Bob {elapsed_ms=12}
[21:37:29] [Server thread/INFO]: [AIBot] ACTION event=capability_decision bot=Bob {reason=DENIED_STRICT_SURVIVAL, allowed=false, profile=strict_survival, capability=HIDDEN_BLOCK_SCAN, context=diagnostic_nearby}
[21:37:29] [Server thread/INFO]: [AIBot] ACTION event=diag_snapshot bot=Bob {fall=0.0, held=minecraft:oak_planksx7, task_state=COMPLETED, submerged=false, light=13, step=, in_lava=false, task_phase=ESCAPE, goal=none, task_progress=1.0, task=creeper_defense, mode=survival, air=300, food=17, path_idle=true, inv=minecraft:crafting_tablex1 minecraft:oak_planksx7, nearby=animals=0 hostiles=0, mining_idle=true, hp=2.0/20.0, on_ground=true, pos=18,112,44}
[21:37:30] [Server thread/INFO]: [AIBot] ACTION event=capability_decision bot=Bob {reason=DENIED_STRICT_SURVIVAL, allowed=false, profile=strict_survival, capability=EMERGENCY_TELEPORT, context=danger_dark_trap_surface}
[21:37:30] [Server thread/WARN]: [AIBot] PERCEPTION event=snapshot_slow bot=Bob {elapsed_ms=13}
[21:37:31] [Server thread/WARN]: [AIBot] PERCEPTION event=snapshot_slow bot=Bob {elapsed_ms=12}
[21:37:31] [Server thread/INFO]: [AIBot] ACTION event=diag_snapshot bot=Bob {fall=0.0, held=minecraft:oak_planksx7, task_state=COMPLETED, submerged=false, light=13, step=, in_lava=false, task_phase=ESCAPE, goal=none, task_progress=1.0, task=creeper_defense, mode=survival, air=300, food=17, path_idle=true, inv=minecraft:crafting_tablex1 minecraft:oak_planksx7, nearby=animals=0 hostiles=0, mining_idle=true, hp=2.0/20.0, on_ground=true, pos=18,112,44}
[21:37:32] [Server thread/WARN]: [AIBot] PERCEPTION event=snapshot_slow bot=Bob {elapsed_ms=12}
[21:37:32] [Server thread/WARN]: [AIBot] PERCEPTION event=snapshot_slow bot=Bob {elapsed_ms=11}
[21:37:33] [Server thread/WARN]: [AIBot] PERCEPTION event=snapshot_slow bot=Bob {elapsed_ms=11}
[21:37:33] [Server thread/WARN]: [AIBot] PERCEPTION event=snapshot_slow bot=Bob {elapsed_ms=12}
[21:37:33] [Server thread/INFO]: [AIBot] ACTION event=diag_snapshot bot=Bob {fall=0.0, held=minecraft:oak_planksx7, task_state=COMPLETED, submerged=false, light=13, step=, in_lava=false, task_phase=ESCAPE, goal=none, task_progress=1.0, task=creeper_defense, mode=survival, air=300, food=17, path_idle=true, inv=minecraft:crafting_tablex1 minecraft:oak_planksx7, nearby=animals=0 hostiles=0, mining_idle=true, hp=2.0/20.0, on_ground=true, pos=18,112,44}
[21:37:34] [Server thread/WARN]: [AIBot] PERCEPTION event=snapshot_slow bot=Bob {elapsed_ms=11}
[21:37:34] [Server thread/INFO]: [AIBot] ACTION event=capability_decision bot=Bob {reason=DENIED_STRICT_SURVIVAL, allowed=false, profile=strict_survival, capability=HIDDEN_BLOCK_SCAN, context=observable_block_query}
[21:37:34] [Server thread/INFO]: [AIBot] ACTION event=capability_decision bot=Bob {reason=DENIED_STRICT_SURVIVAL, allowed=false, profile=strict_survival, capability=HIDDEN_BLOCK_SCAN, context=perception_snapshot}
[21:37:35] [Server thread/WARN]: [AIBot] PERCEPTION event=snapshot_slow bot=Bob {elapsed_ms=14}
[21:37:35] [Server thread/INFO]: [AIBot] ACTION event=capability_decision bot=Bob {reason=DENIED_STRICT_SURVIVAL, allowed=false, profile=strict_survival, capability=HIDDEN_BLOCK_SCAN, context=diagnostic_nearby}
[21:37:35] [Server thread/INFO]: [AIBot] ACTION event=diag_snapshot bot=Bob {fall=0.0, held=minecraft:oak_planksx7, task_state=COMPLETED, submerged=false, light=13, step=, in_lava=false, task_phase=ESCAPE, goal=none, task_progress=1.0, task=creeper_defense, mode=survival, air=300, food=17, path_idle=true, inv=minecraft:crafting_tablex1 minecraft:oak_planksx7, nearby=animals=0 hostiles=0, mining_idle=true, hp=2.0/20.0, on_ground=true, pos=18,112,44}
[21:37:36] [Server thread/WARN]: [AIBot] PERCEPTION event=snapshot_slow bot=Bob {elapsed_ms=12}
[21:37:37] [Server thread/WARN]: [AIBot] PERCEPTION event=snapshot_slow bot=Bob {elapsed_ms=13}
[21:37:37] [Server thread/WARN]: [AIBot] PERCEPTION event=snapshot_slow bot=Bob {elapsed_ms=13}
[21:37:37] [Server thread/INFO]: [AIBot] ACTION event=diag_snapshot bot=Bob {fall=0.0, held=minecraft:oak_planksx7, task_state=COMPLETED, submerged=false, light=13, step=, in_lava=false, task_phase=ESCAPE, goal=none, task_progress=1.0, task=creeper_defense, mode=survival, air=300, food=17, path_idle=true, inv=minecraft:crafting_tablex1 minecraft:oak_planksx7, nearby=animals=0 hostiles=0, mining_idle=true, hp=2.0/20.0, on_ground=true, pos=18,112,44}
[21:37:38] [Server thread/INFO]: [AIBot] ACTION event=capability_decision bot=Bob {reason=DENIED_STRICT_SURVIVAL, allowed=false, profile=strict_survival, capability=EMERGENCY_TELEPORT, context=danger_dark_trap_surface}
[21:37:38] [Server thread/WARN]: [AIBot] PERCEPTION event=snapshot_slow bot=Bob {elapsed_ms=11}
[21:37:39] [Server thread/INFO]: [AIBot] LIFECYCLE event=mixin_alive bot=- {server_tick=10800}
[21:37:39] [Server thread/INFO]: [AIBot] ACTION event=capability_decision bot=Bob {reason=DENIED_STRICT_SURVIVAL, allowed=false, profile=strict_survival, capability=HIDDEN_BLOCK_SCAN, context=observable_block_query}
[21:37:39] [Server thread/INFO]: [AIBot] ACTION event=capability_decision bot=Bob {reason=DENIED_STRICT_SURVIVAL, allowed=false, profile=strict_survival, capability=HIDDEN_BLOCK_SCAN, context=perception_snapshot}
[21:37:39] [Server thread/WARN]: [AIBot] PERCEPTION event=snapshot_slow bot=Bob {elapsed_ms=11}
[21:37:39] [Server thread/INFO]: [AIBot] ACTION event=capability_decision bot=Bob {reason=DENIED_STRICT_SURVIVAL, allowed=false, profile=strict_survival, capability=HIDDEN_BLOCK_SCAN, context=observable_entity_query}
[21:37:39] [Server thread/INFO]: [AIBot] ACTION event=diag_snapshot bot=Bob {fall=0.0, held=minecraft:oak_planksx7, task_state=COMPLETED, submerged=false, light=13, step=, in_lava=false, task_phase=ESCAPE, goal=none, task_progress=1.0, task=creeper_defense, mode=survival, air=300, food=17, path_idle=true, inv=minecraft:crafting_tablex1 minecraft:oak_planksx7, nearby=animals=0 hostiles=0, mining_idle=true, hp=2.0/20.0, on_ground=true, pos=18,112,44}
[21:37:40] [Server thread/WARN]: [AIBot] PERCEPTION event=snapshot_slow bot=Bob {elapsed_ms=11}
[21:37:41] [Server thread/WARN]: [AIBot] PERCEPTION event=snapshot_slow bot=Bob {elapsed_ms=12}
[21:37:41] [Server thread/INFO]: [AIBot] ACTION event=capability_decision bot=Bob {reason=DENIED_STRICT_SURVIVAL, allowed=false, profile=strict_survival, capability=HIDDEN_BLOCK_SCAN, context=diagnostic_nearby}
[21:37:41] [Server thread/INFO]: [AIBot] ACTION event=diag_snapshot bot=Bob {fall=0.0, held=minecraft:oak_planksx7, task_state=COMPLETED, submerged=false, light=13, step=, in_lava=false, task_phase=ESCAPE, goal=none, task_progress=1.0, task=creeper_defense, mode=survival, air=300, food=17, path_idle=true, inv=minecraft:crafting_tablex1 minecraft:oak_planksx7, nearby=animals=0 hostiles=0, mining_idle=true, hp=2.0/20.0, on_ground=true, pos=18,112,44}
[21:37:42] [Server thread/WARN]: [AIBot] PERCEPTION event=snapshot_slow bot=Bob {elapsed_ms=11}
[21:37:42] [Server thread/WARN]: [AIBot] PERCEPTION event=snapshot_slow bot=Bob {elapsed_ms=11}
[21:37:43] [Server thread/WARN]: [AIBot] PERCEPTION event=snapshot_slow bot=Bob {elapsed_ms=11}
[21:37:43] [Server thread/WARN]: [AIBot] PERCEPTION event=snapshot_slow bot=Bob {elapsed_ms=12}
[21:37:43] [Server thread/INFO]: [AIBot] ACTION event=diag_snapshot bot=Bob {fall=0.0, held=minecraft:oak_planksx7, task_state=COMPLETED, submerged=false, light=13, step=, in_lava=false, task_phase=ESCAPE, goal=none, task_progress=1.0, task=creeper_defense, mode=survival, air=300, food=17, path_idle=true, inv=minecraft:crafting_tablex1 minecraft:oak_planksx7, nearby=animals=0 hostiles=0, mining_idle=true, hp=2.0/20.0, on_ground=true, pos=18,112,44}
[21:37:44] [Server thread/WARN]: [AIBot] PERCEPTION event=snapshot_slow bot=Bob {elapsed_ms=16}
[21:37:44] [Server thread/INFO]: [AIBot] ACTION event=capability_decision bot=Bob {reason=DENIED_STRICT_SURVIVAL, allowed=false, profile=strict_survival, capability=HIDDEN_BLOCK_SCAN, context=observable_block_query}
[21:37:44] [Server thread/INFO]: [AIBot] ACTION event=capability_decision bot=Bob {reason=DENIED_STRICT_SURVIVAL, allowed=false, profile=strict_survival, capability=HIDDEN_BLOCK_SCAN, context=perception_snapshot}
[21:37:44] [Server thread/WARN]: [AIBot] PERCEPTION event=snapshot_slow bot=Bob {elapsed_ms=12}
[21:37:45] [Server thread/WARN]: [AIBot] PERCEPTION event=snapshot_slow bot=Bob {elapsed_ms=11}
[21:37:45] [Server thread/WARN]: [AIBot] PERCEPTION event=snapshot_slow bot=Bob {elapsed_ms=12}
[21:37:45] [Server thread/INFO]: [AIBot] ACTION event=diag_snapshot bot=Bob {fall=0.0, held=minecraft:oak_planksx7, task_state=COMPLETED, submerged=false, light=13, step=, in_lava=false, task_phase=ESCAPE, goal=none, task_progress=1.0, task=creeper_defense, mode=survival, air=300, food=17, path_idle=true, inv=minecraft:crafting_tablex1 minecraft:oak_planksx7, nearby=animals=0 hostiles=0, mining_idle=true, hp=2.0/20.0, on_ground=true, pos=18,112,44}
[21:37:46] [Server thread/INFO]: [AIBot] ACTION event=capability_decision bot=Bob {reason=DENIED_STRICT_SURVIVAL, allowed=false, profile=strict_survival, capability=EMERGENCY_TELEPORT, context=danger_dark_trap_surface}
[21:37:46] [Server thread/WARN]: [AIBot] PERCEPTION event=snapshot_slow bot=Bob {elapsed_ms=11}
[21:37:47] [Server thread/WARN]: [AIBot] PERCEPTION event=snapshot_slow bot=Bob {elapsed_ms=13}
[21:37:47] [Server thread/WARN]: [AIBot] PERCEPTION event=snapshot_slow bot=Bob {elapsed_ms=13}
[21:37:47] [Server thread/INFO]: [AIBot] ACTION event=capability_decision bot=Bob {reason=DENIED_STRICT_SURVIVAL, allowed=false, profile=strict_survival, capability=HIDDEN_BLOCK_SCAN, context=diagnostic_nearby}
[21:37:47] [Server thread/INFO]: [AIBot] ACTION event=diag_snapshot bot=Bob {fall=0.0, held=minecraft:oak_planksx7, task_state=COMPLETED, submerged=false, light=13, step=, in_lava=false, task_phase=ESCAPE, goal=none, task_progress=1.0, task=creeper_defense, mode=survival, air=300, food=17, path_idle=true, inv=minecraft:crafting_tablex1 minecraft:oak_planksx7, nearby=animals=0 hostiles=0, mining_idle=true, hp=2.0/20.0, on_ground=true, pos=18,112,44}
[21:37:49] [Server thread/INFO]: [AIBot] ACTION event=capability_decision bot=Bob {reason=DENIED_STRICT_SURVIVAL, allowed=false, profile=strict_survival, capability=HIDDEN_BLOCK_SCAN, context=observable_block_query}
[21:37:49] [Server thread/INFO]: [AIBot] ACTION event=capability_decision bot=Bob {reason=DENIED_STRICT_SURVIVAL, allowed=false, profile=strict_survival, capability=HIDDEN_BLOCK_SCAN, context=perception_snapshot}
[21:37:49] [Server thread/WARN]: [AIBot] PERCEPTION event=snapshot_slow bot=Bob {elapsed_ms=11}
[21:37:49] [Server thread/INFO]: [AIBot] ACTION event=diag_snapshot bot=Bob {fall=0.0, held=minecraft:oak_planksx7, task_state=COMPLETED, submerged=false, light=13, step=, in_lava=false, task_phase=ESCAPE, goal=none, task_progress=1.0, task=creeper_defense, mode=survival, air=300, food=17, path_idle=true, inv=minecraft:crafting_tablex1 minecraft:oak_planksx7, nearby=animals=0 hostiles=0, mining_idle=true, hp=2.0/20.0, on_ground=true, pos=18,112,44}
[21:37:50] [Server thread/WARN]: [AIBot] PERCEPTION event=snapshot_slow bot=Bob {elapsed_ms=11}
[21:37:51] [Server thread/WARN]: [AIBot] PERCEPTION event=snapshot_slow bot=Bob {elapsed_ms=11}
[21:37:51] [Server thread/INFO]: [AIBot] ACTION event=diag_snapshot bot=Bob {fall=0.0, held=minecraft:oak_planksx7, task_state=COMPLETED, submerged=false, light=13, step=, in_lava=false, task_phase=ESCAPE, goal=none, task_progress=1.0, task=creeper_defense, mode=survival, air=300, food=17, path_idle=true, inv=minecraft:crafting_tablex1 minecraft:oak_planksx7, nearby=animals=0 hostiles=0, mining_idle=true, hp=2.0/20.0, on_ground=true, pos=18,112,44}
[21:37:52] [Server thread/WARN]: [AIBot] PERCEPTION event=snapshot_slow bot=Bob {elapsed_ms=14}
[21:37:52] [Server thread/WARN]: [AIBot] PERCEPTION event=snapshot_slow bot=Bob {elapsed_ms=12}
[21:37:53] [Server thread/WARN]: [AIBot] PERCEPTION event=snapshot_slow bot=Bob {elapsed_ms=11}
[21:37:53] [Server thread/WARN]: [AIBot] PERCEPTION event=snapshot_slow bot=Bob {elapsed_ms=12}
[21:37:53] [Server thread/INFO]: [AIBot] ACTION event=capability_decision bot=Bob {reason=DENIED_STRICT_SURVIVAL, allowed=false, profile=strict_survival, capability=HIDDEN_BLOCK_SCAN, context=diagnostic_nearby}
[21:37:53] [Server thread/INFO]: [AIBot] ACTION event=diag_snapshot bot=Bob {fall=0.0, held=minecraft:oak_planksx7, task_state=COMPLETED, submerged=false, light=13, step=, in_lava=false, task_phase=ESCAPE, goal=none, task_progress=1.0, task=creeper_defense, mode=survival, air=300, food=17, path_idle=true, inv=minecraft:crafting_tablex1 minecraft:oak_planksx7, nearby=animals=0 hostiles=0, mining_idle=true, hp=2.0/20.0, on_ground=true, pos=18,112,44}
[21:37:54] [Server thread/WARN]: [AIBot] PERCEPTION event=snapshot_slow bot=Bob {elapsed_ms=14}
[21:37:54] [Server thread/INFO]: [AIBot] ACTION event=capability_decision bot=Bob {reason=DENIED_STRICT_SURVIVAL, allowed=false, profile=strict_survival, capability=EMERGENCY_TELEPORT, context=danger_dark_trap_surface}
[21:37:54] [Server thread/INFO]: [AIBot] ACTION event=capability_decision bot=Bob {reason=DENIED_STRICT_SURVIVAL, allowed=false, profile=strict_survival, capability=HIDDEN_BLOCK_SCAN, context=observable_block_query}
[21:37:54] [Server thread/INFO]: [AIBot] ACTION event=capability_decision bot=Bob {reason=DENIED_STRICT_SURVIVAL, allowed=false, profile=strict_survival, capability=HIDDEN_BLOCK_SCAN, context=perception_snapshot}
[21:37:55] [Server thread/WARN]: [AIBot] PERCEPTION event=snapshot_slow bot=Bob {elapsed_ms=11}
[21:37:55] [Server thread/WARN]: [AIBot] PERCEPTION event=snapshot_slow bot=Bob {elapsed_ms=13}
[21:37:55] [Server thread/INFO]: [AIBot] ACTION event=diag_snapshot bot=Bob {fall=0.0, held=minecraft:oak_planksx7, task_state=COMPLETED, submerged=false, light=13, step=, in_lava=false, task_phase=ESCAPE, goal=none, task_progress=1.0, task=creeper_defense, mode=survival, air=300, food=17, path_idle=true, inv=minecraft:crafting_tablex1 minecraft:oak_planksx7, nearby=animals=0 hostiles=0, mining_idle=true, hp=2.0/20.0, on_ground=true, pos=18,112,44}
[21:37:56] [Server thread/WARN]: [AIBot] PERCEPTION event=snapshot_slow bot=Bob {elapsed_ms=11}
[21:37:56] [Server thread/WARN]: [AIBot] PERCEPTION event=snapshot_slow bot=Bob {elapsed_ms=11}
[21:37:57] [Server thread/WARN]: [AIBot] PERCEPTION event=snapshot_slow bot=Bob {elapsed_ms=12}
[21:37:57] [Server thread/WARN]: [AIBot] PERCEPTION event=snapshot_slow bot=Bob {elapsed_ms=15}
[21:37:57] [Server thread/INFO]: [AIBot] ACTION event=capability_decision bot=Bob {reason=DENIED_STRICT_SURVIVAL, allowed=false, profile=strict_survival, capability=HIDDEN_BLOCK_SCAN, context=observable_entity_query}
[21:37:57] [Server thread/INFO]: [AIBot] ACTION event=diag_snapshot bot=Bob {fall=0.0, held=minecraft:oak_planksx7, task_state=COMPLETED, submerged=false, light=13, step=, in_lava=false, task_phase=ESCAPE, goal=none, task_progress=1.0, task=creeper_defense, mode=survival, air=300, food=17, path_idle=true, inv=minecraft:crafting_tablex1 minecraft:oak_planksx7, nearby=animals=0 hostiles=0, mining_idle=true, hp=2.0/20.0, on_ground=true, pos=18,112,44}
[21:37:58] [Server thread/WARN]: [AIBot] PERCEPTION event=snapshot_slow bot=Bob {elapsed_ms=11}
[21:37:58] [Server thread/WARN]: [AIBot] PERCEPTION event=snapshot_slow bot=Bob {elapsed_ms=11}
[21:37:59] [Server thread/WARN]: [AIBot] PERCEPTION event=snapshot_slow bot=Bob {elapsed_ms=12}
[21:37:59] [Server thread/INFO]: [AIBot] ACTION event=capability_decision bot=Bob {reason=DENIED_STRICT_SURVIVAL, allowed=false, profile=strict_survival, capability=HIDDEN_BLOCK_SCAN, context=observable_block_query}
[21:37:59] [Server thread/INFO]: [AIBot] ACTION event=capability_decision bot=Bob {reason=DENIED_STRICT_SURVIVAL, allowed=false, profile=strict_survival, capability=HIDDEN_BLOCK_SCAN, context=perception_snapshot}
[21:37:59] [Server thread/WARN]: [AIBot] PERCEPTION event=snapshot_slow bot=Bob {elapsed_ms=17}
[21:37:59] [Server thread/INFO]: [AIBot] ACTION event=capability_decision bot=Bob {reason=DENIED_STRICT_SURVIVAL, allowed=false, profile=strict_survival, capability=HIDDEN_BLOCK_SCAN, context=diagnostic_nearby}
[21:37:59] [Server thread/INFO]: [AIBot] ACTION event=diag_snapshot bot=Bob {fall=0.0, held=minecraft:oak_planksx7, task_state=COMPLETED, submerged=false, light=13, step=, in_lava=false, task_phase=ESCAPE, goal=none, task_progress=1.0, task=creeper_defense, mode=survival, air=300, food=17, path_idle=true, inv=minecraft:crafting_tablex1 minecraft:oak_planksx7, nearby=animals=0 hostiles=0, mining_idle=true, hp=2.0/20.0, on_ground=true, pos=18,112,44}
[21:38:00] [Server thread/WARN]: [AIBot] PERCEPTION event=snapshot_slow bot=Bob {elapsed_ms=11}
[21:38:00] [Server thread/WARN]: [AIBot] PERCEPTION event=snapshot_slow bot=Bob {elapsed_ms=11}
[21:38:01] [Server thread/WARN]: [AIBot] PERCEPTION event=snapshot_slow bot=Bob {elapsed_ms=11}
[21:38:01] [Server thread/WARN]: [AIBot] PERCEPTION event=snapshot_slow bot=Bob {elapsed_ms=13}
[21:38:01] [Server thread/INFO]: [AIBot] ACTION event=diag_snapshot bot=Bob {fall=0.0, held=minecraft:oak_planksx7, task_state=COMPLETED, submerged=false, light=13, step=, in_lava=false, task_phase=ESCAPE, goal=none, task_progress=1.0, task=creeper_defense, mode=survival, air=300, food=17, path_idle=true, inv=minecraft:crafting_tablex1 minecraft:oak_planksx7, nearby=animals=0 hostiles=0, mining_idle=true, hp=2.0/20.0, on_ground=true, pos=18,112,44}
[21:38:02] [Server thread/WARN]: [AIBot] PERCEPTION event=snapshot_slow bot=Bob {elapsed_ms=14}
[21:38:02] [Server thread/INFO]: [AIBot] ACTION event=capability_decision bot=Bob {reason=DENIED_STRICT_SURVIVAL, allowed=false, profile=strict_survival, capability=EMERGENCY_TELEPORT, context=danger_dark_trap_surface}
[21:38:02] [Server thread/WARN]: [AIBot] PERCEPTION event=snapshot_slow bot=Bob {elapsed_ms=15}
[21:38:03] [Server thread/WARN]: [AIBot] PERCEPTION event=snapshot_slow bot=Bob {elapsed_ms=12}
[21:38:03] [Server thread/WARN]: [AIBot] PERCEPTION event=snapshot_slow bot=Bob {elapsed_ms=17}
[21:38:03] [Server thread/INFO]: [AIBot] ACTION event=capability_decision bot=Bob {reason=DENIED_STRICT_SURVIVAL, allowed=false, profile=strict_survival, capability=HIDDEN_BLOCK_SCAN, context=observable_entity_query}
[21:38:03] [Server thread/INFO]: [AIBot] ACTION event=diag_snapshot bot=Bob {fall=0.0, held=minecraft:oak_planksx7, task_state=COMPLETED, submerged=false, light=13, step=, in_lava=false, task_phase=ESCAPE, goal=none, task_progress=1.0, task=creeper_defense, mode=survival, air=300, food=17, path_idle=true, inv=minecraft:crafting_tablex1 minecraft:oak_planksx7, nearby=animals=0 hostiles=0, mining_idle=true, hp=2.0/20.0, on_ground=true, pos=18,112,44}
[21:38:04] [Server thread/WARN]: [AIBot] PERCEPTION event=snapshot_slow bot=Bob {elapsed_ms=14}
[21:38:04] [Server thread/INFO]: [AIBot] ACTION event=capability_decision bot=Bob {reason=DENIED_STRICT_SURVIVAL, allowed=false, profile=strict_survival, capability=HIDDEN_BLOCK_SCAN, context=observable_block_query}
[21:38:04] [Server thread/INFO]: [AIBot] ACTION event=capability_decision bot=Bob {reason=DENIED_STRICT_SURVIVAL, allowed=false, profile=strict_survival, capability=HIDDEN_BLOCK_SCAN, context=perception_snapshot}
[21:38:04] [Server thread/WARN]: [AIBot] PERCEPTION event=snapshot_slow bot=Bob {elapsed_ms=17}
[21:38:05] [Server thread/WARN]: [AIBot] PERCEPTION event=snapshot_slow bot=Bob {elapsed_ms=11}
[21:38:05] [Server thread/WARN]: [AIBot] PERCEPTION event=snapshot_slow bot=Bob {elapsed_ms=15}
[21:38:05] [Server thread/INFO]: [AIBot] ACTION event=capability_decision bot=Bob {reason=DENIED_STRICT_SURVIVAL, allowed=false, profile=strict_survival, capability=HIDDEN_BLOCK_SCAN, context=diagnostic_nearby}
[21:38:05] [Server thread/INFO]: [AIBot] ACTION event=diag_snapshot bot=Bob {fall=0.0, held=minecraft:oak_planksx7, task_state=COMPLETED, submerged=false, light=13, step=, in_lava=false, task_phase=ESCAPE, goal=none, task_progress=1.0, task=creeper_defense, mode=survival, air=300, food=17, path_idle=true, inv=minecraft:crafting_tablex1 minecraft:oak_planksx7, nearby=animals=0 hostiles=0, mining_idle=true, hp=2.0/20.0, on_ground=true, pos=18,112,44}
[21:38:06] [Server thread/WARN]: [AIBot] PERCEPTION event=snapshot_slow bot=Bob {elapsed_ms=12}
[21:38:06] [Server thread/WARN]: [AIBot] PERCEPTION event=snapshot_slow bot=Bob {elapsed_ms=12}
[21:38:07] [Server thread/WARN]: [AIBot] PERCEPTION event=snapshot_slow bot=Bob {elapsed_ms=13}
[21:38:07] [Server thread/WARN]: [AIBot] PERCEPTION event=snapshot_slow bot=Bob {elapsed_ms=12}
[21:38:07] [Server thread/INFO]: [AIBot] ACTION event=diag_snapshot bot=Bob {fall=0.0, held=minecraft:oak_planksx7, task_state=COMPLETED, submerged=false, light=13, step=, in_lava=false, task_phase=ESCAPE, goal=none, task_progress=1.0, task=creeper_defense, mode=survival, air=300, food=17, path_idle=true, inv=minecraft:crafting_tablex1 minecraft:oak_planksx7, nearby=animals=0 hostiles=0, mining_idle=true, hp=2.0/20.0, on_ground=true, pos=18,112,44}
[21:38:08] [Server thread/WARN]: [AIBot] PERCEPTION event=snapshot_slow bot=Bob {elapsed_ms=13}
[21:38:09] [Server thread/INFO]: [AIBot] ACTION event=capability_decision bot=Bob {reason=DENIED_STRICT_SURVIVAL, allowed=false, profile=strict_survival, capability=HIDDEN_BLOCK_SCAN, context=observable_block_query}
[21:38:09] [Server thread/INFO]: [AIBot] ACTION event=capability_decision bot=Bob {reason=DENIED_STRICT_SURVIVAL, allowed=false, profile=strict_survival, capability=HIDDEN_BLOCK_SCAN, context=perception_snapshot}
[21:38:09] [Server thread/WARN]: [AIBot] PERCEPTION event=snapshot_slow bot=Bob {elapsed_ms=19}
[21:38:09] [Server thread/INFO]: [AIBot] ACTION event=capability_decision bot=Bob {reason=DENIED_STRICT_SURVIVAL, allowed=false, profile=strict_survival, capability=HIDDEN_BLOCK_SCAN, context=observable_entity_query}
[21:38:09] [Server thread/INFO]: [AIBot] ACTION event=diag_snapshot bot=Bob {fall=0.0, held=minecraft:oak_planksx7, task_state=COMPLETED, submerged=false, light=13, step=, in_lava=false, task_phase=ESCAPE, goal=none, task_progress=1.0, task=creeper_defense, mode=survival, air=300, food=17, path_idle=true, inv=minecraft:crafting_tablex1 minecraft:oak_planksx7, nearby=animals=0 hostiles=0, mining_idle=true, hp=2.0/20.0, on_ground=true, pos=18,112,44}
[21:38:10] [Server thread/WARN]: [AIBot] PERCEPTION event=snapshot_slow bot=Bob {elapsed_ms=24}
[21:38:10] [Server thread/INFO]: [AIBot] ACTION event=capability_decision bot=Bob {reason=DENIED_STRICT_SURVIVAL, allowed=false, profile=strict_survival, capability=EMERGENCY_TELEPORT, context=danger_dark_trap_surface}
[21:38:10] [Server thread/WARN]: [AIBot] PERCEPTION event=snapshot_slow bot=Bob {elapsed_ms=20}
[21:38:11] [Server thread/WARN]: [AIBot] PERCEPTION event=snapshot_slow bot=Bob {elapsed_ms=20}
[21:38:11] [Server thread/WARN]: [AIBot] PERCEPTION event=snapshot_slow bot=Bob {elapsed_ms=22}
[21:38:11] [Server thread/INFO]: [AIBot] ACTION event=capability_decision bot=Bob {reason=DENIED_STRICT_SURVIVAL, allowed=false, profile=strict_survival, capability=HIDDEN_BLOCK_SCAN, context=diagnostic_nearby}
[21:38:11] [Server thread/INFO]: [AIBot] ACTION event=diag_snapshot bot=Bob {fall=0.0, held=minecraft:oak_planksx7, task_state=COMPLETED, submerged=false, light=13, step=, in_lava=false, task_phase=ESCAPE, goal=none, task_progress=1.0, task=creeper_defense, mode=survival, air=300, food=17, path_idle=true, inv=minecraft:crafting_tablex1 minecraft:oak_planksx7, nearby=animals=0 hostiles=0, mining_idle=true, hp=2.0/20.0, on_ground=true, pos=18,112,44}
[21:38:12] [Server thread/WARN]: [AIBot] PERCEPTION event=snapshot_slow bot=Bob {elapsed_ms=22}
[21:38:12] [Server thread/WARN]: [AIBot] PERCEPTION event=snapshot_slow bot=Bob {elapsed_ms=18}
[21:38:13] [Server thread/WARN]: [AIBot] PERCEPTION event=snapshot_slow bot=Bob {elapsed_ms=23}
[21:38:13] [Server thread/WARN]: [AIBot] PERCEPTION event=snapshot_slow bot=Bob {elapsed_ms=13}
[21:38:13] [Server thread/INFO]: [AIBot] ACTION event=diag_snapshot bot=Bob {fall=0.0, held=minecraft:oak_planksx7, task_state=COMPLETED, submerged=false, light=13, step=, in_lava=false, task_phase=ESCAPE, goal=none, task_progress=1.0, task=creeper_defense, mode=survival, air=300, food=17, path_idle=true, inv=minecraft:crafting_tablex1 minecraft:oak_planksx7, nearby=animals=0 hostiles=0, mining_idle=true, hp=2.0/20.0, on_ground=true, pos=18,112,44}
[21:38:14] [Server thread/WARN]: [AIBot] PERCEPTION event=snapshot_slow bot=Bob {elapsed_ms=13}
[21:38:14] [Server thread/INFO]: [AIBot] ACTION event=capability_decision bot=Bob {reason=DENIED_STRICT_SURVIVAL, allowed=false, profile=strict_survival, capability=HIDDEN_BLOCK_SCAN, context=observable_block_query}
[21:38:14] [Server thread/INFO]: [AIBot] ACTION event=capability_decision bot=Bob {reason=DENIED_STRICT_SURVIVAL, allowed=false, profile=strict_survival, capability=HIDDEN_BLOCK_SCAN, context=perception_snapshot}
[21:38:14] [Server thread/WARN]: [AIBot] PERCEPTION event=snapshot_slow bot=Bob {elapsed_ms=12}
[21:38:15] [Server thread/WARN]: [AIBot] PERCEPTION event=snapshot_slow bot=Bob {elapsed_ms=12}
[21:38:15] [Server thread/WARN]: [AIBot] PERCEPTION event=snapshot_slow bot=Bob {elapsed_ms=15}
[21:38:15] [Server thread/INFO]: [AIBot] ACTION event=diag_snapshot bot=Bob {fall=0.0, held=minecraft:oak_planksx7, task_state=COMPLETED, submerged=false, light=12, step=, in_lava=false, task_phase=ESCAPE, goal=none, task_progress=1.0, task=creeper_defense, mode=survival, air=300, food=17, path_idle=true, inv=minecraft:crafting_tablex1 minecraft:oak_planksx7, nearby=animals=0 hostiles=0, mining_idle=true, hp=2.0/20.0, on_ground=true, pos=18,112,44}
[21:38:16] [Server thread/WARN]: [AIBot] PERCEPTION event=snapshot_slow bot=Bob {elapsed_ms=14}
[21:38:16] [Server thread/WARN]: [AIBot] PERCEPTION event=snapshot_slow bot=Bob {elapsed_ms=13}
[21:38:17] [Server thread/WARN]: [AIBot] PERCEPTION event=snapshot_slow bot=Bob {elapsed_ms=14}
[21:38:17] [Server thread/WARN]: [AIBot] PERCEPTION event=snapshot_slow bot=Bob {elapsed_ms=12}
[21:38:17] [Server thread/INFO]: [AIBot] ACTION event=capability_decision bot=Bob {reason=DENIED_STRICT_SURVIVAL, allowed=false, profile=strict_survival, capability=HIDDEN_BLOCK_SCAN, context=diagnostic_nearby}
[21:38:17] [Server thread/INFO]: [AIBot] ACTION event=diag_snapshot bot=Bob {fall=0.0, held=minecraft:oak_planksx7, task_state=COMPLETED, submerged=false, light=12, step=, in_lava=false, task_phase=ESCAPE, goal=none, task_progress=1.0, task=creeper_defense, mode=survival, air=300, food=17, path_idle=true, inv=minecraft:crafting_tablex1 minecraft:oak_planksx7, nearby=animals=0 hostiles=0, mining_idle=true, hp=2.0/20.0, on_ground=true, pos=18,112,44}
[21:38:18] [Server thread/WARN]: [AIBot] PERCEPTION event=snapshot_slow bot=Bob {elapsed_ms=11}
[21:38:18] [Server thread/INFO]: [AIBot] ACTION event=capability_decision bot=Bob {reason=DENIED_STRICT_SURVIVAL, allowed=false, profile=strict_survival, capability=EMERGENCY_TELEPORT, context=danger_dark_trap_surface}
[21:38:18] [Server thread/WARN]: [AIBot] PERCEPTION event=snapshot_slow bot=Bob {elapsed_ms=11}
[21:38:19] [Server thread/WARN]: [AIBot] PERCEPTION event=snapshot_slow bot=Bob {elapsed_ms=11}
[21:38:19] [Server thread/INFO]: [AIBot] ACTION event=capability_decision bot=Bob {reason=DENIED_STRICT_SURVIVAL, allowed=false, profile=strict_survival, capability=HIDDEN_BLOCK_SCAN, context=observable_block_query}
[21:38:19] [Server thread/INFO]: [AIBot] ACTION event=capability_decision bot=Bob {reason=DENIED_STRICT_SURVIVAL, allowed=false, profile=strict_survival, capability=HIDDEN_BLOCK_SCAN, context=perception_snapshot}
[21:38:19] [Server thread/WARN]: [AIBot] PERCEPTION event=snapshot_slow bot=Bob {elapsed_ms=16}
[21:38:19] [Server thread/INFO]: [AIBot] ACTION event=diag_snapshot bot=Bob {fall=0.0, held=minecraft:oak_planksx7, task_state=COMPLETED, submerged=false, light=12, step=, in_lava=false, task_phase=ESCAPE, goal=none, task_progress=1.0, task=creeper_defense, mode=survival, air=300, food=17, path_idle=true, inv=minecraft:crafting_tablex1 minecraft:oak_planksx7, nearby=animals=0 hostiles=0, mining_idle=true, hp=2.0/20.0, on_ground=true, pos=18,112,44}
[21:38:20] [Server thread/WARN]: [AIBot] PERCEPTION event=snapshot_slow bot=Bob {elapsed_ms=15}
[21:38:20] [Server thread/WARN]: [AIBot] PERCEPTION event=snapshot_slow bot=Bob {elapsed_ms=11}
[21:38:21] [Server thread/WARN]: [AIBot] PERCEPTION event=snapshot_slow bot=Bob {elapsed_ms=11}
[21:38:21] [Server thread/WARN]: [AIBot] PERCEPTION event=snapshot_slow bot=Bob {elapsed_ms=12}
[21:38:21] [Server thread/INFO]: [AIBot] ACTION event=diag_snapshot bot=Bob {fall=0.0, held=minecraft:oak_planksx7, task_state=COMPLETED, submerged=false, light=12, step=, in_lava=false, task_phase=ESCAPE, goal=none, task_progress=1.0, task=creeper_defense, mode=survival, air=300, food=17, path_idle=true, inv=minecraft:crafting_tablex1 minecraft:oak_planksx7, nearby=animals=0 hostiles=0, mining_idle=true, hp=2.0/20.0, on_ground=true, pos=18,112,44}
[21:38:22] [Server thread/WARN]: [AIBot] PERCEPTION event=snapshot_slow bot=Bob {elapsed_ms=13}
[21:38:22] [Server thread/WARN]: [AIBot] PERCEPTION event=snapshot_slow bot=Bob {elapsed_ms=17}
[21:38:23] [Server thread/WARN]: [AIBot] PERCEPTION event=snapshot_slow bot=Bob {elapsed_ms=15}
[21:38:23] [Server thread/WARN]: [AIBot] PERCEPTION event=snapshot_slow bot=Bob {elapsed_ms=12}
[21:38:23] [Server thread/INFO]: [AIBot] ACTION event=capability_decision bot=Bob {reason=DENIED_STRICT_SURVIVAL, allowed=false, profile=strict_survival, capability=HIDDEN_BLOCK_SCAN, context=diagnostic_nearby}
[21:38:23] [Server thread/INFO]: [AIBot] ACTION event=diag_snapshot bot=Bob {fall=0.0, held=minecraft:oak_planksx7, task_state=COMPLETED, submerged=false, light=11, step=, in_lava=false, task_phase=ESCAPE, goal=none, task_progress=1.0, task=creeper_defense, mode=survival, air=300, food=17, path_idle=true, inv=minecraft:crafting_tablex1 minecraft:oak_planksx7, nearby=animals=0 hostiles=0, mining_idle=true, hp=2.0/20.0, on_ground=true, pos=18,112,44}
[21:38:24] [Server thread/WARN]: [AIBot] PERCEPTION event=snapshot_slow bot=Bob {elapsed_ms=12}
[21:38:24] [Server thread/INFO]: [AIBot] ACTION event=capability_decision bot=Bob {reason=DENIED_STRICT_SURVIVAL, allowed=false, profile=strict_survival, capability=HIDDEN_BLOCK_SCAN, context=observable_block_query}
[21:38:24] [Server thread/INFO]: [AIBot] ACTION event=capability_decision bot=Bob {reason=DENIED_STRICT_SURVIVAL, allowed=false, profile=strict_survival, capability=HIDDEN_BLOCK_SCAN, context=perception_snapshot}
[21:38:24] [Server thread/WARN]: [AIBot] PERCEPTION event=snapshot_slow bot=Bob {elapsed_ms=11}
[21:38:25] [Server thread/WARN]: [AIBot] PERCEPTION event=snapshot_slow bot=Bob {elapsed_ms=12}
[21:38:25] [Server thread/WARN]: [AIBot] PERCEPTION event=snapshot_slow bot=Bob {elapsed_ms=12}
[21:38:25] [Server thread/INFO]: [AIBot] ACTION event=diag_snapshot bot=Bob {fall=0.0, held=minecraft:oak_planksx7, task_state=COMPLETED, submerged=false, light=11, step=, in_lava=false, task_phase=ESCAPE, goal=none, task_progress=1.0, task=creeper_defense, mode=survival, air=300, food=17, path_idle=true, inv=minecraft:crafting_tablex1 minecraft:oak_planksx7, nearby=animals=0 hostiles=0, mining_idle=true, hp=2.0/20.0, on_ground=true, pos=18,112,44}
[21:38:26] [Server thread/WARN]: [AIBot] PERCEPTION event=snapshot_slow bot=Bob {elapsed_ms=15}
[21:38:26] [Server thread/INFO]: [AIBot] ACTION event=capability_decision bot=Bob {reason=DENIED_STRICT_SURVIVAL, allowed=false, profile=strict_survival, capability=EMERGENCY_TELEPORT, context=danger_dark_trap_surface}
[21:38:26] [Server thread/WARN]: [AIBot] PERCEPTION event=snapshot_slow bot=Bob {elapsed_ms=12}
[21:38:27] [Server thread/WARN]: [AIBot] PERCEPTION event=snapshot_slow bot=Bob {elapsed_ms=11}
[21:38:27] [Server thread/WARN]: [AIBot] PERCEPTION event=snapshot_slow bot=Bob {elapsed_ms=15}
[21:38:27] [Server thread/INFO]: [AIBot] ACTION event=diag_snapshot bot=Bob {fall=0.0, held=minecraft:oak_planksx7, task_state=COMPLETED, submerged=false, light=11, step=, in_lava=false, task_phase=ESCAPE, goal=none, task_progress=1.0, task=creeper_defense, mode=survival, air=300, food=17, path_idle=true, inv=minecraft:crafting_tablex1 minecraft:oak_planksx7, nearby=animals=0 hostiles=0, mining_idle=true, hp=2.0/20.0, on_ground=true, pos=18,112,44}
[21:38:28] [Server thread/WARN]: [AIBot] PERCEPTION event=snapshot_slow bot=Bob {elapsed_ms=16}
[21:38:28] [Server thread/WARN]: [AIBot] PERCEPTION event=snapshot_slow bot=Bob {elapsed_ms=12}
[21:38:29] [Server thread/WARN]: [AIBot] PERCEPTION event=snapshot_slow bot=Bob {elapsed_ms=13}
[21:38:29] [Server thread/INFO]: [AIBot] ACTION event=capability_decision bot=Bob {reason=DENIED_STRICT_SURVIVAL, allowed=false, profile=strict_survival, capability=HIDDEN_BLOCK_SCAN, context=observable_block_query}
[21:38:29] [Server thread/INFO]: [AIBot] ACTION event=capability_decision bot=Bob {reason=DENIED_STRICT_SURVIVAL, allowed=false, profile=strict_survival, capability=HIDDEN_BLOCK_SCAN, context=perception_snapshot}
[21:38:29] [Server thread/WARN]: [AIBot] PERCEPTION event=snapshot_slow bot=Bob {elapsed_ms=15}
[21:38:29] [Server thread/INFO]: [AIBot] ACTION event=capability_decision bot=Bob {reason=DENIED_STRICT_SURVIVAL, allowed=false, profile=strict_survival, capability=HIDDEN_BLOCK_SCAN, context=diagnostic_nearby}
[21:38:29] [Server thread/INFO]: [AIBot] ACTION event=diag_snapshot bot=Bob {fall=0.0, held=minecraft:oak_planksx7, task_state=COMPLETED, submerged=false, light=11, step=, in_lava=false, task_phase=ESCAPE, goal=none, task_progress=1.0, task=creeper_defense, mode=survival, air=300, food=17, path_idle=true, inv=minecraft:crafting_tablex1 minecraft:oak_planksx7, nearby=animals=0 hostiles=0, mining_idle=true, hp=2.0/20.0, on_ground=true, pos=18,112,44}
[21:38:30] [Server thread/WARN]: [AIBot] PERCEPTION event=snapshot_slow bot=Bob {elapsed_ms=14}
[21:38:30] [Server thread/WARN]: [AIBot] PERCEPTION event=snapshot_slow bot=Bob {elapsed_ms=14}
[21:38:31] [Server thread/WARN]: [AIBot] PERCEPTION event=snapshot_slow bot=Bob {elapsed_ms=11}
[21:38:31] [Server thread/WARN]: [AIBot] PERCEPTION event=snapshot_slow bot=Bob {elapsed_ms=13}
[21:38:31] [Server thread/INFO]: [AIBot] ACTION event=diag_snapshot bot=Bob {fall=0.0, held=minecraft:oak_planksx7, task_state=COMPLETED, submerged=false, light=10, step=, in_lava=false, task_phase=ESCAPE, goal=none, task_progress=1.0, task=creeper_defense, mode=survival, air=300, food=17, path_idle=true, inv=minecraft:crafting_tablex1 minecraft:oak_planksx7, nearby=animals=0 hostiles=0, mining_idle=true, hp=2.0/20.0, on_ground=true, pos=18,112,44}
[21:38:32] [Server thread/WARN]: [AIBot] PERCEPTION event=snapshot_slow bot=Bob {elapsed_ms=11}
[21:38:32] [Server thread/WARN]: [AIBot] PERCEPTION event=snapshot_slow bot=Bob {elapsed_ms=12}
[21:38:33] [Server thread/WARN]: [AIBot] PERCEPTION event=snapshot_slow bot=Bob {elapsed_ms=12}
[21:38:33] [Server thread/WARN]: [AIBot] PERCEPTION event=snapshot_slow bot=Bob {elapsed_ms=12}
[21:38:33] [Server thread/INFO]: [AIBot] ACTION event=diag_snapshot bot=Bob {fall=0.0, held=minecraft:oak_planksx7, task_state=COMPLETED, submerged=false, light=10, step=, in_lava=false, task_phase=ESCAPE, goal=none, task_progress=1.0, task=creeper_defense, mode=survival, air=300, food=17, path_idle=true, inv=minecraft:crafting_tablex1 minecraft:oak_planksx7, nearby=animals=0 hostiles=0, mining_idle=true, hp=2.0/20.0, on_ground=true, pos=18,112,44}
[21:38:34] [Server thread/WARN]: [AIBot] PERCEPTION event=snapshot_slow bot=Bob {elapsed_ms=12}
[21:38:34] [Server thread/INFO]: [AIBot] ACTION event=capability_decision bot=Bob {reason=DENIED_STRICT_SURVIVAL, allowed=false, profile=strict_survival, capability=EMERGENCY_TELEPORT, context=danger_dark_trap_surface}
[21:38:34] [Server thread/INFO]: [AIBot] ACTION event=capability_decision bot=Bob {reason=DENIED_STRICT_SURVIVAL, allowed=false, profile=strict_survival, capability=HIDDEN_BLOCK_SCAN, context=observable_block_query}
[21:38:34] [Server thread/INFO]: [AIBot] ACTION event=capability_decision bot=Bob {reason=DENIED_STRICT_SURVIVAL, allowed=false, profile=strict_survival, capability=HIDDEN_BLOCK_SCAN, context=perception_snapshot}
[21:38:34] [Server thread/WARN]: [AIBot] PERCEPTION event=snapshot_slow bot=Bob {elapsed_ms=12}
[21:38:35] [Server thread/WARN]: [AIBot] PERCEPTION event=snapshot_slow bot=Bob {elapsed_ms=14}
[21:38:35] [Server thread/WARN]: [AIBot] PERCEPTION event=snapshot_slow bot=Bob {elapsed_ms=12}
[21:38:35] [Server thread/INFO]: [AIBot] ACTION event=capability_decision bot=Bob {reason=DENIED_STRICT_SURVIVAL, allowed=false, profile=strict_survival, capability=HIDDEN_BLOCK_SCAN, context=diagnostic_nearby}
[21:38:35] [Server thread/INFO]: [AIBot] ACTION event=diag_snapshot bot=Bob {fall=0.0, held=minecraft:oak_planksx7, task_state=COMPLETED, submerged=false, light=10, step=, in_lava=false, task_phase=ESCAPE, goal=none, task_progress=1.0, task=creeper_defense, mode=survival, air=300, food=17, path_idle=true, inv=minecraft:crafting_tablex1 minecraft:oak_planksx7, nearby=animals=0 hostiles=0, mining_idle=true, hp=2.0/20.0, on_ground=true, pos=18,112,44}
[21:38:36] [Server thread/WARN]: [AIBot] PERCEPTION event=snapshot_slow bot=Bob {elapsed_ms=15}
[21:38:36] [Server thread/WARN]: [AIBot] PERCEPTION event=snapshot_slow bot=Bob {elapsed_ms=15}
[21:38:37] [Server thread/WARN]: [AIBot] PERCEPTION event=snapshot_slow bot=Bob {elapsed_ms=12}
[21:38:37] [Server thread/WARN]: [AIBot] PERCEPTION event=snapshot_slow bot=Bob {elapsed_ms=16}
[21:38:37] [Server thread/INFO]: [AIBot] ACTION event=diag_snapshot bot=Bob {fall=0.0, held=minecraft:oak_planksx7, task_state=COMPLETED, submerged=false, light=10, step=, in_lava=false, task_phase=ESCAPE, goal=none, task_progress=1.0, task=creeper_defense, mode=survival, air=300, food=17, path_idle=true, inv=minecraft:crafting_tablex1 minecraft:oak_planksx7, nearby=animals=0 hostiles=0, mining_idle=true, hp=2.0/20.0, on_ground=true, pos=18,112,44}
[21:38:38] [Server thread/WARN]: [AIBot] PERCEPTION event=snapshot_slow bot=Bob {elapsed_ms=13}
[21:38:38] [Server thread/WARN]: [AIBot] PERCEPTION event=snapshot_slow bot=Bob {elapsed_ms=14}
[21:38:39] [Server thread/WARN]: [AIBot] PERCEPTION event=snapshot_slow bot=Bob {elapsed_ms=13}
[21:38:39] [Server thread/INFO]: [AIBot] LIFECYCLE event=mixin_alive bot=- {server_tick=12000}
[21:38:39] [Server thread/INFO]: [AIBot] ACTION event=capability_decision bot=Bob {reason=DENIED_STRICT_SURVIVAL, allowed=false, profile=strict_survival, capability=HIDDEN_BLOCK_SCAN, context=observable_block_query}
[21:38:39] [Server thread/INFO]: [AIBot] ACTION event=capability_decision bot=Bob {reason=DENIED_STRICT_SURVIVAL, allowed=false, profile=strict_survival, capability=HIDDEN_BLOCK_SCAN, context=perception_snapshot}
[21:38:39] [Server thread/WARN]: [AIBot] PERCEPTION event=snapshot_slow bot=Bob {elapsed_ms=20}
[21:38:39] [Server thread/INFO]: [AIBot] ACTION event=diag_snapshot bot=Bob {fall=0.0, held=minecraft:oak_planksx7, task_state=COMPLETED, submerged=false, light=9, step=, in_lava=false, task_phase=ESCAPE, goal=none, task_progress=1.0, task=creeper_defense, mode=survival, air=300, food=17, path_idle=true, inv=minecraft:crafting_tablex1 minecraft:oak_planksx7, nearby=animals=0 hostiles=0, mining_idle=true, hp=2.0/20.0, on_ground=true, pos=18,112,44}
[21:38:40] [Server thread/WARN]: [AIBot] PERCEPTION event=snapshot_slow bot=Bob {elapsed_ms=11}
[21:38:40] [AIBotPersistenceWriter/INFO]: [AIBot] LIFECYCLE event=runtime_persist_saved bot=- {schema=1, jobs=0, bots=1, path=.\world\.\aibot\runtime.json, atomic_move=true}
[21:38:40] [Server thread/WARN]: [AIBot] PERCEPTION event=snapshot_slow bot=Bob {elapsed_ms=13}
[21:38:41] [Server thread/WARN]: [AIBot] PERCEPTION event=snapshot_slow bot=Bob {elapsed_ms=17}
[21:38:41] [Server thread/WARN]: [AIBot] PERCEPTION event=snapshot_slow bot=Bob {elapsed_ms=14}
[21:38:41] [Server thread/INFO]: [AIBot] ACTION event=capability_decision bot=Bob {reason=DENIED_STRICT_SURVIVAL, allowed=false, profile=strict_survival, capability=HIDDEN_BLOCK_SCAN, context=diagnostic_nearby}
[21:38:41] [Server thread/INFO]: [AIBot] ACTION event=diag_snapshot bot=Bob {fall=0.0, held=minecraft:oak_planksx7, task_state=COMPLETED, submerged=false, light=9, step=, in_lava=false, task_phase=ESCAPE, goal=none, task_progress=1.0, task=creeper_defense, mode=survival, air=300, food=17, path_idle=true, inv=minecraft:crafting_tablex1 minecraft:oak_planksx7, nearby=animals=0 hostiles=0, mining_idle=true, hp=2.0/20.0, on_ground=true, pos=18,112,44}
[21:38:42] [Server thread/WARN]: [AIBot] PERCEPTION event=snapshot_slow bot=Bob {elapsed_ms=13}
[21:38:42] [Server thread/INFO]: [AIBot] ACTION event=capability_decision bot=Bob {reason=DENIED_STRICT_SURVIVAL, allowed=false, profile=strict_survival, capability=EMERGENCY_TELEPORT, context=danger_dark_trap_surface}
[21:38:42] [Server thread/WARN]: [AIBot] PERCEPTION event=snapshot_slow bot=Bob {elapsed_ms=14}
[21:38:43] [Server thread/WARN]: [AIBot] PERCEPTION event=snapshot_slow bot=Bob {elapsed_ms=13}
[21:38:43] [Server thread/INFO]: [AIBot] ACTION event=diag_snapshot bot=Bob {fall=0.0, held=minecraft:oak_planksx7, task_state=COMPLETED, submerged=false, light=9, step=, in_lava=false, task_phase=ESCAPE, goal=none, task_progress=1.0, task=creeper_defense, mode=survival, air=300, food=17, path_idle=true, inv=minecraft:crafting_tablex1 minecraft:oak_planksx7, nearby=animals=0 hostiles=0, mining_idle=true, hp=2.0/20.0, on_ground=true, pos=18,112,44}
[21:38:44] [Server thread/WARN]: [AIBot] PERCEPTION event=snapshot_slow bot=Bob {elapsed_ms=16}
[21:38:44] [Server thread/INFO]: [AIBot] ACTION event=capability_decision bot=Bob {reason=DENIED_STRICT_SURVIVAL, allowed=false, profile=strict_survival, capability=HIDDEN_BLOCK_SCAN, context=observable_block_query}
[21:38:44] [Server thread/INFO]: [AIBot] ACTION event=capability_decision bot=Bob {reason=DENIED_STRICT_SURVIVAL, allowed=false, profile=strict_survival, capability=HIDDEN_BLOCK_SCAN, context=perception_snapshot}
[21:38:44] [Server thread/WARN]: [AIBot] PERCEPTION event=snapshot_slow bot=Bob {elapsed_ms=15}
[21:38:45] [Server thread/WARN]: [AIBot] PERCEPTION event=snapshot_slow bot=Bob {elapsed_ms=17}
[21:38:45] [Server thread/WARN]: [AIBot] PERCEPTION event=snapshot_slow bot=Bob {elapsed_ms=12}
[21:38:45] [Server thread/INFO]: [AIBot] ACTION event=diag_snapshot bot=Bob {fall=0.0, held=minecraft:oak_planksx7, task_state=COMPLETED, submerged=false, light=9, step=, in_lava=false, task_phase=ESCAPE, goal=none, task_progress=1.0, task=creeper_defense, mode=survival, air=300, food=17, path_idle=true, inv=minecraft:crafting_tablex1 minecraft:oak_planksx7, nearby=animals=0 hostiles=0, mining_idle=true, hp=2.0/20.0, on_ground=true, pos=18,112,44}
[21:38:46] [Server thread/WARN]: [AIBot] PERCEPTION event=snapshot_slow bot=Bob {elapsed_ms=11}
[21:38:46] [Server thread/WARN]: [AIBot] PERCEPTION event=snapshot_slow bot=Bob {elapsed_ms=13}
[21:38:47] [Server thread/WARN]: [AIBot] PERCEPTION event=snapshot_slow bot=Bob {elapsed_ms=13}
[21:38:47] [Server thread/WARN]: [AIBot] PERCEPTION event=snapshot_slow bot=Bob {elapsed_ms=17}
[21:38:47] [Server thread/INFO]: [AIBot] ACTION event=capability_decision bot=Bob {reason=DENIED_STRICT_SURVIVAL, allowed=false, profile=strict_survival, capability=HIDDEN_BLOCK_SCAN, context=diagnostic_nearby}
[21:38:47] [Server thread/INFO]: [AIBot] ACTION event=diag_snapshot bot=Bob {fall=0.0, held=minecraft:oak_planksx7, task_state=COMPLETED, submerged=false, light=9, step=, in_lava=false, task_phase=ESCAPE, goal=none, task_progress=1.0, task=creeper_defense, mode=survival, air=300, food=17, path_idle=true, inv=minecraft:crafting_tablex1 minecraft:oak_planksx7, nearby=animals=0 hostiles=0, mining_idle=true, hp=2.0/20.0, on_ground=true, pos=18,112,44}
[21:38:48] [Server thread/WARN]: [AIBot] PERCEPTION event=snapshot_slow bot=Bob {elapsed_ms=12}
[21:38:48] [Server thread/WARN]: [AIBot] PERCEPTION event=snapshot_slow bot=Bob {elapsed_ms=13}
[21:38:49] [Server thread/WARN]: [AIBot] PERCEPTION event=snapshot_slow bot=Bob {elapsed_ms=15}
[21:38:49] [Server thread/INFO]: Villager class_1646['Villager'/1, l='ServerLevel[world]', x=31.30, y=105.16, z=-57.09] died, message: 'Villager was slain by Zombie'
[21:38:49] [Server thread/INFO]: [AIBot] ACTION event=capability_decision bot=Bob {reason=DENIED_STRICT_SURVIVAL, allowed=false, profile=strict_survival, capability=HIDDEN_BLOCK_SCAN, context=observable_block_query}
[21:38:49] [Server thread/INFO]: [AIBot] ACTION event=capability_decision bot=Bob {reason=DENIED_STRICT_SURVIVAL, allowed=false, profile=strict_survival, capability=HIDDEN_BLOCK_SCAN, context=perception_snapshot}
[21:38:49] [Server thread/WARN]: [AIBot] PERCEPTION event=snapshot_slow bot=Bob {elapsed_ms=11}
[21:38:49] [Server thread/INFO]: [AIBot] ACTION event=diag_snapshot bot=Bob {fall=0.0, held=minecraft:oak_planksx7, task_state=COMPLETED, submerged=false, light=8, step=, in_lava=false, task_phase=ESCAPE, goal=none, task_progress=1.0, task=creeper_defense, mode=survival, air=300, food=17, path_idle=true, inv=minecraft:crafting_tablex1 minecraft:oak_planksx7, nearby=animals=0 hostiles=0, mining_idle=true, hp=2.0/20.0, on_ground=true, pos=18,112,44}
[21:38:50] [Server thread/WARN]: [AIBot] PERCEPTION event=snapshot_slow bot=Bob {elapsed_ms=11}
[21:38:50] [Server thread/INFO]: [AIBot] ACTION event=capability_decision bot=Bob {reason=DENIED_STRICT_SURVIVAL, allowed=false, profile=strict_survival, capability=EMERGENCY_TELEPORT, context=danger_dark_trap_surface}
[21:38:50] [Server thread/WARN]: [AIBot] PERCEPTION event=snapshot_slow bot=Bob {elapsed_ms=15}
[21:38:51] [Server thread/WARN]: [AIBot] PERCEPTION event=snapshot_slow bot=Bob {elapsed_ms=11}
[21:38:51] [Server thread/WARN]: [AIBot] PERCEPTION event=snapshot_slow bot=Bob {elapsed_ms=15}
[21:38:51] [Server thread/INFO]: [AIBot] ACTION event=diag_snapshot bot=Bob {fall=0.0, held=minecraft:oak_planksx7, task_state=COMPLETED, submerged=false, light=8, step=, in_lava=false, task_phase=ESCAPE, goal=none, task_progress=1.0, task=creeper_defense, mode=survival, air=300, food=17, path_idle=true, inv=minecraft:crafting_tablex1 minecraft:oak_planksx7, nearby=animals=0 hostiles=0, mining_idle=true, hp=2.0/20.0, on_ground=true, pos=18,112,44}
[21:38:52] [Server thread/WARN]: [AIBot] PERCEPTION event=snapshot_slow bot=Bob {elapsed_ms=11}
[21:38:52] [Server thread/WARN]: [AIBot] PERCEPTION event=snapshot_slow bot=Bob {elapsed_ms=13}
[21:38:53] [Server thread/WARN]: [AIBot] PERCEPTION event=snapshot_slow bot=Bob {elapsed_ms=11}
[21:38:53] [Server thread/WARN]: [AIBot] PERCEPTION event=snapshot_slow bot=Bob {elapsed_ms=13}
[21:38:53] [Server thread/INFO]: [AIBot] ACTION event=capability_decision bot=Bob {reason=DENIED_STRICT_SURVIVAL, allowed=false, profile=strict_survival, capability=HIDDEN_BLOCK_SCAN, context=diagnostic_nearby}
[21:38:53] [Server thread/INFO]: [AIBot] ACTION event=diag_snapshot bot=Bob {fall=0.0, held=minecraft:oak_planksx7, task_state=COMPLETED, submerged=false, light=8, step=, in_lava=false, task_phase=ESCAPE, goal=none, task_progress=1.0, task=creeper_defense, mode=survival, air=300, food=17, path_idle=true, inv=minecraft:crafting_tablex1 minecraft:oak_planksx7, nearby=animals=0 hostiles=0, mining_idle=true, hp=2.0/20.0, on_ground=true, pos=18,112,44}
[21:38:54] [Server thread/WARN]: [AIBot] PERCEPTION event=snapshot_slow bot=Bob {elapsed_ms=12}
[21:38:54] [Server thread/INFO]: [AIBot] ACTION event=capability_decision bot=Bob {reason=DENIED_STRICT_SURVIVAL, allowed=false, profile=strict_survival, capability=HIDDEN_BLOCK_SCAN, context=observable_block_query}
[21:38:54] [Server thread/INFO]: [AIBot] ACTION event=capability_decision bot=Bob {reason=DENIED_STRICT_SURVIVAL, allowed=false, profile=strict_survival, capability=HIDDEN_BLOCK_SCAN, context=perception_snapshot}
[21:38:54] [Server thread/WARN]: [AIBot] PERCEPTION event=snapshot_slow bot=Bob {elapsed_ms=13}
[21:38:55] [Server thread/WARN]: [AIBot] PERCEPTION event=snapshot_slow bot=Bob {elapsed_ms=12}
[21:38:55] [Server thread/WARN]: [AIBot] PERCEPTION event=snapshot_slow bot=Bob {elapsed_ms=12}
[21:38:55] [Server thread/INFO]: [AIBot] ACTION event=diag_snapshot bot=Bob {fall=0.0, held=minecraft:oak_planksx7, task_state=COMPLETED, submerged=false, light=8, step=, in_lava=false, task_phase=ESCAPE, goal=none, task_progress=1.0, task=creeper_defense, mode=survival, air=300, food=17, path_idle=true, inv=minecraft:crafting_tablex1 minecraft:oak_planksx7, nearby=animals=0 hostiles=0, mining_idle=true, hp=2.0/20.0, on_ground=true, pos=18,112,44}
[21:38:56] [Server thread/WARN]: [AIBot] PERCEPTION event=snapshot_slow bot=Bob {elapsed_ms=13}
[21:38:56] [Server thread/WARN]: [AIBot] PERCEPTION event=snapshot_slow bot=Bob {elapsed_ms=12}
[21:38:57] [Server thread/WARN]: [AIBot] PERCEPTION event=snapshot_slow bot=Bob {elapsed_ms=14}
[21:38:57] [Server thread/WARN]: [AIBot] PERCEPTION event=snapshot_slow bot=Bob {elapsed_ms=15}
[21:38:57] [Server thread/INFO]: [AIBot] ACTION event=diag_snapshot bot=Bob {fall=0.0, held=minecraft:oak_planksx7, task_state=COMPLETED, submerged=false, light=7, step=, in_lava=false, task_phase=ESCAPE, goal=none, task_progress=1.0, task=creeper_defense, mode=survival, air=300, food=17, path_idle=true, inv=minecraft:crafting_tablex1 minecraft:oak_planksx7, nearby=animals=0 hostiles=0, mining_idle=true, hp=2.0/20.0, on_ground=true, pos=18,112,44}
[21:38:58] [Server thread/INFO]: [AIBot] ACTION event=capability_decision bot=Bob {reason=DENIED_STRICT_SURVIVAL, allowed=false, profile=strict_survival, capability=EMERGENCY_TELEPORT, context=danger_dark_trap_surface}
[21:38:58] [Server thread/WARN]: [AIBot] PERCEPTION event=snapshot_slow bot=Bob {elapsed_ms=13}
[21:38:59] [Server thread/WARN]: [AIBot] PERCEPTION event=snapshot_slow bot=Bob {elapsed_ms=17}
[21:38:59] [Server thread/INFO]: [AIBot] ACTION event=capability_decision bot=Bob {reason=DENIED_STRICT_SURVIVAL, allowed=false, profile=strict_survival, capability=HIDDEN_BLOCK_SCAN, context=observable_block_query}
[21:38:59] [Server thread/INFO]: [AIBot] ACTION event=capability_decision bot=Bob {reason=DENIED_STRICT_SURVIVAL, allowed=false, profile=strict_survival, capability=HIDDEN_BLOCK_SCAN, context=perception_snapshot}
[21:38:59] [Server thread/WARN]: [AIBot] PERCEPTION event=snapshot_slow bot=Bob {elapsed_ms=13}
[21:38:59] [Server thread/INFO]: [AIBot] ACTION event=capability_decision bot=Bob {reason=DENIED_STRICT_SURVIVAL, allowed=false, profile=strict_survival, capability=HIDDEN_BLOCK_SCAN, context=diagnostic_nearby}
[21:38:59] [Server thread/INFO]: [AIBot] ACTION event=diag_snapshot bot=Bob {fall=0.0, held=minecraft:oak_planksx7, task_state=COMPLETED, submerged=false, light=7, step=, in_lava=false, task_phase=ESCAPE, goal=none, task_progress=1.0, task=creeper_defense, mode=survival, air=300, food=17, path_idle=true, inv=minecraft:crafting_tablex1 minecraft:oak_planksx7, nearby=animals=0 hostiles=0, mining_idle=true, hp=2.0/20.0, on_ground=true, pos=18,112,44}
[21:39:00] [Server thread/WARN]: [AIBot] PERCEPTION event=snapshot_slow bot=Bob {elapsed_ms=18}
[21:39:00] [Server thread/WARN]: [AIBot] PERCEPTION event=snapshot_slow bot=Bob {elapsed_ms=14}
[21:39:01] [Server thread/WARN]: [AIBot] PERCEPTION event=snapshot_slow bot=Bob {elapsed_ms=13}
[21:39:01] [Server thread/WARN]: [AIBot] PERCEPTION event=snapshot_slow bot=Bob {elapsed_ms=18}
[21:39:01] [Server thread/INFO]: [AIBot] ACTION event=diag_snapshot bot=Bob {fall=0.0, held=minecraft:oak_planksx7, task_state=COMPLETED, submerged=false, light=7, step=, in_lava=false, task_phase=ESCAPE, goal=none, task_progress=1.0, task=creeper_defense, mode=survival, air=300, food=17, path_idle=true, inv=minecraft:crafting_tablex1 minecraft:oak_planksx7, nearby=animals=0 hostiles=0, mining_idle=true, hp=2.0/20.0, on_ground=true, pos=18,112,44}
[21:39:02] [Server thread/WARN]: [AIBot] PERCEPTION event=snapshot_slow bot=Bob {elapsed_ms=14}
[21:39:02] [Server thread/WARN]: [AIBot] PERCEPTION event=snapshot_slow bot=Bob {elapsed_ms=15}
[21:39:03] [Server thread/WARN]: [AIBot] PERCEPTION event=snapshot_slow bot=Bob {elapsed_ms=13}
[21:39:03] [Server thread/WARN]: [AIBot] PERCEPTION event=snapshot_slow bot=Bob {elapsed_ms=13}
[21:39:03] [Server thread/INFO]: [AIBot] ACTION event=diag_snapshot bot=Bob {fall=0.0, held=minecraft:oak_planksx7, task_state=COMPLETED, submerged=false, light=7, step=, in_lava=false, task_phase=ESCAPE, goal=none, task_progress=1.0, task=creeper_defense, mode=survival, air=300, food=17, path_idle=true, inv=minecraft:crafting_tablex1 minecraft:oak_planksx7, nearby=animals=0 hostiles=0, mining_idle=true, hp=2.0/20.0, on_ground=true, pos=18,112,44}
[21:39:04] [Server thread/WARN]: [AIBot] PERCEPTION event=snapshot_slow bot=Bob {elapsed_ms=13}
[21:39:04] [Server thread/INFO]: [AIBot] ACTION event=capability_decision bot=Bob {reason=DENIED_STRICT_SURVIVAL, allowed=false, profile=strict_survival, capability=HIDDEN_BLOCK_SCAN, context=observable_block_query}
[21:39:04] [Server thread/INFO]: [AIBot] ACTION event=capability_decision bot=Bob {reason=DENIED_STRICT_SURVIVAL, allowed=false, profile=strict_survival, capability=HIDDEN_BLOCK_SCAN, context=perception_snapshot}
[21:39:04] [Server thread/WARN]: [AIBot] PERCEPTION event=snapshot_slow bot=Bob {elapsed_ms=14}
[21:39:05] [Server thread/WARN]: [AIBot] PERCEPTION event=snapshot_slow bot=Bob {elapsed_ms=12}
[21:39:05] [Server thread/WARN]: [AIBot] PERCEPTION event=snapshot_slow bot=Bob {elapsed_ms=13}
[21:39:05] [Server thread/INFO]: [AIBot] ACTION event=capability_decision bot=Bob {reason=DENIED_STRICT_SURVIVAL, allowed=false, profile=strict_survival, capability=HIDDEN_BLOCK_SCAN, context=diagnostic_nearby}
[21:39:05] [Server thread/INFO]: [AIBot] ACTION event=diag_snapshot bot=Bob {fall=0.0, held=minecraft:oak_planksx7, task_state=COMPLETED, submerged=false, light=6, step=, in_lava=false, task_phase=ESCAPE, goal=none, task_progress=1.0, task=creeper_defense, mode=survival, air=300, food=17, path_idle=true, inv=minecraft:crafting_tablex1 minecraft:oak_planksx7, nearby=animals=0 hostiles=0, mining_idle=true, hp=2.0/20.0, on_ground=true, pos=18,112,44}
[21:39:06] [Server thread/WARN]: [AIBot] PERCEPTION event=snapshot_slow bot=Bob {elapsed_ms=13}
[21:39:06] [Server thread/WARN]: [AIBot] PERCEPTION event=snapshot_slow bot=Bob {elapsed_ms=17}
[21:39:06] [Server thread/INFO]: [AIBot] ACTION event=capability_decision bot=Bob {reason=DENIED_STRICT_SURVIVAL, allowed=false, profile=strict_survival, capability=EMERGENCY_TELEPORT, context=danger_dark_trap_surface}
[21:39:07] [Server thread/WARN]: [AIBot] PERCEPTION event=snapshot_slow bot=Bob {elapsed_ms=15}
[21:39:07] [Server thread/WARN]: [AIBot] PERCEPTION event=snapshot_slow bot=Bob {elapsed_ms=12}
[21:39:07] [Server thread/INFO]: [AIBot] ACTION event=diag_snapshot bot=Bob {fall=0.0, held=minecraft:oak_planksx7, task_state=COMPLETED, submerged=false, light=6, step=, in_lava=false, task_phase=ESCAPE, goal=none, task_progress=1.0, task=creeper_defense, mode=survival, air=300, food=17, path_idle=true, inv=minecraft:crafting_tablex1 minecraft:oak_planksx7, nearby=animals=0 hostiles=0, mining_idle=true, hp=2.0/20.0, on_ground=true, pos=18,112,44}
[21:39:08] [Server thread/WARN]: [AIBot] PERCEPTION event=snapshot_slow bot=Bob {elapsed_ms=11}
[21:39:08] [Server thread/WARN]: [AIBot] PERCEPTION event=snapshot_slow bot=Bob {elapsed_ms=12}
[21:39:09] [Server thread/WARN]: [AIBot] PERCEPTION event=snapshot_slow bot=Bob {elapsed_ms=16}
[21:39:09] [Server thread/INFO]: [AIBot] ACTION event=capability_decision bot=Bob {reason=DENIED_STRICT_SURVIVAL, allowed=false, profile=strict_survival, capability=HIDDEN_BLOCK_SCAN, context=observable_block_query}
[21:39:09] [Server thread/INFO]: [AIBot] ACTION event=capability_decision bot=Bob {reason=DENIED_STRICT_SURVIVAL, allowed=false, profile=strict_survival, capability=HIDDEN_BLOCK_SCAN, context=perception_snapshot}
[21:39:09] [Server thread/WARN]: [AIBot] PERCEPTION event=snapshot_slow bot=Bob {elapsed_ms=13}
[21:39:09] [Server thread/INFO]: [AIBot] ACTION event=diag_snapshot bot=Bob {fall=0.0, held=minecraft:oak_planksx7, task_state=COMPLETED, submerged=false, light=6, step=, in_lava=false, task_phase=ESCAPE, goal=none, task_progress=1.0, task=creeper_defense, mode=survival, air=300, food=17, path_idle=true, inv=minecraft:crafting_tablex1 minecraft:oak_planksx7, nearby=animals=0 hostiles=0, mining_idle=true, hp=2.0/20.0, on_ground=true, pos=18,112,44}
[21:39:10] [Server thread/WARN]: [AIBot] PERCEPTION event=snapshot_slow bot=Bob {elapsed_ms=13}
[21:39:10] [Server thread/WARN]: [AIBot] PERCEPTION event=snapshot_slow bot=Bob {elapsed_ms=14}
[21:39:11] [Server thread/WARN]: [AIBot] PERCEPTION event=snapshot_slow bot=Bob {elapsed_ms=11}
[21:39:11] [Server thread/WARN]: [AIBot] PERCEPTION event=snapshot_slow bot=Bob {elapsed_ms=16}
[21:39:11] [Server thread/INFO]: [AIBot] ACTION event=capability_decision bot=Bob {reason=DENIED_STRICT_SURVIVAL, allowed=false, profile=strict_survival, capability=HIDDEN_BLOCK_SCAN, context=diagnostic_nearby}
[21:39:11] [Server thread/INFO]: [AIBot] ACTION event=diag_snapshot bot=Bob {fall=0.0, held=minecraft:oak_planksx7, task_state=COMPLETED, submerged=false, light=6, step=, in_lava=false, task_phase=ESCAPE, goal=none, task_progress=1.0, task=creeper_defense, mode=survival, air=300, food=17, path_idle=true, inv=minecraft:crafting_tablex1 minecraft:oak_planksx7, nearby=animals=0 hostiles=0, mining_idle=true, hp=2.0/20.0, on_ground=true, pos=18,112,44}
[21:39:12] [Server thread/WARN]: [AIBot] PERCEPTION event=snapshot_slow bot=Bob {elapsed_ms=12}
[21:39:12] [Server thread/WARN]: [AIBot] PERCEPTION event=snapshot_slow bot=Bob {elapsed_ms=16}
[21:39:13] [Server thread/WARN]: [AIBot] PERCEPTION event=snapshot_slow bot=Bob {elapsed_ms=11}
[21:39:13] [Server thread/WARN]: [AIBot] PERCEPTION event=snapshot_slow bot=Bob {elapsed_ms=12}
[21:39:13] [Server thread/INFO]: [AIBot] ACTION event=diag_snapshot bot=Bob {fall=0.0, held=minecraft:oak_planksx7, task_state=COMPLETED, submerged=false, light=5, step=, in_lava=false, task_phase=ESCAPE, goal=none, task_progress=1.0, task=creeper_defense, mode=survival, air=300, food=17, path_idle=true, inv=minecraft:crafting_tablex1 minecraft:oak_planksx7, nearby=animals=0 hostiles=0, mining_idle=true, hp=2.0/20.0, on_ground=true, pos=18,112,44}
[21:39:14] [Server thread/WARN]: [AIBot] PERCEPTION event=snapshot_slow bot=Bob {elapsed_ms=11}
[21:39:14] [Server thread/INFO]: [AIBot] ACTION event=capability_decision bot=Bob {reason=DENIED_STRICT_SURVIVAL, allowed=false, profile=strict_survival, capability=HIDDEN_BLOCK_SCAN, context=observable_block_query}
[21:39:14] [Server thread/INFO]: [AIBot] ACTION event=capability_decision bot=Bob {reason=DENIED_STRICT_SURVIVAL, allowed=false, profile=strict_survival, capability=HIDDEN_BLOCK_SCAN, context=perception_snapshot}
[21:39:14] [Server thread/WARN]: [AIBot] PERCEPTION event=snapshot_slow bot=Bob {elapsed_ms=12}
[21:39:14] [Server thread/INFO]: [AIBot] ACTION event=capability_decision bot=Bob {reason=DENIED_STRICT_SURVIVAL, allowed=false, profile=strict_survival, capability=EMERGENCY_TELEPORT, context=danger_dark_trap_surface}
[21:39:15] [Server thread/WARN]: [AIBot] PERCEPTION event=snapshot_slow bot=Bob {elapsed_ms=15}
[21:39:15] [Server thread/WARN]: [AIBot] PERCEPTION event=snapshot_slow bot=Bob {elapsed_ms=15}
[21:39:15] [Server thread/INFO]: [AIBot] ACTION event=diag_snapshot bot=Bob {fall=0.0, held=minecraft:oak_planksx7, task_state=COMPLETED, submerged=false, light=5, step=, in_lava=false, task_phase=ESCAPE, goal=none, task_progress=1.0, task=creeper_defense, mode=survival, air=300, food=17, path_idle=true, inv=minecraft:crafting_tablex1 minecraft:oak_planksx7, nearby=animals=0 hostiles=0, mining_idle=true, hp=2.0/20.0, on_ground=true, pos=18,112,44}
[21:39:16] [Server thread/WARN]: [AIBot] PERCEPTION event=snapshot_slow bot=Bob {elapsed_ms=13}
[21:39:16] [Server thread/WARN]: [AIBot] PERCEPTION event=snapshot_slow bot=Bob {elapsed_ms=15}
[21:39:17] [Server thread/WARN]: [AIBot] PERCEPTION event=snapshot_slow bot=Bob {elapsed_ms=17}
[21:39:17] [Server thread/WARN]: [AIBot] PERCEPTION event=snapshot_slow bot=Bob {elapsed_ms=12}
[21:39:17] [Server thread/INFO]: [AIBot] ACTION event=capability_decision bot=Bob {reason=DENIED_STRICT_SURVIVAL, allowed=false, profile=strict_survival, capability=HIDDEN_BLOCK_SCAN, context=diagnostic_nearby}
[21:39:17] [Server thread/INFO]: [AIBot] ACTION event=diag_snapshot bot=Bob {fall=0.0, held=minecraft:oak_planksx7, task_state=COMPLETED, submerged=false, light=5, step=, in_lava=false, task_phase=ESCAPE, goal=none, task_progress=1.0, task=creeper_defense, mode=survival, air=300, food=17, path_idle=true, inv=minecraft:crafting_tablex1 minecraft:oak_planksx7, nearby=animals=0 hostiles=0, mining_idle=true, hp=2.0/20.0, on_ground=true, pos=18,112,44}
[21:39:18] [Server thread/WARN]: [AIBot] PERCEPTION event=snapshot_slow bot=Bob {elapsed_ms=12}
[21:39:18] [Server thread/WARN]: [AIBot] PERCEPTION event=snapshot_slow bot=Bob {elapsed_ms=16}
[21:39:19] [Server thread/WARN]: [AIBot] PERCEPTION event=snapshot_slow bot=Bob {elapsed_ms=14}
[21:39:19] [Server thread/INFO]: [AIBot] ACTION event=capability_decision bot=Bob {reason=DENIED_STRICT_SURVIVAL, allowed=false, profile=strict_survival, capability=HIDDEN_BLOCK_SCAN, context=observable_block_query}
[21:39:19] [Server thread/INFO]: [AIBot] ACTION event=capability_decision bot=Bob {reason=DENIED_STRICT_SURVIVAL, allowed=false, profile=strict_survival, capability=HIDDEN_BLOCK_SCAN, context=perception_snapshot}
[21:39:19] [Server thread/WARN]: [AIBot] PERCEPTION event=snapshot_slow bot=Bob {elapsed_ms=14}
[21:39:19] [Server thread/INFO]: [AIBot] ACTION event=diag_snapshot bot=Bob {fall=0.0, held=minecraft:oak_planksx7, task_state=COMPLETED, submerged=false, light=5, step=, in_lava=false, task_phase=ESCAPE, goal=none, task_progress=1.0, task=creeper_defense, mode=survival, air=300, food=17, path_idle=true, inv=minecraft:crafting_tablex1 minecraft:oak_planksx7, nearby=animals=0 hostiles=0, mining_idle=true, hp=2.0/20.0, on_ground=true, pos=18,112,44}
[21:39:20] [Server thread/WARN]: [AIBot] PERCEPTION event=snapshot_slow bot=Bob {elapsed_ms=12}
[21:39:20] [Server thread/WARN]: [AIBot] PERCEPTION event=snapshot_slow bot=Bob {elapsed_ms=13}
[21:39:21] [Server thread/WARN]: [AIBot] PERCEPTION event=snapshot_slow bot=Bob {elapsed_ms=12}
[21:39:21] [Server thread/WARN]: [AIBot] PERCEPTION event=snapshot_slow bot=Bob {elapsed_ms=20}
[21:39:21] [Server thread/INFO]: [AIBot] ACTION event=diag_snapshot bot=Bob {fall=0.0, held=minecraft:oak_planksx7, task_state=COMPLETED, submerged=false, light=4, step=, in_lava=false, task_phase=ESCAPE, goal=none, task_progress=1.0, task=creeper_defense, mode=survival, air=300, food=17, path_idle=true, inv=minecraft:crafting_tablex1 minecraft:oak_planksx7, nearby=animals=0 hostiles=0, mining_idle=true, hp=2.0/20.0, on_ground=true, pos=18,112,44}
[21:39:22] [Server thread/WARN]: [AIBot] PERCEPTION event=snapshot_slow bot=Bob {elapsed_ms=17}
[21:39:22] [Server thread/WARN]: [AIBot] PERCEPTION event=snapshot_slow bot=Bob {elapsed_ms=11}
[21:39:22] [Server thread/INFO]: [AIBot] ACTION event=capability_decision bot=Bob {reason=DENIED_STRICT_SURVIVAL, allowed=false, profile=strict_survival, capability=EMERGENCY_TELEPORT, context=danger_dark_trap_surface}
[21:39:23] [Server thread/WARN]: [AIBot] PERCEPTION event=snapshot_slow bot=Bob {elapsed_ms=11}
[21:39:23] [Server thread/WARN]: [AIBot] PERCEPTION event=snapshot_slow bot=Bob {elapsed_ms=11}
[21:39:23] [Server thread/INFO]: [AIBot] ACTION event=capability_decision bot=Bob {reason=DENIED_STRICT_SURVIVAL, allowed=false, profile=strict_survival, capability=HIDDEN_BLOCK_SCAN, context=diagnostic_nearby}
[21:39:23] [Server thread/INFO]: [AIBot] ACTION event=diag_snapshot bot=Bob {fall=0.0, held=minecraft:oak_planksx7, task_state=COMPLETED, submerged=false, light=4, step=, in_lava=false, task_phase=ESCAPE, goal=none, task_progress=1.0, task=creeper_defense, mode=survival, air=300, food=17, path_idle=true, inv=minecraft:crafting_tablex1 minecraft:oak_planksx7, nearby=animals=0 hostiles=0, mining_idle=true, hp=2.0/20.0, on_ground=true, pos=18,112,44}
[21:39:24] [Server thread/WARN]: [AIBot] PERCEPTION event=snapshot_slow bot=Bob {elapsed_ms=12}
[21:39:24] [Server thread/INFO]: [AIBot] ACTION event=capability_decision bot=Bob {reason=DENIED_STRICT_SURVIVAL, allowed=false, profile=strict_survival, capability=HIDDEN_BLOCK_SCAN, context=observable_block_query}
[21:39:24] [Server thread/INFO]: [AIBot] ACTION event=capability_decision bot=Bob {reason=DENIED_STRICT_SURVIVAL, allowed=false, profile=strict_survival, capability=HIDDEN_BLOCK_SCAN, context=perception_snapshot}
[21:39:24] [Server thread/WARN]: [AIBot] PERCEPTION event=snapshot_slow bot=Bob {elapsed_ms=14}
[21:39:25] [Server thread/WARN]: [AIBot] PERCEPTION event=snapshot_slow bot=Bob {elapsed_ms=12}
[21:39:25] [Server thread/WARN]: [AIBot] PERCEPTION event=snapshot_slow bot=Bob {elapsed_ms=13}
[21:39:25] [Server thread/INFO]: [AIBot] ACTION event=diag_snapshot bot=Bob {fall=0.0, held=minecraft:oak_planksx7, task_state=COMPLETED, submerged=false, light=4, step=, in_lava=false, task_phase=ESCAPE, goal=none, task_progress=1.0, task=creeper_defense, mode=survival, air=300, food=17, path_idle=true, inv=minecraft:crafting_tablex1 minecraft:oak_planksx7, nearby=animals=0 hostiles=0, mining_idle=true, hp=2.0/20.0, on_ground=true, pos=18,112,44}
[21:39:26] [Server thread/WARN]: [AIBot] PERCEPTION event=snapshot_slow bot=Bob {elapsed_ms=12}
[21:39:26] [Server thread/WARN]: [AIBot] PERCEPTION event=snapshot_slow bot=Bob {elapsed_ms=13}
[21:39:27] [Server thread/WARN]: [AIBot] PERCEPTION event=snapshot_slow bot=Bob {elapsed_ms=11}
[21:39:27] [Server thread/WARN]: [AIBot] PERCEPTION event=snapshot_slow bot=Bob {elapsed_ms=12}
[21:39:27] [Server thread/INFO]: [AIBot] ACTION event=diag_snapshot bot=Bob {fall=0.0, held=minecraft:oak_planksx7, task_state=COMPLETED, submerged=false, light=4, step=, in_lava=false, task_phase=ESCAPE, goal=none, task_progress=1.0, task=creeper_defense, mode=survival, air=300, food=17, path_idle=true, inv=minecraft:crafting_tablex1 minecraft:oak_planksx7, nearby=animals=0 hostiles=0, mining_idle=true, hp=2.0/20.0, on_ground=true, pos=18,112,44}
[21:39:28] [Server thread/WARN]: [AIBot] PERCEPTION event=snapshot_slow bot=Bob {elapsed_ms=13}
[21:39:29] [Server thread/WARN]: [AIBot] PERCEPTION event=snapshot_slow bot=Bob {elapsed_ms=13}
[21:39:29] [Server thread/INFO]: [AIBot] ACTION event=capability_decision bot=Bob {reason=DENIED_STRICT_SURVIVAL, allowed=false, profile=strict_survival, capability=HIDDEN_BLOCK_SCAN, context=observable_block_query}
[21:39:29] [Server thread/INFO]: [AIBot] ACTION event=capability_decision bot=Bob {reason=DENIED_STRICT_SURVIVAL, allowed=false, profile=strict_survival, capability=HIDDEN_BLOCK_SCAN, context=perception_snapshot}
[21:39:29] [Server thread/WARN]: [AIBot] PERCEPTION event=snapshot_slow bot=Bob {elapsed_ms=11}
[21:39:29] [Server thread/INFO]: [AIBot] ACTION event=capability_decision bot=Bob {reason=DENIED_STRICT_SURVIVAL, allowed=false, profile=strict_survival, capability=HIDDEN_BLOCK_SCAN, context=diagnostic_nearby}
[21:39:29] [Server thread/INFO]: [AIBot] ACTION event=diag_snapshot bot=Bob {fall=0.0, held=minecraft:oak_planksx7, task_state=COMPLETED, submerged=false, light=3, step=, in_lava=false, task_phase=ESCAPE, goal=none, task_progress=1.0, task=creeper_defense, mode=survival, air=300, food=17, path_idle=true, inv=minecraft:crafting_tablex1 minecraft:oak_planksx7, nearby=animals=0 hostiles=0, mining_idle=true, hp=2.0/20.0, on_ground=true, pos=18,112,44}
[21:39:30] [Server thread/WARN]: [AIBot] PERCEPTION event=snapshot_slow bot=Bob {elapsed_ms=11}
[21:39:30] [Server thread/WARN]: [AIBot] PERCEPTION event=snapshot_slow bot=Bob {elapsed_ms=15}
[21:39:31] [Server thread/INFO]: [AIBot] ACTION event=capability_decision bot=Bob {reason=DENIED_STRICT_SURVIVAL, allowed=false, profile=strict_survival, capability=EMERGENCY_TELEPORT, context=danger_dark_trap_surface}
[21:39:31] [Server thread/WARN]: [AIBot] PERCEPTION event=snapshot_slow bot=Bob {elapsed_ms=11}
[21:39:31] [Server thread/WARN]: [AIBot] PERCEPTION event=snapshot_slow bot=Bob {elapsed_ms=14}
[21:39:31] [Server thread/INFO]: [AIBot] ACTION event=diag_snapshot bot=Bob {fall=0.0, held=minecraft:oak_planksx7, task_state=COMPLETED, submerged=false, light=3, step=, in_lava=false, task_phase=ESCAPE, goal=none, task_progress=1.0, task=creeper_defense, mode=survival, air=300, food=17, path_idle=true, inv=minecraft:crafting_tablex1 minecraft:oak_planksx7, nearby=animals=0 hostiles=0, mining_idle=true, hp=2.0/20.0, on_ground=true, pos=18,112,44}
[21:39:32] [Server thread/WARN]: [AIBot] PERCEPTION event=snapshot_slow bot=Bob {elapsed_ms=19}
[21:39:32] [Server thread/WARN]: [AIBot] PERCEPTION event=snapshot_slow bot=Bob {elapsed_ms=12}
[21:39:33] [Server thread/WARN]: [AIBot] PERCEPTION event=snapshot_slow bot=Bob {elapsed_ms=11}
[21:39:33] [Server thread/WARN]: [AIBot] PERCEPTION event=snapshot_slow bot=Bob {elapsed_ms=12}
[21:39:33] [Server thread/INFO]: [AIBot] ACTION event=diag_snapshot bot=Bob {fall=0.0, held=minecraft:oak_planksx7, task_state=COMPLETED, submerged=false, light=3, step=, in_lava=false, task_phase=ESCAPE, goal=none, task_progress=1.0, task=creeper_defense, mode=survival, air=300, food=17, path_idle=true, inv=minecraft:crafting_tablex1 minecraft:oak_planksx7, nearby=animals=0 hostiles=0, mining_idle=true, hp=2.0/20.0, on_ground=true, pos=18,112,44}
[21:39:34] [Server thread/WARN]: [AIBot] PERCEPTION event=snapshot_slow bot=Bob {elapsed_ms=11}
[21:39:34] [Server thread/INFO]: [AIBot] ACTION event=capability_decision bot=Bob {reason=DENIED_STRICT_SURVIVAL, allowed=false, profile=strict_survival, capability=HIDDEN_BLOCK_SCAN, context=observable_block_query}
[21:39:34] [Server thread/INFO]: [AIBot] ACTION event=capability_decision bot=Bob {reason=DENIED_STRICT_SURVIVAL, allowed=false, profile=strict_survival, capability=HIDDEN_BLOCK_SCAN, context=perception_snapshot}
[21:39:34] [Server thread/WARN]: [AIBot] PERCEPTION event=snapshot_slow bot=Bob {elapsed_ms=12}
[21:39:35] [Server thread/WARN]: [AIBot] PERCEPTION event=snapshot_slow bot=Bob {elapsed_ms=15}
[21:39:35] [Server thread/WARN]: [AIBot] PERCEPTION event=snapshot_slow bot=Bob {elapsed_ms=13}
[21:39:35] [Server thread/INFO]: [AIBot] ACTION event=capability_decision bot=Bob {reason=DENIED_STRICT_SURVIVAL, allowed=false, profile=strict_survival, capability=HIDDEN_BLOCK_SCAN, context=diagnostic_nearby}
[21:39:35] [Server thread/INFO]: [AIBot] ACTION event=diag_snapshot bot=Bob {fall=0.0, held=minecraft:oak_planksx7, task_state=COMPLETED, submerged=false, light=3, step=, in_lava=false, task_phase=ESCAPE, goal=none, task_progress=1.0, task=creeper_defense, mode=survival, air=300, food=17, path_idle=true, inv=minecraft:crafting_tablex1 minecraft:oak_planksx7, nearby=animals=0 hostiles=0, mining_idle=true, hp=2.0/20.0, on_ground=true, pos=18,112,44}
[21:39:36] [Server thread/WARN]: [AIBot] PERCEPTION event=snapshot_slow bot=Bob {elapsed_ms=12}
[21:39:36] [Server thread/WARN]: [AIBot] PERCEPTION event=snapshot_slow bot=Bob {elapsed_ms=13}
[21:39:37] [Server thread/WARN]: [AIBot] PERCEPTION event=snapshot_slow bot=Bob {elapsed_ms=13}
[21:39:37] [Server thread/WARN]: [AIBot] PERCEPTION event=snapshot_slow bot=Bob {elapsed_ms=12}
[21:39:37] [Server thread/INFO]: [AIBot] ACTION event=diag_snapshot bot=Bob {fall=0.0, held=minecraft:oak_planksx7, task_state=COMPLETED, submerged=false, light=2, step=, in_lava=false, task_phase=ESCAPE, goal=none, task_progress=1.0, task=creeper_defense, mode=survival, air=300, food=17, path_idle=true, inv=minecraft:crafting_tablex1 minecraft:oak_planksx7, nearby=animals=0 hostiles=0, mining_idle=true, hp=2.0/20.0, on_ground=true, pos=18,112,44}
[21:39:38] [Server thread/WARN]: [AIBot] PERCEPTION event=snapshot_slow bot=Bob {elapsed_ms=15}
[21:39:38] [Server thread/WARN]: [AIBot] PERCEPTION event=snapshot_slow bot=Bob {elapsed_ms=13}
[21:39:39] [Server thread/INFO]: [AIBot] ACTION event=capability_decision bot=Bob {reason=DENIED_STRICT_SURVIVAL, allowed=false, profile=strict_survival, capability=EMERGENCY_TELEPORT, context=danger_dark_trap_surface}
[21:39:39] [Server thread/WARN]: [AIBot] PERCEPTION event=snapshot_slow bot=Bob {elapsed_ms=18}
[21:39:39] [Server thread/INFO]: [AIBot] LIFECYCLE event=mixin_alive bot=- {server_tick=13200}
[21:39:39] [Server thread/INFO]: [AIBot] ACTION event=capability_decision bot=Bob {reason=DENIED_STRICT_SURVIVAL, allowed=false, profile=strict_survival, capability=HIDDEN_BLOCK_SCAN, context=observable_block_query}
[21:39:39] [Server thread/INFO]: [AIBot] ACTION event=capability_decision bot=Bob {reason=DENIED_STRICT_SURVIVAL, allowed=false, profile=strict_survival, capability=HIDDEN_BLOCK_SCAN, context=perception_snapshot}
[21:39:39] [Server thread/WARN]: [AIBot] PERCEPTION event=snapshot_slow bot=Bob {elapsed_ms=11}
[21:39:39] [Server thread/INFO]: [AIBot] ACTION event=diag_snapshot bot=Bob {fall=0.0, held=minecraft:oak_planksx7, task_state=COMPLETED, submerged=false, light=2, step=, in_lava=false, task_phase=ESCAPE, goal=none, task_progress=1.0, task=creeper_defense, mode=survival, air=300, food=17, path_idle=true, inv=minecraft:crafting_tablex1 minecraft:oak_planksx7, nearby=animals=0 hostiles=0, mining_idle=true, hp=2.0/20.0, on_ground=true, pos=18,112,44}
[21:39:40] [Server thread/WARN]: [AIBot] PERCEPTION event=snapshot_slow bot=Bob {elapsed_ms=15}
[21:39:40] [Server thread/WARN]: [AIBot] PERCEPTION event=snapshot_slow bot=Bob {elapsed_ms=12}
[21:39:41] [Server thread/WARN]: [AIBot] PERCEPTION event=snapshot_slow bot=Bob {elapsed_ms=12}
[21:39:41] [Server thread/WARN]: [AIBot] PERCEPTION event=snapshot_slow bot=Bob {elapsed_ms=15}
[21:39:41] [Server thread/INFO]: [AIBot] ACTION event=capability_decision bot=Bob {reason=DENIED_STRICT_SURVIVAL, allowed=false, profile=strict_survival, capability=HIDDEN_BLOCK_SCAN, context=diagnostic_nearby}
[21:39:41] [Server thread/INFO]: [AIBot] ACTION event=diag_snapshot bot=Bob {fall=0.0, held=minecraft:oak_planksx7, task_state=COMPLETED, submerged=false, light=2, step=, in_lava=false, task_phase=ESCAPE, goal=none, task_progress=1.0, task=creeper_defense, mode=survival, air=300, food=17, path_idle=true, inv=minecraft:crafting_tablex1 minecraft:oak_planksx7, nearby=animals=0 hostiles=0, mining_idle=true, hp=2.0/20.0, on_ground=true, pos=18,112,44}
[21:39:42] [Server thread/WARN]: [AIBot] PERCEPTION event=snapshot_slow bot=Bob {elapsed_ms=13}
[21:39:42] [Server thread/WARN]: [AIBot] PERCEPTION event=snapshot_slow bot=Bob {elapsed_ms=13}
[21:39:43] [Server thread/WARN]: [AIBot] PERCEPTION event=snapshot_slow bot=Bob {elapsed_ms=12}
[21:39:43] [Server thread/WARN]: [AIBot] PERCEPTION event=snapshot_slow bot=Bob {elapsed_ms=13}
[21:39:43] [Server thread/INFO]: [AIBot] ACTION event=diag_snapshot bot=Bob {fall=0.0, held=minecraft:oak_planksx7, task_state=COMPLETED, submerged=false, light=2, step=, in_lava=false, task_phase=ESCAPE, goal=none, task_progress=1.0, task=creeper_defense, mode=survival, air=300, food=17, path_idle=true, inv=minecraft:crafting_tablex1 minecraft:oak_planksx7, nearby=animals=0 hostiles=0, mining_idle=true, hp=2.0/20.0, on_ground=true, pos=18,112,44}
[21:39:44] [Server thread/WARN]: [AIBot] PERCEPTION event=snapshot_slow bot=Bob {elapsed_ms=11}
[21:39:44] [Server thread/INFO]: [AIBot] ACTION event=capability_decision bot=Bob {reason=DENIED_STRICT_SURVIVAL, allowed=false, profile=strict_survival, capability=HIDDEN_BLOCK_SCAN, context=observable_block_query}
[21:39:44] [Server thread/INFO]: [AIBot] ACTION event=capability_decision bot=Bob {reason=DENIED_STRICT_SURVIVAL, allowed=false, profile=strict_survival, capability=HIDDEN_BLOCK_SCAN, context=perception_snapshot}
[21:39:44] [Server thread/WARN]: [AIBot] PERCEPTION event=snapshot_slow bot=Bob {elapsed_ms=12}
[21:39:45] [Server thread/WARN]: [AIBot] PERCEPTION event=snapshot_slow bot=Bob {elapsed_ms=11}
[21:39:45] [Server thread/WARN]: [AIBot] PERCEPTION event=snapshot_slow bot=Bob {elapsed_ms=13}
[21:39:45] [Server thread/INFO]: [AIBot] ACTION event=capability_decision bot=Bob {reason=DENIED_STRICT_SURVIVAL, allowed=false, profile=strict_survival, capability=HIDDEN_BLOCK_SCAN, context=observable_entity_query}
[21:39:45] [Server thread/INFO]: [AIBot] ACTION event=diag_snapshot bot=Bob {fall=0.0, held=minecraft:oak_planksx7, task_state=COMPLETED, submerged=false, light=2, step=, in_lava=false, task_phase=ESCAPE, goal=none, task_progress=1.0, task=creeper_defense, mode=survival, air=300, food=17, path_idle=true, inv=minecraft:crafting_tablex1 minecraft:oak_planksx7, nearby=animals=0 hostiles=0, mining_idle=true, hp=2.0/20.0, on_ground=true, pos=18,112,44}
[21:39:46] [Server thread/WARN]: [AIBot] PERCEPTION event=snapshot_slow bot=Bob {elapsed_ms=14}
[21:39:46] [Server thread/WARN]: [AIBot] PERCEPTION event=snapshot_slow bot=Bob {elapsed_ms=12}
[21:39:47] [Server thread/INFO]: [AIBot] ACTION event=capability_decision bot=Bob {reason=DENIED_STRICT_SURVIVAL, allowed=false, profile=strict_survival, capability=EMERGENCY_TELEPORT, context=danger_dark_trap_surface}
[21:39:47] [Server thread/WARN]: [AIBot] PERCEPTION event=snapshot_slow bot=Bob {elapsed_ms=12}
[21:39:47] [Server thread/WARN]: [AIBot] PERCEPTION event=snapshot_slow bot=Bob {elapsed_ms=13}
[21:39:47] [Server thread/INFO]: [AIBot] ACTION event=capability_decision bot=Bob {reason=DENIED_STRICT_SURVIVAL, allowed=false, profile=strict_survival, capability=HIDDEN_BLOCK_SCAN, context=diagnostic_nearby}
[21:39:47] [Server thread/INFO]: [AIBot] ACTION event=diag_snapshot bot=Bob {fall=0.0, held=minecraft:oak_planksx7, task_state=COMPLETED, submerged=false, light=2, step=, in_lava=false, task_phase=ESCAPE, goal=none, task_progress=1.0, task=creeper_defense, mode=survival, air=300, food=17, path_idle=true, inv=minecraft:crafting_tablex1 minecraft:oak_planksx7, nearby=animals=0 hostiles=0, mining_idle=true, hp=2.0/20.0, on_ground=true, pos=18,112,44}
[21:39:48] [Server thread/WARN]: [AIBot] PERCEPTION event=snapshot_slow bot=Bob {elapsed_ms=14}
[21:39:48] [Server thread/WARN]: [AIBot] PERCEPTION event=snapshot_slow bot=Bob {elapsed_ms=18}
[21:39:49] [Server thread/WARN]: [AIBot] PERCEPTION event=snapshot_slow bot=Bob {elapsed_ms=11}
[21:39:49] [Server thread/INFO]: [AIBot] ACTION event=capability_decision bot=Bob {reason=DENIED_STRICT_SURVIVAL, allowed=false, profile=strict_survival, capability=HIDDEN_BLOCK_SCAN, context=observable_block_query}
[21:39:49] [Server thread/INFO]: [AIBot] ACTION event=capability_decision bot=Bob {reason=DENIED_STRICT_SURVIVAL, allowed=false, profile=strict_survival, capability=HIDDEN_BLOCK_SCAN, context=perception_snapshot}
[21:39:49] [Server thread/WARN]: [AIBot] PERCEPTION event=snapshot_slow bot=Bob {elapsed_ms=11}
[21:39:49] [Server thread/INFO]: [AIBot] ACTION event=diag_snapshot bot=Bob {fall=0.0, held=minecraft:oak_planksx7, task_state=COMPLETED, submerged=false, light=2, step=, in_lava=false, task_phase=ESCAPE, goal=none, task_progress=1.0, task=creeper_defense, mode=survival, air=300, food=17, path_idle=true, inv=minecraft:crafting_tablex1 minecraft:oak_planksx7, nearby=animals=0 hostiles=1(zombie@15), mining_idle=true, hp=2.0/20.0, on_ground=true, pos=18,112,44}
[21:39:50] [Server thread/WARN]: [AIBot] PERCEPTION event=snapshot_slow bot=Bob {elapsed_ms=14}
[21:39:50] [Server thread/INFO]: [AIBot] ACTION event=capability_decision bot=Bob {reason=DENIED_STRICT_SURVIVAL, allowed=false, profile=strict_survival, capability=HIDDEN_BLOCK_SCAN, context=observable_entity_query}
[21:39:50] [Server thread/WARN]: [AIBot] PERCEPTION event=snapshot_slow bot=Bob {elapsed_ms=11}
[21:39:51] [Server thread/WARN]: [AIBot] PERCEPTION event=snapshot_slow bot=Bob {elapsed_ms=18}
[21:39:51] [Server thread/WARN]: [AIBot] PERCEPTION event=snapshot_slow bot=Bob {elapsed_ms=12}
[21:39:51] [Server thread/INFO]: [AIBot] ACTION event=diag_snapshot bot=Bob {fall=0.0, held=minecraft:oak_planksx7, task_state=COMPLETED, submerged=false, light=2, step=, in_lava=false, task_phase=ESCAPE, goal=none, task_progress=1.0, task=creeper_defense, mode=survival, air=300, food=17, path_idle=true, inv=minecraft:crafting_tablex1 minecraft:oak_planksx7, nearby=animals=0 hostiles=2(zombie@11), mining_idle=true, hp=2.0/20.0, on_ground=true, pos=18,112,44}
[21:39:52] [Server thread/WARN]: [AIBot] PERCEPTION event=snapshot_slow bot=Bob {elapsed_ms=13}
[21:39:52] [Server thread/INFO]: [AIBot] TASK event=task_assigned bot=Bob {origin=SAFETY, params=Evading LOW_HP toward 30,114,47, origin_reason=threat:LOW_HP, name=evade}
[21:39:52] [Server thread/INFO]: [AIBot] DANGER event=threat_detected bot=Bob {severity=HIGH, decision=evade, source=class_2338{x=9, y=111, z=41}, type=LOW_HP}
[21:39:52] [Server thread/WARN]: [AIBot] PERCEPTION event=snapshot_slow bot=Bob {elapsed_ms=16}
[21:39:53] [Server thread/WARN]: [AIBot] PERCEPTION event=snapshot_slow bot=Bob {elapsed_ms=14}
[21:39:53] [Server thread/WARN]: [AIBot] PERCEPTION event=snapshot_slow bot=Bob {elapsed_ms=16}
[21:39:53] [Server thread/INFO]: [AIBot] ACTION event=capability_decision bot=Bob {reason=DENIED_STRICT_SURVIVAL, allowed=false, profile=strict_survival, capability=HIDDEN_BLOCK_SCAN, context=diagnostic_nearby}
[21:39:53] [Server thread/INFO]: [AIBot] ACTION event=diag_snapshot bot=Bob {fall=0.0, held=minecraft:oak_planksx7, task_state=RUNNING, submerged=false, light=4, step=, in_lava=false, task_phase=, goal=none, task_progress=0.1, task=evade, mode=survival, air=300, food=17, path_idle=false, inv=minecraft:crafting_tablex1 minecraft:oak_planksx7, nearby=animals=0 hostiles=2(zombie@13), mining_idle=true, hp=2.0/20.0, on_ground=true, pos=23,112,46}
[21:39:53] [Server thread/INFO]: [AIBot] ACTION event=fake_player_jump bot=Bob {to=class_2338{x=24, y=113, z=47}, from=class_2338{x=24, y=112, z=46}, reason=path_jump_up}
[21:39:53] [Server thread/INFO]: [AIBot] ACTION event=fake_player_jump bot=Bob {to=class_2338{x=25, y=114, z=47}, from=class_2338{x=24, y=113, z=47}, reason=path_jump_up}
[21:39:54] [Server thread/WARN]: [AIBot] PERCEPTION event=snapshot_slow bot=Bob {elapsed_ms=15}
[21:39:54] [Server thread/INFO]: [AIBot] ACTION event=capability_decision bot=Bob {reason=DENIED_STRICT_SURVIVAL, allowed=false, profile=strict_survival, capability=HIDDEN_BLOCK_SCAN, context=observable_block_query}
[21:39:54] [Server thread/INFO]: [AIBot] ACTION event=capability_decision bot=Bob {reason=DENIED_STRICT_SURVIVAL, allowed=false, profile=strict_survival, capability=HIDDEN_BLOCK_SCAN, context=perception_snapshot}
[21:39:54] [Server thread/WARN]: [AIBot] PERCEPTION event=snapshot_slow bot=Bob {elapsed_ms=15}
[21:39:54] [Server thread/INFO]: [AIBot] TASK event=task_completed bot=Bob {elapsed_ticks=45, name=evade}
[21:39:55] [Server thread/WARN]: [AIBot] PERCEPTION event=snapshot_slow bot=Bob {elapsed_ms=19}
[21:39:55] [Server thread/INFO]: [AIBot] ACTION event=capability_decision bot=Bob {reason=DENIED_STRICT_SURVIVAL, allowed=false, profile=strict_survival, capability=HIDDEN_BLOCK_SCAN, context=observable_entity_query}
[21:39:55] [Server thread/WARN]: [AIBot] PERCEPTION event=snapshot_slow bot=Bob {elapsed_ms=17}
[21:39:55] [Server thread/INFO]: [AIBot] ACTION event=diag_snapshot bot=Bob {fall=0.0, held=minecraft:oak_planksx7, task_state=COMPLETED, submerged=false, light=4, step=, in_lava=false, task_phase=, goal=none, task_progress=1.0, task=evade, mode=survival, air=300, food=17, path_idle=true, inv=minecraft:crafting_tablex1 minecraft:oak_planksx7, nearby=animals=0 hostiles=2(zombie@14), mining_idle=true, hp=2.0/20.0, on_ground=true, pos=28,115,47}
[21:39:56] [Server thread/WARN]: [AIBot] PERCEPTION event=snapshot_slow bot=Bob {elapsed_ms=15}
[21:39:56] [Server thread/WARN]: [AIBot] PERCEPTION event=snapshot_slow bot=Bob {elapsed_ms=21}
[21:39:57] [Server thread/WARN]: [AIBot] PERCEPTION event=snapshot_slow bot=Bob {elapsed_ms=19}
[21:39:57] [Server thread/WARN]: [AIBot] PERCEPTION event=snapshot_slow bot=Bob {elapsed_ms=14}
[21:39:57] [Server thread/INFO]: [AIBot] ACTION event=diag_snapshot bot=Bob {fall=0.0, held=minecraft:oak_planksx7, task_state=COMPLETED, submerged=false, light=4, step=, in_lava=false, task_phase=, goal=none, task_progress=1.0, task=evade, mode=survival, air=300, food=17, path_idle=true, inv=minecraft:crafting_tablex1 minecraft:oak_planksx7, nearby=animals=0 hostiles=2(zombie@10), mining_idle=true, hp=2.0/20.0, on_ground=true, pos=28,115,47}
[21:39:58] [Server thread/INFO]: [AIBot] TASK event=task_assigned bot=Bob {origin=SAFETY, params=Evading LOW_HP toward 39,115,51, origin_reason=threat:LOW_HP, name=evade}
[21:39:58] [Server thread/INFO]: [AIBot] DANGER event=threat_detected bot=Bob {severity=HIGH, decision=evade, source=class_2338{x=19, y=112, z=44}, type=LOW_HP}
[21:39:58] [Server thread/INFO]: [AIBot] ACTION event=fake_player_step bot=Bob {to=class_2338{x=29, y=114, z=47}, from=class_2338{x=28, y=115, z=47}, reason=path_drop_down}
[21:39:58] [Server thread/WARN]: [AIBot] PERCEPTION event=snapshot_slow bot=Bob {elapsed_ms=18}
[21:39:58] [Server thread/WARN]: [AIBot] PERCEPTION event=snapshot_slow bot=Bob {elapsed_ms=15}
[21:39:59] [Server thread/WARN]: [AIBot] PERCEPTION event=snapshot_slow bot=Bob {elapsed_ms=20}
[21:39:59] [Server thread/INFO]: [AIBot] ACTION event=fake_player_jump bot=Bob {to=class_2338{x=37, y=115, z=51}, from=class_2338{x=36, y=114, z=51}, reason=path_jump_up}
[21:39:59] [Server thread/INFO]: [AIBot] TASK event=task_completed bot=Bob {elapsed_ticks=32, name=evade}
[21:39:59] [Server thread/INFO]: [AIBot] ACTION event=capability_decision bot=Bob {reason=DENIED_STRICT_SURVIVAL, allowed=false, profile=strict_survival, capability=HIDDEN_BLOCK_SCAN, context=observable_block_query}
[21:39:59] [Server thread/INFO]: [AIBot] ACTION event=capability_decision bot=Bob {reason=DENIED_STRICT_SURVIVAL, allowed=false, profile=strict_survival, capability=HIDDEN_BLOCK_SCAN, context=perception_snapshot}
[21:39:59] [Server thread/WARN]: [AIBot] PERCEPTION event=snapshot_slow bot=Bob {elapsed_ms=19}
[21:39:59] [Server thread/INFO]: [AIBot] ACTION event=capability_decision bot=Bob {reason=DENIED_STRICT_SURVIVAL, allowed=false, profile=strict_survival, capability=HIDDEN_BLOCK_SCAN, context=diagnostic_nearby}
[21:39:59] [Server thread/INFO]: [AIBot] ACTION event=diag_snapshot bot=Bob {fall=0.0, held=minecraft:oak_planksx7, task_state=COMPLETED, submerged=false, light=3, step=, in_lava=false, task_phase=, goal=none, task_progress=1.0, task=evade, mode=survival, air=300, food=17, path_idle=true, inv=minecraft:crafting_tablex1 minecraft:oak_planksx7, nearby=animals=0 hostiles=0, mining_idle=true, hp=2.0/20.0, on_ground=true, pos=37,115,51}
[21:40:00] [Server thread/WARN]: [AIBot] PERCEPTION event=snapshot_slow bot=Bob {elapsed_ms=13}
[21:40:00] [Server thread/INFO]: [AIBot] ACTION event=capability_decision bot=Bob {reason=DENIED_STRICT_SURVIVAL, allowed=false, profile=strict_survival, capability=HIDDEN_BLOCK_SCAN, context=observable_entity_query}
[21:40:00] [Server thread/WARN]: [AIBot] PERCEPTION event=snapshot_slow bot=Bob {elapsed_ms=19}
[21:40:01] [Server thread/WARN]: [AIBot] PERCEPTION event=snapshot_slow bot=Bob {elapsed_ms=14}
[21:40:01] [Server thread/WARN]: [AIBot] PERCEPTION event=snapshot_slow bot=Bob {elapsed_ms=16}
[21:40:01] [Server thread/INFO]: [AIBot] ACTION event=diag_snapshot bot=Bob {fall=0.0, held=minecraft:oak_planksx7, task_state=COMPLETED, submerged=false, light=3, step=, in_lava=false, task_phase=, goal=none, task_progress=1.0, task=evade, mode=survival, air=300, food=17, path_idle=true, inv=minecraft:crafting_tablex1 minecraft:oak_planksx7, nearby=animals=0 hostiles=2(zombie@11), mining_idle=true, hp=2.0/20.0, on_ground=true, pos=37,115,51}
[21:40:02] [Server thread/WARN]: [AIBot] PERCEPTION event=snapshot_slow bot=Bob {elapsed_ms=14}
[21:40:02] [Server thread/INFO]: [AIBot] ACTION event=creeper_defense_escape_started bot=Bob {reason=initial, source=class_2338{x=53, y=117, z=52}, goal=class_2338{x=25, y=114, z=50}, source_id=98827aaa-fdec-4d6b-a64a-4ffd3b2a5cbd, hidden_ticks=0}
[21:40:02] [Server thread/INFO]: [AIBot] TASK event=task_assigned bot=Bob {origin=SAFETY, params=Creeper defense phase=ESCAPE source=53,117,52 source_id=98827aaa-fdec-4d6b-a64a-4ffd3b2a5cbd escape=25,114,50 core_remaining=0 wing_remaining=0 wall_placed=0 hidden_ticks=0, origin_reason=creeper_defense, name=creeper_defense}
[21:40:02] [Server thread/INFO]: [AIBot] DANGER event=creeper_defense_started bot=Bob {replace_in_place=false, replaced=none, source=class_2338{x=53, y=117, z=52}, paused_depth=0}
[21:40:02] [Server thread/INFO]: [AIBot] ACTION event=fake_player_step bot=Bob {to=class_2338{x=36, y=114, z=51}, from=class_2338{x=37, y=115, z=51}, reason=path_drop_down}
[21:40:02] [Server thread/WARN]: [AIBot] PERCEPTION event=snapshot_slow bot=Bob {elapsed_ms=12}
[21:40:03] [Server thread/WARN]: [AIBot] PERCEPTION event=snapshot_slow bot=Bob {elapsed_ms=13}
[21:40:03] [Server thread/WARN]: [AIBot] PERCEPTION event=snapshot_slow bot=Bob {elapsed_ms=14}
[21:40:03] [Server thread/INFO]: [AIBot] ACTION event=diag_snapshot bot=Bob {fall=0.0, held=minecraft:oak_planksx7, task_state=RUNNING, submerged=false, light=4, step=, in_lava=false, task_phase=ESCAPE, goal=none, task_progress=0.1, task=creeper_defense, mode=survival, air=300, food=17, path_idle=false, inv=minecraft:crafting_tablex1 minecraft:oak_planksx7, nearby=animals=0 hostiles=2(zombie@3), mining_idle=true, hp=2.0/20.0, on_ground=true, pos=31,114,50}
[21:40:04] [Server thread/WARN]: [AIBot] PERCEPTION event=snapshot_slow bot=Bob {elapsed_ms=12}
[21:40:04] [Server thread/INFO]: [AIBot] ACTION event=creeper_defense_escape_started bot=Bob {reason=route_boundary, source=class_2338{x=53, y=117, z=52}, goal=class_2338{x=15, y=114, z=49}, source_id=98827aaa-fdec-4d6b-a64a-4ffd3b2a5cbd, hidden_ticks=35}
[21:40:04] [Server thread/INFO]: [AIBot] ACTION event=capability_decision bot=Bob {reason=DENIED_STRICT_SURVIVAL, allowed=false, profile=strict_survival, capability=HIDDEN_BLOCK_SCAN, context=perception_snapshot}
[21:40:04] [Server thread/INFO]: [AIBot] ACTION event=capability_decision bot=Bob {reason=DENIED_STRICT_SURVIVAL, allowed=false, profile=strict_survival, capability=HIDDEN_BLOCK_SCAN, context=observable_block_query}
[21:40:04] [Server thread/WARN]: [AIBot] PERCEPTION event=snapshot_slow bot=Bob {elapsed_ms=16}
[21:40:05] [Server thread/INFO]: [AIBot] ACTION event=fake_player_jump bot=Bob {to=class_2338{x=23, y=115, z=50}, from=class_2338{x=24, y=114, z=50}, reason=path_jump_up}
[21:40:05] [Server thread/WARN]: [AIBot] PERCEPTION event=snapshot_slow bot=Bob {elapsed_ms=12}
[21:40:05] [Server thread/INFO]: [AIBot] ACTION event=capability_decision bot=Bob {reason=DENIED_STRICT_SURVIVAL, allowed=false, profile=strict_survival, capability=HIDDEN_BLOCK_SCAN, context=observable_entity_query}
[21:40:05] [Server thread/WARN]: [AIBot] PERCEPTION event=snapshot_slow bot=Bob {elapsed_ms=14}
[21:40:05] [Server thread/INFO]: [AIBot] ACTION event=capability_decision bot=Bob {reason=DENIED_STRICT_SURVIVAL, allowed=false, profile=strict_survival, capability=HIDDEN_BLOCK_SCAN, context=diagnostic_nearby}
[21:40:05] [Server thread/INFO]: [AIBot] ACTION event=diag_snapshot bot=Bob {fall=0.0, held=minecraft:oak_planksx7, task_state=RUNNING, submerged=false, light=3, step=, in_lava=false, task_phase=ESCAPE, goal=none, task_progress=0.2, task=creeper_defense, mode=survival, air=300, food=17, path_idle=false, inv=minecraft:crafting_tablex1 minecraft:oak_planksx7, nearby=animals=0 hostiles=2(zombie@7), mining_idle=true, hp=2.0/20.0, on_ground=true, pos=19,115,49}
[21:40:06] [Server thread/INFO]: [AIBot] ACTION event=creeper_defense_escape_started bot=Bob {reason=route_boundary, source=class_2338{x=53, y=117, z=52}, goal=class_2338{x=6, y=113, z=48}, source_id=98827aaa-fdec-4d6b-a64a-4ffd3b2a5cbd, hidden_ticks=70}
[21:40:06] [Server thread/INFO]: [AIBot] ACTION event=fake_player_step bot=Bob {to=class_2338{x=15, y=114, z=48}, from=class_2338{x=16, y=115, z=48}, reason=path_drop_down}
[21:40:06] [Server thread/WARN]: [AIBot] PERCEPTION event=snapshot_slow bot=Bob {elapsed_ms=12}
[21:40:07] [Server thread/INFO]: [AIBot] DANGER event=creeper_defense_completed bot=Bob {source=class_2338{x=53, y=117, z=52}, occluded=false, distance_sq=1953.3199956156689, reason=last_seen_clearance, source_id=98827aaa-fdec-4d6b-a64a-4ffd3b2a5cbd, hidden_ticks=100}
[21:40:07] [Server thread/INFO]: [AIBot] TASK event=task_completed bot=Bob {elapsed_ticks=100, name=creeper_defense}
[21:40:07] [Server thread/WARN]: [AIBot] PERCEPTION event=snapshot_slow bot=Bob {elapsed_ms=11}
[21:40:07] [Server thread/INFO]: [AIBot] ACTION event=diag_snapshot bot=Bob {fall=0.0, held=minecraft:oak_planksx7, task_state=COMPLETED, submerged=false, light=2, step=, in_lava=false, task_phase=ESCAPE, goal=none, task_progress=1.0, task=creeper_defense, mode=survival, air=300, food=17, path_idle=true, inv=minecraft:crafting_tablex1 minecraft:oak_planksx7, nearby=animals=0 hostiles=2(zombie@14), mining_idle=true, hp=2.0/20.0, on_ground=true, pos=9,114,48}
[21:40:08] [Server thread/WARN]: [AIBot] PERCEPTION event=snapshot_slow bot=Bob {elapsed_ms=14}
[21:40:09] [Server thread/INFO]: [AIBot] ACTION event=capability_decision bot=Bob {reason=DENIED_STRICT_SURVIVAL, allowed=false, profile=strict_survival, capability=HIDDEN_BLOCK_SCAN, context=observable_block_query}
[21:40:09] [Server thread/INFO]: [AIBot] ACTION event=capability_decision bot=Bob {reason=DENIED_STRICT_SURVIVAL, allowed=false, profile=strict_survival, capability=HIDDEN_BLOCK_SCAN, context=perception_snapshot}
[21:40:09] [Server thread/WARN]: [AIBot] PERCEPTION event=snapshot_slow bot=Bob {elapsed_ms=11}
[21:40:09] [Server thread/INFO]: [AIBot] ACTION event=diag_snapshot bot=Bob {fall=0.0, held=minecraft:oak_planksx7, task_state=COMPLETED, submerged=false, light=2, step=, in_lava=false, task_phase=ESCAPE, goal=none, task_progress=1.0, task=creeper_defense, mode=survival, air=300, food=17, path_idle=true, inv=minecraft:crafting_tablex1 minecraft:oak_planksx7, nearby=animals=0 hostiles=2(zombie@10), mining_idle=true, hp=2.0/20.0, on_ground=true, pos=9,114,48}
[21:40:10] [Server thread/INFO]: [AIBot] TASK event=task_assigned bot=Bob {origin=SAFETY, params=Evading LOW_HP toward -3,112,47, origin_reason=threat:LOW_HP, name=evade}
[21:40:10] [Server thread/INFO]: [AIBot] DANGER event=threat_detected bot=Bob {severity=HIGH, decision=evade, source=class_2338{x=18, y=115, z=49}, type=LOW_HP}
[21:40:10] [Server thread/INFO]: [AIBot] ACTION event=fake_player_step bot=Bob {to=class_2338{x=7, y=113, z=48}, from=class_2338{x=8, y=114, z=48}, reason=path_drop_down}
[21:40:10] [Server thread/INFO]: [AIBot] ACTION event=capability_decision bot=Bob {reason=DENIED_STRICT_SURVIVAL, allowed=false, profile=strict_survival, capability=HIDDEN_BLOCK_SCAN, context=observable_entity_query}
[21:40:10] [Server thread/WARN]: [AIBot] PERCEPTION event=snapshot_slow bot=Bob {elapsed_ms=16}
[21:40:11] [Server thread/WARN]: [AIBot] PERCEPTION event=snapshot_slow bot=Bob {elapsed_ms=13}
[21:40:11] [Server thread/INFO]: [AIBot] ACTION event=fake_player_step bot=Bob {to=class_2338{x=-1, y=113, z=49}, from=class_2338{x=0, y=114, z=49}, reason=path_drop_down}
[21:40:11] [Server thread/INFO]: [AIBot] ACTION event=fake_player_step bot=Bob {to=class_2338{x=-1, y=112, z=49}, from=class_2338{x=-1, y=113, z=49}, reason=path_drop_down}
[21:40:11] [Server thread/INFO]: [AIBot] TASK event=task_completed bot=Bob {elapsed_ticks=34, name=evade}
[21:40:11] [Server thread/WARN]: [AIBot] PERCEPTION event=snapshot_slow bot=Bob {elapsed_ms=11}
[21:40:11] [Server thread/INFO]: [AIBot] ACTION event=capability_decision bot=Bob {reason=DENIED_STRICT_SURVIVAL, allowed=false, profile=strict_survival, capability=HIDDEN_BLOCK_SCAN, context=diagnostic_nearby}
[21:40:11] [Server thread/INFO]: [AIBot] ACTION event=diag_snapshot bot=Bob {fall=0.0, held=minecraft:oak_planksx7, task_state=COMPLETED, submerged=false, light=4, step=, in_lava=false, task_phase=, goal=none, task_progress=1.0, task=evade, mode=survival, air=300, food=17, path_idle=true, inv=minecraft:crafting_tablex1 minecraft:oak_planksx7, nearby=animals=0 hostiles=0, mining_idle=true, hp=2.0/20.0, on_ground=false, pos=-2,113,49}
[21:40:12] [Server thread/WARN]: [AIBot] PERCEPTION event=snapshot_slow bot=Bob {elapsed_ms=11}
[21:40:12] [Server thread/WARN]: [AIBot] PERCEPTION event=snapshot_slow bot=Bob {elapsed_ms=12}
[21:40:13] [Server thread/WARN]: [AIBot] PERCEPTION event=snapshot_slow bot=Bob {elapsed_ms=11}
[21:40:13] [Server thread/WARN]: [AIBot] PERCEPTION event=snapshot_slow bot=Bob {elapsed_ms=12}
[21:40:13] [Server thread/INFO]: [AIBot] ACTION event=diag_snapshot bot=Bob {fall=0.0, held=minecraft:oak_planksx7, task_state=COMPLETED, submerged=false, light=4, step=, in_lava=false, task_phase=, goal=none, task_progress=1.0, task=evade, mode=survival, air=300, food=17, path_idle=true, inv=minecraft:crafting_tablex1 minecraft:oak_planksx7, nearby=animals=0 hostiles=2(zombie@13), mining_idle=true, hp=2.0/20.0, on_ground=true, pos=-3,112,49}
[21:40:14] [Server thread/WARN]: [AIBot] PERCEPTION event=snapshot_slow bot=Bob {elapsed_ms=13}
[21:40:14] [Server thread/INFO]: [AIBot] ACTION event=capability_decision bot=Bob {reason=DENIED_STRICT_SURVIVAL, allowed=false, profile=strict_survival, capability=HIDDEN_BLOCK_SCAN, context=observable_block_query}
[21:40:14] [Server thread/INFO]: [AIBot] ACTION event=capability_decision bot=Bob {reason=DENIED_STRICT_SURVIVAL, allowed=false, profile=strict_survival, capability=HIDDEN_BLOCK_SCAN, context=perception_snapshot}
[21:40:14] [Server thread/WARN]: [AIBot] PERCEPTION event=snapshot_slow bot=Bob {elapsed_ms=15}
[21:40:15] [Server thread/INFO]: [AIBot] TASK event=task_assigned bot=Bob {origin=SAFETY, params=Evading LOW_HP toward -15,110,49, origin_reason=threat:LOW_HP, name=evade}
[21:40:15] [Server thread/INFO]: [AIBot] DANGER event=threat_detected bot=Bob {severity=HIGH, decision=evade, source=class_2338{x=7, y=113, z=49}, type=LOW_HP}
[21:40:15] [Server thread/WARN]: [AIBot] PERCEPTION event=snapshot_slow bot=Bob {elapsed_ms=11}
[21:40:15] [Server thread/INFO]: [AIBot] ACTION event=capability_decision bot=Bob {reason=DENIED_STRICT_SURVIVAL, allowed=false, profile=strict_survival, capability=HIDDEN_BLOCK_SCAN, context=observable_entity_query}
[21:40:15] [Server thread/WARN]: [AIBot] PERCEPTION event=snapshot_slow bot=Bob {elapsed_ms=14}
[21:40:15] [Server thread/INFO]: [AIBot] ACTION event=diag_snapshot bot=Bob {fall=0.0, held=minecraft:oak_planksx7, task_state=RUNNING, submerged=false, light=4, step=, in_lava=false, task_phase=, goal=none, task_progress=0.1, task=evade, mode=survival, air=300, food=17, path_idle=false, inv=minecraft:crafting_tablex1 minecraft:oak_planksx7, nearby=animals=0 hostiles=2(zombie@11), mining_idle=true, hp=2.0/20.0, on_ground=false, pos=-6,112,49}
[21:40:16] [Server thread/INFO]: [AIBot] ACTION event=fake_player_step bot=Bob {to=class_2338{x=-9, y=111, z=49}, from=class_2338{x=-8, y=112, z=49}, reason=path_drop_down}
[21:40:16] [Server thread/WARN]: [AIBot] PERCEPTION event=snapshot_slow bot=Bob {elapsed_ms=11}
[21:40:16] [Server thread/INFO]: [AIBot] ACTION event=fake_player_step bot=Bob {to=class_2338{x=-13, y=111, z=49}, from=class_2338{x=-12, y=112, z=49}, reason=path_drop_down}
[21:40:16] [Server thread/INFO]: [AIBot] TASK event=task_completed bot=Bob {elapsed_ticks=32, name=evade}
[21:40:16] [Server thread/WARN]: [AIBot] PERCEPTION event=snapshot_slow bot=Bob {elapsed_ms=19}
[21:40:17] [Server thread/WARN]: [AIBot] PERCEPTION event=snapshot_slow bot=Bob {elapsed_ms=13}
[21:40:17] [Server thread/WARN]: [AIBot] PERCEPTION event=snapshot_slow bot=Bob {elapsed_ms=15}
[21:40:17] [Server thread/INFO]: [AIBot] ACTION event=capability_decision bot=Bob {reason=DENIED_STRICT_SURVIVAL, allowed=false, profile=strict_survival, capability=HIDDEN_BLOCK_SCAN, context=diagnostic_nearby}
[21:40:17] [Server thread/INFO]: [AIBot] ACTION event=diag_snapshot bot=Bob {fall=0.0, held=minecraft:oak_planksx7, task_state=COMPLETED, submerged=false, light=4, step=, in_lava=false, task_phase=, goal=none, task_progress=1.0, task=evade, mode=survival, air=300, food=17, path_idle=true, inv=minecraft:crafting_tablex1 minecraft:oak_planksx7, nearby=animals=0 hostiles=1(zombie@14), mining_idle=true, hp=2.0/20.0, on_ground=true, pos=-13,109,49}
[21:40:18] [Server thread/WARN]: [AIBot] PERCEPTION event=snapshot_slow bot=Bob {elapsed_ms=14}
[21:40:18] [Server thread/WARN]: [AIBot] PERCEPTION event=snapshot_slow bot=Bob {elapsed_ms=18}
[21:40:19] [Server thread/WARN]: [AIBot] PERCEPTION event=snapshot_slow bot=Bob {elapsed_ms=12}
[21:40:19] [Server thread/INFO]: [AIBot] ACTION event=capability_decision bot=Bob {reason=DENIED_STRICT_SURVIVAL, allowed=false, profile=strict_survival, capability=HIDDEN_BLOCK_SCAN, context=observable_block_query}
[21:40:19] [Server thread/INFO]: [AIBot] ACTION event=capability_decision bot=Bob {reason=DENIED_STRICT_SURVIVAL, allowed=false, profile=strict_survival, capability=HIDDEN_BLOCK_SCAN, context=perception_snapshot}
[21:40:19] [Server thread/WARN]: [AIBot] PERCEPTION event=snapshot_slow bot=Bob {elapsed_ms=12}
[21:40:19] [Server thread/INFO]: [AIBot] ACTION event=diag_snapshot bot=Bob {fall=0.0, held=minecraft:oak_planksx7, task_state=COMPLETED, submerged=false, light=4, step=, in_lava=false, task_phase=, goal=none, task_progress=1.0, task=evade, mode=survival, air=300, food=17, path_idle=true, inv=minecraft:crafting_tablex1 minecraft:oak_planksx7, nearby=animals=0 hostiles=2(zombie@10), mining_idle=true, hp=2.0/20.0, on_ground=true, pos=-13,109,49}
[21:40:19] [Server thread/INFO]: [AIBot] ACTION event=fake_player_jump bot=Bob {to=class_2338{x=-14, y=110, z=49}, from=class_2338{x=-13, y=109, z=49}, reason=path_start_physical_snap:path_start_invalid}
[21:40:19] [Server thread/INFO]: [AIBot] TASK event=task_assigned bot=Bob {origin=SAFETY, params=Evading LOW_HP toward -25,109,49, origin_reason=threat:LOW_HP, name=evade}
[21:40:19] [Server thread/INFO]: [AIBot] DANGER event=threat_detected bot=Bob {severity=HIGH, decision=evade, source=class_2338{x=-3, y=111, z=49}, type=LOW_HP}
[21:40:20] [Server thread/WARN]: [AIBot] PERCEPTION event=snapshot_slow bot=Bob {elapsed_ms=16}
[21:40:20] [Server thread/INFO]: [AIBot] ACTION event=capability_decision bot=Bob {reason=DENIED_STRICT_SURVIVAL, allowed=false, profile=strict_survival, capability=HIDDEN_BLOCK_SCAN, context=observable_entity_query}
[21:40:20] [Server thread/WARN]: [AIBot] PERCEPTION event=snapshot_slow bot=Bob {elapsed_ms=16}
[21:40:21] [Server thread/INFO]: [AIBot] ACTION event=fake_player_step bot=Bob {to=class_2338{x=-21, y=109, z=49}, from=class_2338{x=-20, y=110, z=49}, reason=path_drop_down}
[21:40:21] [Server thread/WARN]: [AIBot] PERCEPTION event=snapshot_slow bot=Bob {elapsed_ms=30}
[21:40:21] [Server thread/INFO]: [AIBot] TASK event=task_completed bot=Bob {elapsed_ticks=31, name=evade}
[21:40:21] [Server thread/WARN]: [AIBot] PERCEPTION event=snapshot_slow bot=Bob {elapsed_ms=18}
[21:40:21] [Server thread/INFO]: [AIBot] ACTION event=diag_snapshot bot=Bob {fall=0.0, held=minecraft:oak_planksx7, task_state=COMPLETED, submerged=false, light=10, step=, in_lava=false, task_phase=, goal=none, task_progress=1.0, task=evade, mode=survival, air=300, food=16, path_idle=true, inv=minecraft:crafting_tablex1 minecraft:oak_planksx7, nearby=animals=0 hostiles=0, mining_idle=true, hp=2.0/20.0, on_ground=true, pos=-24,108,49}
[21:40:22] [Server thread/WARN]: [AIBot] PERCEPTION event=snapshot_slow bot=Bob {elapsed_ms=17}
[21:40:22] [Server thread/WARN]: [AIBot] PERCEPTION event=snapshot_slow bot=Bob {elapsed_ms=14}
[21:40:23] [Server thread/WARN]: [AIBot] PERCEPTION event=snapshot_slow bot=Bob {elapsed_ms=16}
[21:40:23] [Server thread/WARN]: [AIBot] PERCEPTION event=snapshot_slow bot=Bob {elapsed_ms=16}
[21:40:23] [Server thread/INFO]: [AIBot] ACTION event=capability_decision bot=Bob {reason=DENIED_STRICT_SURVIVAL, allowed=false, profile=strict_survival, capability=HIDDEN_BLOCK_SCAN, context=diagnostic_nearby}
[21:40:23] [Server thread/INFO]: [AIBot] ACTION event=diag_snapshot bot=Bob {fall=0.0, held=minecraft:oak_planksx7, task_state=COMPLETED, submerged=false, light=10, step=, in_lava=false, task_phase=, goal=none, task_progress=1.0, task=evade, mode=survival, air=300, food=16, path_idle=true, inv=minecraft:crafting_tablex1 minecraft:oak_planksx7, nearby=animals=0 hostiles=2(zombie@12), mining_idle=true, hp=2.0/20.0, on_ground=true, pos=-24,108,49}
[21:40:24] [Server thread/WARN]: [AIBot] PERCEPTION event=snapshot_slow bot=Bob {elapsed_ms=22}
[21:40:24] [Server thread/INFO]: [AIBot] ACTION event=fake_player_jump bot=Bob {to=class_2338{x=-23, y=109, z=49}, from=class_2338{x=-24, y=108, z=49}, reason=path_start_physical_snap:path_start_invalid}
[21:40:24] [Server thread/INFO]: [AIBot] TASK event=task_assigned bot=Bob {origin=SAFETY, params=Evading LOW_HP toward -36,108,49, origin_reason=threat:LOW_HP, name=evade}
[21:40:24] [Server thread/INFO]: [AIBot] DANGER event=threat_detected bot=Bob {severity=HIGH, decision=evade, source=class_2338{x=-14, y=109, z=49}, type=LOW_HP}
[21:40:24] [Server thread/INFO]: [AIBot] ACTION event=capability_decision bot=Bob {reason=DENIED_STRICT_SURVIVAL, allowed=false, profile=strict_survival, capability=HIDDEN_BLOCK_SCAN, context=perception_snapshot}
[21:40:24] [Server thread/INFO]: [AIBot] ACTION event=capability_decision bot=Bob {reason=DENIED_STRICT_SURVIVAL, allowed=false, profile=strict_survival, capability=HIDDEN_BLOCK_SCAN, context=observable_block_query}
[21:40:24] [Server thread/WARN]: [AIBot] PERCEPTION event=snapshot_slow bot=Bob {elapsed_ms=14}
[21:40:25] [Server thread/WARN]: [AIBot] PERCEPTION event=snapshot_slow bot=Bob {elapsed_ms=13}
[21:40:25] [Server thread/INFO]: [AIBot] ACTION event=capability_decision bot=Bob {reason=DENIED_STRICT_SURVIVAL, allowed=false, profile=strict_survival, capability=HIDDEN_BLOCK_SCAN, context=observable_entity_query}
[21:40:25] [Server thread/WARN]: [AIBot] PERCEPTION event=snapshot_slow bot=Bob {elapsed_ms=15}
[21:40:25] [Server thread/INFO]: [AIBot] ACTION event=diag_snapshot bot=Bob {fall=0.0, held=minecraft:oak_planksx7, task_state=RUNNING, submerged=false, light=7, step=, in_lava=false, task_phase=, goal=none, task_progress=0.1, task=evade, mode=survival, air=300, food=16, path_idle=false, inv=minecraft:crafting_tablex1 minecraft:oak_planksx7, nearby=animals=0 hostiles=3(zombie@11), mining_idle=true, hp=2.0/20.0, on_ground=true, pos=-28,109,47}
[21:40:26] [Server thread/WARN]: [AIBot] PERCEPTION event=snapshot_slow bot=Bob {elapsed_ms=12}
[21:40:26] [Server thread/WARN]: [AIBot] PERCEPTION event=snapshot_slow bot=Bob {elapsed_ms=14}
[21:40:27] [Server thread/INFO]: [AIBot] ACTION event=fake_player_step bot=Bob {to=class_2338{x=-34, y=108, z=49}, from=class_2338{x=-33, y=109, z=49}, reason=path_drop_down}
[21:40:27] [Server thread/INFO]: [AIBot] TASK event=task_completed bot=Bob {elapsed_ticks=44, name=evade}
[21:40:27] [Server thread/INFO]: [AIBot] COMM event=findpath_timeout_diag bot=- {explored=4609, ms=51, dig=false, open=341}
[21:40:27] [Server thread/INFO]: [AIBot] TASK event=task_assigned bot=Bob {origin=SAFETY, params=Evading LOW_HP toward -30,110,60, origin_reason=threat:LOW_HP, name=evade}
[21:40:27] [Server thread/INFO]: [AIBot] DANGER event=threat_detected bot=Bob {severity=HIGH, decision=evade, source=class_2338{x=-38, y=108, z=47}, type=LOW_HP}
[21:40:27] [Server thread/INFO]: [AIBot] ACTION event=fake_player_jump bot=Bob {to=class_2338{x=-33, y=109, z=49}, from=class_2338{x=-34, y=108, z=49}, reason=path_jump_up}
[21:40:27] [Server thread/WARN]: [AIBot] PERCEPTION event=snapshot_slow bot=Bob {elapsed_ms=12}
[21:40:27] [Server thread/INFO]: [AIBot] ACTION event=fake_player_jump bot=Bob {to=class_2338{x=-31, y=110, z=50}, from=class_2338{x=-32, y=109, z=50}, reason=path_jump_up}
[21:40:27] [Server thread/WARN]: [AIBot] PERCEPTION event=snapshot_slow bot=Bob {elapsed_ms=17}
[21:40:27] [Server thread/INFO]: [AIBot] ACTION event=diag_snapshot bot=Bob {fall=0.0, held=minecraft:oak_planksx7, task_state=RUNNING, submerged=false, light=4, step=, in_lava=false, task_phase=, goal=none, task_progress=0.1, task=evade, mode=survival, air=300, food=16, path_idle=false, inv=minecraft:crafting_tablex1 minecraft:oak_planksx7, nearby=animals=0 hostiles=3(zombie@7), mining_idle=true, hp=2.0/20.0, on_ground=false, pos=-31,111,52}
[21:40:28] [Server thread/WARN]: [AIBot] PERCEPTION event=snapshot_slow bot=Bob {elapsed_ms=13}
[21:40:28] [Server thread/WARN]: [AIBot] PERCEPTION event=snapshot_slow bot=Bob {elapsed_ms=12}
[21:40:28] [Server thread/INFO]: [AIBot] ACTION event=evade_pressure_extended bot=Bob {source=class_2338{x=-35, y=108, z=50}, to_goal=class_2338{x=-23, y=111, z=68}, from_goal=class_2338{x=-30, y=110, z=60}}
[21:40:29] [Server thread/WARN]: [AIBot] PERCEPTION event=snapshot_slow bot=Bob {elapsed_ms=12}
[21:40:29] [Server thread/INFO]: [AIBot] ACTION event=fake_player_jump bot=Bob {to=class_2338{x=-29, y=111, z=63}, from=class_2338{x=-29, y=110, z=62}, reason=path_jump_up}
[21:40:29] [Server thread/INFO]: [AIBot] ACTION event=capability_decision bot=Bob {reason=DENIED_STRICT_SURVIVAL, allowed=false, profile=strict_survival, capability=HIDDEN_BLOCK_SCAN, context=observable_block_query}
[21:40:29] [Server thread/INFO]: [AIBot] ACTION event=capability_decision bot=Bob {reason=DENIED_STRICT_SURVIVAL, allowed=false, profile=strict_survival, capability=HIDDEN_BLOCK_SCAN, context=perception_snapshot}
[21:40:29] [Server thread/WARN]: [AIBot] PERCEPTION event=snapshot_slow bot=Bob {elapsed_ms=13}
[21:40:29] [Server thread/INFO]: [AIBot] ACTION event=capability_decision bot=Bob {reason=DENIED_STRICT_SURVIVAL, allowed=false, profile=strict_survival, capability=HIDDEN_BLOCK_SCAN, context=diagnostic_nearby}
[21:40:29] [Server thread/INFO]: [AIBot] ACTION event=diag_snapshot bot=Bob {fall=0.0, held=minecraft:oak_planksx7, task_state=RUNNING, submerged=false, light=4, step=, in_lava=false, task_phase=, goal=none, task_progress=0.3, task=evade, mode=survival, air=300, food=16, path_idle=false, inv=minecraft:crafting_tablex1 minecraft:oak_planksx7, nearby=animals=0 hostiles=2(zombie@12), mining_idle=true, hp=2.0/20.0, on_ground=true, pos=-29,111,63}
[21:40:30] [Server thread/WARN]: [AIBot] PERCEPTION event=snapshot_slow bot=Bob {elapsed_ms=14}
[21:40:30] [Server thread/INFO]: [AIBot] ACTION event=capability_decision bot=Bob {reason=DENIED_STRICT_SURVIVAL, allowed=false, profile=strict_survival, capability=HIDDEN_BLOCK_SCAN, context=observable_entity_query}
[21:40:30] [Server thread/WARN]: [AIBot] PERCEPTION event=snapshot_slow bot=Bob {elapsed_ms=17}
[21:40:30] [Server thread/INFO]: [AIBot] TASK event=task_completed bot=Bob {elapsed_ticks=77, name=evade}
[21:40:31] [Server thread/WARN]: [AIBot] PERCEPTION event=snapshot_slow bot=Bob {elapsed_ms=12}
[21:40:31] [Server thread/INFO]: [AIBot] ACTION event=diag_snapshot bot=Bob {fall=0.0, held=minecraft:oak_planksx7, task_state=COMPLETED, submerged=false, light=4, step=, in_lava=false, task_phase=, goal=none, task_progress=1.0, task=evade, mode=survival, air=300, food=16, path_idle=true, inv=minecraft:crafting_tablex1 minecraft:oak_planksx7, nearby=animals=0 hostiles=3(zombie@13), mining_idle=true, hp=2.0/20.0, on_ground=true, pos=-24,111,67}
[21:40:32] [Server thread/WARN]: [AIBot] PERCEPTION event=snapshot_slow bot=Bob {elapsed_ms=13}
[21:40:32] [Server thread/WARN]: [AIBot] PERCEPTION event=snapshot_slow bot=Bob {elapsed_ms=15}
[21:40:33] [Server thread/WARN]: [AIBot] PERCEPTION event=snapshot_slow bot=Bob {elapsed_ms=12}
[21:40:33] [Server thread/INFO]: [AIBot] TASK event=task_assigned bot=Bob {origin=SAFETY, params=Evading LOW_HP toward -21,112,79, origin_reason=threat:LOW_HP, name=evade}
[21:40:33] [Server thread/INFO]: [AIBot] DANGER event=threat_detected bot=Bob {severity=HIGH, decision=evade, source=class_2338{x=-27, y=110, z=57}, type=LOW_HP}
[21:40:33] [Server thread/WARN]: [AIBot] PERCEPTION event=snapshot_slow bot=Bob {elapsed_ms=12}
[21:40:33] [Server thread/INFO]: [AIBot] ACTION event=diag_snapshot bot=Bob {fall=0.0, held=minecraft:oak_planksx7, task_state=RUNNING, submerged=false, light=4, step=, in_lava=false, task_phase=, goal=none, task_progress=0.0, task=evade, mode=survival, air=300, food=16, path_idle=false, inv=minecraft:crafting_tablex1 minecraft:oak_planksx7, nearby=animals=0 hostiles=3(zombie@10), mining_idle=true, hp=2.0/20.0, on_ground=true, pos=-24,111,68}
[21:40:34] [Server thread/WARN]: [AIBot] PERCEPTION event=snapshot_slow bot=Bob {elapsed_ms=14}
[21:40:34] [Server thread/INFO]: [AIBot] ACTION event=fake_player_jump bot=Bob {to=class_2338{x=-21, y=112, z=72}, from=class_2338{x=-21, y=111, z=71}, reason=path_jump_up}
[21:40:34] [Server thread/INFO]: [AIBot] ACTION event=capability_decision bot=Bob {reason=DENIED_STRICT_SURVIVAL, allowed=false, profile=strict_survival, capability=HIDDEN_BLOCK_SCAN, context=observable_block_query}
[21:40:34] [Server thread/INFO]: [AIBot] ACTION event=capability_decision bot=Bob {reason=DENIED_STRICT_SURVIVAL, allowed=false, profile=strict_survival, capability=HIDDEN_BLOCK_SCAN, context=perception_snapshot}
[21:40:35] [Server thread/INFO]: [AIBot] TASK event=task_completed bot=Bob {elapsed_ticks=39, name=evade}
[21:40:35] [Server thread/INFO]: [AIBot] ACTION event=capability_decision bot=Bob {reason=DENIED_STRICT_SURVIVAL, allowed=false, profile=strict_survival, capability=HIDDEN_BLOCK_SCAN, context=observable_entity_query}
[21:40:35] [Server thread/INFO]: [AIBot] ACTION event=capability_decision bot=Bob {reason=DENIED_STRICT_SURVIVAL, allowed=false, profile=strict_survival, capability=HIDDEN_BLOCK_SCAN, context=diagnostic_nearby}
[21:40:35] [Server thread/INFO]: [AIBot] ACTION event=diag_snapshot bot=Bob {fall=0.0, held=minecraft:oak_planksx7, task_state=COMPLETED, submerged=false, light=4, step=, in_lava=false, task_phase=, goal=none, task_progress=1.0, task=evade, mode=survival, air=300, food=16, path_idle=true, inv=minecraft:crafting_tablex1 minecraft:oak_planksx7, nearby=animals=0 hostiles=0, mining_idle=true, hp=2.0/20.0, on_ground=true, pos=-21,112,77}
[21:40:36] [Server thread/WARN]: [AIBot] PERCEPTION event=snapshot_slow bot=Bob {elapsed_ms=13}
[21:40:37] [Server thread/WARN]: [AIBot] PERCEPTION event=snapshot_slow bot=Bob {elapsed_ms=12}
[21:40:37] [Server thread/WARN]: [AIBot] PERCEPTION event=snapshot_slow bot=Bob {elapsed_ms=14}
[21:40:37] [Server thread/INFO]: [AIBot] ACTION event=diag_snapshot bot=Bob {fall=0.0, held=minecraft:oak_planksx7, task_state=COMPLETED, submerged=false, light=4, step=, in_lava=false, task_phase=, goal=none, task_progress=1.0, task=evade, mode=survival, air=300, food=16, path_idle=true, inv=minecraft:crafting_tablex1 minecraft:oak_planksx7, nearby=animals=0 hostiles=3(zombie@13), mining_idle=true, hp=2.0/20.0, on_ground=true, pos=-21,112,77}
[21:40:38] [Server thread/WARN]: [AIBot] PERCEPTION event=snapshot_slow bot=Bob {elapsed_ms=11}
[21:40:39] [Server thread/INFO]: [AIBot] TASK event=task_assigned bot=Bob {origin=SAFETY, params=Evading LOW_HP toward -17,112,88, origin_reason=threat:LOW_HP, name=evade}
[21:40:39] [Server thread/INFO]: [AIBot] DANGER event=threat_detected bot=Bob {severity=HIGH, decision=evade, source=class_2338{x=-24, y=111, z=68}, type=LOW_HP}
[21:40:39] [Server thread/INFO]: [AIBot] LIFECYCLE event=mixin_alive bot=- {server_tick=14400}
[21:40:39] [Server thread/INFO]: [AIBot] ACTION event=capability_decision bot=Bob {reason=DENIED_STRICT_SURVIVAL, allowed=false, profile=strict_survival, capability=HIDDEN_BLOCK_SCAN, context=observable_block_query}
[21:40:39] [Server thread/INFO]: [AIBot] ACTION event=capability_decision bot=Bob {reason=DENIED_STRICT_SURVIVAL, allowed=false, profile=strict_survival, capability=HIDDEN_BLOCK_SCAN, context=perception_snapshot}
[21:40:39] [Server thread/WARN]: [AIBot] PERCEPTION event=snapshot_slow bot=Bob {elapsed_ms=14}
[21:40:39] [Server thread/INFO]: [AIBot] ACTION event=diag_snapshot bot=Bob {fall=0.0, held=minecraft:oak_planksx7, task_state=RUNNING, submerged=false, light=4, step=, in_lava=false, task_phase=, goal=none, task_progress=0.1, task=evade, mode=survival, air=300, food=16, path_idle=false, inv=minecraft:crafting_tablex1 minecraft:oak_planksx7, nearby=animals=0 hostiles=3(zombie@11), mining_idle=true, hp=2.0/20.0, on_ground=true, pos=-20,112,79}
[21:40:40] [Server thread/INFO]: [AIBot] ACTION event=capability_decision bot=Bob {reason=DENIED_STRICT_SURVIVAL, allowed=false, profile=strict_survival, capability=HIDDEN_BLOCK_SCAN, context=observable_entity_query}
[21:40:40] [Server thread/WARN]: [AIBot] PERCEPTION event=snapshot_slow bot=Bob {elapsed_ms=13}
[21:40:41] [Server thread/INFO]: [AIBot] TASK event=task_completed bot=Bob {elapsed_ticks=37, name=evade}
[21:40:41] [Server thread/WARN]: [AIBot] PERCEPTION event=snapshot_slow bot=Bob {elapsed_ms=13}
[21:40:41] [Server thread/WARN]: [AIBot] PERCEPTION event=snapshot_slow bot=Bob {elapsed_ms=14}
[21:40:41] [Server thread/INFO]: [AIBot] ACTION event=capability_decision bot=Bob {reason=DENIED_STRICT_SURVIVAL, allowed=false, profile=strict_survival, capability=HIDDEN_BLOCK_SCAN, context=diagnostic_nearby}
[21:40:41] [Server thread/INFO]: [AIBot] ACTION event=diag_snapshot bot=Bob {fall=0.0, held=minecraft:oak_planksx7, task_state=COMPLETED, submerged=false, light=4, step=, in_lava=false, task_phase=, goal=none, task_progress=1.0, task=evade, mode=survival, air=300, food=16, path_idle=true, inv=minecraft:crafting_tablex1 minecraft:oak_planksx7, nearby=animals=0 hostiles=2(zombie@14), mining_idle=true, hp=2.0/20.0, on_ground=true, pos=-17,112,86}
[21:40:43] [Server thread/WARN]: [AIBot] PERCEPTION event=snapshot_slow bot=Bob {elapsed_ms=14}
[21:40:43] [Server thread/INFO]: [AIBot] ACTION event=diag_snapshot bot=Bob {fall=0.0, held=minecraft:oak_planksx7, task_state=COMPLETED, submerged=false, light=4, step=, in_lava=false, task_phase=, goal=none, task_progress=1.0, task=evade, mode=survival, air=300, food=16, path_idle=true, inv=minecraft:crafting_tablex1 minecraft:oak_planksx7, nearby=animals=0 hostiles=3(zombie@10), mining_idle=true, hp=2.0/20.0, on_ground=true, pos=-17,112,86}
[21:40:44] [Server thread/INFO]: [AIBot] TASK event=task_assigned bot=Bob {origin=SAFETY, params=Evading LOW_HP toward -13,111,98, origin_reason=threat:LOW_HP, name=evade}
[21:40:44] [Server thread/INFO]: [AIBot] DANGER event=threat_detected bot=Bob {severity=HIGH, decision=evade, source=class_2338{x=-20, y=112, z=77}, type=LOW_HP}
[21:40:44] [Server thread/INFO]: [AIBot] ACTION event=capability_decision bot=Bob {reason=DENIED_STRICT_SURVIVAL, allowed=false, profile=strict_survival, capability=HIDDEN_BLOCK_SCAN, context=observable_block_query}
[21:40:44] [Server thread/INFO]: [AIBot] ACTION event=capability_decision bot=Bob {reason=DENIED_STRICT_SURVIVAL, allowed=false, profile=strict_survival, capability=HIDDEN_BLOCK_SCAN, context=perception_snapshot}
[21:40:44] [Server thread/WARN]: [AIBot] PERCEPTION event=snapshot_slow bot=Bob {elapsed_ms=11}
[21:40:45] [Server thread/INFO]: [AIBot] ACTION event=fake_player_step bot=Bob {to=class_2338{x=-13, y=111, z=94}, from=class_2338{x=-13, y=112, z=93}, reason=path_drop_down}
[21:40:45] [Server thread/INFO]: [AIBot] ACTION event=capability_decision bot=Bob {reason=DENIED_STRICT_SURVIVAL, allowed=false, profile=strict_survival, capability=HIDDEN_BLOCK_SCAN, context=observable_entity_query}
[21:40:45] [Server thread/INFO]: [AIBot] ACTION event=diag_snapshot bot=Bob {fall=0.0, held=minecraft:oak_planksx7, task_state=RUNNING, submerged=false, light=4, step=, in_lava=false, task_phase=, goal=none, task_progress=0.2, task=evade, mode=survival, air=300, food=16, path_idle=false, inv=minecraft:crafting_tablex1 minecraft:oak_planksx7, nearby=animals=0 hostiles=1(zombie@15), mining_idle=true, hp=2.0/20.0, on_ground=true, pos=-13,111,95}
[21:40:45] [Server thread/INFO]: [AIBot] TASK event=task_completed bot=Bob {elapsed_ticks=39, name=evade}
[21:40:47] [Server thread/INFO]: [AIBot] ACTION event=capability_decision bot=Bob {reason=DENIED_STRICT_SURVIVAL, allowed=false, profile=strict_survival, capability=HIDDEN_BLOCK_SCAN, context=diagnostic_nearby}
[21:40:47] [Server thread/INFO]: [AIBot] ACTION event=diag_snapshot bot=Bob {fall=0.0, held=minecraft:oak_planksx7, task_state=COMPLETED, submerged=false, light=4, step=, in_lava=false, task_phase=, goal=none, task_progress=1.0, task=evade, mode=survival, air=300, food=16, path_idle=true, inv=minecraft:crafting_tablex1 minecraft:oak_planksx7, nearby=animals=0 hostiles=3(zombie@12), mining_idle=true, hp=2.0/20.0, on_ground=true, pos=-13,111,96}
[21:40:48] [Server thread/WARN]: [AIBot] PERCEPTION event=snapshot_slow bot=Bob {elapsed_ms=11}
[21:40:49] [Server thread/INFO]: [AIBot] TASK event=task_assigned bot=Bob {origin=SAFETY, params=Evading LOW_HP toward -21,109,105, origin_reason=threat:LOW_HP, name=evade}
[21:40:49] [Server thread/INFO]: [AIBot] DANGER event=threat_detected bot=Bob {severity=HIGH, decision=evade, source=class_2338{x=-16, y=112, z=87}, type=LOW_HP}
[21:40:49] [Server thread/INFO]: [AIBot] ACTION event=fake_player_jump bot=Bob {to=class_2338{x=-15, y=112, z=98}, from=class_2338{x=-14, y=111, z=98}, reason=path_jump_up}
[21:40:49] [Server thread/INFO]: [AIBot] ACTION event=capability_decision bot=Bob {reason=DENIED_STRICT_SURVIVAL, allowed=false, profile=strict_survival, capability=HIDDEN_BLOCK_SCAN, context=observable_block_query}
[21:40:49] [Server thread/INFO]: [AIBot] ACTION event=capability_decision bot=Bob {reason=DENIED_STRICT_SURVIVAL, allowed=false, profile=strict_survival, capability=HIDDEN_BLOCK_SCAN, context=perception_snapshot}
[21:40:49] [Server thread/INFO]: [AIBot] ACTION event=diag_snapshot bot=Bob {fall=0.0, held=minecraft:oak_planksx7, task_state=RUNNING, submerged=false, light=4, step=, in_lava=false, task_phase=, goal=none, task_progress=0.1, task=evade, mode=survival, air=300, food=16, path_idle=false, inv=minecraft:crafting_tablex1 minecraft:oak_planksx7, nearby=animals=0 hostiles=3(zombie@10), mining_idle=true, hp=2.0/20.0, on_ground=true, pos=-16,112,99}
[21:40:50] [Server thread/INFO]: [AIBot] ACTION event=fake_player_step bot=Bob {to=class_2338{x=-18, y=111, z=102}, from=class_2338{x=-18, y=112, z=101}, reason=path_drop_down}
[21:40:50] [Server thread/INFO]: [AIBot] ACTION event=fake_player_step bot=Bob {to=class_2338{x=-19, y=110, z=104}, from=class_2338{x=-19, y=111, z=103}, reason=path_drop_down}
[21:40:50] [Server thread/INFO]: [AIBot] TASK event=task_completed bot=Bob {elapsed_ticks=33, name=evade}
[21:40:50] [Server thread/INFO]: [AIBot] ACTION event=capability_decision bot=Bob {reason=DENIED_STRICT_SURVIVAL, allowed=false, profile=strict_survival, capability=HIDDEN_BLOCK_SCAN, context=observable_entity_query}
[21:40:51] [Server thread/WARN]: [AIBot] PERCEPTION event=snapshot_slow bot=Bob {elapsed_ms=11}
[21:40:51] [Server thread/INFO]: [AIBot] ACTION event=diag_snapshot bot=Bob {fall=0.0, held=minecraft:oak_planksx7, task_state=COMPLETED, submerged=false, light=4, step=, in_lava=false, task_phase=, goal=none, task_progress=1.0, task=evade, mode=survival, air=300, food=16, path_idle=true, inv=minecraft:crafting_tablex1 minecraft:oak_planksx7, nearby=animals=0 hostiles=4(zombie@10), mining_idle=true, hp=2.0/20.0, on_ground=true, pos=-19,110,104}
[21:40:52] [Server thread/INFO]: [AIBot] TASK event=task_assigned bot=Bob {origin=SAFETY, params=Evading LOW_HP toward -30,111,100, origin_reason=threat:LOW_HP, name=evade}
[21:40:52] [Server thread/INFO]: [AIBot] DANGER event=threat_detected bot=Bob {severity=HIGH, decision=evade, source=class_2338{x=-16, y=112, z=95}, type=LOW_HP}
[21:40:52] [Server thread/INFO]: [AIBot] ACTION event=fake_player_jump bot=Bob {to=class_2338{x=-19, y=111, z=103}, from=class_2338{x=-19, y=110, z=104}, reason=path_jump_up}
[21:40:52] [Server thread/WARN]: [AIBot] PERCEPTION event=snapshot_slow bot=Bob {elapsed_ms=11}
[21:40:53] [Server thread/WARN]: [AIBot] PERCEPTION event=snapshot_slow bot=Bob {elapsed_ms=12}
[21:40:53] [Server thread/INFO]: [AIBot] ACTION event=creeper_defense_escape_started bot=Bob {reason=initial, source=class_2338{x=-38, y=106, z=105}, goal=class_2338{x=-11, y=109, z=100}, source_id=668b4cac-9ea8-4169-ab61-15af4758296e, hidden_ticks=0}
[21:40:53] [Server thread/INFO]: [AIBot] TASK event=task_assigned bot=Bob {origin=SAFETY, params=Creeper defense phase=ESCAPE source=-38,106,105 source_id=668b4cac-9ea8-4169-ab61-15af4758296e escape=-11,109,100 core_remaining=0 wing_remaining=0 wall_placed=0 hidden_ticks=0, origin_reason=creeper_defense, name=creeper_defense}
[21:40:53] [Server thread/INFO]: [AIBot] DANGER event=creeper_defense_started bot=Bob {replace_in_place=true, replaced=evade, source=class_2338{x=-38, y=106, z=105}, paused_depth=0}
[21:40:53] [Server thread/INFO]: [AIBot] ACTION event=capability_decision bot=Bob {reason=DENIED_STRICT_SURVIVAL, allowed=false, profile=strict_survival, capability=HIDDEN_BLOCK_SCAN, context=diagnostic_nearby}
[21:40:53] [Server thread/INFO]: [AIBot] ACTION event=diag_snapshot bot=Bob {fall=0.0, held=minecraft:oak_planksx7, task_state=RUNNING, submerged=false, light=4, step=, in_lava=false, task_phase=ESCAPE, goal=none, task_progress=0.0, task=creeper_defense, mode=survival, air=300, food=16, path_idle=false, inv=minecraft:crafting_tablex1 minecraft:oak_planksx7, nearby=animals=0 hostiles=5(zombie@7), mining_idle=true, hp=2.0/20.0, on_ground=true, pos=-23,111,102}
[21:40:54] [Server thread/INFO]: [AIBot] ACTION event=capability_decision bot=Bob {reason=DENIED_STRICT_SURVIVAL, allowed=false, profile=strict_survival, capability=HIDDEN_BLOCK_SCAN, context=perception_snapshot}
[21:40:54] [Server thread/INFO]: [AIBot] ACTION event=capability_decision bot=Bob {reason=DENIED_STRICT_SURVIVAL, allowed=false, profile=strict_survival, capability=HIDDEN_BLOCK_SCAN, context=observable_block_query}
[21:40:54] [Server thread/WARN]: [AIBot] PERCEPTION event=snapshot_slow bot=Bob {elapsed_ms=13}
[21:40:54] [Server thread/INFO]: [AIBot] ACTION event=fake_player_step bot=Bob {to=class_2338{x=-18, y=110, z=103}, from=class_2338{x=-19, y=111, z=103}, reason=path_drop_down}
[21:40:55] [Server thread/INFO]: [AIBot] ACTION event=fake_player_step bot=Bob {to=class_2338{x=-16, y=109, z=103}, from=class_2338{x=-17, y=110, z=103}, reason=path_drop_down}
[21:40:55] [Server thread/INFO]: [AIBot] ACTION event=fake_player_jump bot=Bob {to=class_2338{x=-16, y=110, z=102}, from=class_2338{x=-16, y=109, z=103}, reason=path_jump_up}
[21:40:55] [Server thread/INFO]: [AIBot] ACTION event=fake_player_step bot=Bob {to=class_2338{x=-14, y=109, z=102}, from=class_2338{x=-15, y=110, z=102}, reason=path_drop_down}
[21:40:55] [Server thread/INFO]: [AIBot] ACTION event=fake_player_step bot=Bob {to=class_2338{x=-13, y=108, z=102}, from=class_2338{x=-14, y=109, z=102}, reason=path_drop_down}
[21:40:55] [Server thread/INFO]: [AIBot] ACTION event=fake_player_jump bot=Bob {to=class_2338{x=-13, y=109, z=101}, from=class_2338{x=-13, y=108, z=102}, reason=path_jump_up}
[21:40:55] [Server thread/INFO]: [AIBot] ACTION event=creeper_defense_escape_started bot=Bob {reason=route_boundary, source=class_2338{x=-37, y=105, z=105}, goal=class_2338{x=-6, y=110, z=91}, source_id=668b4cac-9ea8-4169-ab61-15af4758296e, hidden_ticks=32}
[21:40:55] [Server thread/INFO]: [AIBot] ACTION event=capability_decision bot=Bob {reason=DENIED_STRICT_SURVIVAL, allowed=false, profile=strict_survival, capability=HIDDEN_BLOCK_SCAN, context=observable_entity_query}
[21:40:55] [Server thread/INFO]: [AIBot] ACTION event=diag_snapshot bot=Bob {fall=0.0, held=minecraft:oak_planksx7, task_state=RUNNING, submerged=false, light=4, step=, in_lava=false, task_phase=ESCAPE, goal=none, task_progress=0.1, task=creeper_defense, mode=survival, air=300, food=16, path_idle=false, inv=minecraft:crafting_tablex1 minecraft:oak_planksx7, nearby=animals=0 hostiles=1(zombie@9), mining_idle=true, hp=2.0/20.0, on_ground=true, pos=-13,109,101}
[21:40:55] [Server thread/INFO]: [AIBot] ACTION event=fake_player_jump bot=Bob {to=class_2338{x=-12, y=110, z=100}, from=class_2338{x=-12, y=109, z=101}, reason=path_jump_up}
[21:40:56] [Server thread/WARN]: [AIBot] PERCEPTION event=snapshot_slow bot=Bob {elapsed_ms=13}
[21:40:57] [Server thread/WARN]: [AIBot] PERCEPTION event=snapshot_slow bot=Bob {elapsed_ms=14}
[21:40:57] [Server thread/WARN]: [AIBot] PERCEPTION event=snapshot_slow bot=Bob {elapsed_ms=15}
[21:40:57] [Server thread/INFO]: [AIBot] ACTION event=diag_snapshot bot=Bob {fall=0.0, held=minecraft:oak_planksx7, task_state=RUNNING, submerged=false, light=4, step=, in_lava=false, task_phase=ESCAPE, goal=none, task_progress=0.2, task=creeper_defense, mode=survival, air=300, food=16, path_idle=false, inv=minecraft:crafting_tablex1 minecraft:oak_planksx7, nearby=animals=0 hostiles=3(zombie@5), mining_idle=true, hp=2.0/20.0, on_ground=true, pos=-10,110,94}
[21:40:58] [Server thread/INFO]: [AIBot] ACTION event=creeper_defense_escape_started bot=Bob {reason=route_boundary, source=class_2338{x=-37, y=105, z=105}, goal=class_2338{x=3, y=110, z=88}, source_id=668b4cac-9ea8-4169-ab61-15af4758296e, hidden_ticks=82}
[21:40:58] [Server thread/WARN]: [AIBot] PERCEPTION event=snapshot_slow bot=Bob {elapsed_ms=17}
[21:40:58] [Server thread/WARN]: [AIBot] PERCEPTION event=snapshot_slow bot=Bob {elapsed_ms=15}
[21:40:59] [Server thread/INFO]: [AIBot] DANGER event=creeper_defense_completed bot=Bob {source=class_2338{x=-37, y=105, z=105}, occluded=false, distance_sq=1318.2247244513783, reason=last_seen_clearance, source_id=668b4cac-9ea8-4169-ab61-15af4758296e, hidden_ticks=100}
[21:40:59] [Server thread/INFO]: [AIBot] TASK event=task_completed bot=Bob {elapsed_ticks=107, name=creeper_defense}
[21:40:59] [Server thread/INFO]: [AIBot] TASK event=task_assigned bot=Bob {origin=SAFETY, params=Evading LOW_HP toward 6,110,84, origin_reason=threat:LOW_HP, name=evade}
[21:40:59] [Server thread/INFO]: [AIBot] DANGER event=threat_detected bot=Bob {severity=HIGH, decision=evade, source=class_2338{x=-13, y=111, z=95}, type=LOW_HP}
[21:40:59] [Server thread/INFO]: [AIBot] ACTION event=fake_player_jump bot=Bob {to=class_2338{x=-3, y=111, z=88}, from=class_2338{x=-3, y=110, z=89}, reason=path_jump_up}
[21:40:59] [Server thread/WARN]: [AIBot] PERCEPTION event=snapshot_slow bot=Bob {elapsed_ms=17}
[21:40:59] [Server thread/INFO]: [AIBot] ACTION event=capability_decision bot=Bob {reason=DENIED_STRICT_SURVIVAL, allowed=false, profile=strict_survival, capability=HIDDEN_BLOCK_SCAN, context=observable_block_query}
[21:40:59] [Server thread/INFO]: [AIBot] ACTION event=capability_decision bot=Bob {reason=DENIED_STRICT_SURVIVAL, allowed=false, profile=strict_survival, capability=HIDDEN_BLOCK_SCAN, context=perception_snapshot}
[21:40:59] [Server thread/WARN]: [AIBot] PERCEPTION event=snapshot_slow bot=Bob {elapsed_ms=16}
[21:40:59] [Server thread/INFO]: [AIBot] ACTION event=capability_decision bot=Bob {reason=DENIED_STRICT_SURVIVAL, allowed=false, profile=strict_survival, capability=HIDDEN_BLOCK_SCAN, context=diagnostic_nearby}
[21:40:59] [Server thread/INFO]: [AIBot] ACTION event=diag_snapshot bot=Bob {fall=0.0, held=minecraft:oak_planksx7, task_state=RUNNING, submerged=false, light=4, step=, in_lava=false, task_phase=, goal=none, task_progress=0.1, task=evade, mode=survival, air=300, food=16, path_idle=false, inv=minecraft:crafting_tablex1 minecraft:oak_planksx7, nearby=animals=0 hostiles=3(zombie@12), mining_idle=true, hp=2.0/20.0, on_ground=true, pos=-1,111,87}
[21:41:00] [Server thread/WARN]: [AIBot] PERCEPTION event=snapshot_slow bot=Bob {elapsed_ms=16}
[21:41:00] [Server thread/INFO]: [AIBot] TASK event=task_completed bot=Bob {elapsed_ticks=34, name=evade}
[21:41:00] [Server thread/INFO]: [AIBot] ACTION event=capability_decision bot=Bob {reason=DENIED_STRICT_SURVIVAL, allowed=false, profile=strict_survival, capability=HIDDEN_BLOCK_SCAN, context=observable_entity_query}
[21:41:00] [Server thread/WARN]: [AIBot] PERCEPTION event=snapshot_slow bot=Bob {elapsed_ms=15}
[21:41:01] [Server thread/WARN]: [AIBot] PERCEPTION event=snapshot_slow bot=Bob {elapsed_ms=14}
[21:41:01] [Server thread/WARN]: [AIBot] PERCEPTION event=snapshot_slow bot=Bob {elapsed_ms=16}
[21:41:01] [Server thread/INFO]: [AIBot] ACTION event=diag_snapshot bot=Bob {fall=0.0, held=minecraft:oak_planksx7, task_state=COMPLETED, submerged=false, light=4, step=, in_lava=false, task_phase=, goal=none, task_progress=1.0, task=evade, mode=survival, air=300, food=16, path_idle=true, inv=minecraft:crafting_tablex1 minecraft:oak_planksx7, nearby=animals=0 hostiles=2(zombie@13), mining_idle=true, hp=2.0/20.0, on_ground=true, pos=4,111,84}
[21:41:02] [Server thread/WARN]: [AIBot] PERCEPTION event=snapshot_slow bot=Bob {elapsed_ms=18}
[21:41:02] [Server thread/WARN]: [AIBot] PERCEPTION event=snapshot_slow bot=Bob {elapsed_ms=14}
[21:41:03] [Server thread/WARN]: [AIBot] PERCEPTION event=snapshot_slow bot=Bob {elapsed_ms=18}
[21:41:03] [Server thread/INFO]: [AIBot] TASK event=task_assigned bot=Bob {origin=SAFETY, params=Evading LOW_HP toward 15,109,81, origin_reason=threat:LOW_HP, name=evade}
[21:41:03] [Server thread/INFO]: [AIBot] DANGER event=threat_detected bot=Bob {severity=HIGH, decision=evade, source=class_2338{x=-5, y=111, z=87}, type=LOW_HP}
[21:41:03] [Server thread/WARN]: [AIBot] PERCEPTION event=snapshot_slow bot=Bob {elapsed_ms=18}
[21:41:03] [Server thread/INFO]: [AIBot] ACTION event=diag_snapshot bot=Bob {fall=0.0, held=minecraft:oak_planksx7, task_state=RUNNING, submerged=false, light=4, step=, in_lava=false, task_phase=, goal=none, task_progress=0.0, task=evade, mode=survival, air=300, food=16, path_idle=false, inv=minecraft:crafting_tablex1 minecraft:oak_planksx7, nearby=animals=0 hostiles=3(zombie@9), mining_idle=true, hp=2.0/20.0, on_ground=true, pos=4,111,84}
[21:41:04] [Server thread/WARN]: [AIBot] PERCEPTION event=snapshot_slow bot=Bob {elapsed_ms=20}
[21:41:04] [Server thread/INFO]: [AIBot] ACTION event=fake_player_step bot=Bob {to=class_2338{x=9, y=110, z=82}, from=class_2338{x=8, y=111, z=82}, reason=path_drop_down}
[21:41:04] [Server thread/INFO]: [AIBot] ACTION event=capability_decision bot=Bob {reason=DENIED_STRICT_SURVIVAL, allowed=false, profile=strict_survival, capability=HIDDEN_BLOCK_SCAN, context=observable_block_query}
[21:41:04] [Server thread/INFO]: [AIBot] ACTION event=capability_decision bot=Bob {reason=DENIED_STRICT_SURVIVAL, allowed=false, profile=strict_survival, capability=HIDDEN_BLOCK_SCAN, context=perception_snapshot}
[21:41:04] [Server thread/WARN]: [AIBot] PERCEPTION event=snapshot_slow bot=Bob {elapsed_ms=21}
[21:41:05] [Server thread/WARN]: [AIBot] PERCEPTION event=snapshot_slow bot=Bob {elapsed_ms=21}
[21:41:05] [Server thread/INFO]: [AIBot] TASK event=task_completed bot=Bob {elapsed_ticks=35, name=evade}
[21:41:05] [Server thread/INFO]: [AIBot] ACTION event=capability_decision bot=Bob {reason=DENIED_STRICT_SURVIVAL, allowed=false, profile=strict_survival, capability=HIDDEN_BLOCK_SCAN, context=observable_entity_query}
[21:41:05] [Server thread/WARN]: [AIBot] PERCEPTION event=snapshot_slow bot=Bob {elapsed_ms=20}
[21:41:05] [Server thread/INFO]: [AIBot] ACTION event=capability_decision bot=Bob {reason=DENIED_STRICT_SURVIVAL, allowed=false, profile=strict_survival, capability=HIDDEN_BLOCK_SCAN, context=diagnostic_nearby}
[21:41:05] [Server thread/INFO]: [AIBot] ACTION event=diag_snapshot bot=Bob {fall=0.0, held=minecraft:oak_planksx7, task_state=COMPLETED, submerged=false, light=4, step=, in_lava=false, task_phase=, goal=none, task_progress=1.0, task=evade, mode=survival, air=300, food=16, path_idle=true, inv=minecraft:crafting_tablex1 minecraft:oak_planksx7, nearby=animals=0 hostiles=1(zombie@15), mining_idle=true, hp=2.0/20.0, on_ground=true, pos=13,110,81}
[21:41:06] [Server thread/WARN]: [AIBot] PERCEPTION event=snapshot_slow bot=Bob {elapsed_ms=22}
[21:41:06] [Server thread/WARN]: [AIBot] PERCEPTION event=snapshot_slow bot=Bob {elapsed_ms=19}
[21:41:07] [Server thread/WARN]: [AIBot] PERCEPTION event=snapshot_slow bot=Bob {elapsed_ms=23}
[21:41:07] [Server thread/WARN]: [AIBot] PERCEPTION event=snapshot_slow bot=Bob {elapsed_ms=23}
[21:41:07] [Server thread/INFO]: [AIBot] ACTION event=diag_snapshot bot=Bob {fall=0.0, held=minecraft:oak_planksx7, task_state=COMPLETED, submerged=false, light=4, step=, in_lava=false, task_phase=, goal=none, task_progress=1.0, task=evade, mode=survival, air=300, food=16, path_idle=true, inv=minecraft:crafting_tablex1 minecraft:oak_planksx7, nearby=animals=0 hostiles=3(zombie@10), mining_idle=true, hp=2.0/20.0, on_ground=true, pos=13,110,81}
[21:41:08] [Server thread/INFO]: [AIBot] TASK event=task_assigned bot=Bob {origin=SAFETY, params=Evading LOW_HP toward 24,112,77, origin_reason=threat:LOW_HP, name=evade}
[21:41:08] [Server thread/INFO]: [AIBot] DANGER event=threat_detected bot=Bob {severity=HIGH, decision=evade, source=class_2338{x=4, y=111, z=84}, type=LOW_HP}
[21:41:08] [Server thread/WARN]: [AIBot] PERCEPTION event=snapshot_slow bot=Bob {elapsed_ms=11}
[21:41:08] [Server thread/INFO]: [AIBot] ACTION event=fake_player_jump bot=Bob {to=class_2338{x=14, y=111, z=78}, from=class_2338{x=14, y=110, z=79}, reason=path_jump_up}
[21:41:08] [Server thread/WARN]: [AIBot] PERCEPTION event=snapshot_slow bot=Bob {elapsed_ms=11}
[21:41:08] [Server thread/INFO]: [AIBot] ACTION event=creeper_defense_escape_started bot=Bob {reason=initial, source=class_2338{x=30, y=112, z=81}, goal=class_2338{x=3, y=112, z=75}, source_id=b2c080b1-5970-4325-9457-90341dde1aa1, hidden_ticks=0}
[21:41:08] [Server thread/INFO]: [AIBot] TASK event=task_assigned bot=Bob {origin=SAFETY, params=Creeper defense phase=ESCAPE source=30,112,81 source_id=b2c080b1-5970-4325-9457-90341dde1aa1 escape=3,112,75 core_remaining=0 wing_remaining=0 wall_placed=0 hidden_ticks=0, origin_reason=creeper_defense, name=creeper_defense}
[21:41:08] [Server thread/INFO]: [AIBot] DANGER event=creeper_defense_started bot=Bob {replace_in_place=true, replaced=evade, source=class_2338{x=30, y=112, z=81}, paused_depth=0}
[21:41:09] [Server thread/INFO]: [AIBot] ACTION event=fake_player_jump bot=Bob {to=class_2338{x=14, y=112, z=76}, from=class_2338{x=14, y=111, z=77}, reason=path_jump_up}
[21:41:09] [Server thread/INFO]: [AIBot] ACTION event=capability_decision bot=Bob {reason=DENIED_STRICT_SURVIVAL, allowed=false, profile=strict_survival, capability=HIDDEN_BLOCK_SCAN, context=perception_snapshot}
[21:41:09] [Server thread/INFO]: [AIBot] ACTION event=capability_decision bot=Bob {reason=DENIED_STRICT_SURVIVAL, allowed=false, profile=strict_survival, capability=HIDDEN_BLOCK_SCAN, context=observable_block_query}
[21:41:09] [Server thread/WARN]: [AIBot] PERCEPTION event=snapshot_slow bot=Bob {elapsed_ms=13}
[21:41:09] [Server thread/INFO]: [AIBot] ACTION event=diag_snapshot bot=Bob {fall=0.0, held=minecraft:oak_planksx7, task_state=RUNNING, submerged=false, light=4, step=, in_lava=false, task_phase=ESCAPE, goal=none, task_progress=0.0, task=creeper_defense, mode=survival, air=300, food=16, path_idle=false, inv=minecraft:crafting_tablex1 minecraft:oak_planksx7, nearby=animals=0 hostiles=3(zombie@8), mining_idle=true, hp=2.0/20.0, on_ground=true, pos=12,112,76}
[21:41:10] [Server thread/WARN]: [AIBot] PERCEPTION event=snapshot_slow bot=Bob {elapsed_ms=12}
[21:41:10] [Server thread/INFO]: [AIBot] ACTION event=capability_decision bot=Bob {reason=DENIED_STRICT_SURVIVAL, allowed=false, profile=strict_survival, capability=HIDDEN_BLOCK_SCAN, context=observable_entity_query}
[21:41:10] [Server thread/WARN]: [AIBot] PERCEPTION event=snapshot_slow bot=Bob {elapsed_ms=14}
[21:41:10] [Server thread/INFO]: [AIBot] ACTION event=creeper_defense_escape_started bot=Bob {reason=route_boundary, source=class_2338{x=30, y=112, z=81}, goal=class_2338{x=-6, y=112, z=72}, source_id=b2c080b1-5970-4325-9457-90341dde1aa1, hidden_ticks=36}
[21:41:11] [Server thread/WARN]: [AIBot] PERCEPTION event=snapshot_slow bot=Bob {elapsed_ms=14}
[21:41:11] [Server thread/WARN]: [AIBot] PERCEPTION event=snapshot_slow bot=Bob {elapsed_ms=15}
[21:41:11] [Server thread/INFO]: [AIBot] ACTION event=capability_decision bot=Bob {reason=DENIED_STRICT_SURVIVAL, allowed=false, profile=strict_survival, capability=HIDDEN_BLOCK_SCAN, context=diagnostic_nearby}
[21:41:11] [Server thread/INFO]: [AIBot] ACTION event=diag_snapshot bot=Bob {fall=0.0, held=minecraft:oak_planksx7, task_state=RUNNING, submerged=false, light=4, step=, in_lava=false, task_phase=ESCAPE, goal=none, task_progress=0.1, task=creeper_defense, mode=survival, air=300, food=16, path_idle=false, inv=minecraft:crafting_tablex1 minecraft:oak_planksx7, nearby=animals=0 hostiles=4(zombie@9), mining_idle=true, hp=2.0/20.0, on_ground=true, pos=1,112,73}
[21:41:12] [Server thread/WARN]: [AIBot] PERCEPTION event=snapshot_slow bot=Bob {elapsed_ms=12}
[21:41:12] [Server thread/INFO]: [AIBot] ACTION event=creeper_defense_escape_started bot=Bob {reason=route_boundary, source=class_2338{x=30, y=112, z=81}, goal=class_2338{x=-15, y=112, z=69}, source_id=b2c080b1-5970-4325-9457-90341dde1aa1, hidden_ticks=71}
[21:41:12] [Server thread/WARN]: [AIBot] PERCEPTION event=snapshot_slow bot=Bob {elapsed_ms=14}
[21:41:13] [Server thread/WARN]: [AIBot] PERCEPTION event=snapshot_slow bot=Bob {elapsed_ms=13}
[21:41:13] [Server thread/WARN]: [AIBot] PERCEPTION event=snapshot_slow bot=Bob {elapsed_ms=15}
[21:41:13] [Server thread/INFO]: [AIBot] ACTION event=diag_snapshot bot=Bob {fall=0.0, held=minecraft:oak_planksx7, task_state=RUNNING, submerged=false, light=4, step=, in_lava=false, task_phase=ESCAPE, goal=none, task_progress=0.2, task=creeper_defense, mode=survival, air=300, food=16, path_idle=false, inv=minecraft:crafting_tablex1 minecraft:oak_planksx7, nearby=animals=0 hostiles=3(zombie@14), mining_idle=true, hp=2.0/20.0, on_ground=true, pos=-9,112,69}
[21:41:14] [Server thread/INFO]: [AIBot] DANGER event=creeper_defense_completed bot=Bob {source=class_2338{x=30, y=112, z=81}, occluded=false, distance_sq=1834.4382548344956, reason=last_seen_clearance, source_id=b2c080b1-5970-4325-9457-90341dde1aa1, hidden_ticks=100}
[21:41:14] [Server thread/INFO]: [AIBot] TASK event=task_completed bot=Bob {elapsed_ticks=104, name=creeper_defense}
[21:41:14] [Server thread/WARN]: [AIBot] PERCEPTION event=snapshot_slow bot=Bob {elapsed_ms=14}
[21:41:14] [Server thread/INFO]: [AIBot] ACTION event=capability_decision bot=Bob {reason=DENIED_STRICT_SURVIVAL, allowed=false, profile=strict_survival, capability=HIDDEN_BLOCK_SCAN, context=observable_block_query}
[21:41:14] [Server thread/INFO]: [AIBot] ACTION event=capability_decision bot=Bob {reason=DENIED_STRICT_SURVIVAL, allowed=false, profile=strict_survival, capability=HIDDEN_BLOCK_SCAN, context=perception_snapshot}
[21:41:14] [Server thread/WARN]: [AIBot] PERCEPTION event=snapshot_slow bot=Bob {elapsed_ms=14}
[21:41:15] [Server thread/WARN]: [AIBot] PERCEPTION event=snapshot_slow bot=Bob {elapsed_ms=15}
[21:41:15] [Server thread/INFO]: [AIBot] ACTION event=capability_decision bot=Bob {reason=DENIED_STRICT_SURVIVAL, allowed=false, profile=strict_survival, capability=HIDDEN_BLOCK_SCAN, context=observable_entity_query}
[21:41:15] [Server thread/WARN]: [AIBot] PERCEPTION event=snapshot_slow bot=Bob {elapsed_ms=14}
[21:41:15] [Server thread/INFO]: [AIBot] ACTION event=diag_snapshot bot=Bob {fall=0.0, held=minecraft:oak_planksx7, task_state=COMPLETED, submerged=false, light=4, step=, in_lava=false, task_phase=ESCAPE, goal=none, task_progress=1.0, task=creeper_defense, mode=survival, air=300, food=16, path_idle=true, inv=minecraft:crafting_tablex1 minecraft:oak_planksx7, nearby=animals=0 hostiles=3(zombie@12), mining_idle=true, hp=2.0/20.0, on_ground=true, pos=-12,112,69}
[21:41:16] [Server thread/WARN]: [AIBot] PERCEPTION event=snapshot_slow bot=Bob {elapsed_ms=12}
[21:41:16] [Server thread/INFO]: [AIBot] TASK event=task_assigned bot=Bob {origin=SAFETY, params=Evading LOW_HP toward -19,111,60, origin_reason=threat:LOW_HP, name=evade}
[21:41:16] [Server thread/INFO]: [AIBot] DANGER event=threat_detected bot=Bob {severity=HIGH, decision=evade, source=class_2338{x=-5, y=112, z=77}, type=LOW_HP}
[21:41:16] [Server thread/WARN]: [AIBot] PERCEPTION event=snapshot_slow bot=Bob {elapsed_ms=15}
[21:41:17] [Server thread/WARN]: [AIBot] PERCEPTION event=snapshot_slow bot=Bob {elapsed_ms=13}
[21:41:17] [Server thread/INFO]: [AIBot] ACTION event=fake_player_step bot=Bob {to=class_2338{x=-14, y=111, z=64}, from=class_2338{x=-14, y=112, z=65}, reason=path_drop_down}
[21:41:17] [Server thread/WARN]: [AIBot] PERCEPTION event=snapshot_slow bot=Bob {elapsed_ms=14}
[21:41:17] [Server thread/INFO]: [AIBot] ACTION event=capability_decision bot=Bob {reason=DENIED_STRICT_SURVIVAL, allowed=false, profile=strict_survival, capability=HIDDEN_BLOCK_SCAN, context=diagnostic_nearby}
[21:41:17] [Server thread/INFO]: [AIBot] ACTION event=diag_snapshot bot=Bob {fall=0.0, held=minecraft:oak_planksx7, task_state=RUNNING, submerged=false, light=4, step=, in_lava=false, task_phase=, goal=none, task_progress=0.1, task=evade, mode=survival, air=300, food=16, path_idle=false, inv=minecraft:crafting_tablex1 minecraft:oak_planksx7, nearby=animals=0 hostiles=3(zombie@13), mining_idle=true, hp=2.0/20.0, on_ground=true, pos=-14,111,64}
[21:41:18] [Server thread/WARN]: [AIBot] PERCEPTION event=snapshot_slow bot=Bob {elapsed_ms=17}
[21:41:18] [Server thread/INFO]: [AIBot] TASK event=task_completed bot=Bob {elapsed_ticks=36, name=evade}
[21:41:18] [Server thread/WARN]: [AIBot] PERCEPTION event=snapshot_slow bot=Bob {elapsed_ms=20}
[21:41:19] [Server thread/WARN]: [AIBot] PERCEPTION event=snapshot_slow bot=Bob {elapsed_ms=16}
[21:41:19] [Server thread/INFO]: [AIBot] ACTION event=capability_decision bot=Bob {reason=DENIED_STRICT_SURVIVAL, allowed=false, profile=strict_survival, capability=HIDDEN_BLOCK_SCAN, context=observable_block_query}
[21:41:19] [Server thread/INFO]: [AIBot] ACTION event=capability_decision bot=Bob {reason=DENIED_STRICT_SURVIVAL, allowed=false, profile=strict_survival, capability=HIDDEN_BLOCK_SCAN, context=perception_snapshot}
[21:41:19] [Server thread/WARN]: [AIBot] PERCEPTION event=snapshot_slow bot=Bob {elapsed_ms=18}
[21:41:19] [Server thread/INFO]: [AIBot] ACTION event=diag_snapshot bot=Bob {fall=0.0, held=minecraft:oak_planksx7, task_state=COMPLETED, submerged=false, light=3, step=, in_lava=false, task_phase=, goal=none, task_progress=1.0, task=evade, mode=survival, air=300, food=16, path_idle=true, inv=minecraft:crafting_tablex1 minecraft:oak_planksx7, nearby=animals=0 hostiles=3(zombie@13), mining_idle=true, hp=2.0/20.0, on_ground=true, pos=-18,111,61}
[21:41:20] [Server thread/WARN]: [AIBot] PERCEPTION event=snapshot_slow bot=Bob {elapsed_ms=19}
[21:41:20] [Server thread/INFO]: [AIBot] ACTION event=capability_decision bot=Bob {reason=DENIED_STRICT_SURVIVAL, allowed=false, profile=strict_survival, capability=HIDDEN_BLOCK_SCAN, context=observable_entity_query}
[21:41:20] [Server thread/WARN]: [AIBot] PERCEPTION event=snapshot_slow bot=Bob {elapsed_ms=18}
[21:41:21] [Server thread/INFO]: [AIBot] TASK event=task_assigned bot=Bob {origin=SAFETY, params=Evading LOW_HP toward -24,110,51, origin_reason=threat:LOW_HP, name=evade}
[21:41:21] [Server thread/INFO]: [AIBot] DANGER event=threat_detected bot=Bob {severity=HIGH, decision=evade, source=class_2338{x=-13, y=112, z=69}, type=LOW_HP}
[21:41:21] [Server thread/WARN]: [AIBot] PERCEPTION event=snapshot_slow bot=Bob {elapsed_ms=19}
[21:41:21] [Server thread/WARN]: [AIBot] PERCEPTION event=snapshot_slow bot=Bob {elapsed_ms=21}
[21:41:21] [Server thread/INFO]: [AIBot] ACTION event=diag_snapshot bot=Bob {fall=0.0, held=minecraft:oak_planksx7, task_state=RUNNING, submerged=false, light=5, step=, in_lava=false, task_phase=, goal=none, task_progress=0.1, task=evade, mode=survival, air=300, food=16, path_idle=false, inv=minecraft:crafting_tablex1 minecraft:oak_planksx7, nearby=animals=0 hostiles=4(zombie@10), mining_idle=true, hp=2.0/20.0, on_ground=true, pos=-18,111,59}
[21:41:22] [Server thread/WARN]: [AIBot] PERCEPTION event=snapshot_slow bot=Bob {elapsed_ms=18}
[21:41:22] [Server thread/INFO]: [AIBot] ACTION event=fake_player_step bot=Bob {to=class_2338{x=-19, y=110, z=53}, from=class_2338{x=-19, y=111, z=54}, reason=path_drop_down}
[21:41:22] [Server thread/WARN]: [AIBot] PERCEPTION event=snapshot_slow bot=Bob {elapsed_ms=19}
[21:41:23] [Server thread/WARN]: [AIBot] PERCEPTION event=snapshot_slow bot=Bob {elapsed_ms=21}
[21:41:23] [Server thread/INFO]: [AIBot] TASK event=task_completed bot=Bob {elapsed_ticks=42, name=evade}
[21:41:23] [Server thread/WARN]: [AIBot] PERCEPTION event=snapshot_slow bot=Bob {elapsed_ms=21}
[21:41:23] [Server thread/INFO]: [AIBot] ACTION event=capability_decision bot=Bob {reason=DENIED_STRICT_SURVIVAL, allowed=false, profile=strict_survival, capability=HIDDEN_BLOCK_SCAN, context=diagnostic_nearby}
[21:41:23] [Server thread/INFO]: [AIBot] ACTION event=diag_snapshot bot=Bob {fall=0.0, held=minecraft:oak_planksx7, task_state=COMPLETED, submerged=false, light=9, step=, in_lava=false, task_phase=, goal=none, task_progress=1.0, task=evade, mode=survival, air=300, food=16, path_idle=true, inv=minecraft:crafting_tablex1 minecraft:oak_planksx7, nearby=animals=0 hostiles=2(zombie@15), mining_idle=true, hp=2.0/20.0, on_ground=false, pos=-23,110,51}
[21:41:24] [Server thread/WARN]: [AIBot] PERCEPTION event=snapshot_slow bot=Bob {elapsed_ms=22}
[21:41:24] [Server thread/INFO]: [AIBot] ACTION event=capability_decision bot=Bob {reason=DENIED_STRICT_SURVIVAL, allowed=false, profile=strict_survival, capability=HIDDEN_BLOCK_SCAN, context=observable_block_query}
[21:41:24] [Server thread/INFO]: [AIBot] ACTION event=capability_decision bot=Bob {reason=DENIED_STRICT_SURVIVAL, allowed=false, profile=strict_survival, capability=HIDDEN_BLOCK_SCAN, context=perception_snapshot}
[21:41:24] [Server thread/WARN]: [AIBot] PERCEPTION event=snapshot_slow bot=Bob {elapsed_ms=22}
[21:41:25] [Server thread/WARN]: [AIBot] PERCEPTION event=snapshot_slow bot=Bob {elapsed_ms=18}
[21:41:25] [Server thread/INFO]: [AIBot] ACTION event=capability_decision bot=Bob {reason=DENIED_STRICT_SURVIVAL, allowed=false, profile=strict_survival, capability=HIDDEN_BLOCK_SCAN, context=observable_entity_query}
[21:41:25] [Server thread/WARN]: [AIBot] PERCEPTION event=snapshot_slow bot=Bob {elapsed_ms=22}
[21:41:25] [Server thread/INFO]: [AIBot] ACTION event=diag_snapshot bot=Bob {fall=0.0, held=minecraft:oak_planksx7, task_state=COMPLETED, submerged=false, light=8, step=, in_lava=false, task_phase=, goal=none, task_progress=1.0, task=evade, mode=survival, air=300, food=16, path_idle=true, inv=minecraft:crafting_tablex1 minecraft:oak_planksx7, nearby=animals=0 hostiles=4(zombie@11), mining_idle=true, hp=2.0/20.0, on_ground=true, pos=-23,109,51}
[21:41:26] [Server thread/WARN]: [AIBot] PERCEPTION event=snapshot_slow bot=Bob {elapsed_ms=21}
[21:41:26] [Server thread/INFO]: [AIBot] ACTION event=fake_player_jump bot=Bob {to=class_2338{x=-22, y=110, z=51}, from=class_2338{x=-23, y=109, z=51}, reason=path_start_physical_snap:path_start_invalid}
[21:41:26] [Server thread/INFO]: [AIBot] TASK event=task_assigned bot=Bob {origin=SAFETY, params=Evading LOW_HP toward -32,109,43, origin_reason=threat:LOW_HP, name=evade}
[21:41:26] [Server thread/INFO]: [AIBot] DANGER event=threat_detected bot=Bob {severity=HIGH, decision=evade, source=class_2338{x=-16, y=111, z=57}, type=LOW_HP}
[21:41:26] [Server thread/WARN]: [AIBot] PERCEPTION event=snapshot_slow bot=Bob {elapsed_ms=20}
[21:41:26] [Server thread/INFO]: [AIBot] ACTION event=fake_player_step bot=Bob {to=class_2338{x=-23, y=110, z=49}, from=class_2338{x=-23, y=111, z=50}, reason=path_drop_down}
[21:41:27] [Server thread/INFO]: [AIBot] ACTION event=fake_player_step bot=Bob {to=class_2338{x=-23, y=109, z=49}, from=class_2338{x=-23, y=110, z=49}, reason=path_drop_down}
[21:41:27] [Server thread/WARN]: [AIBot] PERCEPTION event=snapshot_slow bot=Bob {elapsed_ms=17}
[21:41:27] [Server thread/INFO]: [AIBot] ACTION event=creeper_defense_escape_started bot=Bob {reason=initial, source=class_2338{x=-29, y=109, z=33}, goal=class_2338{x=-23, y=110, z=60}, source_id=26c9b934-433d-4a48-b920-6150138cf958, hidden_ticks=0}
[21:41:27] [Server thread/INFO]: [AIBot] TASK event=task_assigned bot=Bob {origin=SAFETY, params=Creeper defense phase=ESCAPE source=-29,109,33 source_id=26c9b934-433d-4a48-b920-6150138cf958 escape=-23,110,60 core_remaining=0 wing_remaining=0 wall_placed=0 hidden_ticks=0, origin_reason=creeper_defense, name=creeper_defense}
[21:41:27] [Server thread/INFO]: [AIBot] DANGER event=creeper_defense_started bot=Bob {replace_in_place=true, replaced=evade, source=class_2338{x=-29, y=109, z=33}, paused_depth=0}
[21:41:27] [Server thread/WARN]: [AIBot] PERCEPTION event=snapshot_slow bot=Bob {elapsed_ms=17}
[21:41:27] [Server thread/INFO]: [AIBot] ACTION event=diag_snapshot bot=Bob {fall=0.0, held=minecraft:oak_planksx7, task_state=RUNNING, submerged=false, light=10, step=, in_lava=false, task_phase=ESCAPE, goal=none, task_progress=0.0, task=creeper_defense, mode=survival, air=300, food=16, path_idle=false, inv=minecraft:crafting_tablex1 minecraft:oak_planksx7, nearby=animals=0 hostiles=5(zombie@11), mining_idle=true, hp=2.0/20.0, on_ground=true, pos=-26,109,48}
[21:41:28] [Server thread/INFO]: [AIBot] ACTION event=fake_player_jump bot=Bob {to=class_2338{x=-26, y=110, z=50}, from=class_2338{x=-26, y=109, z=49}, reason=path_jump_up}
[21:41:28] [Server thread/WARN]: [AIBot] PERCEPTION event=snapshot_slow bot=Bob {elapsed_ms=21}
[21:41:28] [Server thread/WARN]: [AIBot] PERCEPTION event=snapshot_slow bot=Bob {elapsed_ms=19}
[21:41:29] [Server thread/WARN]: [AIBot] PERCEPTION event=snapshot_slow bot=Bob {elapsed_ms=17}
[21:41:29] [Server thread/INFO]: [AIBot] ACTION event=capability_decision bot=Bob {reason=DENIED_STRICT_SURVIVAL, allowed=false, profile=strict_survival, capability=HIDDEN_BLOCK_SCAN, context=perception_snapshot}
[21:41:29] [Server thread/INFO]: [AIBot] ACTION event=capability_decision bot=Bob {reason=DENIED_STRICT_SURVIVAL, allowed=false, profile=strict_survival, capability=HIDDEN_BLOCK_SCAN, context=observable_block_query}
[21:41:29] [Server thread/WARN]: [AIBot] PERCEPTION event=snapshot_slow bot=Bob {elapsed_ms=18}
[21:41:29] [Server thread/INFO]: [AIBot] ACTION event=capability_decision bot=Bob {reason=DENIED_STRICT_SURVIVAL, allowed=false, profile=strict_survival, capability=HIDDEN_BLOCK_SCAN, context=diagnostic_nearby}
[21:41:29] [Server thread/INFO]: [AIBot] ACTION event=diag_snapshot bot=Bob {fall=0.0, held=minecraft:oak_planksx7, task_state=RUNNING, submerged=false, light=2, step=, in_lava=false, task_phase=ESCAPE, goal=none, task_progress=0.1, task=creeper_defense, mode=survival, air=300, food=16, path_idle=false, inv=minecraft:crafting_tablex1 minecraft:oak_planksx7, nearby=animals=0 hostiles=3(zombie@1), mining_idle=true, hp=2.0/20.0, on_ground=true, pos=-25,110,58}
[21:41:29] [Server thread/INFO]: Bob was slain by Zombie
[21:41:29] [Server thread/INFO]: [AIBot] TASK event=task_cancelled bot=Bob {reason=bot_died, name=creeper_defense}
[21:41:29] [Server thread/INFO]: [AIBot] COMM event=conversation_reset bot=Bob {}
[21:41:29] [Server thread/INFO]: [AIBot] LIFECYCLE event=bot_runtime_death_reset bot=Bob {}
[21:41:29] [Server thread/INFO]: [AIBot] ACTION event=capability_decision bot=Bob {reason=DENIED_STRICT_SURVIVAL, allowed=false, profile=strict_survival, capability=EMERGENCY_TELEPORT, context=death_surface_respawn}
[21:41:29] [Server thread/WARN]: [AIBot] LIFECYCLE event=bot_spawn_position_snapped bot=- {to=0,114,0, from=0,110,0, name=Bob}
[21:41:29] [Server thread/INFO]: [AIBot] DANGER event=bot_respawned_after_death bot=Bob {pos=0,114,0, strategy=strict_world_spawn}
[21:41:29] [Server thread/INFO]: [AIBot] DANGER event=drop_recovery_skipped bot=Bob {hostiles=3, respawn=0, 114, 0, reason=hostile_death_site, death=-25, 110, 58}
[21:41:29] [Server thread/INFO]: [AIBot] ACTION event=capability_decision bot=Bob {reason=DENIED_STRICT_SURVIVAL, allowed=false, profile=strict_survival, capability=HIDDEN_BLOCK_SCAN, context=observable_block_query}
[21:41:30] [Server thread/INFO]: [AIBot] ACTION event=capability_decision bot=Bob {reason=DENIED_STRICT_SURVIVAL, allowed=false, profile=strict_survival, capability=HIDDEN_BLOCK_SCAN, context=perception_snapshot}
[21:41:30] [Server thread/INFO]: [AIBot] ACTION event=capability_decision bot=Bob {reason=DENIED_STRICT_SURVIVAL, allowed=false, profile=strict_survival, capability=HIDDEN_BLOCK_SCAN, context=observable_entity_query}
[21:41:30] [Server thread/WARN]: [AIBot] PERCEPTION event=snapshot_slow bot=Bob {elapsed_ms=15}
[21:41:30] [Server thread/WARN]: [AIBot] PERCEPTION event=snapshot_slow bot=Bob {elapsed_ms=13}
[21:41:31] [Server thread/WARN]: [AIBot] PERCEPTION event=snapshot_slow bot=Bob {elapsed_ms=15}
[21:41:31] [Server thread/WARN]: [AIBot] PERCEPTION event=snapshot_slow bot=Bob {elapsed_ms=15}
[21:41:31] [Server thread/INFO]: [AIBot] ACTION event=capability_decision bot=Bob {reason=DENIED_STRICT_SURVIVAL, allowed=false, profile=strict_survival, capability=HIDDEN_BLOCK_SCAN, context=diagnostic_nearby}
[21:41:31] [Server thread/INFO]: [AIBot] ACTION event=diag_snapshot bot=Bob {fall=0.0, held=empty, task_state=CANCELLED, submerged=false, light=8, step=, in_lava=false, task_phase=ESCAPE, goal=none, task_progress=0.1, task=creeper_defense, mode=survival, air=300, food=20, path_idle=true, inv=empty, nearby=animals=0 hostiles=0, mining_idle=true, hp=20.0/20.0, on_ground=true, pos=0,114,0}
[21:41:32] [Server thread/WARN]: [AIBot] PERCEPTION event=snapshot_slow bot=Bob {elapsed_ms=12}
[21:41:32] [Server thread/WARN]: [AIBot] PERCEPTION event=snapshot_slow bot=Bob {elapsed_ms=13}
[21:41:33] [Server thread/WARN]: [AIBot] PERCEPTION event=snapshot_slow bot=Bob {elapsed_ms=14}
[21:41:33] [Server thread/WARN]: [AIBot] PERCEPTION event=snapshot_slow bot=Bob {elapsed_ms=13}
[21:41:33] [Server thread/INFO]: [AIBot] ACTION event=diag_snapshot bot=Bob {fall=0.0, held=empty, task_state=CANCELLED, submerged=false, light=8, step=, in_lava=false, task_phase=ESCAPE, goal=none, task_progress=0.1, task=creeper_defense, mode=survival, air=300, food=20, path_idle=true, inv=empty, nearby=animals=0 hostiles=0, mining_idle=true, hp=20.0/20.0, on_ground=true, pos=0,114,0}
[21:41:34] [Server thread/WARN]: [AIBot] PERCEPTION event=snapshot_slow bot=Bob {elapsed_ms=14}
[21:41:34] [Server thread/WARN]: [AIBot] PERCEPTION event=snapshot_slow bot=Bob {elapsed_ms=14}
[21:41:34] [Server thread/INFO]: [AIBot] ACTION event=capability_decision bot=Bob {reason=DENIED_STRICT_SURVIVAL, allowed=false, profile=strict_survival, capability=HIDDEN_BLOCK_SCAN, context=observable_block_query}
[21:41:35] [Server thread/INFO]: [AIBot] ACTION event=capability_decision bot=Bob {reason=DENIED_STRICT_SURVIVAL, allowed=false, profile=strict_survival, capability=HIDDEN_BLOCK_SCAN, context=perception_snapshot}
[21:41:35] [Server thread/INFO]: [AIBot] ACTION event=capability_decision bot=Bob {reason=DENIED_STRICT_SURVIVAL, allowed=false, profile=strict_survival, capability=HIDDEN_BLOCK_SCAN, context=observable_entity_query}
[21:41:35] [Server thread/WARN]: [AIBot] PERCEPTION event=snapshot_slow bot=Bob {elapsed_ms=13}
[21:41:35] [Server thread/WARN]: [AIBot] PERCEPTION event=snapshot_slow bot=Bob {elapsed_ms=12}
[21:41:35] [Server thread/INFO]: [AIBot] ACTION event=diag_snapshot bot=Bob {fall=0.0, held=empty, task_state=CANCELLED, submerged=false, light=8, step=, in_lava=false, task_phase=ESCAPE, goal=none, task_progress=0.1, task=creeper_defense, mode=survival, air=300, food=20, path_idle=true, inv=empty, nearby=animals=0 hostiles=0, mining_idle=true, hp=20.0/20.0, on_ground=true, pos=0,114,0}
[21:41:36] [Server thread/WARN]: [AIBot] PERCEPTION event=snapshot_slow bot=Bob {elapsed_ms=14}
[21:41:36] [Server thread/WARN]: [AIBot] PERCEPTION event=snapshot_slow bot=Bob {elapsed_ms=15}
[21:41:37] [Server thread/WARN]: [AIBot] PERCEPTION event=snapshot_slow bot=Bob {elapsed_ms=14}
[21:41:37] [Server thread/WARN]: [AIBot] PERCEPTION event=snapshot_slow bot=Bob {elapsed_ms=15}
[21:41:37] [Server thread/INFO]: [AIBot] ACTION event=capability_decision bot=Bob {reason=DENIED_STRICT_SURVIVAL, allowed=false, profile=strict_survival, capability=HIDDEN_BLOCK_SCAN, context=diagnostic_nearby}
[21:41:37] [Server thread/INFO]: [AIBot] ACTION event=diag_snapshot bot=Bob {fall=0.0, held=empty, task_state=CANCELLED, submerged=false, light=8, step=, in_lava=false, task_phase=ESCAPE, goal=none, task_progress=0.1, task=creeper_defense, mode=survival, air=300, food=20, path_idle=true, inv=empty, nearby=animals=0 hostiles=0, mining_idle=true, hp=20.0/20.0, on_ground=true, pos=0,114,0}
[21:41:38] [Server thread/WARN]: [AIBot] PERCEPTION event=snapshot_slow bot=Bob {elapsed_ms=13}
[21:41:38] [Server thread/WARN]: [AIBot] PERCEPTION event=snapshot_slow bot=Bob {elapsed_ms=16}
[21:41:39] [Server thread/WARN]: [AIBot] PERCEPTION event=snapshot_slow bot=Bob {elapsed_ms=13}
[21:41:39] [Server thread/INFO]: [AIBot] LIFECYCLE event=mixin_alive bot=- {server_tick=15600}
[21:41:39] [Server thread/WARN]: [AIBot] PERCEPTION event=snapshot_slow bot=Bob {elapsed_ms=14}
[21:41:39] [Server thread/INFO]: [AIBot] ACTION event=diag_snapshot bot=Bob {fall=0.0, held=empty, task_state=CANCELLED, submerged=false, light=8, step=, in_lava=false, task_phase=ESCAPE, goal=none, task_progress=0.1, task=creeper_defense, mode=survival, air=300, food=20, path_idle=true, inv=empty, nearby=animals=0 hostiles=0, mining_idle=true, hp=20.0/20.0, on_ground=true, pos=0,114,0}
[21:41:39] [Server thread/INFO]: [AIBot] ACTION event=capability_decision bot=Bob {reason=DENIED_STRICT_SURVIVAL, allowed=false, profile=strict_survival, capability=HIDDEN_BLOCK_SCAN, context=observable_block_query}
[21:41:40] [Server thread/INFO]: [AIBot] ACTION event=capability_decision bot=Bob {reason=DENIED_STRICT_SURVIVAL, allowed=false, profile=strict_survival, capability=HIDDEN_BLOCK_SCAN, context=perception_snapshot}
[21:41:40] [Server thread/INFO]: [AIBot] ACTION event=capability_decision bot=Bob {reason=DENIED_STRICT_SURVIVAL, allowed=false, profile=strict_survival, capability=HIDDEN_BLOCK_SCAN, context=observable_entity_query}
[21:41:40] [Server thread/WARN]: [AIBot] PERCEPTION event=snapshot_slow bot=Bob {elapsed_ms=14}
[21:41:40] [Server thread/WARN]: [AIBot] PERCEPTION event=snapshot_slow bot=Bob {elapsed_ms=11}
[21:41:41] [Server thread/WARN]: [AIBot] PERCEPTION event=snapshot_slow bot=Bob {elapsed_ms=14}
[21:41:41] [Server thread/WARN]: [AIBot] PERCEPTION event=snapshot_slow bot=Bob {elapsed_ms=14}
[21:41:41] [Server thread/INFO]: [AIBot] ACTION event=diag_snapshot bot=Bob {fall=0.0, held=empty, task_state=CANCELLED, submerged=false, light=8, step=, in_lava=false, task_phase=ESCAPE, goal=none, task_progress=0.1, task=creeper_defense, mode=survival, air=300, food=20, path_idle=true, inv=empty, nearby=animals=0 hostiles=0, mining_idle=true, hp=20.0/20.0, on_ground=true, pos=0,114,0}
[21:41:42] [Server thread/WARN]: [AIBot] PERCEPTION event=snapshot_slow bot=Bob {elapsed_ms=12}
[21:41:42] [Server thread/WARN]: [AIBot] PERCEPTION event=snapshot_slow bot=Bob {elapsed_ms=14}
[21:41:43] [Server thread/WARN]: [AIBot] PERCEPTION event=snapshot_slow bot=Bob {elapsed_ms=12}
[21:41:43] [Server thread/WARN]: [AIBot] PERCEPTION event=snapshot_slow bot=Bob {elapsed_ms=12}
[21:41:43] [Server thread/INFO]: [AIBot] ACTION event=capability_decision bot=Bob {reason=DENIED_STRICT_SURVIVAL, allowed=false, profile=strict_survival, capability=HIDDEN_BLOCK_SCAN, context=diagnostic_nearby}
[21:41:43] [Server thread/INFO]: [AIBot] ACTION event=diag_snapshot bot=Bob {fall=0.0, held=empty, task_state=CANCELLED, submerged=false, light=8, step=, in_lava=false, task_phase=ESCAPE, goal=none, task_progress=0.1, task=creeper_defense, mode=survival, air=300, food=20, path_idle=true, inv=empty, nearby=animals=0 hostiles=0, mining_idle=true, hp=20.0/20.0, on_ground=true, pos=0,114,0}
[21:41:44] [Server thread/WARN]: [AIBot] PERCEPTION event=snapshot_slow bot=Bob {elapsed_ms=12}
[21:41:44] [Server thread/WARN]: [AIBot] PERCEPTION event=snapshot_slow bot=Bob {elapsed_ms=13}
[21:41:44] [Server thread/INFO]: [AIBot] ACTION event=capability_decision bot=Bob {reason=DENIED_STRICT_SURVIVAL, allowed=false, profile=strict_survival, capability=HIDDEN_BLOCK_SCAN, context=observable_block_query}
[21:41:45] [Server thread/INFO]: [AIBot] ACTION event=capability_decision bot=Bob {reason=DENIED_STRICT_SURVIVAL, allowed=false, profile=strict_survival, capability=HIDDEN_BLOCK_SCAN, context=perception_snapshot}
[21:41:45] [Server thread/INFO]: [AIBot] ACTION event=capability_decision bot=Bob {reason=DENIED_STRICT_SURVIVAL, allowed=false, profile=strict_survival, capability=HIDDEN_BLOCK_SCAN, context=observable_entity_query}
[21:41:45] [Server thread/WARN]: [AIBot] PERCEPTION event=snapshot_slow bot=Bob {elapsed_ms=15}
[21:41:45] [Server thread/WARN]: [AIBot] PERCEPTION event=snapshot_slow bot=Bob {elapsed_ms=15}
[21:41:45] [Server thread/INFO]: [AIBot] ACTION event=diag_snapshot bot=Bob {fall=0.0, held=empty, task_state=CANCELLED, submerged=false, light=8, step=, in_lava=false, task_phase=ESCAPE, goal=none, task_progress=0.1, task=creeper_defense, mode=survival, air=300, food=20, path_idle=true, inv=empty, nearby=animals=0 hostiles=0, mining_idle=true, hp=20.0/20.0, on_ground=true, pos=0,114,0}
[21:41:46] [Server thread/WARN]: [AIBot] PERCEPTION event=snapshot_slow bot=Bob {elapsed_ms=12}
[21:41:46] [Server thread/WARN]: [AIBot] PERCEPTION event=snapshot_slow bot=Bob {elapsed_ms=15}
[21:41:47] [Server thread/WARN]: [AIBot] PERCEPTION event=snapshot_slow bot=Bob {elapsed_ms=13}
[21:41:47] [Server thread/WARN]: [AIBot] PERCEPTION event=snapshot_slow bot=Bob {elapsed_ms=12}
[21:41:47] [Server thread/INFO]: [AIBot] ACTION event=diag_snapshot bot=Bob {fall=0.0, held=empty, task_state=CANCELLED, submerged=false, light=8, step=, in_lava=false, task_phase=ESCAPE, goal=none, task_progress=0.1, task=creeper_defense, mode=survival, air=300, food=20, path_idle=true, inv=empty, nearby=animals=0 hostiles=0, mining_idle=true, hp=20.0/20.0, on_ground=true, pos=0,114,0}
[21:41:48] [Server thread/WARN]: [AIBot] PERCEPTION event=snapshot_slow bot=Bob {elapsed_ms=15}
[21:41:48] [Server thread/WARN]: [AIBot] PERCEPTION event=snapshot_slow bot=Bob {elapsed_ms=12}
[21:41:49] [Server thread/WARN]: [AIBot] PERCEPTION event=snapshot_slow bot=Bob {elapsed_ms=14}
[21:41:49] [Server thread/WARN]: [AIBot] PERCEPTION event=snapshot_slow bot=Bob {elapsed_ms=14}
[21:41:49] [Server thread/INFO]: [AIBot] ACTION event=capability_decision bot=Bob {reason=DENIED_STRICT_SURVIVAL, allowed=false, profile=strict_survival, capability=HIDDEN_BLOCK_SCAN, context=diagnostic_nearby}
[21:41:49] [Server thread/INFO]: [AIBot] ACTION event=diag_snapshot bot=Bob {fall=0.0, held=empty, task_state=CANCELLED, submerged=false, light=8, step=, in_lava=false, task_phase=ESCAPE, goal=none, task_progress=0.1, task=creeper_defense, mode=survival, air=300, food=20, path_idle=true, inv=empty, nearby=animals=0 hostiles=0, mining_idle=true, hp=20.0/20.0, on_ground=true, pos=0,114,0}
[21:41:49] [Server thread/INFO]: [AIBot] ACTION event=capability_decision bot=Bob {reason=DENIED_STRICT_SURVIVAL, allowed=false, profile=strict_survival, capability=HIDDEN_BLOCK_SCAN, context=observable_block_query}
[21:41:50] [Server thread/INFO]: [AIBot] ACTION event=capability_decision bot=Bob {reason=DENIED_STRICT_SURVIVAL, allowed=false, profile=strict_survival, capability=HIDDEN_BLOCK_SCAN, context=observable_entity_query}
[21:41:50] [Server thread/INFO]: [AIBot] ACTION event=capability_decision bot=Bob {reason=DENIED_STRICT_SURVIVAL, allowed=false, profile=strict_survival, capability=HIDDEN_BLOCK_SCAN, context=perception_snapshot}
[21:41:50] [Server thread/WARN]: [AIBot] PERCEPTION event=snapshot_slow bot=Bob {elapsed_ms=14}
[21:41:50] [Server thread/WARN]: [AIBot] PERCEPTION event=snapshot_slow bot=Bob {elapsed_ms=13}
[21:41:51] [Server thread/WARN]: [AIBot] PERCEPTION event=snapshot_slow bot=Bob {elapsed_ms=14}
[21:41:51] [Server thread/WARN]: [AIBot] PERCEPTION event=snapshot_slow bot=Bob {elapsed_ms=14}
[21:41:51] [Server thread/INFO]: [AIBot] ACTION event=diag_snapshot bot=Bob {fall=0.0, held=empty, task_state=CANCELLED, submerged=false, light=8, step=, in_lava=false, task_phase=ESCAPE, goal=none, task_progress=0.1, task=creeper_defense, mode=survival, air=300, food=20, path_idle=true, inv=empty, nearby=animals=0 hostiles=1(zombie@13), mining_idle=true, hp=20.0/20.0, on_ground=true, pos=0,114,0}
[21:41:52] [Server thread/WARN]: [AIBot] PERCEPTION event=snapshot_slow bot=Bob {elapsed_ms=16}
[21:41:52] [Server thread/WARN]: [AIBot] PERCEPTION event=snapshot_slow bot=Bob {elapsed_ms=15}
[21:41:53] [Server thread/WARN]: [AIBot] PERCEPTION event=snapshot_slow bot=Bob {elapsed_ms=15}
[21:41:53] [Server thread/INFO]: [AIBot] TASK event=task_assigned bot=Bob {origin=SAFETY, params=Evading HOSTILE toward 2,112,-12, origin_reason=threat:HOSTILE, name=evade}
[21:41:53] [Server thread/INFO]: [AIBot] DANGER event=threat_detected bot=Bob {severity=MEDIUM, decision=evade, source=class_2338{x=-1, y=110, z=9}, type=HOSTILE}
[21:41:53] [Server thread/INFO]: [AIBot] ACTION event=fake_player_step bot=Bob {to=class_2338{x=0, y=113, z=-1}, from=class_2338{x=0, y=114, z=0}, reason=path_drop_down}
[21:41:53] [Server thread/INFO]: [AIBot] ACTION event=fake_player_step bot=Bob {to=class_2338{x=1, y=112, z=-2}, from=class_2338{x=0, y=113, z=-2}, reason=path_drop_down}
[21:41:53] [Server thread/INFO]: [AIBot] ACTION event=fake_player_jump bot=Bob {to=class_2338{x=1, y=113, z=-3}, from=class_2338{x=1, y=112, z=-2}, reason=path_jump_up}
[21:41:53] [Server thread/WARN]: [AIBot] PERCEPTION event=snapshot_slow bot=Bob {elapsed_ms=19}
[21:41:53] [Server thread/INFO]: [AIBot] ACTION event=diag_snapshot bot=Bob {fall=0.0, held=empty, task_state=RUNNING, submerged=false, light=8, step=, in_lava=false, task_phase=, goal=none, task_progress=0.1, task=evade, mode=survival, air=300, food=20, path_idle=false, inv=empty, nearby=animals=1(horse@15) hostiles=0, mining_idle=true, hp=20.0/20.0, on_ground=false, pos=1,113,-3}
[21:41:54] [Server thread/WARN]: [AIBot] PERCEPTION event=snapshot_slow bot=Bob {elapsed_ms=15}
[21:41:54] [Server thread/INFO]: [AIBot] ACTION event=fake_player_step bot=Bob {to=class_2338{x=1, y=112, z=-8}, from=class_2338{x=1, y=113, z=-7}, reason=path_drop_down}
[21:41:54] [Server thread/WARN]: [AIBot] PERCEPTION event=snapshot_slow bot=Bob {elapsed_ms=22}
[21:41:54] [Server thread/INFO]: [AIBot] ACTION event=capability_decision bot=Bob {reason=DENIED_STRICT_SURVIVAL, allowed=false, profile=strict_survival, capability=HIDDEN_BLOCK_SCAN, context=observable_block_query}
[21:41:54] [Server thread/INFO]: [AIBot] TASK event=task_completed bot=Bob {elapsed_ticks=32, name=evade}
[21:41:55] [Server thread/INFO]: [AIBot] ACTION event=capability_decision bot=Bob {reason=DENIED_STRICT_SURVIVAL, allowed=false, profile=strict_survival, capability=HIDDEN_BLOCK_SCAN, context=observable_entity_query}
[21:41:55] [Server thread/INFO]: [AIBot] ACTION event=capability_decision bot=Bob {reason=DENIED_STRICT_SURVIVAL, allowed=false, profile=strict_survival, capability=HIDDEN_BLOCK_SCAN, context=perception_snapshot}
[21:41:55] [Server thread/WARN]: [AIBot] PERCEPTION event=snapshot_slow bot=Bob {elapsed_ms=23}
[21:41:55] [Server thread/WARN]: [AIBot] PERCEPTION event=snapshot_slow bot=Bob {elapsed_ms=24}
[21:41:55] [Server thread/INFO]: [AIBot] ACTION event=capability_decision bot=Bob {reason=DENIED_STRICT_SURVIVAL, allowed=false, profile=strict_survival, capability=HIDDEN_BLOCK_SCAN, context=diagnostic_nearby}
[21:41:55] [Server thread/INFO]: [AIBot] ACTION event=diag_snapshot bot=Bob {fall=0.0, held=empty, task_state=COMPLETED, submerged=false, light=10, step=, in_lava=false, task_phase=, goal=none, task_progress=1.0, task=evade, mode=survival, air=300, food=20, path_idle=true, inv=empty, nearby=animals=3(horse@6) hostiles=0, mining_idle=true, hp=20.0/20.0, on_ground=true, pos=1,111,-11}
[21:41:56] [Server thread/WARN]: [AIBot] PERCEPTION event=snapshot_slow bot=Bob {elapsed_ms=22}
[21:41:56] [Server thread/WARN]: [AIBot] PERCEPTION event=snapshot_slow bot=Bob {elapsed_ms=24}
[21:41:57] [Server thread/WARN]: [AIBot] PERCEPTION event=snapshot_slow bot=Bob {elapsed_ms=25}
[21:41:57] [Server thread/WARN]: [AIBot] PERCEPTION event=snapshot_slow bot=Bob {elapsed_ms=20}
[21:41:57] [Server thread/INFO]: [AIBot] ACTION event=diag_snapshot bot=Bob {fall=0.0, held=empty, task_state=COMPLETED, submerged=false, light=10, step=, in_lava=false, task_phase=, goal=none, task_progress=1.0, task=evade, mode=survival, air=300, food=20, path_idle=true, inv=empty, nearby=animals=2(horse@6) hostiles=0, mining_idle=true, hp=20.0/20.0, on_ground=true, pos=1,111,-11}
[21:41:58] [Server thread/WARN]: [AIBot] PERCEPTION event=snapshot_slow bot=Bob {elapsed_ms=23}
[21:41:58] [Server thread/WARN]: [AIBot] PERCEPTION event=snapshot_slow bot=Bob {elapsed_ms=23}
[21:41:59] [Server thread/WARN]: [AIBot] PERCEPTION event=snapshot_slow bot=Bob {elapsed_ms=25}
[21:41:59] [Server thread/WARN]: [AIBot] PERCEPTION event=snapshot_slow bot=Bob {elapsed_ms=21}
[21:41:59] [Server thread/INFO]: [AIBot] ACTION event=diag_snapshot bot=Bob {fall=0.0, held=empty, task_state=COMPLETED, submerged=false, light=10, step=, in_lava=false, task_phase=, goal=none, task_progress=1.0, task=evade, mode=survival, air=300, food=20, path_idle=true, inv=empty, nearby=animals=2(horse@6) hostiles=0, mining_idle=true, hp=20.0/20.0, on_ground=true, pos=1,111,-11}
[21:41:59] [Server thread/INFO]: [AIBot] ACTION event=capability_decision bot=Bob {reason=DENIED_STRICT_SURVIVAL, allowed=false, profile=strict_survival, capability=HIDDEN_BLOCK_SCAN, context=observable_block_query}
[21:42:00] [Server thread/INFO]: [AIBot] ACTION event=capability_decision bot=Bob {reason=DENIED_STRICT_SURVIVAL, allowed=false, profile=strict_survival, capability=HIDDEN_BLOCK_SCAN, context=observable_entity_query}
[21:42:00] [Server thread/INFO]: [AIBot] ACTION event=capability_decision bot=Bob {reason=DENIED_STRICT_SURVIVAL, allowed=false, profile=strict_survival, capability=HIDDEN_BLOCK_SCAN, context=perception_snapshot}
[21:42:00] [Server thread/WARN]: [AIBot] PERCEPTION event=snapshot_slow bot=Bob {elapsed_ms=21}
[21:42:00] [Server thread/WARN]: [AIBot] PERCEPTION event=snapshot_slow bot=Bob {elapsed_ms=20}
[21:42:01] [Server thread/WARN]: [AIBot] PERCEPTION event=snapshot_slow bot=Bob {elapsed_ms=18}
[21:42:01] [Server thread/WARN]: [AIBot] PERCEPTION event=snapshot_slow bot=Bob {elapsed_ms=21}
[21:42:01] [Server thread/INFO]: [AIBot] ACTION event=capability_decision bot=Bob {reason=DENIED_STRICT_SURVIVAL, allowed=false, profile=strict_survival, capability=HIDDEN_BLOCK_SCAN, context=diagnostic_nearby}
[21:42:01] [Server thread/INFO]: [AIBot] ACTION event=diag_snapshot bot=Bob {fall=0.0, held=empty, task_state=COMPLETED, submerged=false, light=10, step=, in_lava=false, task_phase=, goal=none, task_progress=1.0, task=evade, mode=survival, air=300, food=20, path_idle=true, inv=empty, nearby=animals=3(pig@6) hostiles=0, mining_idle=true, hp=20.0/20.0, on_ground=true, pos=1,111,-11}
[21:42:02] [Server thread/WARN]: [AIBot] PERCEPTION event=snapshot_slow bot=Bob {elapsed_ms=19}
[21:42:02] [Server thread/WARN]: [AIBot] PERCEPTION event=snapshot_slow bot=Bob {elapsed_ms=21}
[21:42:03] [Server thread/WARN]: [AIBot] PERCEPTION event=snapshot_slow bot=Bob {elapsed_ms=22}
[21:42:03] [Server thread/WARN]: [AIBot] PERCEPTION event=snapshot_slow bot=Bob {elapsed_ms=22}
[21:42:03] [Server thread/INFO]: [AIBot] ACTION event=diag_snapshot bot=Bob {fall=0.0, held=empty, task_state=COMPLETED, submerged=false, light=10, step=, in_lava=false, task_phase=, goal=none, task_progress=1.0, task=evade, mode=survival, air=300, food=20, path_idle=true, inv=empty, nearby=animals=3(pig@6) hostiles=0, mining_idle=true, hp=20.0/20.0, on_ground=true, pos=1,111,-11}
[21:42:04] [Server thread/WARN]: [AIBot] PERCEPTION event=snapshot_slow bot=Bob {elapsed_ms=24}
[21:42:04] [Server thread/WARN]: [AIBot] PERCEPTION event=snapshot_slow bot=Bob {elapsed_ms=23}
[21:42:04] [Server thread/INFO]: [AIBot] ACTION event=capability_decision bot=Bob {reason=DENIED_STRICT_SURVIVAL, allowed=false, profile=strict_survival, capability=HIDDEN_BLOCK_SCAN, context=observable_block_query}
[21:42:05] [Server thread/INFO]: [AIBot] ACTION event=capability_decision bot=Bob {reason=DENIED_STRICT_SURVIVAL, allowed=false, profile=strict_survival, capability=HIDDEN_BLOCK_SCAN, context=observable_entity_query}
[21:42:05] [Server thread/INFO]: [AIBot] ACTION event=capability_decision bot=Bob {reason=DENIED_STRICT_SURVIVAL, allowed=false, profile=strict_survival, capability=HIDDEN_BLOCK_SCAN, context=perception_snapshot}
[21:42:05] [Server thread/WARN]: [AIBot] PERCEPTION event=snapshot_slow bot=Bob {elapsed_ms=21}
[21:42:05] [Server thread/WARN]: [AIBot] PERCEPTION event=snapshot_slow bot=Bob {elapsed_ms=23}
[21:42:05] [Server thread/INFO]: [AIBot] ACTION event=diag_snapshot bot=Bob {fall=0.0, held=empty, task_state=COMPLETED, submerged=false, light=10, step=, in_lava=false, task_phase=, goal=none, task_progress=1.0, task=evade, mode=survival, air=300, food=20, path_idle=true, inv=empty, nearby=animals=3(pig@6) hostiles=0, mining_idle=true, hp=20.0/20.0, on_ground=true, pos=1,111,-11}
[21:42:06] [Server thread/WARN]: [AIBot] PERCEPTION event=snapshot_slow bot=Bob {elapsed_ms=23}
[21:42:06] [Server thread/WARN]: [AIBot] PERCEPTION event=snapshot_slow bot=Bob {elapsed_ms=21}
[21:42:07] [Server thread/WARN]: [AIBot] PERCEPTION event=snapshot_slow bot=Bob {elapsed_ms=21}
[21:42:07] [Server thread/WARN]: [AIBot] PERCEPTION event=snapshot_slow bot=Bob {elapsed_ms=21}
[21:42:07] [Server thread/INFO]: [AIBot] ACTION event=capability_decision bot=Bob {reason=DENIED_STRICT_SURVIVAL, allowed=false, profile=strict_survival, capability=HIDDEN_BLOCK_SCAN, context=diagnostic_nearby}
[21:42:07] [Server thread/INFO]: [AIBot] ACTION event=diag_snapshot bot=Bob {fall=0.0, held=empty, task_state=COMPLETED, submerged=false, light=10, step=, in_lava=false, task_phase=, goal=none, task_progress=1.0, task=evade, mode=survival, air=300, food=20, path_idle=true, inv=empty, nearby=animals=3(pig@6) hostiles=0, mining_idle=true, hp=20.0/20.0, on_ground=true, pos=1,111,-11}
[21:42:08] [Server thread/WARN]: [AIBot] PERCEPTION event=snapshot_slow bot=Bob {elapsed_ms=21}
[21:42:08] [Server thread/WARN]: [AIBot] PERCEPTION event=snapshot_slow bot=Bob {elapsed_ms=23}
[21:42:09] [Server thread/WARN]: [AIBot] PERCEPTION event=snapshot_slow bot=Bob {elapsed_ms=22}
[21:42:09] [Server thread/WARN]: [AIBot] PERCEPTION event=snapshot_slow bot=Bob {elapsed_ms=22}
[21:42:09] [Server thread/INFO]: [AIBot] ACTION event=diag_snapshot bot=Bob {fall=0.0, held=empty, task_state=COMPLETED, submerged=false, light=10, step=, in_lava=false, task_phase=, goal=none, task_progress=1.0, task=evade, mode=survival, air=300, food=20, path_idle=true, inv=empty, nearby=animals=3(pig@6) hostiles=1(zombie@13), mining_idle=true, hp=20.0/20.0, on_ground=true, pos=1,111,-11}
[21:42:09] [Server thread/INFO]: [AIBot] ACTION event=capability_decision bot=Bob {reason=DENIED_STRICT_SURVIVAL, allowed=false, profile=strict_survival, capability=HIDDEN_BLOCK_SCAN, context=observable_block_query}
[21:42:10] [Server thread/INFO]: [AIBot] ACTION event=capability_decision bot=Bob {reason=DENIED_STRICT_SURVIVAL, allowed=false, profile=strict_survival, capability=HIDDEN_BLOCK_SCAN, context=observable_entity_query}
[21:42:10] [Server thread/INFO]: [AIBot] ACTION event=capability_decision bot=Bob {reason=DENIED_STRICT_SURVIVAL, allowed=false, profile=strict_survival, capability=HIDDEN_BLOCK_SCAN, context=perception_snapshot}
[21:42:10] [Server thread/WARN]: [AIBot] PERCEPTION event=snapshot_slow bot=Bob {elapsed_ms=23}
[21:42:10] [Server thread/WARN]: [AIBot] PERCEPTION event=snapshot_slow bot=Bob {elapsed_ms=22}
[21:42:11] [Server thread/WARN]: [AIBot] PERCEPTION event=snapshot_slow bot=Bob {elapsed_ms=22}
[21:42:11] [Server thread/INFO]: [AIBot] ACTION event=fake_player_jump bot=Bob {to=class_2338{x=0, y=112, z=-11}, from=class_2338{x=1, y=111, z=-11}, reason=path_start_physical_snap:path_start_invalid}
[21:42:11] [Server thread/INFO]: [AIBot] TASK event=task_assigned bot=Bob {origin=SAFETY, params=Evading HOSTILE toward -4,112,-23, origin_reason=threat:HOSTILE, name=evade}
[21:42:11] [Server thread/INFO]: [AIBot] DANGER event=threat_detected bot=Bob {severity=MEDIUM, decision=evade, source=class_2338{x=4, y=109, z=-2}, type=HOSTILE}
[21:42:11] [Server thread/WARN]: [AIBot] PERCEPTION event=snapshot_slow bot=Bob {elapsed_ms=20}
[21:42:11] [Server thread/INFO]: [AIBot] ACTION event=diag_snapshot bot=Bob {fall=0.0, held=empty, task_state=RUNNING, submerged=false, light=9, step=, in_lava=false, task_phase=, goal=none, task_progress=0.0, task=evade, mode=survival, air=300, food=20, path_idle=false, inv=empty, nearby=animals=3(pig@5) hostiles=2(zombie@10), mining_idle=true, hp=20.0/20.0, on_ground=true, pos=0,112,-12}
[21:42:12] [Server thread/WARN]: [AIBot] PERCEPTION event=snapshot_slow bot=Bob {elapsed_ms=21}
[21:42:12] [Server thread/WARN]: [AIBot] PERCEPTION event=snapshot_slow bot=Bob {elapsed_ms=18}
[21:42:13] [Server thread/WARN]: [AIBot] PERCEPTION event=snapshot_slow bot=Bob {elapsed_ms=20}
[21:42:13] [Server thread/WARN]: [AIBot] PERCEPTION event=snapshot_slow bot=Bob {elapsed_ms=18}
[21:42:13] [Server thread/INFO]: [AIBot] ACTION event=capability_decision bot=Bob {reason=DENIED_STRICT_SURVIVAL, allowed=false, profile=strict_survival, capability=HIDDEN_BLOCK_SCAN, context=diagnostic_nearby}
[21:42:13] [Server thread/INFO]: [AIBot] ACTION event=diag_snapshot bot=Bob {fall=0.0, held=empty, task_state=RUNNING, submerged=false, light=9, step=, in_lava=false, task_phase=, goal=none, task_progress=0.3, task=evade, mode=survival, air=300, food=20, path_idle=false, inv=empty, nearby=animals=0 hostiles=0, mining_idle=true, hp=20.0/20.0, on_ground=false, pos=2,112,-23}
[21:42:14] [Server thread/WARN]: [AIBot] PERCEPTION event=snapshot_slow bot=Bob {elapsed_ms=19}
[21:42:14] [Server thread/WARN]: [AIBot] PERCEPTION event=snapshot_slow bot=Bob {elapsed_ms=15}
[21:42:14] [Server thread/INFO]: [AIBot] TASK event=task_completed bot=Bob {elapsed_ticks=67, name=evade}
[21:42:14] [Server thread/INFO]: [AIBot] ACTION event=capability_decision bot=Bob {reason=DENIED_STRICT_SURVIVAL, allowed=false, profile=strict_survival, capability=HIDDEN_BLOCK_SCAN, context=observable_block_query}
[21:42:15] [Server thread/INFO]: [AIBot] ACTION event=capability_decision bot=Bob {reason=DENIED_STRICT_SURVIVAL, allowed=false, profile=strict_survival, capability=HIDDEN_BLOCK_SCAN, context=observable_entity_query}
[21:42:15] [Server thread/INFO]: [AIBot] ACTION event=capability_decision bot=Bob {reason=DENIED_STRICT_SURVIVAL, allowed=false, profile=strict_survival, capability=HIDDEN_BLOCK_SCAN, context=perception_snapshot}
[21:42:15] [Server thread/WARN]: [AIBot] PERCEPTION event=snapshot_slow bot=Bob {elapsed_ms=17}
[21:42:15] [Server thread/WARN]: [AIBot] PERCEPTION event=snapshot_slow bot=Bob {elapsed_ms=14}
[21:42:15] [Server thread/INFO]: [AIBot] ACTION event=diag_snapshot bot=Bob {fall=0.0, held=empty, task_state=COMPLETED, submerged=false, light=4, step=, in_lava=false, task_phase=, goal=none, task_progress=1.0, task=evade, mode=survival, air=300, food=20, path_idle=true, inv=empty, nearby=animals=3(horse@5) hostiles=0, mining_idle=true, hp=20.0/20.0, on_ground=true, pos=-4,112,-25}
[21:42:16] [Server thread/WARN]: [AIBot] PERCEPTION event=snapshot_slow bot=Bob {elapsed_ms=13}
[21:42:16] [Server thread/WARN]: [AIBot] PERCEPTION event=snapshot_slow bot=Bob {elapsed_ms=15}
[21:42:17] [Server thread/WARN]: [AIBot] PERCEPTION event=snapshot_slow bot=Bob {elapsed_ms=28}
[21:42:17] [Server thread/WARN]: [AIBot] PERCEPTION event=snapshot_slow bot=Bob {elapsed_ms=15}
[21:42:17] [Server thread/INFO]: [AIBot] ACTION event=diag_snapshot bot=Bob {fall=0.0, held=empty, task_state=COMPLETED, submerged=false, light=4, step=, in_lava=false, task_phase=, goal=none, task_progress=1.0, task=evade, mode=survival, air=300, food=20, path_idle=true, inv=empty, nearby=animals=3(horse@7) hostiles=0, mining_idle=true, hp=20.0/20.0, on_ground=true, pos=-4,112,-25}
[21:42:18] [Server thread/WARN]: [AIBot] PERCEPTION event=snapshot_slow bot=Bob {elapsed_ms=16}
[21:42:18] [Server thread/WARN]: [AIBot] PERCEPTION event=snapshot_slow bot=Bob {elapsed_ms=16}
[21:42:19] [Server thread/WARN]: [AIBot] PERCEPTION event=snapshot_slow bot=Bob {elapsed_ms=15}
[21:42:19] [Server thread/WARN]: [AIBot] PERCEPTION event=snapshot_slow bot=Bob {elapsed_ms=14}
[21:42:19] [Server thread/INFO]: [AIBot] ACTION event=capability_decision bot=Bob {reason=DENIED_STRICT_SURVIVAL, allowed=false, profile=strict_survival, capability=HIDDEN_BLOCK_SCAN, context=diagnostic_nearby}
[21:42:19] [Server thread/INFO]: [AIBot] ACTION event=diag_snapshot bot=Bob {fall=0.0, held=empty, task_state=COMPLETED, submerged=false, light=4, step=, in_lava=false, task_phase=, goal=none, task_progress=1.0, task=evade, mode=survival, air=300, food=20, path_idle=true, inv=empty, nearby=animals=4(pig@5) hostiles=0, mining_idle=true, hp=20.0/20.0, on_ground=true, pos=-4,112,-25}
[21:42:19] [Server thread/INFO]: [AIBot] ACTION event=capability_decision bot=Bob {reason=DENIED_STRICT_SURVIVAL, allowed=false, profile=strict_survival, capability=HIDDEN_BLOCK_SCAN, context=observable_block_query}
[21:42:20] [Server thread/INFO]: [AIBot] ACTION event=capability_decision bot=Bob {reason=DENIED_STRICT_SURVIVAL, allowed=false, profile=strict_survival, capability=HIDDEN_BLOCK_SCAN, context=observable_entity_query}
[21:42:20] [Server thread/INFO]: [AIBot] ACTION event=capability_decision bot=Bob {reason=DENIED_STRICT_SURVIVAL, allowed=false, profile=strict_survival, capability=HIDDEN_BLOCK_SCAN, context=perception_snapshot}
[21:42:20] [Server thread/WARN]: [AIBot] PERCEPTION event=snapshot_slow bot=Bob {elapsed_ms=16}
[21:42:20] [Server thread/WARN]: [AIBot] PERCEPTION event=snapshot_slow bot=Bob {elapsed_ms=17}
[21:42:21] [Server thread/WARN]: [AIBot] PERCEPTION event=snapshot_slow bot=Bob {elapsed_ms=15}
[21:42:21] [Server thread/WARN]: [AIBot] PERCEPTION event=snapshot_slow bot=Bob {elapsed_ms=15}
[21:42:21] [Server thread/INFO]: [AIBot] ACTION event=diag_snapshot bot=Bob {fall=0.0, held=empty, task_state=COMPLETED, submerged=false, light=4, step=, in_lava=false, task_phase=, goal=none, task_progress=1.0, task=evade, mode=survival, air=300, food=20, path_idle=true, inv=empty, nearby=animals=3(horse@7) hostiles=0, mining_idle=true, hp=20.0/20.0, on_ground=true, pos=-4,112,-25}
[21:42:22] [Server thread/WARN]: [AIBot] PERCEPTION event=snapshot_slow bot=Bob {elapsed_ms=15}
[21:42:22] [Server thread/WARN]: [AIBot] PERCEPTION event=snapshot_slow bot=Bob {elapsed_ms=15}
[21:42:23] [Server thread/WARN]: [AIBot] PERCEPTION event=snapshot_slow bot=Bob {elapsed_ms=17}
[21:42:23] [Server thread/WARN]: [AIBot] PERCEPTION event=snapshot_slow bot=Bob {elapsed_ms=18}
[21:42:23] [Server thread/INFO]: [AIBot] ACTION event=diag_snapshot bot=Bob {fall=0.0, held=empty, task_state=COMPLETED, submerged=false, light=4, step=, in_lava=false, task_phase=, goal=none, task_progress=1.0, task=evade, mode=survival, air=300, food=20, path_idle=true, inv=empty, nearby=animals=2(horse@5) hostiles=0, mining_idle=true, hp=20.0/20.0, on_ground=true, pos=-4,112,-25}
[21:42:24] [Server thread/WARN]: [AIBot] PERCEPTION event=snapshot_slow bot=Bob {elapsed_ms=16}
[21:42:24] [Server thread/INFO]: Villager class_1646['Farmer'/21, l='ServerLevel[world]', x=1.51, y=112.00, z=-15.80] died, message: 'Farmer was slain by Zombie'
[21:42:24] [Server thread/WARN]: [AIBot] PERCEPTION event=snapshot_slow bot=Bob {elapsed_ms=15}
[21:42:24] [Server thread/INFO]: [AIBot] ACTION event=capability_decision bot=Bob {reason=DENIED_STRICT_SURVIVAL, allowed=false, profile=strict_survival, capability=HIDDEN_BLOCK_SCAN, context=observable_block_query}
[21:42:25] [Server thread/INFO]: [AIBot] ACTION event=capability_decision bot=Bob {reason=DENIED_STRICT_SURVIVAL, allowed=false, profile=strict_survival, capability=HIDDEN_BLOCK_SCAN, context=observable_entity_query}
[21:42:25] [Server thread/INFO]: [AIBot] ACTION event=capability_decision bot=Bob {reason=DENIED_STRICT_SURVIVAL, allowed=false, profile=strict_survival, capability=HIDDEN_BLOCK_SCAN, context=perception_snapshot}
[21:42:25] [Server thread/WARN]: [AIBot] PERCEPTION event=snapshot_slow bot=Bob {elapsed_ms=14}
[21:42:25] [Server thread/WARN]: [AIBot] PERCEPTION event=snapshot_slow bot=Bob {elapsed_ms=17}
[21:42:25] [Server thread/INFO]: [AIBot] ACTION event=capability_decision bot=Bob {reason=DENIED_STRICT_SURVIVAL, allowed=false, profile=strict_survival, capability=HIDDEN_BLOCK_SCAN, context=diagnostic_nearby}
[21:42:25] [Server thread/INFO]: [AIBot] ACTION event=diag_snapshot bot=Bob {fall=0.0, held=empty, task_state=COMPLETED, submerged=false, light=4, step=, in_lava=false, task_phase=, goal=none, task_progress=1.0, task=evade, mode=survival, air=300, food=20, path_idle=true, inv=empty, nearby=animals=3(horse@5) hostiles=1(zombie@15), mining_idle=true, hp=20.0/20.0, on_ground=true, pos=-4,112,-25}
[21:42:26] [Server thread/WARN]: [AIBot] PERCEPTION event=snapshot_slow bot=Bob {elapsed_ms=16}
[21:42:26] [Server thread/WARN]: [AIBot] PERCEPTION event=snapshot_slow bot=Bob {elapsed_ms=18}
[21:42:27] [Server thread/WARN]: [AIBot] PERCEPTION event=snapshot_slow bot=Bob {elapsed_ms=14}
[21:42:27] [Server thread/WARN]: [AIBot] PERCEPTION event=snapshot_slow bot=Bob {elapsed_ms=16}
[21:42:27] [Server thread/INFO]: [AIBot] ACTION event=diag_snapshot bot=Bob {fall=0.0, held=empty, task_state=COMPLETED, submerged=false, light=4, step=, in_lava=false, task_phase=, goal=none, task_progress=1.0, task=evade, mode=survival, air=300, food=20, path_idle=true, inv=empty, nearby=animals=3(horse@6) hostiles=1(zombie@11), mining_idle=true, hp=20.0/20.0, on_ground=true, pos=-4,112,-25}
[21:42:28] [Server thread/WARN]: [AIBot] PERCEPTION event=snapshot_slow bot=Bob {elapsed_ms=14}
[21:42:28] [Server thread/INFO]: [AIBot] ACTION event=fake_player_step bot=Bob {to=class_2338{x=-3, y=112, z=-25}, from=class_2338{x=-4, y=112, z=-25}, reason=path_start_physical_snap:path_start_invalid}
[21:42:28] [Server thread/INFO]: [AIBot] TASK event=task_assigned bot=Bob {origin=SAFETY, params=Evading HOSTILE toward 2,111,-36, origin_reason=threat:HOSTILE, name=evade}
[21:42:28] [Server thread/INFO]: [AIBot] DANGER event=threat_detected bot=Bob {severity=MEDIUM, decision=evade, source=class_2338{x=-8, y=112, z=-16}, type=HOSTILE}
[21:42:28] [Server thread/INFO]: [AIBot] ACTION event=fake_player_step bot=Bob {to=class_2338{x=-3, y=111, z=-26}, from=class_2338{x=-3, y=112, z=-25}, reason=path_drop_down}
[21:42:28] [Server thread/WARN]: [AIBot] PERCEPTION event=snapshot_slow bot=Bob {elapsed_ms=17}
[21:42:29] [Server thread/WARN]: [AIBot] PERCEPTION event=snapshot_slow bot=Bob {elapsed_ms=21}
[21:42:29] [Server thread/WARN]: [AIBot] PERCEPTION event=snapshot_slow bot=Bob {elapsed_ms=19}
[21:42:29] [Server thread/INFO]: [AIBot] ACTION event=diag_snapshot bot=Bob {fall=0.0, held=empty, task_state=RUNNING, submerged=false, light=6, step=, in_lava=false, task_phase=, goal=none, task_progress=0.2, task=evade, mode=survival, air=300, food=20, path_idle=false, inv=empty, nearby=animals=0 hostiles=2(zombie@13), mining_idle=true, hp=20.0/20.0, on_ground=false, pos=1,111,-32}
[21:42:29] [Server thread/INFO]: [AIBot] ACTION event=capability_decision bot=Bob {reason=DENIED_STRICT_SURVIVAL, allowed=false, profile=strict_survival, capability=HIDDEN_BLOCK_SCAN, context=observable_block_query}
[21:42:30] [Server thread/INFO]: [AIBot] TASK event=task_completed bot=Bob {elapsed_ticks=34, name=evade}
[21:42:30] [Server thread/INFO]: [AIBot] ACTION event=capability_decision bot=Bob {reason=DENIED_STRICT_SURVIVAL, allowed=false, profile=strict_survival, capability=HIDDEN_BLOCK_SCAN, context=observable_entity_query}
[21:42:30] [Server thread/INFO]: [AIBot] ACTION event=capability_decision bot=Bob {reason=DENIED_STRICT_SURVIVAL, allowed=false, profile=strict_survival, capability=HIDDEN_BLOCK_SCAN, context=perception_snapshot}
[21:42:30] [Server thread/WARN]: [AIBot] PERCEPTION event=snapshot_slow bot=Bob {elapsed_ms=19}
[21:42:30] [Server thread/WARN]: [AIBot] PERCEPTION event=snapshot_slow bot=Bob {elapsed_ms=21}
[21:42:31] [Server thread/WARN]: [AIBot] PERCEPTION event=snapshot_slow bot=Bob {elapsed_ms=20}
[21:42:31] [Server thread/WARN]: [AIBot] PERCEPTION event=snapshot_slow bot=Bob {elapsed_ms=22}
[21:42:31] [Server thread/INFO]: [AIBot] ACTION event=capability_decision bot=Bob {reason=DENIED_STRICT_SURVIVAL, allowed=false, profile=strict_survival, capability=HIDDEN_BLOCK_SCAN, context=diagnostic_nearby}
[21:42:31] [Server thread/INFO]: [AIBot] ACTION event=diag_snapshot bot=Bob {fall=0.0, held=empty, task_state=COMPLETED, submerged=false, light=7, step=, in_lava=false, task_phase=, goal=none, task_progress=1.0, task=evade, mode=survival, air=300, food=20, path_idle=true, inv=empty, nearby=animals=0 hostiles=2(zombie@11), mining_idle=true, hp=20.0/20.0, on_ground=true, pos=3,111,-35}
[21:42:32] [Server thread/WARN]: [AIBot] PERCEPTION event=snapshot_slow bot=Bob {elapsed_ms=18}
[21:42:32] [Server thread/INFO]: [AIBot] TASK event=task_assigned bot=Bob {origin=SAFETY, params=Evading HOSTILE toward 4,111,-47, origin_reason=threat:HOSTILE, name=evade}
[21:42:32] [Server thread/INFO]: [AIBot] DANGER event=threat_detected bot=Bob {severity=MEDIUM, decision=evade, source=class_2338{x=2, y=111, z=-25}, type=HOSTILE}
[21:42:32] [Server thread/WARN]: [AIBot] PERCEPTION event=snapshot_slow bot=Bob {elapsed_ms=19}
[21:42:33] [Server thread/WARN]: [AIBot] PERCEPTION event=snapshot_slow bot=Bob {elapsed_ms=20}
[21:42:33] [Server thread/WARN]: [AIBot] PERCEPTION event=snapshot_slow bot=Bob {elapsed_ms=17}
[21:42:33] [Server thread/INFO]: [AIBot] ACTION event=diag_snapshot bot=Bob {fall=0.0, held=empty, task_state=RUNNING, submerged=false, light=4, step=, in_lava=false, task_phase=, goal=none, task_progress=0.2, task=evade, mode=survival, air=300, food=20, path_idle=false, inv=empty, nearby=animals=1(rabbit@12) hostiles=1(zombie@13), mining_idle=true, hp=20.0/20.0, on_ground=false, pos=3,111,-41}
[21:42:34] [Server thread/WARN]: [AIBot] PERCEPTION event=snapshot_slow bot=Bob {elapsed_ms=16}
[21:42:34] [Server thread/INFO]: [AIBot] TASK event=task_completed bot=Bob {elapsed_ticks=36, name=evade}
[21:42:34] [Server thread/WARN]: [AIBot] PERCEPTION event=snapshot_slow bot=Bob {elapsed_ms=14}
[21:42:34] [Server thread/INFO]: [AIBot] ACTION event=capability_decision bot=Bob {reason=DENIED_STRICT_SURVIVAL, allowed=false, profile=strict_survival, capability=HIDDEN_BLOCK_SCAN, context=observable_block_query}
[21:42:35] [Server thread/INFO]: [AIBot] ACTION event=capability_decision bot=Bob {reason=DENIED_STRICT_SURVIVAL, allowed=false, profile=strict_survival, capability=HIDDEN_BLOCK_SCAN, context=observable_entity_query}
[21:42:35] [Server thread/INFO]: [AIBot] ACTION event=capability_decision bot=Bob {reason=DENIED_STRICT_SURVIVAL, allowed=false, profile=strict_survival, capability=HIDDEN_BLOCK_SCAN, context=perception_snapshot}
[21:42:35] [Server thread/WARN]: [AIBot] PERCEPTION event=snapshot_slow bot=Bob {elapsed_ms=15}
[21:42:35] [Server thread/WARN]: [AIBot] PERCEPTION event=snapshot_slow bot=Bob {elapsed_ms=16}
[21:42:35] [Server thread/INFO]: [AIBot] ACTION event=diag_snapshot bot=Bob {fall=0.0, held=empty, task_state=COMPLETED, submerged=false, light=4, step=, in_lava=false, task_phase=, goal=none, task_progress=1.0, task=evade, mode=survival, air=300, food=20, path_idle=true, inv=empty, nearby=animals=0 hostiles=1(zombie@13), mining_idle=true, hp=20.0/20.0, on_ground=true, pos=4,111,-45}
[21:42:36] [Server thread/WARN]: [AIBot] PERCEPTION event=snapshot_slow bot=Bob {elapsed_ms=14}
[21:42:36] [Server thread/WARN]: [AIBot] PERCEPTION event=snapshot_slow bot=Bob {elapsed_ms=15}
[21:42:37] [Server thread/INFO]: [AIBot] TASK event=task_assigned bot=Bob {origin=SAFETY, params=Evading HOSTILE toward 4,113,-56, origin_reason=threat:HOSTILE, name=evade}
[21:42:37] [Server thread/INFO]: [AIBot] DANGER event=threat_detected bot=Bob {severity=MEDIUM, decision=evade, source=class_2338{x=2, y=110, z=-35}, type=HOSTILE}
[21:42:37] [Server thread/WARN]: [AIBot] PERCEPTION event=snapshot_slow bot=Bob {elapsed_ms=15}
[21:42:37] [Server thread/WARN]: [AIBot] PERCEPTION event=snapshot_slow bot=Bob {elapsed_ms=15}
[21:42:37] [Server thread/INFO]: [AIBot] ACTION event=capability_decision bot=Bob {reason=DENIED_STRICT_SURVIVAL, allowed=false, profile=strict_survival, capability=HIDDEN_BLOCK_SCAN, context=diagnostic_nearby}
[21:42:37] [Server thread/INFO]: [AIBot] ACTION event=diag_snapshot bot=Bob {fall=0.0, held=empty, task_state=RUNNING, submerged=false, light=4, step=, in_lava=false, task_phase=, goal=none, task_progress=0.1, task=evade, mode=survival, air=300, food=20, path_idle=false, inv=empty, nearby=animals=0 hostiles=2(zombie@11), mining_idle=true, hp=20.0/20.0, on_ground=true, pos=4,111,-47}
[21:42:38] [Server thread/INFO]: [AIBot] ACTION event=fake_player_jump bot=Bob {to=class_2338{x=4, y=112, z=-51}, from=class_2338{x=4, y=111, z=-50}, reason=path_jump_up}
[21:42:38] [Server thread/WARN]: [AIBot] PERCEPTION event=snapshot_slow bot=Bob {elapsed_ms=15}
[21:42:38] [Server thread/WARN]: [AIBot] PERCEPTION event=snapshot_slow bot=Bob {elapsed_ms=15}
[21:42:38] [Server thread/INFO]: [AIBot] TASK event=task_completed bot=Bob {elapsed_ticks=31, name=evade}
[21:42:39] [Server thread/WARN]: [AIBot] PERCEPTION event=snapshot_slow bot=Bob {elapsed_ms=14}
[21:42:39] [Server thread/INFO]: [AIBot] LIFECYCLE event=mixin_alive bot=- {server_tick=16800}
[21:42:39] [Server thread/WARN]: [AIBot] PERCEPTION event=snapshot_slow bot=Bob {elapsed_ms=14}
[21:42:39] [Server thread/INFO]: [AIBot] ACTION event=diag_snapshot bot=Bob {fall=0.0, held=empty, task_state=COMPLETED, submerged=false, light=4, step=, in_lava=false, task_phase=, goal=none, task_progress=1.0, task=evade, mode=survival, air=300, food=20, path_idle=true, inv=empty, nearby=animals=0 hostiles=1(zombie@13), mining_idle=true, hp=20.0/20.0, on_ground=true, pos=4,112,-54}
[21:42:39] [Server thread/INFO]: [AIBot] ACTION event=capability_decision bot=Bob {reason=DENIED_STRICT_SURVIVAL, allowed=false, profile=strict_survival, capability=HIDDEN_BLOCK_SCAN, context=observable_block_query}
[21:42:40] [Server thread/INFO]: [AIBot] ACTION event=capability_decision bot=Bob {reason=DENIED_STRICT_SURVIVAL, allowed=false, profile=strict_survival, capability=HIDDEN_BLOCK_SCAN, context=observable_entity_query}
[21:42:40] [Server thread/INFO]: [AIBot] ACTION event=capability_decision bot=Bob {reason=DENIED_STRICT_SURVIVAL, allowed=false, profile=strict_survival, capability=HIDDEN_BLOCK_SCAN, context=perception_snapshot}
[21:42:40] [Server thread/WARN]: [AIBot] PERCEPTION event=snapshot_slow bot=Bob {elapsed_ms=13}
[21:42:40] [Server thread/WARN]: [AIBot] PERCEPTION event=snapshot_slow bot=Bob {elapsed_ms=14}
[21:42:41] [Server thread/INFO]: [AIBot] TASK event=task_assigned bot=Bob {origin=SAFETY, params=Evading HOSTILE toward 4,114,-68, origin_reason=threat:HOSTILE, name=evade}
[21:42:41] [Server thread/INFO]: [AIBot] DANGER event=threat_detected bot=Bob {severity=MEDIUM, decision=evade, source=class_2338{x=2, y=110, z=-44}, type=HOSTILE}
[21:42:41] [Server thread/WARN]: [AIBot] PERCEPTION event=snapshot_slow bot=Bob {elapsed_ms=12}
[21:42:41] [Server thread/INFO]: [AIBot] ACTION event=fake_player_jump bot=Bob {to=class_2338{x=4, y=113, z=-56}, from=class_2338{x=4, y=112, z=-55}, reason=path_jump_up}
[21:42:41] [Server thread/INFO]: [AIBot] ACTION event=fake_player_jump bot=Bob {to=class_2338{x=4, y=114, z=-57}, from=class_2338{x=4, y=113, z=-56}, reason=path_jump_up}
[21:42:41] [Server thread/INFO]: [AIBot] ACTION event=fake_player_jump bot=Bob {to=class_2338{x=4, y=115, z=-58}, from=class_2338{x=4, y=114, z=-57}, reason=path_jump_up}
[21:42:41] [Server thread/INFO]: [AIBot] ACTION event=fake_player_step bot=Bob {to=class_2338{x=3, y=114, z=-58}, from=class_2338{x=4, y=115, z=-58}, reason=path_drop_down}
[21:42:41] [Server thread/WARN]: [AIBot] PERCEPTION event=snapshot_slow bot=Bob {elapsed_ms=12}
[21:42:41] [Server thread/INFO]: [AIBot] ACTION event=diag_snapshot bot=Bob {fall=0.0, held=empty, task_state=RUNNING, submerged=false, light=6, step=, in_lava=false, task_phase=, goal=none, task_progress=0.1, task=evade, mode=survival, air=300, food=20, path_idle=false, inv=empty, nearby=animals=1(sheep@14) hostiles=1(zombie@13), mining_idle=true, hp=20.0/20.0, on_ground=true, pos=3,114,-58}
[21:42:42] [Server thread/WARN]: [AIBot] PERCEPTION event=snapshot_slow bot=Bob {elapsed_ms=11}
[21:42:42] [Server thread/INFO]: [AIBot] ACTION event=fake_player_step bot=Bob {to=class_2338{x=3, y=113, z=-63}, from=class_2338{x=3, y=114, z=-62}, reason=path_drop_down}
[21:42:42] [Server thread/INFO]: [AIBot] ACTION event=fake_player_jump bot=Bob {to=class_2338{x=4, y=114, z=-64}, from=class_2338{x=3, y=113, z=-64}, reason=path_jump_up}
[21:42:42] [Server thread/WARN]: [AIBot] PERCEPTION event=snapshot_slow bot=Bob {elapsed_ms=13}
[21:42:43] [Server thread/INFO]: [AIBot] TASK event=task_completed bot=Bob {elapsed_ticks=40, name=evade}
[21:42:43] [Server thread/WARN]: [AIBot] PERCEPTION event=snapshot_slow bot=Bob {elapsed_ms=14}
[21:42:43] [Server thread/WARN]: [AIBot] PERCEPTION event=snapshot_slow bot=Bob {elapsed_ms=18}
[21:42:43] [Server thread/INFO]: [AIBot] ACTION event=capability_decision bot=Bob {reason=DENIED_STRICT_SURVIVAL, allowed=false, profile=strict_survival, capability=HIDDEN_BLOCK_SCAN, context=diagnostic_nearby}
[21:42:43] [Server thread/INFO]: [AIBot] ACTION event=diag_snapshot bot=Bob {fall=0.0, held=empty, task_state=COMPLETED, submerged=false, light=4, step=, in_lava=false, task_phase=, goal=none, task_progress=1.0, task=evade, mode=survival, air=300, food=20, path_idle=true, inv=empty, nearby=animals=0 hostiles=1(zombie@14), mining_idle=true, hp=20.0/20.0, on_ground=true, pos=4,114,-66}
[21:42:44] [Server thread/WARN]: [AIBot] PERCEPTION event=snapshot_slow bot=Bob {elapsed_ms=17}
[21:42:44] [Server thread/WARN]: [AIBot] PERCEPTION event=snapshot_slow bot=Bob {elapsed_ms=15}
[21:42:44] [Server thread/INFO]: [AIBot] ACTION event=capability_decision bot=Bob {reason=DENIED_STRICT_SURVIVAL, allowed=false, profile=strict_survival, capability=HIDDEN_BLOCK_SCAN, context=observable_block_query}
[21:42:45] [Server thread/INFO]: [AIBot] ACTION event=capability_decision bot=Bob {reason=DENIED_STRICT_SURVIVAL, allowed=false, profile=strict_survival, capability=HIDDEN_BLOCK_SCAN, context=observable_entity_query}
[21:42:45] [Server thread/INFO]: [AIBot] ACTION event=capability_decision bot=Bob {reason=DENIED_STRICT_SURVIVAL, allowed=false, profile=strict_survival, capability=HIDDEN_BLOCK_SCAN, context=perception_snapshot}
[21:42:45] [Server thread/WARN]: [AIBot] PERCEPTION event=snapshot_slow bot=Bob {elapsed_ms=14}
[21:42:45] [Server thread/WARN]: [AIBot] PERCEPTION event=snapshot_slow bot=Bob {elapsed_ms=14}
[21:42:45] [Server thread/INFO]: [AIBot] ACTION event=diag_snapshot bot=Bob {fall=0.0, held=empty, task_state=COMPLETED, submerged=false, light=4, step=, in_lava=false, task_phase=, goal=none, task_progress=1.0, task=evade, mode=survival, air=300, food=20, path_idle=true, inv=empty, nearby=animals=0 hostiles=2(zombie@11), mining_idle=true, hp=20.0/20.0, on_ground=true, pos=4,114,-66}
[21:42:46] [Server thread/WARN]: [AIBot] PERCEPTION event=snapshot_slow bot=Bob {elapsed_ms=15}
[21:42:46] [Server thread/INFO]: [AIBot] TASK event=task_assigned bot=Bob {origin=SAFETY, params=Evading HOSTILE toward 12,116,-63, origin_reason=threat:HOSTILE, name=evade}
[21:42:46] [Server thread/INFO]: [AIBot] DANGER event=threat_detected bot=Bob {severity=MEDIUM, decision=evade, source=class_2338{x=-5, y=112, z=-71}, type=HOSTILE}
[21:42:46] [Server thread/INFO]: [AIBot] ACTION event=fake_player_jump bot=Bob {to=class_2338{x=5, y=115, z=-66}, from=class_2338{x=4, y=114, z=-66}, reason=path_jump_up}
[21:42:46] [Server thread/WARN]: [AIBot] PERCEPTION event=snapshot_slow bot=Bob {elapsed_ms=16}
[21:42:47] [Server thread/WARN]: [AIBot] PERCEPTION event=snapshot_slow bot=Bob {elapsed_ms=12}
[21:42:47] [Server thread/INFO]: [AIBot] ACTION event=fake_player_jump bot=Bob {to=class_2338{x=10, y=116, z=-63}, from=class_2338{x=9, y=115, z=-63}, reason=path_jump_up}
[21:42:47] [Server thread/INFO]: [AIBot] TASK event=task_completed bot=Bob {elapsed_ticks=21, name=evade}
[21:42:47] [Server thread/WARN]: [AIBot] PERCEPTION event=snapshot_slow bot=Bob {elapsed_ms=15}
[21:42:47] [Server thread/INFO]: [AIBot] ACTION event=diag_snapshot bot=Bob {fall=0.0, held=empty, task_state=COMPLETED, submerged=false, light=4, step=, in_lava=false, task_phase=, goal=none, task_progress=1.0, task=evade, mode=survival, air=300, food=20, path_idle=true, inv=empty, nearby=animals=0 hostiles=1(zombie@14), mining_idle=true, hp=20.0/20.0, on_ground=true, pos=10,116,-63}
[21:42:48] [Server thread/WARN]: [AIBot] PERCEPTION event=snapshot_slow bot=Bob {elapsed_ms=15}
[21:42:48] [Server thread/WARN]: [AIBot] PERCEPTION event=snapshot_slow bot=Bob {elapsed_ms=16}
[21:42:49] [Server thread/WARN]: [AIBot] PERCEPTION event=snapshot_slow bot=Bob {elapsed_ms=15}
[21:42:49] [Server thread/WARN]: [AIBot] PERCEPTION event=snapshot_slow bot=Bob {elapsed_ms=14}
[21:42:49] [Server thread/INFO]: [AIBot] ACTION event=capability_decision bot=Bob {reason=DENIED_STRICT_SURVIVAL, allowed=false, profile=strict_survival, capability=HIDDEN_BLOCK_SCAN, context=diagnostic_nearby}
[21:42:49] [Server thread/INFO]: [AIBot] ACTION event=diag_snapshot bot=Bob {fall=0.0, held=empty, task_state=COMPLETED, submerged=false, light=4, step=, in_lava=false, task_phase=, goal=none, task_progress=1.0, task=evade, mode=survival, air=300, food=20, path_idle=true, inv=empty, nearby=animals=0 hostiles=1(zombie@10), mining_idle=true, hp=20.0/20.0, on_ground=true, pos=10,116,-63}
[21:42:49] [Server thread/INFO]: [AIBot] ACTION event=capability_decision bot=Bob {reason=DENIED_STRICT_SURVIVAL, allowed=false, profile=strict_survival, capability=HIDDEN_BLOCK_SCAN, context=observable_block_query}
[21:42:50] [Server thread/INFO]: [AIBot] TASK event=task_assigned bot=Bob {origin=SAFETY, params=Evading HOSTILE toward 21,118,-59, origin_reason=threat:HOSTILE, name=evade}
[21:42:50] [Server thread/INFO]: [AIBot] DANGER event=threat_detected bot=Bob {severity=MEDIUM, decision=evade, source=class_2338{x=1, y=112, z=-66}, type=HOSTILE}
[21:42:50] [Server thread/INFO]: [AIBot] ACTION event=capability_decision bot=Bob {reason=DENIED_STRICT_SURVIVAL, allowed=false, profile=strict_survival, capability=HIDDEN_BLOCK_SCAN, context=observable_entity_query}
[21:42:50] [Server thread/INFO]: [AIBot] ACTION event=capability_decision bot=Bob {reason=DENIED_STRICT_SURVIVAL, allowed=false, profile=strict_survival, capability=HIDDEN_BLOCK_SCAN, context=perception_snapshot}
[21:42:50] [Server thread/WARN]: [AIBot] PERCEPTION event=snapshot_slow bot=Bob {elapsed_ms=14}
[21:42:50] [Server thread/INFO]: [AIBot] ACTION event=fake_player_jump bot=Bob {to=class_2338{x=13, y=117, z=-61}, from=class_2338{x=12, y=116, z=-61}, reason=path_jump_up}
[21:42:50] [Server thread/WARN]: [AIBot] PERCEPTION event=snapshot_slow bot=Bob {elapsed_ms=13}
[21:42:51] [Server thread/INFO]: [AIBot] ACTION event=fake_player_jump bot=Bob {to=class_2338{x=15, y=118, z=-60}, from=class_2338{x=14, y=117, z=-60}, reason=path_jump_up}
[21:42:51] [Server thread/WARN]: [AIBot] PERCEPTION event=snapshot_slow bot=Bob {elapsed_ms=14}
[21:42:51] [Server thread/INFO]: [AIBot] TASK event=task_completed bot=Bob {elapsed_ticks=34, name=evade}
[21:42:51] [Server thread/WARN]: [AIBot] PERCEPTION event=snapshot_slow bot=Bob {elapsed_ms=15}
[21:42:51] [Server thread/INFO]: [AIBot] ACTION event=diag_snapshot bot=Bob {fall=0.0, held=empty, task_state=COMPLETED, submerged=false, light=4, step=, in_lava=false, task_phase=, goal=none, task_progress=1.0, task=evade, mode=survival, air=300, food=20, path_idle=true, inv=empty, nearby=animals=0 hostiles=0, mining_idle=true, hp=20.0/20.0, on_ground=true, pos=19,118,-59}
[21:42:52] [Server thread/WARN]: [AIBot] PERCEPTION event=snapshot_slow bot=Bob {elapsed_ms=15}
[21:42:52] [Server thread/WARN]: [AIBot] PERCEPTION event=snapshot_slow bot=Bob {elapsed_ms=14}
[21:42:53] [Server thread/WARN]: [AIBot] PERCEPTION event=snapshot_slow bot=Bob {elapsed_ms=15}
[21:42:53] [Server thread/WARN]: [AIBot] PERCEPTION event=snapshot_slow bot=Bob {elapsed_ms=12}
[21:42:53] [Server thread/INFO]: [AIBot] ACTION event=diag_snapshot bot=Bob {fall=0.0, held=empty, task_state=COMPLETED, submerged=false, light=4, step=, in_lava=false, task_phase=, goal=none, task_progress=1.0, task=evade, mode=survival, air=300, food=20, path_idle=true, inv=empty, nearby=animals=0 hostiles=1(zombie@13), mining_idle=true, hp=20.0/20.0, on_ground=true, pos=19,118,-59}
[21:42:54] [Server thread/WARN]: [AIBot] PERCEPTION event=snapshot_slow bot=Bob {elapsed_ms=13}
[21:42:54] [Server thread/WARN]: [AIBot] PERCEPTION event=snapshot_slow bot=Bob {elapsed_ms=14}
[21:42:54] [Server thread/INFO]: [AIBot] ACTION event=capability_decision bot=Bob {reason=DENIED_STRICT_SURVIVAL, allowed=false, profile=strict_survival, capability=HIDDEN_BLOCK_SCAN, context=observable_block_query}
[21:42:55] [Server thread/INFO]: [AIBot] ACTION event=capability_decision bot=Bob {reason=DENIED_STRICT_SURVIVAL, allowed=false, profile=strict_survival, capability=HIDDEN_BLOCK_SCAN, context=observable_entity_query}
[21:42:55] [Server thread/INFO]: [AIBot] ACTION event=capability_decision bot=Bob {reason=DENIED_STRICT_SURVIVAL, allowed=false, profile=strict_survival, capability=HIDDEN_BLOCK_SCAN, context=perception_snapshot}
[21:42:55] [Server thread/WARN]: [AIBot] PERCEPTION event=snapshot_slow bot=Bob {elapsed_ms=15}
[21:42:55] [Server thread/INFO]: [AIBot] TASK event=task_assigned bot=Bob {origin=SAFETY, params=Evading HOSTILE toward 31,119,-56, origin_reason=threat:HOSTILE, name=evade}
[21:42:55] [Server thread/INFO]: [AIBot] DANGER event=threat_detected bot=Bob {severity=MEDIUM, decision=evade, source=class_2338{x=10, y=116, z=-62}, type=HOSTILE}
[21:42:55] [Server thread/WARN]: [AIBot] PERCEPTION event=snapshot_slow bot=Bob {elapsed_ms=15}
[21:42:55] [Server thread/INFO]: [AIBot] ACTION event=capability_decision bot=Bob {reason=DENIED_STRICT_SURVIVAL, allowed=false, profile=strict_survival, capability=HIDDEN_BLOCK_SCAN, context=diagnostic_nearby}
[21:42:55] [Server thread/INFO]: [AIBot] ACTION event=diag_snapshot bot=Bob {fall=0.0, held=empty, task_state=RUNNING, submerged=false, light=4, step=, in_lava=false, task_phase=, goal=none, task_progress=0.0, task=evade, mode=survival, air=300, food=20, path_idle=false, inv=empty, nearby=animals=0 hostiles=1(zombie@9), mining_idle=true, hp=20.0/20.0, on_ground=true, pos=19,118,-59}
[21:42:56] [Server thread/WARN]: [AIBot] PERCEPTION event=snapshot_slow bot=Bob {elapsed_ms=15}
[21:42:56] [Server thread/WARN]: [AIBot] PERCEPTION event=snapshot_slow bot=Bob {elapsed_ms=13}
[21:42:57] [Server thread/INFO]: [AIBot] ACTION event=fake_player_jump bot=Bob {to=class_2338{x=26, y=119, z=-56}, from=class_2338{x=25, y=118, z=-56}, reason=path_jump_up}
[21:42:57] [Server thread/WARN]: [AIBot] PERCEPTION event=snapshot_slow bot=Bob {elapsed_ms=17}
[21:42:57] [Server thread/INFO]: [AIBot] TASK event=task_completed bot=Bob {elapsed_ticks=38, name=evade}
[21:42:57] [Server thread/INFO]: [AIBot] TASK event=task_assigned bot=Bob {origin=SAFETY, params=Evading HOSTILE toward 18,118,-62, origin_reason=threat:HOSTILE, name=evade}
[21:42:57] [Server thread/INFO]: [AIBot] DANGER event=threat_detected bot=Bob {severity=MEDIUM, decision=evade, source=class_2338{x=36, y=119, z=-52}, type=HOSTILE}
[21:42:57] [Server thread/WARN]: [AIBot] PERCEPTION event=snapshot_slow bot=Bob {elapsed_ms=17}
[21:42:57] [Server thread/INFO]: [AIBot] ACTION event=diag_snapshot bot=Bob {fall=0.0, held=empty, task_state=RUNNING, submerged=false, light=4, step=, in_lava=false, task_phase=, goal=none, task_progress=0.0, task=evade, mode=survival, air=300, food=20, path_idle=false, inv=empty, nearby=animals=0 hostiles=2(zombie@7), mining_idle=true, hp=20.0/20.0, on_ground=true, pos=29,119,-56}
[21:42:58] [Server thread/INFO]: [AIBot] ACTION event=fake_player_step bot=Bob {to=class_2338{x=25, y=118, z=-56}, from=class_2338{x=26, y=119, z=-56}, reason=path_drop_down}
[21:42:58] [Server thread/WARN]: [AIBot] PERCEPTION event=snapshot_slow bot=Bob {elapsed_ms=16}
[21:42:58] [Server thread/WARN]: [AIBot] PERCEPTION event=snapshot_slow bot=Bob {elapsed_ms=16}
[21:42:59] [Server thread/WARN]: [AIBot] PERCEPTION event=snapshot_slow bot=Bob {elapsed_ms=15}
[21:42:59] [Server thread/INFO]: [AIBot] TASK event=task_completed bot=Bob {elapsed_ticks=42, name=evade}
[21:42:59] [Server thread/INFO]: [AIBot] TASK event=task_assigned bot=Bob {origin=SAFETY, params=Evading HOSTILE toward 30,119,-66, origin_reason=threat:HOSTILE, name=evade}
[21:42:59] [Server thread/INFO]: [AIBot] DANGER event=threat_detected bot=Bob {severity=MEDIUM, decision=evade, source=class_2338{x=16, y=118, z=-59}, type=HOSTILE}
[21:42:59] [Server thread/WARN]: [AIBot] PERCEPTION event=snapshot_slow bot=Bob {elapsed_ms=15}
[21:42:59] [Server thread/INFO]: [AIBot] ACTION event=diag_snapshot bot=Bob {fall=0.0, held=empty, task_state=RUNNING, submerged=false, light=4, step=, in_lava=false, task_phase=, goal=none, task_progress=0.0, task=evade, mode=survival, air=300, food=20, path_idle=false, inv=empty, nearby=animals=0 hostiles=2(zombie@3), mining_idle=true, hp=20.0/20.0, on_ground=true, pos=19,118,-61}
[21:43:00] [Server thread/INFO]: [AIBot] ACTION event=capability_decision bot=Bob {reason=DENIED_STRICT_SURVIVAL, allowed=false, profile=strict_survival, capability=HIDDEN_BLOCK_SCAN, context=observable_entity_query}
[21:43:00] [Server thread/INFO]: [AIBot] ACTION event=capability_decision bot=Bob {reason=DENIED_STRICT_SURVIVAL, allowed=false, profile=strict_survival, capability=HIDDEN_BLOCK_SCAN, context=perception_snapshot}
[21:43:00] [Server thread/INFO]: [AIBot] ACTION event=capability_decision bot=Bob {reason=DENIED_STRICT_SURVIVAL, allowed=false, profile=strict_survival, capability=HIDDEN_BLOCK_SCAN, context=observable_block_query}
[21:43:00] [Server thread/WARN]: [AIBot] PERCEPTION event=snapshot_slow bot=Bob {elapsed_ms=15}
[21:43:00] [Server thread/WARN]: [AIBot] PERCEPTION event=snapshot_slow bot=Bob {elapsed_ms=15}
[21:43:01] [Server thread/WARN]: [AIBot] PERCEPTION event=snapshot_slow bot=Bob {elapsed_ms=14}
[21:43:01] [Server thread/INFO]: [AIBot] TASK event=task_completed bot=Bob {elapsed_ticks=40, name=evade}
[21:43:01] [Server thread/INFO]: [AIBot] TASK event=task_assigned bot=Bob {origin=SAFETY, params=Evading HOSTILE toward 25,118,-78, origin_reason=threat:HOSTILE, name=evade}
[21:43:01] [Server thread/INFO]: [AIBot] DANGER event=threat_detected bot=Bob {severity=MEDIUM, decision=evade, source=class_2338{x=29, y=119, z=-58}, type=HOSTILE}
[21:43:01] [Server thread/WARN]: [AIBot] PERCEPTION event=snapshot_slow bot=Bob {elapsed_ms=17}
[21:43:01] [Server thread/INFO]: [AIBot] ACTION event=capability_decision bot=Bob {reason=DENIED_STRICT_SURVIVAL, allowed=false, profile=strict_survival, capability=HIDDEN_BLOCK_SCAN, context=diagnostic_nearby}
[21:43:01] [Server thread/INFO]: [AIBot] ACTION event=diag_snapshot bot=Bob {fall=0.0, held=empty, task_state=RUNNING, submerged=false, light=3, step=, in_lava=false, task_phase=, goal=none, task_progress=0.0, task=evade, mode=survival, air=300, food=20, path_idle=false, inv=empty, nearby=animals=0 hostiles=2(zombie@8), mining_idle=true, hp=20.0/20.0, on_ground=true, pos=28,118,-66}
[21:43:02] [Server thread/WARN]: [AIBot] PERCEPTION event=snapshot_slow bot=Bob {elapsed_ms=19}
[21:43:02] [Server thread/WARN]: [AIBot] PERCEPTION event=snapshot_slow bot=Bob {elapsed_ms=18}
[21:43:03] [Server thread/WARN]: [AIBot] PERCEPTION event=snapshot_slow bot=Bob {elapsed_ms=17}
[21:43:03] [Server thread/INFO]: [AIBot] TASK event=task_completed bot=Bob {elapsed_ticks=39, name=evade}
[21:43:03] [Server thread/INFO]: [AIBot] TASK event=task_assigned bot=Bob {origin=SAFETY, params=Evading HOSTILE toward 28,118,-64, origin_reason=threat:HOSTILE, name=evade}
[21:43:03] [Server thread/INFO]: [AIBot] DANGER event=threat_detected bot=Bob {severity=MEDIUM, decision=evade, source=class_2338{x=22, y=115, z=-89}, type=HOSTILE}
[21:43:03] [Server thread/WARN]: [AIBot] PERCEPTION event=snapshot_slow bot=Bob {elapsed_ms=17}
[21:43:03] [Server thread/INFO]: [AIBot] ACTION event=diag_snapshot bot=Bob {fall=0.0, held=empty, task_state=RUNNING, submerged=false, light=0, step=, in_lava=false, task_phase=, goal=none, task_progress=0.0, task=evade, mode=survival, air=300, food=20, path_idle=false, inv=empty, nearby=animals=0 hostiles=4(zombie@10), mining_idle=true, hp=20.0/20.0, on_ground=true, pos=25,118,-76}
[21:43:04] [Server thread/WARN]: [AIBot] PERCEPTION event=snapshot_slow bot=Bob {elapsed_ms=16}
[21:43:04] [Server thread/WARN]: [AIBot] PERCEPTION event=snapshot_slow bot=Bob {elapsed_ms=17}
[21:43:05] [Server thread/INFO]: [AIBot] ACTION event=capability_decision bot=Bob {reason=DENIED_STRICT_SURVIVAL, allowed=false, profile=strict_survival, capability=HIDDEN_BLOCK_SCAN, context=observable_entity_query}
[21:43:05] [Server thread/INFO]: [AIBot] ACTION event=capability_decision bot=Bob {reason=DENIED_STRICT_SURVIVAL, allowed=false, profile=strict_survival, capability=HIDDEN_BLOCK_SCAN, context=perception_snapshot}
[21:43:05] [Server thread/INFO]: [AIBot] ACTION event=capability_decision bot=Bob {reason=DENIED_STRICT_SURVIVAL, allowed=false, profile=strict_survival, capability=HIDDEN_BLOCK_SCAN, context=observable_block_query}
[21:43:05] [Server thread/WARN]: [AIBot] PERCEPTION event=snapshot_slow bot=Bob {elapsed_ms=17}
[21:43:05] [Server thread/INFO]: [AIBot] TASK event=task_completed bot=Bob {elapsed_ticks=40, name=evade}
[21:43:05] [Server thread/INFO]: [AIBot] TASK event=task_assigned bot=Bob {origin=SAFETY, params=Evading HOSTILE toward 29,118,-78, origin_reason=threat:HOSTILE, name=evade}
[21:43:05] [Server thread/INFO]: [AIBot] DANGER event=threat_detected bot=Bob {severity=MEDIUM, decision=evade, source=class_2338{x=28, y=118, z=-65}, type=HOSTILE}
[21:43:05] [Server thread/INFO]: [AIBot] DANGER event=diag_health_drop bot=Bob {from=20.0, task=evade/, pos=28,118,-66, air=300, delta=2.5, to=17.5, submerged=false, in_lava=false, fall=0.0}
[21:43:05] [Server thread/WARN]: [AIBot] PERCEPTION event=snapshot_slow bot=Bob {elapsed_ms=20}
[21:43:05] [Server thread/INFO]: [AIBot] ACTION event=diag_snapshot bot=Bob {fall=0.0, held=empty, task_state=RUNNING, submerged=false, light=3, step=, in_lava=false, task_phase=, goal=none, task_progress=0.0, task=evade, mode=survival, air=300, food=20, path_idle=false, inv=empty, nearby=animals=0 hostiles=3(zombie@1), mining_idle=true, hp=17.5/20.0, on_ground=false, pos=28,118,-67}
[21:43:06] [Server thread/WARN]: [AIBot] PERCEPTION event=snapshot_slow bot=Bob {elapsed_ms=19}
[21:43:06] [Server thread/INFO]: [AIBot] DANGER event=diag_health_drop bot=Bob {from=17.5, task=evade/, pos=28,118,-70, air=300, delta=2.0, to=15.5, submerged=false, in_lava=false, fall=0.0}
[21:43:06] [Server thread/WARN]: [AIBot] PERCEPTION event=snapshot_slow bot=Bob {elapsed_ms=22}
[21:43:07] [Server thread/WARN]: [AIBot] PERCEPTION event=snapshot_slow bot=Bob {elapsed_ms=19}
[21:43:07] [Server thread/WARN]: [AIBot] PERCEPTION event=snapshot_slow bot=Bob {elapsed_ms=14}
[21:43:07] [Server thread/INFO]: [AIBot] ACTION event=capability_decision bot=Bob {reason=DENIED_STRICT_SURVIVAL, allowed=false, profile=strict_survival, capability=HIDDEN_BLOCK_SCAN, context=diagnostic_nearby}
[21:43:07] [Server thread/INFO]: [AIBot] ACTION event=diag_snapshot bot=Bob {fall=0.0, held=empty, task_state=RUNNING, submerged=false, light=1, step=, in_lava=false, task_phase=, goal=none, task_progress=0.3, task=evade, mode=survival, air=300, food=20, path_idle=false, inv=empty, nearby=animals=0 hostiles=3(spider@2), mining_idle=true, hp=15.5/20.0, on_ground=true, pos=29,118,-75}
[21:43:08] [Server thread/INFO]: [AIBot] ACTION event=evade_pressure_extended bot=Bob {source=class_2338{x=28, y=118, z=-70}, to_goal=class_2338{x=29, y=116, z=-86}, from_goal=class_2338{x=29, y=118, z=-78}}
[21:43:08] [Server thread/WARN]: [AIBot] PERCEPTION event=snapshot_slow bot=Bob {elapsed_ms=15}
[21:43:08] [Server thread/INFO]: [AIBot] ACTION event=fake_player_step bot=Bob {to=class_2338{x=29, y=117, z=-80}, from=class_2338{x=29, y=118, z=-79}, reason=path_drop_down}
[21:43:08] [Server thread/WARN]: [AIBot] PERCEPTION event=snapshot_slow bot=Bob {elapsed_ms=14}
[21:43:09] [Server thread/WARN]: [AIBot] PERCEPTION event=snapshot_slow bot=Bob {elapsed_ms=14}
[21:43:09] [Server thread/INFO]: [AIBot] TASK event=task_completed bot=Bob {elapsed_ticks=74, name=evade}
[21:43:09] [Server thread/INFO]: [AIBot] TASK event=task_assigned bot=Bob {origin=SAFETY, params=Evading HOSTILE toward 30,115,-96, origin_reason=threat:HOSTILE, name=evade}
[21:43:09] [Server thread/INFO]: [AIBot] DANGER event=threat_detected bot=Bob {severity=MEDIUM, decision=evade, source=class_2338{x=28, y=118, z=-77}, type=HOSTILE}
[21:43:09] [Server thread/INFO]: [AIBot] ACTION event=fake_player_step bot=Bob {to=class_2338{x=29, y=116, z=-85}, from=class_2338{x=29, y=117, z=-84}, reason=path_drop_down}
[21:43:09] [Server thread/INFO]: [AIBot] ACTION event=fake_player_step bot=Bob {to=class_2338{x=30, y=115, z=-87}, from=class_2338{x=30, y=116, z=-86}, reason=path_drop_down}
[21:43:09] [Server thread/WARN]: [AIBot] PERCEPTION event=snapshot_slow bot=Bob {elapsed_ms=30}
[21:43:09] [Server thread/INFO]: [AIBot] ACTION event=diag_snapshot bot=Bob {fall=0.0, held=empty, task_state=RUNNING, submerged=false, light=4, step=, in_lava=false, task_phase=, goal=none, task_progress=0.1, task=evade, mode=survival, air=300, food=18, path_idle=false, inv=empty, nearby=animals=1(pig@12) hostiles=4(witch@8), mining_idle=true, hp=16.5/20.0, on_ground=true, pos=30,115,-87}
[21:43:10] [Server thread/INFO]: [AIBot] ACTION event=capability_decision bot=Bob {reason=DENIED_STRICT_SURVIVAL, allowed=false, profile=strict_survival, capability=HIDDEN_BLOCK_SCAN, context=observable_entity_query}
[21:43:10] [Server thread/INFO]: [AIBot] ACTION event=capability_decision bot=Bob {reason=DENIED_STRICT_SURVIVAL, allowed=false, profile=strict_survival, capability=HIDDEN_BLOCK_SCAN, context=perception_snapshot}
[21:43:10] [Server thread/INFO]: [AIBot] ACTION event=capability_decision bot=Bob {reason=DENIED_STRICT_SURVIVAL, allowed=false, profile=strict_survival, capability=HIDDEN_BLOCK_SCAN, context=observable_block_query}
[21:43:10] [Server thread/WARN]: [AIBot] PERCEPTION event=snapshot_slow bot=Bob {elapsed_ms=14}
[21:43:10] [Server thread/INFO]: [AIBot] ACTION event=fake_player_step bot=Bob {to=class_2338{x=30, y=114, z=-91}, from=class_2338{x=30, y=115, z=-90}, reason=path_drop_down}
[21:43:10] [Server thread/WARN]: [AIBot] PERCEPTION event=snapshot_slow bot=Bob {elapsed_ms=14}
[21:43:11] [Server thread/INFO]: [AIBot] TASK event=task_completed bot=Bob {elapsed_ticks=33, name=evade}
[21:43:11] [Server thread/INFO]: [AIBot] TASK event=task_assigned bot=Bob {origin=SAFETY, params=Evading HOSTILE toward 40,113,-100, origin_reason=threat:HOSTILE, name=evade}
[21:43:11] [Server thread/INFO]: [AIBot] DANGER event=threat_detected bot=Bob {severity=MEDIUM, decision=evade, source=class_2338{x=22, y=115, z=-88}, type=HOSTILE}
[21:43:11] [Server thread/WARN]: [AIBot] PERCEPTION event=snapshot_slow bot=Bob {elapsed_ms=15}
[21:43:11] [Server thread/WARN]: [AIBot] PERCEPTION event=snapshot_slow bot=Bob {elapsed_ms=15}
[21:43:11] [Server thread/INFO]: [AIBot] ACTION event=diag_snapshot bot=Bob {fall=0.0, held=empty, task_state=RUNNING, submerged=false, light=4, step=, in_lava=false, task_phase=, goal=none, task_progress=0.1, task=evade, mode=survival, air=300, food=18, path_idle=false, inv=empty, nearby=animals=2(pig@11) hostiles=2(witch@10), mining_idle=true, hp=16.5/20.0, on_ground=false, pos=34,114,-95}
[21:43:12] [Server thread/WARN]: [AIBot] PERCEPTION event=snapshot_slow bot=Bob {elapsed_ms=14}
[21:43:12] [Server thread/INFO]: [AIBot] ACTION event=fake_player_step bot=Bob {to=class_2338{x=37, y=113, z=-98}, from=class_2338{x=37, y=114, z=-97}, reason=path_drop_down}
[21:43:12] [Server thread/WARN]: [AIBot] PERCEPTION event=snapshot_slow bot=Bob {elapsed_ms=15}
[21:43:12] [Server thread/INFO]: [AIBot] ACTION event=evade_pressure_extended bot=Bob {source=class_2338{x=27, y=115, z=-93}, to_goal=class_2338{x=49, y=113, z=-104}, from_goal=class_2338{x=40, y=113, z=-100}}
[21:43:13] [Server thread/WARN]: [AIBot] PERCEPTION event=snapshot_slow bot=Bob {elapsed_ms=18}
[21:43:13] [Server thread/WARN]: [AIBot] PERCEPTION event=snapshot_slow bot=Bob {elapsed_ms=16}
[21:43:13] [Server thread/INFO]: [AIBot] ACTION event=capability_decision bot=Bob {reason=DENIED_STRICT_SURVIVAL, allowed=false, profile=strict_survival, capability=HIDDEN_BLOCK_SCAN, context=diagnostic_nearby}
[21:43:13] [Server thread/INFO]: [AIBot] ACTION event=diag_snapshot bot=Bob {fall=0.0, held=empty, task_state=RUNNING, submerged=false, light=4, step=, in_lava=false, task_phase=, goal=none, task_progress=0.3, task=evade, mode=survival, air=300, food=17, path_idle=false, inv=empty, nearby=animals=4(pig@1) hostiles=2(witch@14), mining_idle=true, hp=17.5/20.0, on_ground=true, pos=43,113,-100}
[21:43:14] [Server thread/INFO]: [AIBot] ACTION event=fake_player_jump bot=Bob {to=class_2338{x=46, y=114, z=-100}, from=class_2338{x=45, y=113, z=-100}, reason=path_jump_up}
[21:43:14] [Server thread/WARN]: [AIBot] PERCEPTION event=snapshot_slow bot=Bob {elapsed_ms=18}
[21:43:14] [Server thread/INFO]: [AIBot] ACTION event=fake_player_step bot=Bob {to=class_2338{x=48, y=113, z=-102}, from=class_2338{x=47, y=114, z=-102}, reason=path_drop_down}
[21:43:14] [Server thread/INFO]: [AIBot] TASK event=task_completed bot=Bob {elapsed_ticks=72, name=evade}
[21:43:14] [Server thread/WARN]: [AIBot] PERCEPTION event=snapshot_slow bot=Bob {elapsed_ms=16}
[21:43:15] [Server thread/INFO]: [AIBot] ACTION event=capability_decision bot=Bob {reason=DENIED_STRICT_SURVIVAL, allowed=false, profile=strict_survival, capability=HIDDEN_BLOCK_SCAN, context=observable_entity_query}
[21:43:15] [Server thread/INFO]: [AIBot] ACTION event=capability_decision bot=Bob {reason=DENIED_STRICT_SURVIVAL, allowed=false, profile=strict_survival, capability=HIDDEN_BLOCK_SCAN, context=observable_block_query}
[21:43:15] [Server thread/INFO]: [AIBot] ACTION event=capability_decision bot=Bob {reason=DENIED_STRICT_SURVIVAL, allowed=false, profile=strict_survival, capability=HIDDEN_BLOCK_SCAN, context=perception_snapshot}
[21:43:15] [Server thread/WARN]: [AIBot] PERCEPTION event=snapshot_slow bot=Bob {elapsed_ms=18}
[21:43:15] [Server thread/INFO]: [AIBot] TASK event=task_assigned bot=Bob {origin=SAFETY, params=Evading HOSTILE toward 58,115,-105, origin_reason=threat:HOSTILE, name=evade}
[21:43:15] [Server thread/INFO]: [AIBot] DANGER event=threat_detected bot=Bob {severity=MEDIUM, decision=evade, source=class_2338{x=33, y=115, z=-97}, type=HOSTILE}
[21:43:15] [Server thread/WARN]: [AIBot] PERCEPTION event=snapshot_slow bot=Bob {elapsed_ms=19}
[21:43:15] [Server thread/INFO]: [AIBot] ACTION event=diag_snapshot bot=Bob {fall=0.0, held=empty, task_state=RUNNING, submerged=false, light=0, step=, in_lava=false, task_phase=, goal=none, task_progress=0.0, task=evade, mode=survival, air=300, food=17, path_idle=false, inv=empty, nearby=animals=4(pig@6) hostiles=1(spider@13), mining_idle=true, hp=17.5/20.0, on_ground=true, pos=49,113,-103}
[21:43:16] [Server thread/INFO]: [AIBot] ACTION event=fake_player_jump bot=Bob {to=class_2338{x=50, y=114, z=-105}, from=class_2338{x=50, y=113, z=-104}, reason=path_jump_up}
[21:43:16] [Server thread/WARN]: [AIBot] PERCEPTION event=snapshot_slow bot=Bob {elapsed_ms=19}
[21:43:16] [Server thread/WARN]: [AIBot] PERCEPTION event=snapshot_slow bot=Bob {elapsed_ms=18}
[21:43:17] [Server thread/INFO]: [AIBot] ACTION event=fake_player_jump bot=Bob {to=class_2338{x=56, y=115, z=-105}, from=class_2338{x=55, y=114, z=-105}, reason=path_jump_up}
[21:43:17] [Server thread/INFO]: [AIBot] TASK event=task_completed bot=Bob {elapsed_ticks=31, name=evade}
[21:43:17] [Server thread/WARN]: [AIBot] PERCEPTION event=snapshot_slow bot=Bob {elapsed_ms=20}
[21:43:17] [Server thread/WARN]: [AIBot] PERCEPTION event=snapshot_slow bot=Bob {elapsed_ms=19}
[21:43:17] [Server thread/INFO]: [AIBot] ACTION event=diag_snapshot bot=Bob {fall=0.0, held=empty, task_state=COMPLETED, submerged=false, light=4, step=, in_lava=false, task_phase=, goal=none, task_progress=1.0, task=evade, mode=survival, air=300, food=17, path_idle=true, inv=empty, nearby=animals=4(rabbit@5) hostiles=1(spider@15), mining_idle=true, hp=17.5/20.0, on_ground=true, pos=56,115,-105}
[21:43:18] [Server thread/WARN]: [AIBot] PERCEPTION event=snapshot_slow bot=Bob {elapsed_ms=20}
[21:43:18] [Server thread/INFO]: [AIBot] TASK event=task_assigned bot=Bob {origin=SAFETY, params=Evading HOSTILE toward 67,117,-107, origin_reason=threat:HOSTILE, name=evade}
[21:43:18] [Server thread/INFO]: [AIBot] DANGER event=threat_detected bot=Bob {severity=MEDIUM, decision=evade, source=class_2338{x=41, y=114, z=-101}, type=HOSTILE}
[21:43:18] [Server thread/INFO]: [AIBot] ACTION event=fake_player_jump bot=Bob {to=class_2338{x=57, y=116, z=-106}, from=class_2338{x=57, y=115, z=-105}, reason=path_jump_up}
[21:43:18] [Server thread/WARN]: [AIBot] PERCEPTION event=snapshot_slow bot=Bob {elapsed_ms=20}
[21:43:19] [Server thread/INFO]: [AIBot] ACTION event=fake_player_jump bot=Bob {to=class_2338{x=60, y=117, z=-107}, from=class_2338{x=59, y=116, z=-107}, reason=path_jump_up}
[21:43:19] [Server thread/WARN]: [AIBot] PERCEPTION event=snapshot_slow bot=Bob {elapsed_ms=15}
[21:43:19] [Server thread/WARN]: [AIBot] PERCEPTION event=snapshot_slow bot=Bob {elapsed_ms=17}
[21:43:19] [Server thread/INFO]: [AIBot] ACTION event=capability_decision bot=Bob {reason=DENIED_STRICT_SURVIVAL, allowed=false, profile=strict_survival, capability=HIDDEN_BLOCK_SCAN, context=diagnostic_nearby}
[21:43:19] [Server thread/INFO]: [AIBot] ACTION event=diag_snapshot bot=Bob {fall=0.0, held=empty, task_state=RUNNING, submerged=false, light=3, step=, in_lava=false, task_phase=, goal=none, task_progress=0.2, task=evade, mode=survival, air=300, food=17, path_idle=false, inv=empty, nearby=animals=2(rabbit@12) hostiles=0, mining_idle=true, hp=17.5/20.0, on_ground=true, pos=62,117,-108}
[21:43:20] [Server thread/INFO]: [AIBot] TASK event=task_completed bot=Bob {elapsed_ticks=36, name=evade}
[21:43:20] [Server thread/INFO]: [AIBot] ACTION event=capability_decision bot=Bob {reason=DENIED_STRICT_SURVIVAL, allowed=false, profile=strict_survival, capability=HIDDEN_BLOCK_SCAN, context=observable_entity_query}
[21:43:20] [Server thread/INFO]: [AIBot] ACTION event=capability_decision bot=Bob {reason=DENIED_STRICT_SURVIVAL, allowed=false, profile=strict_survival, capability=HIDDEN_BLOCK_SCAN, context=observable_block_query}
[21:43:20] [Server thread/INFO]: [AIBot] ACTION event=capability_decision bot=Bob {reason=DENIED_STRICT_SURVIVAL, allowed=false, profile=strict_survival, capability=HIDDEN_BLOCK_SCAN, context=perception_snapshot}
[21:43:20] [Server thread/WARN]: [AIBot] PERCEPTION event=snapshot_slow bot=Bob {elapsed_ms=13}
[21:43:20] [Server thread/WARN]: [AIBot] PERCEPTION event=snapshot_slow bot=Bob {elapsed_ms=18}
[21:43:21] [Server thread/WARN]: [AIBot] PERCEPTION event=snapshot_slow bot=Bob {elapsed_ms=16}
[21:43:21] [Server thread/WARN]: [AIBot] PERCEPTION event=snapshot_slow bot=Bob {elapsed_ms=16}
[21:43:21] [Server thread/INFO]: [AIBot] ACTION event=diag_snapshot bot=Bob {fall=0.0, held=empty, task_state=COMPLETED, submerged=false, light=0, step=, in_lava=false, task_phase=, goal=none, task_progress=1.0, task=evade, mode=survival, air=300, food=17, path_idle=true, inv=empty, nearby=animals=1(rabbit@15) hostiles=1(spider@11), mining_idle=true, hp=17.5/20.0, on_ground=true, pos=65,117,-108}
[21:43:22] [Server thread/INFO]: [AIBot] TASK event=task_assigned bot=Bob {origin=SAFETY, params=Evading HOSTILE toward 74,119,-115, origin_reason=threat:HOSTILE, name=evade}
[21:43:22] [Server thread/INFO]: [AIBot] DANGER event=threat_detected bot=Bob {severity=MEDIUM, decision=evade, source=class_2338{x=58, y=114, z=-102}, type=HOSTILE}
[21:43:22] [Server thread/INFO]: [AIBot] ACTION event=fake_player_jump bot=Bob {to=class_2338{x=66, y=118, z=-108}, from=class_2338{x=65, y=117, z=-108}, reason=path_jump_up}
[21:43:22] [Server thread/WARN]: [AIBot] PERCEPTION event=snapshot_slow bot=Bob {elapsed_ms=17}
[21:43:22] [Server thread/WARN]: [AIBot] PERCEPTION event=snapshot_slow bot=Bob {elapsed_ms=17}
[21:43:23] [Server thread/WARN]: [AIBot] PERCEPTION event=snapshot_slow bot=Bob {elapsed_ms=17}
[21:43:23] [Server thread/INFO]: [AIBot] ACTION event=fake_player_jump bot=Bob {to=class_2338{x=73, y=119, z=-113}, from=class_2338{x=72, y=118, z=-113}, reason=path_jump_up}
[21:43:23] [Server thread/INFO]: [AIBot] TASK event=task_completed bot=Bob {elapsed_ticks=31, name=evade}
[21:43:23] [Server thread/WARN]: [AIBot] PERCEPTION event=snapshot_slow bot=Bob {elapsed_ms=17}
[21:43:23] [Server thread/INFO]: [AIBot] ACTION event=diag_snapshot bot=Bob {fall=0.0, held=empty, task_state=COMPLETED, submerged=false, light=4, step=, in_lava=false, task_phase=, goal=none, task_progress=1.0, task=evade, mode=survival, air=300, food=17, path_idle=true, inv=empty, nearby=animals=0 hostiles=0, mining_idle=true, hp=17.5/20.0, on_ground=true, pos=73,119,-113}
[21:43:24] [Server thread/WARN]: [AIBot] PERCEPTION event=snapshot_slow bot=Bob {elapsed_ms=18}
[21:43:24] [Server thread/WARN]: [AIBot] PERCEPTION event=snapshot_slow bot=Bob {elapsed_ms=18}
[21:43:25] [Server thread/INFO]: [AIBot] ACTION event=capability_decision bot=Bob {reason=DENIED_STRICT_SURVIVAL, allowed=false, profile=strict_survival, capability=HIDDEN_BLOCK_SCAN, context=observable_entity_query}
[21:43:25] [Server thread/INFO]: [AIBot] ACTION event=capability_decision bot=Bob {reason=DENIED_STRICT_SURVIVAL, allowed=false, profile=strict_survival, capability=HIDDEN_BLOCK_SCAN, context=observable_block_query}
[21:43:25] [Server thread/INFO]: [AIBot] TASK event=task_assigned bot=Bob {origin=SAFETY, params=Evading HOSTILE toward 83,121,-119, origin_reason=threat:HOSTILE, name=evade}
[21:43:25] [Server thread/INFO]: [AIBot] DANGER event=threat_detected bot=Bob {severity=MEDIUM, decision=evade, source=class_2338{x=59, y=116, z=-107}, type=HOSTILE}
[21:43:25] [Server thread/INFO]: [AIBot] ACTION event=capability_decision bot=Bob {reason=DENIED_STRICT_SURVIVAL, allowed=false, profile=strict_survival, capability=HIDDEN_BLOCK_SCAN, context=perception_snapshot}
[21:43:25] [Server thread/WARN]: [AIBot] PERCEPTION event=snapshot_slow bot=Bob {elapsed_ms=17}
[21:43:25] [Server thread/INFO]: [AIBot] ACTION event=fake_player_jump bot=Bob {to=class_2338{x=76, y=120, z=-113}, from=class_2338{x=75, y=119, z=-113}, reason=path_jump_up}
[21:43:25] [Server thread/WARN]: [AIBot] PERCEPTION event=snapshot_slow bot=Bob {elapsed_ms=15}
[21:43:25] [Server thread/INFO]: [AIBot] ACTION event=capability_decision bot=Bob {reason=DENIED_STRICT_SURVIVAL, allowed=false, profile=strict_survival, capability=HIDDEN_BLOCK_SCAN, context=diagnostic_nearby}
[21:43:25] [Server thread/INFO]: [AIBot] ACTION event=diag_snapshot bot=Bob {fall=0.0, held=empty, task_state=RUNNING, submerged=false, light=4, step=, in_lava=false, task_phase=, goal=none, task_progress=0.1, task=evade, mode=survival, air=300, food=17, path_idle=false, inv=empty, nearby=animals=0 hostiles=1(spider@13), mining_idle=true, hp=17.5/20.0, on_ground=false, pos=76,120,-113}
[21:43:26] [Server thread/WARN]: [AIBot] PERCEPTION event=snapshot_slow bot=Bob {elapsed_ms=12}
[21:43:26] [Server thread/INFO]: [AIBot] ACTION event=fake_player_jump bot=Bob {to=class_2338{x=80, y=121, z=-115}, from=class_2338{x=79, y=120, z=-115}, reason=path_jump_up}
[21:43:26] [Server thread/WARN]: [AIBot] PERCEPTION event=snapshot_slow bot=Bob {elapsed_ms=13}
[21:43:27] [Server thread/INFO]: [AIBot] TASK event=task_completed bot=Bob {elapsed_ticks=38, name=evade}
[21:43:27] [Server thread/WARN]: [AIBot] PERCEPTION event=snapshot_slow bot=Bob {elapsed_ms=14}
[21:43:27] [Server thread/WARN]: [AIBot] PERCEPTION event=snapshot_slow bot=Bob {elapsed_ms=14}
[21:43:27] [Server thread/INFO]: [AIBot] ACTION event=diag_snapshot bot=Bob {fall=0.0, held=empty, task_state=COMPLETED, submerged=false, light=4, step=, in_lava=false, task_phase=, goal=none, task_progress=1.0, task=evade, mode=survival, air=300, food=17, path_idle=true, inv=empty, nearby=animals=0 hostiles=1(spider@15), mining_idle=true, hp=17.5/20.0, on_ground=true, pos=81,121,-118}
[21:43:28] [Server thread/WARN]: [AIBot] PERCEPTION event=snapshot_slow bot=Bob {elapsed_ms=13}
[21:43:28] [Server thread/INFO]: [AIBot] TASK event=task_assigned bot=Bob {origin=SAFETY, params=Evading HOSTILE toward 91,119,-124, origin_reason=threat:HOSTILE, name=evade}
[21:43:28] [Server thread/INFO]: [AIBot] DANGER event=threat_detected bot=Bob {severity=MEDIUM, decision=evade, source=class_2338{x=67, y=118, z=-111}, type=HOSTILE}
[21:43:28] [Server thread/WARN]: [AIBot] PERCEPTION event=snapshot_slow bot=Bob {elapsed_ms=13}
[21:43:29] [Server thread/WARN]: [AIBot] PERCEPTION event=snapshot_slow bot=Bob {elapsed_ms=15}
[21:43:29] [Server thread/INFO]: [AIBot] ACTION event=fake_player_step bot=Bob {to=class_2338{x=86, y=120, z=-121}, from=class_2338{x=85, y=121, z=-121}, reason=path_drop_down}
[21:43:29] [Server thread/WARN]: [AIBot] PERCEPTION event=snapshot_slow bot=Bob {elapsed_ms=14}
[21:43:29] [Server thread/INFO]: [AIBot] ACTION event=diag_snapshot bot=Bob {fall=0.0, held=empty, task_state=RUNNING, submerged=false, light=2, step=, in_lava=false, task_phase=, goal=none, task_progress=0.2, task=evade, mode=survival, air=300, food=17, path_idle=false, inv=empty, nearby=animals=0 hostiles=0, mining_idle=true, hp=17.5/20.0, on_ground=true, pos=87,120,-122}
[21:43:30] [Server thread/INFO]: [AIBot] TASK event=task_completed bot=Bob {elapsed_ticks=33, name=evade}
[21:43:30] [Server thread/INFO]: [AIBot] ACTION event=capability_decision bot=Bob {reason=DENIED_STRICT_SURVIVAL, allowed=false, profile=strict_survival, capability=HIDDEN_BLOCK_SCAN, context=observable_entity_query}
[21:43:30] [Server thread/INFO]: [AIBot] ACTION event=capability_decision bot=Bob {reason=DENIED_STRICT_SURVIVAL, allowed=false, profile=strict_survival, capability=HIDDEN_BLOCK_SCAN, context=observable_block_query}
[21:43:30] [Server thread/INFO]: [AIBot] ACTION event=capability_decision bot=Bob {reason=DENIED_STRICT_SURVIVAL, allowed=false, profile=strict_survival, capability=HIDDEN_BLOCK_SCAN, context=perception_snapshot}
[21:43:30] [Server thread/WARN]: [AIBot] PERCEPTION event=snapshot_slow bot=Bob {elapsed_ms=16}
[21:43:30] [Server thread/WARN]: [AIBot] PERCEPTION event=snapshot_slow bot=Bob {elapsed_ms=18}
[21:43:31] [Server thread/INFO]: [AIBot] TASK event=task_assigned bot=Bob {origin=SAFETY, params=Evading HOSTILE toward 100,118,-127, origin_reason=threat:HOSTILE, name=evade}
[21:43:31] [Server thread/INFO]: [AIBot] DANGER event=threat_detected bot=Bob {severity=MEDIUM, decision=evade, source=class_2338{x=74, y=119, z=-118}, type=HOSTILE}
[21:43:31] [Server thread/INFO]: [AIBot] ACTION event=fake_player_step bot=Bob {to=class_2338{x=90, y=119, z=-123}, from=class_2338{x=89, y=120, z=-123}, reason=path_drop_down}
[21:43:31] [Server thread/WARN]: [AIBot] PERCEPTION event=snapshot_slow bot=Bob {elapsed_ms=16}
[21:43:31] [Server thread/WARN]: [AIBot] PERCEPTION event=snapshot_slow bot=Bob {elapsed_ms=17}
[21:43:31] [Server thread/INFO]: [AIBot] ACTION event=capability_decision bot=Bob {reason=DENIED_STRICT_SURVIVAL, allowed=false, profile=strict_survival, capability=HIDDEN_BLOCK_SCAN, context=diagnostic_nearby}
[21:43:31] [Server thread/INFO]: [AIBot] ACTION event=diag_snapshot bot=Bob {fall=0.0, held=empty, task_state=RUNNING, submerged=false, light=2, step=, in_lava=false, task_phase=, goal=none, task_progress=0.1, task=evade, mode=survival, air=300, food=17, path_idle=false, inv=empty, nearby=animals=0 hostiles=0, mining_idle=true, hp=17.5/20.0, on_ground=true, pos=92,119,-125}
[21:43:32] [Server thread/INFO]: [AIBot] ACTION event=fake_player_step bot=Bob {to=class_2338{x=93, y=118, z=-127}, from=class_2338{x=93, y=119, z=-126}, reason=path_drop_down}
[21:43:32] [Server thread/WARN]: [AIBot] PERCEPTION event=snapshot_slow bot=Bob {elapsed_ms=17}
[21:43:32] [Server thread/WARN]: [AIBot] PERCEPTION event=snapshot_slow bot=Bob {elapsed_ms=19}
[21:43:33] [Server thread/INFO]: [AIBot] TASK event=task_completed bot=Bob {elapsed_ticks=37, name=evade}
[21:43:33] [Server thread/WARN]: [AIBot] PERCEPTION event=snapshot_slow bot=Bob {elapsed_ms=20}
[21:43:33] [Server thread/WARN]: [AIBot] PERCEPTION event=snapshot_slow bot=Bob {elapsed_ms=18}
[21:43:33] [Server thread/INFO]: [AIBot] ACTION event=diag_snapshot bot=Bob {fall=0.0, held=empty, task_state=COMPLETED, submerged=false, light=4, step=, in_lava=false, task_phase=, goal=none, task_progress=1.0, task=evade, mode=survival, air=300, food=17, path_idle=true, inv=empty, nearby=animals=0 hostiles=0, mining_idle=true, hp=17.5/20.0, on_ground=true, pos=98,118,-127}
[21:43:34] [Server thread/WARN]: [AIBot] PERCEPTION event=snapshot_slow bot=Bob {elapsed_ms=17}
[21:43:34] [Server thread/WARN]: [AIBot] PERCEPTION event=snapshot_slow bot=Bob {elapsed_ms=17}
[21:43:34] [Server thread/INFO]: [AIBot] TASK event=task_assigned bot=Bob {origin=SAFETY, params=Evading HOSTILE toward 110,119,-130, origin_reason=threat:HOSTILE, name=evade}
[21:43:34] [Server thread/INFO]: [AIBot] DANGER event=threat_detected bot=Bob {severity=MEDIUM, decision=evade, source=class_2338{x=83, y=121, z=-123}, type=HOSTILE}
[21:43:35] [Server thread/INFO]: [AIBot] ACTION event=capability_decision bot=Bob {reason=DENIED_STRICT_SURVIVAL, allowed=false, profile=strict_survival, capability=HIDDEN_BLOCK_SCAN, context=observable_entity_query}
[21:43:35] [Server thread/INFO]: [AIBot] ACTION event=capability_decision bot=Bob {reason=DENIED_STRICT_SURVIVAL, allowed=false, profile=strict_survival, capability=HIDDEN_BLOCK_SCAN, context=perception_snapshot}
[21:43:35] [Server thread/INFO]: [AIBot] ACTION event=capability_decision bot=Bob {reason=DENIED_STRICT_SURVIVAL, allowed=false, profile=strict_survival, capability=HIDDEN_BLOCK_SCAN, context=observable_block_query}
[21:43:35] [Server thread/WARN]: [AIBot] PERCEPTION event=snapshot_slow bot=Bob {elapsed_ms=16}
[21:43:35] [Server thread/WARN]: [AIBot] PERCEPTION event=snapshot_slow bot=Bob {elapsed_ms=14}
[21:43:35] [Server thread/INFO]: [AIBot] ACTION event=diag_snapshot bot=Bob {fall=0.0, held=empty, task_state=RUNNING, submerged=false, light=1, step=, in_lava=false, task_phase=, goal=none, task_progress=0.1, task=evade, mode=survival, air=300, food=17, path_idle=false, inv=empty, nearby=animals=0 hostiles=1(spider@15), mining_idle=true, hp=17.5/20.0, on_ground=true, pos=102,118,-129}
[21:43:36] [Server thread/INFO]: [AIBot] ACTION event=fake_player_jump bot=Bob {to=class_2338{x=104, y=119, z=-130}, from=class_2338{x=103, y=118, z=-130}, reason=path_jump_up}
[21:43:36] [Server thread/WARN]: [AIBot] PERCEPTION event=snapshot_slow bot=Bob {elapsed_ms=19}
[21:43:36] [Server thread/WARN]: [AIBot] PERCEPTION event=snapshot_slow bot=Bob {elapsed_ms=17}
[21:43:36] [Server thread/INFO]: [AIBot] TASK event=task_completed bot=Bob {elapsed_ticks=41, name=evade}
[21:43:37] [Server thread/WARN]: [AIBot] PERCEPTION event=snapshot_slow bot=Bob {elapsed_ms=15}
[21:43:37] [Server thread/WARN]: [AIBot] PERCEPTION event=snapshot_slow bot=Bob {elapsed_ms=17}
[21:43:37] [Server thread/INFO]: [AIBot] ACTION event=capability_decision bot=Bob {reason=DENIED_STRICT_SURVIVAL, allowed=false, profile=strict_survival, capability=HIDDEN_BLOCK_SCAN, context=diagnostic_nearby}
[21:43:37] [Server thread/INFO]: [AIBot] ACTION event=diag_snapshot bot=Bob {fall=0.0, held=empty, task_state=COMPLETED, submerged=false, light=2, step=, in_lava=false, task_phase=, goal=none, task_progress=1.0, task=evade, mode=survival, air=300, food=17, path_idle=true, inv=empty, nearby=animals=0 hostiles=1(spider@15), mining_idle=true, hp=17.5/20.0, on_ground=true, pos=108,119,-130}
[21:43:38] [Server thread/INFO]: [AIBot] TASK event=task_assigned bot=Bob {origin=SAFETY, params=Evading HOSTILE toward 120,117,-133, origin_reason=threat:HOSTILE, name=evade}
[21:43:38] [Server thread/INFO]: [AIBot] DANGER event=threat_detected bot=Bob {severity=MEDIUM, decision=evade, source=class_2338{x=93, y=119, z=-126}, type=HOSTILE}
[21:43:38] [Server thread/WARN]: [AIBot] PERCEPTION event=snapshot_slow bot=Bob {elapsed_ms=17}
[21:43:38] [Server thread/WARN]: [AIBot] PERCEPTION event=snapshot_slow bot=Bob {elapsed_ms=18}
[21:43:39] [Server thread/INFO]: [AIBot] ACTION event=fake_player_step bot=Bob {to=class_2338{x=114, y=118, z=-133}, from=class_2338{x=113, y=119, z=-133}, reason=path_drop_down}
[21:43:39] [Server thread/WARN]: [AIBot] PERCEPTION event=snapshot_slow bot=Bob {elapsed_ms=16}
[21:43:39] [Server thread/INFO]: [AIBot] LIFECYCLE event=mixin_alive bot=- {server_tick=18000}
[21:43:39] [Server thread/WARN]: [AIBot] PERCEPTION event=snapshot_slow bot=Bob {elapsed_ms=15}
[21:43:39] [Server thread/INFO]: [AIBot] ACTION event=diag_snapshot bot=Bob {fall=0.0, held=empty, task_state=RUNNING, submerged=false, light=4, step=, in_lava=false, task_phase=, goal=none, task_progress=0.2, task=evade, mode=survival, air=300, food=17, path_idle=false, inv=empty, nearby=animals=0 hostiles=1(zombie@11), mining_idle=true, hp=17.5/20.0, on_ground=true, pos=117,118,-133}
[21:43:39] [Server thread/INFO]: [AIBot] TASK event=task_completed bot=Bob {elapsed_ticks=38, name=evade}
[21:43:40] [Server thread/INFO]: [AIBot] ACTION event=capability_decision bot=Bob {reason=DENIED_STRICT_SURVIVAL, allowed=false, profile=strict_survival, capability=HIDDEN_BLOCK_SCAN, context=observable_entity_query}
[21:43:40] [Server thread/INFO]: [AIBot] ACTION event=capability_decision bot=Bob {reason=DENIED_STRICT_SURVIVAL, allowed=false, profile=strict_survival, capability=HIDDEN_BLOCK_SCAN, context=observable_block_query}
[21:43:40] [Server thread/INFO]: [AIBot] ACTION event=capability_decision bot=Bob {reason=DENIED_STRICT_SURVIVAL, allowed=false, profile=strict_survival, capability=HIDDEN_BLOCK_SCAN, context=perception_snapshot}
[21:43:40] [Server thread/WARN]: [AIBot] PERCEPTION event=snapshot_slow bot=Bob {elapsed_ms=18}
[21:43:40] [Server thread/INFO]: Villager class_1646['Mason'/2, l='ServerLevel[world]', x=19.70, y=116.00, z=-77.90] died, message: 'Mason was slain by Zombie'
[21:43:40] [Server thread/INFO]: [AIBot] TASK event=task_assigned bot=Bob {origin=SAFETY, params=Evading HOSTILE toward 118,119,-145, origin_reason=threat:HOSTILE, name=evade}
[21:43:40] [Server thread/INFO]: [AIBot] DANGER event=threat_detected bot=Bob {severity=MEDIUM, decision=evade, source=class_2338{x=118, y=117, z=-123}, type=HOSTILE}
[21:43:40] [AIBotPersistenceWriter/INFO]: [AIBot] LIFECYCLE event=runtime_persist_saved bot=- {schema=1, jobs=0, bots=1, path=.\world\.\aibot\runtime.json, atomic_move=true}
[21:43:40] [Server thread/WARN]: [AIBot] PERCEPTION event=snapshot_slow bot=Bob {elapsed_ms=16}
[21:43:41] [Server thread/WARN]: [AIBot] PERCEPTION event=snapshot_slow bot=Bob {elapsed_ms=15}
[21:43:41] [Server thread/WARN]: [AIBot] PERCEPTION event=snapshot_slow bot=Bob {elapsed_ms=14}
[21:43:41] [Server thread/INFO]: [AIBot] ACTION event=diag_snapshot bot=Bob {fall=0.0, held=empty, task_state=RUNNING, submerged=false, light=1, step=, in_lava=false, task_phase=, goal=none, task_progress=0.2, task=evade, mode=survival, air=300, food=17, path_idle=false, inv=empty, nearby=animals=0 hostiles=2(zombie@10), mining_idle=true, hp=17.5/20.0, on_ground=true, pos=118,118,-136}
[21:43:42] [Server thread/WARN]: [AIBot] PERCEPTION event=snapshot_slow bot=Bob {elapsed_ms=15}
[21:43:42] [Server thread/WARN]: [AIBot] PERCEPTION event=snapshot_slow bot=Bob {elapsed_ms=13}
[21:43:43] [Server thread/WARN]: [AIBot] PERCEPTION event=snapshot_slow bot=Bob {elapsed_ms=11}
[21:43:43] [Server thread/INFO]: [AIBot] ACTION event=capability_decision bot=Bob {reason=DENIED_STRICT_SURVIVAL, allowed=false, profile=strict_survival, capability=HIDDEN_BLOCK_SCAN, context=diagnostic_nearby}
[21:43:43] [Server thread/INFO]: [AIBot] ACTION event=diag_snapshot bot=Bob {fall=0.0, held=empty, task_state=RUNNING, submerged=false, light=1, step=, in_lava=false, task_phase=, goal=none, task_progress=0.4, task=evade, mode=survival, air=300, food=17, path_idle=false, inv=empty, nearby=animals=0 hostiles=3(zombie@6), mining_idle=true, hp=17.5/20.0, on_ground=true, pos=118,118,-136}
[21:43:44] [Server thread/WARN]: [AIBot] PERCEPTION event=snapshot_slow bot=Bob {elapsed_ms=11}
[21:43:45] [Server thread/INFO]: [AIBot] ACTION event=capability_decision bot=Bob {reason=DENIED_STRICT_SURVIVAL, allowed=false, profile=strict_survival, capability=HIDDEN_BLOCK_SCAN, context=observable_entity_query}
[21:43:45] [Server thread/INFO]: [AIBot] ACTION event=capability_decision bot=Bob {reason=DENIED_STRICT_SURVIVAL, allowed=false, profile=strict_survival, capability=HIDDEN_BLOCK_SCAN, context=perception_snapshot}
[21:43:45] [Server thread/INFO]: [AIBot] ACTION event=capability_decision bot=Bob {reason=DENIED_STRICT_SURVIVAL, allowed=false, profile=strict_survival, capability=HIDDEN_BLOCK_SCAN, context=observable_block_query}
[21:43:45] [Server thread/WARN]: [AIBot] PERCEPTION event=snapshot_slow bot=Bob {elapsed_ms=12}
[21:43:45] [Server thread/INFO]: [AIBot] DANGER event=diag_health_drop bot=Bob {from=17.5, task=evade/, pos=118,118,-136, air=300, delta=2.0, to=15.5, submerged=false, in_lava=false, fall=0.0}
[21:43:45] [Server thread/WARN]: [AIBot] PERCEPTION event=snapshot_slow bot=Bob {elapsed_ms=12}
[21:43:45] [Server thread/INFO]: [AIBot] ACTION event=diag_snapshot bot=Bob {fall=0.0, held=empty, task_state=RUNNING, submerged=false, light=1, step=, in_lava=false, task_phase=, goal=none, task_progress=0.6, task=evade, mode=survival, air=300, food=17, path_idle=false, inv=empty, nearby=animals=0 hostiles=3(spider@1), mining_idle=true, hp=15.5/20.0, on_ground=false, pos=119,118,-136}
[21:43:46] [Server thread/WARN]: [AIBot] PERCEPTION event=snapshot_slow bot=Bob {elapsed_ms=11}
[21:43:46] [Server thread/INFO]: [AIBot] ACTION event=fake_player_jump bot=Bob {to=class_2338{x=118, y=119, z=-141}, from=class_2338{x=118, y=118, z=-140}, reason=path_jump_up}
[21:43:47] [Server thread/WARN]: [AIBot] PERCEPTION event=snapshot_slow bot=Bob {elapsed_ms=12}
[21:43:47] [Server thread/INFO]: [AIBot] ACTION event=evade_pressure_extended bot=Bob {source=class_2338{x=119, y=118, z=-136}, to_goal=class_2338{x=116, y=118, z=-155}, from_goal=class_2338{x=118, y=119, z=-145}}
[21:43:47] [Server thread/WARN]: [AIBot] PERCEPTION event=snapshot_slow bot=Bob {elapsed_ms=11}
[21:43:47] [Server thread/INFO]: [AIBot] ACTION event=diag_snapshot bot=Bob {fall=0.0, held=empty, task_state=RUNNING, submerged=false, light=3, step=, in_lava=false, task_phase=, goal=none, task_progress=0.9, task=evade, mode=survival, air=300, food=17, path_idle=false, inv=empty, nearby=animals=0 hostiles=3(zombie@7), mining_idle=true, hp=15.5/20.0, on_ground=true, pos=117,119,-144}
[21:43:48] [Server thread/WARN]: [AIBot] PERCEPTION event=snapshot_slow bot=Bob {elapsed_ms=12}
[21:43:48] [Server thread/INFO]: [AIBot] ACTION event=fake_player_step bot=Bob {to=class_2338{x=116, y=118, z=-148}, from=class_2338{x=116, y=119, z=-147}, reason=path_drop_down}
[21:43:48] [Server thread/INFO]: [AIBot] ACTION event=creeper_defense_escape_started bot=Bob {reason=initial, source=class_2338{x=108, y=118, z=-163}, goal=class_2338{x=122, y=118, z=-139}, source_id=62aa2ff8-ca21-417e-834e-a5c80cc87869, hidden_ticks=0}
[21:43:48] [Server thread/INFO]: [AIBot] TASK event=task_assigned bot=Bob {origin=SAFETY, params=Creeper defense phase=ESCAPE source=108,118,-163 source_id=62aa2ff8-ca21-417e-834e-a5c80cc87869 escape=122,118,-139 core_remaining=0 wing_remaining=0 wall_placed=0 hidden_ticks=0, origin_reason=creeper_defense, name=creeper_defense}
[21:43:48] [Server thread/INFO]: [AIBot] DANGER event=creeper_defense_started bot=Bob {replace_in_place=true, replaced=evade, source=class_2338{x=108, y=118, z=-163}, paused_depth=0}
[21:43:48] [Server thread/WARN]: [AIBot] PERCEPTION event=snapshot_slow bot=Bob {elapsed_ms=11}
[21:43:49] [Server thread/INFO]: [AIBot] ACTION event=fake_player_jump bot=Bob {to=class_2338{x=116, y=119, z=-147}, from=class_2338{x=116, y=118, z=-148}, reason=path_jump_up}
[21:43:49] [Server thread/WARN]: [AIBot] PERCEPTION event=snapshot_slow bot=Bob {elapsed_ms=11}
[21:43:49] [Server thread/WARN]: [AIBot] PERCEPTION event=snapshot_slow bot=Bob {elapsed_ms=11}
[21:43:49] [Server thread/INFO]: [AIBot] ACTION event=capability_decision bot=Bob {reason=DENIED_STRICT_SURVIVAL, allowed=false, profile=strict_survival, capability=HIDDEN_BLOCK_SCAN, context=diagnostic_nearby}
[21:43:49] [Server thread/INFO]: [AIBot] ACTION event=diag_snapshot bot=Bob {fall=0.0, held=empty, task_state=RUNNING, submerged=false, light=3, step=, in_lava=false, task_phase=ESCAPE, goal=none, task_progress=0.1, task=creeper_defense, mode=survival, air=300, food=17, path_idle=false, inv=empty, nearby=animals=0 hostiles=3(spider@5), mining_idle=true, hp=15.5/20.0, on_ground=true, pos=117,119,-146}
[21:43:50] [Server thread/INFO]: [AIBot] ACTION event=capability_decision bot=Bob {reason=DENIED_STRICT_SURVIVAL, allowed=false, profile=strict_survival, capability=HIDDEN_BLOCK_SCAN, context=observable_entity_query}
[21:43:50] [Server thread/INFO]: [AIBot] ACTION event=capability_decision bot=Bob {reason=DENIED_STRICT_SURVIVAL, allowed=false, profile=strict_survival, capability=HIDDEN_BLOCK_SCAN, context=perception_snapshot}
[21:43:50] [Server thread/INFO]: [AIBot] ACTION event=capability_decision bot=Bob {reason=DENIED_STRICT_SURVIVAL, allowed=false, profile=strict_survival, capability=HIDDEN_BLOCK_SCAN, context=observable_block_query}
[21:43:50] [Server thread/INFO]: [AIBot] DANGER event=diag_health_drop bot=Bob {from=15.5, task=creeper_defense/ESCAPE, pos=119,119,-142, air=300, delta=2.5, to=13.0, submerged=false, in_lava=false, fall=0.0}
[21:43:50] [Server thread/WARN]: [AIBot] PERCEPTION event=snapshot_slow bot=Bob {elapsed_ms=11}
[21:43:51] [Server thread/INFO]: [AIBot] ACTION event=fake_player_step bot=Bob {to=class_2338{x=121, y=118, z=-141}, from=class_2338{x=120, y=119, z=-141}, reason=path_drop_down}
[21:43:51] [Server thread/INFO]: [AIBot] ACTION event=creeper_defense_escape_started bot=Bob {reason=route_boundary, source=class_2338{x=108, y=118, z=-163}, goal=class_2338{x=127, y=117, z=-131}, source_id=62aa2ff8-ca21-417e-834e-a5c80cc87869, hidden_ticks=47}
[21:43:51] [Server thread/INFO]: [AIBot] ACTION event=diag_snapshot bot=Bob {fall=0.0, held=empty, task_state=RUNNING, submerged=false, light=2, step=, in_lava=false, task_phase=ESCAPE, goal=none, task_progress=0.2, task=creeper_defense, mode=survival, air=300, food=17, path_idle=false, inv=empty, nearby=animals=0 hostiles=3(spider@3), mining_idle=true, hp=13.0/20.0, on_ground=true, pos=121,118,-140}
[21:43:51] [Server thread/INFO]: [AIBot] DANGER event=diag_health_drop bot=Bob {from=13.0, task=creeper_defense/ESCAPE, pos=121,118,-139, air=300, delta=1.0, to=12.0, submerged=false, in_lava=false, fall=0.0}
[21:43:52] [Server thread/INFO]: [AIBot] ACTION event=fake_player_step bot=Bob {to=class_2338{x=121, y=117, z=-136}, from=class_2338{x=121, y=118, z=-137}, reason=path_drop_down}
[21:43:53] [Server thread/INFO]: [AIBot] DANGER event=diag_health_drop bot=Bob {from=12.0, task=creeper_defense/ESCAPE, pos=123,117,-134, air=300, delta=1.0, to=11.0, submerged=false, in_lava=false, fall=0.0}
[21:43:53] [Server thread/WARN]: [AIBot] PERCEPTION event=snapshot_slow bot=Bob {elapsed_ms=11}
[21:43:53] [Server thread/INFO]: [AIBot] ACTION event=creeper_defense_escape_started bot=Bob {reason=route_boundary, source=class_2338{x=108, y=118, z=-163}, goal=class_2338{x=131, y=116, z=-122}, source_id=62aa2ff8-ca21-417e-834e-a5c80cc87869, hidden_ticks=92}
[21:43:53] [Server thread/WARN]: [AIBot] PERCEPTION event=snapshot_slow bot=Bob {elapsed_ms=11}
[21:43:53] [Server thread/INFO]: [AIBot] ACTION event=diag_snapshot bot=Bob {fall=0.0, held=empty, task_state=RUNNING, submerged=false, light=4, step=, in_lava=false, task_phase=ESCAPE, goal=none, task_progress=0.3, task=creeper_defense, mode=survival, air=300, food=17, path_idle=false, inv=empty, nearby=animals=0 hostiles=3(spider@9), mining_idle=true, hp=11.0/20.0, on_ground=true, pos=126,117,-132}
[21:43:54] [Server thread/INFO]: [AIBot] DANGER event=creeper_defense_completed bot=Bob {source=class_2338{x=108, y=118, z=-163}, occluded=false, distance_sq=1365.2953679779819, reason=last_seen_clearance, source_id=62aa2ff8-ca21-417e-834e-a5c80cc87869, hidden_ticks=100}
[21:43:54] [Server thread/INFO]: [AIBot] TASK event=task_completed bot=Bob {elapsed_ticks=105, name=creeper_defense}
[21:43:54] [Server thread/INFO]: [AIBot] TASK event=task_assigned bot=Bob {origin=SAFETY, params=Evading HOSTILE toward 132,116,-120, origin_reason=threat:HOSTILE, name=evade}
[21:43:54] [Server thread/INFO]: [AIBot] DANGER event=threat_detected bot=Bob {severity=MEDIUM, decision=evade, source=class_2338{x=122, y=118, z=-140}, type=HOSTILE}
[21:43:54] [Server thread/INFO]: [AIBot] ACTION event=fake_player_step bot=Bob {to=class_2338{x=128, y=116, z=-130}, from=class_2338{x=127, y=117, z=-130}, reason=path_drop_down}
[21:43:54] [Server thread/INFO]: [AIBot] DANGER event=diag_health_drop bot=Bob {from=11.0, task=evade/, pos=128,116,-130, air=300, delta=1.0, to=10.0, submerged=false, in_lava=false, fall=0.0}
[21:43:54] [Server thread/WARN]: [AIBot] PERCEPTION event=snapshot_slow bot=Bob {elapsed_ms=11}
[21:43:54] [Server thread/INFO]: [AIBot] ACTION event=fake_player_step bot=Bob {to=class_2338{x=130, y=115, z=-128}, from=class_2338{x=130, y=116, z=-129}, reason=path_drop_down}
[21:43:55] [Server thread/INFO]: [AIBot] ACTION event=capability_decision bot=Bob {reason=DENIED_STRICT_SURVIVAL, allowed=false, profile=strict_survival, capability=HIDDEN_BLOCK_SCAN, context=observable_entity_query}
[21:43:55] [Server thread/INFO]: [AIBot] ACTION event=capability_decision bot=Bob {reason=DENIED_STRICT_SURVIVAL, allowed=false, profile=strict_survival, capability=HIDDEN_BLOCK_SCAN, context=perception_snapshot}
[21:43:55] [Server thread/INFO]: [AIBot] ACTION event=capability_decision bot=Bob {reason=DENIED_STRICT_SURVIVAL, allowed=false, profile=strict_survival, capability=HIDDEN_BLOCK_SCAN, context=observable_block_query}
[21:43:55] [Server thread/WARN]: [AIBot] PERCEPTION event=snapshot_slow bot=Bob {elapsed_ms=11}
[21:43:55] [Server thread/INFO]: [AIBot] DANGER event=diag_health_drop bot=Bob {from=10.0, task=evade/, pos=131,115,-125, air=300, delta=1.0, to=9.0, submerged=false, in_lava=false, fall=0.0}
[21:43:55] [Server thread/INFO]: [AIBot] ACTION event=capability_decision bot=Bob {reason=DENIED_STRICT_SURVIVAL, allowed=false, profile=strict_survival, capability=HIDDEN_BLOCK_SCAN, context=diagnostic_nearby}
[21:43:55] [Server thread/INFO]: [AIBot] ACTION event=diag_snapshot bot=Bob {fall=0.0, held=empty, task_state=RUNNING, submerged=false, light=4, step=, in_lava=false, task_phase=, goal=none, task_progress=0.2, task=evade, mode=survival, air=300, food=17, path_idle=false, inv=empty, nearby=animals=0 hostiles=3(skeleton@9), mining_idle=true, hp=9.0/20.0, on_ground=true, pos=131,115,-124}
[21:43:56] [Server thread/INFO]: [AIBot] TASK event=task_completed bot=Bob {elapsed_ticks=46, name=evade}
[21:43:56] [Server thread/INFO]: [AIBot] TASK event=task_assigned bot=Bob {origin=SAFETY, params=Evading HOSTILE toward 122,117,-129, origin_reason=threat:HOSTILE, name=evade}
[21:43:56] [Server thread/INFO]: [AIBot] DANGER event=threat_detected bot=Bob {severity=MEDIUM, decision=evade, source=class_2338{x=138, y=114, z=-118}, type=HOSTILE}
[21:43:56] [Server thread/INFO]: [AIBot] ACTION event=fake_player_jump bot=Bob {to=class_2338{x=131, y=116, z=-122}, from=class_2338{x=132, y=115, z=-122}, reason=path_jump_up}
[21:43:56] [Server thread/WARN]: [AIBot] PERCEPTION event=snapshot_slow bot=Bob {elapsed_ms=11}
[21:43:56] [Server thread/INFO]: [AIBot] DANGER event=diag_health_drop bot=Bob {from=9.0, task=evade/, pos=130,116,-122, air=300, delta=3.0, to=6.0, submerged=false, in_lava=false, fall=0.0}
[21:43:57] [Server thread/INFO]: [AIBot] ACTION event=fake_player_jump_rejected bot=Bob {reason=path_jump_up, supported_pose=false, to=class_2338{x=128, y=117, z=-124}, from=class_2338{x=128, y=116, z=-123}, grounded=false}
[21:43:57] [Server thread/INFO]: [AIBot] ACTION event=fake_player_jump_rejected bot=Bob {reason=path_jump_up, supported_pose=false, to=class_2338{x=128, y=117, z=-124}, from=class_2338{x=128, y=116, z=-123}, grounded=false}
[21:43:57] [Server thread/INFO]: [AIBot] ACTION event=fake_player_jump_rejected bot=Bob {reason=path_jump_up, supported_pose=false, to=class_2338{x=128, y=117, z=-124}, from=class_2338{x=128, y=116, z=-123}, grounded=false}
[21:43:57] [Server thread/INFO]: [AIBot] ACTION event=fake_player_jump_rejected bot=Bob {reason=path_jump_up, supported_pose=false, to=class_2338{x=128, y=117, z=-124}, from=class_2338{x=127, y=116, z=-123}, grounded=false}
[21:43:57] [Server thread/INFO]: [AIBot] ACTION event=fake_player_jump_rejected bot=Bob {reason=path_jump_up, supported_pose=false, to=class_2338{x=127, y=117, z=-124}, from=class_2338{x=127, y=116, z=-123}, grounded=false}
[21:43:57] [Server thread/INFO]: [AIBot] ACTION event=fake_player_jump bot=Bob {to=class_2338{x=127, y=117, z=-124}, from=class_2338{x=127, y=116, z=-123}, reason=path_jump_up}
[21:43:57] [Server thread/WARN]: [AIBot] PERCEPTION event=snapshot_slow bot=Bob {elapsed_ms=11}
[21:43:57] [Server thread/WARN]: [AIBot] PERCEPTION event=snapshot_slow bot=Bob {elapsed_ms=14}
[21:43:57] [Server thread/INFO]: [AIBot] ACTION event=diag_snapshot bot=Bob {fall=0.0, held=empty, task_state=RUNNING, submerged=false, light=4, step=, in_lava=false, task_phase=, goal=none, task_progress=0.2, task=evade, mode=survival, air=300, food=16, path_idle=false, inv=empty, nearby=animals=0 hostiles=4(spider@7), mining_idle=true, hp=6.0/20.0, on_ground=true, pos=126,117,-125}
[21:43:58] [Server thread/WARN]: [AIBot] PERCEPTION event=snapshot_slow bot=Bob {elapsed_ms=11}
[21:43:59] [Server thread/INFO]: [AIBot] TASK event=task_completed bot=Bob {elapsed_ticks=61, name=evade}
[21:43:59] [Server thread/INFO]: [AIBot] TASK event=task_assigned bot=Bob {origin=SAFETY, params=Evading HOSTILE toward 108,118,-122, origin_reason=threat:HOSTILE, name=evade}
[21:43:59] [Server thread/INFO]: [AIBot] DANGER event=threat_detected bot=Bob {severity=MEDIUM, decision=evade, source=class_2338{x=124, y=117, z=-130}, type=HOSTILE}
[21:43:59] [Server thread/INFO]: [AIBot] ACTION event=fake_player_jump bot=Bob {to=class_2338{x=117, y=118, z=-127}, from=class_2338{x=118, y=117, z=-127}, reason=path_jump_up}
[21:43:59] [Server thread/WARN]: [AIBot] PERCEPTION event=snapshot_slow bot=Bob {elapsed_ms=16}
[21:43:59] [Server thread/INFO]: [AIBot] ACTION event=diag_snapshot bot=Bob {fall=0.0, held=empty, task_state=RUNNING, submerged=false, light=3, step=, in_lava=false, task_phase=, goal=none, task_progress=0.1, task=evade, mode=survival, air=300, food=16, path_idle=false, inv=empty, nearby=animals=0 hostiles=3(spider@7), mining_idle=true, hp=6.0/20.0, on_ground=true, pos=116,118,-126}
[21:44:00] [Server thread/INFO]: [AIBot] ACTION event=capability_decision bot=Bob {reason=DENIED_STRICT_SURVIVAL, allowed=false, profile=strict_survival, capability=HIDDEN_BLOCK_SCAN, context=observable_entity_query}
[21:44:00] [Server thread/INFO]: [AIBot] ACTION event=capability_decision bot=Bob {reason=DENIED_STRICT_SURVIVAL, allowed=false, profile=strict_survival, capability=HIDDEN_BLOCK_SCAN, context=perception_snapshot}
[21:44:00] [Server thread/INFO]: [AIBot] ACTION event=capability_decision bot=Bob {reason=DENIED_STRICT_SURVIVAL, allowed=false, profile=strict_survival, capability=HIDDEN_BLOCK_SCAN, context=observable_block_query}
[21:44:00] [Server thread/WARN]: [AIBot] PERCEPTION event=snapshot_slow bot=Bob {elapsed_ms=11}
[21:44:00] [Server thread/INFO]: [AIBot] DANGER event=diag_health_drop bot=Bob {from=6.0, task=evade/, pos=113,118,-124, air=300, delta=1.0, to=5.0, submerged=false, in_lava=false, fall=0.0}
[21:44:00] [Server thread/WARN]: [AIBot] PERCEPTION event=snapshot_slow bot=Bob {elapsed_ms=13}
[21:44:01] [Server thread/INFO]: [AIBot] TASK event=task_completed bot=Bob {elapsed_ticks=34, name=evade}
[21:44:01] [Server thread/INFO]: [AIBot] TASK event=task_assigned bot=Bob {origin=SAFETY, params=Evading LOW_HP toward 101,118,-115, origin_reason=threat:LOW_HP, name=evade}
[21:44:01] [Server thread/INFO]: [AIBot] DANGER event=threat_detected bot=Bob {severity=HIGH, decision=evade, source=class_2338{x=120, y=117, z=-130}, type=LOW_HP}
[21:44:01] [Server thread/WARN]: [AIBot] PERCEPTION event=snapshot_slow bot=Bob {elapsed_ms=12}
[21:44:01] [Server thread/INFO]: [AIBot] ACTION event=capability_decision bot=Bob {reason=DENIED_STRICT_SURVIVAL, allowed=false, profile=strict_survival, capability=HIDDEN_BLOCK_SCAN, context=diagnostic_nearby}
[21:44:01] [Server thread/INFO]: [AIBot] ACTION event=diag_snapshot bot=Bob {fall=0.0, held=empty, task_state=RUNNING, submerged=false, light=4, step=, in_lava=false, task_phase=, goal=none, task_progress=0.1, task=evade, mode=survival, air=300, food=16, path_idle=false, inv=empty, nearby=animals=0 hostiles=3(spider@13), mining_idle=true, hp=5.0/20.0, on_ground=true, pos=107,118,-120}
[21:44:02] [Server thread/WARN]: [AIBot] PERCEPTION event=snapshot_slow bot=Bob {elapsed_ms=12}
[21:44:02] [Server thread/WARN]: [AIBot] PERCEPTION event=snapshot_slow bot=Bob {elapsed_ms=11}
[21:44:03] [Server thread/INFO]: [AIBot] TASK event=task_completed bot=Bob {elapsed_ticks=38, name=evade}
[21:44:03] [Server thread/WARN]: [AIBot] PERCEPTION event=snapshot_slow bot=Bob {elapsed_ms=14}
[21:44:03] [Server thread/INFO]: [AIBot] ACTION event=diag_snapshot bot=Bob {fall=0.0, held=empty, task_state=COMPLETED, submerged=false, light=4, step=, in_lava=false, task_phase=, goal=none, task_progress=1.0, task=evade, mode=survival, air=300, food=16, path_idle=true, inv=empty, nearby=animals=0 hostiles=0, mining_idle=true, hp=5.0/20.0, on_ground=true, pos=102,118,-117}
[21:44:03] [Server thread/INFO]: [AIBot] TASK event=task_assigned bot=Bob {origin=SAFETY, params=Evading LOW_HP toward 92,120,-110, origin_reason=threat:LOW_HP, name=evade}
[21:44:03] [Server thread/INFO]: [AIBot] DANGER event=threat_detected bot=Bob {severity=HIGH, decision=evade, source=class_2338{x=115, y=118, z=-126}, type=LOW_HP}
[21:44:04] [Server thread/WARN]: [AIBot] PERCEPTION event=snapshot_slow bot=Bob {elapsed_ms=11}
[21:44:04] [Server thread/WARN]: [AIBot] PERCEPTION event=snapshot_slow bot=Bob {elapsed_ms=12}
[21:44:04] [Server thread/INFO]: [AIBot] ACTION event=fake_player_jump bot=Bob {to=class_2338{x=97, y=119, z=-115}, from=class_2338{x=98, y=118, z=-115}, reason=path_jump_up}
[21:44:05] [Server thread/INFO]: [AIBot] ACTION event=capability_decision bot=Bob {reason=DENIED_STRICT_SURVIVAL, allowed=false, profile=strict_survival, capability=HIDDEN_BLOCK_SCAN, context=observable_entity_query}
[21:44:05] [Server thread/INFO]: [AIBot] ACTION event=capability_decision bot=Bob {reason=DENIED_STRICT_SURVIVAL, allowed=false, profile=strict_survival, capability=HIDDEN_BLOCK_SCAN, context=observable_block_query}
[21:44:05] [Server thread/INFO]: [AIBot] ACTION event=capability_decision bot=Bob {reason=DENIED_STRICT_SURVIVAL, allowed=false, profile=strict_survival, capability=HIDDEN_BLOCK_SCAN, context=perception_snapshot}
[21:44:05] [Server thread/WARN]: [AIBot] PERCEPTION event=snapshot_slow bot=Bob {elapsed_ms=11}
[21:44:05] [Server thread/INFO]: [AIBot] ACTION event=fake_player_jump bot=Bob {to=class_2338{x=93, y=120, z=-112}, from=class_2338{x=94, y=119, z=-112}, reason=path_jump_up}
[21:44:05] [Server thread/INFO]: [AIBot] TASK event=task_completed bot=Bob {elapsed_ticks=39, name=evade}
[21:44:05] [Server thread/WARN]: [AIBot] PERCEPTION event=snapshot_slow bot=Bob {elapsed_ms=12}
[21:44:05] [Server thread/INFO]: [AIBot] ACTION event=diag_snapshot bot=Bob {fall=0.0, held=empty, task_state=COMPLETED, submerged=false, light=4, step=, in_lava=false, task_phase=, goal=none, task_progress=1.0, task=evade, mode=survival, air=300, food=16, path_idle=true, inv=empty, nearby=animals=0 hostiles=1(zombie@13), mining_idle=true, hp=5.0/20.0, on_ground=true, pos=93,120,-112}
[21:44:06] [Server thread/WARN]: [AIBot] PERCEPTION event=snapshot_slow bot=Bob {elapsed_ms=11}
[21:44:06] [Server thread/WARN]: [AIBot] PERCEPTION event=snapshot_slow bot=Bob {elapsed_ms=12}
[21:44:07] [Server thread/INFO]: [AIBot] TASK event=task_assigned bot=Bob {origin=SAFETY, params=Evading LOW_HP toward 95,119,-124, origin_reason=threat:LOW_HP, name=evade}
[21:44:07] [Server thread/INFO]: [AIBot] DANGER event=threat_detected bot=Bob {severity=HIGH, decision=evade, source=class_2338{x=91, y=121, z=-102}, type=LOW_HP}
[21:44:07] [Server thread/INFO]: [AIBot] ACTION event=fake_player_step bot=Bob {to=class_2338{x=94, y=119, z=-112}, from=class_2338{x=93, y=120, z=-112}, reason=path_drop_down}
[21:44:07] [Server thread/WARN]: [AIBot] PERCEPTION event=snapshot_slow bot=Bob {elapsed_ms=12}
[21:44:07] [Server thread/INFO]: [AIBot] ACTION event=capability_decision bot=Bob {reason=DENIED_STRICT_SURVIVAL, allowed=false, profile=strict_survival, capability=HIDDEN_BLOCK_SCAN, context=diagnostic_nearby}
[21:44:07] [Server thread/INFO]: [AIBot] ACTION event=diag_snapshot bot=Bob {fall=0.0, held=empty, task_state=RUNNING, submerged=false, light=4, step=, in_lava=false, task_phase=, goal=none, task_progress=0.0, task=evade, mode=survival, air=300, food=16, path_idle=false, inv=empty, nearby=animals=0 hostiles=3(zombie@10), mining_idle=true, hp=5.0/20.0, on_ground=true, pos=94,119,-112}
[21:44:08] [Server thread/WARN]: [AIBot] PERCEPTION event=snapshot_slow bot=Bob {elapsed_ms=13}
[21:44:08] [Server thread/WARN]: [AIBot] PERCEPTION event=snapshot_slow bot=Bob {elapsed_ms=18}
[21:44:09] [Server thread/WARN]: [AIBot] PERCEPTION event=snapshot_slow bot=Bob {elapsed_ms=12}
[21:44:09] [Server thread/INFO]: [AIBot] DANGER event=diag_health_drop bot=Bob {from=5.0, task=evade/, pos=95,119,-121, air=300, delta=1.0, to=4.0, submerged=false, in_lava=false, fall=0.0}
[21:44:09] [Server thread/INFO]: [AIBot] TASK event=task_completed bot=Bob {elapsed_ticks=43, name=evade}
[21:44:09] [Server thread/INFO]: [AIBot] TASK event=task_assigned bot=Bob {origin=SAFETY, params=Evading LOW_HP toward 83,120,-125, origin_reason=threat:LOW_HP, name=evade}
[21:44:09] [Server thread/INFO]: [AIBot] DANGER event=threat_detected bot=Bob {severity=HIGH, decision=evade, source=class_2338{x=104, y=118, z=-119}, type=LOW_HP}
[21:44:09] [Server thread/WARN]: [AIBot] PERCEPTION event=snapshot_slow bot=Bob {elapsed_ms=15}
[21:44:09] [Server thread/INFO]: [AIBot] ACTION event=diag_snapshot bot=Bob {fall=0.0, held=empty, task_state=RUNNING, submerged=false, light=2, step=, in_lava=false, task_phase=, goal=none, task_progress=0.0, task=evade, mode=survival, air=300, food=16, path_idle=false, inv=empty, nearby=animals=0 hostiles=3(witch@10), mining_idle=true, hp=4.0/20.0, on_ground=false, pos=95,119,-122}
[21:44:10] [Server thread/INFO]: [AIBot] ACTION event=capability_decision bot=Bob {reason=DENIED_STRICT_SURVIVAL, allowed=false, profile=strict_survival, capability=HIDDEN_BLOCK_SCAN, context=observable_entity_query}
[21:44:10] [Server thread/INFO]: [AIBot] ACTION event=capability_decision bot=Bob {reason=DENIED_STRICT_SURVIVAL, allowed=false, profile=strict_survival, capability=HIDDEN_BLOCK_SCAN, context=perception_snapshot}
[21:44:10] [Server thread/INFO]: [AIBot] ACTION event=capability_decision bot=Bob {reason=DENIED_STRICT_SURVIVAL, allowed=false, profile=strict_survival, capability=HIDDEN_BLOCK_SCAN, context=observable_block_query}
[21:44:10] [Server thread/WARN]: [AIBot] PERCEPTION event=snapshot_slow bot=Bob {elapsed_ms=11}
[21:44:10] [Server thread/WARN]: [AIBot] PERCEPTION event=snapshot_slow bot=Bob {elapsed_ms=11}
[21:44:11] [Server thread/INFO]: [AIBot] ACTION event=fake_player_jump bot=Bob {to=class_2338{x=88, y=120, z=-125}, from=class_2338{x=89, y=119, z=-125}, reason=path_jump_up}
[21:44:11] [Server thread/INFO]: [AIBot] TASK event=task_completed bot=Bob {elapsed_ticks=41, name=evade}
[21:44:11] [Server thread/WARN]: [AIBot] PERCEPTION event=snapshot_slow bot=Bob {elapsed_ms=12}
[21:44:11] [Server thread/INFO]: [AIBot] ACTION event=diag_snapshot bot=Bob {fall=0.0, held=empty, task_state=COMPLETED, submerged=false, light=4, step=, in_lava=false, task_phase=, goal=none, task_progress=1.0, task=evade, mode=survival, air=300, food=16, path_idle=true, inv=empty, nearby=animals=0 hostiles=1(zombie@15), mining_idle=true, hp=4.0/20.0, on_ground=true, pos=85,120,-125}
[21:44:12] [Server thread/WARN]: [AIBot] PERCEPTION event=snapshot_slow bot=Bob {elapsed_ms=12}
[21:44:12] [Server thread/WARN]: [AIBot] PERCEPTION event=snapshot_slow bot=Bob {elapsed_ms=14}
[21:44:13] [Server thread/WARN]: [AIBot] PERCEPTION event=snapshot_slow bot=Bob {elapsed_ms=13}
[21:44:13] [Server thread/WARN]: [AIBot] PERCEPTION event=snapshot_slow bot=Bob {elapsed_ms=11}
[21:44:13] [Server thread/INFO]: [AIBot] ACTION event=capability_decision bot=Bob {reason=DENIED_STRICT_SURVIVAL, allowed=false, profile=strict_survival, capability=HIDDEN_BLOCK_SCAN, context=diagnostic_nearby}
[21:44:13] [Server thread/INFO]: [AIBot] ACTION event=diag_snapshot bot=Bob {fall=0.0, held=empty, task_state=COMPLETED, submerged=false, light=4, step=, in_lava=false, task_phase=, goal=none, task_progress=1.0, task=evade, mode=survival, air=300, food=16, path_idle=true, inv=empty, nearby=animals=0 hostiles=1(zombie@11), mining_idle=true, hp=4.0/20.0, on_ground=true, pos=85,120,-125}
[21:44:13] [Server thread/INFO]: [AIBot] TASK event=task_assigned bot=Bob {origin=SAFETY, params=Evading LOW_HP toward 75,118,-129, origin_reason=threat:LOW_HP, name=evade}
[21:44:13] [Server thread/INFO]: [AIBot] DANGER event=threat_detected bot=Bob {severity=HIGH, decision=evade, source=class_2338{x=93, y=119, z=-122}, type=LOW_HP}
[21:44:14] [Server thread/INFO]: [AIBot] ACTION event=fake_player_step bot=Bob {to=class_2338{x=84, y=119, z=-127}, from=class_2338{x=84, y=120, z=-126}, reason=path_drop_down}
[21:44:14] [Server thread/WARN]: [AIBot] PERCEPTION event=snapshot_slow bot=Bob {elapsed_ms=15}
[21:44:14] [Server thread/WARN]: [AIBot] PERCEPTION event=snapshot_slow bot=Bob {elapsed_ms=17}
[21:44:14] [Server thread/INFO]: [AIBot] ACTION event=fake_player_step bot=Bob {to=class_2338{x=81, y=118, z=-129}, from=class_2338{x=82, y=119, z=-129}, reason=path_drop_down}
[21:44:15] [Server thread/INFO]: [AIBot] ACTION event=capability_decision bot=Bob {reason=DENIED_STRICT_SURVIVAL, allowed=false, profile=strict_survival, capability=HIDDEN_BLOCK_SCAN, context=observable_entity_query}
[21:44:15] [Server thread/INFO]: [AIBot] ACTION event=capability_decision bot=Bob {reason=DENIED_STRICT_SURVIVAL, allowed=false, profile=strict_survival, capability=HIDDEN_BLOCK_SCAN, context=perception_snapshot}
[21:44:15] [Server thread/INFO]: [AIBot] ACTION event=capability_decision bot=Bob {reason=DENIED_STRICT_SURVIVAL, allowed=false, profile=strict_survival, capability=HIDDEN_BLOCK_SCAN, context=observable_block_query}
[21:44:15] [Server thread/WARN]: [AIBot] PERCEPTION event=snapshot_slow bot=Bob {elapsed_ms=11}
[21:44:15] [Server thread/INFO]: [AIBot] ACTION event=evade_pressure_extended bot=Bob {source=class_2338{x=90, y=119, z=-123}, to_goal=class_2338{x=69, y=116, z=-132}, from_goal=class_2338{x=75, y=118, z=-129}}
[21:44:15] [Server thread/WARN]: [AIBot] PERCEPTION event=snapshot_slow bot=Bob {elapsed_ms=13}
[21:44:15] [Server thread/INFO]: [AIBot] ACTION event=diag_snapshot bot=Bob {fall=0.0, held=empty, task_state=RUNNING, submerged=false, light=1, step=, in_lava=false, task_phase=, goal=none, task_progress=0.2, task=evade, mode=survival, air=300, food=16, path_idle=false, inv=empty, nearby=animals=0 hostiles=2(witch@14), mining_idle=true, hp=4.0/20.0, on_ground=true, pos=77,118,-129}
[21:44:16] [Server thread/INFO]: [AIBot] ACTION event=fake_player_step bot=Bob {to=class_2338{x=76, y=117, z=-130}, from=class_2338{x=76, y=118, z=-129}, reason=path_drop_down}
[21:44:16] [Server thread/INFO]: [AIBot] ACTION event=fake_player_step bot=Bob {to=class_2338{x=73, y=116, z=-132}, from=class_2338{x=74, y=117, z=-132}, reason=path_drop_down}
[21:44:16] [Server thread/WARN]: [AIBot] PERCEPTION event=snapshot_slow bot=Bob {elapsed_ms=12}
[21:44:17] [Server thread/INFO]: [AIBot] TASK event=task_completed bot=Bob {elapsed_ticks=65, name=evade}
[21:44:17] [Server thread/INFO]: [AIBot] ACTION event=diag_snapshot bot=Bob {fall=0.0, held=empty, task_state=COMPLETED, submerged=false, light=1, step=, in_lava=false, task_phase=, goal=none, task_progress=1.0, task=evade, mode=survival, air=300, food=16, path_idle=true, inv=empty, nearby=animals=0 hostiles=1(zombie@12), mining_idle=true, hp=4.0/20.0, on_ground=true, pos=71,116,-132}
[21:44:18] [Server thread/WARN]: [AIBot] PERCEPTION event=snapshot_slow bot=Bob {elapsed_ms=17}
[21:44:19] [Server thread/INFO]: [AIBot] TASK event=task_assigned bot=Bob {origin=SAFETY, params=Evading LOW_HP toward 60,117,-127, origin_reason=threat:LOW_HP, name=evade}
[21:44:19] [Server thread/INFO]: [AIBot] DANGER event=threat_detected bot=Bob {severity=HIGH, decision=evade, source=class_2338{x=80, y=116, z=-136}, type=LOW_HP}
[21:44:19] [Server thread/WARN]: [AIBot] PERCEPTION event=snapshot_slow bot=Bob {elapsed_ms=15}
[21:44:19] [Server thread/INFO]: [AIBot] ACTION event=fake_player_jump bot=Bob {to=class_2338{x=69, y=117, z=-129}, from=class_2338{x=69, y=116, z=-130}, reason=path_jump_up}
[21:44:19] [Server thread/WARN]: [AIBot] PERCEPTION event=snapshot_slow bot=Bob {elapsed_ms=16}
[21:44:19] [Server thread/INFO]: [AIBot] ACTION event=capability_decision bot=Bob {reason=DENIED_STRICT_SURVIVAL, allowed=false, profile=strict_survival, capability=HIDDEN_BLOCK_SCAN, context=diagnostic_nearby}
[21:44:19] [Server thread/INFO]: [AIBot] ACTION event=diag_snapshot bot=Bob {fall=0.0, held=empty, task_state=RUNNING, submerged=false, light=2, step=, in_lava=false, task_phase=, goal=none, task_progress=0.1, task=evade, mode=survival, air=300, food=16, path_idle=false, inv=empty, nearby=animals=0 hostiles=1(witch@10), mining_idle=true, hp=4.0/20.0, on_ground=true, pos=69,117,-129}
[21:44:20] [Server thread/INFO]: [AIBot] ACTION event=capability_decision bot=Bob {reason=DENIED_STRICT_SURVIVAL, allowed=false, profile=strict_survival, capability=HIDDEN_BLOCK_SCAN, context=observable_entity_query}
[21:44:20] [Server thread/INFO]: [AIBot] ACTION event=capability_decision bot=Bob {reason=DENIED_STRICT_SURVIVAL, allowed=false, profile=strict_survival, capability=HIDDEN_BLOCK_SCAN, context=perception_snapshot}
[21:44:20] [Server thread/INFO]: [AIBot] ACTION event=capability_decision bot=Bob {reason=DENIED_STRICT_SURVIVAL, allowed=false, profile=strict_survival, capability=HIDDEN_BLOCK_SCAN, context=observable_block_query}
[21:44:20] [Server thread/WARN]: [AIBot] PERCEPTION event=snapshot_slow bot=Bob {elapsed_ms=13}
[21:44:20] [Server thread/WARN]: [AIBot] PERCEPTION event=snapshot_slow bot=Bob {elapsed_ms=13}
[21:44:21] [Server thread/INFO]: [AIBot] TASK event=task_completed bot=Bob {elapsed_ticks=40, name=evade}
[21:44:21] [Server thread/INFO]: [AIBot] COMM event=findpath_timeout_diag bot=- {explored=9785, ms=51, dig=false, open=401}
[21:44:21] [Server thread/INFO]: [AIBot] TASK event=task_assigned bot=Bob {origin=SAFETY, params=Evading LOW_HP toward 55,117,-119, origin_reason=threat:LOW_HP, name=evade}
[21:44:21] [Server thread/INFO]: [AIBot] DANGER event=threat_detected bot=Bob {severity=HIGH, decision=evade, source=class_2338{x=75, y=118, z=-129}, type=LOW_HP}
[21:44:21] [Server thread/WARN]: [AIBot] PERCEPTION event=snapshot_slow bot=Bob {elapsed_ms=11}
[21:44:21] [Server thread/WARN]: [AIBot] PERCEPTION event=snapshot_slow bot=Bob {elapsed_ms=11}
[21:44:21] [Server thread/INFO]: [AIBot] ACTION event=diag_snapshot bot=Bob {fall=0.0, held=empty, task_state=RUNNING, submerged=false, light=0, step=, in_lava=false, task_phase=, goal=none, task_progress=0.1, task=evade, mode=survival, air=300, food=16, path_idle=false, inv=empty, nearby=animals=0 hostiles=1(witch@13), mining_idle=true, hp=4.0/20.0, on_ground=true, pos=61,117,-125}
[21:44:22] [Server thread/WARN]: [AIBot] PERCEPTION event=snapshot_slow bot=Bob {elapsed_ms=11}
[21:44:22] [Server thread/INFO]: [AIBot] TASK event=task_completed bot=Bob {elapsed_ticks=38, name=evade}
[21:44:23] [Server thread/WARN]: [AIBot] PERCEPTION event=snapshot_slow bot=Bob {elapsed_ms=11}
[21:44:23] [Server thread/INFO]: [AIBot] ACTION event=diag_snapshot bot=Bob {fall=0.0, held=empty, task_state=COMPLETED, submerged=false, light=4, step=, in_lava=false, task_phase=, goal=none, task_progress=1.0, task=evade, mode=survival, air=300, food=16, path_idle=true, inv=empty, nearby=animals=0 hostiles=0, mining_idle=true, hp=4.0/20.0, on_ground=true, pos=56,117,-120}
[21:44:23] [Server thread/INFO]: [AIBot] TASK event=task_assigned bot=Bob {origin=SAFETY, params=Evading LOW_HP toward 45,115,-116, origin_reason=threat:LOW_HP, name=evade}
[21:44:23] [Server thread/INFO]: [AIBot] DANGER event=threat_detected bot=Bob {severity=HIGH, decision=evade, source=class_2338{x=67, y=117, z=-124}, type=LOW_HP}
[21:44:24] [Server thread/INFO]: [AIBot] ACTION event=fake_player_step bot=Bob {to=class_2338{x=54, y=116, z=-119}, from=class_2338{x=55, y=117, z=-119}, reason=path_drop_down}
[21:44:25] [Server thread/INFO]: [AIBot] ACTION event=fake_player_step bot=Bob {to=class_2338{x=49, y=115, z=-116}, from=class_2338{x=50, y=116, z=-116}, reason=path_drop_down}
[21:44:25] [Server thread/INFO]: [AIBot] ACTION event=capability_decision bot=Bob {reason=DENIED_STRICT_SURVIVAL, allowed=false, profile=strict_survival, capability=HIDDEN_BLOCK_SCAN, context=observable_entity_query}
[21:44:25] [Server thread/INFO]: [AIBot] ACTION event=capability_decision bot=Bob {reason=DENIED_STRICT_SURVIVAL, allowed=false, profile=strict_survival, capability=HIDDEN_BLOCK_SCAN, context=perception_snapshot}
[21:44:25] [Server thread/INFO]: [AIBot] ACTION event=capability_decision bot=Bob {reason=DENIED_STRICT_SURVIVAL, allowed=false, profile=strict_survival, capability=HIDDEN_BLOCK_SCAN, context=observable_block_query}
[21:44:25] [Server thread/INFO]: [AIBot] ACTION event=evade_pressure_extended bot=Bob {source=class_2338{x=62, y=117, z=-120}, to_goal=class_2338{x=36, y=113, z=-113}, from_goal=class_2338{x=45, y=115, z=-116}}
[21:44:25] [Server thread/INFO]: [AIBot] ACTION event=capability_decision bot=Bob {reason=DENIED_STRICT_SURVIVAL, allowed=false, profile=strict_survival, capability=HIDDEN_BLOCK_SCAN, context=diagnostic_nearby}
[21:44:25] [Server thread/INFO]: [AIBot] ACTION event=diag_snapshot bot=Bob {fall=0.0, held=empty, task_state=RUNNING, submerged=false, light=4, step=, in_lava=false, task_phase=, goal=none, task_progress=0.2, task=evade, mode=survival, air=300, food=16, path_idle=false, inv=empty, nearby=animals=0 hostiles=1(witch@15), mining_idle=true, hp=4.0/20.0, on_ground=true, pos=47,115,-116}
[21:44:26] [Server thread/WARN]: [AIBot] PERCEPTION event=snapshot_slow bot=Bob {elapsed_ms=14}
[21:44:26] [Server thread/WARN]: [AIBot] PERCEPTION event=snapshot_slow bot=Bob {elapsed_ms=11}
[21:44:27] [Server thread/INFO]: [AIBot] ACTION event=fake_player_step bot=Bob {to=class_2338{x=38, y=114, z=-114}, from=class_2338{x=39, y=115, z=-114}, reason=path_drop_down}
[21:44:27] [Server thread/INFO]: [AIBot] TASK event=task_completed bot=Bob {elapsed_ticks=65, name=evade}
[21:44:27] [Server thread/INFO]: [AIBot] ACTION event=diag_snapshot bot=Bob {fall=0.0, held=empty, task_state=COMPLETED, submerged=false, light=2, step=, in_lava=false, task_phase=, goal=none, task_progress=1.0, task=evade, mode=survival, air=300, food=16, path_idle=true, inv=empty, nearby=animals=0 hostiles=1(zombie@14), mining_idle=true, hp=4.0/20.0, on_ground=true, pos=38,114,-114}
[21:44:28] [Server thread/INFO]: [AIBot] TASK event=task_assigned bot=Bob {origin=SAFETY, params=Evading LOW_HP toward 32,116,-104, origin_reason=threat:LOW_HP, name=evade}
[21:44:28] [Server thread/INFO]: [AIBot] DANGER event=threat_detected bot=Bob {severity=HIGH, decision=evade, source=class_2338{x=53, y=116, z=-118}, type=LOW_HP}
[21:44:28] [Server thread/WARN]: [AIBot] PERCEPTION event=snapshot_slow bot=Bob {elapsed_ms=12}
[21:44:29] [Server thread/INFO]: [AIBot] ACTION event=diag_snapshot bot=Bob {fall=0.0, held=empty, task_state=RUNNING, submerged=false, light=0, step=, in_lava=false, task_phase=, goal=none, task_progress=0.2, task=evade, mode=survival, air=300, food=16, path_idle=false, inv=empty, nearby=animals=1(chicken@4) hostiles=1(zombie@5), mining_idle=true, hp=4.0/20.0, on_ground=true, pos=34,114,-109}
[21:44:29] [Server thread/INFO]: [AIBot] ACTION event=fake_player_jump bot=Bob {to=class_2338{x=34, y=115, z=-107}, from=class_2338{x=34, y=114, z=-108}, reason=path_jump_up}
[21:44:30] [Server thread/INFO]: [AIBot] TASK event=task_completed bot=Bob {elapsed_ticks=37, name=evade}
[21:44:30] [Server thread/INFO]: [AIBot] COMM event=findpath_timeout_diag bot=- {explored=9804, ms=51, dig=false, open=438}
[21:44:30] [Server thread/INFO]: [AIBot] TASK event=task_assigned bot=Bob {origin=SAFETY, params=Evading LOW_HP toward 40,115,-116, origin_reason=threat:LOW_HP, name=evade}
[21:44:30] [Server thread/INFO]: [AIBot] DANGER event=threat_detected bot=Bob {severity=HIGH, decision=evade, source=class_2338{x=35, y=116, z=-105}, type=LOW_HP}
[21:44:30] [Server thread/INFO]: [AIBot] ACTION event=capability_decision bot=Bob {reason=DENIED_STRICT_SURVIVAL, allowed=false, profile=strict_survival, capability=HIDDEN_BLOCK_SCAN, context=observable_entity_query}
[21:44:30] [Server thread/INFO]: [AIBot] ACTION event=capability_decision bot=Bob {reason=DENIED_STRICT_SURVIVAL, allowed=false, profile=strict_survival, capability=HIDDEN_BLOCK_SCAN, context=perception_snapshot}
[21:44:30] [Server thread/INFO]: [AIBot] ACTION event=capability_decision bot=Bob {reason=DENIED_STRICT_SURVIVAL, allowed=false, profile=strict_survival, capability=HIDDEN_BLOCK_SCAN, context=observable_block_query}
[21:44:30] [Server thread/INFO]: [AIBot] ACTION event=fake_player_step bot=Bob {to=class_2338{x=34, y=114, z=-108}, from=class_2338{x=34, y=115, z=-107}, reason=path_drop_down}
[21:44:31] [Server thread/INFO]: [AIBot] ACTION event=fake_player_jump bot=Bob {to=class_2338{x=38, y=115, z=-113}, from=class_2338{x=37, y=114, z=-113}, reason=path_jump_up}
[21:44:31] [Server thread/INFO]: [AIBot] ACTION event=capability_decision bot=Bob {reason=DENIED_STRICT_SURVIVAL, allowed=false, profile=strict_survival, capability=HIDDEN_BLOCK_SCAN, context=diagnostic_nearby}
[21:44:31] [Server thread/INFO]: [AIBot] ACTION event=diag_snapshot bot=Bob {fall=0.0, held=empty, task_state=RUNNING, submerged=false, light=1, step=, in_lava=false, task_phase=, goal=none, task_progress=0.2, task=evade, mode=survival, air=300, food=16, path_idle=false, inv=empty, nearby=animals=0 hostiles=1(witch@6), mining_idle=true, hp=4.0/20.0, on_ground=true, pos=38,115,-113}
[21:44:32] [Server thread/INFO]: [AIBot] TASK event=task_completed bot=Bob {elapsed_ticks=37, name=evade}
[21:44:32] [Server thread/INFO]: [AIBot] TASK event=task_assigned bot=Bob {origin=SAFETY, params=Evading LOW_HP toward 29,113,-108, origin_reason=threat:LOW_HP, name=evade}
[21:44:32] [Server thread/INFO]: [AIBot] DANGER event=threat_detected bot=Bob {severity=HIGH, decision=evade, source=class_2338{x=44, y=116, z=-113}, type=LOW_HP}
[21:44:32] [Server thread/INFO]: [AIBot] ACTION event=fake_player_step bot=Bob {to=class_2338{x=38, y=114, z=-114}, from=class_2338{x=39, y=115, z=-114}, reason=path_drop_down}
[21:44:32] [Server thread/INFO]: [AIBot] ACTION event=fake_player_step bot=Bob {to=class_2338{x=36, y=113, z=-114}, from=class_2338{x=37, y=114, z=-114}, reason=path_drop_down}
[21:44:33] [Server thread/INFO]: [AIBot] ACTION event=fake_player_step bot=Bob {to=class_2338{x=33, y=112, z=-111}, from=class_2338{x=34, y=113, z=-111}, reason=path_drop_down}
[21:44:33] [Server thread/WARN]: [AIBot] PERCEPTION event=snapshot_slow bot=Bob {elapsed_ms=14}
[21:44:33] [Server thread/INFO]: [AIBot] ACTION event=diag_snapshot bot=Bob {fall=0.0, held=empty, task_state=RUNNING, submerged=false, light=0, step=, in_lava=false, task_phase=, goal=none, task_progress=0.2, task=evade, mode=survival, air=300, food=16, path_idle=false, inv=empty, nearby=animals=1(chicken@5) hostiles=1(zombie@5), mining_idle=true, hp=4.0/20.0, on_ground=true, pos=32,112,-111}
[21:44:34] [Server thread/WARN]: [AIBot] PERCEPTION event=snapshot_slow bot=Bob {elapsed_ms=12}
[21:44:34] [Server thread/INFO]: [AIBot] TASK event=task_completed bot=Bob {elapsed_ticks=47, name=evade}
[21:44:34] [Server thread/WARN]: [AIBot] PERCEPTION event=snapshot_slow bot=Bob {elapsed_ms=15}
[21:44:35] [Server thread/INFO]: [AIBot] ACTION event=capability_decision bot=Bob {reason=DENIED_STRICT_SURVIVAL, allowed=false, profile=strict_survival, capability=HIDDEN_BLOCK_SCAN, context=observable_entity_query}
[21:44:35] [Server thread/INFO]: [AIBot] ACTION event=capability_decision bot=Bob {reason=DENIED_STRICT_SURVIVAL, allowed=false, profile=strict_survival, capability=HIDDEN_BLOCK_SCAN, context=observable_block_query}
[21:44:35] [Server thread/INFO]: [AIBot] ACTION event=capability_decision bot=Bob {reason=DENIED_STRICT_SURVIVAL, allowed=false, profile=strict_survival, capability=HIDDEN_BLOCK_SCAN, context=perception_snapshot}
[21:44:35] [Server thread/WARN]: [AIBot] PERCEPTION event=snapshot_slow bot=Bob {elapsed_ms=11}
[21:44:35] [Server thread/INFO]: [AIBot] ACTION event=diag_snapshot bot=Bob {fall=0.0, held=empty, task_state=COMPLETED, submerged=false, light=0, step=, in_lava=false, task_phase=, goal=none, task_progress=1.0, task=evade, mode=survival, air=300, food=16, path_idle=true, inv=empty, nearby=animals=1(chicken@3) hostiles=0, mining_idle=true, hp=4.0/20.0, on_ground=true, pos=31,112,-109}
[21:44:35] [Server thread/INFO]: [AIBot] TASK event=task_assigned bot=Bob {origin=SAFETY, params=Evading LOW_HP toward 22,112,-101, origin_reason=threat:LOW_HP, name=evade}
[21:44:35] [Server thread/INFO]: [AIBot] DANGER event=threat_detected bot=Bob {severity=HIGH, decision=evade, source=class_2338{x=33, y=113, z=-111}, type=LOW_HP}
[21:44:35] [Server thread/INFO]: [AIBot] ACTION event=fake_player_jump bot=Bob {to=class_2338{x=31, y=113, z=-108}, from=class_2338{x=31, y=112, z=-109}, reason=path_jump_up}
[21:44:35] [Server thread/INFO]: [AIBot] ACTION event=fake_player_jump bot=Bob {to=class_2338{x=31, y=114, z=-107}, from=class_2338{x=31, y=113, z=-108}, reason=path_jump_up}
[21:44:36] [Server thread/INFO]: [AIBot] ACTION event=fake_player_jump bot=Bob {to=class_2338{x=30, y=115, z=-105}, from=class_2338{x=30, y=114, z=-106}, reason=path_jump_up}
[21:44:36] [Server thread/WARN]: [AIBot] PERCEPTION event=snapshot_slow bot=Bob {elapsed_ms=13}
[21:44:37] [Server thread/INFO]: [AIBot] ACTION event=fake_player_jump_rejected bot=Bob {reason=path_jump_up, supported_pose=false, to=class_2338{x=28, y=116, z=-101}, from=class_2338{x=28, y=116, z=-102}, grounded=false}
[21:44:37] [Server thread/INFO]: [AIBot] ACTION event=fake_player_step bot=Bob {to=class_2338{x=28, y=116, z=-101}, from=class_2338{x=28, y=116, z=-102}, reason=path_start_physical_snap:path_replan_start_invalid}
[21:44:37] [Server thread/INFO]: [AIBot] ACTION event=fake_player_step bot=Bob {to=class_2338{x=26, y=115, z=-100}, from=class_2338{x=27, y=116, z=-100}, reason=path_drop_down}
[21:44:37] [Server thread/INFO]: [AIBot] ACTION event=fake_player_step bot=Bob {to=class_2338{x=25, y=114, z=-100}, from=class_2338{x=26, y=115, z=-100}, reason=path_drop_down}
[21:44:37] [Server thread/INFO]: [AIBot] ACTION event=fake_player_step bot=Bob {to=class_2338{x=25, y=113, z=-100}, from=class_2338{x=25, y=114, z=-100}, reason=path_drop_down}
[21:44:37] [Server thread/INFO]: [AIBot] ACTION event=fake_player_step bot=Bob {to=class_2338{x=25, y=112, z=-100}, from=class_2338{x=25, y=113, z=-100}, reason=path_drop_down}
[21:44:37] [Server thread/INFO]: [AIBot] ACTION event=fake_player_step bot=Bob {to=class_2338{x=25, y=111, z=-101}, from=class_2338{x=25, y=112, z=-100}, reason=path_drop_down}
[21:44:37] [Server thread/WARN]: [AIBot] PERCEPTION event=snapshot_slow bot=Bob {elapsed_ms=12}
[21:44:37] [Server thread/INFO]: [AIBot] ACTION event=capability_decision bot=Bob {reason=DENIED_STRICT_SURVIVAL, allowed=false, profile=strict_survival, capability=HIDDEN_BLOCK_SCAN, context=diagnostic_nearby}
[21:44:37] [Server thread/INFO]: [AIBot] ACTION event=diag_snapshot bot=Bob {fall=0.0, held=empty, task_state=RUNNING, submerged=false, light=0, step=, in_lava=false, task_phase=, goal=none, task_progress=0.2, task=evade, mode=survival, air=300, food=16, path_idle=false, inv=empty, nearby=animals=0 hostiles=0, mining_idle=true, hp=4.0/20.0, on_ground=true, pos=25,111,-101}
[21:44:37] [Server thread/INFO]: [AIBot] TASK event=task_completed bot=Bob {elapsed_ticks=42, name=evade}
[21:44:38] [Server thread/WARN]: [AIBot] PERCEPTION event=snapshot_slow bot=Bob {elapsed_ms=11}
[21:44:38] [Server thread/INFO]: [AIBot] TASK event=task_assigned bot=Bob {origin=SAFETY, params=Evading LOW_HP toward 14,111,-107, origin_reason=threat:LOW_HP, name=evade}
[21:44:38] [Server thread/INFO]: [AIBot] DANGER event=threat_detected bot=Bob {severity=HIGH, decision=evade, source=class_2338{x=27, y=116, z=-99}, type=LOW_HP}
[21:44:38] [Server thread/INFO]: [AIBot] ACTION event=fake_player_jump bot=Bob {to=class_2338{x=23, y=112, z=-101}, from=class_2338{x=24, y=111, z=-101}, reason=path_jump_up}
[21:44:39] [Server thread/INFO]: [AIBot] DANGER event=diag_health_drop bot=Bob {from=4.0, task=evade/, pos=20,112,-103, air=300, delta=1.0, to=3.0, submerged=false, in_lava=false, fall=0.0}
[21:44:39] [Server thread/INFO]: [AIBot] LIFECYCLE event=mixin_alive bot=- {server_tick=19200}
[21:44:39] [Server thread/WARN]: [AIBot] PERCEPTION event=snapshot_slow bot=Bob {elapsed_ms=13}
[21:44:39] [Server thread/INFO]: [AIBot] ACTION event=diag_snapshot bot=Bob {fall=0.0, held=empty, task_state=RUNNING, submerged=false, light=1, step=, in_lava=false, task_phase=, goal=none, task_progress=0.1, task=evade, mode=survival, air=300, food=16, path_idle=false, inv=empty, nearby=animals=1(chicken@11) hostiles=3(zombie@7), mining_idle=true, hp=3.0/20.0, on_ground=false, pos=19,112,-103}
[21:44:39] [Server thread/INFO]: [AIBot] ACTION event=fake_player_step bot=Bob {to=class_2338{x=18, y=111, z=-103}, from=class_2338{x=19, y=112, z=-103}, reason=path_drop_down}
[21:44:40] [Server thread/INFO]: [AIBot] ACTION event=capability_decision bot=Bob {reason=DENIED_STRICT_SURVIVAL, allowed=false, profile=strict_survival, capability=HIDDEN_BLOCK_SCAN, context=observable_entity_query}
[21:44:40] [Server thread/INFO]: [AIBot] ACTION event=capability_decision bot=Bob {reason=DENIED_STRICT_SURVIVAL, allowed=false, profile=strict_survival, capability=HIDDEN_BLOCK_SCAN, context=perception_snapshot}
[21:44:40] [Server thread/INFO]: [AIBot] ACTION event=capability_decision bot=Bob {reason=DENIED_STRICT_SURVIVAL, allowed=false, profile=strict_survival, capability=HIDDEN_BLOCK_SCAN, context=observable_block_query}
[21:44:40] [Server thread/WARN]: [AIBot] PERCEPTION event=snapshot_slow bot=Bob {elapsed_ms=11}
[21:44:40] [Server thread/INFO]: [AIBot] TASK event=task_completed bot=Bob {elapsed_ticks=38, name=evade}
[21:44:40] [Server thread/WARN]: [AIBot] PERCEPTION event=snapshot_slow bot=Bob {elapsed_ms=13}
[21:44:41] [Server thread/INFO]: [AIBot] TASK event=task_assigned bot=Bob {origin=SAFETY, params=Evading LOW_HP toward 8,109,-113, origin_reason=threat:LOW_HP, name=evade}
[21:44:41] [Server thread/INFO]: [AIBot] DANGER event=threat_detected bot=Bob {severity=HIGH, decision=evade, source=class_2338{x=27, y=114, z=-103}, type=LOW_HP}
[21:44:41] [Server thread/WARN]: [AIBot] PERCEPTION event=snapshot_slow bot=Bob {elapsed_ms=13}
[21:44:41] [Server thread/INFO]: [AIBot] ACTION event=fake_player_step bot=Bob {to=class_2338{x=14, y=110, z=-108}, from=class_2338{x=14, y=111, z=-107}, reason=path_drop_down}
[21:44:41] [Server thread/INFO]: [AIBot] ACTION event=diag_snapshot bot=Bob {fall=0.0, held=empty, task_state=RUNNING, submerged=false, light=4, step=, in_lava=false, task_phase=, goal=none, task_progress=0.1, task=evade, mode=survival, air=300, food=16, path_idle=false, inv=empty, nearby=animals=0 hostiles=1(zombie@12), mining_idle=true, hp=3.0/20.0, on_ground=true, pos=13,110,-109}
[21:44:42] [Server thread/INFO]: [AIBot] ACTION event=fake_player_step bot=Bob {to=class_2338{x=10, y=109, z=-110}, from=class_2338{x=11, y=110, z=-110}, reason=path_drop_down}
[21:44:42] [Server thread/INFO]: [AIBot] TASK event=task_completed bot=Bob {elapsed_ticks=31, name=evade}
[21:44:43] [Server thread/INFO]: [AIBot] ACTION event=capability_decision bot=Bob {reason=DENIED_STRICT_SURVIVAL, allowed=false, profile=strict_survival, capability=HIDDEN_BLOCK_SCAN, context=diagnostic_nearby}
[21:44:43] [Server thread/INFO]: [AIBot] ACTION event=diag_snapshot bot=Bob {fall=0.0, held=empty, task_state=COMPLETED, submerged=false, light=4, step=, in_lava=false, task_phase=, goal=none, task_progress=1.0, task=evade, mode=survival, air=300, food=16, path_idle=true, inv=empty, nearby=animals=0 hostiles=0, mining_idle=true, hp=3.0/20.0, on_ground=true, pos=9,109,-111}
[21:44:44] [Server thread/INFO]: [AIBot] TASK event=task_assigned bot=Bob {origin=SAFETY, params=Evading LOW_HP toward 2,107,-120, origin_reason=threat:LOW_HP, name=evade}
[21:44:44] [Server thread/INFO]: [AIBot] DANGER event=threat_detected bot=Bob {severity=HIGH, decision=evade, source=class_2338{x=23, y=112, z=-103}, type=LOW_HP}
[21:44:45] [Server thread/INFO]: [AIBot] ACTION event=fake_player_step bot=Bob {to=class_2338{x=7, y=108, z=-112}, from=class_2338{x=8, y=109, z=-112}, reason=path_drop_down}
[21:44:45] [Server thread/INFO]: [AIBot] ACTION event=capability_decision bot=Bob {reason=DENIED_STRICT_SURVIVAL, allowed=false, profile=strict_survival, capability=HIDDEN_BLOCK_SCAN, context=observable_entity_query}
[21:44:45] [Server thread/INFO]: [AIBot] ACTION event=capability_decision bot=Bob {reason=DENIED_STRICT_SURVIVAL, allowed=false, profile=strict_survival, capability=HIDDEN_BLOCK_SCAN, context=observable_block_query}
[21:44:45] [Server thread/INFO]: [AIBot] ACTION event=capability_decision bot=Bob {reason=DENIED_STRICT_SURVIVAL, allowed=false, profile=strict_survival, capability=HIDDEN_BLOCK_SCAN, context=perception_snapshot}
[21:44:45] [Server thread/INFO]: [AIBot] ACTION event=fake_player_step bot=Bob {to=class_2338{x=5, y=107, z=-113}, from=class_2338{x=6, y=108, z=-113}, reason=path_drop_down}
[21:44:45] [Server thread/INFO]: [AIBot] ACTION event=diag_snapshot bot=Bob {fall=0.0, held=empty, task_state=RUNNING, submerged=false, light=4, step=, in_lava=false, task_phase=, goal=none, task_progress=0.1, task=evade, mode=survival, air=300, food=16, path_idle=false, inv=empty, nearby=animals=0 hostiles=0, mining_idle=true, hp=3.0/20.0, on_ground=true, pos=5,107,-113}
[21:44:46] [Server thread/INFO]: [AIBot] TASK event=task_completed bot=Bob {elapsed_ticks=38, name=evade}
[21:44:47] [Server thread/INFO]: [AIBot] TASK event=task_assigned bot=Bob {origin=SAFETY, params=Evading LOW_HP toward 11,107,-127, origin_reason=threat:LOW_HP, name=evade}
[21:44:47] [Server thread/INFO]: [AIBot] DANGER event=threat_detected bot=Bob {severity=HIGH, decision=evade, source=class_2338{x=15, y=111, z=-108}, type=LOW_HP}
[21:44:47] [Server thread/INFO]: [AIBot] ACTION event=diag_snapshot bot=Bob {fall=0.0, held=empty, task_state=RUNNING, submerged=false, light=4, step=, in_lava=false, task_phase=, goal=none, task_progress=0.0, task=evade, mode=survival, air=300, food=16, path_idle=false, inv=empty, nearby=animals=0 hostiles=1(witch@15), mining_idle=true, hp=3.0/20.0, on_ground=true, pos=3,107,-118}
[21:44:49] [Server thread/INFO]: [AIBot] ACTION event=fake_player_step bot=Bob {to=class_2338{x=9, y=106, z=-126}, from=class_2338{x=9, y=107, z=-125}, reason=path_drop_down}
[21:44:49] [Server thread/INFO]: [AIBot] ACTION event=evade_pressure_extended bot=Bob {source=class_2338{x=10, y=109, z=-113}, to_goal=class_2338{x=17, y=104, z=-135}, from_goal=class_2338{x=11, y=107, z=-127}}
[21:44:49] [Server thread/INFO]: [AIBot] ACTION event=capability_decision bot=Bob {reason=DENIED_STRICT_SURVIVAL, allowed=false, profile=strict_survival, capability=HIDDEN_BLOCK_SCAN, context=diagnostic_nearby}
[21:44:49] [Server thread/INFO]: [AIBot] ACTION event=diag_snapshot bot=Bob {fall=0.0, held=empty, task_state=RUNNING, submerged=false, light=4, step=, in_lava=false, task_phase=, goal=none, task_progress=0.3, task=evade, mode=survival, air=300, food=16, path_idle=false, inv=empty, nearby=animals=0 hostiles=1(witch@12), mining_idle=true, hp=3.0/20.0, on_ground=true, pos=9,106,-126}
[21:44:50] [Server thread/INFO]: [AIBot] ACTION event=fake_player_step bot=Bob {to=class_2338{x=9, y=105, z=-128}, from=class_2338{x=9, y=106, z=-127}, reason=path_drop_down}
[21:44:50] [Server thread/INFO]: [AIBot] ACTION event=fake_player_step bot=Bob {to=class_2338{x=9, y=104, z=-129}, from=class_2338{x=9, y=105, z=-128}, reason=path_drop_down}
[21:44:50] [Server thread/INFO]: [AIBot] ACTION event=fake_player_step bot=Bob {to=class_2338{x=9, y=103, z=-130}, from=class_2338{x=9, y=104, z=-129}, reason=path_drop_down}
[21:44:50] [Server thread/INFO]: [AIBot] ACTION event=capability_decision bot=Bob {reason=DENIED_STRICT_SURVIVAL, allowed=false, profile=strict_survival, capability=HIDDEN_BLOCK_SCAN, context=observable_entity_query}
[21:44:50] [Server thread/INFO]: [AIBot] ACTION event=capability_decision bot=Bob {reason=DENIED_STRICT_SURVIVAL, allowed=false, profile=strict_survival, capability=HIDDEN_BLOCK_SCAN, context=observable_block_query}
[21:44:50] [Server thread/INFO]: [AIBot] ACTION event=capability_decision bot=Bob {reason=DENIED_STRICT_SURVIVAL, allowed=false, profile=strict_survival, capability=HIDDEN_BLOCK_SCAN, context=perception_snapshot}
[21:44:50] [Server thread/INFO]: [AIBot] ACTION event=fake_player_jump bot=Bob {to=class_2338{x=11, y=104, z=-130}, from=class_2338{x=10, y=103, z=-130}, reason=path_jump_up}
[21:44:50] [Server thread/INFO]: [AIBot] ACTION event=fake_player_jump bot=Bob {to=class_2338{x=12, y=105, z=-130}, from=class_2338{x=11, y=104, z=-130}, reason=path_jump_up}
[21:44:50] [Server thread/INFO]: [AIBot] ACTION event=fake_player_step bot=Bob {to=class_2338{x=12, y=104, z=-131}, from=class_2338{x=12, y=105, z=-130}, reason=path_drop_down}
[21:44:51] [Server thread/INFO]: [AIBot] ACTION event=fake_player_step bot=Bob {to=class_2338{x=14, y=103, z=-133}, from=class_2338{x=14, y=104, z=-132}, reason=path_drop_down}
[21:44:51] [Server thread/INFO]: [AIBot] ACTION event=fake_player_jump bot=Bob {to=class_2338{x=15, y=104, z=-133}, from=class_2338{x=14, y=103, z=-133}, reason=path_jump_up}
[21:44:51] [Server thread/INFO]: [AIBot] ACTION event=fake_player_step bot=Bob {to=class_2338{x=15, y=103, z=-134}, from=class_2338{x=15, y=104, z=-133}, reason=path_drop_down}
[21:44:51] [Server thread/INFO]: [AIBot] TASK event=task_completed bot=Bob {elapsed_ticks=73, name=evade}
[21:44:51] [Server thread/INFO]: [AIBot] ACTION event=diag_snapshot bot=Bob {fall=0.0, held=empty, task_state=COMPLETED, submerged=false, light=4, step=, in_lava=false, task_phase=, goal=none, task_progress=1.0, task=evade, mode=survival, air=300, food=16, path_idle=true, inv=empty, nearby=animals=0 hostiles=0, mining_idle=true, hp=3.0/20.0, on_ground=true, pos=15,103,-134}
[21:44:53] [Server thread/INFO]: [AIBot] TASK event=task_assigned bot=Bob {origin=SAFETY, params=Evading LOW_HP toward 20,105,-145, origin_reason=threat:LOW_HP, name=evade}
[21:44:53] [Server thread/INFO]: [AIBot] DANGER event=threat_detected bot=Bob {severity=HIGH, decision=evade, source=class_2338{x=11, y=108, z=-126}, type=LOW_HP}
[21:44:53] [Server thread/INFO]: [AIBot] ACTION event=fake_player_jump bot=Bob {to=class_2338{x=16, y=104, z=-134}, from=class_2338{x=15, y=103, z=-134}, reason=path_jump_up}
[21:44:53] [Server thread/INFO]: [AIBot] ACTION event=fake_player_jump bot=Bob {to=class_2338{x=17, y=105, z=-134}, from=class_2338{x=16, y=104, z=-134}, reason=path_jump_up}
[21:44:53] [Server thread/INFO]: [AIBot] ACTION event=fake_player_step bot=Bob {to=class_2338{x=17, y=104, z=-135}, from=class_2338{x=17, y=105, z=-134}, reason=path_drop_down}
[21:44:53] [Server thread/INFO]: [AIBot] ACTION event=fake_player_jump bot=Bob {to=class_2338{x=18, y=105, z=-135}, from=class_2338{x=17, y=104, z=-135}, reason=path_jump_up}
[21:44:53] [Server thread/INFO]: [AIBot] ACTION event=fake_player_jump bot=Bob {to=class_2338{x=19, y=106, z=-136}, from=class_2338{x=18, y=105, z=-136}, reason=path_jump_up}
[21:44:53] [Server thread/INFO]: [AIBot] ACTION event=diag_snapshot bot=Bob {fall=0.0, held=empty, task_state=RUNNING, submerged=false, light=4, step=, in_lava=false, task_phase=, goal=none, task_progress=0.1, task=evade, mode=survival, air=300, food=16, path_idle=false, inv=empty, nearby=animals=0 hostiles=1(witch@10), mining_idle=true, hp=3.0/20.0, on_ground=true, pos=19,106,-136}
[21:44:54] [Server thread/INFO]: [AIBot] ACTION event=fake_player_step bot=Bob {to=class_2338{x=19, y=105, z=-139}, from=class_2338{x=19, y=106, z=-138}, reason=path_drop_down}
[21:44:54] [Server thread/WARN]: [AIBot] PERCEPTION event=snapshot_slow bot=Bob {elapsed_ms=20}
[21:44:55] [Server thread/INFO]: [AIBot] DANGER event=diag_health_drop bot=Bob {from=3.0, task=evade/, pos=19,105,-142, air=300, delta=1.0, to=2.0, submerged=false, in_lava=false, fall=0.0}
[21:44:55] [Server thread/INFO]: [AIBot] ACTION event=evade_pressure_extended bot=Bob {source=class_2338{x=16, y=108, z=-131}, to_goal=class_2338{x=23, y=103, z=-153}, from_goal=class_2338{x=20, y=105, z=-145}}
[21:44:55] [Server thread/INFO]: [AIBot] ACTION event=fake_player_step bot=Bob {to=class_2338{x=19, y=104, z=-144}, from=class_2338{x=19, y=105, z=-143}, reason=path_drop_down}
[21:44:55] [Server thread/INFO]: [AIBot] ACTION event=capability_decision bot=Bob {reason=DENIED_STRICT_SURVIVAL, allowed=false, profile=strict_survival, capability=HIDDEN_BLOCK_SCAN, context=observable_entity_query}
[21:44:55] [Server thread/INFO]: [AIBot] ACTION event=capability_decision bot=Bob {reason=DENIED_STRICT_SURVIVAL, allowed=false, profile=strict_survival, capability=HIDDEN_BLOCK_SCAN, context=perception_snapshot}
[21:44:55] [Server thread/INFO]: [AIBot] ACTION event=capability_decision bot=Bob {reason=DENIED_STRICT_SURVIVAL, allowed=false, profile=strict_survival, capability=HIDDEN_BLOCK_SCAN, context=observable_block_query}
[21:44:55] [Server thread/INFO]: [AIBot] ACTION event=fake_player_step bot=Bob {to=class_2338{x=19, y=103, z=-146}, from=class_2338{x=19, y=104, z=-145}, reason=path_drop_down}
[21:44:55] [Server thread/INFO]: [AIBot] ACTION event=fake_player_jump bot=Bob {to=class_2338{x=20, y=104, z=-147}, from=class_2338{x=19, y=103, z=-147}, reason=path_jump_up}
[21:44:55] [Server thread/INFO]: [AIBot] ACTION event=fake_player_jump bot=Bob {to=class_2338{x=21, y=105, z=-147}, from=class_2338{x=20, y=104, z=-147}, reason=path_jump_up}
[21:44:55] [Server thread/INFO]: [AIBot] ACTION event=capability_decision bot=Bob {reason=DENIED_STRICT_SURVIVAL, allowed=false, profile=strict_survival, capability=HIDDEN_BLOCK_SCAN, context=diagnostic_nearby}
[21:44:55] [Server thread/INFO]: [AIBot] ACTION event=diag_snapshot bot=Bob {fall=0.0, held=empty, task_state=RUNNING, submerged=false, light=4, step=, in_lava=false, task_phase=, goal=none, task_progress=0.3, task=evade, mode=survival, air=300, food=16, path_idle=false, inv=empty, nearby=animals=0 hostiles=0, mining_idle=true, hp=2.0/20.0, on_ground=true, pos=21,105,-147}
[21:44:55] [Server thread/INFO]: [AIBot] ACTION event=fake_player_jump bot=Bob {to=class_2338{x=21, y=106, z=-146}, from=class_2338{x=21, y=105, z=-147}, reason=path_jump_up}
[21:44:55] [Server thread/INFO]: [AIBot] ACTION event=fake_player_jump bot=Bob {to=class_2338{x=22, y=107, z=-146}, from=class_2338{x=21, y=106, z=-146}, reason=path_jump_up}
[21:44:56] [Server thread/INFO]: [AIBot] ACTION event=fake_player_step bot=Bob {to=class_2338{x=22, y=106, z=-148}, from=class_2338{x=22, y=107, z=-147}, reason=path_drop_down}
[21:44:56] [Server thread/INFO]: [AIBot] ACTION event=fake_player_step bot=Bob {to=class_2338{x=22, y=105, z=-149}, from=class_2338{x=22, y=106, z=-148}, reason=path_drop_down}
[21:44:56] [Server thread/INFO]: [AIBot] ACTION event=fake_player_step bot=Bob {to=class_2338{x=22, y=104, z=-150}, from=class_2338{x=22, y=105, z=-149}, reason=path_drop_down}
[21:44:56] [Server thread/INFO]: [AIBot] ACTION event=fake_player_step bot=Bob {to=class_2338{x=22, y=103, z=-151}, from=class_2338{x=22, y=104, z=-150}, reason=path_drop_down}
[21:44:56] [Server thread/INFO]: [AIBot] TASK event=task_completed bot=Bob {elapsed_ticks=63, name=evade}
[21:44:57] [Server thread/INFO]: [AIBot] ACTION event=diag_snapshot bot=Bob {fall=0.0, held=empty, task_state=COMPLETED, submerged=false, light=4, step=, in_lava=false, task_phase=, goal=none, task_progress=1.0, task=evade, mode=survival, air=300, food=16, path_idle=true, inv=empty, nearby=animals=0 hostiles=0, mining_idle=true, hp=2.0/20.0, on_ground=true, pos=22,103,-151}
[21:44:59] [Server thread/INFO]: [AIBot] ACTION event=diag_snapshot bot=Bob {fall=0.0, held=empty, task_state=COMPLETED, submerged=false, light=4, step=, in_lava=false, task_phase=, goal=none, task_progress=1.0, task=evade, mode=survival, air=300, food=16, path_idle=true, inv=empty, nearby=animals=0 hostiles=0, mining_idle=true, hp=2.0/20.0, on_ground=true, pos=22,103,-151}
[21:45:00] [Server thread/INFO]: [AIBot] TASK event=task_assigned bot=Bob {origin=SAFETY, params=Evading LOW_HP toward 31,102,-159, origin_reason=threat:LOW_HP, name=evade}
[21:45:00] [Server thread/INFO]: [AIBot] DANGER event=threat_detected bot=Bob {severity=HIGH, decision=evade, source=class_2338{x=18, y=103, z=-142}, type=LOW_HP}
[21:45:00] [Server thread/INFO]: [AIBot] ACTION event=capability_decision bot=Bob {reason=DENIED_STRICT_SURVIVAL, allowed=false, profile=strict_survival, capability=HIDDEN_BLOCK_SCAN, context=observable_entity_query}
[21:45:00] [Server thread/INFO]: [AIBot] ACTION event=capability_decision bot=Bob {reason=DENIED_STRICT_SURVIVAL, allowed=false, profile=strict_survival, capability=HIDDEN_BLOCK_SCAN, context=perception_snapshot}
[21:45:00] [Server thread/INFO]: [AIBot] ACTION event=capability_decision bot=Bob {reason=DENIED_STRICT_SURVIVAL, allowed=false, profile=strict_survival, capability=HIDDEN_BLOCK_SCAN, context=observable_block_query}
[21:45:00] [Server thread/INFO]: [AIBot] ACTION event=fake_player_jump bot=Bob {to=class_2338{x=23, y=104, z=-152}, from=class_2338{x=22, y=103, z=-152}, reason=path_jump_up}
[21:45:00] [Server thread/INFO]: [AIBot] ACTION event=fake_player_step bot=Bob {to=class_2338{x=23, y=103, z=-153}, from=class_2338{x=23, y=104, z=-152}, reason=path_drop_down}
[21:45:00] [Server thread/INFO]: [AIBot] ACTION event=fake_player_jump bot=Bob {to=class_2338{x=24, y=104, z=-153}, from=class_2338{x=23, y=103, z=-153}, reason=path_jump_up}
[21:45:00] [Server thread/INFO]: [AIBot] ACTION event=fake_player_step bot=Bob {to=class_2338{x=24, y=103, z=-154}, from=class_2338{x=24, y=104, z=-153}, reason=path_drop_down}
[21:45:00] [Server thread/INFO]: [AIBot] ACTION event=fake_player_step bot=Bob {to=class_2338{x=24, y=102, z=-154}, from=class_2338{x=24, y=103, z=-154}, reason=path_drop_down}
[21:45:00] [Server thread/INFO]: [AIBot] ACTION event=fake_player_jump bot=Bob {to=class_2338{x=25, y=103, z=-154}, from=class_2338{x=24, y=102, z=-154}, reason=path_jump_up}
[21:45:00] [Server thread/INFO]: [AIBot] ACTION event=fake_player_step bot=Bob {to=class_2338{x=25, y=102, z=-155}, from=class_2338{x=25, y=103, z=-154}, reason=path_drop_down}
[21:45:00] [Server thread/INFO]: [AIBot] ACTION event=fake_player_step bot=Bob {to=class_2338{x=25, y=101, z=-155}, from=class_2338{x=25, y=102, z=-155}, reason=path_drop_down}
[21:45:00] [Server thread/INFO]: [AIBot] ACTION event=fake_player_jump bot=Bob {to=class_2338{x=26, y=102, z=-155}, from=class_2338{x=25, y=101, z=-155}, reason=path_jump_up}
[21:45:01] [Server thread/INFO]: [AIBot] ACTION event=fake_player_jump bot=Bob {to=class_2338{x=27, y=103, z=-155}, from=class_2338{x=26, y=102, z=-155}, reason=path_jump_up}
[21:45:01] [Server thread/INFO]: [AIBot] ACTION event=fake_player_jump bot=Bob {to=class_2338{x=28, y=104, z=-155}, from=class_2338{x=27, y=103, z=-155}, reason=path_jump_up}
[21:45:01] [Server thread/INFO]: [AIBot] ACTION event=fake_player_step bot=Bob {to=class_2338{x=28, y=103, z=-156}, from=class_2338{x=28, y=104, z=-155}, reason=path_drop_down}
[21:45:01] [Server thread/INFO]: [AIBot] ACTION event=fake_player_step bot=Bob {to=class_2338{x=28, y=102, z=-157}, from=class_2338{x=28, y=103, z=-156}, reason=path_drop_down}
[21:45:01] [Server thread/INFO]: [AIBot] ACTION event=fake_player_step bot=Bob {to=class_2338{x=28, y=101, z=-157}, from=class_2338{x=28, y=102, z=-157}, reason=path_drop_down}
[21:45:01] [Server thread/INFO]: [AIBot] ACTION event=fake_player_jump bot=Bob {to=class_2338{x=29, y=102, z=-157}, from=class_2338{x=28, y=101, z=-157}, reason=path_jump_up}
[21:45:01] [Server thread/INFO]: [AIBot] ACTION event=fake_player_jump bot=Bob {to=class_2338{x=30, y=103, z=-157}, from=class_2338{x=29, y=102, z=-157}, reason=path_jump_up}
[21:45:01] [Server thread/INFO]: [AIBot] TASK event=task_completed bot=Bob {elapsed_ticks=21, name=evade}
[21:45:01] [Server thread/INFO]: [AIBot] ACTION event=capability_decision bot=Bob {reason=DENIED_STRICT_SURVIVAL, allowed=false, profile=strict_survival, capability=HIDDEN_BLOCK_SCAN, context=diagnostic_nearby}
[21:45:01] [Server thread/INFO]: [AIBot] ACTION event=diag_snapshot bot=Bob {fall=0.0, held=empty, task_state=COMPLETED, submerged=false, light=4, step=, in_lava=false, task_phase=, goal=none, task_progress=1.0, task=evade, mode=survival, air=300, food=16, path_idle=true, inv=empty, nearby=animals=0 hostiles=0, mining_idle=true, hp=2.0/20.0, on_ground=true, pos=30,103,-157}
