Unpacking 1.21.3/server-1.21.3.jar (versions:1.21.3) to versions\1.21.3\server-1.21.3.jar
Starting net.fabricmc.loader.impl.game.minecraft.BundlerClassPathCapture
[20:54:09] [main/INFO]: Loading Minecraft 1.21.3 with Fabric Loader 0.19.5
[20:54:09] [main/INFO]: Fabric is preparing JARs on first launch, this may take a few seconds...
[20:54:09] [ForkJoinPool-1-worker-5/WARN]: Mod mr_vein_miner uses the version 26.x which isn't compatible with Loader's extended semantic version format (Could not parse version number component 'x'!), SemVer is recommended for reliably evaluating dependencies and prioritizing newer version
[20:54:10] [main/INFO]: Loading 47 mods:
	- aibot 0.0.1
	- appleskin 3.0.6+mc1.21.3
	   \-- cloth-config 16.0.141
	        \-- cloth-basic-math 0.6.1
	- fabric-api 0.114.1+1.21.3
	   |-- fabric-api-base 0.4.50+119c825640
	   |-- fabric-api-lookup-api-v1 1.6.81+fd37071f40
	   |-- fabric-biome-api-v1 14.0.7+add2a48640
	   |-- fabric-block-api-v1 1.0.28+fd37071f40
	   |-- fabric-block-view-api-v2 1.0.16+fd37071f40
	   |-- fabric-command-api-v1 1.2.58+f71b366f40
	   |-- fabric-command-api-v2 2.2.37+c9d82ab240
	   |-- fabric-commands-v0 0.2.75+df3654b340
	   |-- fabric-content-registries-v0 9.1.8+fd37071f40
	   |-- fabric-convention-tags-v1 2.1.4+7f945d5b40
	   |-- fabric-convention-tags-v2 2.9.4+129f0c1f40
	   |-- fabric-crash-report-info-v1 0.3.3+fd37071f40
	   |-- fabric-data-attachment-api-v1 1.4.0+dbad41f140
	   |-- fabric-data-generation-api-v1 21.1.2+a730659c40
	   |-- fabric-dimensions-v1 4.0.7+fd37071f40
	   |-- fabric-entity-events-v1 2.0.8+825023f840
	   |-- fabric-events-interaction-v0 2.0.12+c2c3ac4740
	   |-- fabric-game-rule-api-v1 1.0.59+fd37071f40
	   |-- fabric-item-api-v1 11.1.7+fd37071f40
	   |-- fabric-item-group-api-v1 4.1.17+fd37071f40
	   |-- fabric-lifecycle-events-v1 2.5.1+6da5ef6940
	   |-- fabric-loot-api-v2 3.0.26+3f89f5a540
	   |-- fabric-loot-api-v3 1.0.14+fd37071f40
	   |-- fabric-message-api-v1 6.0.22+5a9b22c640
	   |-- fabric-networking-api-v1 4.3.5+fd37071f40
	   |-- fabric-object-builder-api-v1 17.0.9+fd37071f40
	   |-- fabric-particles-v1 4.0.10+fd37071f40
	   |-- fabric-recipe-api-v1 7.0.5+8ea69ff840
	   |-- fabric-registry-sync-v0 5.4.1+3f3c499540
	   |-- fabric-rendering-data-attachment-v1 0.3.54+73761d2e40
	   |-- fabric-rendering-fluids-v1 3.1.15+fd37071f40
	   |-- fabric-resource-conditions-api-v1 5.0.8+fd37071f40
	   |-- fabric-resource-loader-v0 3.0.6+fd37071f40
	   |-- fabric-screen-handler-api-v1 1.3.103+fd37071f40
	   |-- fabric-tag-api-v1 1.0.0+a730659c40
	   |-- fabric-transfer-api-v1 5.4.3+cb44d14340
	   \-- fabric-transitive-access-wideners-v1 6.2.0+54a41b1c40
	- fabricloader 0.19.5
	   \-- mixinextras 0.5.5
	- java 21
	- minecraft 1.21.3
	- mr_vein_miner 26.x
[20:54:11] [main/INFO]: SpongePowered MIXIN Subsystem Version=0.8.7 Source=file:/D:/code/mc-experiment/mc-server-aibot/libraries/net/fabricmc/sponge-mixin/0.17.4+mixin.0.8.7/sponge-mixin-0.17.4+mixin.0.8.7.jar Service=Knot/Fabric Env=SERVER
[20:54:15] [main/INFO]: Initializing MixinExtras via com.llamalad7.mixinextras.service.MixinExtrasServiceImpl(version=0.5.5).
[20:54:33] [main/INFO]: [AIBot] CONFIG event=config_template_written bot=- {path=.\config\aibot.json}
[20:54:33] [main/INFO]: [AIBot] CONFIG event=operating_profile_resolved bot=- {profile=strict_survival, configured_manual_teleport=true, effective_capabilities=[], configured_emergency_teleport=true, configured_hidden_block_scan=true, configured_forced_pickup=true, source=FILE_OR_DEFAULT}
[20:54:33] [main/WARN]: [AIBot] CONFIG event=deepseek_key_missing bot=- {}
[20:54:33] [main/INFO]: [AIBot] LIFECYCLE event=mod_loaded bot=- {version=0.0.1}
[20:54:33] [main/INFO]: [AIBot] CONFIG event=config_loaded bot=- {pickup_force_radius=2.75, perception_radius=16, effective_capabilities=[], deepseek_model=deepseek-v4-flash, configured_operator_capabilities=OperatorCapabilities[hiddenBlockScan=true, emergencyTeleport=true, forcedPickup=true, manualTeleport=true], logging_enabled=true, nav_lookahead=4, profile=strict_survival}
[20:54:33] [main/INFO]: ================================
[20:54:33] [main/INFO]:   AIBot v0.0.1 loaded
[20:54:33] [main/INFO]:   Mode: M6 structured logs over M5 tasks
[20:54:33] [main/INFO]: ================================
[20:54:35] [main/INFO]: Environment: Environment[sessionHost=https://sessionserver.mojang.com, servicesHost=https://api.minecraftservices.com, name=PROD]
[20:54:38] [main/INFO]: No existing world data, creating new world
[20:54:40] [Yggdrasil Key Fetcher/ERROR]: Failed to request yggdrasil public key
com.mojang.authlib.exceptions.MinecraftClientException: Failed to read from https://api.minecraftservices.com/publickeys due to Connection reset
	at knot/com.mojang.authlib.minecraft.client.MinecraftClient.readInputStream(MinecraftClient.java:108) ~[authlib-6.0.55.jar:?]
	at knot/com.mojang.authlib.minecraft.client.MinecraftClient.get(MinecraftClient.java:57) ~[authlib-6.0.55.jar:?]
	at knot/com.mojang.authlib.yggdrasil.YggdrasilServicesKeyInfo.fetch(YggdrasilServicesKeyInfo.java:114) ~[authlib-6.0.55.jar:?]
	at knot/com.mojang.authlib.yggdrasil.YggdrasilServicesKeyInfo$1.run(YggdrasilServicesKeyInfo.java:89) ~[authlib-6.0.55.jar:?]
	at java.base/java.util.concurrent.Executors$RunnableAdapter.call(Executors.java:572) ~[?:?]
	at java.base/java.util.concurrent.FutureTask.run(FutureTask.java:317) ~[?:?]
	at java.base/java.util.concurrent.ScheduledThreadPoolExecutor$ScheduledFutureTask.run(ScheduledThreadPoolExecutor.java:304) ~[?:?]
	at java.base/java.util.concurrent.ThreadPoolExecutor.runWorker(ThreadPoolExecutor.java:1144) ~[?:?]
	at java.base/java.util.concurrent.ThreadPoolExecutor$Worker.run(ThreadPoolExecutor.java:642) ~[?:?]
	at java.base/java.lang.Thread.run(Thread.java:1583) [?:?]
Caused by: java.net.SocketException: Connection reset
	at java.base/sun.nio.ch.NioSocketImpl.implRead(NioSocketImpl.java:318) ~[?:?]
	at java.base/sun.nio.ch.NioSocketImpl.read(NioSocketImpl.java:346) ~[?:?]
	at java.base/sun.nio.ch.NioSocketImpl$1.read(NioSocketImpl.java:796) ~[?:?]
	at java.base/java.net.Socket$SocketInputStream.read(Socket.java:1099) ~[?:?]
	at java.base/sun.security.ssl.SSLSocketInputRecord.read(SSLSocketInputRecord.java:489) ~[?:?]
	at java.base/sun.security.ssl.SSLSocketInputRecord.readHeader(SSLSocketInputRecord.java:483) ~[?:?]
	at java.base/sun.security.ssl.SSLSocketInputRecord.decode(SSLSocketInputRecord.java:160) ~[?:?]
	at java.base/sun.security.ssl.SSLTransport.decode(SSLTransport.java:111) ~[?:?]
	at java.base/sun.security.ssl.SSLSocketImpl.decode(SSLSocketImpl.java:1505) ~[?:?]
	at java.base/sun.security.ssl.SSLSocketImpl.readHandshakeRecord(SSLSocketImpl.java:1420) ~[?:?]
	at java.base/sun.security.ssl.SSLSocketImpl.startHandshake(SSLSocketImpl.java:455) ~[?:?]
	at java.base/sun.security.ssl.SSLSocketImpl.startHandshake(SSLSocketImpl.java:426) ~[?:?]
	at java.base/sun.net.www.protocol.https.HttpsClient.afterConnect(HttpsClient.java:593) ~[?:?]
	at java.base/sun.net.www.protocol.https.AbstractDelegateHttpsURLConnection.connect(AbstractDelegateHttpsURLConnection.java:190) ~[?:?]
	at java.base/sun.net.www.protocol.http.HttpURLConnection.getInputStream0(HttpURLConnection.java:1707) ~[?:?]
	at java.base/sun.net.www.protocol.http.HttpURLConnection.getInputStream(HttpURLConnection.java:1632) ~[?:?]
	at java.base/java.net.HttpURLConnection.getResponseCode(HttpURLConnection.java:531) ~[?:?]
	at java.base/sun.net.www.protocol.https.HttpsURLConnectionImpl.getResponseCode(HttpsURLConnectionImpl.java:307) ~[?:?]
	at knot/com.mojang.authlib.minecraft.client.MinecraftClient.readInputStream(MinecraftClient.java:84) ~[authlib-6.0.55.jar:?]
	... 9 more
[20:54:40] [main/INFO]: Loaded 1338 recipes
[20:54:41] [main/INFO]: Loaded 1448 advancements
[20:54:41] [main/INFO]: Applied 0 biome modifications to 0 of 64 new biomes in 18.65 ms
[20:54:41] [Server thread/INFO]: Starting minecraft server version 1.21.3
[20:54:41] [Server thread/INFO]: Loading properties
[20:54:41] [Server thread/INFO]: Default game type: SURVIVAL
[20:54:41] [Server thread/INFO]: Generating keypair
[20:54:41] [Server thread/INFO]: Starting Minecraft server on *:25565
[20:54:42] [Server thread/INFO]: Using default channel type
[20:54:42] [Server thread/WARN]: **** SERVER IS RUNNING IN OFFLINE/INSECURE MODE!
[20:54:42] [Server thread/WARN]: The server will make no attempt to authenticate usernames. Beware.
[20:54:42] [Server thread/WARN]: While this makes the game possible to play without internet access, it also opens up the ability for hackers to connect with any username they choose.
[20:54:42] [Server thread/WARN]: To change this, set "online-mode" to "true" in the server.properties file.
[20:54:42] [Server thread/INFO]: Preparing level "world"
[20:54:51] [Server thread/INFO]: Preparing start region for dimension minecraft:overworld
[20:54:51] [Worker-Main-1/INFO]: Preparing spawn area: 2%
[20:54:52] [Worker-Main-12/INFO]: Preparing spawn area: 2%
[20:54:52] [Worker-Main-14/INFO]: Preparing spawn area: 2%
[20:54:53] [Worker-Main-12/INFO]: Preparing spawn area: 2%
[20:54:53] [Worker-Main-7/INFO]: Preparing spawn area: 2%
[20:54:54] [Worker-Main-1/INFO]: Preparing spawn area: 18%
[20:54:54] [Worker-Main-14/INFO]: Preparing spawn area: 18%
[20:54:55] [Worker-Main-10/INFO]: Preparing spawn area: 46%
[20:54:55] [Worker-Main-9/INFO]: Preparing spawn area: 51%
[20:54:56] [Worker-Main-11/INFO]: Preparing spawn area: 51%
[20:54:56] [Server thread/INFO]: Time elapsed: 4902 ms
[20:54:56] [Server thread/INFO]: Done (14.051s)! For help, type "help"
[20:54:56] [Server thread/INFO]: Starting remote control listener
[20:54:56] [Server thread/INFO]: Thread RCON Listener started
[20:54:56] [Server thread/INFO]: RCON running on 0.0.0.0:25575
[20:54:56] [Server thread/INFO]: [AIBot] LIFECYCLE event=server_started bot=- {motd=aibot-dsh-m0 isolated acceptance}
[20:54:56] [Server thread/INFO]: [AIBot] TASK event=jobs_cleared bot=- {}
[20:54:56] [Server thread/INFO]: [AIBot] COMM event=runtime_recipe_index_built bot=- {scanned=1338, indexed=757}
[20:54:56] [Server thread/INFO]: [AIBot] LIFECYCLE event=server_runtime_ready bot=- {runtime_session=4155f613-19d1-424c-bbaa-614bdd5780ef, restored_bots=0}
[20:54:56] [Server thread/INFO]: AIBot external-body bridge bound to loopback port 8765 for Bob
[20:55:34] [RCON Listener #1/INFO]: Thread RCON Client /127.0.0.1 started
[20:55:34] [Server thread/WARN]: [AIBot] LIFECYCLE event=bot_spawn_position_snapped bot=- {from=0,110,0, to=0,114,0, name=Bob}
[20:55:34] [Server thread/INFO]: Bob[127.0.0.1] logged in with entity id 60 at (-3.5, 114.0, -4.5)
[20:55:34] [Server thread/INFO]: Bob joined the game
[20:55:34] [Server thread/INFO]: [AIBot] LIFECYCLE event=bot_spawned bot=Bob {mode=survival, pos=0,114,0}
[20:55:34] [Server thread/INFO]: [AIBot] LIFECYCLE event=bot_role_set bot=Bob {role=worker}
[20:55:34] [Server thread/INFO]: [Rcon: [AIBot] Spawned Bob role=worker]
[20:55:34] [RCON Client /127.0.0.1 #2/INFO]: Thread RCON Client /127.0.0.1 shutting down
[20:55:35] [Server thread/INFO]: [AIBot] ACTION event=capability_decision bot=Bob {context=observable_block_query, capability=HIDDEN_BLOCK_SCAN, profile=strict_survival, allowed=false, reason=DENIED_STRICT_SURVIVAL}
[20:55:35] [Server thread/INFO]: [AIBot] COMM event=conversation_reset bot=Bob {}
[20:55:35] [Server thread/INFO]: [AIBot] ACTION event=capability_decision bot=Bob {context=perception_snapshot, capability=HIDDEN_BLOCK_SCAN, profile=strict_survival, allowed=false, reason=DENIED_STRICT_SURVIVAL}
[20:55:35] [Server thread/INFO]: [AIBot] ACTION event=capability_decision bot=Bob {context=observable_entity_query, capability=HIDDEN_BLOCK_SCAN, profile=strict_survival, allowed=false, reason=DENIED_STRICT_SURVIVAL}
[20:55:35] [Server thread/WARN]: [AIBot] PERCEPTION event=snapshot_slow bot=Bob {elapsed_ms=137}
[20:55:35] [Server thread/INFO]: [AIBot] ACTION event=capability_decision bot=Bob {context=diagnostic_nearby, capability=HIDDEN_BLOCK_SCAN, profile=strict_survival, allowed=false, reason=DENIED_STRICT_SURVIVAL}
[20:55:35] [Server thread/INFO]: [AIBot] ACTION event=diag_snapshot bot=Bob {path_idle=true, food=20, air=300, mode=survival, task=idle, task_progress=1.0, goal=none, task_phase=, in_lava=false, step=, light=15, submerged=false, task_state=COMPLETED, held=empty, fall=0.0, pos=0,113,0, on_ground=false, hp=20.0/20.0, mining_idle=true, nearby=animals=2(villager@8) hostiles=0, inv=empty}
[20:55:35] [AIBotPersistenceWriter/INFO]: [AIBot] LIFECYCLE event=runtime_persist_saved bot=- {path=.\world\.\aibot\runtime.json, bots=1, jobs=0, schema=1, atomic_move=true}
[20:55:35] [Server thread/WARN]: [AIBot] PERCEPTION event=snapshot_slow bot=Bob {elapsed_ms=52}
[20:55:35] [Server thread/WARN]: [AIBot] PERCEPTION event=snapshot_slow bot=Bob {elapsed_ms=50}
[20:55:35] [Server thread/WARN]: [AIBot] PERCEPTION event=snapshot_slow bot=Bob {elapsed_ms=45}
[20:55:36] [Server thread/WARN]: [AIBot] PERCEPTION event=snapshot_slow bot=Bob {elapsed_ms=37}
[20:55:36] [Server thread/INFO]: [AIBot] ACTION event=diag_snapshot bot=Bob {path_idle=true, food=20, air=300, mode=survival, task=idle, task_progress=1.0, goal=none, task_phase=, in_lava=false, step=, light=15, submerged=false, task_state=COMPLETED, held=empty, fall=0.0, pos=0,113,0, on_ground=true, hp=20.0/20.0, mining_idle=true, nearby=animals=1(villager@8) hostiles=0, inv=empty}
[20:55:36] [Server thread/WARN]: [AIBot] PERCEPTION event=snapshot_slow bot=Bob {elapsed_ms=33}
[20:55:37] [Server thread/WARN]: [AIBot] PERCEPTION event=snapshot_slow bot=Bob {elapsed_ms=24}
[20:55:37] [Server thread/WARN]: [AIBot] PERCEPTION event=snapshot_slow bot=Bob {elapsed_ms=24}
[20:55:38] [Server thread/WARN]: [AIBot] PERCEPTION event=snapshot_slow bot=Bob {elapsed_ms=24}
[20:55:38] [Server thread/INFO]: [AIBot] ACTION event=diag_snapshot bot=Bob {path_idle=true, food=20, air=300, mode=survival, task=idle, task_progress=1.0, goal=none, task_phase=, in_lava=false, step=, light=15, submerged=false, task_state=COMPLETED, held=empty, fall=0.0, pos=0,113,0, on_ground=true, hp=20.0/20.0, mining_idle=true, nearby=animals=1(villager@10) hostiles=0, inv=empty}
[20:55:38] [Server thread/WARN]: [AIBot] PERCEPTION event=snapshot_slow bot=Bob {elapsed_ms=24}
[20:55:39] [Server thread/INFO]: [AIBot] ACTION event=capability_decision bot=Bob {context=observable_block_query, capability=HIDDEN_BLOCK_SCAN, profile=strict_survival, allowed=false, reason=DENIED_STRICT_SURVIVAL}
[20:55:39] [Server thread/INFO]: [AIBot] ACTION event=capability_decision bot=Bob {context=perception_snapshot, capability=HIDDEN_BLOCK_SCAN, profile=strict_survival, allowed=false, reason=DENIED_STRICT_SURVIVAL}
[20:55:39] [Server thread/INFO]: [AIBot] ACTION event=capability_decision bot=Bob {context=observable_entity_query, capability=HIDDEN_BLOCK_SCAN, profile=strict_survival, allowed=false, reason=DENIED_STRICT_SURVIVAL}
[20:55:39] [Server thread/WARN]: [AIBot] PERCEPTION event=snapshot_slow bot=Bob {elapsed_ms=28}
[20:55:39] [Server thread/WARN]: [AIBot] PERCEPTION event=snapshot_slow bot=Bob {elapsed_ms=22}
[20:55:40] [Server thread/WARN]: [AIBot] PERCEPTION event=snapshot_slow bot=Bob {elapsed_ms=22}
[20:55:40] [Server thread/INFO]: [AIBot] ACTION event=capability_decision bot=Bob {context=diagnostic_nearby, capability=HIDDEN_BLOCK_SCAN, profile=strict_survival, allowed=false, reason=DENIED_STRICT_SURVIVAL}
[20:55:40] [Server thread/INFO]: [AIBot] ACTION event=diag_snapshot bot=Bob {path_idle=true, food=20, air=300, mode=survival, task=idle, task_progress=1.0, goal=none, task_phase=, in_lava=false, step=, light=15, submerged=false, task_state=COMPLETED, held=empty, fall=0.0, pos=0,113,0, on_ground=true, hp=20.0/20.0, mining_idle=true, nearby=animals=1(villager@14) hostiles=0, inv=empty}
[20:55:40] [Server thread/WARN]: [AIBot] PERCEPTION event=snapshot_slow bot=Bob {elapsed_ms=21}
[20:55:41] [Server thread/WARN]: [AIBot] PERCEPTION event=snapshot_slow bot=Bob {elapsed_ms=21}
[20:55:41] [Server thread/WARN]: [AIBot] PERCEPTION event=snapshot_slow bot=Bob {elapsed_ms=18}
[20:55:42] [Server thread/WARN]: [AIBot] PERCEPTION event=snapshot_slow bot=Bob {elapsed_ms=22}
[20:55:42] [Server thread/INFO]: [AIBot] ACTION event=diag_snapshot bot=Bob {path_idle=true, food=20, air=300, mode=survival, task=idle, task_progress=1.0, goal=none, task_phase=, in_lava=false, step=, light=15, submerged=false, task_state=COMPLETED, held=empty, fall=0.0, pos=0,113,0, on_ground=true, hp=20.0/20.0, mining_idle=true, nearby=animals=1(villager@14) hostiles=0, inv=empty}
[20:55:42] [Server thread/WARN]: [AIBot] PERCEPTION event=snapshot_slow bot=Bob {elapsed_ms=20}
[20:55:43] [Server thread/WARN]: [AIBot] PERCEPTION event=snapshot_slow bot=Bob {elapsed_ms=20}
[20:55:43] [Server thread/WARN]: [AIBot] PERCEPTION event=snapshot_slow bot=Bob {elapsed_ms=23}
[20:55:44] [Server thread/INFO]: [AIBot] ACTION event=capability_decision bot=Bob {context=observable_block_query, capability=HIDDEN_BLOCK_SCAN, profile=strict_survival, allowed=false, reason=DENIED_STRICT_SURVIVAL}
[20:55:44] [Server thread/INFO]: [AIBot] ACTION event=capability_decision bot=Bob {context=perception_snapshot, capability=HIDDEN_BLOCK_SCAN, profile=strict_survival, allowed=false, reason=DENIED_STRICT_SURVIVAL}
[20:55:44] [Server thread/INFO]: [AIBot] ACTION event=capability_decision bot=Bob {context=observable_entity_query, capability=HIDDEN_BLOCK_SCAN, profile=strict_survival, allowed=false, reason=DENIED_STRICT_SURVIVAL}
[20:55:44] [Server thread/WARN]: [AIBot] PERCEPTION event=snapshot_slow bot=Bob {elapsed_ms=33}
[20:55:44] [Server thread/INFO]: [AIBot] ACTION event=diag_snapshot bot=Bob {path_idle=true, food=20, air=300, mode=survival, task=idle, task_progress=1.0, goal=none, task_phase=, in_lava=false, step=, light=15, submerged=false, task_state=COMPLETED, held=empty, fall=0.0, pos=0,113,0, on_ground=true, hp=20.0/20.0, mining_idle=true, nearby=animals=1(villager@14) hostiles=0, inv=empty}
[20:55:44] [Server thread/WARN]: [AIBot] PERCEPTION event=snapshot_slow bot=Bob {elapsed_ms=21}
[20:55:45] [Server thread/WARN]: [AIBot] PERCEPTION event=snapshot_slow bot=Bob {elapsed_ms=21}
[20:55:45] [Server thread/WARN]: [AIBot] PERCEPTION event=snapshot_slow bot=Bob {elapsed_ms=20}
[20:55:46] [Server thread/WARN]: [AIBot] PERCEPTION event=snapshot_slow bot=Bob {elapsed_ms=23}
[20:55:46] [Server thread/INFO]: [AIBot] ACTION event=capability_decision bot=Bob {context=diagnostic_nearby, capability=HIDDEN_BLOCK_SCAN, profile=strict_survival, allowed=false, reason=DENIED_STRICT_SURVIVAL}
[20:55:46] [Server thread/INFO]: [AIBot] ACTION event=diag_snapshot bot=Bob {path_idle=true, food=20, air=300, mode=survival, task=idle, task_progress=1.0, goal=none, task_phase=, in_lava=false, step=, light=15, submerged=false, task_state=COMPLETED, held=empty, fall=0.0, pos=0,113,0, on_ground=true, hp=20.0/20.0, mining_idle=true, nearby=animals=1(villager@14) hostiles=0, inv=empty}
[20:55:46] [Server thread/WARN]: [AIBot] PERCEPTION event=snapshot_slow bot=Bob {elapsed_ms=20}
[20:55:47] [Server thread/WARN]: [AIBot] PERCEPTION event=snapshot_slow bot=Bob {elapsed_ms=22}
[20:55:47] [Server thread/WARN]: [AIBot] PERCEPTION event=snapshot_slow bot=Bob {elapsed_ms=22}
[20:55:48] [Server thread/WARN]: [AIBot] PERCEPTION event=snapshot_slow bot=Bob {elapsed_ms=21}
[20:55:48] [Server thread/INFO]: [AIBot] ACTION event=diag_snapshot bot=Bob {path_idle=true, food=20, air=300, mode=survival, task=idle, task_progress=1.0, goal=none, task_phase=, in_lava=false, step=, light=15, submerged=false, task_state=COMPLETED, held=empty, fall=0.0, pos=0,113,0, on_ground=true, hp=20.0/20.0, mining_idle=true, nearby=animals=1(villager@15) hostiles=0, inv=empty}
[20:55:48] [Server thread/WARN]: [AIBot] PERCEPTION event=snapshot_slow bot=Bob {elapsed_ms=22}
[20:55:49] [Server thread/INFO]: [AIBot] ACTION event=capability_decision bot=Bob {context=observable_block_query, capability=HIDDEN_BLOCK_SCAN, profile=strict_survival, allowed=false, reason=DENIED_STRICT_SURVIVAL}
[20:55:49] [Server thread/INFO]: [AIBot] ACTION event=capability_decision bot=Bob {context=perception_snapshot, capability=HIDDEN_BLOCK_SCAN, profile=strict_survival, allowed=false, reason=DENIED_STRICT_SURVIVAL}
[20:55:49] [Server thread/INFO]: [AIBot] ACTION event=capability_decision bot=Bob {context=observable_entity_query, capability=HIDDEN_BLOCK_SCAN, profile=strict_survival, allowed=false, reason=DENIED_STRICT_SURVIVAL}
[20:55:49] [Server thread/WARN]: [AIBot] PERCEPTION event=snapshot_slow bot=Bob {elapsed_ms=21}
[20:55:50] [Server thread/WARN]: [AIBot] PERCEPTION event=snapshot_slow bot=Bob {elapsed_ms=22}
[20:55:50] [Server thread/WARN]: [AIBot] PERCEPTION event=snapshot_slow bot=Bob {elapsed_ms=23}
[20:55:50] [Server thread/INFO]: [AIBot] ACTION event=diag_snapshot bot=Bob {path_idle=true, food=20, air=300, mode=survival, task=idle, task_progress=1.0, goal=none, task_phase=, in_lava=false, step=, light=15, submerged=false, task_state=COMPLETED, held=empty, fall=0.0, pos=0,113,0, on_ground=true, hp=20.0/20.0, mining_idle=true, nearby=animals=0 hostiles=0, inv=empty}
[20:55:50] [Server thread/WARN]: [AIBot] PERCEPTION event=snapshot_slow bot=Bob {elapsed_ms=22}
[20:55:51] [Server thread/WARN]: [AIBot] PERCEPTION event=snapshot_slow bot=Bob {elapsed_ms=15}
[20:55:51] [Server thread/WARN]: [AIBot] PERCEPTION event=snapshot_slow bot=Bob {elapsed_ms=20}
[20:55:52] [Server thread/WARN]: [AIBot] PERCEPTION event=snapshot_slow bot=Bob {elapsed_ms=16}
[20:55:52] [Server thread/INFO]: [AIBot] ACTION event=capability_decision bot=Bob {context=diagnostic_nearby, capability=HIDDEN_BLOCK_SCAN, profile=strict_survival, allowed=false, reason=DENIED_STRICT_SURVIVAL}
[20:55:52] [Server thread/INFO]: [AIBot] ACTION event=diag_snapshot bot=Bob {path_idle=true, food=20, air=300, mode=survival, task=idle, task_progress=1.0, goal=none, task_phase=, in_lava=false, step=, light=15, submerged=false, task_state=COMPLETED, held=empty, fall=0.0, pos=0,113,0, on_ground=true, hp=20.0/20.0, mining_idle=true, nearby=animals=0 hostiles=0, inv=empty}
[20:55:52] [Server thread/WARN]: [AIBot] PERCEPTION event=snapshot_slow bot=Bob {elapsed_ms=19}
[20:55:53] [Server thread/WARN]: [AIBot] PERCEPTION event=snapshot_slow bot=Bob {elapsed_ms=19}
[20:55:53] [Server thread/WARN]: [AIBot] PERCEPTION event=snapshot_slow bot=Bob {elapsed_ms=17}
[20:55:54] [Server thread/INFO]: [AIBot] ACTION event=capability_decision bot=Bob {context=observable_block_query, capability=HIDDEN_BLOCK_SCAN, profile=strict_survival, allowed=false, reason=DENIED_STRICT_SURVIVAL}
[20:55:54] [Server thread/INFO]: [AIBot] ACTION event=capability_decision bot=Bob {context=perception_snapshot, capability=HIDDEN_BLOCK_SCAN, profile=strict_survival, allowed=false, reason=DENIED_STRICT_SURVIVAL}
[20:55:54] [Server thread/INFO]: [AIBot] ACTION event=capability_decision bot=Bob {context=observable_entity_query, capability=HIDDEN_BLOCK_SCAN, profile=strict_survival, allowed=false, reason=DENIED_STRICT_SURVIVAL}
[20:55:54] [Server thread/WARN]: [AIBot] PERCEPTION event=snapshot_slow bot=Bob {elapsed_ms=14}
[20:55:54] [Server thread/INFO]: [AIBot] ACTION event=diag_snapshot bot=Bob {path_idle=true, food=20, air=300, mode=survival, task=idle, task_progress=1.0, goal=none, task_phase=, in_lava=false, step=, light=15, submerged=false, task_state=COMPLETED, held=empty, fall=0.0, pos=0,113,0, on_ground=true, hp=20.0/20.0, mining_idle=true, nearby=animals=0 hostiles=0, inv=empty}
[20:55:54] [Server thread/WARN]: [AIBot] PERCEPTION event=snapshot_slow bot=Bob {elapsed_ms=21}
[20:55:55] [Server thread/WARN]: [AIBot] PERCEPTION event=snapshot_slow bot=Bob {elapsed_ms=14}
[20:55:55] [Server thread/WARN]: [AIBot] PERCEPTION event=snapshot_slow bot=Bob {elapsed_ms=22}
[20:55:56] [Server thread/WARN]: [AIBot] PERCEPTION event=snapshot_slow bot=Bob {elapsed_ms=15}
[20:55:56] [Server thread/INFO]: [AIBot] LIFECYCLE event=mixin_alive bot=- {server_tick=1200}
[20:55:56] [Server thread/INFO]: [AIBot] ACTION event=diag_snapshot bot=Bob {path_idle=true, food=20, air=300, mode=survival, task=idle, task_progress=1.0, goal=none, task_phase=, in_lava=false, step=, light=15, submerged=false, task_state=COMPLETED, held=empty, fall=0.0, pos=0,113,0, on_ground=true, hp=20.0/20.0, mining_idle=true, nearby=animals=0 hostiles=0, inv=empty}
[20:55:56] [Server thread/WARN]: [AIBot] PERCEPTION event=snapshot_slow bot=Bob {elapsed_ms=19}
[20:55:57] [Server thread/WARN]: [AIBot] PERCEPTION event=snapshot_slow bot=Bob {elapsed_ms=17}
[20:55:57] [Server thread/WARN]: [AIBot] PERCEPTION event=snapshot_slow bot=Bob {elapsed_ms=19}
[20:55:58] [Server thread/WARN]: [AIBot] PERCEPTION event=snapshot_slow bot=Bob {elapsed_ms=21}
[20:55:58] [Server thread/INFO]: [AIBot] ACTION event=capability_decision bot=Bob {context=diagnostic_nearby, capability=HIDDEN_BLOCK_SCAN, profile=strict_survival, allowed=false, reason=DENIED_STRICT_SURVIVAL}
[20:55:58] [Server thread/INFO]: [AIBot] ACTION event=diag_snapshot bot=Bob {path_idle=true, food=20, air=300, mode=survival, task=idle, task_progress=1.0, goal=none, task_phase=, in_lava=false, step=, light=15, submerged=false, task_state=COMPLETED, held=empty, fall=0.0, pos=0,113,0, on_ground=true, hp=20.0/20.0, mining_idle=true, nearby=animals=0 hostiles=0, inv=empty}
[20:55:58] [Server thread/WARN]: [AIBot] PERCEPTION event=snapshot_slow bot=Bob {elapsed_ms=16}
[20:55:59] [Server thread/INFO]: [AIBot] ACTION event=capability_decision bot=Bob {context=observable_block_query, capability=HIDDEN_BLOCK_SCAN, profile=strict_survival, allowed=false, reason=DENIED_STRICT_SURVIVAL}
[20:55:59] [Server thread/INFO]: [AIBot] ACTION event=capability_decision bot=Bob {context=perception_snapshot, capability=HIDDEN_BLOCK_SCAN, profile=strict_survival, allowed=false, reason=DENIED_STRICT_SURVIVAL}
[20:55:59] [Server thread/INFO]: [AIBot] ACTION event=capability_decision bot=Bob {context=observable_entity_query, capability=HIDDEN_BLOCK_SCAN, profile=strict_survival, allowed=false, reason=DENIED_STRICT_SURVIVAL}
[20:55:59] [Server thread/WARN]: [AIBot] PERCEPTION event=snapshot_slow bot=Bob {elapsed_ms=15}
[20:55:59] [Server thread/WARN]: [AIBot] PERCEPTION event=snapshot_slow bot=Bob {elapsed_ms=21}
[20:56:00] [Server thread/WARN]: [AIBot] PERCEPTION event=snapshot_slow bot=Bob {elapsed_ms=23}
[20:56:00] [Server thread/INFO]: [AIBot] ACTION event=diag_snapshot bot=Bob {path_idle=true, food=20, air=300, mode=survival, task=idle, task_progress=1.0, goal=none, task_phase=, in_lava=false, step=, light=15, submerged=false, task_state=COMPLETED, held=empty, fall=0.0, pos=0,113,0, on_ground=true, hp=20.0/20.0, mining_idle=true, nearby=animals=0 hostiles=0, inv=empty}
[20:56:00] [Server thread/WARN]: [AIBot] PERCEPTION event=snapshot_slow bot=Bob {elapsed_ms=18}
[20:56:01] [Server thread/WARN]: [AIBot] PERCEPTION event=snapshot_slow bot=Bob {elapsed_ms=14}
[20:56:01] [Server thread/WARN]: [AIBot] PERCEPTION event=snapshot_slow bot=Bob {elapsed_ms=20}
[20:56:02] [Server thread/WARN]: [AIBot] PERCEPTION event=snapshot_slow bot=Bob {elapsed_ms=19}
[20:56:02] [Server thread/INFO]: [AIBot] ACTION event=diag_snapshot bot=Bob {path_idle=true, food=20, air=300, mode=survival, task=idle, task_progress=1.0, goal=none, task_phase=, in_lava=false, step=, light=15, submerged=false, task_state=COMPLETED, held=empty, fall=0.0, pos=0,113,0, on_ground=true, hp=20.0/20.0, mining_idle=true, nearby=animals=0 hostiles=0, inv=empty}
[20:56:02] [Server thread/WARN]: [AIBot] PERCEPTION event=snapshot_slow bot=Bob {elapsed_ms=13}
[20:56:03] [Server thread/WARN]: [AIBot] PERCEPTION event=snapshot_slow bot=Bob {elapsed_ms=22}
[20:56:03] [Server thread/WARN]: [AIBot] PERCEPTION event=snapshot_slow bot=Bob {elapsed_ms=21}
[20:56:04] [Server thread/INFO]: [AIBot] ACTION event=capability_decision bot=Bob {context=observable_block_query, capability=HIDDEN_BLOCK_SCAN, profile=strict_survival, allowed=false, reason=DENIED_STRICT_SURVIVAL}
[20:56:04] [Server thread/INFO]: [AIBot] ACTION event=capability_decision bot=Bob {context=perception_snapshot, capability=HIDDEN_BLOCK_SCAN, profile=strict_survival, allowed=false, reason=DENIED_STRICT_SURVIVAL}
[20:56:04] [Server thread/INFO]: [AIBot] ACTION event=capability_decision bot=Bob {context=observable_entity_query, capability=HIDDEN_BLOCK_SCAN, profile=strict_survival, allowed=false, reason=DENIED_STRICT_SURVIVAL}
[20:56:04] [Server thread/WARN]: [AIBot] PERCEPTION event=snapshot_slow bot=Bob {elapsed_ms=14}
[20:56:04] [Server thread/INFO]: [AIBot] ACTION event=capability_decision bot=Bob {context=diagnostic_nearby, capability=HIDDEN_BLOCK_SCAN, profile=strict_survival, allowed=false, reason=DENIED_STRICT_SURVIVAL}
[20:56:04] [Server thread/INFO]: [AIBot] ACTION event=diag_snapshot bot=Bob {path_idle=true, food=20, air=300, mode=survival, task=idle, task_progress=1.0, goal=none, task_phase=, in_lava=false, step=, light=15, submerged=false, task_state=COMPLETED, held=empty, fall=0.0, pos=0,113,0, on_ground=true, hp=20.0/20.0, mining_idle=true, nearby=animals=0 hostiles=0, inv=empty}
[20:56:04] [Server thread/WARN]: [AIBot] PERCEPTION event=snapshot_slow bot=Bob {elapsed_ms=15}
[20:56:05] [Server thread/WARN]: [AIBot] PERCEPTION event=snapshot_slow bot=Bob {elapsed_ms=22}
[20:56:05] [Server thread/WARN]: [AIBot] PERCEPTION event=snapshot_slow bot=Bob {elapsed_ms=16}
[20:56:06] [Server thread/WARN]: [AIBot] PERCEPTION event=snapshot_slow bot=Bob {elapsed_ms=13}
[20:56:06] [Server thread/INFO]: [AIBot] ACTION event=diag_snapshot bot=Bob {path_idle=true, food=20, air=300, mode=survival, task=idle, task_progress=1.0, goal=none, task_phase=, in_lava=false, step=, light=15, submerged=false, task_state=COMPLETED, held=empty, fall=0.0, pos=0,113,0, on_ground=true, hp=20.0/20.0, mining_idle=true, nearby=animals=0 hostiles=0, inv=empty}
[20:56:06] [Server thread/WARN]: [AIBot] PERCEPTION event=snapshot_slow bot=Bob {elapsed_ms=16}
[20:56:07] [Server thread/WARN]: [AIBot] PERCEPTION event=snapshot_slow bot=Bob {elapsed_ms=19}
[20:56:07] [Server thread/WARN]: [AIBot] PERCEPTION event=snapshot_slow bot=Bob {elapsed_ms=21}
[20:56:08] [Server thread/WARN]: [AIBot] PERCEPTION event=snapshot_slow bot=Bob {elapsed_ms=13}
[20:56:08] [Server thread/INFO]: [AIBot] ACTION event=diag_snapshot bot=Bob {path_idle=true, food=20, air=300, mode=survival, task=idle, task_progress=1.0, goal=none, task_phase=, in_lava=false, step=, light=15, submerged=false, task_state=COMPLETED, held=empty, fall=0.0, pos=0,113,0, on_ground=true, hp=20.0/20.0, mining_idle=true, nearby=animals=0 hostiles=0, inv=empty}
[20:56:08] [Server thread/WARN]: [AIBot] PERCEPTION event=snapshot_slow bot=Bob {elapsed_ms=14}
[20:56:09] [Server thread/INFO]: [AIBot] ACTION event=capability_decision bot=Bob {context=observable_block_query, capability=HIDDEN_BLOCK_SCAN, profile=strict_survival, allowed=false, reason=DENIED_STRICT_SURVIVAL}
[20:56:09] [Server thread/INFO]: [AIBot] ACTION event=capability_decision bot=Bob {context=perception_snapshot, capability=HIDDEN_BLOCK_SCAN, profile=strict_survival, allowed=false, reason=DENIED_STRICT_SURVIVAL}
[20:56:09] [Server thread/INFO]: [AIBot] ACTION event=capability_decision bot=Bob {context=observable_entity_query, capability=HIDDEN_BLOCK_SCAN, profile=strict_survival, allowed=false, reason=DENIED_STRICT_SURVIVAL}
[20:56:09] [Server thread/WARN]: [AIBot] PERCEPTION event=snapshot_slow bot=Bob {elapsed_ms=16}
[20:56:09] [Server thread/WARN]: [AIBot] PERCEPTION event=snapshot_slow bot=Bob {elapsed_ms=14}
[20:56:10] [Server thread/WARN]: [AIBot] PERCEPTION event=snapshot_slow bot=Bob {elapsed_ms=13}
[20:56:10] [Server thread/INFO]: [AIBot] ACTION event=capability_decision bot=Bob {context=diagnostic_nearby, capability=HIDDEN_BLOCK_SCAN, profile=strict_survival, allowed=false, reason=DENIED_STRICT_SURVIVAL}
[20:56:10] [Server thread/INFO]: [AIBot] ACTION event=diag_snapshot bot=Bob {path_idle=true, food=20, air=300, mode=survival, task=idle, task_progress=1.0, goal=none, task_phase=, in_lava=false, step=, light=15, submerged=false, task_state=COMPLETED, held=empty, fall=0.0, pos=0,113,0, on_ground=true, hp=20.0/20.0, mining_idle=true, nearby=animals=0 hostiles=0, inv=empty}
[20:56:10] [Server thread/WARN]: [AIBot] PERCEPTION event=snapshot_slow bot=Bob {elapsed_ms=18}
[20:56:11] [Server thread/WARN]: [AIBot] PERCEPTION event=snapshot_slow bot=Bob {elapsed_ms=19}
[20:56:11] [Server thread/WARN]: [AIBot] PERCEPTION event=snapshot_slow bot=Bob {elapsed_ms=14}
[20:56:12] [Server thread/WARN]: [AIBot] PERCEPTION event=snapshot_slow bot=Bob {elapsed_ms=13}
[20:56:12] [Server thread/INFO]: [AIBot] ACTION event=diag_snapshot bot=Bob {path_idle=true, food=20, air=300, mode=survival, task=idle, task_progress=1.0, goal=none, task_phase=, in_lava=false, step=, light=15, submerged=false, task_state=COMPLETED, held=empty, fall=0.0, pos=0,113,0, on_ground=true, hp=20.0/20.0, mining_idle=true, nearby=animals=0 hostiles=0, inv=empty}
[20:56:12] [Server thread/WARN]: [AIBot] PERCEPTION event=snapshot_slow bot=Bob {elapsed_ms=14}
[20:56:13] [Server thread/WARN]: [AIBot] PERCEPTION event=snapshot_slow bot=Bob {elapsed_ms=21}
[20:56:13] [Server thread/WARN]: [AIBot] PERCEPTION event=snapshot_slow bot=Bob {elapsed_ms=14}
[20:56:14] [Server thread/INFO]: [AIBot] ACTION event=capability_decision bot=Bob {context=observable_block_query, capability=HIDDEN_BLOCK_SCAN, profile=strict_survival, allowed=false, reason=DENIED_STRICT_SURVIVAL}
[20:56:14] [Server thread/INFO]: [AIBot] ACTION event=capability_decision bot=Bob {context=perception_snapshot, capability=HIDDEN_BLOCK_SCAN, profile=strict_survival, allowed=false, reason=DENIED_STRICT_SURVIVAL}
[20:56:14] [Server thread/INFO]: [AIBot] ACTION event=capability_decision bot=Bob {context=observable_entity_query, capability=HIDDEN_BLOCK_SCAN, profile=strict_survival, allowed=false, reason=DENIED_STRICT_SURVIVAL}
[20:56:14] [Server thread/WARN]: [AIBot] PERCEPTION event=snapshot_slow bot=Bob {elapsed_ms=18}
[20:56:14] [Server thread/INFO]: [AIBot] ACTION event=diag_snapshot bot=Bob {path_idle=true, food=20, air=300, mode=survival, task=idle, task_progress=1.0, goal=none, task_phase=, in_lava=false, step=, light=15, submerged=false, task_state=COMPLETED, held=empty, fall=0.0, pos=0,113,0, on_ground=true, hp=20.0/20.0, mining_idle=true, nearby=animals=0 hostiles=0, inv=empty}
[20:56:14] [Server thread/WARN]: [AIBot] PERCEPTION event=snapshot_slow bot=Bob {elapsed_ms=14}
[20:56:15] [Server thread/WARN]: [AIBot] PERCEPTION event=snapshot_slow bot=Bob {elapsed_ms=12}
[20:56:15] [Server thread/WARN]: [AIBot] PERCEPTION event=snapshot_slow bot=Bob {elapsed_ms=14}
[20:56:16] [Server thread/WARN]: [AIBot] PERCEPTION event=snapshot_slow bot=Bob {elapsed_ms=15}
[20:56:16] [Server thread/INFO]: [AIBot] ACTION event=capability_decision bot=Bob {context=diagnostic_nearby, capability=HIDDEN_BLOCK_SCAN, profile=strict_survival, allowed=false, reason=DENIED_STRICT_SURVIVAL}
[20:56:16] [Server thread/INFO]: [AIBot] ACTION event=diag_snapshot bot=Bob {path_idle=true, food=20, air=300, mode=survival, task=idle, task_progress=1.0, goal=none, task_phase=, in_lava=false, step=, light=15, submerged=false, task_state=COMPLETED, held=empty, fall=0.0, pos=0,113,0, on_ground=true, hp=20.0/20.0, mining_idle=true, nearby=animals=0 hostiles=0, inv=empty}
[20:56:16] [Server thread/WARN]: [AIBot] PERCEPTION event=snapshot_slow bot=Bob {elapsed_ms=17}
[20:56:17] [Server thread/WARN]: [AIBot] PERCEPTION event=snapshot_slow bot=Bob {elapsed_ms=13}
[20:56:17] [Server thread/WARN]: [AIBot] PERCEPTION event=snapshot_slow bot=Bob {elapsed_ms=22}
[20:56:18] [Server thread/WARN]: [AIBot] PERCEPTION event=snapshot_slow bot=Bob {elapsed_ms=19}
[20:56:18] [Server thread/INFO]: [AIBot] ACTION event=diag_snapshot bot=Bob {path_idle=true, food=20, air=300, mode=survival, task=idle, task_progress=1.0, goal=none, task_phase=, in_lava=false, step=, light=15, submerged=false, task_state=COMPLETED, held=empty, fall=0.0, pos=0,113,0, on_ground=true, hp=20.0/20.0, mining_idle=true, nearby=animals=0 hostiles=0, inv=empty}
[20:56:18] [Server thread/WARN]: [AIBot] PERCEPTION event=snapshot_slow bot=Bob {elapsed_ms=14}
[20:56:19] [Server thread/INFO]: [AIBot] ACTION event=capability_decision bot=Bob {context=observable_block_query, capability=HIDDEN_BLOCK_SCAN, profile=strict_survival, allowed=false, reason=DENIED_STRICT_SURVIVAL}
[20:56:19] [Server thread/INFO]: [AIBot] ACTION event=capability_decision bot=Bob {context=perception_snapshot, capability=HIDDEN_BLOCK_SCAN, profile=strict_survival, allowed=false, reason=DENIED_STRICT_SURVIVAL}
[20:56:19] [Server thread/INFO]: [AIBot] ACTION event=capability_decision bot=Bob {context=observable_entity_query, capability=HIDDEN_BLOCK_SCAN, profile=strict_survival, allowed=false, reason=DENIED_STRICT_SURVIVAL}
[20:56:19] [Server thread/WARN]: [AIBot] PERCEPTION event=snapshot_slow bot=Bob {elapsed_ms=21}
[20:56:19] [Server thread/WARN]: [AIBot] PERCEPTION event=snapshot_slow bot=Bob {elapsed_ms=21}
[20:56:20] [Server thread/WARN]: [AIBot] PERCEPTION event=snapshot_slow bot=Bob {elapsed_ms=14}
[20:56:20] [Server thread/INFO]: [AIBot] ACTION event=diag_snapshot bot=Bob {path_idle=true, food=20, air=300, mode=survival, task=idle, task_progress=1.0, goal=none, task_phase=, in_lava=false, step=, light=15, submerged=false, task_state=COMPLETED, held=empty, fall=0.0, pos=0,113,0, on_ground=true, hp=20.0/20.0, mining_idle=true, nearby=animals=0 hostiles=0, inv=empty}
[20:56:20] [Server thread/WARN]: [AIBot] PERCEPTION event=snapshot_slow bot=Bob {elapsed_ms=19}
[20:56:21] [Server thread/WARN]: [AIBot] PERCEPTION event=snapshot_slow bot=Bob {elapsed_ms=21}
[20:56:21] [Server thread/WARN]: [AIBot] PERCEPTION event=snapshot_slow bot=Bob {elapsed_ms=19}
[20:56:22] [Server thread/WARN]: [AIBot] PERCEPTION event=snapshot_slow bot=Bob {elapsed_ms=20}
[20:56:22] [Server thread/INFO]: [AIBot] ACTION event=capability_decision bot=Bob {context=diagnostic_nearby, capability=HIDDEN_BLOCK_SCAN, profile=strict_survival, allowed=false, reason=DENIED_STRICT_SURVIVAL}
[20:56:22] [Server thread/INFO]: [AIBot] ACTION event=diag_snapshot bot=Bob {path_idle=true, food=20, air=300, mode=survival, task=idle, task_progress=1.0, goal=none, task_phase=, in_lava=false, step=, light=15, submerged=false, task_state=COMPLETED, held=empty, fall=0.0, pos=0,113,0, on_ground=true, hp=20.0/20.0, mining_idle=true, nearby=animals=0 hostiles=0, inv=empty}
[20:56:22] [Server thread/WARN]: [AIBot] PERCEPTION event=snapshot_slow bot=Bob {elapsed_ms=22}
[20:56:23] [Server thread/WARN]: [AIBot] PERCEPTION event=snapshot_slow bot=Bob {elapsed_ms=21}
[20:56:23] [Server thread/WARN]: [AIBot] PERCEPTION event=snapshot_slow bot=Bob {elapsed_ms=16}
[20:56:24] [Server thread/INFO]: [AIBot] ACTION event=capability_decision bot=Bob {context=observable_block_query, capability=HIDDEN_BLOCK_SCAN, profile=strict_survival, allowed=false, reason=DENIED_STRICT_SURVIVAL}
[20:56:24] [Server thread/INFO]: [AIBot] ACTION event=capability_decision bot=Bob {context=perception_snapshot, capability=HIDDEN_BLOCK_SCAN, profile=strict_survival, allowed=false, reason=DENIED_STRICT_SURVIVAL}
[20:56:24] [Server thread/INFO]: [AIBot] ACTION event=capability_decision bot=Bob {context=observable_entity_query, capability=HIDDEN_BLOCK_SCAN, profile=strict_survival, allowed=false, reason=DENIED_STRICT_SURVIVAL}
[20:56:24] [Server thread/WARN]: [AIBot] PERCEPTION event=snapshot_slow bot=Bob {elapsed_ms=18}
[20:56:24] [Server thread/INFO]: [AIBot] ACTION event=diag_snapshot bot=Bob {path_idle=true, food=20, air=300, mode=survival, task=idle, task_progress=1.0, goal=none, task_phase=, in_lava=false, step=, light=15, submerged=false, task_state=COMPLETED, held=empty, fall=0.0, pos=0,113,0, on_ground=true, hp=20.0/20.0, mining_idle=true, nearby=animals=1(villager@15) hostiles=0, inv=empty}
[20:56:24] [Server thread/WARN]: [AIBot] PERCEPTION event=snapshot_slow bot=Bob {elapsed_ms=20}
[20:56:25] [Server thread/WARN]: [AIBot] PERCEPTION event=snapshot_slow bot=Bob {elapsed_ms=23}
[20:56:25] [Server thread/WARN]: [AIBot] PERCEPTION event=snapshot_slow bot=Bob {elapsed_ms=18}
[20:56:26] [Server thread/WARN]: [AIBot] PERCEPTION event=snapshot_slow bot=Bob {elapsed_ms=22}
[20:56:26] [Server thread/INFO]: [AIBot] ACTION event=diag_snapshot bot=Bob {path_idle=true, food=20, air=300, mode=survival, task=idle, task_progress=1.0, goal=none, task_phase=, in_lava=false, step=, light=15, submerged=false, task_state=COMPLETED, held=empty, fall=0.0, pos=0,113,0, on_ground=true, hp=20.0/20.0, mining_idle=true, nearby=animals=0 hostiles=0, inv=empty}
[20:56:26] [Server thread/WARN]: [AIBot] PERCEPTION event=snapshot_slow bot=Bob {elapsed_ms=19}
[20:56:27] [Server thread/WARN]: [AIBot] PERCEPTION event=snapshot_slow bot=Bob {elapsed_ms=22}
[20:56:27] [Server thread/WARN]: [AIBot] PERCEPTION event=snapshot_slow bot=Bob {elapsed_ms=34}
[20:56:28] [Server thread/WARN]: [AIBot] PERCEPTION event=snapshot_slow bot=Bob {elapsed_ms=22}
[20:56:28] [Server thread/INFO]: [AIBot] ACTION event=capability_decision bot=Bob {context=diagnostic_nearby, capability=HIDDEN_BLOCK_SCAN, profile=strict_survival, allowed=false, reason=DENIED_STRICT_SURVIVAL}
[20:56:28] [Server thread/INFO]: [AIBot] ACTION event=diag_snapshot bot=Bob {path_idle=true, food=20, air=300, mode=survival, task=idle, task_progress=1.0, goal=none, task_phase=, in_lava=false, step=, light=15, submerged=false, task_state=COMPLETED, held=empty, fall=0.0, pos=0,113,0, on_ground=true, hp=20.0/20.0, mining_idle=true, nearby=animals=0 hostiles=0, inv=empty}
[20:56:28] [Server thread/WARN]: [AIBot] PERCEPTION event=snapshot_slow bot=Bob {elapsed_ms=18}
[20:56:29] [Server thread/INFO]: [AIBot] ACTION event=capability_decision bot=Bob {context=observable_block_query, capability=HIDDEN_BLOCK_SCAN, profile=strict_survival, allowed=false, reason=DENIED_STRICT_SURVIVAL}
[20:56:29] [Server thread/INFO]: [AIBot] ACTION event=capability_decision bot=Bob {context=perception_snapshot, capability=HIDDEN_BLOCK_SCAN, profile=strict_survival, allowed=false, reason=DENIED_STRICT_SURVIVAL}
[20:56:29] [Server thread/INFO]: [AIBot] ACTION event=capability_decision bot=Bob {context=observable_entity_query, capability=HIDDEN_BLOCK_SCAN, profile=strict_survival, allowed=false, reason=DENIED_STRICT_SURVIVAL}
[20:56:29] [Server thread/WARN]: [AIBot] PERCEPTION event=snapshot_slow bot=Bob {elapsed_ms=21}
[20:56:29] [Server thread/WARN]: [AIBot] PERCEPTION event=snapshot_slow bot=Bob {elapsed_ms=20}
[20:56:30] [Server thread/WARN]: [AIBot] PERCEPTION event=snapshot_slow bot=Bob {elapsed_ms=19}
[20:56:30] [Server thread/INFO]: [AIBot] ACTION event=diag_snapshot bot=Bob {path_idle=true, food=20, air=300, mode=survival, task=idle, task_progress=1.0, goal=none, task_phase=, in_lava=false, step=, light=15, submerged=false, task_state=COMPLETED, held=empty, fall=0.0, pos=0,113,0, on_ground=true, hp=20.0/20.0, mining_idle=true, nearby=animals=0 hostiles=0, inv=empty}
[20:56:30] [Server thread/WARN]: [AIBot] PERCEPTION event=snapshot_slow bot=Bob {elapsed_ms=18}
[20:56:31] [Server thread/WARN]: [AIBot] PERCEPTION event=snapshot_slow bot=Bob {elapsed_ms=16}
[20:56:31] [Server thread/WARN]: [AIBot] PERCEPTION event=snapshot_slow bot=Bob {elapsed_ms=17}
[20:56:32] [Server thread/WARN]: [AIBot] PERCEPTION event=snapshot_slow bot=Bob {elapsed_ms=20}
[20:56:32] [Server thread/INFO]: [AIBot] ACTION event=diag_snapshot bot=Bob {path_idle=true, food=20, air=300, mode=survival, task=idle, task_progress=1.0, goal=none, task_phase=, in_lava=false, step=, light=15, submerged=false, task_state=COMPLETED, held=empty, fall=0.0, pos=0,113,0, on_ground=true, hp=20.0/20.0, mining_idle=true, nearby=animals=0 hostiles=0, inv=empty}
[20:56:32] [Server thread/WARN]: [AIBot] PERCEPTION event=snapshot_slow bot=Bob {elapsed_ms=15}
[20:56:33] [Server thread/WARN]: [AIBot] PERCEPTION event=snapshot_slow bot=Bob {elapsed_ms=22}
[20:56:33] [Server thread/WARN]: [AIBot] PERCEPTION event=snapshot_slow bot=Bob {elapsed_ms=18}
[20:56:34] [Server thread/INFO]: [AIBot] ACTION event=capability_decision bot=Bob {context=observable_block_query, capability=HIDDEN_BLOCK_SCAN, profile=strict_survival, allowed=false, reason=DENIED_STRICT_SURVIVAL}
[20:56:34] [Server thread/INFO]: [AIBot] ACTION event=capability_decision bot=Bob {context=perception_snapshot, capability=HIDDEN_BLOCK_SCAN, profile=strict_survival, allowed=false, reason=DENIED_STRICT_SURVIVAL}
[20:56:34] [Server thread/INFO]: [AIBot] ACTION event=capability_decision bot=Bob {context=observable_entity_query, capability=HIDDEN_BLOCK_SCAN, profile=strict_survival, allowed=false, reason=DENIED_STRICT_SURVIVAL}
[20:56:34] [Server thread/WARN]: [AIBot] PERCEPTION event=snapshot_slow bot=Bob {elapsed_ms=19}
[20:56:34] [Server thread/INFO]: [AIBot] ACTION event=capability_decision bot=Bob {context=diagnostic_nearby, capability=HIDDEN_BLOCK_SCAN, profile=strict_survival, allowed=false, reason=DENIED_STRICT_SURVIVAL}
[20:56:34] [Server thread/INFO]: [AIBot] ACTION event=diag_snapshot bot=Bob {path_idle=true, food=20, air=300, mode=survival, task=idle, task_progress=1.0, goal=none, task_phase=, in_lava=false, step=, light=15, submerged=false, task_state=COMPLETED, held=empty, fall=0.0, pos=0,113,0, on_ground=true, hp=20.0/20.0, mining_idle=true, nearby=animals=0 hostiles=0, inv=empty}
[20:56:34] [Server thread/WARN]: [AIBot] PERCEPTION event=snapshot_slow bot=Bob {elapsed_ms=15}
[20:56:35] [Server thread/WARN]: [AIBot] PERCEPTION event=snapshot_slow bot=Bob {elapsed_ms=25}
[20:56:35] [Server thread/WARN]: [AIBot] PERCEPTION event=snapshot_slow bot=Bob {elapsed_ms=22}
[20:56:36] [Server thread/WARN]: [AIBot] PERCEPTION event=snapshot_slow bot=Bob {elapsed_ms=23}
[20:56:36] [Server thread/INFO]: [AIBot] ACTION event=diag_snapshot bot=Bob {path_idle=true, food=20, air=300, mode=survival, task=idle, task_progress=1.0, goal=none, task_phase=, in_lava=false, step=, light=15, submerged=false, task_state=COMPLETED, held=empty, fall=0.0, pos=0,113,0, on_ground=true, hp=20.0/20.0, mining_idle=true, nearby=animals=1(villager@13) hostiles=0, inv=empty}
[20:56:36] [Server thread/WARN]: [AIBot] PERCEPTION event=snapshot_slow bot=Bob {elapsed_ms=21}
[20:56:37] [Server thread/WARN]: [AIBot] PERCEPTION event=snapshot_slow bot=Bob {elapsed_ms=17}
[20:56:37] [Server thread/WARN]: [AIBot] PERCEPTION event=snapshot_slow bot=Bob {elapsed_ms=21}
[20:56:38] [Server thread/WARN]: [AIBot] PERCEPTION event=snapshot_slow bot=Bob {elapsed_ms=20}
[20:56:38] [Server thread/INFO]: [AIBot] ACTION event=diag_snapshot bot=Bob {path_idle=true, food=20, air=300, mode=survival, task=idle, task_progress=1.0, goal=none, task_phase=, in_lava=false, step=, light=15, submerged=false, task_state=COMPLETED, held=empty, fall=0.0, pos=0,113,0, on_ground=true, hp=20.0/20.0, mining_idle=true, nearby=animals=0 hostiles=0, inv=empty}
[20:56:38] [Server thread/WARN]: [AIBot] PERCEPTION event=snapshot_slow bot=Bob {elapsed_ms=21}
[20:56:39] [Server thread/INFO]: [AIBot] ACTION event=capability_decision bot=Bob {context=observable_block_query, capability=HIDDEN_BLOCK_SCAN, profile=strict_survival, allowed=false, reason=DENIED_STRICT_SURVIVAL}
[20:56:39] [Server thread/INFO]: [AIBot] ACTION event=capability_decision bot=Bob {context=perception_snapshot, capability=HIDDEN_BLOCK_SCAN, profile=strict_survival, allowed=false, reason=DENIED_STRICT_SURVIVAL}
[20:56:39] [Server thread/INFO]: [AIBot] ACTION event=capability_decision bot=Bob {context=observable_entity_query, capability=HIDDEN_BLOCK_SCAN, profile=strict_survival, allowed=false, reason=DENIED_STRICT_SURVIVAL}
[20:56:39] [Server thread/WARN]: [AIBot] PERCEPTION event=snapshot_slow bot=Bob {elapsed_ms=19}
[20:56:39] [Server thread/WARN]: [AIBot] PERCEPTION event=snapshot_slow bot=Bob {elapsed_ms=20}
[20:56:40] [Server thread/WARN]: [AIBot] PERCEPTION event=snapshot_slow bot=Bob {elapsed_ms=20}
[20:56:40] [Server thread/INFO]: [AIBot] ACTION event=capability_decision bot=Bob {context=diagnostic_nearby, capability=HIDDEN_BLOCK_SCAN, profile=strict_survival, allowed=false, reason=DENIED_STRICT_SURVIVAL}
[20:56:40] [Server thread/INFO]: [AIBot] ACTION event=diag_snapshot bot=Bob {path_idle=true, food=20, air=300, mode=survival, task=idle, task_progress=1.0, goal=none, task_phase=, in_lava=false, step=, light=15, submerged=false, task_state=COMPLETED, held=empty, fall=0.0, pos=0,113,0, on_ground=true, hp=20.0/20.0, mining_idle=true, nearby=animals=0 hostiles=0, inv=empty}
[20:56:40] [Server thread/WARN]: [AIBot] PERCEPTION event=snapshot_slow bot=Bob {elapsed_ms=21}
[20:56:41] [Server thread/WARN]: [AIBot] PERCEPTION event=snapshot_slow bot=Bob {elapsed_ms=21}
[20:56:41] [Server thread/WARN]: [AIBot] PERCEPTION event=snapshot_slow bot=Bob {elapsed_ms=22}
[20:56:42] [Server thread/WARN]: [AIBot] PERCEPTION event=snapshot_slow bot=Bob {elapsed_ms=22}
[20:56:42] [Server thread/INFO]: [AIBot] ACTION event=diag_snapshot bot=Bob {path_idle=true, food=20, air=300, mode=survival, task=idle, task_progress=1.0, goal=none, task_phase=, in_lava=false, step=, light=15, submerged=false, task_state=COMPLETED, held=empty, fall=0.0, pos=0,113,0, on_ground=true, hp=20.0/20.0, mining_idle=true, nearby=animals=0 hostiles=0, inv=empty}
[20:56:42] [Server thread/WARN]: [AIBot] PERCEPTION event=snapshot_slow bot=Bob {elapsed_ms=25}
[20:56:43] [Server thread/WARN]: [AIBot] PERCEPTION event=snapshot_slow bot=Bob {elapsed_ms=22}
[20:56:43] [Server thread/WARN]: [AIBot] PERCEPTION event=snapshot_slow bot=Bob {elapsed_ms=21}
[20:56:44] [Server thread/INFO]: [AIBot] ACTION event=capability_decision bot=Bob {context=observable_block_query, capability=HIDDEN_BLOCK_SCAN, profile=strict_survival, allowed=false, reason=DENIED_STRICT_SURVIVAL}
[20:56:44] [Server thread/INFO]: [AIBot] ACTION event=capability_decision bot=Bob {context=perception_snapshot, capability=HIDDEN_BLOCK_SCAN, profile=strict_survival, allowed=false, reason=DENIED_STRICT_SURVIVAL}
[20:56:44] [Server thread/INFO]: [AIBot] ACTION event=capability_decision bot=Bob {context=observable_entity_query, capability=HIDDEN_BLOCK_SCAN, profile=strict_survival, allowed=false, reason=DENIED_STRICT_SURVIVAL}
[20:56:44] [Server thread/WARN]: [AIBot] PERCEPTION event=snapshot_slow bot=Bob {elapsed_ms=21}
[20:56:44] [Server thread/INFO]: [AIBot] ACTION event=diag_snapshot bot=Bob {path_idle=true, food=20, air=300, mode=survival, task=idle, task_progress=1.0, goal=none, task_phase=, in_lava=false, step=, light=15, submerged=false, task_state=COMPLETED, held=empty, fall=0.0, pos=0,113,0, on_ground=true, hp=20.0/20.0, mining_idle=true, nearby=animals=0 hostiles=0, inv=empty}
[20:56:44] [Server thread/WARN]: [AIBot] PERCEPTION event=snapshot_slow bot=Bob {elapsed_ms=17}
[20:56:45] [Server thread/WARN]: [AIBot] PERCEPTION event=snapshot_slow bot=Bob {elapsed_ms=20}
[20:56:45] [Server thread/WARN]: [AIBot] PERCEPTION event=snapshot_slow bot=Bob {elapsed_ms=18}
[20:56:46] [Server thread/WARN]: [AIBot] PERCEPTION event=snapshot_slow bot=Bob {elapsed_ms=24}
[20:56:46] [Server thread/INFO]: [AIBot] ACTION event=capability_decision bot=Bob {context=diagnostic_nearby, capability=HIDDEN_BLOCK_SCAN, profile=strict_survival, allowed=false, reason=DENIED_STRICT_SURVIVAL}
[20:56:46] [Server thread/INFO]: [AIBot] ACTION event=diag_snapshot bot=Bob {path_idle=true, food=20, air=300, mode=survival, task=idle, task_progress=1.0, goal=none, task_phase=, in_lava=false, step=, light=15, submerged=false, task_state=COMPLETED, held=empty, fall=0.0, pos=0,113,0, on_ground=true, hp=20.0/20.0, mining_idle=true, nearby=animals=0 hostiles=0, inv=empty}
[20:56:46] [Server thread/WARN]: [AIBot] PERCEPTION event=snapshot_slow bot=Bob {elapsed_ms=17}
[20:56:47] [Server thread/WARN]: [AIBot] PERCEPTION event=snapshot_slow bot=Bob {elapsed_ms=19}
[20:56:47] [Server thread/WARN]: [AIBot] PERCEPTION event=snapshot_slow bot=Bob {elapsed_ms=21}
[20:56:48] [Server thread/WARN]: [AIBot] PERCEPTION event=snapshot_slow bot=Bob {elapsed_ms=20}
[20:56:48] [Server thread/INFO]: [AIBot] ACTION event=diag_snapshot bot=Bob {path_idle=true, food=20, air=300, mode=survival, task=idle, task_progress=1.0, goal=none, task_phase=, in_lava=false, step=, light=15, submerged=false, task_state=COMPLETED, held=empty, fall=0.0, pos=0,113,0, on_ground=true, hp=20.0/20.0, mining_idle=true, nearby=animals=0 hostiles=0, inv=empty}
[20:56:48] [Server thread/WARN]: [AIBot] PERCEPTION event=snapshot_slow bot=Bob {elapsed_ms=22}
[20:56:49] [Server thread/INFO]: [AIBot] ACTION event=capability_decision bot=Bob {context=observable_block_query, capability=HIDDEN_BLOCK_SCAN, profile=strict_survival, allowed=false, reason=DENIED_STRICT_SURVIVAL}
[20:56:49] [Server thread/INFO]: [AIBot] ACTION event=capability_decision bot=Bob {context=perception_snapshot, capability=HIDDEN_BLOCK_SCAN, profile=strict_survival, allowed=false, reason=DENIED_STRICT_SURVIVAL}
[20:56:49] [Server thread/INFO]: [AIBot] ACTION event=capability_decision bot=Bob {context=observable_entity_query, capability=HIDDEN_BLOCK_SCAN, profile=strict_survival, allowed=false, reason=DENIED_STRICT_SURVIVAL}
[20:56:49] [Server thread/WARN]: [AIBot] PERCEPTION event=snapshot_slow bot=Bob {elapsed_ms=18}
[20:56:49] [Server thread/WARN]: [AIBot] PERCEPTION event=snapshot_slow bot=Bob {elapsed_ms=20}
[20:56:50] [Server thread/WARN]: [AIBot] PERCEPTION event=snapshot_slow bot=Bob {elapsed_ms=19}
[20:56:50] [Server thread/INFO]: [AIBot] ACTION event=diag_snapshot bot=Bob {path_idle=true, food=20, air=300, mode=survival, task=idle, task_progress=1.0, goal=none, task_phase=, in_lava=false, step=, light=15, submerged=false, task_state=COMPLETED, held=empty, fall=0.0, pos=0,113,0, on_ground=true, hp=20.0/20.0, mining_idle=true, nearby=animals=0 hostiles=0, inv=empty}
[20:56:50] [Server thread/WARN]: [AIBot] PERCEPTION event=snapshot_slow bot=Bob {elapsed_ms=20}
[20:56:51] [Server thread/WARN]: [AIBot] PERCEPTION event=snapshot_slow bot=Bob {elapsed_ms=18}
[20:56:51] [Server thread/WARN]: [AIBot] PERCEPTION event=snapshot_slow bot=Bob {elapsed_ms=16}
[20:56:52] [Server thread/WARN]: [AIBot] PERCEPTION event=snapshot_slow bot=Bob {elapsed_ms=17}
[20:56:52] [Server thread/INFO]: [AIBot] ACTION event=capability_decision bot=Bob {context=diagnostic_nearby, capability=HIDDEN_BLOCK_SCAN, profile=strict_survival, allowed=false, reason=DENIED_STRICT_SURVIVAL}
[20:56:52] [Server thread/INFO]: [AIBot] ACTION event=diag_snapshot bot=Bob {path_idle=true, food=20, air=300, mode=survival, task=idle, task_progress=1.0, goal=none, task_phase=, in_lava=false, step=, light=15, submerged=false, task_state=COMPLETED, held=empty, fall=0.0, pos=0,113,0, on_ground=true, hp=20.0/20.0, mining_idle=true, nearby=animals=0 hostiles=0, inv=empty}
[20:56:52] [Server thread/WARN]: [AIBot] PERCEPTION event=snapshot_slow bot=Bob {elapsed_ms=14}
[20:56:53] [Server thread/WARN]: [AIBot] PERCEPTION event=snapshot_slow bot=Bob {elapsed_ms=18}
[20:56:53] [Server thread/WARN]: [AIBot] PERCEPTION event=snapshot_slow bot=Bob {elapsed_ms=18}
[20:56:54] [Server thread/INFO]: [AIBot] ACTION event=capability_decision bot=Bob {context=observable_block_query, capability=HIDDEN_BLOCK_SCAN, profile=strict_survival, allowed=false, reason=DENIED_STRICT_SURVIVAL}
[20:56:54] [Server thread/INFO]: [AIBot] ACTION event=capability_decision bot=Bob {context=perception_snapshot, capability=HIDDEN_BLOCK_SCAN, profile=strict_survival, allowed=false, reason=DENIED_STRICT_SURVIVAL}
[20:56:54] [Server thread/INFO]: [AIBot] ACTION event=capability_decision bot=Bob {context=observable_entity_query, capability=HIDDEN_BLOCK_SCAN, profile=strict_survival, allowed=false, reason=DENIED_STRICT_SURVIVAL}
[20:56:54] [Server thread/WARN]: [AIBot] PERCEPTION event=snapshot_slow bot=Bob {elapsed_ms=16}
[20:56:54] [Server thread/INFO]: [AIBot] ACTION event=diag_snapshot bot=Bob {path_idle=true, food=20, air=300, mode=survival, task=idle, task_progress=1.0, goal=none, task_phase=, in_lava=false, step=, light=15, submerged=false, task_state=COMPLETED, held=empty, fall=0.0, pos=0,113,0, on_ground=true, hp=20.0/20.0, mining_idle=true, nearby=animals=0 hostiles=0, inv=empty}
[20:56:54] [Server thread/WARN]: [AIBot] PERCEPTION event=snapshot_slow bot=Bob {elapsed_ms=17}
[20:56:55] [Server thread/WARN]: [AIBot] PERCEPTION event=snapshot_slow bot=Bob {elapsed_ms=19}
[20:56:55] [Server thread/WARN]: [AIBot] PERCEPTION event=snapshot_slow bot=Bob {elapsed_ms=22}
[20:56:56] [Server thread/WARN]: [AIBot] PERCEPTION event=snapshot_slow bot=Bob {elapsed_ms=17}
[20:56:56] [Server thread/INFO]: [AIBot] LIFECYCLE event=mixin_alive bot=- {server_tick=2400}
[20:56:56] [Server thread/INFO]: [AIBot] ACTION event=diag_snapshot bot=Bob {path_idle=true, food=20, air=300, mode=survival, task=idle, task_progress=1.0, goal=none, task_phase=, in_lava=false, step=, light=15, submerged=false, task_state=COMPLETED, held=empty, fall=0.0, pos=0,113,0, on_ground=true, hp=20.0/20.0, mining_idle=true, nearby=animals=0 hostiles=0, inv=empty}
[20:56:56] [Server thread/WARN]: [AIBot] PERCEPTION event=snapshot_slow bot=Bob {elapsed_ms=14}
[20:56:57] [Server thread/WARN]: [AIBot] PERCEPTION event=snapshot_slow bot=Bob {elapsed_ms=15}
[20:56:57] [Server thread/WARN]: [AIBot] PERCEPTION event=snapshot_slow bot=Bob {elapsed_ms=18}
[20:56:58] [Server thread/WARN]: [AIBot] PERCEPTION event=snapshot_slow bot=Bob {elapsed_ms=16}
[20:56:58] [Server thread/INFO]: [AIBot] ACTION event=capability_decision bot=Bob {context=diagnostic_nearby, capability=HIDDEN_BLOCK_SCAN, profile=strict_survival, allowed=false, reason=DENIED_STRICT_SURVIVAL}
[20:56:58] [Server thread/INFO]: [AIBot] ACTION event=diag_snapshot bot=Bob {path_idle=true, food=20, air=300, mode=survival, task=idle, task_progress=1.0, goal=none, task_phase=, in_lava=false, step=, light=15, submerged=false, task_state=COMPLETED, held=empty, fall=0.0, pos=0,113,0, on_ground=true, hp=20.0/20.0, mining_idle=true, nearby=animals=0 hostiles=0, inv=empty}
[20:56:58] [Server thread/WARN]: [AIBot] PERCEPTION event=snapshot_slow bot=Bob {elapsed_ms=18}
[20:56:59] [Server thread/INFO]: [AIBot] ACTION event=capability_decision bot=Bob {context=observable_block_query, capability=HIDDEN_BLOCK_SCAN, profile=strict_survival, allowed=false, reason=DENIED_STRICT_SURVIVAL}
[20:56:59] [Server thread/INFO]: [AIBot] ACTION event=capability_decision bot=Bob {context=perception_snapshot, capability=HIDDEN_BLOCK_SCAN, profile=strict_survival, allowed=false, reason=DENIED_STRICT_SURVIVAL}
[20:56:59] [Server thread/INFO]: [AIBot] ACTION event=capability_decision bot=Bob {context=observable_entity_query, capability=HIDDEN_BLOCK_SCAN, profile=strict_survival, allowed=false, reason=DENIED_STRICT_SURVIVAL}
[20:56:59] [Server thread/WARN]: [AIBot] PERCEPTION event=snapshot_slow bot=Bob {elapsed_ms=18}
[20:56:59] [Server thread/WARN]: [AIBot] PERCEPTION event=snapshot_slow bot=Bob {elapsed_ms=17}
[20:57:00] [Server thread/WARN]: [AIBot] PERCEPTION event=snapshot_slow bot=Bob {elapsed_ms=17}
[20:57:00] [Server thread/INFO]: [AIBot] ACTION event=diag_snapshot bot=Bob {path_idle=true, food=20, air=300, mode=survival, task=idle, task_progress=1.0, goal=none, task_phase=, in_lava=false, step=, light=15, submerged=false, task_state=COMPLETED, held=empty, fall=0.0, pos=0,113,0, on_ground=true, hp=20.0/20.0, mining_idle=true, nearby=animals=0 hostiles=0, inv=empty}
[20:57:00] [Server thread/WARN]: [AIBot] PERCEPTION event=snapshot_slow bot=Bob {elapsed_ms=17}
[20:57:01] [Server thread/WARN]: [AIBot] PERCEPTION event=snapshot_slow bot=Bob {elapsed_ms=19}
[20:57:01] [Server thread/WARN]: [AIBot] PERCEPTION event=snapshot_slow bot=Bob {elapsed_ms=19}
[20:57:02] [Server thread/WARN]: [AIBot] PERCEPTION event=snapshot_slow bot=Bob {elapsed_ms=18}
[20:57:02] [Server thread/INFO]: [AIBot] ACTION event=diag_snapshot bot=Bob {path_idle=true, food=20, air=300, mode=survival, task=idle, task_progress=1.0, goal=none, task_phase=, in_lava=false, step=, light=15, submerged=false, task_state=COMPLETED, held=empty, fall=0.0, pos=0,113,0, on_ground=true, hp=20.0/20.0, mining_idle=true, nearby=animals=0 hostiles=0, inv=empty}
[20:57:02] [Server thread/WARN]: [AIBot] PERCEPTION event=snapshot_slow bot=Bob {elapsed_ms=16}
[20:57:03] [Server thread/WARN]: [AIBot] PERCEPTION event=snapshot_slow bot=Bob {elapsed_ms=17}
[20:57:03] [Server thread/WARN]: [AIBot] PERCEPTION event=snapshot_slow bot=Bob {elapsed_ms=18}
[20:57:04] [Server thread/INFO]: [AIBot] ACTION event=capability_decision bot=Bob {context=observable_block_query, capability=HIDDEN_BLOCK_SCAN, profile=strict_survival, allowed=false, reason=DENIED_STRICT_SURVIVAL}
[20:57:04] [Server thread/INFO]: [AIBot] ACTION event=capability_decision bot=Bob {context=perception_snapshot, capability=HIDDEN_BLOCK_SCAN, profile=strict_survival, allowed=false, reason=DENIED_STRICT_SURVIVAL}
[20:57:04] [Server thread/INFO]: [AIBot] ACTION event=capability_decision bot=Bob {context=observable_entity_query, capability=HIDDEN_BLOCK_SCAN, profile=strict_survival, allowed=false, reason=DENIED_STRICT_SURVIVAL}
[20:57:04] [Server thread/WARN]: [AIBot] PERCEPTION event=snapshot_slow bot=Bob {elapsed_ms=18}
[20:57:04] [Server thread/INFO]: [AIBot] ACTION event=capability_decision bot=Bob {context=diagnostic_nearby, capability=HIDDEN_BLOCK_SCAN, profile=strict_survival, allowed=false, reason=DENIED_STRICT_SURVIVAL}
[20:57:04] [Server thread/INFO]: [AIBot] ACTION event=diag_snapshot bot=Bob {path_idle=true, food=20, air=300, mode=survival, task=idle, task_progress=1.0, goal=none, task_phase=, in_lava=false, step=, light=15, submerged=false, task_state=COMPLETED, held=empty, fall=0.0, pos=0,113,0, on_ground=true, hp=20.0/20.0, mining_idle=true, nearby=animals=0 hostiles=0, inv=empty}
[20:57:04] [Server thread/WARN]: [AIBot] PERCEPTION event=snapshot_slow bot=Bob {elapsed_ms=16}
[20:57:05] [Server thread/WARN]: [AIBot] PERCEPTION event=snapshot_slow bot=Bob {elapsed_ms=16}
[20:57:05] [Server thread/WARN]: [AIBot] PERCEPTION event=snapshot_slow bot=Bob {elapsed_ms=16}
[20:57:06] [Server thread/WARN]: [AIBot] PERCEPTION event=snapshot_slow bot=Bob {elapsed_ms=17}
[20:57:06] [Server thread/INFO]: [AIBot] ACTION event=diag_snapshot bot=Bob {path_idle=true, food=20, air=300, mode=survival, task=idle, task_progress=1.0, goal=none, task_phase=, in_lava=false, step=, light=15, submerged=false, task_state=COMPLETED, held=empty, fall=0.0, pos=0,113,0, on_ground=true, hp=20.0/20.0, mining_idle=true, nearby=animals=0 hostiles=0, inv=empty}
[20:57:06] [Server thread/WARN]: [AIBot] PERCEPTION event=snapshot_slow bot=Bob {elapsed_ms=15}
[20:57:07] [Server thread/WARN]: [AIBot] PERCEPTION event=snapshot_slow bot=Bob {elapsed_ms=20}
[20:57:07] [Server thread/WARN]: [AIBot] PERCEPTION event=snapshot_slow bot=Bob {elapsed_ms=22}
[20:57:08] [Server thread/WARN]: [AIBot] PERCEPTION event=snapshot_slow bot=Bob {elapsed_ms=19}
[20:57:08] [Server thread/INFO]: [AIBot] ACTION event=diag_snapshot bot=Bob {path_idle=true, food=20, air=300, mode=survival, task=idle, task_progress=1.0, goal=none, task_phase=, in_lava=false, step=, light=15, submerged=false, task_state=COMPLETED, held=empty, fall=0.0, pos=0,113,0, on_ground=true, hp=20.0/20.0, mining_idle=true, nearby=animals=0 hostiles=0, inv=empty}
[20:57:08] [Server thread/WARN]: [AIBot] PERCEPTION event=snapshot_slow bot=Bob {elapsed_ms=37}
[20:57:09] [Server thread/INFO]: [AIBot] ACTION event=capability_decision bot=Bob {context=observable_block_query, capability=HIDDEN_BLOCK_SCAN, profile=strict_survival, allowed=false, reason=DENIED_STRICT_SURVIVAL}
[20:57:09] [Server thread/INFO]: [AIBot] ACTION event=capability_decision bot=Bob {context=perception_snapshot, capability=HIDDEN_BLOCK_SCAN, profile=strict_survival, allowed=false, reason=DENIED_STRICT_SURVIVAL}
[20:57:09] [Server thread/INFO]: [AIBot] ACTION event=capability_decision bot=Bob {context=observable_entity_query, capability=HIDDEN_BLOCK_SCAN, profile=strict_survival, allowed=false, reason=DENIED_STRICT_SURVIVAL}
[20:57:09] [Server thread/WARN]: [AIBot] PERCEPTION event=snapshot_slow bot=Bob {elapsed_ms=24}
[20:57:09] [Server thread/WARN]: [AIBot] PERCEPTION event=snapshot_slow bot=Bob {elapsed_ms=24}
[20:57:10] [Server thread/WARN]: [AIBot] PERCEPTION event=snapshot_slow bot=Bob {elapsed_ms=25}
[20:57:10] [Server thread/INFO]: [AIBot] ACTION event=capability_decision bot=Bob {context=diagnostic_nearby, capability=HIDDEN_BLOCK_SCAN, profile=strict_survival, allowed=false, reason=DENIED_STRICT_SURVIVAL}
[20:57:10] [Server thread/INFO]: [AIBot] ACTION event=diag_snapshot bot=Bob {path_idle=true, food=20, air=300, mode=survival, task=idle, task_progress=1.0, goal=none, task_phase=, in_lava=false, step=, light=15, submerged=false, task_state=COMPLETED, held=empty, fall=0.0, pos=0,113,0, on_ground=true, hp=20.0/20.0, mining_idle=true, nearby=animals=1(villager@15) hostiles=0, inv=empty}
[20:57:10] [Server thread/WARN]: [AIBot] PERCEPTION event=snapshot_slow bot=Bob {elapsed_ms=18}
[20:57:11] [Server thread/WARN]: [AIBot] PERCEPTION event=snapshot_slow bot=Bob {elapsed_ms=19}
[20:57:11] [Server thread/WARN]: [AIBot] PERCEPTION event=snapshot_slow bot=Bob {elapsed_ms=18}
[20:57:12] [Server thread/WARN]: [AIBot] PERCEPTION event=snapshot_slow bot=Bob {elapsed_ms=24}
[20:57:12] [Server thread/INFO]: [AIBot] ACTION event=diag_snapshot bot=Bob {path_idle=true, food=20, air=300, mode=survival, task=idle, task_progress=1.0, goal=none, task_phase=, in_lava=false, step=, light=15, submerged=false, task_state=COMPLETED, held=empty, fall=0.0, pos=0,113,0, on_ground=true, hp=20.0/20.0, mining_idle=true, nearby=animals=0 hostiles=0, inv=empty}
[20:57:12] [Server thread/WARN]: [AIBot] PERCEPTION event=snapshot_slow bot=Bob {elapsed_ms=19}
[20:57:13] [Server thread/WARN]: [AIBot] PERCEPTION event=snapshot_slow bot=Bob {elapsed_ms=15}
[20:57:13] [Server thread/WARN]: [AIBot] PERCEPTION event=snapshot_slow bot=Bob {elapsed_ms=21}
[20:57:14] [Server thread/INFO]: [AIBot] ACTION event=capability_decision bot=Bob {context=observable_block_query, capability=HIDDEN_BLOCK_SCAN, profile=strict_survival, allowed=false, reason=DENIED_STRICT_SURVIVAL}
[20:57:14] [Server thread/INFO]: [AIBot] ACTION event=capability_decision bot=Bob {context=perception_snapshot, capability=HIDDEN_BLOCK_SCAN, profile=strict_survival, allowed=false, reason=DENIED_STRICT_SURVIVAL}
[20:57:14] [Server thread/INFO]: [AIBot] ACTION event=capability_decision bot=Bob {context=observable_entity_query, capability=HIDDEN_BLOCK_SCAN, profile=strict_survival, allowed=false, reason=DENIED_STRICT_SURVIVAL}
[20:57:14] [Server thread/WARN]: [AIBot] PERCEPTION event=snapshot_slow bot=Bob {elapsed_ms=21}
[20:57:14] [Server thread/INFO]: [AIBot] ACTION event=diag_snapshot bot=Bob {path_idle=true, food=20, air=300, mode=survival, task=idle, task_progress=1.0, goal=none, task_phase=, in_lava=false, step=, light=15, submerged=false, task_state=COMPLETED, held=empty, fall=0.0, pos=0,113,0, on_ground=true, hp=20.0/20.0, mining_idle=true, nearby=animals=0 hostiles=0, inv=empty}
[20:57:14] [Server thread/WARN]: [AIBot] PERCEPTION event=snapshot_slow bot=Bob {elapsed_ms=22}
[20:57:15] [Server thread/WARN]: [AIBot] PERCEPTION event=snapshot_slow bot=Bob {elapsed_ms=24}
[20:57:15] [Server thread/WARN]: [AIBot] PERCEPTION event=snapshot_slow bot=Bob {elapsed_ms=17}
[20:57:16] [Server thread/WARN]: [AIBot] PERCEPTION event=snapshot_slow bot=Bob {elapsed_ms=17}
[20:57:16] [Server thread/INFO]: [AIBot] ACTION event=capability_decision bot=Bob {context=diagnostic_nearby, capability=HIDDEN_BLOCK_SCAN, profile=strict_survival, allowed=false, reason=DENIED_STRICT_SURVIVAL}
[20:57:16] [Server thread/INFO]: [AIBot] ACTION event=diag_snapshot bot=Bob {path_idle=true, food=20, air=300, mode=survival, task=idle, task_progress=1.0, goal=none, task_phase=, in_lava=false, step=, light=15, submerged=false, task_state=COMPLETED, held=empty, fall=0.0, pos=0,113,0, on_ground=true, hp=20.0/20.0, mining_idle=true, nearby=animals=0 hostiles=0, inv=empty}
[20:57:16] [Server thread/WARN]: [AIBot] PERCEPTION event=snapshot_slow bot=Bob {elapsed_ms=19}
[20:57:17] [Server thread/WARN]: [AIBot] PERCEPTION event=snapshot_slow bot=Bob {elapsed_ms=19}
[20:57:17] [Server thread/WARN]: [AIBot] PERCEPTION event=snapshot_slow bot=Bob {elapsed_ms=22}
[20:57:18] [Server thread/WARN]: [AIBot] PERCEPTION event=snapshot_slow bot=Bob {elapsed_ms=21}
[20:57:18] [Server thread/INFO]: [AIBot] ACTION event=diag_snapshot bot=Bob {path_idle=true, food=20, air=300, mode=survival, task=idle, task_progress=1.0, goal=none, task_phase=, in_lava=false, step=, light=15, submerged=false, task_state=COMPLETED, held=empty, fall=0.0, pos=0,113,0, on_ground=true, hp=20.0/20.0, mining_idle=true, nearby=animals=0 hostiles=0, inv=empty}
[20:57:18] [Server thread/WARN]: [AIBot] PERCEPTION event=snapshot_slow bot=Bob {elapsed_ms=18}
[20:57:19] [Server thread/INFO]: [AIBot] ACTION event=capability_decision bot=Bob {context=observable_block_query, capability=HIDDEN_BLOCK_SCAN, profile=strict_survival, allowed=false, reason=DENIED_STRICT_SURVIVAL}
[20:57:19] [Server thread/INFO]: [AIBot] ACTION event=capability_decision bot=Bob {context=perception_snapshot, capability=HIDDEN_BLOCK_SCAN, profile=strict_survival, allowed=false, reason=DENIED_STRICT_SURVIVAL}
[20:57:19] [Server thread/INFO]: [AIBot] ACTION event=capability_decision bot=Bob {context=observable_entity_query, capability=HIDDEN_BLOCK_SCAN, profile=strict_survival, allowed=false, reason=DENIED_STRICT_SURVIVAL}
[20:57:19] [Server thread/WARN]: [AIBot] PERCEPTION event=snapshot_slow bot=Bob {elapsed_ms=20}
[20:57:19] [Server thread/WARN]: [AIBot] PERCEPTION event=snapshot_slow bot=Bob {elapsed_ms=13}
[20:57:20] [Server thread/WARN]: [AIBot] PERCEPTION event=snapshot_slow bot=Bob {elapsed_ms=14}
[20:57:20] [Server thread/INFO]: [AIBot] ACTION event=diag_snapshot bot=Bob {path_idle=true, food=20, air=300, mode=survival, task=idle, task_progress=1.0, goal=none, task_phase=, in_lava=false, step=, light=15, submerged=false, task_state=COMPLETED, held=empty, fall=0.0, pos=0,113,0, on_ground=true, hp=20.0/20.0, mining_idle=true, nearby=animals=0 hostiles=0, inv=empty}
[20:57:21] [Server thread/WARN]: [AIBot] PERCEPTION event=snapshot_slow bot=Bob {elapsed_ms=12}
[20:57:21] [Server thread/WARN]: [AIBot] PERCEPTION event=snapshot_slow bot=Bob {elapsed_ms=13}
[20:57:22] [Server thread/WARN]: [AIBot] PERCEPTION event=snapshot_slow bot=Bob {elapsed_ms=11}
[20:57:22] [Server thread/INFO]: [AIBot] ACTION event=capability_decision bot=Bob {context=diagnostic_nearby, capability=HIDDEN_BLOCK_SCAN, profile=strict_survival, allowed=false, reason=DENIED_STRICT_SURVIVAL}
[20:57:22] [Server thread/INFO]: [AIBot] ACTION event=diag_snapshot bot=Bob {path_idle=true, food=20, air=300, mode=survival, task=idle, task_progress=1.0, goal=none, task_phase=, in_lava=false, step=, light=15, submerged=false, task_state=COMPLETED, held=empty, fall=0.0, pos=0,113,0, on_ground=true, hp=20.0/20.0, mining_idle=true, nearby=animals=1(villager@10) hostiles=0, inv=empty}
[20:57:22] [Server thread/WARN]: [AIBot] PERCEPTION event=snapshot_slow bot=Bob {elapsed_ms=13}
[20:57:23] [Server thread/WARN]: [AIBot] PERCEPTION event=snapshot_slow bot=Bob {elapsed_ms=13}
[20:57:24] [Server thread/INFO]: [AIBot] ACTION event=capability_decision bot=Bob {context=observable_block_query, capability=HIDDEN_BLOCK_SCAN, profile=strict_survival, allowed=false, reason=DENIED_STRICT_SURVIVAL}
[20:57:24] [Server thread/INFO]: [AIBot] ACTION event=capability_decision bot=Bob {context=perception_snapshot, capability=HIDDEN_BLOCK_SCAN, profile=strict_survival, allowed=false, reason=DENIED_STRICT_SURVIVAL}
[20:57:24] [Server thread/INFO]: [AIBot] ACTION event=capability_decision bot=Bob {context=observable_entity_query, capability=HIDDEN_BLOCK_SCAN, profile=strict_survival, allowed=false, reason=DENIED_STRICT_SURVIVAL}
[20:57:24] [Server thread/INFO]: [AIBot] ACTION event=diag_snapshot bot=Bob {path_idle=true, food=20, air=300, mode=survival, task=idle, task_progress=1.0, goal=none, task_phase=, in_lava=false, step=, light=15, submerged=false, task_state=COMPLETED, held=empty, fall=0.0, pos=0,113,0, on_ground=true, hp=20.0/20.0, mining_idle=true, nearby=animals=1(villager@9) hostiles=0, inv=empty}
[20:57:25] [Server thread/WARN]: [AIBot] PERCEPTION event=snapshot_slow bot=Bob {elapsed_ms=14}
[20:57:25] [Server thread/WARN]: [AIBot] PERCEPTION event=snapshot_slow bot=Bob {elapsed_ms=11}
[20:57:26] [Server thread/WARN]: [AIBot] PERCEPTION event=snapshot_slow bot=Bob {elapsed_ms=11}
[20:57:26] [Server thread/INFO]: [AIBot] ACTION event=diag_snapshot bot=Bob {path_idle=true, food=20, air=300, mode=survival, task=idle, task_progress=1.0, goal=none, task_phase=, in_lava=false, step=, light=15, submerged=false, task_state=COMPLETED, held=empty, fall=0.0, pos=0,113,0, on_ground=true, hp=20.0/20.0, mining_idle=true, nearby=animals=1(villager@9) hostiles=0, inv=empty}
[20:57:26] [Server thread/WARN]: [AIBot] PERCEPTION event=snapshot_slow bot=Bob {elapsed_ms=11}
[20:57:27] [Server thread/WARN]: [AIBot] PERCEPTION event=snapshot_slow bot=Bob {elapsed_ms=11}
[20:57:27] [Server thread/WARN]: [AIBot] PERCEPTION event=snapshot_slow bot=Bob {elapsed_ms=17}
[20:57:28] [Server thread/WARN]: [AIBot] PERCEPTION event=snapshot_slow bot=Bob {elapsed_ms=21}
[20:57:28] [Server thread/INFO]: [AIBot] ACTION event=capability_decision bot=Bob {context=diagnostic_nearby, capability=HIDDEN_BLOCK_SCAN, profile=strict_survival, allowed=false, reason=DENIED_STRICT_SURVIVAL}
[20:57:28] [Server thread/INFO]: [AIBot] ACTION event=diag_snapshot bot=Bob {path_idle=true, food=20, air=300, mode=survival, task=idle, task_progress=1.0, goal=none, task_phase=, in_lava=false, step=, light=15, submerged=false, task_state=COMPLETED, held=empty, fall=0.0, pos=0,113,0, on_ground=true, hp=20.0/20.0, mining_idle=true, nearby=animals=1(villager@10) hostiles=0, inv=empty}
[20:57:28] [Server thread/WARN]: [AIBot] PERCEPTION event=snapshot_slow bot=Bob {elapsed_ms=20}
[20:57:29] [Server thread/INFO]: [AIBot] ACTION event=capability_decision bot=Bob {context=observable_block_query, capability=HIDDEN_BLOCK_SCAN, profile=strict_survival, allowed=false, reason=DENIED_STRICT_SURVIVAL}
[20:57:29] [Server thread/INFO]: [AIBot] ACTION event=capability_decision bot=Bob {context=perception_snapshot, capability=HIDDEN_BLOCK_SCAN, profile=strict_survival, allowed=false, reason=DENIED_STRICT_SURVIVAL}
[20:57:29] [Server thread/INFO]: [AIBot] ACTION event=capability_decision bot=Bob {context=observable_entity_query, capability=HIDDEN_BLOCK_SCAN, profile=strict_survival, allowed=false, reason=DENIED_STRICT_SURVIVAL}
[20:57:29] [Server thread/WARN]: [AIBot] PERCEPTION event=snapshot_slow bot=Bob {elapsed_ms=20}
[20:57:29] [Server thread/WARN]: [AIBot] PERCEPTION event=snapshot_slow bot=Bob {elapsed_ms=18}
[20:57:30] [Server thread/WARN]: [AIBot] PERCEPTION event=snapshot_slow bot=Bob {elapsed_ms=20}
[20:57:30] [Server thread/INFO]: [AIBot] ACTION event=diag_snapshot bot=Bob {path_idle=true, food=20, air=300, mode=survival, task=idle, task_progress=1.0, goal=none, task_phase=, in_lava=false, step=, light=15, submerged=false, task_state=COMPLETED, held=empty, fall=0.0, pos=0,113,0, on_ground=true, hp=20.0/20.0, mining_idle=true, nearby=animals=2(villager@15) hostiles=0, inv=empty}
[20:57:30] [Server thread/WARN]: [AIBot] PERCEPTION event=snapshot_slow bot=Bob {elapsed_ms=20}
[20:57:31] [Server thread/WARN]: [AIBot] PERCEPTION event=snapshot_slow bot=Bob {elapsed_ms=19}
[20:57:31] [Server thread/WARN]: [AIBot] PERCEPTION event=snapshot_slow bot=Bob {elapsed_ms=18}
[20:57:32] [Server thread/WARN]: [AIBot] PERCEPTION event=snapshot_slow bot=Bob {elapsed_ms=21}
[20:57:32] [Server thread/INFO]: [AIBot] ACTION event=diag_snapshot bot=Bob {path_idle=true, food=20, air=300, mode=survival, task=idle, task_progress=1.0, goal=none, task_phase=, in_lava=false, step=, light=15, submerged=false, task_state=COMPLETED, held=empty, fall=0.0, pos=0,113,0, on_ground=true, hp=20.0/20.0, mining_idle=true, nearby=animals=0 hostiles=0, inv=empty}
[20:57:32] [Server thread/WARN]: [AIBot] PERCEPTION event=snapshot_slow bot=Bob {elapsed_ms=21}
[20:57:33] [Server thread/WARN]: [AIBot] PERCEPTION event=snapshot_slow bot=Bob {elapsed_ms=21}
[20:57:33] [Server thread/WARN]: [AIBot] PERCEPTION event=snapshot_slow bot=Bob {elapsed_ms=20}
[20:57:34] [Server thread/INFO]: [AIBot] ACTION event=capability_decision bot=Bob {context=observable_block_query, capability=HIDDEN_BLOCK_SCAN, profile=strict_survival, allowed=false, reason=DENIED_STRICT_SURVIVAL}
[20:57:34] [Server thread/INFO]: [AIBot] ACTION event=capability_decision bot=Bob {context=perception_snapshot, capability=HIDDEN_BLOCK_SCAN, profile=strict_survival, allowed=false, reason=DENIED_STRICT_SURVIVAL}
[20:57:34] [Server thread/INFO]: [AIBot] ACTION event=capability_decision bot=Bob {context=observable_entity_query, capability=HIDDEN_BLOCK_SCAN, profile=strict_survival, allowed=false, reason=DENIED_STRICT_SURVIVAL}
[20:57:34] [Server thread/WARN]: [AIBot] PERCEPTION event=snapshot_slow bot=Bob {elapsed_ms=21}
[20:57:34] [Server thread/INFO]: [AIBot] ACTION event=capability_decision bot=Bob {context=diagnostic_nearby, capability=HIDDEN_BLOCK_SCAN, profile=strict_survival, allowed=false, reason=DENIED_STRICT_SURVIVAL}
[20:57:34] [Server thread/INFO]: [AIBot] ACTION event=diag_snapshot bot=Bob {path_idle=true, food=20, air=300, mode=survival, task=idle, task_progress=1.0, goal=none, task_phase=, in_lava=false, step=, light=15, submerged=false, task_state=COMPLETED, held=empty, fall=0.0, pos=0,113,0, on_ground=true, hp=20.0/20.0, mining_idle=true, nearby=animals=0 hostiles=0, inv=empty}
[20:57:34] [Server thread/WARN]: [AIBot] PERCEPTION event=snapshot_slow bot=Bob {elapsed_ms=21}
[20:57:35] [Server thread/WARN]: [AIBot] PERCEPTION event=snapshot_slow bot=Bob {elapsed_ms=20}
[20:57:35] [Server thread/WARN]: [AIBot] PERCEPTION event=snapshot_slow bot=Bob {elapsed_ms=24}
[20:57:36] [Server thread/WARN]: [AIBot] PERCEPTION event=snapshot_slow bot=Bob {elapsed_ms=21}
[20:57:36] [Server thread/INFO]: [AIBot] ACTION event=diag_snapshot bot=Bob {path_idle=true, food=20, air=300, mode=survival, task=idle, task_progress=1.0, goal=none, task_phase=, in_lava=false, step=, light=15, submerged=false, task_state=COMPLETED, held=empty, fall=0.0, pos=0,113,0, on_ground=true, hp=20.0/20.0, mining_idle=true, nearby=animals=0 hostiles=0, inv=empty}
[20:57:36] [Server thread/WARN]: [AIBot] PERCEPTION event=snapshot_slow bot=Bob {elapsed_ms=18}
[20:57:37] [Server thread/WARN]: [AIBot] PERCEPTION event=snapshot_slow bot=Bob {elapsed_ms=18}
[20:57:37] [Server thread/WARN]: [AIBot] PERCEPTION event=snapshot_slow bot=Bob {elapsed_ms=21}
[20:57:38] [Server thread/WARN]: [AIBot] PERCEPTION event=snapshot_slow bot=Bob {elapsed_ms=19}
[20:57:38] [Server thread/INFO]: [AIBot] ACTION event=diag_snapshot bot=Bob {path_idle=true, food=20, air=300, mode=survival, task=idle, task_progress=1.0, goal=none, task_phase=, in_lava=false, step=, light=15, submerged=false, task_state=COMPLETED, held=empty, fall=0.0, pos=0,113,0, on_ground=true, hp=20.0/20.0, mining_idle=true, nearby=animals=0 hostiles=0, inv=empty}
[20:57:38] [Server thread/WARN]: [AIBot] PERCEPTION event=snapshot_slow bot=Bob {elapsed_ms=20}
[20:57:39] [Server thread/INFO]: [AIBot] ACTION event=capability_decision bot=Bob {context=observable_block_query, capability=HIDDEN_BLOCK_SCAN, profile=strict_survival, allowed=false, reason=DENIED_STRICT_SURVIVAL}
[20:57:39] [Server thread/INFO]: [AIBot] ACTION event=capability_decision bot=Bob {context=perception_snapshot, capability=HIDDEN_BLOCK_SCAN, profile=strict_survival, allowed=false, reason=DENIED_STRICT_SURVIVAL}
[20:57:39] [Server thread/INFO]: [AIBot] ACTION event=capability_decision bot=Bob {context=observable_entity_query, capability=HIDDEN_BLOCK_SCAN, profile=strict_survival, allowed=false, reason=DENIED_STRICT_SURVIVAL}
[20:57:39] [Server thread/WARN]: [AIBot] PERCEPTION event=snapshot_slow bot=Bob {elapsed_ms=24}
[20:57:39] [Server thread/WARN]: [AIBot] PERCEPTION event=snapshot_slow bot=Bob {elapsed_ms=21}
[20:57:40] [Server thread/WARN]: [AIBot] PERCEPTION event=snapshot_slow bot=Bob {elapsed_ms=23}
[20:57:40] [Server thread/INFO]: [AIBot] ACTION event=capability_decision bot=Bob {context=diagnostic_nearby, capability=HIDDEN_BLOCK_SCAN, profile=strict_survival, allowed=false, reason=DENIED_STRICT_SURVIVAL}
[20:57:40] [Server thread/INFO]: [AIBot] ACTION event=diag_snapshot bot=Bob {path_idle=true, food=20, air=300, mode=survival, task=idle, task_progress=1.0, goal=none, task_phase=, in_lava=false, step=, light=15, submerged=false, task_state=COMPLETED, held=empty, fall=0.0, pos=0,113,0, on_ground=true, hp=20.0/20.0, mining_idle=true, nearby=animals=0 hostiles=0, inv=empty}
[20:57:40] [Server thread/WARN]: [AIBot] PERCEPTION event=snapshot_slow bot=Bob {elapsed_ms=17}
[20:57:41] [Server thread/WARN]: [AIBot] PERCEPTION event=snapshot_slow bot=Bob {elapsed_ms=21}
[20:57:41] [Server thread/WARN]: [AIBot] PERCEPTION event=snapshot_slow bot=Bob {elapsed_ms=22}
[20:57:42] [Server thread/WARN]: [AIBot] PERCEPTION event=snapshot_slow bot=Bob {elapsed_ms=23}
[20:57:42] [Server thread/INFO]: [AIBot] ACTION event=diag_snapshot bot=Bob {path_idle=true, food=20, air=300, mode=survival, task=idle, task_progress=1.0, goal=none, task_phase=, in_lava=false, step=, light=15, submerged=false, task_state=COMPLETED, held=empty, fall=0.0, pos=0,113,0, on_ground=true, hp=20.0/20.0, mining_idle=true, nearby=animals=0 hostiles=0, inv=empty}
[20:57:42] [Server thread/WARN]: [AIBot] PERCEPTION event=snapshot_slow bot=Bob {elapsed_ms=19}
[20:57:43] [Server thread/WARN]: [AIBot] PERCEPTION event=snapshot_slow bot=Bob {elapsed_ms=21}
[20:57:43] [Server thread/WARN]: [AIBot] PERCEPTION event=snapshot_slow bot=Bob {elapsed_ms=23}
[20:57:44] [Server thread/INFO]: [AIBot] ACTION event=capability_decision bot=Bob {context=observable_block_query, capability=HIDDEN_BLOCK_SCAN, profile=strict_survival, allowed=false, reason=DENIED_STRICT_SURVIVAL}
[20:57:44] [Server thread/INFO]: [AIBot] ACTION event=capability_decision bot=Bob {context=perception_snapshot, capability=HIDDEN_BLOCK_SCAN, profile=strict_survival, allowed=false, reason=DENIED_STRICT_SURVIVAL}
[20:57:44] [Server thread/INFO]: [AIBot] ACTION event=capability_decision bot=Bob {context=observable_entity_query, capability=HIDDEN_BLOCK_SCAN, profile=strict_survival, allowed=false, reason=DENIED_STRICT_SURVIVAL}
[20:57:44] [Server thread/WARN]: [AIBot] PERCEPTION event=snapshot_slow bot=Bob {elapsed_ms=22}
[20:57:44] [Server thread/INFO]: [AIBot] ACTION event=diag_snapshot bot=Bob {path_idle=true, food=20, air=300, mode=survival, task=idle, task_progress=1.0, goal=none, task_phase=, in_lava=false, step=, light=15, submerged=false, task_state=COMPLETED, held=empty, fall=0.0, pos=0,113,0, on_ground=true, hp=20.0/20.0, mining_idle=true, nearby=animals=0 hostiles=0, inv=empty}
[20:57:44] [Server thread/WARN]: [AIBot] PERCEPTION event=snapshot_slow bot=Bob {elapsed_ms=20}
[20:57:45] [Server thread/WARN]: [AIBot] PERCEPTION event=snapshot_slow bot=Bob {elapsed_ms=22}
[20:57:45] [Server thread/WARN]: [AIBot] PERCEPTION event=snapshot_slow bot=Bob {elapsed_ms=19}
[20:57:46] [Server thread/WARN]: [AIBot] PERCEPTION event=snapshot_slow bot=Bob {elapsed_ms=23}
[20:57:46] [Server thread/INFO]: [AIBot] ACTION event=capability_decision bot=Bob {context=diagnostic_nearby, capability=HIDDEN_BLOCK_SCAN, profile=strict_survival, allowed=false, reason=DENIED_STRICT_SURVIVAL}
[20:57:46] [Server thread/INFO]: [AIBot] ACTION event=diag_snapshot bot=Bob {path_idle=true, food=20, air=300, mode=survival, task=idle, task_progress=1.0, goal=none, task_phase=, in_lava=false, step=, light=15, submerged=false, task_state=COMPLETED, held=empty, fall=0.0, pos=0,113,0, on_ground=true, hp=20.0/20.0, mining_idle=true, nearby=animals=0 hostiles=0, inv=empty}
[20:57:46] [Server thread/WARN]: [AIBot] PERCEPTION event=snapshot_slow bot=Bob {elapsed_ms=21}
[20:57:47] [Server thread/WARN]: [AIBot] PERCEPTION event=snapshot_slow bot=Bob {elapsed_ms=15}
[20:57:47] [Server thread/WARN]: [AIBot] PERCEPTION event=snapshot_slow bot=Bob {elapsed_ms=19}
[20:57:48] [Server thread/WARN]: [AIBot] PERCEPTION event=snapshot_slow bot=Bob {elapsed_ms=21}
[20:57:48] [Server thread/INFO]: [AIBot] ACTION event=diag_snapshot bot=Bob {path_idle=true, food=20, air=300, mode=survival, task=idle, task_progress=1.0, goal=none, task_phase=, in_lava=false, step=, light=15, submerged=false, task_state=COMPLETED, held=empty, fall=0.0, pos=0,113,0, on_ground=true, hp=20.0/20.0, mining_idle=true, nearby=animals=0 hostiles=0, inv=empty}
[20:57:48] [Server thread/WARN]: [AIBot] PERCEPTION event=snapshot_slow bot=Bob {elapsed_ms=18}
[20:57:49] [Server thread/INFO]: [AIBot] ACTION event=capability_decision bot=Bob {context=observable_block_query, capability=HIDDEN_BLOCK_SCAN, profile=strict_survival, allowed=false, reason=DENIED_STRICT_SURVIVAL}
[20:57:49] [Server thread/INFO]: [AIBot] ACTION event=capability_decision bot=Bob {context=perception_snapshot, capability=HIDDEN_BLOCK_SCAN, profile=strict_survival, allowed=false, reason=DENIED_STRICT_SURVIVAL}
[20:57:49] [Server thread/INFO]: [AIBot] ACTION event=capability_decision bot=Bob {context=observable_entity_query, capability=HIDDEN_BLOCK_SCAN, profile=strict_survival, allowed=false, reason=DENIED_STRICT_SURVIVAL}
[20:57:49] [Server thread/WARN]: [AIBot] PERCEPTION event=snapshot_slow bot=Bob {elapsed_ms=21}
[20:57:49] [Server thread/WARN]: [AIBot] PERCEPTION event=snapshot_slow bot=Bob {elapsed_ms=22}
[20:57:50] [Server thread/WARN]: [AIBot] PERCEPTION event=snapshot_slow bot=Bob {elapsed_ms=20}
[20:57:50] [Server thread/INFO]: [AIBot] ACTION event=diag_snapshot bot=Bob {path_idle=true, food=20, air=300, mode=survival, task=idle, task_progress=1.0, goal=none, task_phase=, in_lava=false, step=, light=15, submerged=false, task_state=COMPLETED, held=empty, fall=0.0, pos=0,113,0, on_ground=true, hp=20.0/20.0, mining_idle=true, nearby=animals=0 hostiles=0, inv=empty}
[20:57:50] [Server thread/WARN]: [AIBot] PERCEPTION event=snapshot_slow bot=Bob {elapsed_ms=38}
[20:57:51] [Server thread/WARN]: [AIBot] PERCEPTION event=snapshot_slow bot=Bob {elapsed_ms=22}
[20:57:51] [Server thread/WARN]: [AIBot] PERCEPTION event=snapshot_slow bot=Bob {elapsed_ms=17}
[20:57:52] [Server thread/WARN]: [AIBot] PERCEPTION event=snapshot_slow bot=Bob {elapsed_ms=19}
[20:57:52] [Server thread/INFO]: [AIBot] ACTION event=capability_decision bot=Bob {context=diagnostic_nearby, capability=HIDDEN_BLOCK_SCAN, profile=strict_survival, allowed=false, reason=DENIED_STRICT_SURVIVAL}
[20:57:52] [Server thread/INFO]: [AIBot] ACTION event=diag_snapshot bot=Bob {path_idle=true, food=20, air=300, mode=survival, task=idle, task_progress=1.0, goal=none, task_phase=, in_lava=false, step=, light=15, submerged=false, task_state=COMPLETED, held=empty, fall=0.0, pos=0,113,0, on_ground=true, hp=20.0/20.0, mining_idle=true, nearby=animals=0 hostiles=0, inv=empty}
[20:57:52] [Server thread/WARN]: [AIBot] PERCEPTION event=snapshot_slow bot=Bob {elapsed_ms=21}
[20:57:53] [Server thread/WARN]: [AIBot] PERCEPTION event=snapshot_slow bot=Bob {elapsed_ms=19}
[20:57:53] [Server thread/WARN]: [AIBot] PERCEPTION event=snapshot_slow bot=Bob {elapsed_ms=19}
[20:57:54] [Server thread/INFO]: [AIBot] ACTION event=capability_decision bot=Bob {context=observable_block_query, capability=HIDDEN_BLOCK_SCAN, profile=strict_survival, allowed=false, reason=DENIED_STRICT_SURVIVAL}
[20:57:54] [Server thread/INFO]: [AIBot] ACTION event=capability_decision bot=Bob {context=perception_snapshot, capability=HIDDEN_BLOCK_SCAN, profile=strict_survival, allowed=false, reason=DENIED_STRICT_SURVIVAL}
[20:57:54] [Server thread/INFO]: [AIBot] ACTION event=capability_decision bot=Bob {context=observable_entity_query, capability=HIDDEN_BLOCK_SCAN, profile=strict_survival, allowed=false, reason=DENIED_STRICT_SURVIVAL}
[20:57:54] [Server thread/WARN]: [AIBot] PERCEPTION event=snapshot_slow bot=Bob {elapsed_ms=24}
[20:57:54] [Server thread/INFO]: [AIBot] ACTION event=diag_snapshot bot=Bob {path_idle=true, food=20, air=300, mode=survival, task=idle, task_progress=1.0, goal=none, task_phase=, in_lava=false, step=, light=15, submerged=false, task_state=COMPLETED, held=empty, fall=0.0, pos=0,113,0, on_ground=true, hp=20.0/20.0, mining_idle=true, nearby=animals=0 hostiles=0, inv=empty}
[20:57:54] [Server thread/WARN]: [AIBot] PERCEPTION event=snapshot_slow bot=Bob {elapsed_ms=20}
[20:57:55] [Server thread/WARN]: [AIBot] PERCEPTION event=snapshot_slow bot=Bob {elapsed_ms=21}
[20:57:55] [Server thread/WARN]: [AIBot] PERCEPTION event=snapshot_slow bot=Bob {elapsed_ms=15}
[20:57:56] [Server thread/WARN]: [AIBot] PERCEPTION event=snapshot_slow bot=Bob {elapsed_ms=15}
[20:57:56] [Server thread/INFO]: [AIBot] LIFECYCLE event=mixin_alive bot=- {server_tick=3600}
[20:57:56] [Server thread/INFO]: [AIBot] ACTION event=diag_snapshot bot=Bob {path_idle=true, food=20, air=300, mode=survival, task=idle, task_progress=1.0, goal=none, task_phase=, in_lava=false, step=, light=15, submerged=false, task_state=COMPLETED, held=empty, fall=0.0, pos=0,113,0, on_ground=true, hp=20.0/20.0, mining_idle=true, nearby=animals=0 hostiles=0, inv=empty}
[20:57:56] [Server thread/WARN]: [AIBot] PERCEPTION event=snapshot_slow bot=Bob {elapsed_ms=15}
[20:57:57] [Server thread/WARN]: [AIBot] PERCEPTION event=snapshot_slow bot=Bob {elapsed_ms=18}
[20:57:57] [Server thread/WARN]: [AIBot] PERCEPTION event=snapshot_slow bot=Bob {elapsed_ms=23}
[20:57:58] [Server thread/WARN]: [AIBot] PERCEPTION event=snapshot_slow bot=Bob {elapsed_ms=25}
[20:57:58] [Server thread/INFO]: [AIBot] ACTION event=capability_decision bot=Bob {context=diagnostic_nearby, capability=HIDDEN_BLOCK_SCAN, profile=strict_survival, allowed=false, reason=DENIED_STRICT_SURVIVAL}
[20:57:58] [Server thread/INFO]: [AIBot] ACTION event=diag_snapshot bot=Bob {path_idle=true, food=20, air=300, mode=survival, task=idle, task_progress=1.0, goal=none, task_phase=, in_lava=false, step=, light=15, submerged=false, task_state=COMPLETED, held=empty, fall=0.0, pos=0,113,0, on_ground=true, hp=20.0/20.0, mining_idle=true, nearby=animals=0 hostiles=0, inv=empty}
[20:57:58] [Server thread/WARN]: [AIBot] PERCEPTION event=snapshot_slow bot=Bob {elapsed_ms=18}
[20:57:59] [Server thread/INFO]: [AIBot] ACTION event=capability_decision bot=Bob {context=observable_block_query, capability=HIDDEN_BLOCK_SCAN, profile=strict_survival, allowed=false, reason=DENIED_STRICT_SURVIVAL}
[20:57:59] [Server thread/INFO]: [AIBot] ACTION event=capability_decision bot=Bob {context=perception_snapshot, capability=HIDDEN_BLOCK_SCAN, profile=strict_survival, allowed=false, reason=DENIED_STRICT_SURVIVAL}
[20:57:59] [Server thread/INFO]: [AIBot] ACTION event=capability_decision bot=Bob {context=observable_entity_query, capability=HIDDEN_BLOCK_SCAN, profile=strict_survival, allowed=false, reason=DENIED_STRICT_SURVIVAL}
[20:57:59] [Server thread/WARN]: [AIBot] PERCEPTION event=snapshot_slow bot=Bob {elapsed_ms=21}
[20:57:59] [Server thread/WARN]: [AIBot] PERCEPTION event=snapshot_slow bot=Bob {elapsed_ms=22}
[20:58:00] [Server thread/WARN]: [AIBot] PERCEPTION event=snapshot_slow bot=Bob {elapsed_ms=23}
[20:58:00] [Server thread/INFO]: [AIBot] ACTION event=diag_snapshot bot=Bob {path_idle=true, food=20, air=300, mode=survival, task=idle, task_progress=1.0, goal=none, task_phase=, in_lava=false, step=, light=15, submerged=false, task_state=COMPLETED, held=empty, fall=0.0, pos=0,113,0, on_ground=true, hp=20.0/20.0, mining_idle=true, nearby=animals=0 hostiles=0, inv=empty}
[20:58:00] [Server thread/WARN]: [AIBot] PERCEPTION event=snapshot_slow bot=Bob {elapsed_ms=19}
[20:58:01] [Server thread/WARN]: [AIBot] PERCEPTION event=snapshot_slow bot=Bob {elapsed_ms=21}
[20:58:01] [Server thread/WARN]: [AIBot] PERCEPTION event=snapshot_slow bot=Bob {elapsed_ms=22}
[20:58:02] [Server thread/WARN]: [AIBot] PERCEPTION event=snapshot_slow bot=Bob {elapsed_ms=19}
[20:58:02] [Server thread/INFO]: [AIBot] ACTION event=diag_snapshot bot=Bob {path_idle=true, food=20, air=300, mode=survival, task=idle, task_progress=1.0, goal=none, task_phase=, in_lava=false, step=, light=15, submerged=false, task_state=COMPLETED, held=empty, fall=0.0, pos=0,113,0, on_ground=true, hp=20.0/20.0, mining_idle=true, nearby=animals=0 hostiles=0, inv=empty}
[20:58:02] [Server thread/WARN]: [AIBot] PERCEPTION event=snapshot_slow bot=Bob {elapsed_ms=21}
[20:58:03] [Server thread/WARN]: [AIBot] PERCEPTION event=snapshot_slow bot=Bob {elapsed_ms=23}
[20:58:03] [Server thread/WARN]: [AIBot] PERCEPTION event=snapshot_slow bot=Bob {elapsed_ms=24}
[20:58:04] [Server thread/INFO]: [AIBot] ACTION event=capability_decision bot=Bob {context=observable_block_query, capability=HIDDEN_BLOCK_SCAN, profile=strict_survival, allowed=false, reason=DENIED_STRICT_SURVIVAL}
[20:58:04] [Server thread/INFO]: [AIBot] ACTION event=capability_decision bot=Bob {context=perception_snapshot, capability=HIDDEN_BLOCK_SCAN, profile=strict_survival, allowed=false, reason=DENIED_STRICT_SURVIVAL}
[20:58:04] [Server thread/INFO]: [AIBot] ACTION event=capability_decision bot=Bob {context=observable_entity_query, capability=HIDDEN_BLOCK_SCAN, profile=strict_survival, allowed=false, reason=DENIED_STRICT_SURVIVAL}
[20:58:04] [Server thread/WARN]: [AIBot] PERCEPTION event=snapshot_slow bot=Bob {elapsed_ms=25}
[20:58:04] [Server thread/INFO]: [AIBot] ACTION event=capability_decision bot=Bob {context=diagnostic_nearby, capability=HIDDEN_BLOCK_SCAN, profile=strict_survival, allowed=false, reason=DENIED_STRICT_SURVIVAL}
[20:58:04] [Server thread/INFO]: [AIBot] ACTION event=diag_snapshot bot=Bob {path_idle=true, food=20, air=300, mode=survival, task=idle, task_progress=1.0, goal=none, task_phase=, in_lava=false, step=, light=15, submerged=false, task_state=COMPLETED, held=empty, fall=0.0, pos=0,113,0, on_ground=true, hp=20.0/20.0, mining_idle=true, nearby=animals=0 hostiles=0, inv=empty}
[20:58:04] [Server thread/WARN]: [AIBot] PERCEPTION event=snapshot_slow bot=Bob {elapsed_ms=19}
[20:58:05] [Server thread/WARN]: [AIBot] PERCEPTION event=snapshot_slow bot=Bob {elapsed_ms=16}
[20:58:05] [Server thread/WARN]: [AIBot] PERCEPTION event=snapshot_slow bot=Bob {elapsed_ms=23}
[20:58:06] [Server thread/WARN]: [AIBot] PERCEPTION event=snapshot_slow bot=Bob {elapsed_ms=19}
[20:58:06] [Server thread/INFO]: [AIBot] ACTION event=diag_snapshot bot=Bob {path_idle=true, food=20, air=300, mode=survival, task=idle, task_progress=1.0, goal=none, task_phase=, in_lava=false, step=, light=15, submerged=false, task_state=COMPLETED, held=empty, fall=0.0, pos=0,113,0, on_ground=true, hp=20.0/20.0, mining_idle=true, nearby=animals=0 hostiles=0, inv=empty}
[20:58:06] [Server thread/WARN]: [AIBot] PERCEPTION event=snapshot_slow bot=Bob {elapsed_ms=24}
[20:58:07] [Server thread/WARN]: [AIBot] PERCEPTION event=snapshot_slow bot=Bob {elapsed_ms=16}
[20:58:07] [Server thread/WARN]: [AIBot] PERCEPTION event=snapshot_slow bot=Bob {elapsed_ms=20}
[20:58:08] [Server thread/WARN]: [AIBot] PERCEPTION event=snapshot_slow bot=Bob {elapsed_ms=21}
[20:58:08] [Server thread/INFO]: [AIBot] ACTION event=diag_snapshot bot=Bob {path_idle=true, food=20, air=300, mode=survival, task=idle, task_progress=1.0, goal=none, task_phase=, in_lava=false, step=, light=15, submerged=false, task_state=COMPLETED, held=empty, fall=0.0, pos=0,113,0, on_ground=true, hp=20.0/20.0, mining_idle=true, nearby=animals=1(villager@15) hostiles=0, inv=empty}
[20:58:08] [Server thread/WARN]: [AIBot] PERCEPTION event=snapshot_slow bot=Bob {elapsed_ms=23}
[20:58:09] [Server thread/INFO]: [AIBot] ACTION event=capability_decision bot=Bob {context=observable_block_query, capability=HIDDEN_BLOCK_SCAN, profile=strict_survival, allowed=false, reason=DENIED_STRICT_SURVIVAL}
[20:58:09] [Server thread/INFO]: [AIBot] ACTION event=capability_decision bot=Bob {context=perception_snapshot, capability=HIDDEN_BLOCK_SCAN, profile=strict_survival, allowed=false, reason=DENIED_STRICT_SURVIVAL}
[20:58:09] [Server thread/INFO]: [AIBot] ACTION event=capability_decision bot=Bob {context=observable_entity_query, capability=HIDDEN_BLOCK_SCAN, profile=strict_survival, allowed=false, reason=DENIED_STRICT_SURVIVAL}
[20:58:09] [Server thread/WARN]: [AIBot] PERCEPTION event=snapshot_slow bot=Bob {elapsed_ms=23}
[20:58:09] [Server thread/WARN]: [AIBot] PERCEPTION event=snapshot_slow bot=Bob {elapsed_ms=20}
[20:58:10] [Server thread/WARN]: [AIBot] PERCEPTION event=snapshot_slow bot=Bob {elapsed_ms=14}
[20:58:10] [Server thread/INFO]: [AIBot] ACTION event=capability_decision bot=Bob {context=diagnostic_nearby, capability=HIDDEN_BLOCK_SCAN, profile=strict_survival, allowed=false, reason=DENIED_STRICT_SURVIVAL}
[20:58:10] [Server thread/INFO]: [AIBot] ACTION event=diag_snapshot bot=Bob {path_idle=true, food=20, air=300, mode=survival, task=idle, task_progress=1.0, goal=none, task_phase=, in_lava=false, step=, light=15, submerged=false, task_state=COMPLETED, held=empty, fall=0.0, pos=0,113,0, on_ground=true, hp=20.0/20.0, mining_idle=true, nearby=animals=0 hostiles=0, inv=empty}
[20:58:10] [Server thread/WARN]: [AIBot] PERCEPTION event=snapshot_slow bot=Bob {elapsed_ms=25}
[20:58:11] [Server thread/WARN]: [AIBot] PERCEPTION event=snapshot_slow bot=Bob {elapsed_ms=17}
[20:58:11] [Server thread/WARN]: [AIBot] PERCEPTION event=snapshot_slow bot=Bob {elapsed_ms=17}
[20:58:12] [Server thread/WARN]: [AIBot] PERCEPTION event=snapshot_slow bot=Bob {elapsed_ms=18}
[20:58:12] [Server thread/INFO]: [AIBot] ACTION event=diag_snapshot bot=Bob {path_idle=true, food=20, air=300, mode=survival, task=idle, task_progress=1.0, goal=none, task_phase=, in_lava=false, step=, light=15, submerged=false, task_state=COMPLETED, held=empty, fall=0.0, pos=0,113,0, on_ground=true, hp=20.0/20.0, mining_idle=true, nearby=animals=1(villager@15) hostiles=0, inv=empty}
[20:58:12] [Server thread/WARN]: [AIBot] PERCEPTION event=snapshot_slow bot=Bob {elapsed_ms=21}
[20:58:13] [Server thread/WARN]: [AIBot] PERCEPTION event=snapshot_slow bot=Bob {elapsed_ms=23}
[20:58:13] [Server thread/WARN]: [AIBot] PERCEPTION event=snapshot_slow bot=Bob {elapsed_ms=21}
[20:58:14] [Server thread/INFO]: [AIBot] ACTION event=capability_decision bot=Bob {context=observable_block_query, capability=HIDDEN_BLOCK_SCAN, profile=strict_survival, allowed=false, reason=DENIED_STRICT_SURVIVAL}
[20:58:14] [Server thread/INFO]: [AIBot] ACTION event=capability_decision bot=Bob {context=perception_snapshot, capability=HIDDEN_BLOCK_SCAN, profile=strict_survival, allowed=false, reason=DENIED_STRICT_SURVIVAL}
[20:58:14] [Server thread/INFO]: [AIBot] ACTION event=capability_decision bot=Bob {context=observable_entity_query, capability=HIDDEN_BLOCK_SCAN, profile=strict_survival, allowed=false, reason=DENIED_STRICT_SURVIVAL}
[20:58:14] [Server thread/WARN]: [AIBot] PERCEPTION event=snapshot_slow bot=Bob {elapsed_ms=25}
[20:58:14] [Server thread/INFO]: [AIBot] ACTION event=diag_snapshot bot=Bob {path_idle=true, food=20, air=300, mode=survival, task=idle, task_progress=1.0, goal=none, task_phase=, in_lava=false, step=, light=15, submerged=false, task_state=COMPLETED, held=empty, fall=0.0, pos=0,113,0, on_ground=true, hp=20.0/20.0, mining_idle=true, nearby=animals=1(villager@14) hostiles=0, inv=empty}
[20:58:14] [Server thread/WARN]: [AIBot] PERCEPTION event=snapshot_slow bot=Bob {elapsed_ms=23}
[20:58:15] [Server thread/WARN]: [AIBot] PERCEPTION event=snapshot_slow bot=Bob {elapsed_ms=18}
[20:58:15] [Server thread/WARN]: [AIBot] PERCEPTION event=snapshot_slow bot=Bob {elapsed_ms=24}
[20:58:16] [Server thread/WARN]: [AIBot] PERCEPTION event=snapshot_slow bot=Bob {elapsed_ms=16}
[20:58:16] [Server thread/INFO]: [AIBot] ACTION event=capability_decision bot=Bob {context=diagnostic_nearby, capability=HIDDEN_BLOCK_SCAN, profile=strict_survival, allowed=false, reason=DENIED_STRICT_SURVIVAL}
[20:58:16] [Server thread/INFO]: [AIBot] ACTION event=diag_snapshot bot=Bob {path_idle=true, food=20, air=300, mode=survival, task=idle, task_progress=1.0, goal=none, task_phase=, in_lava=false, step=, light=15, submerged=false, task_state=COMPLETED, held=empty, fall=0.0, pos=0,113,0, on_ground=true, hp=20.0/20.0, mining_idle=true, nearby=animals=1(villager@14) hostiles=0, inv=empty}
[20:58:16] [Server thread/WARN]: [AIBot] PERCEPTION event=snapshot_slow bot=Bob {elapsed_ms=15}
[20:58:17] [Server thread/WARN]: [AIBot] PERCEPTION event=snapshot_slow bot=Bob {elapsed_ms=18}
[20:58:17] [Server thread/WARN]: [AIBot] PERCEPTION event=snapshot_slow bot=Bob {elapsed_ms=17}
[20:58:18] [Server thread/WARN]: [AIBot] PERCEPTION event=snapshot_slow bot=Bob {elapsed_ms=22}
[20:58:18] [Server thread/INFO]: [AIBot] ACTION event=diag_snapshot bot=Bob {path_idle=true, food=20, air=300, mode=survival, task=idle, task_progress=1.0, goal=none, task_phase=, in_lava=false, step=, light=15, submerged=false, task_state=COMPLETED, held=empty, fall=0.0, pos=0,113,0, on_ground=true, hp=20.0/20.0, mining_idle=true, nearby=animals=1(villager@14) hostiles=0, inv=empty}
[20:58:18] [Server thread/WARN]: [AIBot] PERCEPTION event=snapshot_slow bot=Bob {elapsed_ms=24}
[20:58:19] [Server thread/INFO]: [AIBot] ACTION event=capability_decision bot=Bob {context=observable_block_query, capability=HIDDEN_BLOCK_SCAN, profile=strict_survival, allowed=false, reason=DENIED_STRICT_SURVIVAL}
[20:58:19] [Server thread/INFO]: [AIBot] ACTION event=capability_decision bot=Bob {context=perception_snapshot, capability=HIDDEN_BLOCK_SCAN, profile=strict_survival, allowed=false, reason=DENIED_STRICT_SURVIVAL}
[20:58:19] [Server thread/INFO]: [AIBot] ACTION event=capability_decision bot=Bob {context=observable_entity_query, capability=HIDDEN_BLOCK_SCAN, profile=strict_survival, allowed=false, reason=DENIED_STRICT_SURVIVAL}
[20:58:19] [Server thread/WARN]: [AIBot] PERCEPTION event=snapshot_slow bot=Bob {elapsed_ms=19}
[20:58:19] [Server thread/WARN]: [AIBot] PERCEPTION event=snapshot_slow bot=Bob {elapsed_ms=24}
[20:58:20] [Server thread/WARN]: [AIBot] PERCEPTION event=snapshot_slow bot=Bob {elapsed_ms=23}
[20:58:20] [Server thread/INFO]: [AIBot] ACTION event=diag_snapshot bot=Bob {path_idle=true, food=20, air=300, mode=survival, task=idle, task_progress=1.0, goal=none, task_phase=, in_lava=false, step=, light=15, submerged=false, task_state=COMPLETED, held=empty, fall=0.0, pos=0,113,0, on_ground=true, hp=20.0/20.0, mining_idle=true, nearby=animals=1(villager@14) hostiles=0, inv=empty}
[20:58:20] [Server thread/WARN]: [AIBot] PERCEPTION event=snapshot_slow bot=Bob {elapsed_ms=22}
[20:58:21] [Server thread/WARN]: [AIBot] PERCEPTION event=snapshot_slow bot=Bob {elapsed_ms=23}
[20:58:21] [Server thread/WARN]: [AIBot] PERCEPTION event=snapshot_slow bot=Bob {elapsed_ms=20}
[20:58:22] [Server thread/WARN]: [AIBot] PERCEPTION event=snapshot_slow bot=Bob {elapsed_ms=22}
[20:58:22] [Server thread/INFO]: [AIBot] ACTION event=capability_decision bot=Bob {context=diagnostic_nearby, capability=HIDDEN_BLOCK_SCAN, profile=strict_survival, allowed=false, reason=DENIED_STRICT_SURVIVAL}
[20:58:22] [Server thread/INFO]: [AIBot] ACTION event=diag_snapshot bot=Bob {path_idle=true, food=20, air=300, mode=survival, task=idle, task_progress=1.0, goal=none, task_phase=, in_lava=false, step=, light=15, submerged=false, task_state=COMPLETED, held=empty, fall=0.0, pos=0,113,0, on_ground=true, hp=20.0/20.0, mining_idle=true, nearby=animals=1(villager@15) hostiles=0, inv=empty}
[20:58:22] [Server thread/WARN]: [AIBot] PERCEPTION event=snapshot_slow bot=Bob {elapsed_ms=21}
[20:58:23] [Server thread/WARN]: [AIBot] PERCEPTION event=snapshot_slow bot=Bob {elapsed_ms=18}
[20:58:23] [Server thread/WARN]: [AIBot] PERCEPTION event=snapshot_slow bot=Bob {elapsed_ms=15}
[20:58:24] [Server thread/INFO]: [AIBot] ACTION event=capability_decision bot=Bob {context=observable_block_query, capability=HIDDEN_BLOCK_SCAN, profile=strict_survival, allowed=false, reason=DENIED_STRICT_SURVIVAL}
[20:58:24] [Server thread/INFO]: [AIBot] ACTION event=capability_decision bot=Bob {context=perception_snapshot, capability=HIDDEN_BLOCK_SCAN, profile=strict_survival, allowed=false, reason=DENIED_STRICT_SURVIVAL}
[20:58:24] [Server thread/INFO]: [AIBot] ACTION event=capability_decision bot=Bob {context=observable_entity_query, capability=HIDDEN_BLOCK_SCAN, profile=strict_survival, allowed=false, reason=DENIED_STRICT_SURVIVAL}
[20:58:24] [Server thread/WARN]: [AIBot] PERCEPTION event=snapshot_slow bot=Bob {elapsed_ms=21}
[20:58:24] [Server thread/INFO]: [AIBot] ACTION event=diag_snapshot bot=Bob {path_idle=true, food=20, air=300, mode=survival, task=idle, task_progress=1.0, goal=none, task_phase=, in_lava=false, step=, light=15, submerged=false, task_state=COMPLETED, held=empty, fall=0.0, pos=0,113,0, on_ground=true, hp=20.0/20.0, mining_idle=true, nearby=animals=0 hostiles=0, inv=empty}
[20:58:24] [Server thread/WARN]: [AIBot] PERCEPTION event=snapshot_slow bot=Bob {elapsed_ms=20}
[20:58:25] [Server thread/WARN]: [AIBot] PERCEPTION event=snapshot_slow bot=Bob {elapsed_ms=16}
[20:58:25] [Server thread/WARN]: [AIBot] PERCEPTION event=snapshot_slow bot=Bob {elapsed_ms=19}
[20:58:26] [Server thread/WARN]: [AIBot] PERCEPTION event=snapshot_slow bot=Bob {elapsed_ms=16}
[20:58:26] [Server thread/INFO]: [AIBot] ACTION event=diag_snapshot bot=Bob {path_idle=true, food=20, air=300, mode=survival, task=idle, task_progress=1.0, goal=none, task_phase=, in_lava=false, step=, light=15, submerged=false, task_state=COMPLETED, held=empty, fall=0.0, pos=0,113,0, on_ground=true, hp=20.0/20.0, mining_idle=true, nearby=animals=0 hostiles=0, inv=empty}
[20:58:26] [Server thread/WARN]: [AIBot] PERCEPTION event=snapshot_slow bot=Bob {elapsed_ms=18}
[20:58:27] [Server thread/WARN]: [AIBot] PERCEPTION event=snapshot_slow bot=Bob {elapsed_ms=17}
[20:58:27] [Server thread/WARN]: [AIBot] PERCEPTION event=snapshot_slow bot=Bob {elapsed_ms=18}
[20:58:28] [Server thread/WARN]: [AIBot] PERCEPTION event=snapshot_slow bot=Bob {elapsed_ms=17}
[20:58:28] [Server thread/INFO]: [AIBot] ACTION event=capability_decision bot=Bob {context=diagnostic_nearby, capability=HIDDEN_BLOCK_SCAN, profile=strict_survival, allowed=false, reason=DENIED_STRICT_SURVIVAL}
[20:58:28] [Server thread/INFO]: [AIBot] ACTION event=diag_snapshot bot=Bob {path_idle=true, food=20, air=300, mode=survival, task=idle, task_progress=1.0, goal=none, task_phase=, in_lava=false, step=, light=15, submerged=false, task_state=COMPLETED, held=empty, fall=0.0, pos=0,113,0, on_ground=true, hp=20.0/20.0, mining_idle=true, nearby=animals=0 hostiles=0, inv=empty}
[20:58:28] [Server thread/WARN]: [AIBot] PERCEPTION event=snapshot_slow bot=Bob {elapsed_ms=20}
[20:58:29] [Server thread/INFO]: [AIBot] ACTION event=capability_decision bot=Bob {context=observable_block_query, capability=HIDDEN_BLOCK_SCAN, profile=strict_survival, allowed=false, reason=DENIED_STRICT_SURVIVAL}
[20:58:29] [Server thread/INFO]: [AIBot] ACTION event=capability_decision bot=Bob {context=perception_snapshot, capability=HIDDEN_BLOCK_SCAN, profile=strict_survival, allowed=false, reason=DENIED_STRICT_SURVIVAL}
[20:58:29] [Server thread/INFO]: [AIBot] ACTION event=capability_decision bot=Bob {context=observable_entity_query, capability=HIDDEN_BLOCK_SCAN, profile=strict_survival, allowed=false, reason=DENIED_STRICT_SURVIVAL}
[20:58:29] [Server thread/WARN]: [AIBot] PERCEPTION event=snapshot_slow bot=Bob {elapsed_ms=21}
[20:58:29] [Server thread/WARN]: [AIBot] PERCEPTION event=snapshot_slow bot=Bob {elapsed_ms=19}
[20:58:30] [Server thread/WARN]: [AIBot] PERCEPTION event=snapshot_slow bot=Bob {elapsed_ms=22}
[20:58:30] [Server thread/INFO]: [AIBot] ACTION event=diag_snapshot bot=Bob {path_idle=true, food=20, air=300, mode=survival, task=idle, task_progress=1.0, goal=none, task_phase=, in_lava=false, step=, light=15, submerged=false, task_state=COMPLETED, held=empty, fall=0.0, pos=0,113,0, on_ground=true, hp=20.0/20.0, mining_idle=true, nearby=animals=0 hostiles=0, inv=empty}
[20:58:30] [Server thread/WARN]: [AIBot] PERCEPTION event=snapshot_slow bot=Bob {elapsed_ms=20}
[20:58:31] [Server thread/WARN]: [AIBot] PERCEPTION event=snapshot_slow bot=Bob {elapsed_ms=16}
[20:58:31] [Server thread/WARN]: [AIBot] PERCEPTION event=snapshot_slow bot=Bob {elapsed_ms=20}
[20:58:32] [Server thread/WARN]: [AIBot] PERCEPTION event=snapshot_slow bot=Bob {elapsed_ms=22}
[20:58:32] [Server thread/INFO]: [AIBot] ACTION event=diag_snapshot bot=Bob {path_idle=true, food=20, air=300, mode=survival, task=idle, task_progress=1.0, goal=none, task_phase=, in_lava=false, step=, light=15, submerged=false, task_state=COMPLETED, held=empty, fall=0.0, pos=0,113,0, on_ground=true, hp=20.0/20.0, mining_idle=true, nearby=animals=0 hostiles=0, inv=empty}
[20:58:32] [Server thread/WARN]: [AIBot] PERCEPTION event=snapshot_slow bot=Bob {elapsed_ms=38}
[20:58:33] [Server thread/WARN]: [AIBot] PERCEPTION event=snapshot_slow bot=Bob {elapsed_ms=16}
[20:58:33] [Server thread/WARN]: [AIBot] PERCEPTION event=snapshot_slow bot=Bob {elapsed_ms=19}
[20:58:34] [Server thread/INFO]: [AIBot] ACTION event=capability_decision bot=Bob {context=observable_block_query, capability=HIDDEN_BLOCK_SCAN, profile=strict_survival, allowed=false, reason=DENIED_STRICT_SURVIVAL}
[20:58:34] [Server thread/INFO]: [AIBot] ACTION event=capability_decision bot=Bob {context=perception_snapshot, capability=HIDDEN_BLOCK_SCAN, profile=strict_survival, allowed=false, reason=DENIED_STRICT_SURVIVAL}
[20:58:34] [Server thread/INFO]: [AIBot] ACTION event=capability_decision bot=Bob {context=observable_entity_query, capability=HIDDEN_BLOCK_SCAN, profile=strict_survival, allowed=false, reason=DENIED_STRICT_SURVIVAL}
[20:58:34] [Server thread/WARN]: [AIBot] PERCEPTION event=snapshot_slow bot=Bob {elapsed_ms=21}
[20:58:34] [Server thread/INFO]: [AIBot] ACTION event=capability_decision bot=Bob {context=diagnostic_nearby, capability=HIDDEN_BLOCK_SCAN, profile=strict_survival, allowed=false, reason=DENIED_STRICT_SURVIVAL}
[20:58:34] [Server thread/INFO]: [AIBot] ACTION event=diag_snapshot bot=Bob {path_idle=true, food=20, air=300, mode=survival, task=idle, task_progress=1.0, goal=none, task_phase=, in_lava=false, step=, light=15, submerged=false, task_state=COMPLETED, held=empty, fall=0.0, pos=0,113,0, on_ground=true, hp=20.0/20.0, mining_idle=true, nearby=animals=0 hostiles=0, inv=empty}
[20:58:34] [Server thread/WARN]: [AIBot] PERCEPTION event=snapshot_slow bot=Bob {elapsed_ms=19}
[20:58:35] [Server thread/WARN]: [AIBot] PERCEPTION event=snapshot_slow bot=Bob {elapsed_ms=20}
[20:58:35] [Server thread/WARN]: [AIBot] PERCEPTION event=snapshot_slow bot=Bob {elapsed_ms=20}
[20:58:36] [Server thread/WARN]: [AIBot] PERCEPTION event=snapshot_slow bot=Bob {elapsed_ms=16}
[20:58:36] [Server thread/INFO]: [AIBot] ACTION event=diag_snapshot bot=Bob {path_idle=true, food=20, air=300, mode=survival, task=idle, task_progress=1.0, goal=none, task_phase=, in_lava=false, step=, light=15, submerged=false, task_state=COMPLETED, held=empty, fall=0.0, pos=0,113,0, on_ground=true, hp=20.0/20.0, mining_idle=true, nearby=animals=0 hostiles=0, inv=empty}
[20:58:36] [Server thread/WARN]: [AIBot] PERCEPTION event=snapshot_slow bot=Bob {elapsed_ms=20}
[20:58:37] [Server thread/WARN]: [AIBot] PERCEPTION event=snapshot_slow bot=Bob {elapsed_ms=23}
[20:58:37] [Server thread/WARN]: [AIBot] PERCEPTION event=snapshot_slow bot=Bob {elapsed_ms=13}
[20:58:38] [Server thread/WARN]: [AIBot] PERCEPTION event=snapshot_slow bot=Bob {elapsed_ms=23}
[20:58:38] [Server thread/INFO]: [AIBot] ACTION event=diag_snapshot bot=Bob {path_idle=true, food=20, air=300, mode=survival, task=idle, task_progress=1.0, goal=none, task_phase=, in_lava=false, step=, light=15, submerged=false, task_state=COMPLETED, held=empty, fall=0.0, pos=0,113,0, on_ground=true, hp=20.0/20.0, mining_idle=true, nearby=animals=0 hostiles=0, inv=empty}
[20:58:38] [Server thread/WARN]: [AIBot] PERCEPTION event=snapshot_slow bot=Bob {elapsed_ms=16}
[20:58:39] [Server thread/INFO]: [AIBot] ACTION event=capability_decision bot=Bob {context=observable_block_query, capability=HIDDEN_BLOCK_SCAN, profile=strict_survival, allowed=false, reason=DENIED_STRICT_SURVIVAL}
[20:58:39] [Server thread/INFO]: [AIBot] ACTION event=capability_decision bot=Bob {context=perception_snapshot, capability=HIDDEN_BLOCK_SCAN, profile=strict_survival, allowed=false, reason=DENIED_STRICT_SURVIVAL}
[20:58:39] [Server thread/INFO]: [AIBot] ACTION event=capability_decision bot=Bob {context=observable_entity_query, capability=HIDDEN_BLOCK_SCAN, profile=strict_survival, allowed=false, reason=DENIED_STRICT_SURVIVAL}
[20:58:39] [Server thread/WARN]: [AIBot] PERCEPTION event=snapshot_slow bot=Bob {elapsed_ms=20}
[20:58:39] [Server thread/WARN]: [AIBot] PERCEPTION event=snapshot_slow bot=Bob {elapsed_ms=16}
[20:58:40] [Server thread/WARN]: [AIBot] PERCEPTION event=snapshot_slow bot=Bob {elapsed_ms=17}
[20:58:40] [Server thread/INFO]: [AIBot] ACTION event=capability_decision bot=Bob {context=diagnostic_nearby, capability=HIDDEN_BLOCK_SCAN, profile=strict_survival, allowed=false, reason=DENIED_STRICT_SURVIVAL}
[20:58:40] [Server thread/INFO]: [AIBot] ACTION event=diag_snapshot bot=Bob {path_idle=true, food=20, air=300, mode=survival, task=idle, task_progress=1.0, goal=none, task_phase=, in_lava=false, step=, light=15, submerged=false, task_state=COMPLETED, held=empty, fall=0.0, pos=0,113,0, on_ground=true, hp=20.0/20.0, mining_idle=true, nearby=animals=0 hostiles=0, inv=empty}
[20:58:40] [Server thread/WARN]: [AIBot] PERCEPTION event=snapshot_slow bot=Bob {elapsed_ms=21}
[20:58:41] [Server thread/WARN]: [AIBot] PERCEPTION event=snapshot_slow bot=Bob {elapsed_ms=18}
[20:58:41] [Server thread/WARN]: [AIBot] PERCEPTION event=snapshot_slow bot=Bob {elapsed_ms=17}
[20:58:42] [Server thread/WARN]: [AIBot] PERCEPTION event=snapshot_slow bot=Bob {elapsed_ms=14}
[20:58:42] [Server thread/INFO]: [AIBot] ACTION event=diag_snapshot bot=Bob {path_idle=true, food=20, air=300, mode=survival, task=idle, task_progress=1.0, goal=none, task_phase=, in_lava=false, step=, light=15, submerged=false, task_state=COMPLETED, held=empty, fall=0.0, pos=0,113,0, on_ground=true, hp=20.0/20.0, mining_idle=true, nearby=animals=0 hostiles=0, inv=empty}
[20:58:42] [Server thread/WARN]: [AIBot] PERCEPTION event=snapshot_slow bot=Bob {elapsed_ms=23}
[20:58:43] [Server thread/WARN]: [AIBot] PERCEPTION event=snapshot_slow bot=Bob {elapsed_ms=19}
[20:58:43] [Server thread/WARN]: [AIBot] PERCEPTION event=snapshot_slow bot=Bob {elapsed_ms=24}
[20:58:44] [Server thread/INFO]: [AIBot] ACTION event=capability_decision bot=Bob {context=observable_block_query, capability=HIDDEN_BLOCK_SCAN, profile=strict_survival, allowed=false, reason=DENIED_STRICT_SURVIVAL}
[20:58:44] [Server thread/INFO]: [AIBot] ACTION event=capability_decision bot=Bob {context=perception_snapshot, capability=HIDDEN_BLOCK_SCAN, profile=strict_survival, allowed=false, reason=DENIED_STRICT_SURVIVAL}
[20:58:44] [Server thread/INFO]: [AIBot] ACTION event=capability_decision bot=Bob {context=observable_entity_query, capability=HIDDEN_BLOCK_SCAN, profile=strict_survival, allowed=false, reason=DENIED_STRICT_SURVIVAL}
[20:58:44] [Server thread/WARN]: [AIBot] PERCEPTION event=snapshot_slow bot=Bob {elapsed_ms=16}
[20:58:44] [Server thread/INFO]: [AIBot] ACTION event=diag_snapshot bot=Bob {path_idle=true, food=20, air=300, mode=survival, task=idle, task_progress=1.0, goal=none, task_phase=, in_lava=false, step=, light=15, submerged=false, task_state=COMPLETED, held=empty, fall=0.0, pos=0,113,0, on_ground=true, hp=20.0/20.0, mining_idle=true, nearby=animals=0 hostiles=0, inv=empty}
[20:58:46] [Server thread/WARN]: [AIBot] PERCEPTION event=snapshot_slow bot=Bob {elapsed_ms=13}
[20:58:46] [Server thread/INFO]: [AIBot] ACTION event=capability_decision bot=Bob {context=diagnostic_nearby, capability=HIDDEN_BLOCK_SCAN, profile=strict_survival, allowed=false, reason=DENIED_STRICT_SURVIVAL}
[20:58:46] [Server thread/INFO]: [AIBot] ACTION event=diag_snapshot bot=Bob {path_idle=true, food=20, air=300, mode=survival, task=idle, task_progress=1.0, goal=none, task_phase=, in_lava=false, step=, light=15, submerged=false, task_state=COMPLETED, held=empty, fall=0.0, pos=0,113,0, on_ground=true, hp=20.0/20.0, mining_idle=true, nearby=animals=0 hostiles=0, inv=empty}
[20:58:48] [Server thread/INFO]: [AIBot] ACTION event=diag_snapshot bot=Bob {path_idle=true, food=20, air=300, mode=survival, task=idle, task_progress=1.0, goal=none, task_phase=, in_lava=false, step=, light=15, submerged=false, task_state=COMPLETED, held=empty, fall=0.0, pos=0,113,0, on_ground=true, hp=20.0/20.0, mining_idle=true, nearby=animals=0 hostiles=0, inv=empty}
[20:58:49] [Server thread/INFO]: [AIBot] ACTION event=capability_decision bot=Bob {context=observable_block_query, capability=HIDDEN_BLOCK_SCAN, profile=strict_survival, allowed=false, reason=DENIED_STRICT_SURVIVAL}
[20:58:49] [Server thread/INFO]: [AIBot] ACTION event=capability_decision bot=Bob {context=perception_snapshot, capability=HIDDEN_BLOCK_SCAN, profile=strict_survival, allowed=false, reason=DENIED_STRICT_SURVIVAL}
[20:58:49] [Server thread/INFO]: [AIBot] ACTION event=capability_decision bot=Bob {context=observable_entity_query, capability=HIDDEN_BLOCK_SCAN, profile=strict_survival, allowed=false, reason=DENIED_STRICT_SURVIVAL}
[20:58:50] [Server thread/INFO]: [AIBot] ACTION event=diag_snapshot bot=Bob {path_idle=true, food=20, air=300, mode=survival, task=idle, task_progress=1.0, goal=none, task_phase=, in_lava=false, step=, light=15, submerged=false, task_state=COMPLETED, held=empty, fall=0.0, pos=0,113,0, on_ground=true, hp=20.0/20.0, mining_idle=true, nearby=animals=0 hostiles=0, inv=empty}
[20:58:52] [Server thread/INFO]: [AIBot] ACTION event=capability_decision bot=Bob {context=diagnostic_nearby, capability=HIDDEN_BLOCK_SCAN, profile=strict_survival, allowed=false, reason=DENIED_STRICT_SURVIVAL}
[20:58:52] [Server thread/INFO]: [AIBot] ACTION event=diag_snapshot bot=Bob {path_idle=true, food=20, air=300, mode=survival, task=idle, task_progress=1.0, goal=none, task_phase=, in_lava=false, step=, light=15, submerged=false, task_state=COMPLETED, held=empty, fall=0.0, pos=0,113,0, on_ground=true, hp=20.0/20.0, mining_idle=true, nearby=animals=0 hostiles=0, inv=empty}
[20:58:54] [Server thread/INFO]: [AIBot] ACTION event=capability_decision bot=Bob {context=observable_block_query, capability=HIDDEN_BLOCK_SCAN, profile=strict_survival, allowed=false, reason=DENIED_STRICT_SURVIVAL}
[20:58:54] [Server thread/INFO]: [AIBot] ACTION event=capability_decision bot=Bob {context=perception_snapshot, capability=HIDDEN_BLOCK_SCAN, profile=strict_survival, allowed=false, reason=DENIED_STRICT_SURVIVAL}
[20:58:54] [Server thread/INFO]: [AIBot] ACTION event=capability_decision bot=Bob {context=observable_entity_query, capability=HIDDEN_BLOCK_SCAN, profile=strict_survival, allowed=false, reason=DENIED_STRICT_SURVIVAL}
[20:58:54] [Server thread/INFO]: [AIBot] ACTION event=diag_snapshot bot=Bob {path_idle=true, food=20, air=300, mode=survival, task=idle, task_progress=1.0, goal=none, task_phase=, in_lava=false, step=, light=15, submerged=false, task_state=COMPLETED, held=empty, fall=0.0, pos=0,113,0, on_ground=true, hp=20.0/20.0, mining_idle=true, nearby=animals=0 hostiles=0, inv=empty}
[20:58:56] [Server thread/INFO]: [AIBot] LIFECYCLE event=mixin_alive bot=- {server_tick=4800}
[20:58:56] [Server thread/INFO]: [AIBot] ACTION event=diag_snapshot bot=Bob {path_idle=true, food=20, air=300, mode=survival, task=idle, task_progress=1.0, goal=none, task_phase=, in_lava=false, step=, light=15, submerged=false, task_state=COMPLETED, held=empty, fall=0.0, pos=0,113,0, on_ground=true, hp=20.0/20.0, mining_idle=true, nearby=animals=0 hostiles=0, inv=empty}
[20:58:58] [Server thread/INFO]: [AIBot] ACTION event=capability_decision bot=Bob {context=diagnostic_nearby, capability=HIDDEN_BLOCK_SCAN, profile=strict_survival, allowed=false, reason=DENIED_STRICT_SURVIVAL}
[20:58:58] [Server thread/INFO]: [AIBot] ACTION event=diag_snapshot bot=Bob {path_idle=true, food=20, air=300, mode=survival, task=idle, task_progress=1.0, goal=none, task_phase=, in_lava=false, step=, light=15, submerged=false, task_state=COMPLETED, held=empty, fall=0.0, pos=0,113,0, on_ground=true, hp=20.0/20.0, mining_idle=true, nearby=animals=1(rabbit@15) hostiles=0, inv=empty}
[20:58:59] [Server thread/INFO]: [AIBot] ACTION event=capability_decision bot=Bob {context=observable_block_query, capability=HIDDEN_BLOCK_SCAN, profile=strict_survival, allowed=false, reason=DENIED_STRICT_SURVIVAL}
[20:58:59] [Server thread/INFO]: [AIBot] ACTION event=capability_decision bot=Bob {context=perception_snapshot, capability=HIDDEN_BLOCK_SCAN, profile=strict_survival, allowed=false, reason=DENIED_STRICT_SURVIVAL}
[20:58:59] [Server thread/INFO]: [AIBot] ACTION event=capability_decision bot=Bob {context=observable_entity_query, capability=HIDDEN_BLOCK_SCAN, profile=strict_survival, allowed=false, reason=DENIED_STRICT_SURVIVAL}
[20:59:00] [Server thread/INFO]: [AIBot] ACTION event=diag_snapshot bot=Bob {path_idle=true, food=20, air=300, mode=survival, task=idle, task_progress=1.0, goal=none, task_phase=, in_lava=false, step=, light=15, submerged=false, task_state=COMPLETED, held=empty, fall=0.0, pos=0,113,0, on_ground=true, hp=20.0/20.0, mining_idle=true, nearby=animals=1(rabbit@14) hostiles=0, inv=empty}
[20:59:02] [Server thread/INFO]: [AIBot] ACTION event=diag_snapshot bot=Bob {path_idle=true, food=20, air=300, mode=survival, task=idle, task_progress=1.0, goal=none, task_phase=, in_lava=false, step=, light=15, submerged=false, task_state=COMPLETED, held=empty, fall=0.0, pos=0,113,0, on_ground=true, hp=20.0/20.0, mining_idle=true, nearby=animals=1(rabbit@13) hostiles=0, inv=empty}
[20:59:04] [Server thread/INFO]: [AIBot] ACTION event=capability_decision bot=Bob {context=observable_block_query, capability=HIDDEN_BLOCK_SCAN, profile=strict_survival, allowed=false, reason=DENIED_STRICT_SURVIVAL}
[20:59:04] [Server thread/INFO]: [AIBot] ACTION event=capability_decision bot=Bob {context=perception_snapshot, capability=HIDDEN_BLOCK_SCAN, profile=strict_survival, allowed=false, reason=DENIED_STRICT_SURVIVAL}
[20:59:04] [Server thread/INFO]: [AIBot] ACTION event=capability_decision bot=Bob {context=observable_entity_query, capability=HIDDEN_BLOCK_SCAN, profile=strict_survival, allowed=false, reason=DENIED_STRICT_SURVIVAL}
[20:59:04] [Server thread/INFO]: [AIBot] ACTION event=capability_decision bot=Bob {context=diagnostic_nearby, capability=HIDDEN_BLOCK_SCAN, profile=strict_survival, allowed=false, reason=DENIED_STRICT_SURVIVAL}
[20:59:04] [Server thread/INFO]: [AIBot] ACTION event=diag_snapshot bot=Bob {path_idle=true, food=20, air=300, mode=survival, task=idle, task_progress=1.0, goal=none, task_phase=, in_lava=false, step=, light=15, submerged=false, task_state=COMPLETED, held=empty, fall=0.0, pos=0,113,0, on_ground=true, hp=20.0/20.0, mining_idle=true, nearby=animals=1(rabbit@11) hostiles=0, inv=empty}
[20:59:05] [Server thread/WARN]: [AIBot] PERCEPTION event=snapshot_slow bot=Bob {elapsed_ms=14}
[20:59:06] [Server thread/INFO]: [AIBot] ACTION event=diag_snapshot bot=Bob {path_idle=true, food=20, air=300, mode=survival, task=idle, task_progress=1.0, goal=none, task_phase=, in_lava=false, step=, light=15, submerged=false, task_state=COMPLETED, held=empty, fall=0.0, pos=0,113,0, on_ground=true, hp=20.0/20.0, mining_idle=true, nearby=animals=1(rabbit@11) hostiles=0, inv=empty}
[20:59:08] [Server thread/INFO]: [AIBot] ACTION event=diag_snapshot bot=Bob {path_idle=true, food=20, air=300, mode=survival, task=idle, task_progress=1.0, goal=none, task_phase=, in_lava=false, step=, light=15, submerged=false, task_state=COMPLETED, held=empty, fall=0.0, pos=0,113,0, on_ground=true, hp=20.0/20.0, mining_idle=true, nearby=animals=1(rabbit@10) hostiles=0, inv=empty}
[20:59:09] [Server thread/INFO]: [AIBot] ACTION event=capability_decision bot=Bob {context=observable_block_query, capability=HIDDEN_BLOCK_SCAN, profile=strict_survival, allowed=false, reason=DENIED_STRICT_SURVIVAL}
[20:59:09] [Server thread/INFO]: [AIBot] ACTION event=capability_decision bot=Bob {context=perception_snapshot, capability=HIDDEN_BLOCK_SCAN, profile=strict_survival, allowed=false, reason=DENIED_STRICT_SURVIVAL}
[20:59:09] [Server thread/INFO]: [AIBot] ACTION event=capability_decision bot=Bob {context=observable_entity_query, capability=HIDDEN_BLOCK_SCAN, profile=strict_survival, allowed=false, reason=DENIED_STRICT_SURVIVAL}
[20:59:09] [Server thread/WARN]: [AIBot] PERCEPTION event=snapshot_slow bot=Bob {elapsed_ms=18}
[20:59:10] [Server thread/WARN]: [AIBot] PERCEPTION event=snapshot_slow bot=Bob {elapsed_ms=15}
[20:59:10] [Server thread/INFO]: [AIBot] ACTION event=capability_decision bot=Bob {context=diagnostic_nearby, capability=HIDDEN_BLOCK_SCAN, profile=strict_survival, allowed=false, reason=DENIED_STRICT_SURVIVAL}
[20:59:10] [Server thread/INFO]: [AIBot] ACTION event=diag_snapshot bot=Bob {path_idle=true, food=20, air=300, mode=survival, task=idle, task_progress=1.0, goal=none, task_phase=, in_lava=false, step=, light=15, submerged=false, task_state=COMPLETED, held=empty, fall=0.0, pos=0,113,0, on_ground=true, hp=20.0/20.0, mining_idle=true, nearby=animals=1(rabbit@10) hostiles=0, inv=empty}
[20:59:10] [Server thread/WARN]: [AIBot] PERCEPTION event=snapshot_slow bot=Bob {elapsed_ms=19}
[20:59:11] [Server thread/WARN]: [AIBot] PERCEPTION event=snapshot_slow bot=Bob {elapsed_ms=15}
[20:59:11] [Server thread/WARN]: [AIBot] PERCEPTION event=snapshot_slow bot=Bob {elapsed_ms=13}
[20:59:12] [Server thread/WARN]: [AIBot] PERCEPTION event=snapshot_slow bot=Bob {elapsed_ms=14}
[20:59:12] [Server thread/INFO]: [AIBot] ACTION event=diag_snapshot bot=Bob {path_idle=true, food=20, air=300, mode=survival, task=idle, task_progress=1.0, goal=none, task_phase=, in_lava=false, step=, light=15, submerged=false, task_state=COMPLETED, held=empty, fall=0.0, pos=0,113,0, on_ground=true, hp=20.0/20.0, mining_idle=true, nearby=animals=1(rabbit@11) hostiles=0, inv=empty}
[20:59:12] [Server thread/WARN]: [AIBot] PERCEPTION event=snapshot_slow bot=Bob {elapsed_ms=14}
[20:59:13] [Server thread/WARN]: [AIBot] PERCEPTION event=snapshot_slow bot=Bob {elapsed_ms=17}
[20:59:13] [Server thread/WARN]: [AIBot] PERCEPTION event=snapshot_slow bot=Bob {elapsed_ms=22}
[20:59:14] [Server thread/INFO]: [AIBot] ACTION event=capability_decision bot=Bob {context=observable_block_query, capability=HIDDEN_BLOCK_SCAN, profile=strict_survival, allowed=false, reason=DENIED_STRICT_SURVIVAL}
[20:59:14] [Server thread/INFO]: [AIBot] ACTION event=capability_decision bot=Bob {context=perception_snapshot, capability=HIDDEN_BLOCK_SCAN, profile=strict_survival, allowed=false, reason=DENIED_STRICT_SURVIVAL}
[20:59:14] [Server thread/INFO]: [AIBot] ACTION event=capability_decision bot=Bob {context=observable_entity_query, capability=HIDDEN_BLOCK_SCAN, profile=strict_survival, allowed=false, reason=DENIED_STRICT_SURVIVAL}
[20:59:14] [Server thread/WARN]: [AIBot] PERCEPTION event=snapshot_slow bot=Bob {elapsed_ms=16}
[20:59:14] [Server thread/INFO]: [AIBot] ACTION event=diag_snapshot bot=Bob {path_idle=true, food=20, air=300, mode=survival, task=idle, task_progress=1.0, goal=none, task_phase=, in_lava=false, step=, light=15, submerged=false, task_state=COMPLETED, held=empty, fall=0.0, pos=0,113,0, on_ground=true, hp=20.0/20.0, mining_idle=true, nearby=animals=1(rabbit@10) hostiles=0, inv=empty}
[20:59:14] [Server thread/WARN]: [AIBot] PERCEPTION event=snapshot_slow bot=Bob {elapsed_ms=13}
[20:59:15] [Server thread/WARN]: [AIBot] PERCEPTION event=snapshot_slow bot=Bob {elapsed_ms=17}
[20:59:15] [Server thread/WARN]: [AIBot] PERCEPTION event=snapshot_slow bot=Bob {elapsed_ms=19}
[20:59:16] [Server thread/WARN]: [AIBot] PERCEPTION event=snapshot_slow bot=Bob {elapsed_ms=20}
[20:59:16] [Server thread/INFO]: [AIBot] ACTION event=capability_decision bot=Bob {context=diagnostic_nearby, capability=HIDDEN_BLOCK_SCAN, profile=strict_survival, allowed=false, reason=DENIED_STRICT_SURVIVAL}
[20:59:16] [Server thread/INFO]: [AIBot] ACTION event=diag_snapshot bot=Bob {path_idle=true, food=20, air=300, mode=survival, task=idle, task_progress=1.0, goal=none, task_phase=, in_lava=false, step=, light=15, submerged=false, task_state=COMPLETED, held=empty, fall=0.0, pos=0,113,0, on_ground=true, hp=20.0/20.0, mining_idle=true, nearby=animals=1(rabbit@10) hostiles=0, inv=empty}
[20:59:16] [Server thread/WARN]: [AIBot] PERCEPTION event=snapshot_slow bot=Bob {elapsed_ms=18}
[20:59:17] [Server thread/WARN]: [AIBot] PERCEPTION event=snapshot_slow bot=Bob {elapsed_ms=17}
[20:59:17] [Server thread/WARN]: [AIBot] PERCEPTION event=snapshot_slow bot=Bob {elapsed_ms=17}
[20:59:18] [Server thread/WARN]: [AIBot] PERCEPTION event=snapshot_slow bot=Bob {elapsed_ms=17}
[20:59:18] [Server thread/INFO]: [AIBot] ACTION event=diag_snapshot bot=Bob {path_idle=true, food=20, air=300, mode=survival, task=idle, task_progress=1.0, goal=none, task_phase=, in_lava=false, step=, light=15, submerged=false, task_state=COMPLETED, held=empty, fall=0.0, pos=0,113,0, on_ground=true, hp=20.0/20.0, mining_idle=true, nearby=animals=1(rabbit@10) hostiles=0, inv=empty}
[20:59:18] [Server thread/WARN]: [AIBot] PERCEPTION event=snapshot_slow bot=Bob {elapsed_ms=14}
[20:59:19] [Server thread/INFO]: [AIBot] ACTION event=capability_decision bot=Bob {context=observable_block_query, capability=HIDDEN_BLOCK_SCAN, profile=strict_survival, allowed=false, reason=DENIED_STRICT_SURVIVAL}
[20:59:19] [Server thread/INFO]: [AIBot] ACTION event=capability_decision bot=Bob {context=perception_snapshot, capability=HIDDEN_BLOCK_SCAN, profile=strict_survival, allowed=false, reason=DENIED_STRICT_SURVIVAL}
[20:59:19] [Server thread/INFO]: [AIBot] ACTION event=capability_decision bot=Bob {context=observable_entity_query, capability=HIDDEN_BLOCK_SCAN, profile=strict_survival, allowed=false, reason=DENIED_STRICT_SURVIVAL}
[20:59:19] [Server thread/WARN]: [AIBot] PERCEPTION event=snapshot_slow bot=Bob {elapsed_ms=15}
[20:59:19] [Server thread/WARN]: [AIBot] PERCEPTION event=snapshot_slow bot=Bob {elapsed_ms=14}
[20:59:20] [Server thread/WARN]: [AIBot] PERCEPTION event=snapshot_slow bot=Bob {elapsed_ms=11}
[20:59:20] [Server thread/INFO]: [AIBot] ACTION event=diag_snapshot bot=Bob {path_idle=true, food=20, air=300, mode=survival, task=idle, task_progress=1.0, goal=none, task_phase=, in_lava=false, step=, light=15, submerged=false, task_state=COMPLETED, held=empty, fall=0.0, pos=0,113,0, on_ground=true, hp=20.0/20.0, mining_idle=true, nearby=animals=1(rabbit@11) hostiles=0, inv=empty}
[20:59:20] [Server thread/WARN]: [AIBot] PERCEPTION event=snapshot_slow bot=Bob {elapsed_ms=11}
[20:59:21] [Server thread/WARN]: [AIBot] PERCEPTION event=snapshot_slow bot=Bob {elapsed_ms=14}
[20:59:21] [Server thread/WARN]: [AIBot] PERCEPTION event=snapshot_slow bot=Bob {elapsed_ms=20}
[20:59:22] [Server thread/WARN]: [AIBot] PERCEPTION event=snapshot_slow bot=Bob {elapsed_ms=11}
[20:59:22] [Server thread/INFO]: [AIBot] ACTION event=capability_decision bot=Bob {context=diagnostic_nearby, capability=HIDDEN_BLOCK_SCAN, profile=strict_survival, allowed=false, reason=DENIED_STRICT_SURVIVAL}
[20:59:22] [Server thread/INFO]: [AIBot] ACTION event=diag_snapshot bot=Bob {path_idle=true, food=20, air=300, mode=survival, task=idle, task_progress=1.0, goal=none, task_phase=, in_lava=false, step=, light=15, submerged=false, task_state=COMPLETED, held=empty, fall=0.0, pos=0,113,0, on_ground=true, hp=20.0/20.0, mining_idle=true, nearby=animals=1(rabbit@10) hostiles=0, inv=empty}
[20:59:22] [Server thread/WARN]: [AIBot] PERCEPTION event=snapshot_slow bot=Bob {elapsed_ms=16}
[20:59:23] [Server thread/WARN]: [AIBot] PERCEPTION event=snapshot_slow bot=Bob {elapsed_ms=13}
[20:59:23] [Server thread/WARN]: [AIBot] PERCEPTION event=snapshot_slow bot=Bob {elapsed_ms=21}
[20:59:24] [Server thread/INFO]: [AIBot] ACTION event=capability_decision bot=Bob {context=observable_block_query, capability=HIDDEN_BLOCK_SCAN, profile=strict_survival, allowed=false, reason=DENIED_STRICT_SURVIVAL}
[20:59:24] [Server thread/INFO]: [AIBot] ACTION event=capability_decision bot=Bob {context=perception_snapshot, capability=HIDDEN_BLOCK_SCAN, profile=strict_survival, allowed=false, reason=DENIED_STRICT_SURVIVAL}
[20:59:24] [Server thread/INFO]: [AIBot] ACTION event=capability_decision bot=Bob {context=observable_entity_query, capability=HIDDEN_BLOCK_SCAN, profile=strict_survival, allowed=false, reason=DENIED_STRICT_SURVIVAL}
[20:59:24] [Server thread/WARN]: [AIBot] PERCEPTION event=snapshot_slow bot=Bob {elapsed_ms=21}
[20:59:24] [Server thread/INFO]: [AIBot] ACTION event=diag_snapshot bot=Bob {path_idle=true, food=20, air=300, mode=survival, task=idle, task_progress=1.0, goal=none, task_phase=, in_lava=false, step=, light=15, submerged=false, task_state=COMPLETED, held=empty, fall=0.0, pos=0,113,0, on_ground=true, hp=20.0/20.0, mining_idle=true, nearby=animals=1(rabbit@10) hostiles=0, inv=empty}
[20:59:24] [Server thread/WARN]: [AIBot] PERCEPTION event=snapshot_slow bot=Bob {elapsed_ms=19}
[20:59:25] [Server thread/WARN]: [AIBot] PERCEPTION event=snapshot_slow bot=Bob {elapsed_ms=19}
[20:59:25] [Server thread/WARN]: [AIBot] PERCEPTION event=snapshot_slow bot=Bob {elapsed_ms=18}
[20:59:26] [Server thread/WARN]: [AIBot] PERCEPTION event=snapshot_slow bot=Bob {elapsed_ms=13}
[20:59:26] [Server thread/INFO]: [AIBot] ACTION event=diag_snapshot bot=Bob {path_idle=true, food=20, air=300, mode=survival, task=idle, task_progress=1.0, goal=none, task_phase=, in_lava=false, step=, light=15, submerged=false, task_state=COMPLETED, held=empty, fall=0.0, pos=0,113,0, on_ground=true, hp=20.0/20.0, mining_idle=true, nearby=animals=2(rabbit@11) hostiles=0, inv=empty}
[20:59:26] [Server thread/WARN]: [AIBot] PERCEPTION event=snapshot_slow bot=Bob {elapsed_ms=15}
[20:59:27] [Server thread/WARN]: [AIBot] PERCEPTION event=snapshot_slow bot=Bob {elapsed_ms=15}
[20:59:27] [Server thread/WARN]: [AIBot] PERCEPTION event=snapshot_slow bot=Bob {elapsed_ms=13}
[20:59:28] [Server thread/WARN]: [AIBot] PERCEPTION event=snapshot_slow bot=Bob {elapsed_ms=21}
[20:59:28] [Server thread/INFO]: [AIBot] ACTION event=capability_decision bot=Bob {context=diagnostic_nearby, capability=HIDDEN_BLOCK_SCAN, profile=strict_survival, allowed=false, reason=DENIED_STRICT_SURVIVAL}
[20:59:28] [Server thread/INFO]: [AIBot] ACTION event=diag_snapshot bot=Bob {path_idle=true, food=20, air=300, mode=survival, task=idle, task_progress=1.0, goal=none, task_phase=, in_lava=false, step=, light=15, submerged=false, task_state=COMPLETED, held=empty, fall=0.0, pos=0,113,0, on_ground=true, hp=20.0/20.0, mining_idle=true, nearby=animals=1(rabbit@10) hostiles=0, inv=empty}
[20:59:28] [Server thread/WARN]: [AIBot] PERCEPTION event=snapshot_slow bot=Bob {elapsed_ms=12}
[20:59:29] [Server thread/INFO]: [AIBot] ACTION event=capability_decision bot=Bob {context=observable_block_query, capability=HIDDEN_BLOCK_SCAN, profile=strict_survival, allowed=false, reason=DENIED_STRICT_SURVIVAL}
[20:59:29] [Server thread/INFO]: [AIBot] ACTION event=capability_decision bot=Bob {context=perception_snapshot, capability=HIDDEN_BLOCK_SCAN, profile=strict_survival, allowed=false, reason=DENIED_STRICT_SURVIVAL}
[20:59:29] [Server thread/INFO]: [AIBot] ACTION event=capability_decision bot=Bob {context=observable_entity_query, capability=HIDDEN_BLOCK_SCAN, profile=strict_survival, allowed=false, reason=DENIED_STRICT_SURVIVAL}
[20:59:29] [Server thread/WARN]: [AIBot] PERCEPTION event=snapshot_slow bot=Bob {elapsed_ms=12}
[20:59:29] [Server thread/WARN]: [AIBot] PERCEPTION event=snapshot_slow bot=Bob {elapsed_ms=12}
[20:59:30] [Server thread/WARN]: [AIBot] PERCEPTION event=snapshot_slow bot=Bob {elapsed_ms=20}
[20:59:30] [Server thread/INFO]: [AIBot] ACTION event=diag_snapshot bot=Bob {path_idle=true, food=20, air=300, mode=survival, task=idle, task_progress=1.0, goal=none, task_phase=, in_lava=false, step=, light=15, submerged=false, task_state=COMPLETED, held=empty, fall=0.0, pos=0,113,0, on_ground=true, hp=20.0/20.0, mining_idle=true, nearby=animals=1(rabbit@10) hostiles=0, inv=empty}
[20:59:30] [Server thread/WARN]: [AIBot] PERCEPTION event=snapshot_slow bot=Bob {elapsed_ms=14}
[20:59:31] [Server thread/WARN]: [AIBot] PERCEPTION event=snapshot_slow bot=Bob {elapsed_ms=20}
[20:59:31] [Server thread/WARN]: [AIBot] PERCEPTION event=snapshot_slow bot=Bob {elapsed_ms=14}
[20:59:32] [Server thread/WARN]: [AIBot] PERCEPTION event=snapshot_slow bot=Bob {elapsed_ms=19}
[20:59:32] [Server thread/INFO]: [AIBot] ACTION event=diag_snapshot bot=Bob {path_idle=true, food=20, air=300, mode=survival, task=idle, task_progress=1.0, goal=none, task_phase=, in_lava=false, step=, light=15, submerged=false, task_state=COMPLETED, held=empty, fall=0.0, pos=0,113,0, on_ground=true, hp=20.0/20.0, mining_idle=true, nearby=animals=1(rabbit@10) hostiles=0, inv=empty}
[20:59:32] [Server thread/WARN]: [AIBot] PERCEPTION event=snapshot_slow bot=Bob {elapsed_ms=19}
[20:59:33] [Server thread/WARN]: [AIBot] PERCEPTION event=snapshot_slow bot=Bob {elapsed_ms=15}
[20:59:33] [Server thread/WARN]: [AIBot] PERCEPTION event=snapshot_slow bot=Bob {elapsed_ms=22}
[20:59:34] [Server thread/INFO]: [AIBot] ACTION event=capability_decision bot=Bob {context=observable_block_query, capability=HIDDEN_BLOCK_SCAN, profile=strict_survival, allowed=false, reason=DENIED_STRICT_SURVIVAL}
[20:59:34] [Server thread/INFO]: [AIBot] ACTION event=capability_decision bot=Bob {context=perception_snapshot, capability=HIDDEN_BLOCK_SCAN, profile=strict_survival, allowed=false, reason=DENIED_STRICT_SURVIVAL}
[20:59:34] [Server thread/INFO]: [AIBot] ACTION event=capability_decision bot=Bob {context=observable_entity_query, capability=HIDDEN_BLOCK_SCAN, profile=strict_survival, allowed=false, reason=DENIED_STRICT_SURVIVAL}
[20:59:34] [Server thread/WARN]: [AIBot] PERCEPTION event=snapshot_slow bot=Bob {elapsed_ms=19}
[20:59:34] [Server thread/INFO]: [AIBot] ACTION event=capability_decision bot=Bob {context=diagnostic_nearby, capability=HIDDEN_BLOCK_SCAN, profile=strict_survival, allowed=false, reason=DENIED_STRICT_SURVIVAL}
[20:59:34] [Server thread/INFO]: [AIBot] ACTION event=diag_snapshot bot=Bob {path_idle=true, food=20, air=300, mode=survival, task=idle, task_progress=1.0, goal=none, task_phase=, in_lava=false, step=, light=15, submerged=false, task_state=COMPLETED, held=empty, fall=0.0, pos=0,113,0, on_ground=true, hp=20.0/20.0, mining_idle=true, nearby=animals=1(rabbit@11) hostiles=0, inv=empty}
[20:59:34] [Server thread/WARN]: [AIBot] PERCEPTION event=snapshot_slow bot=Bob {elapsed_ms=19}
[20:59:35] [Server thread/WARN]: [AIBot] PERCEPTION event=snapshot_slow bot=Bob {elapsed_ms=21}
[20:59:35] [Server thread/WARN]: [AIBot] PERCEPTION event=snapshot_slow bot=Bob {elapsed_ms=16}
[20:59:36] [Server thread/WARN]: [AIBot] PERCEPTION event=snapshot_slow bot=Bob {elapsed_ms=21}
[20:59:36] [Server thread/INFO]: [AIBot] ACTION event=diag_snapshot bot=Bob {path_idle=true, food=20, air=300, mode=survival, task=idle, task_progress=1.0, goal=none, task_phase=, in_lava=false, step=, light=15, submerged=false, task_state=COMPLETED, held=empty, fall=0.0, pos=0,113,0, on_ground=true, hp=20.0/20.0, mining_idle=true, nearby=animals=1(rabbit@10) hostiles=0, inv=empty}
[20:59:36] [Server thread/WARN]: [AIBot] PERCEPTION event=snapshot_slow bot=Bob {elapsed_ms=17}
[20:59:37] [Server thread/WARN]: [AIBot] PERCEPTION event=snapshot_slow bot=Bob {elapsed_ms=17}
[20:59:37] [Server thread/WARN]: [AIBot] PERCEPTION event=snapshot_slow bot=Bob {elapsed_ms=13}
[20:59:38] [Server thread/WARN]: [AIBot] PERCEPTION event=snapshot_slow bot=Bob {elapsed_ms=20}
[20:59:38] [Server thread/INFO]: [AIBot] ACTION event=diag_snapshot bot=Bob {path_idle=true, food=20, air=300, mode=survival, task=idle, task_progress=1.0, goal=none, task_phase=, in_lava=false, step=, light=15, submerged=false, task_state=COMPLETED, held=empty, fall=0.0, pos=0,113,0, on_ground=true, hp=20.0/20.0, mining_idle=true, nearby=animals=1(rabbit@10) hostiles=0, inv=empty}
[20:59:38] [Server thread/WARN]: [AIBot] PERCEPTION event=snapshot_slow bot=Bob {elapsed_ms=15}
[20:59:39] [Server thread/INFO]: [AIBot] ACTION event=capability_decision bot=Bob {context=observable_block_query, capability=HIDDEN_BLOCK_SCAN, profile=strict_survival, allowed=false, reason=DENIED_STRICT_SURVIVAL}
[20:59:39] [Server thread/INFO]: [AIBot] ACTION event=capability_decision bot=Bob {context=perception_snapshot, capability=HIDDEN_BLOCK_SCAN, profile=strict_survival, allowed=false, reason=DENIED_STRICT_SURVIVAL}
[20:59:39] [Server thread/INFO]: [AIBot] ACTION event=capability_decision bot=Bob {context=observable_entity_query, capability=HIDDEN_BLOCK_SCAN, profile=strict_survival, allowed=false, reason=DENIED_STRICT_SURVIVAL}
[20:59:39] [Server thread/WARN]: [AIBot] PERCEPTION event=snapshot_slow bot=Bob {elapsed_ms=22}
[20:59:39] [Server thread/WARN]: [AIBot] PERCEPTION event=snapshot_slow bot=Bob {elapsed_ms=14}
[20:59:40] [Server thread/WARN]: [AIBot] PERCEPTION event=snapshot_slow bot=Bob {elapsed_ms=22}
[20:59:40] [Server thread/INFO]: [AIBot] ACTION event=capability_decision bot=Bob {context=diagnostic_nearby, capability=HIDDEN_BLOCK_SCAN, profile=strict_survival, allowed=false, reason=DENIED_STRICT_SURVIVAL}
[20:59:40] [Server thread/INFO]: [AIBot] ACTION event=diag_snapshot bot=Bob {path_idle=true, food=20, air=300, mode=survival, task=idle, task_progress=1.0, goal=none, task_phase=, in_lava=false, step=, light=15, submerged=false, task_state=COMPLETED, held=empty, fall=0.0, pos=0,113,0, on_ground=true, hp=20.0/20.0, mining_idle=true, nearby=animals=2(rabbit@11) hostiles=0, inv=empty}
[20:59:40] [Server thread/WARN]: [AIBot] PERCEPTION event=snapshot_slow bot=Bob {elapsed_ms=15}
[20:59:41] [Server thread/WARN]: [AIBot] PERCEPTION event=snapshot_slow bot=Bob {elapsed_ms=18}
[20:59:41] [Server thread/WARN]: [AIBot] PERCEPTION event=snapshot_slow bot=Bob {elapsed_ms=12}
[20:59:42] [Server thread/WARN]: [AIBot] PERCEPTION event=snapshot_slow bot=Bob {elapsed_ms=18}
[20:59:42] [Server thread/INFO]: [AIBot] ACTION event=diag_snapshot bot=Bob {path_idle=true, food=20, air=300, mode=survival, task=idle, task_progress=1.0, goal=none, task_phase=, in_lava=false, step=, light=15, submerged=false, task_state=COMPLETED, held=empty, fall=0.0, pos=0,113,0, on_ground=true, hp=20.0/20.0, mining_idle=true, nearby=animals=2(villager@10) hostiles=0, inv=empty}
[20:59:42] [Server thread/WARN]: [AIBot] PERCEPTION event=snapshot_slow bot=Bob {elapsed_ms=13}
[20:59:43] [Server thread/WARN]: [AIBot] PERCEPTION event=snapshot_slow bot=Bob {elapsed_ms=11}
[20:59:43] [Server thread/WARN]: [AIBot] PERCEPTION event=snapshot_slow bot=Bob {elapsed_ms=13}
[20:59:44] [Server thread/INFO]: [AIBot] ACTION event=capability_decision bot=Bob {context=observable_block_query, capability=HIDDEN_BLOCK_SCAN, profile=strict_survival, allowed=false, reason=DENIED_STRICT_SURVIVAL}
[20:59:44] [Server thread/INFO]: [AIBot] ACTION event=capability_decision bot=Bob {context=perception_snapshot, capability=HIDDEN_BLOCK_SCAN, profile=strict_survival, allowed=false, reason=DENIED_STRICT_SURVIVAL}
[20:59:44] [Server thread/INFO]: [AIBot] ACTION event=capability_decision bot=Bob {context=observable_entity_query, capability=HIDDEN_BLOCK_SCAN, profile=strict_survival, allowed=false, reason=DENIED_STRICT_SURVIVAL}
[20:59:44] [Server thread/WARN]: [AIBot] PERCEPTION event=snapshot_slow bot=Bob {elapsed_ms=19}
[20:59:44] [Server thread/INFO]: [AIBot] ACTION event=diag_snapshot bot=Bob {path_idle=true, food=20, air=300, mode=survival, task=idle, task_progress=1.0, goal=none, task_phase=, in_lava=false, step=, light=15, submerged=false, task_state=COMPLETED, held=empty, fall=0.0, pos=0,113,0, on_ground=true, hp=20.0/20.0, mining_idle=true, nearby=animals=2(villager@10) hostiles=0, inv=empty}
[20:59:44] [Server thread/WARN]: [AIBot] PERCEPTION event=snapshot_slow bot=Bob {elapsed_ms=17}
[20:59:45] [Server thread/WARN]: [AIBot] PERCEPTION event=snapshot_slow bot=Bob {elapsed_ms=17}
[20:59:45] [Server thread/WARN]: [AIBot] PERCEPTION event=snapshot_slow bot=Bob {elapsed_ms=11}
[20:59:46] [Server thread/WARN]: [AIBot] PERCEPTION event=snapshot_slow bot=Bob {elapsed_ms=11}
[20:59:46] [Server thread/INFO]: [AIBot] ACTION event=capability_decision bot=Bob {context=diagnostic_nearby, capability=HIDDEN_BLOCK_SCAN, profile=strict_survival, allowed=false, reason=DENIED_STRICT_SURVIVAL}
[20:59:46] [Server thread/INFO]: [AIBot] ACTION event=diag_snapshot bot=Bob {path_idle=true, food=20, air=300, mode=survival, task=idle, task_progress=1.0, goal=none, task_phase=, in_lava=false, step=, light=15, submerged=false, task_state=COMPLETED, held=empty, fall=0.0, pos=0,113,0, on_ground=true, hp=20.0/20.0, mining_idle=true, nearby=animals=2(villager@10) hostiles=0, inv=empty}
[20:59:46] [Server thread/WARN]: [AIBot] PERCEPTION event=snapshot_slow bot=Bob {elapsed_ms=12}
[20:59:47] [Server thread/WARN]: [AIBot] PERCEPTION event=snapshot_slow bot=Bob {elapsed_ms=18}
[20:59:47] [Server thread/WARN]: [AIBot] PERCEPTION event=snapshot_slow bot=Bob {elapsed_ms=14}
[20:59:48] [Server thread/WARN]: [AIBot] PERCEPTION event=snapshot_slow bot=Bob {elapsed_ms=12}
[20:59:48] [Server thread/INFO]: [AIBot] ACTION event=diag_snapshot bot=Bob {path_idle=true, food=20, air=300, mode=survival, task=idle, task_progress=1.0, goal=none, task_phase=, in_lava=false, step=, light=15, submerged=false, task_state=COMPLETED, held=empty, fall=0.0, pos=0,113,0, on_ground=true, hp=20.0/20.0, mining_idle=true, nearby=animals=2(villager@10) hostiles=0, inv=empty}
[20:59:48] [Server thread/WARN]: [AIBot] PERCEPTION event=snapshot_slow bot=Bob {elapsed_ms=12}
[20:59:49] [Server thread/INFO]: [AIBot] ACTION event=capability_decision bot=Bob {context=observable_block_query, capability=HIDDEN_BLOCK_SCAN, profile=strict_survival, allowed=false, reason=DENIED_STRICT_SURVIVAL}
[20:59:49] [Server thread/INFO]: [AIBot] ACTION event=capability_decision bot=Bob {context=perception_snapshot, capability=HIDDEN_BLOCK_SCAN, profile=strict_survival, allowed=false, reason=DENIED_STRICT_SURVIVAL}
[20:59:49] [Server thread/INFO]: [AIBot] ACTION event=capability_decision bot=Bob {context=observable_entity_query, capability=HIDDEN_BLOCK_SCAN, profile=strict_survival, allowed=false, reason=DENIED_STRICT_SURVIVAL}
[20:59:49] [Server thread/WARN]: [AIBot] PERCEPTION event=snapshot_slow bot=Bob {elapsed_ms=20}
[20:59:49] [Server thread/WARN]: [AIBot] PERCEPTION event=snapshot_slow bot=Bob {elapsed_ms=12}
[20:59:50] [Server thread/WARN]: [AIBot] PERCEPTION event=snapshot_slow bot=Bob {elapsed_ms=11}
[20:59:50] [Server thread/INFO]: [AIBot] ACTION event=diag_snapshot bot=Bob {path_idle=true, food=20, air=300, mode=survival, task=idle, task_progress=1.0, goal=none, task_phase=, in_lava=false, step=, light=15, submerged=false, task_state=COMPLETED, held=empty, fall=0.0, pos=0,113,0, on_ground=true, hp=20.0/20.0, mining_idle=true, nearby=animals=2(rabbit@10) hostiles=0, inv=empty}
[20:59:50] [Server thread/WARN]: [AIBot] PERCEPTION event=snapshot_slow bot=Bob {elapsed_ms=12}
[20:59:51] [Server thread/WARN]: [AIBot] PERCEPTION event=snapshot_slow bot=Bob {elapsed_ms=12}
[20:59:51] [Server thread/WARN]: [AIBot] PERCEPTION event=snapshot_slow bot=Bob {elapsed_ms=11}
[20:59:52] [Server thread/WARN]: [AIBot] PERCEPTION event=snapshot_slow bot=Bob {elapsed_ms=13}
[20:59:52] [Server thread/INFO]: [AIBot] ACTION event=capability_decision bot=Bob {context=diagnostic_nearby, capability=HIDDEN_BLOCK_SCAN, profile=strict_survival, allowed=false, reason=DENIED_STRICT_SURVIVAL}
[20:59:52] [Server thread/INFO]: [AIBot] ACTION event=diag_snapshot bot=Bob {path_idle=true, food=20, air=300, mode=survival, task=idle, task_progress=1.0, goal=none, task_phase=, in_lava=false, step=, light=15, submerged=false, task_state=COMPLETED, held=empty, fall=0.0, pos=0,113,0, on_ground=true, hp=20.0/20.0, mining_idle=true, nearby=animals=2(rabbit@10) hostiles=0, inv=empty}
[20:59:52] [Server thread/WARN]: [AIBot] PERCEPTION event=snapshot_slow bot=Bob {elapsed_ms=12}
[20:59:53] [Server thread/WARN]: [AIBot] PERCEPTION event=snapshot_slow bot=Bob {elapsed_ms=15}
[20:59:54] [Server thread/INFO]: [AIBot] ACTION event=capability_decision bot=Bob {context=observable_block_query, capability=HIDDEN_BLOCK_SCAN, profile=strict_survival, allowed=false, reason=DENIED_STRICT_SURVIVAL}
[20:59:54] [Server thread/INFO]: [AIBot] ACTION event=capability_decision bot=Bob {context=perception_snapshot, capability=HIDDEN_BLOCK_SCAN, profile=strict_survival, allowed=false, reason=DENIED_STRICT_SURVIVAL}
[20:59:54] [Server thread/INFO]: [AIBot] ACTION event=capability_decision bot=Bob {context=observable_entity_query, capability=HIDDEN_BLOCK_SCAN, profile=strict_survival, allowed=false, reason=DENIED_STRICT_SURVIVAL}
[20:59:54] [Server thread/INFO]: [AIBot] ACTION event=diag_snapshot bot=Bob {path_idle=true, food=20, air=300, mode=survival, task=idle, task_progress=1.0, goal=none, task_phase=, in_lava=false, step=, light=15, submerged=false, task_state=COMPLETED, held=empty, fall=0.0, pos=0,113,0, on_ground=true, hp=20.0/20.0, mining_idle=true, nearby=animals=2(rabbit@11) hostiles=0, inv=empty}
[20:59:55] [Server thread/WARN]: [AIBot] PERCEPTION event=snapshot_slow bot=Bob {elapsed_ms=14}
[20:59:56] [Server thread/INFO]: [AIBot] LIFECYCLE event=mixin_alive bot=- {server_tick=6000}
[20:59:56] [Server thread/INFO]: [AIBot] ACTION event=diag_snapshot bot=Bob {path_idle=true, food=20, air=300, mode=survival, task=idle, task_progress=1.0, goal=none, task_phase=, in_lava=false, step=, light=15, submerged=false, task_state=COMPLETED, held=empty, fall=0.0, pos=0,113,0, on_ground=true, hp=20.0/20.0, mining_idle=true, nearby=animals=2(rabbit@10) hostiles=0, inv=empty}
[20:59:57] [AIBotPersistenceWriter/INFO]: [AIBot] LIFECYCLE event=runtime_persist_saved bot=- {path=.\world\.\aibot\runtime.json, bots=1, jobs=0, schema=1, atomic_move=true}
[20:59:58] [Server thread/WARN]: [AIBot] PERCEPTION event=snapshot_slow bot=Bob {elapsed_ms=12}
[20:59:58] [Server thread/INFO]: [AIBot] ACTION event=capability_decision bot=Bob {context=diagnostic_nearby, capability=HIDDEN_BLOCK_SCAN, profile=strict_survival, allowed=false, reason=DENIED_STRICT_SURVIVAL}
[20:59:58] [Server thread/INFO]: [AIBot] ACTION event=diag_snapshot bot=Bob {path_idle=true, food=20, air=300, mode=survival, task=idle, task_progress=1.0, goal=none, task_phase=, in_lava=false, step=, light=15, submerged=false, task_state=COMPLETED, held=empty, fall=0.0, pos=0,113,0, on_ground=true, hp=20.0/20.0, mining_idle=true, nearby=animals=1(rabbit@10) hostiles=0, inv=empty}
[20:59:58] [Server thread/WARN]: [AIBot] PERCEPTION event=snapshot_slow bot=Bob {elapsed_ms=12}
[20:59:59] [Server thread/INFO]: [AIBot] ACTION event=capability_decision bot=Bob {context=observable_block_query, capability=HIDDEN_BLOCK_SCAN, profile=strict_survival, allowed=false, reason=DENIED_STRICT_SURVIVAL}
[20:59:59] [Server thread/INFO]: [AIBot] ACTION event=capability_decision bot=Bob {context=perception_snapshot, capability=HIDDEN_BLOCK_SCAN, profile=strict_survival, allowed=false, reason=DENIED_STRICT_SURVIVAL}
[20:59:59] [Server thread/INFO]: [AIBot] ACTION event=capability_decision bot=Bob {context=observable_entity_query, capability=HIDDEN_BLOCK_SCAN, profile=strict_survival, allowed=false, reason=DENIED_STRICT_SURVIVAL}
[20:59:59] [Server thread/WARN]: [AIBot] PERCEPTION event=snapshot_slow bot=Bob {elapsed_ms=16}
[20:59:59] [Server thread/WARN]: [AIBot] PERCEPTION event=snapshot_slow bot=Bob {elapsed_ms=29}
[21:00:00] [Server thread/INFO]: [AIBot] ACTION event=diag_snapshot bot=Bob {path_idle=true, food=20, air=300, mode=survival, task=idle, task_progress=1.0, goal=none, task_phase=, in_lava=false, step=, light=15, submerged=false, task_state=COMPLETED, held=empty, fall=0.0, pos=0,113,0, on_ground=true, hp=20.0/20.0, mining_idle=true, nearby=animals=3(rabbit@10) hostiles=0, inv=empty}
[21:00:02] [Server thread/INFO]: [AIBot] ACTION event=diag_snapshot bot=Bob {path_idle=true, food=20, air=300, mode=survival, task=idle, task_progress=1.0, goal=none, task_phase=, in_lava=false, step=, light=15, submerged=false, task_state=COMPLETED, held=empty, fall=0.0, pos=0,113,0, on_ground=true, hp=20.0/20.0, mining_idle=true, nearby=animals=2(rabbit@11) hostiles=0, inv=empty}
[21:00:02] [Server thread/INFO]: [AIBot] TASK event=task_assigned bot=Bob {origin_reason=external_dsh, params=Gathering minecraft:oak_log 0/4 phase=SURVEY, origin=LLM_TOOL, name=gather}
[21:00:02] [Server thread/INFO]: [AIBot] ACTION event=capability_decision bot=Bob {context=harvest_nearest_blocks, capability=HIDDEN_BLOCK_SCAN, profile=strict_survival, allowed=false, reason=DENIED_STRICT_SURVIVAL}
[21:00:02] [Server thread/INFO]: [AIBot] PROFILE event=profile_slow_section bot=- {elapsed_ms=93.77, bot=Bob, section=task_tick}
[21:00:02] [Server thread/INFO]: [AIBot] ACTION event=mine_start bot=Bob {pos=-1,113,-2, face=south}
[21:00:03] [Server thread/WARN]: [AIBot] PERCEPTION event=snapshot_slow bot=Bob {elapsed_ms=13}
[21:00:04] [Server thread/INFO]: [AIBot] ACTION event=capability_decision bot=Bob {context=observable_block_query, capability=HIDDEN_BLOCK_SCAN, profile=strict_survival, allowed=false, reason=DENIED_STRICT_SURVIVAL}
[21:00:04] [Server thread/INFO]: [AIBot] ACTION event=capability_decision bot=Bob {context=perception_snapshot, capability=HIDDEN_BLOCK_SCAN, profile=strict_survival, allowed=false, reason=DENIED_STRICT_SURVIVAL}
[21:00:04] [Server thread/INFO]: [AIBot] ACTION event=capability_decision bot=Bob {context=observable_entity_query, capability=HIDDEN_BLOCK_SCAN, profile=strict_survival, allowed=false, reason=DENIED_STRICT_SURVIVAL}
[21:00:04] [Server thread/INFO]: [AIBot] ACTION event=capability_decision bot=Bob {context=diagnostic_nearby, capability=HIDDEN_BLOCK_SCAN, profile=strict_survival, allowed=false, reason=DENIED_STRICT_SURVIVAL}
[21:00:04] [Server thread/INFO]: [AIBot] ACTION event=diag_snapshot bot=Bob {path_idle=true, food=20, air=300, mode=survival, task=gather, task_progress=0.0, goal=none, task_phase=HARVEST, in_lava=false, step=, light=15, submerged=false, task_state=RUNNING, held=empty, fall=0.0, pos=0,113,0, on_ground=true, hp=20.0/20.0, mining_idle=false, nearby=animals=1(rabbit@10) hostiles=0, inv=empty}
[21:00:05] [Server thread/WARN]: [AIBot] PERCEPTION event=snapshot_slow bot=Bob {elapsed_ms=12}
[21:00:05] [Server thread/INFO]: [AIBot] ACTION event=mine_complete bot=Bob {}
[21:00:05] [Server thread/INFO]: [AIBot] ACTION event=capability_decision bot=Bob {context=harvest_force_pickup, capability=FORCED_PICKUP, profile=strict_survival, allowed=false, reason=DENIED_STRICT_SURVIVAL}
[21:00:05] [Server thread/INFO]: [AIBot] ACTION event=capability_decision bot=Bob {context=observable_cell_query, capability=HIDDEN_BLOCK_SCAN, profile=strict_survival, allowed=false, reason=DENIED_STRICT_SURVIVAL}
[21:00:05] [Server thread/INFO]: [AIBot] ACTION event=fake_player_step bot=Bob {from=class_2338{x=0, y=113, z=0}, to=class_2338{x=0, y=113, z=-1}, reason=path_start_physical_snap:path_start_invalid}
[21:00:05] [Server thread/INFO]: [AIBot] ACTION event=gather_pickup_origin_approach bot=Bob {from=0, 113, -1, origin=-1, 113, -2}
[21:00:06] [Server thread/INFO]: [AIBot] ACTION event=fake_player_pickup_nudge bot=Bob {reason=physical_drop_pickup, anchor=class_2338{x=-1, y=113, z=-1}}
[21:00:06] [Server thread/WARN]: [AIBot] PERCEPTION event=snapshot_slow bot=Bob {elapsed_ms=12}
[21:00:06] [Server thread/INFO]: [AIBot] ACTION event=fake_player_pickup_nudge bot=Bob {reason=physical_drop_pickup, anchor=class_2338{x=-1, y=113, z=-1}}
[21:00:06] [Server thread/INFO]: [AIBot] ACTION event=fake_player_pickup_nudge bot=Bob {reason=physical_drop_pickup, anchor=class_2338{x=-1, y=113, z=-1}}
[21:00:06] [Server thread/INFO]: [AIBot] ACTION event=diag_snapshot bot=Bob {path_idle=true, food=20, air=300, mode=survival, task=gather, task_progress=0.3, goal=none, task_phase=SURVEY, in_lava=false, step=, light=14, submerged=false, task_state=RUNNING, held=minecraft:oak_logx1, fall=0.0, pos=-1,113,-1, on_ground=false, hp=20.0/20.0, mining_idle=true, nearby=animals=1(rabbit@10) hostiles=0, inv=minecraft:oak_logx1}
[21:00:06] [Server thread/INFO]: [AIBot] ACTION event=select_slot bot=Bob {slot=1}
[21:00:06] [Server thread/INFO]: [AIBot] ACTION event=equip_best_tool bot=Bob {slot=1, tool=empty_hand, score=1.0, reason=preserve_soft_block_melee_durability}
[21:00:06] [Server thread/INFO]: [AIBot] PROFILE event=profile_slow_section bot=- {elapsed_ms=89.36, bot=Bob, section=task_tick}
[21:00:06] [Server thread/INFO]: [AIBot] ACTION event=mine_start bot=Bob {pos=-1,114,-2, face=south}
[21:00:08] [Server thread/INFO]: [AIBot] ACTION event=diag_snapshot bot=Bob {path_idle=true, food=20, air=300, mode=survival, task=gather, task_progress=0.3, goal=none, task_phase=HARVEST, in_lava=false, step=, light=14, submerged=false, task_state=RUNNING, held=empty, fall=0.0, pos=-1,113,-1, on_ground=true, hp=20.0/20.0, mining_idle=false, nearby=animals=0 hostiles=0, inv=minecraft:oak_logx1}
[21:00:09] [Server thread/INFO]: [AIBot] ACTION event=capability_decision bot=Bob {context=observable_block_query, capability=HIDDEN_BLOCK_SCAN, profile=strict_survival, allowed=false, reason=DENIED_STRICT_SURVIVAL}
[21:00:09] [Server thread/INFO]: [AIBot] ACTION event=capability_decision bot=Bob {context=perception_snapshot, capability=HIDDEN_BLOCK_SCAN, profile=strict_survival, allowed=false, reason=DENIED_STRICT_SURVIVAL}
[21:00:09] [Server thread/INFO]: [AIBot] ACTION event=capability_decision bot=Bob {context=observable_entity_query, capability=HIDDEN_BLOCK_SCAN, profile=strict_survival, allowed=false, reason=DENIED_STRICT_SURVIVAL}
[21:00:09] [Server thread/INFO]: [AIBot] ACTION event=mine_complete bot=Bob {}
[21:00:09] [Server thread/INFO]: [AIBot] ACTION event=gather_pickup_origin_approach bot=Bob {from=-1, 113, -1, origin=-1, 114, -2}
[21:00:10] [Server thread/INFO]: [AIBot] ACTION event=capability_decision bot=Bob {context=harvest_nearest_blocks, capability=HIDDEN_BLOCK_SCAN, profile=strict_survival, allowed=false, reason=DENIED_STRICT_SURVIVAL}
[21:00:10] [Server thread/INFO]: [AIBot] PROFILE event=profile_slow_section bot=- {elapsed_ms=65.29, bot=Bob, section=task_tick}
[21:00:10] [Server thread/INFO]: [AIBot] ACTION event=mine_start bot=Bob {pos=-1,115,-2, face=down}
[21:00:10] [Server thread/INFO]: [AIBot] ACTION event=capability_decision bot=Bob {context=diagnostic_nearby, capability=HIDDEN_BLOCK_SCAN, profile=strict_survival, allowed=false, reason=DENIED_STRICT_SURVIVAL}
[21:00:10] [Server thread/INFO]: [AIBot] ACTION event=diag_snapshot bot=Bob {path_idle=true, food=20, air=300, mode=survival, task=gather, task_progress=0.5, goal=none, task_phase=HARVEST, in_lava=false, step=, light=13, submerged=false, task_state=RUNNING, held=empty, fall=0.0, pos=-1,113,-2, on_ground=true, hp=20.0/20.0, mining_idle=false, nearby=animals=0 hostiles=0, inv=minecraft:oak_logx2}
[21:00:12] [Server thread/INFO]: [AIBot] ACTION event=diag_snapshot bot=Bob {path_idle=true, food=20, air=300, mode=survival, task=gather, task_progress=0.5, goal=none, task_phase=HARVEST, in_lava=false, step=, light=13, submerged=false, task_state=RUNNING, held=empty, fall=0.0, pos=-1,113,-2, on_ground=true, hp=20.0/20.0, mining_idle=false, nearby=animals=1(villager@5) hostiles=0, inv=minecraft:oak_logx2}
[21:00:13] [Server thread/INFO]: [AIBot] ACTION event=mine_complete bot=Bob {}
[21:00:13] [Server thread/INFO]: [AIBot] ACTION event=capability_decision bot=Bob {context=harvest_force_pickup, capability=FORCED_PICKUP, profile=strict_survival, allowed=false, reason=DENIED_STRICT_SURVIVAL}
[21:00:13] [Server thread/INFO]: [AIBot] ACTION event=capability_decision bot=Bob {context=observable_cell_query, capability=HIDDEN_BLOCK_SCAN, profile=strict_survival, allowed=false, reason=DENIED_STRICT_SURVIVAL}
[21:00:13] [Server thread/INFO]: [AIBot] ACTION event=gather_pickup_origin_approach bot=Bob {from=-1, 113, -2, origin=-1, 115, -2}
[21:00:13] [Server thread/INFO]: [AIBot] PROFILE event=profile_slow_section bot=- {elapsed_ms=61.41, bot=Bob, section=task_tick}
[21:00:13] [Server thread/INFO]: [AIBot] ACTION event=mine_start bot=Bob {pos=-1,115,-3, face=south}
[21:00:14] [Server thread/INFO]: [AIBot] ACTION event=capability_decision bot=Bob {context=observable_block_query, capability=HIDDEN_BLOCK_SCAN, profile=strict_survival, allowed=false, reason=DENIED_STRICT_SURVIVAL}
[21:00:14] [Server thread/INFO]: [AIBot] ACTION event=capability_decision bot=Bob {context=perception_snapshot, capability=HIDDEN_BLOCK_SCAN, profile=strict_survival, allowed=false, reason=DENIED_STRICT_SURVIVAL}
[21:00:14] [Server thread/INFO]: [AIBot] ACTION event=capability_decision bot=Bob {context=observable_entity_query, capability=HIDDEN_BLOCK_SCAN, profile=strict_survival, allowed=false, reason=DENIED_STRICT_SURVIVAL}
[21:00:14] [Server thread/WARN]: [AIBot] PERCEPTION event=snapshot_slow bot=Bob {elapsed_ms=11}
[21:00:14] [Server thread/INFO]: [AIBot] ACTION event=diag_snapshot bot=Bob {path_idle=true, food=20, air=300, mode=survival, task=gather, task_progress=0.8, goal=none, task_phase=HARVEST, in_lava=false, step=, light=13, submerged=false, task_state=RUNNING, held=empty, fall=0.0, pos=-1,113,-2, on_ground=true, hp=20.0/20.0, mining_idle=false, nearby=animals=1(villager@2) hostiles=0, inv=minecraft:oak_logx3}
[21:00:15] [Server thread/WARN]: [AIBot] PERCEPTION event=snapshot_slow bot=Bob {elapsed_ms=16}
[21:00:16] [Server thread/INFO]: [AIBot] ACTION event=capability_decision bot=Bob {context=diagnostic_nearby, capability=HIDDEN_BLOCK_SCAN, profile=strict_survival, allowed=false, reason=DENIED_STRICT_SURVIVAL}
[21:00:16] [Server thread/INFO]: [AIBot] ACTION event=diag_snapshot bot=Bob {path_idle=true, food=20, air=300, mode=survival, task=gather, task_progress=0.8, goal=none, task_phase=HARVEST, in_lava=false, step=, light=13, submerged=false, task_state=RUNNING, held=empty, fall=0.0, pos=-1,113,-2, on_ground=true, hp=20.0/20.0, mining_idle=false, nearby=animals=0 hostiles=0, inv=minecraft:oak_logx3}
[21:00:16] [Server thread/WARN]: [AIBot] PERCEPTION event=snapshot_slow bot=Bob {elapsed_ms=14}
[21:00:16] [Server thread/INFO]: [AIBot] ACTION event=mine_complete bot=Bob {}
[21:00:16] [Server thread/INFO]: [AIBot] ACTION event=gather_pickup_origin_approach bot=Bob {from=-1, 113, -2, origin=-1, 115, -3}
[21:00:17] [Server thread/INFO]: [AIBot] ACTION event=fake_player_jump bot=Bob {from=class_2338{x=0, y=113, z=-2}, to=class_2338{x=0, y=114, z=-3}, reason=path_jump_up}
[21:00:17] [Server thread/INFO]: [AIBot] ACTION event=fake_player_pickup_nudge bot=Bob {reason=physical_drop_pickup, anchor=class_2338{x=0, y=114, z=-3}}
[21:00:17] [Server thread/INFO]: [AIBot] ACTION event=fake_player_pickup_nudge bot=Bob {reason=physical_drop_pickup, anchor=class_2338{x=0, y=114, z=-3}}
[21:00:17] [Server thread/WARN]: [AIBot] PERCEPTION event=snapshot_slow bot=Bob {elapsed_ms=17}
[21:00:17] [Server thread/INFO]: [AIBot] TASK event=task_completed bot=Bob {name=gather, elapsed_ticks=292}
[21:00:17] [Server thread/WARN]: [AIBot] PERCEPTION event=snapshot_slow bot=Bob {elapsed_ms=13}
[21:00:18] [Server thread/WARN]: [AIBot] PERCEPTION event=snapshot_slow bot=Bob {elapsed_ms=11}
[21:00:18] [Server thread/INFO]: [AIBot] ACTION event=diag_snapshot bot=Bob {path_idle=true, food=20, air=300, mode=survival, task=gather, task_progress=1.0, goal=none, task_phase=DONE, in_lava=false, step=, light=14, submerged=false, task_state=COMPLETED, held=minecraft:torchx1, fall=0.0, pos=0,114,-3, on_ground=true, hp=20.0/20.0, mining_idle=true, nearby=animals=1(villager@3) hostiles=0, inv=minecraft:oak_logx4 minecraft:torchx1}
[21:00:19] [Server thread/INFO]: [AIBot] ACTION event=capability_decision bot=Bob {context=observable_block_query, capability=HIDDEN_BLOCK_SCAN, profile=strict_survival, allowed=false, reason=DENIED_STRICT_SURVIVAL}
[21:00:19] [Server thread/INFO]: [AIBot] ACTION event=capability_decision bot=Bob {context=perception_snapshot, capability=HIDDEN_BLOCK_SCAN, profile=strict_survival, allowed=false, reason=DENIED_STRICT_SURVIVAL}
[21:00:19] [Server thread/INFO]: [AIBot] ACTION event=capability_decision bot=Bob {context=observable_entity_query, capability=HIDDEN_BLOCK_SCAN, profile=strict_survival, allowed=false, reason=DENIED_STRICT_SURVIVAL}
[21:00:19] [Server thread/WARN]: [AIBot] PERCEPTION event=snapshot_slow bot=Bob {elapsed_ms=17}
[21:00:19] [Server thread/WARN]: [AIBot] PERCEPTION event=snapshot_slow bot=Bob {elapsed_ms=18}
[21:00:20] [Server thread/WARN]: [AIBot] PERCEPTION event=snapshot_slow bot=Bob {elapsed_ms=17}
[21:00:20] [Server thread/INFO]: [AIBot] ACTION event=diag_snapshot bot=Bob {path_idle=true, food=20, air=300, mode=survival, task=gather, task_progress=1.0, goal=none, task_phase=DONE, in_lava=false, step=, light=14, submerged=false, task_state=COMPLETED, held=minecraft:torchx1, fall=0.0, pos=0,114,-3, on_ground=true, hp=20.0/20.0, mining_idle=true, nearby=animals=1(villager@2) hostiles=0, inv=minecraft:oak_logx4 minecraft:torchx1}
[21:00:20] [Server thread/WARN]: [AIBot] PERCEPTION event=snapshot_slow bot=Bob {elapsed_ms=16}
[21:00:22] [Server thread/INFO]: [AIBot] ACTION event=capability_decision bot=Bob {context=diagnostic_nearby, capability=HIDDEN_BLOCK_SCAN, profile=strict_survival, allowed=false, reason=DENIED_STRICT_SURVIVAL}
[21:00:22] [Server thread/INFO]: [AIBot] ACTION event=diag_snapshot bot=Bob {path_idle=true, food=20, air=300, mode=survival, task=gather, task_progress=1.0, goal=none, task_phase=DONE, in_lava=false, step=, light=14, submerged=false, task_state=COMPLETED, held=minecraft:torchx1, fall=0.0, pos=0,114,-3, on_ground=true, hp=20.0/20.0, mining_idle=true, nearby=animals=1(villager@4) hostiles=0, inv=minecraft:oak_logx4 minecraft:torchx1}
[21:00:22] [Server thread/WARN]: [AIBot] PERCEPTION event=snapshot_slow bot=Bob {elapsed_ms=15}
[21:00:23] [Server thread/WARN]: [AIBot] PERCEPTION event=snapshot_slow bot=Bob {elapsed_ms=11}
[21:00:24] [Server thread/INFO]: [AIBot] ACTION event=capability_decision bot=Bob {context=observable_block_query, capability=HIDDEN_BLOCK_SCAN, profile=strict_survival, allowed=false, reason=DENIED_STRICT_SURVIVAL}
[21:00:24] [Server thread/INFO]: [AIBot] ACTION event=capability_decision bot=Bob {context=perception_snapshot, capability=HIDDEN_BLOCK_SCAN, profile=strict_survival, allowed=false, reason=DENIED_STRICT_SURVIVAL}
[21:00:24] [Server thread/INFO]: [AIBot] ACTION event=capability_decision bot=Bob {context=observable_entity_query, capability=HIDDEN_BLOCK_SCAN, profile=strict_survival, allowed=false, reason=DENIED_STRICT_SURVIVAL}
[21:00:24] [Server thread/INFO]: [AIBot] ACTION event=diag_snapshot bot=Bob {path_idle=true, food=20, air=300, mode=survival, task=gather, task_progress=1.0, goal=none, task_phase=DONE, in_lava=false, step=, light=14, submerged=false, task_state=COMPLETED, held=minecraft:torchx1, fall=0.0, pos=0,114,-3, on_ground=true, hp=20.0/20.0, mining_idle=true, nearby=animals=1(horse@12) hostiles=0, inv=minecraft:oak_logx4 minecraft:torchx1}
[21:00:25] [Server thread/WARN]: [AIBot] PERCEPTION event=snapshot_slow bot=Bob {elapsed_ms=13}
[21:00:26] [Server thread/INFO]: [AIBot] ACTION event=diag_snapshot bot=Bob {path_idle=true, food=20, air=300, mode=survival, task=gather, task_progress=1.0, goal=none, task_phase=DONE, in_lava=false, step=, light=14, submerged=false, task_state=COMPLETED, held=minecraft:torchx1, fall=0.0, pos=0,114,-3, on_ground=true, hp=20.0/20.0, mining_idle=true, nearby=animals=1(horse@13) hostiles=0, inv=minecraft:oak_logx4 minecraft:torchx1}
[21:00:28] [Server thread/WARN]: [AIBot] PERCEPTION event=snapshot_slow bot=Bob {elapsed_ms=12}
[21:00:28] [Server thread/INFO]: [AIBot] ACTION event=capability_decision bot=Bob {context=diagnostic_nearby, capability=HIDDEN_BLOCK_SCAN, profile=strict_survival, allowed=false, reason=DENIED_STRICT_SURVIVAL}
[21:00:28] [Server thread/INFO]: [AIBot] ACTION event=diag_snapshot bot=Bob {path_idle=true, food=20, air=300, mode=survival, task=gather, task_progress=1.0, goal=none, task_phase=DONE, in_lava=false, step=, light=14, submerged=false, task_state=COMPLETED, held=minecraft:torchx1, fall=0.0, pos=0,114,-3, on_ground=true, hp=20.0/20.0, mining_idle=true, nearby=animals=1(horse@13) hostiles=0, inv=minecraft:oak_logx4 minecraft:torchx1}
[21:00:28] [Server thread/WARN]: [AIBot] PERCEPTION event=snapshot_slow bot=Bob {elapsed_ms=13}
[21:00:29] [Server thread/INFO]: [AIBot] ACTION event=capability_decision bot=Bob {context=observable_block_query, capability=HIDDEN_BLOCK_SCAN, profile=strict_survival, allowed=false, reason=DENIED_STRICT_SURVIVAL}
[21:00:29] [Server thread/INFO]: [AIBot] ACTION event=capability_decision bot=Bob {context=perception_snapshot, capability=HIDDEN_BLOCK_SCAN, profile=strict_survival, allowed=false, reason=DENIED_STRICT_SURVIVAL}
[21:00:29] [Server thread/INFO]: [AIBot] ACTION event=capability_decision bot=Bob {context=observable_entity_query, capability=HIDDEN_BLOCK_SCAN, profile=strict_survival, allowed=false, reason=DENIED_STRICT_SURVIVAL}
[21:00:30] [Server thread/INFO]: [AIBot] ACTION event=diag_snapshot bot=Bob {path_idle=true, food=20, air=300, mode=survival, task=gather, task_progress=1.0, goal=none, task_phase=DONE, in_lava=false, step=, light=14, submerged=false, task_state=COMPLETED, held=minecraft:torchx1, fall=0.0, pos=0,114,-3, on_ground=true, hp=20.0/20.0, mining_idle=true, nearby=animals=1(horse@13) hostiles=0, inv=minecraft:oak_logx4 minecraft:torchx1}
[21:00:32] [Server thread/INFO]: [AIBot] ACTION event=diag_snapshot bot=Bob {path_idle=true, food=20, air=300, mode=survival, task=gather, task_progress=1.0, goal=none, task_phase=DONE, in_lava=false, step=, light=14, submerged=false, task_state=COMPLETED, held=minecraft:torchx1, fall=0.0, pos=0,114,-3, on_ground=true, hp=20.0/20.0, mining_idle=true, nearby=animals=1(horse@13) hostiles=0, inv=minecraft:oak_logx4 minecraft:torchx1}
[21:00:32] [Server thread/WARN]: [AIBot] PERCEPTION event=snapshot_slow bot=Bob {elapsed_ms=13}
[21:00:34] [Server thread/INFO]: [AIBot] ACTION event=capability_decision bot=Bob {context=observable_block_query, capability=HIDDEN_BLOCK_SCAN, profile=strict_survival, allowed=false, reason=DENIED_STRICT_SURVIVAL}
[21:00:34] [Server thread/INFO]: [AIBot] ACTION event=capability_decision bot=Bob {context=perception_snapshot, capability=HIDDEN_BLOCK_SCAN, profile=strict_survival, allowed=false, reason=DENIED_STRICT_SURVIVAL}
[21:00:34] [Server thread/INFO]: [AIBot] ACTION event=capability_decision bot=Bob {context=observable_entity_query, capability=HIDDEN_BLOCK_SCAN, profile=strict_survival, allowed=false, reason=DENIED_STRICT_SURVIVAL}
[21:00:34] [Server thread/WARN]: [AIBot] PERCEPTION event=snapshot_slow bot=Bob {elapsed_ms=13}
[21:00:34] [Server thread/INFO]: [AIBot] ACTION event=capability_decision bot=Bob {context=diagnostic_nearby, capability=HIDDEN_BLOCK_SCAN, profile=strict_survival, allowed=false, reason=DENIED_STRICT_SURVIVAL}
[21:00:34] [Server thread/INFO]: [AIBot] ACTION event=diag_snapshot bot=Bob {path_idle=true, food=20, air=300, mode=survival, task=gather, task_progress=1.0, goal=none, task_phase=DONE, in_lava=false, step=, light=14, submerged=false, task_state=COMPLETED, held=minecraft:torchx1, fall=0.0, pos=0,114,-3, on_ground=true, hp=20.0/20.0, mining_idle=true, nearby=animals=0 hostiles=0, inv=minecraft:oak_logx4 minecraft:torchx1}
[21:00:36] [Server thread/INFO]: [AIBot] ACTION event=diag_snapshot bot=Bob {path_idle=true, food=20, air=300, mode=survival, task=gather, task_progress=1.0, goal=none, task_phase=DONE, in_lava=false, step=, light=14, submerged=false, task_state=COMPLETED, held=minecraft:torchx1, fall=0.0, pos=0,114,-3, on_ground=true, hp=20.0/20.0, mining_idle=true, nearby=animals=0 hostiles=0, inv=minecraft:oak_logx4 minecraft:torchx1}
[21:00:37] [Server thread/WARN]: [AIBot] PERCEPTION event=snapshot_slow bot=Bob {elapsed_ms=11}
[21:00:38] [Server thread/INFO]: [AIBot] ACTION event=diag_snapshot bot=Bob {path_idle=true, food=20, air=300, mode=survival, task=gather, task_progress=1.0, goal=none, task_phase=DONE, in_lava=false, step=, light=14, submerged=false, task_state=COMPLETED, held=minecraft:torchx1, fall=0.0, pos=0,114,-3, on_ground=true, hp=20.0/20.0, mining_idle=true, nearby=animals=0 hostiles=0, inv=minecraft:oak_logx4 minecraft:torchx1}
[21:00:39] [Server thread/INFO]: [AIBot] ACTION event=capability_decision bot=Bob {context=observable_block_query, capability=HIDDEN_BLOCK_SCAN, profile=strict_survival, allowed=false, reason=DENIED_STRICT_SURVIVAL}
[21:00:39] [Server thread/INFO]: [AIBot] ACTION event=capability_decision bot=Bob {context=perception_snapshot, capability=HIDDEN_BLOCK_SCAN, profile=strict_survival, allowed=false, reason=DENIED_STRICT_SURVIVAL}
[21:00:39] [Server thread/INFO]: [AIBot] ACTION event=capability_decision bot=Bob {context=observable_entity_query, capability=HIDDEN_BLOCK_SCAN, profile=strict_survival, allowed=false, reason=DENIED_STRICT_SURVIVAL}
[21:00:40] [Server thread/WARN]: [AIBot] PERCEPTION event=snapshot_slow bot=Bob {elapsed_ms=13}
[21:00:40] [Server thread/INFO]: [AIBot] ACTION event=capability_decision bot=Bob {context=diagnostic_nearby, capability=HIDDEN_BLOCK_SCAN, profile=strict_survival, allowed=false, reason=DENIED_STRICT_SURVIVAL}
[21:00:40] [Server thread/INFO]: [AIBot] ACTION event=diag_snapshot bot=Bob {path_idle=true, food=20, air=300, mode=survival, task=gather, task_progress=1.0, goal=none, task_phase=DONE, in_lava=false, step=, light=14, submerged=false, task_state=COMPLETED, held=minecraft:torchx1, fall=0.0, pos=0,114,-3, on_ground=true, hp=20.0/20.0, mining_idle=true, nearby=animals=1(villager@9) hostiles=0, inv=minecraft:oak_logx4 minecraft:torchx1}
[21:00:41] [Server thread/WARN]: [AIBot] PERCEPTION event=snapshot_slow bot=Bob {elapsed_ms=14}
[21:00:41] [Server thread/WARN]: [AIBot] PERCEPTION event=snapshot_slow bot=Bob {elapsed_ms=11}
[21:00:42] [Server thread/WARN]: [AIBot] PERCEPTION event=snapshot_slow bot=Bob {elapsed_ms=13}
[21:00:42] [Server thread/INFO]: [AIBot] ACTION event=diag_snapshot bot=Bob {path_idle=true, food=20, air=300, mode=survival, task=gather, task_progress=1.0, goal=none, task_phase=DONE, in_lava=false, step=, light=14, submerged=false, task_state=COMPLETED, held=minecraft:torchx1, fall=0.0, pos=0,114,-3, on_ground=true, hp=20.0/20.0, mining_idle=true, nearby=animals=1(villager@6) hostiles=0, inv=minecraft:oak_logx4 minecraft:torchx1}
[21:00:42] [Server thread/WARN]: [AIBot] PERCEPTION event=snapshot_slow bot=Bob {elapsed_ms=12}
[21:00:43] [Server thread/WARN]: [AIBot] PERCEPTION event=snapshot_slow bot=Bob {elapsed_ms=12}
[21:00:43] [Server thread/WARN]: [AIBot] PERCEPTION event=snapshot_slow bot=Bob {elapsed_ms=13}
[21:00:44] [Server thread/INFO]: [AIBot] ACTION event=capability_decision bot=Bob {context=observable_block_query, capability=HIDDEN_BLOCK_SCAN, profile=strict_survival, allowed=false, reason=DENIED_STRICT_SURVIVAL}
[21:00:44] [Server thread/INFO]: [AIBot] ACTION event=capability_decision bot=Bob {context=perception_snapshot, capability=HIDDEN_BLOCK_SCAN, profile=strict_survival, allowed=false, reason=DENIED_STRICT_SURVIVAL}
[21:00:44] [Server thread/INFO]: [AIBot] ACTION event=capability_decision bot=Bob {context=observable_entity_query, capability=HIDDEN_BLOCK_SCAN, profile=strict_survival, allowed=false, reason=DENIED_STRICT_SURVIVAL}
[21:00:44] [Server thread/WARN]: [AIBot] PERCEPTION event=snapshot_slow bot=Bob {elapsed_ms=11}
[21:00:44] [Server thread/INFO]: [AIBot] ACTION event=diag_snapshot bot=Bob {path_idle=true, food=20, air=300, mode=survival, task=gather, task_progress=1.0, goal=none, task_phase=DONE, in_lava=false, step=, light=14, submerged=false, task_state=COMPLETED, held=minecraft:torchx1, fall=0.0, pos=0,114,-3, on_ground=true, hp=20.0/20.0, mining_idle=true, nearby=animals=1(villager@5) hostiles=0, inv=minecraft:oak_logx4 minecraft:torchx1}
[21:00:44] [Server thread/WARN]: [AIBot] PERCEPTION event=snapshot_slow bot=Bob {elapsed_ms=15}
[21:00:45] [Server thread/WARN]: [AIBot] PERCEPTION event=snapshot_slow bot=Bob {elapsed_ms=15}
[21:00:45] [Server thread/WARN]: [AIBot] PERCEPTION event=snapshot_slow bot=Bob {elapsed_ms=13}
[21:00:46] [Server thread/WARN]: [AIBot] PERCEPTION event=snapshot_slow bot=Bob {elapsed_ms=15}
[21:00:46] [Server thread/INFO]: [AIBot] ACTION event=capability_decision bot=Bob {context=diagnostic_nearby, capability=HIDDEN_BLOCK_SCAN, profile=strict_survival, allowed=false, reason=DENIED_STRICT_SURVIVAL}
[21:00:46] [Server thread/INFO]: [AIBot] ACTION event=diag_snapshot bot=Bob {path_idle=true, food=20, air=300, mode=survival, task=gather, task_progress=1.0, goal=none, task_phase=DONE, in_lava=false, step=, light=14, submerged=false, task_state=COMPLETED, held=minecraft:torchx1, fall=0.0, pos=0,114,-3, on_ground=true, hp=20.0/20.0, mining_idle=true, nearby=animals=1(villager@5) hostiles=0, inv=minecraft:oak_logx4 minecraft:torchx1}
[21:00:46] [Server thread/WARN]: [AIBot] PERCEPTION event=snapshot_slow bot=Bob {elapsed_ms=14}
[21:00:47] [Server thread/WARN]: [AIBot] PERCEPTION event=snapshot_slow bot=Bob {elapsed_ms=13}
[21:00:47] [Server thread/WARN]: [AIBot] PERCEPTION event=snapshot_slow bot=Bob {elapsed_ms=13}
[21:00:48] [Server thread/WARN]: [AIBot] PERCEPTION event=snapshot_slow bot=Bob {elapsed_ms=12}
[21:00:48] [Server thread/INFO]: [AIBot] ACTION event=diag_snapshot bot=Bob {path_idle=true, food=20, air=300, mode=survival, task=gather, task_progress=1.0, goal=none, task_phase=DONE, in_lava=false, step=, light=14, submerged=false, task_state=COMPLETED, held=minecraft:torchx1, fall=0.0, pos=0,114,-3, on_ground=true, hp=20.0/20.0, mining_idle=true, nearby=animals=1(villager@5) hostiles=0, inv=minecraft:oak_logx4 minecraft:torchx1}
[21:00:48] [Server thread/WARN]: [AIBot] PERCEPTION event=snapshot_slow bot=Bob {elapsed_ms=14}
[21:00:49] [Server thread/INFO]: [AIBot] ACTION event=capability_decision bot=Bob {context=observable_block_query, capability=HIDDEN_BLOCK_SCAN, profile=strict_survival, allowed=false, reason=DENIED_STRICT_SURVIVAL}
[21:00:49] [Server thread/INFO]: [AIBot] ACTION event=capability_decision bot=Bob {context=perception_snapshot, capability=HIDDEN_BLOCK_SCAN, profile=strict_survival, allowed=false, reason=DENIED_STRICT_SURVIVAL}
[21:00:49] [Server thread/INFO]: [AIBot] ACTION event=capability_decision bot=Bob {context=observable_entity_query, capability=HIDDEN_BLOCK_SCAN, profile=strict_survival, allowed=false, reason=DENIED_STRICT_SURVIVAL}
[21:00:50] [Server thread/WARN]: [AIBot] PERCEPTION event=snapshot_slow bot=Bob {elapsed_ms=14}
[21:00:50] [Server thread/INFO]: [AIBot] ACTION event=diag_snapshot bot=Bob {path_idle=true, food=20, air=300, mode=survival, task=gather, task_progress=1.0, goal=none, task_phase=DONE, in_lava=false, step=, light=14, submerged=false, task_state=COMPLETED, held=minecraft:torchx1, fall=0.0, pos=0,114,-3, on_ground=true, hp=20.0/20.0, mining_idle=true, nearby=animals=1(villager@4) hostiles=0, inv=minecraft:oak_logx4 minecraft:torchx1}
[21:00:50] [Server thread/WARN]: [AIBot] PERCEPTION event=snapshot_slow bot=Bob {elapsed_ms=14}
[21:00:51] [Server thread/WARN]: [AIBot] PERCEPTION event=snapshot_slow bot=Bob {elapsed_ms=14}
[21:00:51] [Server thread/WARN]: [AIBot] PERCEPTION event=snapshot_slow bot=Bob {elapsed_ms=13}
[21:00:52] [Server thread/WARN]: [AIBot] PERCEPTION event=snapshot_slow bot=Bob {elapsed_ms=11}
[21:00:52] [Server thread/INFO]: [AIBot] ACTION event=capability_decision bot=Bob {context=diagnostic_nearby, capability=HIDDEN_BLOCK_SCAN, profile=strict_survival, allowed=false, reason=DENIED_STRICT_SURVIVAL}
[21:00:52] [Server thread/INFO]: [AIBot] ACTION event=diag_snapshot bot=Bob {path_idle=true, food=20, air=300, mode=survival, task=gather, task_progress=1.0, goal=none, task_phase=DONE, in_lava=false, step=, light=14, submerged=false, task_state=COMPLETED, held=minecraft:torchx1, fall=0.0, pos=0,114,-3, on_ground=true, hp=20.0/20.0, mining_idle=true, nearby=animals=0 hostiles=0, inv=minecraft:oak_logx4 minecraft:torchx1}
[21:00:52] [Server thread/WARN]: [AIBot] PERCEPTION event=snapshot_slow bot=Bob {elapsed_ms=12}
[21:00:53] [Server thread/WARN]: [AIBot] PERCEPTION event=snapshot_slow bot=Bob {elapsed_ms=14}
[21:00:54] [Server thread/INFO]: [AIBot] ACTION event=capability_decision bot=Bob {context=observable_block_query, capability=HIDDEN_BLOCK_SCAN, profile=strict_survival, allowed=false, reason=DENIED_STRICT_SURVIVAL}
[21:00:54] [Server thread/INFO]: [AIBot] ACTION event=capability_decision bot=Bob {context=perception_snapshot, capability=HIDDEN_BLOCK_SCAN, profile=strict_survival, allowed=false, reason=DENIED_STRICT_SURVIVAL}
[21:00:54] [Server thread/INFO]: [AIBot] ACTION event=capability_decision bot=Bob {context=observable_entity_query, capability=HIDDEN_BLOCK_SCAN, profile=strict_survival, allowed=false, reason=DENIED_STRICT_SURVIVAL}
[21:00:54] [Server thread/WARN]: [AIBot] PERCEPTION event=snapshot_slow bot=Bob {elapsed_ms=13}
[21:00:54] [Server thread/INFO]: [AIBot] ACTION event=diag_snapshot bot=Bob {path_idle=true, food=20, air=300, mode=survival, task=gather, task_progress=1.0, goal=none, task_phase=DONE, in_lava=false, step=, light=14, submerged=false, task_state=COMPLETED, held=minecraft:torchx1, fall=0.0, pos=0,114,-3, on_ground=true, hp=20.0/20.0, mining_idle=true, nearby=animals=0 hostiles=0, inv=minecraft:oak_logx4 minecraft:torchx1}
[21:00:54] [Server thread/WARN]: [AIBot] PERCEPTION event=snapshot_slow bot=Bob {elapsed_ms=14}
[21:00:55] [Server thread/WARN]: [AIBot] PERCEPTION event=snapshot_slow bot=Bob {elapsed_ms=12}
[21:00:55] [Server thread/WARN]: [AIBot] PERCEPTION event=snapshot_slow bot=Bob {elapsed_ms=11}
[21:00:56] [Server thread/WARN]: [AIBot] PERCEPTION event=snapshot_slow bot=Bob {elapsed_ms=14}
[21:00:56] [Server thread/INFO]: [AIBot] LIFECYCLE event=mixin_alive bot=- {server_tick=7200}
[21:00:56] [Server thread/INFO]: [AIBot] ACTION event=diag_snapshot bot=Bob {path_idle=true, food=20, air=300, mode=survival, task=gather, task_progress=1.0, goal=none, task_phase=DONE, in_lava=false, step=, light=14, submerged=false, task_state=COMPLETED, held=minecraft:torchx1, fall=0.0, pos=0,114,-3, on_ground=true, hp=20.0/20.0, mining_idle=true, nearby=animals=1(villager@11) hostiles=0, inv=minecraft:oak_logx4 minecraft:torchx1}
[21:00:56] [Server thread/WARN]: [AIBot] PERCEPTION event=snapshot_slow bot=Bob {elapsed_ms=12}
[21:00:57] [Server thread/WARN]: [AIBot] PERCEPTION event=snapshot_slow bot=Bob {elapsed_ms=12}
[21:00:58] [Server thread/WARN]: [AIBot] PERCEPTION event=snapshot_slow bot=Bob {elapsed_ms=11}
[21:00:58] [Server thread/INFO]: [AIBot] ACTION event=capability_decision bot=Bob {context=diagnostic_nearby, capability=HIDDEN_BLOCK_SCAN, profile=strict_survival, allowed=false, reason=DENIED_STRICT_SURVIVAL}
[21:00:58] [Server thread/INFO]: [AIBot] ACTION event=diag_snapshot bot=Bob {path_idle=true, food=20, air=300, mode=survival, task=gather, task_progress=1.0, goal=none, task_phase=DONE, in_lava=false, step=, light=14, submerged=false, task_state=COMPLETED, held=minecraft:torchx1, fall=0.0, pos=0,114,-3, on_ground=true, hp=20.0/20.0, mining_idle=true, nearby=animals=1(villager@10) hostiles=0, inv=minecraft:oak_logx4 minecraft:torchx1}
[21:00:58] [Server thread/WARN]: [AIBot] PERCEPTION event=snapshot_slow bot=Bob {elapsed_ms=15}
[21:00:59] [Server thread/INFO]: [AIBot] ACTION event=capability_decision bot=Bob {context=observable_block_query, capability=HIDDEN_BLOCK_SCAN, profile=strict_survival, allowed=false, reason=DENIED_STRICT_SURVIVAL}
[21:00:59] [Server thread/INFO]: [AIBot] ACTION event=capability_decision bot=Bob {context=perception_snapshot, capability=HIDDEN_BLOCK_SCAN, profile=strict_survival, allowed=false, reason=DENIED_STRICT_SURVIVAL}
[21:00:59] [Server thread/INFO]: [AIBot] ACTION event=capability_decision bot=Bob {context=observable_entity_query, capability=HIDDEN_BLOCK_SCAN, profile=strict_survival, allowed=false, reason=DENIED_STRICT_SURVIVAL}
[21:00:59] [Server thread/WARN]: [AIBot] PERCEPTION event=snapshot_slow bot=Bob {elapsed_ms=30}
[21:00:59] [Server thread/WARN]: [AIBot] PERCEPTION event=snapshot_slow bot=Bob {elapsed_ms=14}
[21:01:00] [Server thread/WARN]: [AIBot] PERCEPTION event=snapshot_slow bot=Bob {elapsed_ms=15}
[21:01:00] [Server thread/INFO]: [AIBot] ACTION event=diag_snapshot bot=Bob {path_idle=true, food=20, air=300, mode=survival, task=gather, task_progress=1.0, goal=none, task_phase=DONE, in_lava=false, step=, light=14, submerged=false, task_state=COMPLETED, held=minecraft:torchx1, fall=0.0, pos=0,114,-3, on_ground=true, hp=20.0/20.0, mining_idle=true, nearby=animals=1(villager@9) hostiles=0, inv=minecraft:oak_logx4 minecraft:torchx1}
[21:01:01] [Server thread/WARN]: [AIBot] PERCEPTION event=snapshot_slow bot=Bob {elapsed_ms=15}
[21:01:01] [Server thread/WARN]: [AIBot] PERCEPTION event=snapshot_slow bot=Bob {elapsed_ms=13}
[21:01:02] [Server thread/WARN]: [AIBot] PERCEPTION event=snapshot_slow bot=Bob {elapsed_ms=13}
[21:01:02] [Server thread/INFO]: [AIBot] ACTION event=diag_snapshot bot=Bob {path_idle=true, food=20, air=300, mode=survival, task=gather, task_progress=1.0, goal=none, task_phase=DONE, in_lava=false, step=, light=14, submerged=false, task_state=COMPLETED, held=minecraft:torchx1, fall=0.0, pos=0,114,-3, on_ground=true, hp=20.0/20.0, mining_idle=true, nearby=animals=1(villager@9) hostiles=0, inv=minecraft:oak_logx4 minecraft:torchx1}
[21:01:02] [Server thread/WARN]: [AIBot] PERCEPTION event=snapshot_slow bot=Bob {elapsed_ms=13}
[21:01:03] [Server thread/WARN]: [AIBot] PERCEPTION event=snapshot_slow bot=Bob {elapsed_ms=11}
[21:01:04] [Server thread/INFO]: [AIBot] ACTION event=capability_decision bot=Bob {context=observable_block_query, capability=HIDDEN_BLOCK_SCAN, profile=strict_survival, allowed=false, reason=DENIED_STRICT_SURVIVAL}
[21:01:04] [Server thread/INFO]: [AIBot] ACTION event=capability_decision bot=Bob {context=perception_snapshot, capability=HIDDEN_BLOCK_SCAN, profile=strict_survival, allowed=false, reason=DENIED_STRICT_SURVIVAL}
[21:01:04] [Server thread/INFO]: [AIBot] ACTION event=capability_decision bot=Bob {context=observable_entity_query, capability=HIDDEN_BLOCK_SCAN, profile=strict_survival, allowed=false, reason=DENIED_STRICT_SURVIVAL}
[21:01:04] [Server thread/INFO]: [AIBot] ACTION event=capability_decision bot=Bob {context=diagnostic_nearby, capability=HIDDEN_BLOCK_SCAN, profile=strict_survival, allowed=false, reason=DENIED_STRICT_SURVIVAL}
[21:01:04] [Server thread/INFO]: [AIBot] ACTION event=diag_snapshot bot=Bob {path_idle=true, food=20, air=300, mode=survival, task=gather, task_progress=1.0, goal=none, task_phase=DONE, in_lava=false, step=, light=14, submerged=false, task_state=COMPLETED, held=minecraft:torchx1, fall=0.0, pos=0,114,-3, on_ground=true, hp=20.0/20.0, mining_idle=true, nearby=animals=2(villager@9) hostiles=0, inv=minecraft:oak_logx4 minecraft:torchx1}
[21:01:04] [Server thread/WARN]: [AIBot] PERCEPTION event=snapshot_slow bot=Bob {elapsed_ms=14}
[21:01:05] [Server thread/WARN]: [AIBot] PERCEPTION event=snapshot_slow bot=Bob {elapsed_ms=14}
[21:01:05] [Server thread/WARN]: [AIBot] PERCEPTION event=snapshot_slow bot=Bob {elapsed_ms=12}
[21:01:06] [Server thread/WARN]: [AIBot] PERCEPTION event=snapshot_slow bot=Bob {elapsed_ms=12}
[21:01:06] [Server thread/INFO]: [AIBot] ACTION event=diag_snapshot bot=Bob {path_idle=true, food=20, air=300, mode=survival, task=gather, task_progress=1.0, goal=none, task_phase=DONE, in_lava=false, step=, light=14, submerged=false, task_state=COMPLETED, held=minecraft:torchx1, fall=0.0, pos=0,114,-3, on_ground=true, hp=20.0/20.0, mining_idle=true, nearby=animals=2(villager@8) hostiles=0, inv=minecraft:oak_logx4 minecraft:torchx1}
[21:01:06] [Server thread/WARN]: [AIBot] PERCEPTION event=snapshot_slow bot=Bob {elapsed_ms=14}
[21:01:07] [Server thread/WARN]: [AIBot] PERCEPTION event=snapshot_slow bot=Bob {elapsed_ms=12}
[21:01:07] [Server thread/WARN]: [AIBot] PERCEPTION event=snapshot_slow bot=Bob {elapsed_ms=12}
[21:01:08] [Server thread/WARN]: [AIBot] PERCEPTION event=snapshot_slow bot=Bob {elapsed_ms=12}
[21:01:08] [Server thread/INFO]: [AIBot] ACTION event=diag_snapshot bot=Bob {path_idle=true, food=20, air=300, mode=survival, task=gather, task_progress=1.0, goal=none, task_phase=DONE, in_lava=false, step=, light=14, submerged=false, task_state=COMPLETED, held=minecraft:torchx1, fall=0.0, pos=0,114,-3, on_ground=true, hp=20.0/20.0, mining_idle=true, nearby=animals=1(villager@9) hostiles=0, inv=minecraft:oak_logx4 minecraft:torchx1}
[21:01:08] [Server thread/WARN]: [AIBot] PERCEPTION event=snapshot_slow bot=Bob {elapsed_ms=14}
[21:01:09] [Server thread/INFO]: [AIBot] ACTION event=capability_decision bot=Bob {context=observable_block_query, capability=HIDDEN_BLOCK_SCAN, profile=strict_survival, allowed=false, reason=DENIED_STRICT_SURVIVAL}
[21:01:09] [Server thread/INFO]: [AIBot] ACTION event=capability_decision bot=Bob {context=perception_snapshot, capability=HIDDEN_BLOCK_SCAN, profile=strict_survival, allowed=false, reason=DENIED_STRICT_SURVIVAL}
[21:01:09] [Server thread/INFO]: [AIBot] ACTION event=capability_decision bot=Bob {context=observable_entity_query, capability=HIDDEN_BLOCK_SCAN, profile=strict_survival, allowed=false, reason=DENIED_STRICT_SURVIVAL}
[21:01:10] [Server thread/INFO]: [AIBot] ACTION event=capability_decision bot=Bob {context=diagnostic_nearby, capability=HIDDEN_BLOCK_SCAN, profile=strict_survival, allowed=false, reason=DENIED_STRICT_SURVIVAL}
[21:01:10] [Server thread/INFO]: [AIBot] ACTION event=diag_snapshot bot=Bob {path_idle=true, food=20, air=300, mode=survival, task=gather, task_progress=1.0, goal=none, task_phase=DONE, in_lava=false, step=, light=14, submerged=false, task_state=COMPLETED, held=minecraft:torchx1, fall=0.0, pos=0,114,-3, on_ground=true, hp=20.0/20.0, mining_idle=true, nearby=animals=1(villager@9) hostiles=0, inv=minecraft:oak_logx4 minecraft:torchx1}
[21:01:10] [Server thread/WARN]: [AIBot] PERCEPTION event=snapshot_slow bot=Bob {elapsed_ms=13}
[21:01:11] [Server thread/WARN]: [AIBot] PERCEPTION event=snapshot_slow bot=Bob {elapsed_ms=13}
[21:01:11] [Server thread/WARN]: [AIBot] PERCEPTION event=snapshot_slow bot=Bob {elapsed_ms=12}
[21:01:12] [Server thread/WARN]: [AIBot] PERCEPTION event=snapshot_slow bot=Bob {elapsed_ms=14}
[21:01:12] [Server thread/INFO]: [AIBot] ACTION event=diag_snapshot bot=Bob {path_idle=true, food=20, air=300, mode=survival, task=gather, task_progress=1.0, goal=none, task_phase=DONE, in_lava=false, step=, light=14, submerged=false, task_state=COMPLETED, held=minecraft:torchx1, fall=0.0, pos=0,114,-3, on_ground=true, hp=20.0/20.0, mining_idle=true, nearby=animals=1(villager@9) hostiles=0, inv=minecraft:oak_logx4 minecraft:torchx1}
[21:01:12] [Server thread/WARN]: [AIBot] PERCEPTION event=snapshot_slow bot=Bob {elapsed_ms=14}
[21:01:13] [Server thread/WARN]: [AIBot] PERCEPTION event=snapshot_slow bot=Bob {elapsed_ms=11}
[21:01:13] [Server thread/WARN]: [AIBot] PERCEPTION event=snapshot_slow bot=Bob {elapsed_ms=13}
[21:01:14] [Server thread/INFO]: [AIBot] ACTION event=capability_decision bot=Bob {context=observable_block_query, capability=HIDDEN_BLOCK_SCAN, profile=strict_survival, allowed=false, reason=DENIED_STRICT_SURVIVAL}
[21:01:14] [Server thread/INFO]: [AIBot] ACTION event=capability_decision bot=Bob {context=perception_snapshot, capability=HIDDEN_BLOCK_SCAN, profile=strict_survival, allowed=false, reason=DENIED_STRICT_SURVIVAL}
[21:01:14] [Server thread/INFO]: [AIBot] ACTION event=capability_decision bot=Bob {context=observable_entity_query, capability=HIDDEN_BLOCK_SCAN, profile=strict_survival, allowed=false, reason=DENIED_STRICT_SURVIVAL}
[21:01:14] [Server thread/WARN]: [AIBot] PERCEPTION event=snapshot_slow bot=Bob {elapsed_ms=12}
[21:01:14] [Server thread/INFO]: [AIBot] ACTION event=diag_snapshot bot=Bob {path_idle=true, food=20, air=300, mode=survival, task=gather, task_progress=1.0, goal=none, task_phase=DONE, in_lava=false, step=, light=14, submerged=false, task_state=COMPLETED, held=minecraft:torchx1, fall=0.0, pos=0,114,-3, on_ground=true, hp=20.0/20.0, mining_idle=true, nearby=animals=1(villager@9) hostiles=0, inv=minecraft:oak_logx4 minecraft:torchx1}
[21:01:14] [Server thread/WARN]: [AIBot] PERCEPTION event=snapshot_slow bot=Bob {elapsed_ms=13}
[21:01:15] [Server thread/WARN]: [AIBot] PERCEPTION event=snapshot_slow bot=Bob {elapsed_ms=14}
[21:01:15] [Server thread/WARN]: [AIBot] PERCEPTION event=snapshot_slow bot=Bob {elapsed_ms=14}
[21:01:16] [Server thread/WARN]: [AIBot] PERCEPTION event=snapshot_slow bot=Bob {elapsed_ms=14}
[21:01:16] [Server thread/INFO]: [AIBot] ACTION event=capability_decision bot=Bob {context=diagnostic_nearby, capability=HIDDEN_BLOCK_SCAN, profile=strict_survival, allowed=false, reason=DENIED_STRICT_SURVIVAL}
[21:01:16] [Server thread/INFO]: [AIBot] ACTION event=diag_snapshot bot=Bob {path_idle=true, food=20, air=300, mode=survival, task=gather, task_progress=1.0, goal=none, task_phase=DONE, in_lava=false, step=, light=14, submerged=false, task_state=COMPLETED, held=minecraft:torchx1, fall=0.0, pos=0,114,-3, on_ground=true, hp=20.0/20.0, mining_idle=true, nearby=animals=1(villager@9) hostiles=0, inv=minecraft:oak_logx4 minecraft:torchx1}
[21:01:16] [Server thread/WARN]: [AIBot] PERCEPTION event=snapshot_slow bot=Bob {elapsed_ms=13}
[21:01:17] [Server thread/WARN]: [AIBot] PERCEPTION event=snapshot_slow bot=Bob {elapsed_ms=13}
[21:01:17] [Server thread/WARN]: [AIBot] PERCEPTION event=snapshot_slow bot=Bob {elapsed_ms=19}
[21:01:18] [Server thread/WARN]: [AIBot] PERCEPTION event=snapshot_slow bot=Bob {elapsed_ms=14}
[21:01:18] [Server thread/INFO]: [AIBot] ACTION event=diag_snapshot bot=Bob {path_idle=true, food=20, air=300, mode=survival, task=gather, task_progress=1.0, goal=none, task_phase=DONE, in_lava=false, step=, light=14, submerged=false, task_state=COMPLETED, held=minecraft:torchx1, fall=0.0, pos=0,114,-3, on_ground=true, hp=20.0/20.0, mining_idle=true, nearby=animals=1(villager@9) hostiles=0, inv=minecraft:oak_logx4 minecraft:torchx1}
[21:01:18] [Server thread/WARN]: [AIBot] PERCEPTION event=snapshot_slow bot=Bob {elapsed_ms=18}
[21:01:19] [Server thread/INFO]: [AIBot] ACTION event=capability_decision bot=Bob {context=observable_block_query, capability=HIDDEN_BLOCK_SCAN, profile=strict_survival, allowed=false, reason=DENIED_STRICT_SURVIVAL}
[21:01:19] [Server thread/INFO]: [AIBot] ACTION event=capability_decision bot=Bob {context=perception_snapshot, capability=HIDDEN_BLOCK_SCAN, profile=strict_survival, allowed=false, reason=DENIED_STRICT_SURVIVAL}
[21:01:19] [Server thread/INFO]: [AIBot] ACTION event=capability_decision bot=Bob {context=observable_entity_query, capability=HIDDEN_BLOCK_SCAN, profile=strict_survival, allowed=false, reason=DENIED_STRICT_SURVIVAL}
[21:01:19] [Server thread/WARN]: [AIBot] PERCEPTION event=snapshot_slow bot=Bob {elapsed_ms=20}
[21:01:19] [Server thread/WARN]: [AIBot] PERCEPTION event=snapshot_slow bot=Bob {elapsed_ms=14}
[21:01:20] [Server thread/WARN]: [AIBot] PERCEPTION event=snapshot_slow bot=Bob {elapsed_ms=12}
[21:01:20] [Server thread/INFO]: [AIBot] ACTION event=diag_snapshot bot=Bob {path_idle=true, food=20, air=300, mode=survival, task=gather, task_progress=1.0, goal=none, task_phase=DONE, in_lava=false, step=, light=14, submerged=false, task_state=COMPLETED, held=minecraft:torchx1, fall=0.0, pos=0,114,-3, on_ground=true, hp=20.0/20.0, mining_idle=true, nearby=animals=1(villager@9) hostiles=0, inv=minecraft:oak_logx4 minecraft:torchx1}
[21:01:20] [Server thread/WARN]: [AIBot] PERCEPTION event=snapshot_slow bot=Bob {elapsed_ms=12}
[21:01:21] [Server thread/WARN]: [AIBot] PERCEPTION event=snapshot_slow bot=Bob {elapsed_ms=15}
[21:01:21] [Server thread/WARN]: [AIBot] PERCEPTION event=snapshot_slow bot=Bob {elapsed_ms=17}
[21:01:22] [Server thread/WARN]: [AIBot] PERCEPTION event=snapshot_slow bot=Bob {elapsed_ms=18}
[21:01:22] [Server thread/INFO]: [AIBot] ACTION event=capability_decision bot=Bob {context=diagnostic_nearby, capability=HIDDEN_BLOCK_SCAN, profile=strict_survival, allowed=false, reason=DENIED_STRICT_SURVIVAL}
[21:01:22] [Server thread/INFO]: [AIBot] ACTION event=diag_snapshot bot=Bob {path_idle=true, food=20, air=300, mode=survival, task=gather, task_progress=1.0, goal=none, task_phase=DONE, in_lava=false, step=, light=14, submerged=false, task_state=COMPLETED, held=minecraft:torchx1, fall=0.0, pos=0,114,-3, on_ground=true, hp=20.0/20.0, mining_idle=true, nearby=animals=1(villager@9) hostiles=0, inv=minecraft:oak_logx4 minecraft:torchx1}
[21:01:22] [Server thread/WARN]: [AIBot] PERCEPTION event=snapshot_slow bot=Bob {elapsed_ms=11}
[21:01:23] [Server thread/WARN]: [AIBot] PERCEPTION event=snapshot_slow bot=Bob {elapsed_ms=12}
[21:01:23] [Server thread/WARN]: [AIBot] PERCEPTION event=snapshot_slow bot=Bob {elapsed_ms=15}
[21:01:24] [Server thread/INFO]: [AIBot] ACTION event=capability_decision bot=Bob {context=observable_block_query, capability=HIDDEN_BLOCK_SCAN, profile=strict_survival, allowed=false, reason=DENIED_STRICT_SURVIVAL}
[21:01:24] [Server thread/INFO]: [AIBot] ACTION event=capability_decision bot=Bob {context=perception_snapshot, capability=HIDDEN_BLOCK_SCAN, profile=strict_survival, allowed=false, reason=DENIED_STRICT_SURVIVAL}
[21:01:24] [Server thread/INFO]: [AIBot] ACTION event=capability_decision bot=Bob {context=observable_entity_query, capability=HIDDEN_BLOCK_SCAN, profile=strict_survival, allowed=false, reason=DENIED_STRICT_SURVIVAL}
[21:01:24] [Server thread/WARN]: [AIBot] PERCEPTION event=snapshot_slow bot=Bob {elapsed_ms=14}
[21:01:24] [Server thread/INFO]: [AIBot] ACTION event=diag_snapshot bot=Bob {path_idle=true, food=20, air=300, mode=survival, task=gather, task_progress=1.0, goal=none, task_phase=DONE, in_lava=false, step=, light=14, submerged=false, task_state=COMPLETED, held=minecraft:torchx1, fall=0.0, pos=0,114,-3, on_ground=true, hp=20.0/20.0, mining_idle=true, nearby=animals=1(villager@8) hostiles=0, inv=minecraft:oak_logx4 minecraft:torchx1}
[21:01:24] [Server thread/WARN]: [AIBot] PERCEPTION event=snapshot_slow bot=Bob {elapsed_ms=13}
[21:01:26] [Server thread/INFO]: [AIBot] ACTION event=diag_snapshot bot=Bob {path_idle=true, food=20, air=300, mode=survival, task=gather, task_progress=1.0, goal=none, task_phase=DONE, in_lava=false, step=, light=14, submerged=false, task_state=COMPLETED, held=minecraft:torchx1, fall=0.0, pos=0,114,-3, on_ground=true, hp=20.0/20.0, mining_idle=true, nearby=animals=1(villager@11) hostiles=0, inv=minecraft:oak_logx4 minecraft:torchx1}
[21:01:28] [Server thread/INFO]: [AIBot] ACTION event=capability_decision bot=Bob {context=diagnostic_nearby, capability=HIDDEN_BLOCK_SCAN, profile=strict_survival, allowed=false, reason=DENIED_STRICT_SURVIVAL}
[21:01:28] [Server thread/INFO]: [AIBot] ACTION event=diag_snapshot bot=Bob {path_idle=true, food=20, air=300, mode=survival, task=gather, task_progress=1.0, goal=none, task_phase=DONE, in_lava=false, step=, light=14, submerged=false, task_state=COMPLETED, held=minecraft:torchx1, fall=0.0, pos=0,114,-3, on_ground=true, hp=20.0/20.0, mining_idle=true, nearby=animals=0 hostiles=0, inv=minecraft:oak_logx4 minecraft:torchx1}
[21:01:29] [Server thread/INFO]: [AIBot] ACTION event=capability_decision bot=Bob {context=observable_block_query, capability=HIDDEN_BLOCK_SCAN, profile=strict_survival, allowed=false, reason=DENIED_STRICT_SURVIVAL}
[21:01:29] [Server thread/INFO]: [AIBot] ACTION event=capability_decision bot=Bob {context=perception_snapshot, capability=HIDDEN_BLOCK_SCAN, profile=strict_survival, allowed=false, reason=DENIED_STRICT_SURVIVAL}
[21:01:29] [Server thread/INFO]: [AIBot] ACTION event=capability_decision bot=Bob {context=observable_entity_query, capability=HIDDEN_BLOCK_SCAN, profile=strict_survival, allowed=false, reason=DENIED_STRICT_SURVIVAL}
[21:01:30] [Server thread/WARN]: [AIBot] PERCEPTION event=snapshot_slow bot=Bob {elapsed_ms=12}
[21:01:30] [Server thread/INFO]: [AIBot] ACTION event=diag_snapshot bot=Bob {path_idle=true, food=20, air=300, mode=survival, task=gather, task_progress=1.0, goal=none, task_phase=DONE, in_lava=false, step=, light=14, submerged=false, task_state=COMPLETED, held=minecraft:torchx1, fall=0.0, pos=0,114,-3, on_ground=true, hp=20.0/20.0, mining_idle=true, nearby=animals=0 hostiles=0, inv=minecraft:oak_logx4 minecraft:torchx1}
[21:01:32] [Server thread/INFO]: [AIBot] ACTION event=diag_snapshot bot=Bob {path_idle=true, food=20, air=300, mode=survival, task=gather, task_progress=1.0, goal=none, task_phase=DONE, in_lava=false, step=, light=14, submerged=false, task_state=COMPLETED, held=minecraft:torchx1, fall=0.0, pos=0,114,-3, on_ground=true, hp=20.0/20.0, mining_idle=true, nearby=animals=0 hostiles=0, inv=minecraft:oak_logx4 minecraft:torchx1}
[21:01:34] [Server thread/INFO]: [AIBot] ACTION event=capability_decision bot=Bob {context=observable_block_query, capability=HIDDEN_BLOCK_SCAN, profile=strict_survival, allowed=false, reason=DENIED_STRICT_SURVIVAL}
[21:01:34] [Server thread/INFO]: [AIBot] ACTION event=capability_decision bot=Bob {context=perception_snapshot, capability=HIDDEN_BLOCK_SCAN, profile=strict_survival, allowed=false, reason=DENIED_STRICT_SURVIVAL}
[21:01:34] [Server thread/INFO]: [AIBot] ACTION event=capability_decision bot=Bob {context=observable_entity_query, capability=HIDDEN_BLOCK_SCAN, profile=strict_survival, allowed=false, reason=DENIED_STRICT_SURVIVAL}
[21:01:34] [Server thread/INFO]: [AIBot] ACTION event=capability_decision bot=Bob {context=diagnostic_nearby, capability=HIDDEN_BLOCK_SCAN, profile=strict_survival, allowed=false, reason=DENIED_STRICT_SURVIVAL}
[21:01:34] [Server thread/INFO]: [AIBot] ACTION event=diag_snapshot bot=Bob {path_idle=true, food=20, air=300, mode=survival, task=gather, task_progress=1.0, goal=none, task_phase=DONE, in_lava=false, step=, light=14, submerged=false, task_state=COMPLETED, held=minecraft:torchx1, fall=0.0, pos=0,114,-3, on_ground=true, hp=20.0/20.0, mining_idle=true, nearby=animals=0 hostiles=0, inv=minecraft:oak_logx4 minecraft:torchx1}
[21:01:36] [Server thread/INFO]: [AIBot] ACTION event=diag_snapshot bot=Bob {path_idle=true, food=20, air=300, mode=survival, task=gather, task_progress=1.0, goal=none, task_phase=DONE, in_lava=false, step=, light=14, submerged=false, task_state=COMPLETED, held=minecraft:torchx1, fall=0.0, pos=0,114,-3, on_ground=true, hp=20.0/20.0, mining_idle=true, nearby=animals=0 hostiles=0, inv=minecraft:oak_logx4 minecraft:torchx1}
[21:01:37] [Server thread/WARN]: [AIBot] PERCEPTION event=snapshot_slow bot=Bob {elapsed_ms=11}
[21:01:38] [Server thread/INFO]: [AIBot] ACTION event=diag_snapshot bot=Bob {path_idle=true, food=20, air=300, mode=survival, task=gather, task_progress=1.0, goal=none, task_phase=DONE, in_lava=false, step=, light=14, submerged=false, task_state=COMPLETED, held=minecraft:torchx1, fall=0.0, pos=0,114,-3, on_ground=true, hp=20.0/20.0, mining_idle=true, nearby=animals=0 hostiles=0, inv=minecraft:oak_logx4 minecraft:torchx1}
[21:01:39] [Server thread/INFO]: [AIBot] ACTION event=capability_decision bot=Bob {context=observable_block_query, capability=HIDDEN_BLOCK_SCAN, profile=strict_survival, allowed=false, reason=DENIED_STRICT_SURVIVAL}
[21:01:39] [Server thread/INFO]: [AIBot] ACTION event=capability_decision bot=Bob {context=perception_snapshot, capability=HIDDEN_BLOCK_SCAN, profile=strict_survival, allowed=false, reason=DENIED_STRICT_SURVIVAL}
[21:01:39] [Server thread/INFO]: [AIBot] ACTION event=capability_decision bot=Bob {context=observable_entity_query, capability=HIDDEN_BLOCK_SCAN, profile=strict_survival, allowed=false, reason=DENIED_STRICT_SURVIVAL}
[21:01:40] [Server thread/INFO]: [AIBot] ACTION event=capability_decision bot=Bob {context=diagnostic_nearby, capability=HIDDEN_BLOCK_SCAN, profile=strict_survival, allowed=false, reason=DENIED_STRICT_SURVIVAL}
[21:01:40] [Server thread/INFO]: [AIBot] ACTION event=diag_snapshot bot=Bob {path_idle=true, food=20, air=300, mode=survival, task=gather, task_progress=1.0, goal=none, task_phase=DONE, in_lava=false, step=, light=14, submerged=false, task_state=COMPLETED, held=minecraft:torchx1, fall=0.0, pos=0,114,-3, on_ground=true, hp=20.0/20.0, mining_idle=true, nearby=animals=1(villager@14) hostiles=0, inv=minecraft:oak_logx4 minecraft:torchx1}
[21:01:42] [Server thread/INFO]: [AIBot] ACTION event=diag_snapshot bot=Bob {path_idle=true, food=20, air=300, mode=survival, task=gather, task_progress=1.0, goal=none, task_phase=DONE, in_lava=false, step=, light=14, submerged=false, task_state=COMPLETED, held=minecraft:torchx1, fall=0.0, pos=0,114,-3, on_ground=true, hp=20.0/20.0, mining_idle=true, nearby=animals=0 hostiles=0, inv=minecraft:oak_logx4 minecraft:torchx1}
[21:01:44] [Server thread/INFO]: [AIBot] ACTION event=capability_decision bot=Bob {context=observable_block_query, capability=HIDDEN_BLOCK_SCAN, profile=strict_survival, allowed=false, reason=DENIED_STRICT_SURVIVAL}
[21:01:44] [Server thread/INFO]: [AIBot] ACTION event=capability_decision bot=Bob {context=perception_snapshot, capability=HIDDEN_BLOCK_SCAN, profile=strict_survival, allowed=false, reason=DENIED_STRICT_SURVIVAL}
[21:01:44] [Server thread/INFO]: [AIBot] ACTION event=capability_decision bot=Bob {context=observable_entity_query, capability=HIDDEN_BLOCK_SCAN, profile=strict_survival, allowed=false, reason=DENIED_STRICT_SURVIVAL}
[21:01:44] [Server thread/INFO]: [AIBot] ACTION event=diag_snapshot bot=Bob {path_idle=true, food=20, air=300, mode=survival, task=gather, task_progress=1.0, goal=none, task_phase=DONE, in_lava=false, step=, light=14, submerged=false, task_state=COMPLETED, held=minecraft:torchx1, fall=0.0, pos=0,114,-3, on_ground=true, hp=20.0/20.0, mining_idle=true, nearby=animals=0 hostiles=0, inv=minecraft:oak_logx4 minecraft:torchx1}
[21:01:46] [Server thread/WARN]: [AIBot] PERCEPTION event=snapshot_slow bot=Bob {elapsed_ms=11}
[21:01:46] [Server thread/INFO]: [AIBot] ACTION event=capability_decision bot=Bob {context=diagnostic_nearby, capability=HIDDEN_BLOCK_SCAN, profile=strict_survival, allowed=false, reason=DENIED_STRICT_SURVIVAL}
[21:01:46] [Server thread/INFO]: [AIBot] ACTION event=diag_snapshot bot=Bob {path_idle=true, food=20, air=300, mode=survival, task=gather, task_progress=1.0, goal=none, task_phase=DONE, in_lava=false, step=, light=14, submerged=false, task_state=COMPLETED, held=minecraft:torchx1, fall=0.0, pos=0,114,-3, on_ground=true, hp=20.0/20.0, mining_idle=true, nearby=animals=0 hostiles=0, inv=minecraft:oak_logx4 minecraft:torchx1}
[21:01:48] [Server thread/INFO]: [AIBot] ACTION event=diag_snapshot bot=Bob {path_idle=true, food=20, air=300, mode=survival, task=gather, task_progress=1.0, goal=none, task_phase=DONE, in_lava=false, step=, light=14, submerged=false, task_state=COMPLETED, held=minecraft:torchx1, fall=0.0, pos=0,114,-3, on_ground=true, hp=20.0/20.0, mining_idle=true, nearby=animals=0 hostiles=0, inv=minecraft:oak_logx4 minecraft:torchx1}
[21:01:49] [Server thread/INFO]: [AIBot] ACTION event=capability_decision bot=Bob {context=observable_block_query, capability=HIDDEN_BLOCK_SCAN, profile=strict_survival, allowed=false, reason=DENIED_STRICT_SURVIVAL}
[21:01:49] [Server thread/INFO]: [AIBot] ACTION event=capability_decision bot=Bob {context=perception_snapshot, capability=HIDDEN_BLOCK_SCAN, profile=strict_survival, allowed=false, reason=DENIED_STRICT_SURVIVAL}
[21:01:49] [Server thread/INFO]: [AIBot] ACTION event=capability_decision bot=Bob {context=observable_entity_query, capability=HIDDEN_BLOCK_SCAN, profile=strict_survival, allowed=false, reason=DENIED_STRICT_SURVIVAL}
[21:01:50] [Server thread/WARN]: [AIBot] PERCEPTION event=snapshot_slow bot=Bob {elapsed_ms=12}
[21:01:50] [Server thread/INFO]: [AIBot] ACTION event=diag_snapshot bot=Bob {path_idle=true, food=20, air=300, mode=survival, task=gather, task_progress=1.0, goal=none, task_phase=DONE, in_lava=false, step=, light=14, submerged=false, task_state=COMPLETED, held=minecraft:torchx1, fall=0.0, pos=0,114,-3, on_ground=true, hp=20.0/20.0, mining_idle=true, nearby=animals=0 hostiles=0, inv=minecraft:oak_logx4 minecraft:torchx1}
[21:01:52] [Server thread/INFO]: [AIBot] ACTION event=capability_decision bot=Bob {context=diagnostic_nearby, capability=HIDDEN_BLOCK_SCAN, profile=strict_survival, allowed=false, reason=DENIED_STRICT_SURVIVAL}
[21:01:52] [Server thread/INFO]: [AIBot] ACTION event=diag_snapshot bot=Bob {path_idle=true, food=20, air=300, mode=survival, task=gather, task_progress=1.0, goal=none, task_phase=DONE, in_lava=false, step=, light=14, submerged=false, task_state=COMPLETED, held=minecraft:torchx1, fall=0.0, pos=0,114,-3, on_ground=true, hp=20.0/20.0, mining_idle=true, nearby=animals=0 hostiles=0, inv=minecraft:oak_logx4 minecraft:torchx1}
[21:01:54] [Server thread/INFO]: [AIBot] ACTION event=capability_decision bot=Bob {context=observable_block_query, capability=HIDDEN_BLOCK_SCAN, profile=strict_survival, allowed=false, reason=DENIED_STRICT_SURVIVAL}
[21:01:54] [Server thread/INFO]: [AIBot] ACTION event=capability_decision bot=Bob {context=perception_snapshot, capability=HIDDEN_BLOCK_SCAN, profile=strict_survival, allowed=false, reason=DENIED_STRICT_SURVIVAL}
[21:01:54] [Server thread/INFO]: [AIBot] ACTION event=capability_decision bot=Bob {context=observable_entity_query, capability=HIDDEN_BLOCK_SCAN, profile=strict_survival, allowed=false, reason=DENIED_STRICT_SURVIVAL}
[21:01:54] [Server thread/INFO]: [AIBot] ACTION event=diag_snapshot bot=Bob {path_idle=true, food=20, air=300, mode=survival, task=gather, task_progress=1.0, goal=none, task_phase=DONE, in_lava=false, step=, light=14, submerged=false, task_state=COMPLETED, held=minecraft:torchx1, fall=0.0, pos=0,114,-3, on_ground=true, hp=20.0/20.0, mining_idle=true, nearby=animals=0 hostiles=0, inv=minecraft:oak_logx4 minecraft:torchx1}
[21:01:54] [Server thread/WARN]: [AIBot] PERCEPTION event=snapshot_slow bot=Bob {elapsed_ms=13}
[21:01:56] [Server thread/WARN]: [AIBot] PERCEPTION event=snapshot_slow bot=Bob {elapsed_ms=11}
[21:01:56] [Server thread/INFO]: [AIBot] LIFECYCLE event=mixin_alive bot=- {server_tick=8400}
[21:01:56] [Server thread/INFO]: [AIBot] ACTION event=diag_snapshot bot=Bob {path_idle=true, food=20, air=300, mode=survival, task=gather, task_progress=1.0, goal=none, task_phase=DONE, in_lava=false, step=, light=14, submerged=false, task_state=COMPLETED, held=minecraft:torchx1, fall=0.0, pos=0,114,-3, on_ground=true, hp=20.0/20.0, mining_idle=true, nearby=animals=0 hostiles=0, inv=minecraft:oak_logx4 minecraft:torchx1}
[21:01:57] [Server thread/WARN]: [AIBot] PERCEPTION event=snapshot_slow bot=Bob {elapsed_ms=11}
[21:01:58] [Server thread/INFO]: [AIBot] ACTION event=capability_decision bot=Bob {context=diagnostic_nearby, capability=HIDDEN_BLOCK_SCAN, profile=strict_survival, allowed=false, reason=DENIED_STRICT_SURVIVAL}
[21:01:58] [Server thread/INFO]: [AIBot] ACTION event=diag_snapshot bot=Bob {path_idle=true, food=20, air=300, mode=survival, task=gather, task_progress=1.0, goal=none, task_phase=DONE, in_lava=false, step=, light=14, submerged=false, task_state=COMPLETED, held=minecraft:torchx1, fall=0.0, pos=0,114,-3, on_ground=true, hp=20.0/20.0, mining_idle=true, nearby=animals=1(horse@14) hostiles=0, inv=minecraft:oak_logx4 minecraft:torchx1}
[21:01:59] [Server thread/INFO]: [AIBot] ACTION event=capability_decision bot=Bob {context=observable_block_query, capability=HIDDEN_BLOCK_SCAN, profile=strict_survival, allowed=false, reason=DENIED_STRICT_SURVIVAL}
[21:01:59] [Server thread/INFO]: [AIBot] ACTION event=capability_decision bot=Bob {context=perception_snapshot, capability=HIDDEN_BLOCK_SCAN, profile=strict_survival, allowed=false, reason=DENIED_STRICT_SURVIVAL}
[21:01:59] [Server thread/INFO]: [AIBot] ACTION event=capability_decision bot=Bob {context=observable_entity_query, capability=HIDDEN_BLOCK_SCAN, profile=strict_survival, allowed=false, reason=DENIED_STRICT_SURVIVAL}
[21:02:00] [Server thread/INFO]: [AIBot] ACTION event=diag_snapshot bot=Bob {path_idle=true, food=20, air=300, mode=survival, task=gather, task_progress=1.0, goal=none, task_phase=DONE, in_lava=false, step=, light=14, submerged=false, task_state=COMPLETED, held=minecraft:torchx1, fall=0.0, pos=0,114,-3, on_ground=true, hp=20.0/20.0, mining_idle=true, nearby=animals=1(horse@15) hostiles=0, inv=minecraft:oak_logx4 minecraft:torchx1}
[21:02:02] [Server thread/INFO]: [AIBot] ACTION event=diag_snapshot bot=Bob {path_idle=true, food=20, air=300, mode=survival, task=gather, task_progress=1.0, goal=none, task_phase=DONE, in_lava=false, step=, light=14, submerged=false, task_state=COMPLETED, held=minecraft:torchx1, fall=0.0, pos=0,114,-3, on_ground=true, hp=20.0/20.0, mining_idle=true, nearby=animals=1(pig@15) hostiles=0, inv=minecraft:oak_logx4 minecraft:torchx1}
[21:02:04] [Server thread/INFO]: [AIBot] ACTION event=capability_decision bot=Bob {context=observable_block_query, capability=HIDDEN_BLOCK_SCAN, profile=strict_survival, allowed=false, reason=DENIED_STRICT_SURVIVAL}
[21:02:04] [Server thread/INFO]: [AIBot] ACTION event=capability_decision bot=Bob {context=perception_snapshot, capability=HIDDEN_BLOCK_SCAN, profile=strict_survival, allowed=false, reason=DENIED_STRICT_SURVIVAL}
[21:02:04] [Server thread/INFO]: [AIBot] ACTION event=capability_decision bot=Bob {context=observable_entity_query, capability=HIDDEN_BLOCK_SCAN, profile=strict_survival, allowed=false, reason=DENIED_STRICT_SURVIVAL}
[21:02:04] [Server thread/WARN]: [AIBot] PERCEPTION event=snapshot_slow bot=Bob {elapsed_ms=11}
[21:02:04] [Server thread/INFO]: [AIBot] ACTION event=capability_decision bot=Bob {context=diagnostic_nearby, capability=HIDDEN_BLOCK_SCAN, profile=strict_survival, allowed=false, reason=DENIED_STRICT_SURVIVAL}
[21:02:04] [Server thread/INFO]: [AIBot] ACTION event=diag_snapshot bot=Bob {path_idle=true, food=20, air=300, mode=survival, task=gather, task_progress=1.0, goal=none, task_phase=DONE, in_lava=false, step=, light=14, submerged=false, task_state=COMPLETED, held=minecraft:torchx1, fall=0.0, pos=0,114,-3, on_ground=true, hp=20.0/20.0, mining_idle=true, nearby=animals=1(pig@15) hostiles=0, inv=minecraft:oak_logx4 minecraft:torchx1}
[21:02:06] [Server thread/INFO]: [AIBot] ACTION event=diag_snapshot bot=Bob {path_idle=true, food=20, air=300, mode=survival, task=gather, task_progress=1.0, goal=none, task_phase=DONE, in_lava=false, step=, light=14, submerged=false, task_state=COMPLETED, held=minecraft:torchx1, fall=0.0, pos=0,114,-3, on_ground=true, hp=20.0/20.0, mining_idle=true, nearby=animals=1(pig@14) hostiles=0, inv=minecraft:oak_logx4 minecraft:torchx1}
[21:02:08] [Server thread/INFO]: [AIBot] ACTION event=diag_snapshot bot=Bob {path_idle=true, food=20, air=300, mode=survival, task=gather, task_progress=1.0, goal=none, task_phase=DONE, in_lava=false, step=, light=14, submerged=false, task_state=COMPLETED, held=minecraft:torchx1, fall=0.0, pos=0,114,-3, on_ground=true, hp=20.0/20.0, mining_idle=true, nearby=animals=0 hostiles=0, inv=minecraft:oak_logx4 minecraft:torchx1}
[21:02:08] [Server thread/WARN]: [AIBot] PERCEPTION event=snapshot_slow bot=Bob {elapsed_ms=14}
[21:02:09] [Server thread/INFO]: [AIBot] ACTION event=capability_decision bot=Bob {context=observable_block_query, capability=HIDDEN_BLOCK_SCAN, profile=strict_survival, allowed=false, reason=DENIED_STRICT_SURVIVAL}
[21:02:09] [Server thread/INFO]: [AIBot] ACTION event=capability_decision bot=Bob {context=perception_snapshot, capability=HIDDEN_BLOCK_SCAN, profile=strict_survival, allowed=false, reason=DENIED_STRICT_SURVIVAL}
[21:02:09] [Server thread/INFO]: [AIBot] ACTION event=capability_decision bot=Bob {context=observable_entity_query, capability=HIDDEN_BLOCK_SCAN, profile=strict_survival, allowed=false, reason=DENIED_STRICT_SURVIVAL}
[21:02:09] [Server thread/WARN]: [AIBot] PERCEPTION event=snapshot_slow bot=Bob {elapsed_ms=12}
[21:02:10] [Server thread/WARN]: [AIBot] PERCEPTION event=snapshot_slow bot=Bob {elapsed_ms=11}
[21:02:10] [Server thread/INFO]: [AIBot] ACTION event=capability_decision bot=Bob {context=diagnostic_nearby, capability=HIDDEN_BLOCK_SCAN, profile=strict_survival, allowed=false, reason=DENIED_STRICT_SURVIVAL}
[21:02:10] [Server thread/INFO]: [AIBot] ACTION event=diag_snapshot bot=Bob {path_idle=true, food=20, air=300, mode=survival, task=gather, task_progress=1.0, goal=none, task_phase=DONE, in_lava=false, step=, light=14, submerged=false, task_state=COMPLETED, held=minecraft:torchx1, fall=0.0, pos=0,114,-3, on_ground=true, hp=20.0/20.0, mining_idle=true, nearby=animals=1(pig@12) hostiles=0, inv=minecraft:oak_logx4 minecraft:torchx1}
[21:02:12] [Server thread/INFO]: [AIBot] ACTION event=diag_snapshot bot=Bob {path_idle=true, food=20, air=300, mode=survival, task=gather, task_progress=1.0, goal=none, task_phase=DONE, in_lava=false, step=, light=14, submerged=false, task_state=COMPLETED, held=minecraft:torchx1, fall=0.0, pos=0,114,-3, on_ground=true, hp=20.0/20.0, mining_idle=true, nearby=animals=0 hostiles=0, inv=minecraft:oak_logx4 minecraft:torchx1}
[21:02:14] [Server thread/INFO]: [AIBot] ACTION event=capability_decision bot=Bob {context=observable_block_query, capability=HIDDEN_BLOCK_SCAN, profile=strict_survival, allowed=false, reason=DENIED_STRICT_SURVIVAL}
[21:02:14] [Server thread/INFO]: [AIBot] ACTION event=capability_decision bot=Bob {context=perception_snapshot, capability=HIDDEN_BLOCK_SCAN, profile=strict_survival, allowed=false, reason=DENIED_STRICT_SURVIVAL}
[21:02:14] [Server thread/INFO]: [AIBot] ACTION event=capability_decision bot=Bob {context=observable_entity_query, capability=HIDDEN_BLOCK_SCAN, profile=strict_survival, allowed=false, reason=DENIED_STRICT_SURVIVAL}
[21:02:14] [Server thread/INFO]: [AIBot] ACTION event=diag_snapshot bot=Bob {path_idle=true, food=20, air=300, mode=survival, task=gather, task_progress=1.0, goal=none, task_phase=DONE, in_lava=false, step=, light=14, submerged=false, task_state=COMPLETED, held=minecraft:torchx1, fall=0.0, pos=0,114,-3, on_ground=true, hp=20.0/20.0, mining_idle=true, nearby=animals=0 hostiles=0, inv=minecraft:oak_logx4 minecraft:torchx1}
[21:02:14] [Server thread/INFO]: [AIBot] TASK event=task_assigned bot=Bob {origin_reason=external_dsh, params=Crafting minecraft:oak_planks x16 phase=PLANNING, origin=LLM_TOOL, name=craft}
[21:02:14] [Server thread/INFO]: [AIBot] ACTION event=craft_atomic bot=Bob {item=minecraft:oak_planks, count=16}
[21:02:14] [Server thread/INFO]: [AIBot] TASK event=task_completed bot=Bob {name=craft, elapsed_ticks=3}
[21:02:16] [Server thread/INFO]: [AIBot] ACTION event=capability_decision bot=Bob {context=diagnostic_nearby, capability=HIDDEN_BLOCK_SCAN, profile=strict_survival, allowed=false, reason=DENIED_STRICT_SURVIVAL}
[21:02:16] [Server thread/INFO]: [AIBot] ACTION event=diag_snapshot bot=Bob {path_idle=true, food=20, air=300, mode=survival, task=craft, task_progress=1.0, goal=none, task_phase=CRAFTING, in_lava=false, step=, light=14, submerged=false, task_state=COMPLETED, held=minecraft:torchx1, fall=0.0, pos=0,114,-3, on_ground=true, hp=20.0/20.0, mining_idle=true, nearby=animals=0 hostiles=0, inv=minecraft:oak_planksx16 minecraft:torchx1}
[21:02:17] [Server thread/WARN]: [AIBot] PERCEPTION event=snapshot_slow bot=Bob {elapsed_ms=12}
[21:02:18] [Server thread/INFO]: [AIBot] ACTION event=diag_snapshot bot=Bob {path_idle=true, food=20, air=300, mode=survival, task=craft, task_progress=1.0, goal=none, task_phase=CRAFTING, in_lava=false, step=, light=14, submerged=false, task_state=COMPLETED, held=minecraft:torchx1, fall=0.0, pos=0,114,-3, on_ground=true, hp=20.0/20.0, mining_idle=true, nearby=animals=0 hostiles=0, inv=minecraft:oak_planksx16 minecraft:torchx1}
[21:02:19] [Server thread/INFO]: [AIBot] ACTION event=capability_decision bot=Bob {context=observable_block_query, capability=HIDDEN_BLOCK_SCAN, profile=strict_survival, allowed=false, reason=DENIED_STRICT_SURVIVAL}
[21:02:19] [Server thread/INFO]: [AIBot] ACTION event=capability_decision bot=Bob {context=perception_snapshot, capability=HIDDEN_BLOCK_SCAN, profile=strict_survival, allowed=false, reason=DENIED_STRICT_SURVIVAL}
[21:02:19] [Server thread/INFO]: [AIBot] ACTION event=capability_decision bot=Bob {context=observable_entity_query, capability=HIDDEN_BLOCK_SCAN, profile=strict_survival, allowed=false, reason=DENIED_STRICT_SURVIVAL}
[21:02:20] [Server thread/INFO]: [AIBot] ACTION event=diag_snapshot bot=Bob {path_idle=true, food=20, air=300, mode=survival, task=craft, task_progress=1.0, goal=none, task_phase=CRAFTING, in_lava=false, step=, light=14, submerged=false, task_state=COMPLETED, held=minecraft:torchx1, fall=0.0, pos=0,114,-3, on_ground=true, hp=20.0/20.0, mining_idle=true, nearby=animals=0 hostiles=0, inv=minecraft:oak_planksx16 minecraft:torchx1}
[21:02:20] [Server thread/INFO]: [AIBot] TASK event=task_assigned bot=Bob {origin_reason=external_dsh, params=Crafting minecraft:crafting_table x1 phase=PLANNING, origin=LLM_TOOL, name=craft}
[21:02:20] [Server thread/INFO]: [AIBot] ACTION event=craft_atomic bot=Bob {item=minecraft:crafting_table, count=1}
[21:02:20] [Server thread/INFO]: [AIBot] TASK event=task_completed bot=Bob {name=craft, elapsed_ticks=3}
[21:02:22] [Server thread/INFO]: [AIBot] ACTION event=capability_decision bot=Bob {context=diagnostic_nearby, capability=HIDDEN_BLOCK_SCAN, profile=strict_survival, allowed=false, reason=DENIED_STRICT_SURVIVAL}
[21:02:22] [Server thread/INFO]: [AIBot] ACTION event=diag_snapshot bot=Bob {path_idle=true, food=20, air=300, mode=survival, task=craft, task_progress=1.0, goal=none, task_phase=CRAFTING, in_lava=false, step=, light=14, submerged=false, task_state=COMPLETED, held=minecraft:torchx1, fall=0.0, pos=0,114,-3, on_ground=true, hp=20.0/20.0, mining_idle=true, nearby=animals=0 hostiles=0, inv=minecraft:oak_planksx12 minecraft:torchx1 minecraft:crafting_tablex1}
[21:02:24] [Server thread/INFO]: [AIBot] ACTION event=capability_decision bot=Bob {context=observable_block_query, capability=HIDDEN_BLOCK_SCAN, profile=strict_survival, allowed=false, reason=DENIED_STRICT_SURVIVAL}
[21:02:24] [Server thread/INFO]: [AIBot] ACTION event=capability_decision bot=Bob {context=perception_snapshot, capability=HIDDEN_BLOCK_SCAN, profile=strict_survival, allowed=false, reason=DENIED_STRICT_SURVIVAL}
[21:02:24] [Server thread/INFO]: [AIBot] ACTION event=capability_decision bot=Bob {context=observable_entity_query, capability=HIDDEN_BLOCK_SCAN, profile=strict_survival, allowed=false, reason=DENIED_STRICT_SURVIVAL}
[21:02:24] [Server thread/INFO]: [AIBot] ACTION event=diag_snapshot bot=Bob {path_idle=true, food=20, air=300, mode=survival, task=craft, task_progress=1.0, goal=none, task_phase=CRAFTING, in_lava=false, step=, light=14, submerged=false, task_state=COMPLETED, held=minecraft:torchx1, fall=0.0, pos=0,114,-3, on_ground=true, hp=20.0/20.0, mining_idle=true, nearby=animals=0 hostiles=0, inv=minecraft:oak_planksx12 minecraft:torchx1 minecraft:crafting_tablex1}
[21:02:26] [Server thread/INFO]: [AIBot] ACTION event=diag_snapshot bot=Bob {path_idle=true, food=20, air=300, mode=survival, task=craft, task_progress=1.0, goal=none, task_phase=CRAFTING, in_lava=false, step=, light=14, submerged=false, task_state=COMPLETED, held=minecraft:torchx1, fall=0.0, pos=0,114,-3, on_ground=true, hp=20.0/20.0, mining_idle=true, nearby=animals=0 hostiles=0, inv=minecraft:oak_planksx12 minecraft:torchx1 minecraft:crafting_tablex1}
[21:02:26] [Server thread/WARN]: [AIBot] PERCEPTION event=snapshot_slow bot=Bob {elapsed_ms=12}
[21:02:26] [Server thread/INFO]: [AIBot] TASK event=task_assigned bot=Bob {origin_reason=external_dsh, params=Crafting minecraft:stick x4 phase=PLANNING, origin=LLM_TOOL, name=craft}
[21:02:26] [Server thread/INFO]: [AIBot] ACTION event=craft_atomic bot=Bob {item=minecraft:stick, count=4}
[21:02:26] [Server thread/INFO]: [AIBot] TASK event=task_completed bot=Bob {name=craft, elapsed_ticks=3}
[21:02:27] [Server thread/WARN]: [AIBot] PERCEPTION event=snapshot_slow bot=Bob {elapsed_ms=11}
[21:02:27] [Server thread/WARN]: [AIBot] PERCEPTION event=snapshot_slow bot=Bob {elapsed_ms=12}
[21:02:28] [Server thread/INFO]: [AIBot] ACTION event=capability_decision bot=Bob {context=diagnostic_nearby, capability=HIDDEN_BLOCK_SCAN, profile=strict_survival, allowed=false, reason=DENIED_STRICT_SURVIVAL}
[21:02:28] [Server thread/INFO]: [AIBot] ACTION event=diag_snapshot bot=Bob {path_idle=true, food=20, air=300, mode=survival, task=craft, task_progress=1.0, goal=none, task_phase=CRAFTING, in_lava=false, step=, light=14, submerged=false, task_state=COMPLETED, held=minecraft:torchx1, fall=0.0, pos=0,114,-3, on_ground=true, hp=20.0/20.0, mining_idle=true, nearby=animals=0 hostiles=0, inv=minecraft:oak_planksx10 minecraft:torchx1 minecraft:crafting_tablex1 minecraft:stickx4}
[21:02:29] [Server thread/INFO]: [AIBot] ACTION event=capability_decision bot=Bob {context=observable_block_query, capability=HIDDEN_BLOCK_SCAN, profile=strict_survival, allowed=false, reason=DENIED_STRICT_SURVIVAL}
[21:02:29] [Server thread/INFO]: [AIBot] ACTION event=capability_decision bot=Bob {context=perception_snapshot, capability=HIDDEN_BLOCK_SCAN, profile=strict_survival, allowed=false, reason=DENIED_STRICT_SURVIVAL}
[21:02:29] [Server thread/INFO]: [AIBot] ACTION event=capability_decision bot=Bob {context=observable_entity_query, capability=HIDDEN_BLOCK_SCAN, profile=strict_survival, allowed=false, reason=DENIED_STRICT_SURVIVAL}
[21:02:30] [Server thread/INFO]: [AIBot] ACTION event=diag_snapshot bot=Bob {path_idle=true, food=20, air=300, mode=survival, task=craft, task_progress=1.0, goal=none, task_phase=CRAFTING, in_lava=false, step=, light=14, submerged=false, task_state=COMPLETED, held=minecraft:torchx1, fall=0.0, pos=0,114,-3, on_ground=true, hp=20.0/20.0, mining_idle=true, nearby=animals=0 hostiles=0, inv=minecraft:oak_planksx10 minecraft:torchx1 minecraft:crafting_tablex1 minecraft:stickx4}
[21:02:31] [Server thread/WARN]: [AIBot] PERCEPTION event=snapshot_slow bot=Bob {elapsed_ms=11}
[21:02:32] [Server thread/WARN]: [AIBot] PERCEPTION event=snapshot_slow bot=Bob {elapsed_ms=11}
[21:02:32] [Server thread/INFO]: [AIBot] TASK event=task_assigned bot=Bob {origin_reason=external_dsh, params=Crafting minecraft:wooden_pickaxe x1 phase=PLANNING, origin=LLM_TOOL, name=craft}
[21:02:32] [Server thread/INFO]: [AIBot] ACTION event=craft_atomic bot=Bob {item=minecraft:wooden_pickaxe, count=1}
[21:02:32] [Server thread/INFO]: [AIBot] TASK event=task_completed bot=Bob {name=craft, elapsed_ticks=3}
[21:02:32] [Server thread/INFO]: [AIBot] ACTION event=diag_snapshot bot=Bob {path_idle=true, food=20, air=300, mode=survival, task=craft, task_progress=1.0, goal=none, task_phase=CRAFTING, in_lava=false, step=, light=14, submerged=false, task_state=COMPLETED, held=minecraft:torchx1, fall=0.0, pos=0,114,-3, on_ground=true, hp=20.0/20.0, mining_idle=true, nearby=animals=0 hostiles=0, inv=minecraft:oak_planksx7 minecraft:torchx1 minecraft:crafting_tablex1 minecraft:stickx2 minecraft:wooden_pickaxex1}
[21:02:34] [Server thread/INFO]: [AIBot] ACTION event=capability_decision bot=Bob {context=observable_block_query, capability=HIDDEN_BLOCK_SCAN, profile=strict_survival, allowed=false, reason=DENIED_STRICT_SURVIVAL}
[21:02:34] [Server thread/INFO]: [AIBot] ACTION event=capability_decision bot=Bob {context=perception_snapshot, capability=HIDDEN_BLOCK_SCAN, profile=strict_survival, allowed=false, reason=DENIED_STRICT_SURVIVAL}
[21:02:34] [Server thread/INFO]: [AIBot] ACTION event=capability_decision bot=Bob {context=observable_entity_query, capability=HIDDEN_BLOCK_SCAN, profile=strict_survival, allowed=false, reason=DENIED_STRICT_SURVIVAL}
[21:02:34] [Server thread/WARN]: [AIBot] PERCEPTION event=snapshot_slow bot=Bob {elapsed_ms=14}
[21:02:34] [Server thread/INFO]: [AIBot] ACTION event=capability_decision bot=Bob {context=diagnostic_nearby, capability=HIDDEN_BLOCK_SCAN, profile=strict_survival, allowed=false, reason=DENIED_STRICT_SURVIVAL}
[21:02:34] [Server thread/INFO]: [AIBot] ACTION event=diag_snapshot bot=Bob {path_idle=true, food=20, air=300, mode=survival, task=craft, task_progress=1.0, goal=none, task_phase=CRAFTING, in_lava=false, step=, light=14, submerged=false, task_state=COMPLETED, held=minecraft:torchx1, fall=0.0, pos=0,114,-3, on_ground=true, hp=20.0/20.0, mining_idle=true, nearby=animals=1(villager@14) hostiles=0, inv=minecraft:oak_planksx7 minecraft:torchx1 minecraft:crafting_tablex1 minecraft:stickx2 minecraft:wooden_pickaxex1}
[21:02:35] [Server thread/WARN]: [AIBot] PERCEPTION event=snapshot_slow bot=Bob {elapsed_ms=14}
[21:02:36] [Server thread/INFO]: [AIBot] ACTION event=diag_snapshot bot=Bob {path_idle=true, food=20, air=300, mode=survival, task=craft, task_progress=1.0, goal=none, task_phase=CRAFTING, in_lava=false, step=, light=14, submerged=false, task_state=COMPLETED, held=minecraft:torchx1, fall=0.0, pos=0,114,-3, on_ground=true, hp=20.0/20.0, mining_idle=true, nearby=animals=1(villager@12) hostiles=0, inv=minecraft:oak_planksx7 minecraft:torchx1 minecraft:crafting_tablex1 minecraft:stickx2 minecraft:wooden_pickaxex1}
[21:02:38] [Server thread/INFO]: [AIBot] ACTION event=diag_snapshot bot=Bob {path_idle=true, food=20, air=300, mode=survival, task=craft, task_progress=1.0, goal=none, task_phase=CRAFTING, in_lava=false, step=, light=14, submerged=false, task_state=COMPLETED, held=minecraft:torchx1, fall=0.0, pos=0,114,-3, on_ground=true, hp=20.0/20.0, mining_idle=true, nearby=animals=2(villager@14) hostiles=0, inv=minecraft:oak_planksx7 minecraft:torchx1 minecraft:crafting_tablex1 minecraft:stickx2 minecraft:wooden_pickaxex1}
[21:02:38] [Server thread/WARN]: [AIBot] PERCEPTION event=snapshot_slow bot=Bob {elapsed_ms=12}
[21:02:39] [Server thread/INFO]: [AIBot] ACTION event=capability_decision bot=Bob {context=observable_block_query, capability=HIDDEN_BLOCK_SCAN, profile=strict_survival, allowed=false, reason=DENIED_STRICT_SURVIVAL}
[21:02:39] [Server thread/INFO]: [AIBot] ACTION event=capability_decision bot=Bob {context=perception_snapshot, capability=HIDDEN_BLOCK_SCAN, profile=strict_survival, allowed=false, reason=DENIED_STRICT_SURVIVAL}
[21:02:39] [Server thread/INFO]: [AIBot] ACTION event=capability_decision bot=Bob {context=observable_entity_query, capability=HIDDEN_BLOCK_SCAN, profile=strict_survival, allowed=false, reason=DENIED_STRICT_SURVIVAL}
[21:02:39] [Server thread/WARN]: [AIBot] PERCEPTION event=snapshot_slow bot=Bob {elapsed_ms=11}
[21:02:40] [Server thread/INFO]: [AIBot] ACTION event=capability_decision bot=Bob {context=diagnostic_nearby, capability=HIDDEN_BLOCK_SCAN, profile=strict_survival, allowed=false, reason=DENIED_STRICT_SURVIVAL}
[21:02:40] [Server thread/INFO]: [AIBot] ACTION event=diag_snapshot bot=Bob {path_idle=true, food=20, air=300, mode=survival, task=craft, task_progress=1.0, goal=none, task_phase=CRAFTING, in_lava=false, step=, light=14, submerged=false, task_state=COMPLETED, held=minecraft:torchx1, fall=0.0, pos=0,114,-3, on_ground=true, hp=20.0/20.0, mining_idle=true, nearby=animals=2(villager@11) hostiles=0, inv=minecraft:oak_planksx7 minecraft:torchx1 minecraft:crafting_tablex1 minecraft:stickx2 minecraft:wooden_pickaxex1}
[21:02:42] [Server thread/INFO]: [AIBot] ACTION event=diag_snapshot bot=Bob {path_idle=true, food=20, air=300, mode=survival, task=craft, task_progress=1.0, goal=none, task_phase=CRAFTING, in_lava=false, step=, light=14, submerged=false, task_state=COMPLETED, held=minecraft:torchx1, fall=0.0, pos=0,114,-3, on_ground=true, hp=20.0/20.0, mining_idle=true, nearby=animals=3(villager@9) hostiles=0, inv=minecraft:oak_planksx7 minecraft:torchx1 minecraft:crafting_tablex1 minecraft:stickx2 minecraft:wooden_pickaxex1}
[21:02:44] [Server thread/INFO]: [AIBot] ACTION event=capability_decision bot=Bob {context=observable_block_query, capability=HIDDEN_BLOCK_SCAN, profile=strict_survival, allowed=false, reason=DENIED_STRICT_SURVIVAL}
[21:02:44] [Server thread/INFO]: [AIBot] ACTION event=capability_decision bot=Bob {context=perception_snapshot, capability=HIDDEN_BLOCK_SCAN, profile=strict_survival, allowed=false, reason=DENIED_STRICT_SURVIVAL}
[21:02:44] [Server thread/INFO]: [AIBot] ACTION event=capability_decision bot=Bob {context=observable_entity_query, capability=HIDDEN_BLOCK_SCAN, profile=strict_survival, allowed=false, reason=DENIED_STRICT_SURVIVAL}
[21:02:44] [Server thread/INFO]: [AIBot] ACTION event=diag_snapshot bot=Bob {path_idle=true, food=20, air=300, mode=survival, task=craft, task_progress=1.0, goal=none, task_phase=CRAFTING, in_lava=false, step=, light=14, submerged=false, task_state=COMPLETED, held=minecraft:torchx1, fall=0.0, pos=0,114,-3, on_ground=true, hp=20.0/20.0, mining_idle=true, nearby=animals=6(villager@11) hostiles=0, inv=minecraft:oak_planksx7 minecraft:torchx1 minecraft:crafting_tablex1 minecraft:stickx2 minecraft:wooden_pickaxex1}
[21:02:46] [Server thread/INFO]: [AIBot] ACTION event=capability_decision bot=Bob {context=diagnostic_nearby, capability=HIDDEN_BLOCK_SCAN, profile=strict_survival, allowed=false, reason=DENIED_STRICT_SURVIVAL}
[21:02:46] [Server thread/INFO]: [AIBot] ACTION event=diag_snapshot bot=Bob {path_idle=true, food=20, air=300, mode=survival, task=craft, task_progress=1.0, goal=none, task_phase=CRAFTING, in_lava=false, step=, light=14, submerged=false, task_state=COMPLETED, held=minecraft:torchx1, fall=0.0, pos=0,114,-3, on_ground=true, hp=20.0/20.0, mining_idle=true, nearby=animals=5(villager@7) hostiles=0, inv=minecraft:oak_planksx7 minecraft:torchx1 minecraft:crafting_tablex1 minecraft:stickx2 minecraft:wooden_pickaxex1}
[21:02:48] [Server thread/INFO]: [AIBot] ACTION event=diag_snapshot bot=Bob {path_idle=true, food=20, air=300, mode=survival, task=craft, task_progress=1.0, goal=none, task_phase=CRAFTING, in_lava=false, step=, light=14, submerged=false, task_state=COMPLETED, held=minecraft:torchx1, fall=0.0, pos=0,114,-3, on_ground=true, hp=20.0/20.0, mining_idle=true, nearby=animals=3(villager@3) hostiles=0, inv=minecraft:oak_planksx7 minecraft:torchx1 minecraft:crafting_tablex1 minecraft:stickx2 minecraft:wooden_pickaxex1}
[21:02:49] [Server thread/INFO]: [AIBot] ACTION event=capability_decision bot=Bob {context=observable_block_query, capability=HIDDEN_BLOCK_SCAN, profile=strict_survival, allowed=false, reason=DENIED_STRICT_SURVIVAL}
[21:02:49] [Server thread/INFO]: [AIBot] ACTION event=capability_decision bot=Bob {context=perception_snapshot, capability=HIDDEN_BLOCK_SCAN, profile=strict_survival, allowed=false, reason=DENIED_STRICT_SURVIVAL}
[21:02:49] [Server thread/INFO]: [AIBot] ACTION event=capability_decision bot=Bob {context=observable_entity_query, capability=HIDDEN_BLOCK_SCAN, profile=strict_survival, allowed=false, reason=DENIED_STRICT_SURVIVAL}
[21:02:50] [Server thread/INFO]: [AIBot] ACTION event=diag_snapshot bot=Bob {path_idle=true, food=20, air=300, mode=survival, task=craft, task_progress=1.0, goal=none, task_phase=CRAFTING, in_lava=false, step=, light=14, submerged=false, task_state=COMPLETED, held=minecraft:torchx1, fall=0.0, pos=0,114,-3, on_ground=true, hp=20.0/20.0, mining_idle=true, nearby=animals=3(villager@10) hostiles=0, inv=minecraft:oak_planksx7 minecraft:torchx1 minecraft:crafting_tablex1 minecraft:stickx2 minecraft:wooden_pickaxex1}
[21:02:52] [Server thread/INFO]: [AIBot] ACTION event=capability_decision bot=Bob {context=diagnostic_nearby, capability=HIDDEN_BLOCK_SCAN, profile=strict_survival, allowed=false, reason=DENIED_STRICT_SURVIVAL}
[21:02:52] [Server thread/INFO]: [AIBot] ACTION event=diag_snapshot bot=Bob {path_idle=true, food=20, air=300, mode=survival, task=craft, task_progress=1.0, goal=none, task_phase=CRAFTING, in_lava=false, step=, light=14, submerged=false, task_state=COMPLETED, held=minecraft:torchx1, fall=0.0, pos=0,114,-3, on_ground=true, hp=20.0/20.0, mining_idle=true, nearby=animals=3(villager@5) hostiles=0, inv=minecraft:oak_planksx7 minecraft:torchx1 minecraft:crafting_tablex1 minecraft:stickx2 minecraft:wooden_pickaxex1}
[21:02:54] [Server thread/INFO]: [AIBot] ACTION event=capability_decision bot=Bob {context=observable_block_query, capability=HIDDEN_BLOCK_SCAN, profile=strict_survival, allowed=false, reason=DENIED_STRICT_SURVIVAL}
[21:02:54] [Server thread/INFO]: [AIBot] ACTION event=capability_decision bot=Bob {context=perception_snapshot, capability=HIDDEN_BLOCK_SCAN, profile=strict_survival, allowed=false, reason=DENIED_STRICT_SURVIVAL}
[21:02:54] [Server thread/INFO]: [AIBot] ACTION event=capability_decision bot=Bob {context=observable_entity_query, capability=HIDDEN_BLOCK_SCAN, profile=strict_survival, allowed=false, reason=DENIED_STRICT_SURVIVAL}
[21:02:54] [Server thread/INFO]: [AIBot] ACTION event=diag_snapshot bot=Bob {path_idle=true, food=20, air=300, mode=survival, task=craft, task_progress=1.0, goal=none, task_phase=CRAFTING, in_lava=false, step=, light=14, submerged=false, task_state=COMPLETED, held=minecraft:torchx1, fall=0.0, pos=0,114,-3, on_ground=true, hp=20.0/20.0, mining_idle=true, nearby=animals=3(villager@3) hostiles=0, inv=minecraft:oak_planksx7 minecraft:torchx1 minecraft:crafting_tablex1 minecraft:stickx2 minecraft:wooden_pickaxex1}
[21:02:56] [Server thread/INFO]: [AIBot] LIFECYCLE event=mixin_alive bot=- {server_tick=9600}
[21:02:56] [Server thread/INFO]: [AIBot] ACTION event=diag_snapshot bot=Bob {path_idle=true, food=20, air=300, mode=survival, task=craft, task_progress=1.0, goal=none, task_phase=CRAFTING, in_lava=false, step=, light=14, submerged=false, task_state=COMPLETED, held=minecraft:torchx1, fall=0.0, pos=0,114,-3, on_ground=true, hp=20.0/20.0, mining_idle=true, nearby=animals=2(villager@1) hostiles=0, inv=minecraft:oak_planksx7 minecraft:torchx1 minecraft:crafting_tablex1 minecraft:stickx2 minecraft:wooden_pickaxex1}
[21:02:58] [Server thread/INFO]: [AIBot] ACTION event=capability_decision bot=Bob {context=diagnostic_nearby, capability=HIDDEN_BLOCK_SCAN, profile=strict_survival, allowed=false, reason=DENIED_STRICT_SURVIVAL}
[21:02:58] [Server thread/INFO]: [AIBot] ACTION event=diag_snapshot bot=Bob {path_idle=true, food=20, air=300, mode=survival, task=craft, task_progress=1.0, goal=none, task_phase=CRAFTING, in_lava=false, step=, light=14, submerged=false, task_state=COMPLETED, held=minecraft:torchx1, fall=0.0, pos=0,114,-3, on_ground=true, hp=20.0/20.0, mining_idle=true, nearby=animals=4(villager@5) hostiles=0, inv=minecraft:oak_planksx7 minecraft:torchx1 minecraft:crafting_tablex1 minecraft:stickx2 minecraft:wooden_pickaxex1}
[21:02:59] [Server thread/INFO]: [AIBot] ACTION event=capability_decision bot=Bob {context=observable_block_query, capability=HIDDEN_BLOCK_SCAN, profile=strict_survival, allowed=false, reason=DENIED_STRICT_SURVIVAL}
[21:02:59] [Server thread/INFO]: [AIBot] ACTION event=capability_decision bot=Bob {context=perception_snapshot, capability=HIDDEN_BLOCK_SCAN, profile=strict_survival, allowed=false, reason=DENIED_STRICT_SURVIVAL}
[21:02:59] [Server thread/INFO]: [AIBot] ACTION event=capability_decision bot=Bob {context=observable_entity_query, capability=HIDDEN_BLOCK_SCAN, profile=strict_survival, allowed=false, reason=DENIED_STRICT_SURVIVAL}
[21:03:00] [Server thread/INFO]: [AIBot] ACTION event=diag_snapshot bot=Bob {path_idle=true, food=20, air=300, mode=survival, task=craft, task_progress=1.0, goal=none, task_phase=CRAFTING, in_lava=false, step=, light=14, submerged=false, task_state=COMPLETED, held=minecraft:torchx1, fall=0.0, pos=0,114,-3, on_ground=true, hp=20.0/20.0, mining_idle=true, nearby=animals=6(villager@2) hostiles=0, inv=minecraft:oak_planksx7 minecraft:torchx1 minecraft:crafting_tablex1 minecraft:stickx2 minecraft:wooden_pickaxex1}
[21:03:02] [Server thread/INFO]: [AIBot] ACTION event=diag_snapshot bot=Bob {path_idle=true, food=20, air=300, mode=survival, task=craft, task_progress=1.0, goal=none, task_phase=CRAFTING, in_lava=false, step=, light=14, submerged=false, task_state=COMPLETED, held=minecraft:torchx1, fall=0.0, pos=0,114,-3, on_ground=true, hp=20.0/20.0, mining_idle=true, nearby=animals=5(villager@0) hostiles=0, inv=minecraft:oak_planksx7 minecraft:torchx1 minecraft:crafting_tablex1 minecraft:stickx2 minecraft:wooden_pickaxex1}
[21:03:04] [Server thread/INFO]: [AIBot] ACTION event=capability_decision bot=Bob {context=observable_block_query, capability=HIDDEN_BLOCK_SCAN, profile=strict_survival, allowed=false, reason=DENIED_STRICT_SURVIVAL}
[21:03:04] [Server thread/INFO]: [AIBot] ACTION event=capability_decision bot=Bob {context=perception_snapshot, capability=HIDDEN_BLOCK_SCAN, profile=strict_survival, allowed=false, reason=DENIED_STRICT_SURVIVAL}
[21:03:04] [Server thread/INFO]: [AIBot] ACTION event=capability_decision bot=Bob {context=observable_entity_query, capability=HIDDEN_BLOCK_SCAN, profile=strict_survival, allowed=false, reason=DENIED_STRICT_SURVIVAL}
[21:03:04] [Server thread/INFO]: [AIBot] ACTION event=capability_decision bot=Bob {context=diagnostic_nearby, capability=HIDDEN_BLOCK_SCAN, profile=strict_survival, allowed=false, reason=DENIED_STRICT_SURVIVAL}
[21:03:04] [Server thread/INFO]: [AIBot] ACTION event=diag_snapshot bot=Bob {path_idle=true, food=20, air=300, mode=survival, task=craft, task_progress=1.0, goal=none, task_phase=CRAFTING, in_lava=false, step=, light=14, submerged=false, task_state=COMPLETED, held=minecraft:torchx1, fall=0.0, pos=0,114,-3, on_ground=true, hp=20.0/20.0, mining_idle=true, nearby=animals=3(villager@0) hostiles=0, inv=minecraft:oak_planksx7 minecraft:torchx1 minecraft:crafting_tablex1 minecraft:stickx2 minecraft:wooden_pickaxex1}
[21:03:06] [Server thread/INFO]: [AIBot] ACTION event=diag_snapshot bot=Bob {path_idle=true, food=20, air=300, mode=survival, task=craft, task_progress=1.0, goal=none, task_phase=CRAFTING, in_lava=false, step=, light=14, submerged=false, task_state=COMPLETED, held=minecraft:torchx1, fall=0.0, pos=0,114,-3, on_ground=true, hp=20.0/20.0, mining_idle=true, nearby=animals=2(villager@10) hostiles=0, inv=minecraft:oak_planksx7 minecraft:torchx1 minecraft:crafting_tablex1 minecraft:stickx2 minecraft:wooden_pickaxex1}
[21:03:08] [Server thread/INFO]: [AIBot] ACTION event=diag_snapshot bot=Bob {path_idle=true, food=20, air=300, mode=survival, task=craft, task_progress=1.0, goal=none, task_phase=CRAFTING, in_lava=false, step=, light=14, submerged=false, task_state=COMPLETED, held=minecraft:torchx1, fall=0.0, pos=0,114,-3, on_ground=true, hp=20.0/20.0, mining_idle=true, nearby=animals=2(villager@12) hostiles=0, inv=minecraft:oak_planksx7 minecraft:torchx1 minecraft:crafting_tablex1 minecraft:stickx2 minecraft:wooden_pickaxex1}
[21:03:09] [Server thread/INFO]: [AIBot] ACTION event=capability_decision bot=Bob {context=observable_block_query, capability=HIDDEN_BLOCK_SCAN, profile=strict_survival, allowed=false, reason=DENIED_STRICT_SURVIVAL}
[21:03:09] [Server thread/INFO]: [AIBot] ACTION event=capability_decision bot=Bob {context=perception_snapshot, capability=HIDDEN_BLOCK_SCAN, profile=strict_survival, allowed=false, reason=DENIED_STRICT_SURVIVAL}
[21:03:09] [Server thread/INFO]: [AIBot] ACTION event=capability_decision bot=Bob {context=observable_entity_query, capability=HIDDEN_BLOCK_SCAN, profile=strict_survival, allowed=false, reason=DENIED_STRICT_SURVIVAL}
[21:03:10] [Server thread/INFO]: [AIBot] ACTION event=capability_decision bot=Bob {context=diagnostic_nearby, capability=HIDDEN_BLOCK_SCAN, profile=strict_survival, allowed=false, reason=DENIED_STRICT_SURVIVAL}
[21:03:10] [Server thread/INFO]: [AIBot] ACTION event=diag_snapshot bot=Bob {path_idle=true, food=20, air=300, mode=survival, task=craft, task_progress=1.0, goal=none, task_phase=CRAFTING, in_lava=false, step=, light=14, submerged=false, task_state=COMPLETED, held=minecraft:torchx1, fall=0.0, pos=0,114,-3, on_ground=true, hp=20.0/20.0, mining_idle=true, nearby=animals=1(villager@14) hostiles=0, inv=minecraft:oak_planksx7 minecraft:torchx1 minecraft:crafting_tablex1 minecraft:stickx2 minecraft:wooden_pickaxex1}
[21:03:12] [Server thread/INFO]: [AIBot] ACTION event=diag_snapshot bot=Bob {path_idle=true, food=20, air=300, mode=survival, task=craft, task_progress=1.0, goal=none, task_phase=CRAFTING, in_lava=false, step=, light=14, submerged=false, task_state=COMPLETED, held=minecraft:torchx1, fall=0.0, pos=0,114,-3, on_ground=true, hp=20.0/20.0, mining_idle=true, nearby=animals=1(villager@14) hostiles=0, inv=minecraft:oak_planksx7 minecraft:torchx1 minecraft:crafting_tablex1 minecraft:stickx2 minecraft:wooden_pickaxex1}
[21:03:14] [Server thread/INFO]: [AIBot] ACTION event=capability_decision bot=Bob {context=observable_block_query, capability=HIDDEN_BLOCK_SCAN, profile=strict_survival, allowed=false, reason=DENIED_STRICT_SURVIVAL}
[21:03:14] [Server thread/INFO]: [AIBot] ACTION event=capability_decision bot=Bob {context=perception_snapshot, capability=HIDDEN_BLOCK_SCAN, profile=strict_survival, allowed=false, reason=DENIED_STRICT_SURVIVAL}
[21:03:14] [Server thread/INFO]: [AIBot] ACTION event=capability_decision bot=Bob {context=observable_entity_query, capability=HIDDEN_BLOCK_SCAN, profile=strict_survival, allowed=false, reason=DENIED_STRICT_SURVIVAL}
[21:03:14] [Server thread/INFO]: [AIBot] ACTION event=diag_snapshot bot=Bob {path_idle=true, food=20, air=300, mode=survival, task=craft, task_progress=1.0, goal=none, task_phase=CRAFTING, in_lava=false, step=, light=14, submerged=false, task_state=COMPLETED, held=minecraft:torchx1, fall=0.0, pos=0,114,-3, on_ground=true, hp=20.0/20.0, mining_idle=true, nearby=animals=4(villager@12) hostiles=0, inv=minecraft:oak_planksx7 minecraft:torchx1 minecraft:crafting_tablex1 minecraft:stickx2 minecraft:wooden_pickaxex1}
[21:03:16] [Server thread/INFO]: [AIBot] ACTION event=capability_decision bot=Bob {context=diagnostic_nearby, capability=HIDDEN_BLOCK_SCAN, profile=strict_survival, allowed=false, reason=DENIED_STRICT_SURVIVAL}
[21:03:16] [Server thread/INFO]: [AIBot] ACTION event=diag_snapshot bot=Bob {path_idle=true, food=20, air=300, mode=survival, task=craft, task_progress=1.0, goal=none, task_phase=CRAFTING, in_lava=false, step=, light=14, submerged=false, task_state=COMPLETED, held=minecraft:torchx1, fall=0.0, pos=0,114,-3, on_ground=true, hp=20.0/20.0, mining_idle=true, nearby=animals=4(villager@13) hostiles=0, inv=minecraft:oak_planksx7 minecraft:torchx1 minecraft:crafting_tablex1 minecraft:stickx2 minecraft:wooden_pickaxex1}
[21:03:18] [Server thread/INFO]: [AIBot] ACTION event=diag_snapshot bot=Bob {path_idle=true, food=20, air=300, mode=survival, task=craft, task_progress=1.0, goal=none, task_phase=CRAFTING, in_lava=false, step=, light=14, submerged=false, task_state=COMPLETED, held=minecraft:torchx1, fall=0.0, pos=0,114,-3, on_ground=true, hp=20.0/20.0, mining_idle=true, nearby=animals=5(villager@13) hostiles=0, inv=minecraft:oak_planksx7 minecraft:torchx1 minecraft:crafting_tablex1 minecraft:stickx2 minecraft:wooden_pickaxex1}
[21:03:19] [Server thread/INFO]: [AIBot] ACTION event=capability_decision bot=Bob {context=observable_block_query, capability=HIDDEN_BLOCK_SCAN, profile=strict_survival, allowed=false, reason=DENIED_STRICT_SURVIVAL}
[21:03:19] [Server thread/INFO]: [AIBot] ACTION event=capability_decision bot=Bob {context=perception_snapshot, capability=HIDDEN_BLOCK_SCAN, profile=strict_survival, allowed=false, reason=DENIED_STRICT_SURVIVAL}
[21:03:19] [Server thread/INFO]: [AIBot] ACTION event=capability_decision bot=Bob {context=observable_entity_query, capability=HIDDEN_BLOCK_SCAN, profile=strict_survival, allowed=false, reason=DENIED_STRICT_SURVIVAL}
[21:03:20] [Server thread/INFO]: [AIBot] ACTION event=diag_snapshot bot=Bob {path_idle=true, food=20, air=300, mode=survival, task=craft, task_progress=1.0, goal=none, task_phase=CRAFTING, in_lava=false, step=, light=14, submerged=false, task_state=COMPLETED, held=minecraft:torchx1, fall=0.0, pos=0,114,-3, on_ground=true, hp=20.0/20.0, mining_idle=true, nearby=animals=5(villager@12) hostiles=0, inv=minecraft:oak_planksx7 minecraft:torchx1 minecraft:crafting_tablex1 minecraft:stickx2 minecraft:wooden_pickaxex1}
[21:03:21] [Server thread/WARN]: [AIBot] PERCEPTION event=snapshot_slow bot=Bob {elapsed_ms=15}
[21:03:21] [Server thread/WARN]: [AIBot] PERCEPTION event=snapshot_slow bot=Bob {elapsed_ms=12}
[21:03:22] [Server thread/WARN]: [AIBot] PERCEPTION event=snapshot_slow bot=Bob {elapsed_ms=14}
[21:03:22] [Server thread/INFO]: [AIBot] ACTION event=capability_decision bot=Bob {context=diagnostic_nearby, capability=HIDDEN_BLOCK_SCAN, profile=strict_survival, allowed=false, reason=DENIED_STRICT_SURVIVAL}
[21:03:22] [Server thread/INFO]: [AIBot] ACTION event=diag_snapshot bot=Bob {path_idle=true, food=20, air=300, mode=survival, task=craft, task_progress=1.0, goal=none, task_phase=CRAFTING, in_lava=false, step=, light=14, submerged=false, task_state=COMPLETED, held=minecraft:torchx1, fall=0.0, pos=0,114,-3, on_ground=true, hp=20.0/20.0, mining_idle=true, nearby=animals=1(villager@14) hostiles=0, inv=minecraft:oak_planksx7 minecraft:torchx1 minecraft:crafting_tablex1 minecraft:stickx2 minecraft:wooden_pickaxex1}
[21:03:22] [Server thread/WARN]: [AIBot] PERCEPTION event=snapshot_slow bot=Bob {elapsed_ms=12}
[21:03:23] [Server thread/WARN]: [AIBot] PERCEPTION event=snapshot_slow bot=Bob {elapsed_ms=13}
[21:03:23] [Server thread/WARN]: [AIBot] PERCEPTION event=snapshot_slow bot=Bob {elapsed_ms=11}
[21:03:24] [Server thread/INFO]: [AIBot] ACTION event=capability_decision bot=Bob {context=observable_block_query, capability=HIDDEN_BLOCK_SCAN, profile=strict_survival, allowed=false, reason=DENIED_STRICT_SURVIVAL}
[21:03:24] [Server thread/INFO]: [AIBot] ACTION event=capability_decision bot=Bob {context=perception_snapshot, capability=HIDDEN_BLOCK_SCAN, profile=strict_survival, allowed=false, reason=DENIED_STRICT_SURVIVAL}
[21:03:24] [Server thread/INFO]: [AIBot] ACTION event=capability_decision bot=Bob {context=observable_entity_query, capability=HIDDEN_BLOCK_SCAN, profile=strict_survival, allowed=false, reason=DENIED_STRICT_SURVIVAL}
[21:03:24] [Server thread/WARN]: [AIBot] PERCEPTION event=snapshot_slow bot=Bob {elapsed_ms=14}
[21:03:24] [Server thread/INFO]: [AIBot] ACTION event=diag_snapshot bot=Bob {path_idle=true, food=20, air=300, mode=survival, task=craft, task_progress=1.0, goal=none, task_phase=CRAFTING, in_lava=false, step=, light=14, submerged=false, task_state=COMPLETED, held=minecraft:torchx1, fall=0.0, pos=0,114,-3, on_ground=true, hp=20.0/20.0, mining_idle=true, nearby=animals=1(villager@14) hostiles=0, inv=minecraft:oak_planksx7 minecraft:torchx1 minecraft:crafting_tablex1 minecraft:stickx2 minecraft:wooden_pickaxex1}
[21:03:24] [Server thread/WARN]: [AIBot] PERCEPTION event=snapshot_slow bot=Bob {elapsed_ms=15}
[21:03:25] [Server thread/WARN]: [AIBot] PERCEPTION event=snapshot_slow bot=Bob {elapsed_ms=13}
[21:03:25] [Server thread/WARN]: [AIBot] PERCEPTION event=snapshot_slow bot=Bob {elapsed_ms=15}
[21:03:26] [Server thread/WARN]: [AIBot] PERCEPTION event=snapshot_slow bot=Bob {elapsed_ms=14}
[21:03:26] [Server thread/INFO]: [AIBot] ACTION event=diag_snapshot bot=Bob {path_idle=true, food=20, air=300, mode=survival, task=craft, task_progress=1.0, goal=none, task_phase=CRAFTING, in_lava=false, step=, light=14, submerged=false, task_state=COMPLETED, held=minecraft:torchx1, fall=0.0, pos=0,114,-3, on_ground=true, hp=20.0/20.0, mining_idle=true, nearby=animals=1(villager@14) hostiles=0, inv=minecraft:oak_planksx7 minecraft:torchx1 minecraft:crafting_tablex1 minecraft:stickx2 minecraft:wooden_pickaxex1}
[21:03:26] [Server thread/WARN]: [AIBot] PERCEPTION event=snapshot_slow bot=Bob {elapsed_ms=12}
[21:03:28] [Server thread/WARN]: [AIBot] PERCEPTION event=snapshot_slow bot=Bob {elapsed_ms=12}
[21:03:28] [Server thread/INFO]: [AIBot] ACTION event=capability_decision bot=Bob {context=diagnostic_nearby, capability=HIDDEN_BLOCK_SCAN, profile=strict_survival, allowed=false, reason=DENIED_STRICT_SURVIVAL}
[21:03:28] [Server thread/INFO]: [AIBot] ACTION event=diag_snapshot bot=Bob {path_idle=true, food=20, air=300, mode=survival, task=craft, task_progress=1.0, goal=none, task_phase=CRAFTING, in_lava=false, step=, light=14, submerged=false, task_state=COMPLETED, held=minecraft:torchx1, fall=0.0, pos=0,114,-3, on_ground=true, hp=20.0/20.0, mining_idle=true, nearby=animals=1(villager@14) hostiles=0, inv=minecraft:oak_planksx7 minecraft:torchx1 minecraft:crafting_tablex1 minecraft:stickx2 minecraft:wooden_pickaxex1}
[21:03:28] [Server thread/WARN]: [AIBot] PERCEPTION event=snapshot_slow bot=Bob {elapsed_ms=12}
[21:03:29] [Server thread/INFO]: [AIBot] ACTION event=capability_decision bot=Bob {context=observable_block_query, capability=HIDDEN_BLOCK_SCAN, profile=strict_survival, allowed=false, reason=DENIED_STRICT_SURVIVAL}
[21:03:29] [Server thread/INFO]: [AIBot] ACTION event=capability_decision bot=Bob {context=perception_snapshot, capability=HIDDEN_BLOCK_SCAN, profile=strict_survival, allowed=false, reason=DENIED_STRICT_SURVIVAL}
[21:03:29] [Server thread/INFO]: [AIBot] ACTION event=capability_decision bot=Bob {context=observable_entity_query, capability=HIDDEN_BLOCK_SCAN, profile=strict_survival, allowed=false, reason=DENIED_STRICT_SURVIVAL}
[21:03:29] [Server thread/WARN]: [AIBot] PERCEPTION event=snapshot_slow bot=Bob {elapsed_ms=12}
[21:03:29] [Server thread/WARN]: [AIBot] PERCEPTION event=snapshot_slow bot=Bob {elapsed_ms=11}
[21:03:30] [Server thread/WARN]: [AIBot] PERCEPTION event=snapshot_slow bot=Bob {elapsed_ms=14}
[21:03:30] [Server thread/INFO]: [AIBot] ACTION event=diag_snapshot bot=Bob {path_idle=true, food=20, air=300, mode=survival, task=craft, task_progress=1.0, goal=none, task_phase=CRAFTING, in_lava=false, step=, light=14, submerged=false, task_state=COMPLETED, held=minecraft:torchx1, fall=0.0, pos=0,114,-3, on_ground=true, hp=20.0/20.0, mining_idle=true, nearby=animals=1(villager@14) hostiles=0, inv=minecraft:oak_planksx7 minecraft:torchx1 minecraft:crafting_tablex1 minecraft:stickx2 minecraft:wooden_pickaxex1}
[21:03:30] [Server thread/WARN]: [AIBot] PERCEPTION event=snapshot_slow bot=Bob {elapsed_ms=14}
[21:03:31] [Server thread/WARN]: [AIBot] PERCEPTION event=snapshot_slow bot=Bob {elapsed_ms=13}
[21:03:31] [Server thread/WARN]: [AIBot] PERCEPTION event=snapshot_slow bot=Bob {elapsed_ms=14}
[21:03:32] [Server thread/WARN]: [AIBot] PERCEPTION event=snapshot_slow bot=Bob {elapsed_ms=13}
[21:03:32] [Server thread/INFO]: [AIBot] ACTION event=diag_snapshot bot=Bob {path_idle=true, food=20, air=300, mode=survival, task=craft, task_progress=1.0, goal=none, task_phase=CRAFTING, in_lava=false, step=, light=14, submerged=false, task_state=COMPLETED, held=minecraft:torchx1, fall=0.0, pos=0,114,-3, on_ground=true, hp=20.0/20.0, mining_idle=true, nearby=animals=1(villager@12) hostiles=0, inv=minecraft:oak_planksx7 minecraft:torchx1 minecraft:crafting_tablex1 minecraft:stickx2 minecraft:wooden_pickaxex1}
[21:03:32] [Server thread/WARN]: [AIBot] PERCEPTION event=snapshot_slow bot=Bob {elapsed_ms=14}
[21:03:33] [Server thread/WARN]: [AIBot] PERCEPTION event=snapshot_slow bot=Bob {elapsed_ms=15}
[21:03:33] [Server thread/WARN]: [AIBot] PERCEPTION event=snapshot_slow bot=Bob {elapsed_ms=13}
[21:03:34] [Server thread/INFO]: [AIBot] ACTION event=capability_decision bot=Bob {context=observable_block_query, capability=HIDDEN_BLOCK_SCAN, profile=strict_survival, allowed=false, reason=DENIED_STRICT_SURVIVAL}
[21:03:34] [Server thread/INFO]: [AIBot] ACTION event=capability_decision bot=Bob {context=perception_snapshot, capability=HIDDEN_BLOCK_SCAN, profile=strict_survival, allowed=false, reason=DENIED_STRICT_SURVIVAL}
[21:03:34] [Server thread/INFO]: [AIBot] ACTION event=capability_decision bot=Bob {context=observable_entity_query, capability=HIDDEN_BLOCK_SCAN, profile=strict_survival, allowed=false, reason=DENIED_STRICT_SURVIVAL}
[21:03:34] [Server thread/WARN]: [AIBot] PERCEPTION event=snapshot_slow bot=Bob {elapsed_ms=15}
[21:03:34] [Server thread/INFO]: [AIBot] ACTION event=capability_decision bot=Bob {context=diagnostic_nearby, capability=HIDDEN_BLOCK_SCAN, profile=strict_survival, allowed=false, reason=DENIED_STRICT_SURVIVAL}
[21:03:34] [Server thread/INFO]: [AIBot] ACTION event=diag_snapshot bot=Bob {path_idle=true, food=20, air=300, mode=survival, task=craft, task_progress=1.0, goal=none, task_phase=CRAFTING, in_lava=false, step=, light=14, submerged=false, task_state=COMPLETED, held=minecraft:torchx1, fall=0.0, pos=0,114,-3, on_ground=true, hp=20.0/20.0, mining_idle=true, nearby=animals=1(villager@14) hostiles=0, inv=minecraft:oak_planksx7 minecraft:torchx1 minecraft:crafting_tablex1 minecraft:stickx2 minecraft:wooden_pickaxex1}
[21:03:35] [Server thread/WARN]: [AIBot] PERCEPTION event=snapshot_slow bot=Bob {elapsed_ms=13}
[21:03:35] [Server thread/WARN]: [AIBot] PERCEPTION event=snapshot_slow bot=Bob {elapsed_ms=14}
[21:03:36] [Server thread/WARN]: [AIBot] PERCEPTION event=snapshot_slow bot=Bob {elapsed_ms=14}
[21:03:36] [Server thread/INFO]: [AIBot] ACTION event=diag_snapshot bot=Bob {path_idle=true, food=20, air=300, mode=survival, task=craft, task_progress=1.0, goal=none, task_phase=CRAFTING, in_lava=false, step=, light=14, submerged=false, task_state=COMPLETED, held=minecraft:torchx1, fall=0.0, pos=0,114,-3, on_ground=true, hp=20.0/20.0, mining_idle=true, nearby=animals=2(villager@13) hostiles=0, inv=minecraft:oak_planksx7 minecraft:torchx1 minecraft:crafting_tablex1 minecraft:stickx2 minecraft:wooden_pickaxex1}
[21:03:36] [Server thread/WARN]: [AIBot] PERCEPTION event=snapshot_slow bot=Bob {elapsed_ms=12}
[21:03:37] [Server thread/WARN]: [AIBot] PERCEPTION event=snapshot_slow bot=Bob {elapsed_ms=12}
[21:03:38] [Server thread/WARN]: [AIBot] PERCEPTION event=snapshot_slow bot=Bob {elapsed_ms=14}
[21:03:38] [Server thread/INFO]: [AIBot] ACTION event=diag_snapshot bot=Bob {path_idle=true, food=20, air=300, mode=survival, task=craft, task_progress=1.0, goal=none, task_phase=CRAFTING, in_lava=false, step=, light=14, submerged=false, task_state=COMPLETED, held=minecraft:torchx1, fall=0.0, pos=0,114,-3, on_ground=true, hp=20.0/20.0, mining_idle=true, nearby=animals=2(villager@14) hostiles=0, inv=minecraft:oak_planksx7 minecraft:torchx1 minecraft:crafting_tablex1 minecraft:stickx2 minecraft:wooden_pickaxex1}
[21:03:38] [Server thread/WARN]: [AIBot] PERCEPTION event=snapshot_slow bot=Bob {elapsed_ms=15}
[21:03:39] [Server thread/INFO]: [AIBot] ACTION event=capability_decision bot=Bob {context=observable_block_query, capability=HIDDEN_BLOCK_SCAN, profile=strict_survival, allowed=false, reason=DENIED_STRICT_SURVIVAL}
[21:03:39] [Server thread/INFO]: [AIBot] ACTION event=capability_decision bot=Bob {context=perception_snapshot, capability=HIDDEN_BLOCK_SCAN, profile=strict_survival, allowed=false, reason=DENIED_STRICT_SURVIVAL}
[21:03:39] [Server thread/INFO]: [AIBot] ACTION event=capability_decision bot=Bob {context=observable_entity_query, capability=HIDDEN_BLOCK_SCAN, profile=strict_survival, allowed=false, reason=DENIED_STRICT_SURVIVAL}
[21:03:39] [Server thread/WARN]: [AIBot] PERCEPTION event=snapshot_slow bot=Bob {elapsed_ms=14}
[21:03:39] [Server thread/WARN]: [AIBot] PERCEPTION event=snapshot_slow bot=Bob {elapsed_ms=14}
[21:03:40] [Server thread/WARN]: [AIBot] PERCEPTION event=snapshot_slow bot=Bob {elapsed_ms=11}
[21:03:40] [Server thread/INFO]: [AIBot] ACTION event=capability_decision bot=Bob {context=diagnostic_nearby, capability=HIDDEN_BLOCK_SCAN, profile=strict_survival, allowed=false, reason=DENIED_STRICT_SURVIVAL}
[21:03:40] [Server thread/INFO]: [AIBot] ACTION event=diag_snapshot bot=Bob {path_idle=true, food=20, air=300, mode=survival, task=craft, task_progress=1.0, goal=none, task_phase=CRAFTING, in_lava=false, step=, light=14, submerged=false, task_state=COMPLETED, held=minecraft:torchx1, fall=0.0, pos=0,114,-3, on_ground=true, hp=20.0/20.0, mining_idle=true, nearby=animals=2(villager@15) hostiles=0, inv=minecraft:oak_planksx7 minecraft:torchx1 minecraft:crafting_tablex1 minecraft:stickx2 minecraft:wooden_pickaxex1}
[21:03:40] [Server thread/WARN]: [AIBot] PERCEPTION event=snapshot_slow bot=Bob {elapsed_ms=13}
[21:03:41] [Server thread/WARN]: [AIBot] PERCEPTION event=snapshot_slow bot=Bob {elapsed_ms=15}
[21:03:42] [Server thread/INFO]: [AIBot] ACTION event=diag_snapshot bot=Bob {path_idle=true, food=20, air=300, mode=survival, task=craft, task_progress=1.0, goal=none, task_phase=CRAFTING, in_lava=false, step=, light=14, submerged=false, task_state=COMPLETED, held=minecraft:torchx1, fall=0.0, pos=0,114,-3, on_ground=true, hp=20.0/20.0, mining_idle=true, nearby=animals=1(villager@15) hostiles=0, inv=minecraft:oak_planksx7 minecraft:torchx1 minecraft:crafting_tablex1 minecraft:stickx2 minecraft:wooden_pickaxex1}
[21:03:42] [Server thread/WARN]: [AIBot] PERCEPTION event=snapshot_slow bot=Bob {elapsed_ms=14}
[21:03:43] [Server thread/WARN]: [AIBot] PERCEPTION event=snapshot_slow bot=Bob {elapsed_ms=13}
[21:03:43] [Server thread/WARN]: [AIBot] PERCEPTION event=snapshot_slow bot=Bob {elapsed_ms=14}
[21:03:44] [Server thread/INFO]: [AIBot] ACTION event=capability_decision bot=Bob {context=observable_block_query, capability=HIDDEN_BLOCK_SCAN, profile=strict_survival, allowed=false, reason=DENIED_STRICT_SURVIVAL}
[21:03:44] [Server thread/INFO]: [AIBot] ACTION event=capability_decision bot=Bob {context=perception_snapshot, capability=HIDDEN_BLOCK_SCAN, profile=strict_survival, allowed=false, reason=DENIED_STRICT_SURVIVAL}
[21:03:44] [Server thread/INFO]: [AIBot] ACTION event=capability_decision bot=Bob {context=observable_entity_query, capability=HIDDEN_BLOCK_SCAN, profile=strict_survival, allowed=false, reason=DENIED_STRICT_SURVIVAL}
[21:03:44] [Server thread/WARN]: [AIBot] PERCEPTION event=snapshot_slow bot=Bob {elapsed_ms=14}
[21:03:44] [Server thread/INFO]: [AIBot] ACTION event=diag_snapshot bot=Bob {path_idle=true, food=20, air=300, mode=survival, task=craft, task_progress=1.0, goal=none, task_phase=CRAFTING, in_lava=false, step=, light=14, submerged=false, task_state=COMPLETED, held=minecraft:torchx1, fall=0.0, pos=0,114,-3, on_ground=true, hp=20.0/20.0, mining_idle=true, nearby=animals=1(villager@12) hostiles=0, inv=minecraft:oak_planksx7 minecraft:torchx1 minecraft:crafting_tablex1 minecraft:stickx2 minecraft:wooden_pickaxex1}
[21:03:44] [Server thread/WARN]: [AIBot] PERCEPTION event=snapshot_slow bot=Bob {elapsed_ms=14}
[21:03:45] [Server thread/WARN]: [AIBot] PERCEPTION event=snapshot_slow bot=Bob {elapsed_ms=14}
[21:03:45] [Server thread/WARN]: [AIBot] PERCEPTION event=snapshot_slow bot=Bob {elapsed_ms=14}
[21:03:46] [Server thread/WARN]: [AIBot] PERCEPTION event=snapshot_slow bot=Bob {elapsed_ms=14}
[21:03:46] [Server thread/INFO]: [AIBot] ACTION event=capability_decision bot=Bob {context=diagnostic_nearby, capability=HIDDEN_BLOCK_SCAN, profile=strict_survival, allowed=false, reason=DENIED_STRICT_SURVIVAL}
[21:03:46] [Server thread/INFO]: [AIBot] ACTION event=diag_snapshot bot=Bob {path_idle=true, food=20, air=300, mode=survival, task=craft, task_progress=1.0, goal=none, task_phase=CRAFTING, in_lava=false, step=, light=14, submerged=false, task_state=COMPLETED, held=minecraft:torchx1, fall=0.0, pos=0,114,-3, on_ground=true, hp=20.0/20.0, mining_idle=true, nearby=animals=0 hostiles=0, inv=minecraft:oak_planksx7 minecraft:torchx1 minecraft:crafting_tablex1 minecraft:stickx2 minecraft:wooden_pickaxex1}
[21:03:46] [Server thread/WARN]: [AIBot] PERCEPTION event=snapshot_slow bot=Bob {elapsed_ms=14}
[21:03:47] [Server thread/WARN]: [AIBot] PERCEPTION event=snapshot_slow bot=Bob {elapsed_ms=14}
[21:03:47] [Server thread/WARN]: [AIBot] PERCEPTION event=snapshot_slow bot=Bob {elapsed_ms=12}
[21:03:48] [Server thread/WARN]: [AIBot] PERCEPTION event=snapshot_slow bot=Bob {elapsed_ms=12}
[21:03:48] [Server thread/INFO]: [AIBot] ACTION event=diag_snapshot bot=Bob {path_idle=true, food=20, air=300, mode=survival, task=craft, task_progress=1.0, goal=none, task_phase=CRAFTING, in_lava=false, step=, light=14, submerged=false, task_state=COMPLETED, held=minecraft:torchx1, fall=0.0, pos=0,114,-3, on_ground=true, hp=20.0/20.0, mining_idle=true, nearby=animals=0 hostiles=0, inv=minecraft:oak_planksx7 minecraft:torchx1 minecraft:crafting_tablex1 minecraft:stickx2 minecraft:wooden_pickaxex1}
[21:03:48] [Server thread/WARN]: [AIBot] PERCEPTION event=snapshot_slow bot=Bob {elapsed_ms=12}
[21:03:49] [Server thread/INFO]: [AIBot] ACTION event=capability_decision bot=Bob {context=observable_block_query, capability=HIDDEN_BLOCK_SCAN, profile=strict_survival, allowed=false, reason=DENIED_STRICT_SURVIVAL}
[21:03:49] [Server thread/INFO]: [AIBot] ACTION event=capability_decision bot=Bob {context=perception_snapshot, capability=HIDDEN_BLOCK_SCAN, profile=strict_survival, allowed=false, reason=DENIED_STRICT_SURVIVAL}
[21:03:49] [Server thread/INFO]: [AIBot] ACTION event=capability_decision bot=Bob {context=observable_entity_query, capability=HIDDEN_BLOCK_SCAN, profile=strict_survival, allowed=false, reason=DENIED_STRICT_SURVIVAL}
[21:03:49] [Server thread/WARN]: [AIBot] PERCEPTION event=snapshot_slow bot=Bob {elapsed_ms=12}
[21:03:49] [Server thread/WARN]: [AIBot] PERCEPTION event=snapshot_slow bot=Bob {elapsed_ms=13}
[21:03:50] [Server thread/WARN]: [AIBot] PERCEPTION event=snapshot_slow bot=Bob {elapsed_ms=11}
[21:03:50] [Server thread/INFO]: [AIBot] ACTION event=diag_snapshot bot=Bob {path_idle=true, food=20, air=300, mode=survival, task=craft, task_progress=1.0, goal=none, task_phase=CRAFTING, in_lava=false, step=, light=14, submerged=false, task_state=COMPLETED, held=minecraft:torchx1, fall=0.0, pos=0,114,-3, on_ground=true, hp=20.0/20.0, mining_idle=true, nearby=animals=0 hostiles=0, inv=minecraft:oak_planksx7 minecraft:torchx1 minecraft:crafting_tablex1 minecraft:stickx2 minecraft:wooden_pickaxex1}
[21:03:50] [Server thread/WARN]: [AIBot] PERCEPTION event=snapshot_slow bot=Bob {elapsed_ms=11}
[21:03:51] [Server thread/WARN]: [AIBot] PERCEPTION event=snapshot_slow bot=Bob {elapsed_ms=14}
[21:03:52] [Server thread/WARN]: [AIBot] PERCEPTION event=snapshot_slow bot=Bob {elapsed_ms=14}
[21:03:52] [Server thread/INFO]: [AIBot] ACTION event=capability_decision bot=Bob {context=diagnostic_nearby, capability=HIDDEN_BLOCK_SCAN, profile=strict_survival, allowed=false, reason=DENIED_STRICT_SURVIVAL}
[21:03:52] [Server thread/INFO]: [AIBot] ACTION event=diag_snapshot bot=Bob {path_idle=true, food=20, air=300, mode=survival, task=craft, task_progress=1.0, goal=none, task_phase=CRAFTING, in_lava=false, step=, light=14, submerged=false, task_state=COMPLETED, held=minecraft:torchx1, fall=0.0, pos=0,114,-3, on_ground=true, hp=20.0/20.0, mining_idle=true, nearby=animals=0 hostiles=0, inv=minecraft:oak_planksx7 minecraft:torchx1 minecraft:crafting_tablex1 minecraft:stickx2 minecraft:wooden_pickaxex1}
[21:03:52] [Server thread/WARN]: [AIBot] PERCEPTION event=snapshot_slow bot=Bob {elapsed_ms=13}
[21:03:53] [Server thread/WARN]: [AIBot] PERCEPTION event=snapshot_slow bot=Bob {elapsed_ms=12}
[21:03:53] [Server thread/WARN]: [AIBot] PERCEPTION event=snapshot_slow bot=Bob {elapsed_ms=13}
[21:03:54] [Server thread/INFO]: [AIBot] ACTION event=capability_decision bot=Bob {context=observable_block_query, capability=HIDDEN_BLOCK_SCAN, profile=strict_survival, allowed=false, reason=DENIED_STRICT_SURVIVAL}
[21:03:54] [Server thread/INFO]: [AIBot] ACTION event=capability_decision bot=Bob {context=perception_snapshot, capability=HIDDEN_BLOCK_SCAN, profile=strict_survival, allowed=false, reason=DENIED_STRICT_SURVIVAL}
[21:03:54] [Server thread/INFO]: [AIBot] ACTION event=capability_decision bot=Bob {context=observable_entity_query, capability=HIDDEN_BLOCK_SCAN, profile=strict_survival, allowed=false, reason=DENIED_STRICT_SURVIVAL}
[21:03:54] [Server thread/WARN]: [AIBot] PERCEPTION event=snapshot_slow bot=Bob {elapsed_ms=13}
[21:03:54] [Server thread/INFO]: [AIBot] ACTION event=diag_snapshot bot=Bob {path_idle=true, food=20, air=300, mode=survival, task=craft, task_progress=1.0, goal=none, task_phase=CRAFTING, in_lava=false, step=, light=14, submerged=false, task_state=COMPLETED, held=minecraft:torchx1, fall=0.0, pos=0,114,-3, on_ground=true, hp=20.0/20.0, mining_idle=true, nearby=animals=1(villager@6) hostiles=0, inv=minecraft:oak_planksx7 minecraft:torchx1 minecraft:crafting_tablex1 minecraft:stickx2 minecraft:wooden_pickaxex1}
[21:03:54] [Server thread/WARN]: [AIBot] PERCEPTION event=snapshot_slow bot=Bob {elapsed_ms=11}
[21:03:55] [Server thread/WARN]: [AIBot] PERCEPTION event=snapshot_slow bot=Bob {elapsed_ms=15}
[21:03:56] [Server thread/WARN]: [AIBot] PERCEPTION event=snapshot_slow bot=Bob {elapsed_ms=12}
[21:03:56] [Server thread/INFO]: [AIBot] LIFECYCLE event=mixin_alive bot=- {server_tick=10800}
[21:03:56] [Server thread/INFO]: [AIBot] ACTION event=diag_snapshot bot=Bob {path_idle=true, food=20, air=300, mode=survival, task=craft, task_progress=1.0, goal=none, task_phase=CRAFTING, in_lava=false, step=, light=14, submerged=false, task_state=COMPLETED, held=minecraft:torchx1, fall=0.0, pos=0,114,-3, on_ground=true, hp=20.0/20.0, mining_idle=true, nearby=animals=1(villager@4) hostiles=0, inv=minecraft:oak_planksx7 minecraft:torchx1 minecraft:crafting_tablex1 minecraft:stickx2 minecraft:wooden_pickaxex1}
[21:03:56] [Server thread/WARN]: [AIBot] PERCEPTION event=snapshot_slow bot=Bob {elapsed_ms=11}
[21:03:57] [Server thread/WARN]: [AIBot] PERCEPTION event=snapshot_slow bot=Bob {elapsed_ms=14}
[21:03:57] [Server thread/WARN]: [AIBot] PERCEPTION event=snapshot_slow bot=Bob {elapsed_ms=15}
[21:03:58] [Server thread/WARN]: [AIBot] PERCEPTION event=snapshot_slow bot=Bob {elapsed_ms=14}
[21:03:58] [Server thread/INFO]: [AIBot] ACTION event=capability_decision bot=Bob {context=diagnostic_nearby, capability=HIDDEN_BLOCK_SCAN, profile=strict_survival, allowed=false, reason=DENIED_STRICT_SURVIVAL}
[21:03:58] [Server thread/INFO]: [AIBot] ACTION event=diag_snapshot bot=Bob {path_idle=true, food=20, air=300, mode=survival, task=craft, task_progress=1.0, goal=none, task_phase=CRAFTING, in_lava=false, step=, light=14, submerged=false, task_state=COMPLETED, held=minecraft:torchx1, fall=0.0, pos=0,114,-3, on_ground=true, hp=20.0/20.0, mining_idle=true, nearby=animals=0 hostiles=0, inv=minecraft:oak_planksx7 minecraft:torchx1 minecraft:crafting_tablex1 minecraft:stickx2 minecraft:wooden_pickaxex1}
[21:03:58] [Server thread/WARN]: [AIBot] PERCEPTION event=snapshot_slow bot=Bob {elapsed_ms=14}
[21:03:59] [Server thread/INFO]: [AIBot] ACTION event=capability_decision bot=Bob {context=observable_block_query, capability=HIDDEN_BLOCK_SCAN, profile=strict_survival, allowed=false, reason=DENIED_STRICT_SURVIVAL}
[21:03:59] [Server thread/INFO]: [AIBot] ACTION event=capability_decision bot=Bob {context=perception_snapshot, capability=HIDDEN_BLOCK_SCAN, profile=strict_survival, allowed=false, reason=DENIED_STRICT_SURVIVAL}
[21:03:59] [Server thread/INFO]: [AIBot] ACTION event=capability_decision bot=Bob {context=observable_entity_query, capability=HIDDEN_BLOCK_SCAN, profile=strict_survival, allowed=false, reason=DENIED_STRICT_SURVIVAL}
[21:03:59] [Server thread/WARN]: [AIBot] PERCEPTION event=snapshot_slow bot=Bob {elapsed_ms=15}
[21:03:59] [Server thread/WARN]: [AIBot] PERCEPTION event=snapshot_slow bot=Bob {elapsed_ms=14}
[21:04:00] [Server thread/WARN]: [AIBot] PERCEPTION event=snapshot_slow bot=Bob {elapsed_ms=14}
[21:04:00] [Server thread/INFO]: [AIBot] ACTION event=diag_snapshot bot=Bob {path_idle=true, food=20, air=300, mode=survival, task=craft, task_progress=1.0, goal=none, task_phase=CRAFTING, in_lava=false, step=, light=14, submerged=false, task_state=COMPLETED, held=minecraft:torchx1, fall=0.0, pos=0,114,-3, on_ground=true, hp=20.0/20.0, mining_idle=true, nearby=animals=0 hostiles=0, inv=minecraft:oak_planksx7 minecraft:torchx1 minecraft:crafting_tablex1 minecraft:stickx2 minecraft:wooden_pickaxex1}
[21:04:00] [Server thread/WARN]: [AIBot] PERCEPTION event=snapshot_slow bot=Bob {elapsed_ms=13}
[21:04:01] [Server thread/WARN]: [AIBot] PERCEPTION event=snapshot_slow bot=Bob {elapsed_ms=14}
[21:04:01] [Server thread/WARN]: [AIBot] PERCEPTION event=snapshot_slow bot=Bob {elapsed_ms=14}
[21:04:02] [Server thread/WARN]: [AIBot] PERCEPTION event=snapshot_slow bot=Bob {elapsed_ms=13}
[21:04:02] [Server thread/INFO]: [AIBot] ACTION event=diag_snapshot bot=Bob {path_idle=true, food=20, air=300, mode=survival, task=craft, task_progress=1.0, goal=none, task_phase=CRAFTING, in_lava=false, step=, light=14, submerged=false, task_state=COMPLETED, held=minecraft:torchx1, fall=0.0, pos=0,114,-3, on_ground=true, hp=20.0/20.0, mining_idle=true, nearby=animals=2(villager@12) hostiles=0, inv=minecraft:oak_planksx7 minecraft:torchx1 minecraft:crafting_tablex1 minecraft:stickx2 minecraft:wooden_pickaxex1}
[21:04:02] [Server thread/WARN]: [AIBot] PERCEPTION event=snapshot_slow bot=Bob {elapsed_ms=13}
[21:04:03] [Server thread/WARN]: [AIBot] PERCEPTION event=snapshot_slow bot=Bob {elapsed_ms=14}
[21:04:03] [Server thread/WARN]: [AIBot] PERCEPTION event=snapshot_slow bot=Bob {elapsed_ms=12}
[21:04:04] [Server thread/INFO]: [AIBot] ACTION event=capability_decision bot=Bob {context=observable_block_query, capability=HIDDEN_BLOCK_SCAN, profile=strict_survival, allowed=false, reason=DENIED_STRICT_SURVIVAL}
[21:04:04] [Server thread/INFO]: [AIBot] ACTION event=capability_decision bot=Bob {context=perception_snapshot, capability=HIDDEN_BLOCK_SCAN, profile=strict_survival, allowed=false, reason=DENIED_STRICT_SURVIVAL}
[21:04:04] [Server thread/INFO]: [AIBot] ACTION event=capability_decision bot=Bob {context=observable_entity_query, capability=HIDDEN_BLOCK_SCAN, profile=strict_survival, allowed=false, reason=DENIED_STRICT_SURVIVAL}
[21:04:04] [Server thread/WARN]: [AIBot] PERCEPTION event=snapshot_slow bot=Bob {elapsed_ms=15}
[21:04:04] [Server thread/INFO]: [AIBot] ACTION event=capability_decision bot=Bob {context=diagnostic_nearby, capability=HIDDEN_BLOCK_SCAN, profile=strict_survival, allowed=false, reason=DENIED_STRICT_SURVIVAL}
[21:04:04] [Server thread/INFO]: [AIBot] ACTION event=diag_snapshot bot=Bob {path_idle=true, food=20, air=300, mode=survival, task=craft, task_progress=1.0, goal=none, task_phase=CRAFTING, in_lava=false, step=, light=14, submerged=false, task_state=COMPLETED, held=minecraft:torchx1, fall=0.0, pos=0,114,-3, on_ground=true, hp=20.0/20.0, mining_idle=true, nearby=animals=1(villager@14) hostiles=0, inv=minecraft:oak_planksx7 minecraft:torchx1 minecraft:crafting_tablex1 minecraft:stickx2 minecraft:wooden_pickaxex1}
[21:04:04] [Server thread/WARN]: [AIBot] PERCEPTION event=snapshot_slow bot=Bob {elapsed_ms=14}
[21:04:05] [Server thread/WARN]: [AIBot] PERCEPTION event=snapshot_slow bot=Bob {elapsed_ms=14}
[21:04:05] [Server thread/WARN]: [AIBot] PERCEPTION event=snapshot_slow bot=Bob {elapsed_ms=15}
[21:04:06] [Server thread/WARN]: [AIBot] PERCEPTION event=snapshot_slow bot=Bob {elapsed_ms=14}
[21:04:06] [Server thread/INFO]: [AIBot] ACTION event=diag_snapshot bot=Bob {path_idle=true, food=20, air=300, mode=survival, task=craft, task_progress=1.0, goal=none, task_phase=CRAFTING, in_lava=false, step=, light=14, submerged=false, task_state=COMPLETED, held=minecraft:torchx1, fall=0.0, pos=0,114,-3, on_ground=true, hp=20.0/20.0, mining_idle=true, nearby=animals=1(villager@14) hostiles=0, inv=minecraft:oak_planksx7 minecraft:torchx1 minecraft:crafting_tablex1 minecraft:stickx2 minecraft:wooden_pickaxex1}
[21:04:06] [Server thread/WARN]: [AIBot] PERCEPTION event=snapshot_slow bot=Bob {elapsed_ms=14}
[21:04:07] [Server thread/WARN]: [AIBot] PERCEPTION event=snapshot_slow bot=Bob {elapsed_ms=14}
[21:04:07] [Server thread/WARN]: [AIBot] PERCEPTION event=snapshot_slow bot=Bob {elapsed_ms=11}
[21:04:08] [Server thread/WARN]: [AIBot] PERCEPTION event=snapshot_slow bot=Bob {elapsed_ms=13}
[21:04:08] [Server thread/INFO]: [AIBot] ACTION event=diag_snapshot bot=Bob {path_idle=true, food=20, air=300, mode=survival, task=craft, task_progress=1.0, goal=none, task_phase=CRAFTING, in_lava=false, step=, light=14, submerged=false, task_state=COMPLETED, held=minecraft:torchx1, fall=0.0, pos=0,114,-3, on_ground=true, hp=20.0/20.0, mining_idle=true, nearby=animals=0 hostiles=0, inv=minecraft:oak_planksx7 minecraft:torchx1 minecraft:crafting_tablex1 minecraft:stickx2 minecraft:wooden_pickaxex1}
[21:04:08] [Server thread/WARN]: [AIBot] PERCEPTION event=snapshot_slow bot=Bob {elapsed_ms=15}
[21:04:09] [Server thread/INFO]: [AIBot] ACTION event=capability_decision bot=Bob {context=observable_block_query, capability=HIDDEN_BLOCK_SCAN, profile=strict_survival, allowed=false, reason=DENIED_STRICT_SURVIVAL}
[21:04:09] [Server thread/INFO]: [AIBot] ACTION event=capability_decision bot=Bob {context=perception_snapshot, capability=HIDDEN_BLOCK_SCAN, profile=strict_survival, allowed=false, reason=DENIED_STRICT_SURVIVAL}
[21:04:09] [Server thread/INFO]: [AIBot] ACTION event=capability_decision bot=Bob {context=observable_entity_query, capability=HIDDEN_BLOCK_SCAN, profile=strict_survival, allowed=false, reason=DENIED_STRICT_SURVIVAL}
[21:04:09] [Server thread/WARN]: [AIBot] PERCEPTION event=snapshot_slow bot=Bob {elapsed_ms=14}
[21:04:09] [Server thread/WARN]: [AIBot] PERCEPTION event=snapshot_slow bot=Bob {elapsed_ms=14}
[21:04:10] [Server thread/WARN]: [AIBot] PERCEPTION event=snapshot_slow bot=Bob {elapsed_ms=15}
[21:04:10] [Server thread/INFO]: [AIBot] ACTION event=capability_decision bot=Bob {context=diagnostic_nearby, capability=HIDDEN_BLOCK_SCAN, profile=strict_survival, allowed=false, reason=DENIED_STRICT_SURVIVAL}
[21:04:10] [Server thread/INFO]: [AIBot] ACTION event=diag_snapshot bot=Bob {path_idle=true, food=20, air=300, mode=survival, task=craft, task_progress=1.0, goal=none, task_phase=CRAFTING, in_lava=false, step=, light=14, submerged=false, task_state=COMPLETED, held=minecraft:torchx1, fall=0.0, pos=0,114,-3, on_ground=true, hp=20.0/20.0, mining_idle=true, nearby=animals=2(villager@6) hostiles=0, inv=minecraft:oak_planksx7 minecraft:torchx1 minecraft:crafting_tablex1 minecraft:stickx2 minecraft:wooden_pickaxex1}
[21:04:10] [Server thread/WARN]: [AIBot] PERCEPTION event=snapshot_slow bot=Bob {elapsed_ms=14}
[21:04:11] [Server thread/WARN]: [AIBot] PERCEPTION event=snapshot_slow bot=Bob {elapsed_ms=16}
[21:04:11] [Server thread/WARN]: [AIBot] PERCEPTION event=snapshot_slow bot=Bob {elapsed_ms=14}
[21:04:12] [Server thread/WARN]: [AIBot] PERCEPTION event=snapshot_slow bot=Bob {elapsed_ms=14}
[21:04:12] [Server thread/INFO]: [AIBot] ACTION event=diag_snapshot bot=Bob {path_idle=true, food=20, air=300, mode=survival, task=craft, task_progress=1.0, goal=none, task_phase=CRAFTING, in_lava=false, step=, light=14, submerged=false, task_state=COMPLETED, held=minecraft:torchx1, fall=0.0, pos=0,114,-3, on_ground=true, hp=20.0/20.0, mining_idle=true, nearby=animals=3(villager@11) hostiles=0, inv=minecraft:oak_planksx7 minecraft:torchx1 minecraft:crafting_tablex1 minecraft:stickx2 minecraft:wooden_pickaxex1}
[21:04:12] [Server thread/WARN]: [AIBot] PERCEPTION event=snapshot_slow bot=Bob {elapsed_ms=13}
[21:04:13] [Server thread/WARN]: [AIBot] PERCEPTION event=snapshot_slow bot=Bob {elapsed_ms=14}
[21:04:13] [Server thread/WARN]: [AIBot] PERCEPTION event=snapshot_slow bot=Bob {elapsed_ms=13}
[21:04:14] [Server thread/INFO]: [AIBot] ACTION event=capability_decision bot=Bob {context=observable_block_query, capability=HIDDEN_BLOCK_SCAN, profile=strict_survival, allowed=false, reason=DENIED_STRICT_SURVIVAL}
[21:04:14] [Server thread/INFO]: [AIBot] ACTION event=capability_decision bot=Bob {context=perception_snapshot, capability=HIDDEN_BLOCK_SCAN, profile=strict_survival, allowed=false, reason=DENIED_STRICT_SURVIVAL}
[21:04:14] [Server thread/INFO]: [AIBot] ACTION event=capability_decision bot=Bob {context=observable_entity_query, capability=HIDDEN_BLOCK_SCAN, profile=strict_survival, allowed=false, reason=DENIED_STRICT_SURVIVAL}
[21:04:14] [Server thread/WARN]: [AIBot] PERCEPTION event=snapshot_slow bot=Bob {elapsed_ms=13}
[21:04:14] [Server thread/INFO]: [AIBot] ACTION event=diag_snapshot bot=Bob {path_idle=true, food=20, air=300, mode=survival, task=craft, task_progress=1.0, goal=none, task_phase=CRAFTING, in_lava=false, step=, light=14, submerged=false, task_state=COMPLETED, held=minecraft:torchx1, fall=0.0, pos=0,114,-3, on_ground=true, hp=20.0/20.0, mining_idle=true, nearby=animals=2(villager@11) hostiles=0, inv=minecraft:oak_planksx7 minecraft:torchx1 minecraft:crafting_tablex1 minecraft:stickx2 minecraft:wooden_pickaxex1}
[21:04:14] [Server thread/WARN]: [AIBot] PERCEPTION event=snapshot_slow bot=Bob {elapsed_ms=12}
[21:04:15] [Server thread/WARN]: [AIBot] PERCEPTION event=snapshot_slow bot=Bob {elapsed_ms=12}
[21:04:15] [Server thread/WARN]: [AIBot] PERCEPTION event=snapshot_slow bot=Bob {elapsed_ms=14}
[21:04:16] [Server thread/WARN]: [AIBot] PERCEPTION event=snapshot_slow bot=Bob {elapsed_ms=13}
[21:04:16] [Server thread/INFO]: [AIBot] ACTION event=capability_decision bot=Bob {context=diagnostic_nearby, capability=HIDDEN_BLOCK_SCAN, profile=strict_survival, allowed=false, reason=DENIED_STRICT_SURVIVAL}
[21:04:16] [Server thread/INFO]: [AIBot] ACTION event=diag_snapshot bot=Bob {path_idle=true, food=20, air=300, mode=survival, task=craft, task_progress=1.0, goal=none, task_phase=CRAFTING, in_lava=false, step=, light=14, submerged=false, task_state=COMPLETED, held=minecraft:torchx1, fall=0.0, pos=0,114,-3, on_ground=true, hp=20.0/20.0, mining_idle=true, nearby=animals=3(villager@12) hostiles=0, inv=minecraft:oak_planksx7 minecraft:torchx1 minecraft:crafting_tablex1 minecraft:stickx2 minecraft:wooden_pickaxex1}
[21:04:16] [Server thread/WARN]: [AIBot] PERCEPTION event=snapshot_slow bot=Bob {elapsed_ms=14}
[21:04:17] [Server thread/WARN]: [AIBot] PERCEPTION event=snapshot_slow bot=Bob {elapsed_ms=15}
[21:04:17] [Server thread/WARN]: [AIBot] PERCEPTION event=snapshot_slow bot=Bob {elapsed_ms=12}
[21:04:18] [Server thread/WARN]: [AIBot] PERCEPTION event=snapshot_slow bot=Bob {elapsed_ms=14}
[21:04:18] [Server thread/INFO]: [AIBot] ACTION event=diag_snapshot bot=Bob {path_idle=true, food=20, air=300, mode=survival, task=craft, task_progress=1.0, goal=none, task_phase=CRAFTING, in_lava=false, step=, light=14, submerged=false, task_state=COMPLETED, held=minecraft:torchx1, fall=0.0, pos=0,114,-3, on_ground=true, hp=20.0/20.0, mining_idle=true, nearby=animals=5(villager@4) hostiles=0, inv=minecraft:oak_planksx7 minecraft:torchx1 minecraft:crafting_tablex1 minecraft:stickx2 minecraft:wooden_pickaxex1}
[21:04:18] [Server thread/WARN]: [AIBot] PERCEPTION event=snapshot_slow bot=Bob {elapsed_ms=14}
[21:04:19] [Server thread/INFO]: [AIBot] ACTION event=capability_decision bot=Bob {context=observable_block_query, capability=HIDDEN_BLOCK_SCAN, profile=strict_survival, allowed=false, reason=DENIED_STRICT_SURVIVAL}
[21:04:19] [Server thread/INFO]: [AIBot] ACTION event=capability_decision bot=Bob {context=perception_snapshot, capability=HIDDEN_BLOCK_SCAN, profile=strict_survival, allowed=false, reason=DENIED_STRICT_SURVIVAL}
[21:04:19] [Server thread/INFO]: [AIBot] ACTION event=capability_decision bot=Bob {context=observable_entity_query, capability=HIDDEN_BLOCK_SCAN, profile=strict_survival, allowed=false, reason=DENIED_STRICT_SURVIVAL}
[21:04:19] [Server thread/WARN]: [AIBot] PERCEPTION event=snapshot_slow bot=Bob {elapsed_ms=12}
[21:04:19] [Server thread/WARN]: [AIBot] PERCEPTION event=snapshot_slow bot=Bob {elapsed_ms=12}
[21:04:20] [Server thread/WARN]: [AIBot] PERCEPTION event=snapshot_slow bot=Bob {elapsed_ms=15}
[21:04:20] [Server thread/INFO]: [AIBot] ACTION event=diag_snapshot bot=Bob {path_idle=true, food=20, air=300, mode=survival, task=craft, task_progress=1.0, goal=none, task_phase=CRAFTING, in_lava=false, step=, light=14, submerged=false, task_state=COMPLETED, held=minecraft:torchx1, fall=0.0, pos=0,114,-3, on_ground=true, hp=20.0/20.0, mining_idle=true, nearby=animals=5(villager@3) hostiles=0, inv=minecraft:oak_planksx7 minecraft:torchx1 minecraft:crafting_tablex1 minecraft:stickx2 minecraft:wooden_pickaxex1}
[21:04:20] [Server thread/WARN]: [AIBot] PERCEPTION event=snapshot_slow bot=Bob {elapsed_ms=14}
[21:04:21] [Server thread/WARN]: [AIBot] PERCEPTION event=snapshot_slow bot=Bob {elapsed_ms=14}
[21:04:21] [Server thread/WARN]: [AIBot] PERCEPTION event=snapshot_slow bot=Bob {elapsed_ms=12}
[21:04:22] [Server thread/WARN]: [AIBot] PERCEPTION event=snapshot_slow bot=Bob {elapsed_ms=14}
[21:04:22] [Server thread/INFO]: [AIBot] ACTION event=capability_decision bot=Bob {context=diagnostic_nearby, capability=HIDDEN_BLOCK_SCAN, profile=strict_survival, allowed=false, reason=DENIED_STRICT_SURVIVAL}
[21:04:22] [Server thread/INFO]: [AIBot] ACTION event=diag_snapshot bot=Bob {path_idle=true, food=20, air=300, mode=survival, task=craft, task_progress=1.0, goal=none, task_phase=CRAFTING, in_lava=false, step=, light=14, submerged=false, task_state=COMPLETED, held=minecraft:torchx1, fall=0.0, pos=0,114,-3, on_ground=true, hp=20.0/20.0, mining_idle=true, nearby=animals=5(villager@6) hostiles=0, inv=minecraft:oak_planksx7 minecraft:torchx1 minecraft:crafting_tablex1 minecraft:stickx2 minecraft:wooden_pickaxex1}
[21:04:22] [Server thread/WARN]: [AIBot] PERCEPTION event=snapshot_slow bot=Bob {elapsed_ms=14}
[21:04:23] [Server thread/WARN]: [AIBot] PERCEPTION event=snapshot_slow bot=Bob {elapsed_ms=16}
[21:04:23] [Server thread/WARN]: [AIBot] PERCEPTION event=snapshot_slow bot=Bob {elapsed_ms=14}
[21:04:24] [Server thread/INFO]: [AIBot] ACTION event=capability_decision bot=Bob {context=observable_block_query, capability=HIDDEN_BLOCK_SCAN, profile=strict_survival, allowed=false, reason=DENIED_STRICT_SURVIVAL}
[21:04:24] [Server thread/INFO]: [AIBot] ACTION event=capability_decision bot=Bob {context=perception_snapshot, capability=HIDDEN_BLOCK_SCAN, profile=strict_survival, allowed=false, reason=DENIED_STRICT_SURVIVAL}
[21:04:24] [Server thread/INFO]: [AIBot] ACTION event=capability_decision bot=Bob {context=observable_entity_query, capability=HIDDEN_BLOCK_SCAN, profile=strict_survival, allowed=false, reason=DENIED_STRICT_SURVIVAL}
[21:04:24] [Server thread/WARN]: [AIBot] PERCEPTION event=snapshot_slow bot=Bob {elapsed_ms=14}
[21:04:24] [Server thread/INFO]: [AIBot] ACTION event=diag_snapshot bot=Bob {path_idle=true, food=20, air=300, mode=survival, task=craft, task_progress=1.0, goal=none, task_phase=CRAFTING, in_lava=false, step=, light=14, submerged=false, task_state=COMPLETED, held=minecraft:torchx1, fall=0.0, pos=0,114,-3, on_ground=true, hp=20.0/20.0, mining_idle=true, nearby=animals=4(villager@7) hostiles=0, inv=minecraft:oak_planksx7 minecraft:torchx1 minecraft:crafting_tablex1 minecraft:stickx2 minecraft:wooden_pickaxex1}
[21:04:24] [Server thread/WARN]: [AIBot] PERCEPTION event=snapshot_slow bot=Bob {elapsed_ms=14}
[21:04:25] [Server thread/WARN]: [AIBot] PERCEPTION event=snapshot_slow bot=Bob {elapsed_ms=15}
[21:04:25] [Server thread/WARN]: [AIBot] PERCEPTION event=snapshot_slow bot=Bob {elapsed_ms=15}
[21:04:26] [Server thread/WARN]: [AIBot] PERCEPTION event=snapshot_slow bot=Bob {elapsed_ms=14}
[21:04:26] [Server thread/INFO]: [AIBot] ACTION event=diag_snapshot bot=Bob {path_idle=true, food=20, air=300, mode=survival, task=craft, task_progress=1.0, goal=none, task_phase=CRAFTING, in_lava=false, step=, light=14, submerged=false, task_state=COMPLETED, held=minecraft:torchx1, fall=0.0, pos=0,114,-3, on_ground=true, hp=20.0/20.0, mining_idle=true, nearby=animals=5(villager@9) hostiles=0, inv=minecraft:oak_planksx7 minecraft:torchx1 minecraft:crafting_tablex1 minecraft:stickx2 minecraft:wooden_pickaxex1}
[21:04:26] [Server thread/WARN]: [AIBot] PERCEPTION event=snapshot_slow bot=Bob {elapsed_ms=15}
[21:04:27] [Server thread/WARN]: [AIBot] PERCEPTION event=snapshot_slow bot=Bob {elapsed_ms=14}
[21:04:27] [Server thread/WARN]: [AIBot] PERCEPTION event=snapshot_slow bot=Bob {elapsed_ms=14}
[21:04:28] [Server thread/WARN]: [AIBot] PERCEPTION event=snapshot_slow bot=Bob {elapsed_ms=15}
[21:04:28] [Server thread/INFO]: [AIBot] ACTION event=capability_decision bot=Bob {context=diagnostic_nearby, capability=HIDDEN_BLOCK_SCAN, profile=strict_survival, allowed=false, reason=DENIED_STRICT_SURVIVAL}
[21:04:28] [Server thread/INFO]: [AIBot] ACTION event=diag_snapshot bot=Bob {path_idle=true, food=20, air=300, mode=survival, task=craft, task_progress=1.0, goal=none, task_phase=CRAFTING, in_lava=false, step=, light=14, submerged=false, task_state=COMPLETED, held=minecraft:torchx1, fall=0.0, pos=0,114,-3, on_ground=true, hp=20.0/20.0, mining_idle=true, nearby=animals=3(villager@10) hostiles=0, inv=minecraft:oak_planksx7 minecraft:torchx1 minecraft:crafting_tablex1 minecraft:stickx2 minecraft:wooden_pickaxex1}
[21:04:29] [Server thread/INFO]: [AIBot] ACTION event=capability_decision bot=Bob {context=observable_block_query, capability=HIDDEN_BLOCK_SCAN, profile=strict_survival, allowed=false, reason=DENIED_STRICT_SURVIVAL}
[21:04:29] [Server thread/INFO]: [AIBot] ACTION event=capability_decision bot=Bob {context=perception_snapshot, capability=HIDDEN_BLOCK_SCAN, profile=strict_survival, allowed=false, reason=DENIED_STRICT_SURVIVAL}
[21:04:29] [Server thread/INFO]: [AIBot] ACTION event=capability_decision bot=Bob {context=observable_entity_query, capability=HIDDEN_BLOCK_SCAN, profile=strict_survival, allowed=false, reason=DENIED_STRICT_SURVIVAL}
[21:04:29] [Server thread/WARN]: [AIBot] PERCEPTION event=snapshot_slow bot=Bob {elapsed_ms=14}
[21:04:29] [Server thread/WARN]: [AIBot] PERCEPTION event=snapshot_slow bot=Bob {elapsed_ms=15}
[21:04:30] [Server thread/WARN]: [AIBot] PERCEPTION event=snapshot_slow bot=Bob {elapsed_ms=12}
[21:04:30] [Server thread/INFO]: [AIBot] ACTION event=diag_snapshot bot=Bob {path_idle=true, food=20, air=300, mode=survival, task=craft, task_progress=1.0, goal=none, task_phase=CRAFTING, in_lava=false, step=, light=14, submerged=false, task_state=COMPLETED, held=minecraft:torchx1, fall=0.0, pos=0,114,-3, on_ground=true, hp=20.0/20.0, mining_idle=true, nearby=animals=3(villager@10) hostiles=0, inv=minecraft:oak_planksx7 minecraft:torchx1 minecraft:crafting_tablex1 minecraft:stickx2 minecraft:wooden_pickaxex1}
[21:04:30] [Server thread/WARN]: [AIBot] PERCEPTION event=snapshot_slow bot=Bob {elapsed_ms=15}
[21:04:31] [Server thread/WARN]: [AIBot] PERCEPTION event=snapshot_slow bot=Bob {elapsed_ms=14}
[21:04:31] [Server thread/WARN]: [AIBot] PERCEPTION event=snapshot_slow bot=Bob {elapsed_ms=12}
[21:04:32] [Server thread/WARN]: [AIBot] PERCEPTION event=snapshot_slow bot=Bob {elapsed_ms=14}
[21:04:32] [Server thread/INFO]: [AIBot] ACTION event=diag_snapshot bot=Bob {path_idle=true, food=20, air=300, mode=survival, task=craft, task_progress=1.0, goal=none, task_phase=CRAFTING, in_lava=false, step=, light=14, submerged=false, task_state=COMPLETED, held=minecraft:torchx1, fall=0.0, pos=0,114,-3, on_ground=true, hp=20.0/20.0, mining_idle=true, nearby=animals=3(villager@10) hostiles=0, inv=minecraft:oak_planksx7 minecraft:torchx1 minecraft:crafting_tablex1 minecraft:stickx2 minecraft:wooden_pickaxex1}
[21:04:32] [Server thread/WARN]: [AIBot] PERCEPTION event=snapshot_slow bot=Bob {elapsed_ms=13}
[21:04:33] [Server thread/WARN]: [AIBot] PERCEPTION event=snapshot_slow bot=Bob {elapsed_ms=15}
[21:04:34] [Server thread/INFO]: [AIBot] ACTION event=capability_decision bot=Bob {context=observable_block_query, capability=HIDDEN_BLOCK_SCAN, profile=strict_survival, allowed=false, reason=DENIED_STRICT_SURVIVAL}
[21:04:34] [Server thread/INFO]: [AIBot] ACTION event=capability_decision bot=Bob {context=perception_snapshot, capability=HIDDEN_BLOCK_SCAN, profile=strict_survival, allowed=false, reason=DENIED_STRICT_SURVIVAL}
[21:04:34] [Server thread/INFO]: [AIBot] ACTION event=capability_decision bot=Bob {context=observable_entity_query, capability=HIDDEN_BLOCK_SCAN, profile=strict_survival, allowed=false, reason=DENIED_STRICT_SURVIVAL}
[21:04:34] [Server thread/WARN]: [AIBot] PERCEPTION event=snapshot_slow bot=Bob {elapsed_ms=14}
[21:04:34] [Server thread/INFO]: [AIBot] ACTION event=capability_decision bot=Bob {context=diagnostic_nearby, capability=HIDDEN_BLOCK_SCAN, profile=strict_survival, allowed=false, reason=DENIED_STRICT_SURVIVAL}
[21:04:34] [Server thread/INFO]: [AIBot] ACTION event=diag_snapshot bot=Bob {path_idle=true, food=20, air=300, mode=survival, task=craft, task_progress=1.0, goal=none, task_phase=CRAFTING, in_lava=false, step=, light=14, submerged=false, task_state=COMPLETED, held=minecraft:torchx1, fall=0.0, pos=0,114,-3, on_ground=true, hp=20.0/20.0, mining_idle=true, nearby=animals=3(villager@11) hostiles=0, inv=minecraft:oak_planksx7 minecraft:torchx1 minecraft:crafting_tablex1 minecraft:stickx2 minecraft:wooden_pickaxex1}
[21:04:34] [Server thread/WARN]: [AIBot] PERCEPTION event=snapshot_slow bot=Bob {elapsed_ms=11}
[21:04:35] [Server thread/WARN]: [AIBot] PERCEPTION event=snapshot_slow bot=Bob {elapsed_ms=13}
[21:04:35] [Server thread/WARN]: [AIBot] PERCEPTION event=snapshot_slow bot=Bob {elapsed_ms=15}
[21:04:36] [Server thread/WARN]: [AIBot] PERCEPTION event=snapshot_slow bot=Bob {elapsed_ms=13}
[21:04:36] [Server thread/INFO]: [AIBot] ACTION event=diag_snapshot bot=Bob {path_idle=true, food=20, air=300, mode=survival, task=craft, task_progress=1.0, goal=none, task_phase=CRAFTING, in_lava=false, step=, light=14, submerged=false, task_state=COMPLETED, held=minecraft:torchx1, fall=0.0, pos=0,114,-3, on_ground=true, hp=20.0/20.0, mining_idle=true, nearby=animals=3(villager@10) hostiles=0, inv=minecraft:oak_planksx7 minecraft:torchx1 minecraft:crafting_tablex1 minecraft:stickx2 minecraft:wooden_pickaxex1}
[21:04:37] [Server thread/WARN]: [AIBot] PERCEPTION event=snapshot_slow bot=Bob {elapsed_ms=12}
[21:04:37] [Server thread/WARN]: [AIBot] PERCEPTION event=snapshot_slow bot=Bob {elapsed_ms=12}
[21:04:38] [Server thread/WARN]: [AIBot] PERCEPTION event=snapshot_slow bot=Bob {elapsed_ms=15}
[21:04:38] [Server thread/INFO]: [AIBot] ACTION event=diag_snapshot bot=Bob {path_idle=true, food=20, air=300, mode=survival, task=craft, task_progress=1.0, goal=none, task_phase=CRAFTING, in_lava=false, step=, light=14, submerged=false, task_state=COMPLETED, held=minecraft:torchx1, fall=0.0, pos=0,114,-3, on_ground=true, hp=20.0/20.0, mining_idle=true, nearby=animals=3(villager@8) hostiles=0, inv=minecraft:oak_planksx7 minecraft:torchx1 minecraft:crafting_tablex1 minecraft:stickx2 minecraft:wooden_pickaxex1}
[21:04:38] [Server thread/WARN]: [AIBot] PERCEPTION event=snapshot_slow bot=Bob {elapsed_ms=16}
[21:04:39] [Server thread/INFO]: [AIBot] ACTION event=capability_decision bot=Bob {context=observable_block_query, capability=HIDDEN_BLOCK_SCAN, profile=strict_survival, allowed=false, reason=DENIED_STRICT_SURVIVAL}
[21:04:39] [Server thread/INFO]: [AIBot] ACTION event=capability_decision bot=Bob {context=perception_snapshot, capability=HIDDEN_BLOCK_SCAN, profile=strict_survival, allowed=false, reason=DENIED_STRICT_SURVIVAL}
[21:04:39] [Server thread/INFO]: [AIBot] ACTION event=capability_decision bot=Bob {context=observable_entity_query, capability=HIDDEN_BLOCK_SCAN, profile=strict_survival, allowed=false, reason=DENIED_STRICT_SURVIVAL}
[21:04:39] [Server thread/WARN]: [AIBot] PERCEPTION event=snapshot_slow bot=Bob {elapsed_ms=13}
[21:04:40] [Server thread/WARN]: [AIBot] PERCEPTION event=snapshot_slow bot=Bob {elapsed_ms=14}
[21:04:40] [Server thread/INFO]: [AIBot] ACTION event=capability_decision bot=Bob {context=diagnostic_nearby, capability=HIDDEN_BLOCK_SCAN, profile=strict_survival, allowed=false, reason=DENIED_STRICT_SURVIVAL}
[21:04:40] [Server thread/INFO]: [AIBot] ACTION event=diag_snapshot bot=Bob {path_idle=true, food=20, air=300, mode=survival, task=craft, task_progress=1.0, goal=none, task_phase=CRAFTING, in_lava=false, step=, light=14, submerged=false, task_state=COMPLETED, held=minecraft:torchx1, fall=0.0, pos=0,114,-3, on_ground=true, hp=20.0/20.0, mining_idle=true, nearby=animals=3(villager@11) hostiles=0, inv=minecraft:oak_planksx7 minecraft:torchx1 minecraft:crafting_tablex1 minecraft:stickx2 minecraft:wooden_pickaxex1}
[21:04:40] [Server thread/WARN]: [AIBot] PERCEPTION event=snapshot_slow bot=Bob {elapsed_ms=11}
[21:04:41] [Server thread/WARN]: [AIBot] PERCEPTION event=snapshot_slow bot=Bob {elapsed_ms=14}
[21:04:41] [Server thread/WARN]: [AIBot] PERCEPTION event=snapshot_slow bot=Bob {elapsed_ms=11}
[21:04:42] [Server thread/WARN]: [AIBot] PERCEPTION event=snapshot_slow bot=Bob {elapsed_ms=14}
[21:04:42] [Server thread/INFO]: [AIBot] ACTION event=diag_snapshot bot=Bob {path_idle=true, food=20, air=300, mode=survival, task=craft, task_progress=1.0, goal=none, task_phase=CRAFTING, in_lava=false, step=, light=14, submerged=false, task_state=COMPLETED, held=minecraft:torchx1, fall=0.0, pos=0,114,-3, on_ground=true, hp=20.0/20.0, mining_idle=true, nearby=animals=3(villager@11) hostiles=0, inv=minecraft:oak_planksx7 minecraft:torchx1 minecraft:crafting_tablex1 minecraft:stickx2 minecraft:wooden_pickaxex1}
[21:04:42] [Server thread/WARN]: [AIBot] PERCEPTION event=snapshot_slow bot=Bob {elapsed_ms=13}
[21:04:43] [Server thread/WARN]: [AIBot] PERCEPTION event=snapshot_slow bot=Bob {elapsed_ms=12}
[21:04:43] [Server thread/WARN]: [AIBot] PERCEPTION event=snapshot_slow bot=Bob {elapsed_ms=14}
[21:04:44] [Server thread/INFO]: [AIBot] ACTION event=capability_decision bot=Bob {context=observable_block_query, capability=HIDDEN_BLOCK_SCAN, profile=strict_survival, allowed=false, reason=DENIED_STRICT_SURVIVAL}
[21:04:44] [Server thread/INFO]: [AIBot] ACTION event=capability_decision bot=Bob {context=perception_snapshot, capability=HIDDEN_BLOCK_SCAN, profile=strict_survival, allowed=false, reason=DENIED_STRICT_SURVIVAL}
[21:04:44] [Server thread/INFO]: [AIBot] ACTION event=capability_decision bot=Bob {context=observable_entity_query, capability=HIDDEN_BLOCK_SCAN, profile=strict_survival, allowed=false, reason=DENIED_STRICT_SURVIVAL}
[21:04:44] [Server thread/WARN]: [AIBot] PERCEPTION event=snapshot_slow bot=Bob {elapsed_ms=16}
[21:04:44] [Server thread/INFO]: [AIBot] ACTION event=diag_snapshot bot=Bob {path_idle=true, food=20, air=300, mode=survival, task=craft, task_progress=1.0, goal=none, task_phase=CRAFTING, in_lava=false, step=, light=14, submerged=false, task_state=COMPLETED, held=minecraft:torchx1, fall=0.0, pos=0,114,-3, on_ground=true, hp=20.0/20.0, mining_idle=true, nearby=animals=3(villager@11) hostiles=0, inv=minecraft:oak_planksx7 minecraft:torchx1 minecraft:crafting_tablex1 minecraft:stickx2 minecraft:wooden_pickaxex1}
[21:04:44] [Server thread/WARN]: [AIBot] PERCEPTION event=snapshot_slow bot=Bob {elapsed_ms=15}
[21:04:45] [Server thread/WARN]: [AIBot] PERCEPTION event=snapshot_slow bot=Bob {elapsed_ms=14}
[21:04:46] [Server thread/INFO]: [AIBot] ACTION event=capability_decision bot=Bob {context=diagnostic_nearby, capability=HIDDEN_BLOCK_SCAN, profile=strict_survival, allowed=false, reason=DENIED_STRICT_SURVIVAL}
[21:04:46] [Server thread/INFO]: [AIBot] ACTION event=diag_snapshot bot=Bob {path_idle=true, food=20, air=300, mode=survival, task=craft, task_progress=1.0, goal=none, task_phase=CRAFTING, in_lava=false, step=, light=14, submerged=false, task_state=COMPLETED, held=minecraft:torchx1, fall=0.0, pos=0,114,-3, on_ground=true, hp=20.0/20.0, mining_idle=true, nearby=animals=2(villager@11) hostiles=0, inv=minecraft:oak_planksx7 minecraft:torchx1 minecraft:crafting_tablex1 minecraft:stickx2 minecraft:wooden_pickaxex1}
[21:04:46] [Server thread/WARN]: [AIBot] PERCEPTION event=snapshot_slow bot=Bob {elapsed_ms=14}
[21:04:47] [Server thread/WARN]: [AIBot] PERCEPTION event=snapshot_slow bot=Bob {elapsed_ms=15}
[21:04:48] [Server thread/WARN]: [AIBot] PERCEPTION event=snapshot_slow bot=Bob {elapsed_ms=14}
[21:04:48] [Server thread/INFO]: [AIBot] ACTION event=diag_snapshot bot=Bob {path_idle=true, food=20, air=300, mode=survival, task=craft, task_progress=1.0, goal=none, task_phase=CRAFTING, in_lava=false, step=, light=14, submerged=false, task_state=COMPLETED, held=minecraft:torchx1, fall=0.0, pos=0,114,-3, on_ground=true, hp=20.0/20.0, mining_idle=true, nearby=animals=4(villager@12) hostiles=0, inv=minecraft:oak_planksx7 minecraft:torchx1 minecraft:crafting_tablex1 minecraft:stickx2 minecraft:wooden_pickaxex1}
[21:04:48] [Server thread/WARN]: [AIBot] PERCEPTION event=snapshot_slow bot=Bob {elapsed_ms=11}
[21:04:49] [Server thread/INFO]: [AIBot] ACTION event=capability_decision bot=Bob {context=observable_block_query, capability=HIDDEN_BLOCK_SCAN, profile=strict_survival, allowed=false, reason=DENIED_STRICT_SURVIVAL}
[21:04:49] [Server thread/INFO]: [AIBot] ACTION event=capability_decision bot=Bob {context=perception_snapshot, capability=HIDDEN_BLOCK_SCAN, profile=strict_survival, allowed=false, reason=DENIED_STRICT_SURVIVAL}
[21:04:49] [Server thread/INFO]: [AIBot] ACTION event=capability_decision bot=Bob {context=observable_entity_query, capability=HIDDEN_BLOCK_SCAN, profile=strict_survival, allowed=false, reason=DENIED_STRICT_SURVIVAL}
[21:04:49] [Server thread/WARN]: [AIBot] PERCEPTION event=snapshot_slow bot=Bob {elapsed_ms=11}
[21:04:49] [Server thread/WARN]: [AIBot] PERCEPTION event=snapshot_slow bot=Bob {elapsed_ms=15}
[21:04:50] [Server thread/INFO]: [AIBot] ACTION event=diag_snapshot bot=Bob {path_idle=true, food=20, air=300, mode=survival, task=craft, task_progress=1.0, goal=none, task_phase=CRAFTING, in_lava=false, step=, light=14, submerged=false, task_state=COMPLETED, held=minecraft:torchx1, fall=0.0, pos=0,114,-3, on_ground=true, hp=20.0/20.0, mining_idle=true, nearby=animals=4(villager@12) hostiles=0, inv=minecraft:oak_planksx7 minecraft:torchx1 minecraft:crafting_tablex1 minecraft:stickx2 minecraft:wooden_pickaxex1}
[21:04:52] [Server thread/INFO]: [AIBot] ACTION event=capability_decision bot=Bob {context=diagnostic_nearby, capability=HIDDEN_BLOCK_SCAN, profile=strict_survival, allowed=false, reason=DENIED_STRICT_SURVIVAL}
[21:04:52] [Server thread/INFO]: [AIBot] ACTION event=diag_snapshot bot=Bob {path_idle=true, food=20, air=300, mode=survival, task=craft, task_progress=1.0, goal=none, task_phase=CRAFTING, in_lava=false, step=, light=14, submerged=false, task_state=COMPLETED, held=minecraft:torchx1, fall=0.0, pos=0,114,-3, on_ground=true, hp=20.0/20.0, mining_idle=true, nearby=animals=3(villager@12) hostiles=0, inv=minecraft:oak_planksx7 minecraft:torchx1 minecraft:crafting_tablex1 minecraft:stickx2 minecraft:wooden_pickaxex1}
[21:04:53] [Server thread/WARN]: [AIBot] PERCEPTION event=snapshot_slow bot=Bob {elapsed_ms=12}
[21:04:53] [Server thread/WARN]: [AIBot] PERCEPTION event=snapshot_slow bot=Bob {elapsed_ms=13}
[21:04:54] [Server thread/INFO]: [AIBot] ACTION event=capability_decision bot=Bob {context=observable_block_query, capability=HIDDEN_BLOCK_SCAN, profile=strict_survival, allowed=false, reason=DENIED_STRICT_SURVIVAL}
[21:04:54] [Server thread/INFO]: [AIBot] ACTION event=capability_decision bot=Bob {context=perception_snapshot, capability=HIDDEN_BLOCK_SCAN, profile=strict_survival, allowed=false, reason=DENIED_STRICT_SURVIVAL}
[21:04:54] [Server thread/INFO]: [AIBot] ACTION event=capability_decision bot=Bob {context=observable_entity_query, capability=HIDDEN_BLOCK_SCAN, profile=strict_survival, allowed=false, reason=DENIED_STRICT_SURVIVAL}
[21:04:54] [Server thread/WARN]: [AIBot] PERCEPTION event=snapshot_slow bot=Bob {elapsed_ms=11}
[21:04:54] [Server thread/INFO]: [AIBot] ACTION event=diag_snapshot bot=Bob {path_idle=true, food=20, air=300, mode=survival, task=craft, task_progress=1.0, goal=none, task_phase=CRAFTING, in_lava=false, step=, light=14, submerged=false, task_state=COMPLETED, held=minecraft:torchx1, fall=0.0, pos=0,114,-3, on_ground=true, hp=20.0/20.0, mining_idle=true, nearby=animals=3(villager@12) hostiles=0, inv=minecraft:oak_planksx7 minecraft:torchx1 minecraft:crafting_tablex1 minecraft:stickx2 minecraft:wooden_pickaxex1}
[21:04:54] [Server thread/WARN]: [AIBot] PERCEPTION event=snapshot_slow bot=Bob {elapsed_ms=14}
[21:04:55] [Server thread/WARN]: [AIBot] PERCEPTION event=snapshot_slow bot=Bob {elapsed_ms=13}
[21:04:55] [Server thread/WARN]: [AIBot] PERCEPTION event=snapshot_slow bot=Bob {elapsed_ms=15}
[21:04:56] [Server thread/WARN]: [AIBot] PERCEPTION event=snapshot_slow bot=Bob {elapsed_ms=14}
[21:04:56] [Server thread/INFO]: [AIBot] LIFECYCLE event=mixin_alive bot=- {server_tick=12000}
[21:04:56] [Server thread/INFO]: [AIBot] ACTION event=diag_snapshot bot=Bob {path_idle=true, food=20, air=300, mode=survival, task=craft, task_progress=1.0, goal=none, task_phase=CRAFTING, in_lava=false, step=, light=14, submerged=false, task_state=COMPLETED, held=minecraft:torchx1, fall=0.0, pos=0,114,-3, on_ground=true, hp=20.0/20.0, mining_idle=true, nearby=animals=3(villager@12) hostiles=0, inv=minecraft:oak_planksx7 minecraft:torchx1 minecraft:crafting_tablex1 minecraft:stickx2 minecraft:wooden_pickaxex1}
[21:04:56] [Server thread/WARN]: [AIBot] PERCEPTION event=snapshot_slow bot=Bob {elapsed_ms=18}
[21:04:57] [AIBotPersistenceWriter/INFO]: [AIBot] LIFECYCLE event=runtime_persist_saved bot=- {path=.\world\.\aibot\runtime.json, bots=1, jobs=0, schema=1, atomic_move=true}
[21:04:57] [Server thread/WARN]: [AIBot] PERCEPTION event=snapshot_slow bot=Bob {elapsed_ms=14}
[21:04:57] [Server thread/WARN]: [AIBot] PERCEPTION event=snapshot_slow bot=Bob {elapsed_ms=16}
[21:04:58] [Server thread/WARN]: [AIBot] PERCEPTION event=snapshot_slow bot=Bob {elapsed_ms=15}
[21:04:58] [Server thread/INFO]: [AIBot] ACTION event=capability_decision bot=Bob {context=diagnostic_nearby, capability=HIDDEN_BLOCK_SCAN, profile=strict_survival, allowed=false, reason=DENIED_STRICT_SURVIVAL}
[21:04:58] [Server thread/INFO]: [AIBot] ACTION event=diag_snapshot bot=Bob {path_idle=true, food=20, air=300, mode=survival, task=craft, task_progress=1.0, goal=none, task_phase=CRAFTING, in_lava=false, step=, light=14, submerged=false, task_state=COMPLETED, held=minecraft:torchx1, fall=0.0, pos=0,114,-3, on_ground=true, hp=20.0/20.0, mining_idle=true, nearby=animals=3(villager@12) hostiles=0, inv=minecraft:oak_planksx7 minecraft:torchx1 minecraft:crafting_tablex1 minecraft:stickx2 minecraft:wooden_pickaxex1}
[21:04:58] [Server thread/WARN]: [AIBot] PERCEPTION event=snapshot_slow bot=Bob {elapsed_ms=15}
[21:04:59] [Server thread/INFO]: [AIBot] ACTION event=capability_decision bot=Bob {context=observable_block_query, capability=HIDDEN_BLOCK_SCAN, profile=strict_survival, allowed=false, reason=DENIED_STRICT_SURVIVAL}
[21:04:59] [Server thread/INFO]: [AIBot] ACTION event=capability_decision bot=Bob {context=perception_snapshot, capability=HIDDEN_BLOCK_SCAN, profile=strict_survival, allowed=false, reason=DENIED_STRICT_SURVIVAL}
[21:04:59] [Server thread/INFO]: [AIBot] ACTION event=capability_decision bot=Bob {context=observable_entity_query, capability=HIDDEN_BLOCK_SCAN, profile=strict_survival, allowed=false, reason=DENIED_STRICT_SURVIVAL}
[21:04:59] [Server thread/WARN]: [AIBot] PERCEPTION event=snapshot_slow bot=Bob {elapsed_ms=14}
[21:04:59] [Server thread/WARN]: [AIBot] PERCEPTION event=snapshot_slow bot=Bob {elapsed_ms=16}
[21:05:00] [Server thread/WARN]: [AIBot] PERCEPTION event=snapshot_slow bot=Bob {elapsed_ms=14}
[21:05:00] [Server thread/INFO]: [AIBot] ACTION event=diag_snapshot bot=Bob {path_idle=true, food=20, air=300, mode=survival, task=craft, task_progress=1.0, goal=none, task_phase=CRAFTING, in_lava=false, step=, light=13, submerged=false, task_state=COMPLETED, held=minecraft:torchx1, fall=0.0, pos=0,114,-3, on_ground=true, hp=20.0/20.0, mining_idle=true, nearby=animals=1(pig@13) hostiles=0, inv=minecraft:oak_planksx7 minecraft:torchx1 minecraft:crafting_tablex1 minecraft:stickx2 minecraft:wooden_pickaxex1}
[21:05:00] [Server thread/WARN]: [AIBot] PERCEPTION event=snapshot_slow bot=Bob {elapsed_ms=12}
[21:05:01] [Server thread/WARN]: [AIBot] PERCEPTION event=snapshot_slow bot=Bob {elapsed_ms=15}
[21:05:01] [Server thread/WARN]: [AIBot] PERCEPTION event=snapshot_slow bot=Bob {elapsed_ms=13}
[21:05:02] [Server thread/WARN]: [AIBot] PERCEPTION event=snapshot_slow bot=Bob {elapsed_ms=11}
[21:05:02] [Server thread/INFO]: [AIBot] ACTION event=diag_snapshot bot=Bob {path_idle=true, food=20, air=300, mode=survival, task=craft, task_progress=1.0, goal=none, task_phase=CRAFTING, in_lava=false, step=, light=13, submerged=false, task_state=COMPLETED, held=minecraft:torchx1, fall=0.0, pos=0,114,-3, on_ground=true, hp=20.0/20.0, mining_idle=true, nearby=animals=5(villager@3) hostiles=0, inv=minecraft:oak_planksx7 minecraft:torchx1 minecraft:crafting_tablex1 minecraft:stickx2 minecraft:wooden_pickaxex1}
[21:05:02] [Server thread/WARN]: [AIBot] PERCEPTION event=snapshot_slow bot=Bob {elapsed_ms=14}
[21:05:03] [Server thread/WARN]: [AIBot] PERCEPTION event=snapshot_slow bot=Bob {elapsed_ms=15}
[21:05:03] [Server thread/WARN]: [AIBot] PERCEPTION event=snapshot_slow bot=Bob {elapsed_ms=13}
[21:05:04] [Server thread/INFO]: [AIBot] ACTION event=capability_decision bot=Bob {context=observable_block_query, capability=HIDDEN_BLOCK_SCAN, profile=strict_survival, allowed=false, reason=DENIED_STRICT_SURVIVAL}
[21:05:04] [Server thread/INFO]: [AIBot] ACTION event=capability_decision bot=Bob {context=perception_snapshot, capability=HIDDEN_BLOCK_SCAN, profile=strict_survival, allowed=false, reason=DENIED_STRICT_SURVIVAL}
[21:05:04] [Server thread/INFO]: [AIBot] ACTION event=capability_decision bot=Bob {context=observable_entity_query, capability=HIDDEN_BLOCK_SCAN, profile=strict_survival, allowed=false, reason=DENIED_STRICT_SURVIVAL}
[21:05:04] [Server thread/WARN]: [AIBot] PERCEPTION event=snapshot_slow bot=Bob {elapsed_ms=13}
[21:05:04] [Server thread/INFO]: [AIBot] ACTION event=capability_decision bot=Bob {context=diagnostic_nearby, capability=HIDDEN_BLOCK_SCAN, profile=strict_survival, allowed=false, reason=DENIED_STRICT_SURVIVAL}
[21:05:04] [Server thread/INFO]: [AIBot] ACTION event=diag_snapshot bot=Bob {path_idle=true, food=20, air=300, mode=survival, task=craft, task_progress=1.0, goal=none, task_phase=CRAFTING, in_lava=false, step=, light=13, submerged=false, task_state=COMPLETED, held=minecraft:torchx1, fall=0.0, pos=0,114,-3, on_ground=true, hp=20.0/20.0, mining_idle=true, nearby=animals=4(villager@2) hostiles=0, inv=minecraft:oak_planksx7 minecraft:torchx1 minecraft:crafting_tablex1 minecraft:stickx2 minecraft:wooden_pickaxex1}
[21:05:04] [Server thread/WARN]: [AIBot] PERCEPTION event=snapshot_slow bot=Bob {elapsed_ms=13}
[21:05:05] [Server thread/WARN]: [AIBot] PERCEPTION event=snapshot_slow bot=Bob {elapsed_ms=12}
[21:05:06] [Server thread/WARN]: [AIBot] PERCEPTION event=snapshot_slow bot=Bob {elapsed_ms=14}
[21:05:06] [Server thread/INFO]: [AIBot] ACTION event=diag_snapshot bot=Bob {path_idle=true, food=20, air=300, mode=survival, task=craft, task_progress=1.0, goal=none, task_phase=CRAFTING, in_lava=false, step=, light=13, submerged=false, task_state=COMPLETED, held=minecraft:torchx1, fall=0.0, pos=0,114,-3, on_ground=true, hp=20.0/20.0, mining_idle=true, nearby=animals=3(villager@1) hostiles=0, inv=minecraft:oak_planksx7 minecraft:torchx1 minecraft:crafting_tablex1 minecraft:stickx2 minecraft:wooden_pickaxex1}
[21:05:06] [Server thread/WARN]: [AIBot] PERCEPTION event=snapshot_slow bot=Bob {elapsed_ms=13}
[21:05:07] [Server thread/WARN]: [AIBot] PERCEPTION event=snapshot_slow bot=Bob {elapsed_ms=12}
[21:05:07] [Server thread/WARN]: [AIBot] PERCEPTION event=snapshot_slow bot=Bob {elapsed_ms=15}
[21:05:08] [Server thread/WARN]: [AIBot] PERCEPTION event=snapshot_slow bot=Bob {elapsed_ms=13}
[21:05:08] [Server thread/INFO]: [AIBot] ACTION event=diag_snapshot bot=Bob {path_idle=true, food=20, air=300, mode=survival, task=craft, task_progress=1.0, goal=none, task_phase=CRAFTING, in_lava=false, step=, light=12, submerged=false, task_state=COMPLETED, held=minecraft:torchx1, fall=0.0, pos=0,114,-3, on_ground=true, hp=20.0/20.0, mining_idle=true, nearby=animals=3(villager@1) hostiles=0, inv=minecraft:oak_planksx7 minecraft:torchx1 minecraft:crafting_tablex1 minecraft:stickx2 minecraft:wooden_pickaxex1}
[21:05:08] [Server thread/WARN]: [AIBot] PERCEPTION event=snapshot_slow bot=Bob {elapsed_ms=13}
[21:05:09] [Server thread/INFO]: [AIBot] ACTION event=capability_decision bot=Bob {context=observable_block_query, capability=HIDDEN_BLOCK_SCAN, profile=strict_survival, allowed=false, reason=DENIED_STRICT_SURVIVAL}
[21:05:09] [Server thread/INFO]: [AIBot] ACTION event=capability_decision bot=Bob {context=perception_snapshot, capability=HIDDEN_BLOCK_SCAN, profile=strict_survival, allowed=false, reason=DENIED_STRICT_SURVIVAL}
[21:05:09] [Server thread/INFO]: [AIBot] ACTION event=capability_decision bot=Bob {context=observable_entity_query, capability=HIDDEN_BLOCK_SCAN, profile=strict_survival, allowed=false, reason=DENIED_STRICT_SURVIVAL}
[21:05:09] [Server thread/WARN]: [AIBot] PERCEPTION event=snapshot_slow bot=Bob {elapsed_ms=15}
[21:05:09] [Server thread/WARN]: [AIBot] PERCEPTION event=snapshot_slow bot=Bob {elapsed_ms=15}
[21:05:10] [Server thread/WARN]: [AIBot] PERCEPTION event=snapshot_slow bot=Bob {elapsed_ms=13}
[21:05:10] [Server thread/INFO]: [AIBot] ACTION event=capability_decision bot=Bob {context=diagnostic_nearby, capability=HIDDEN_BLOCK_SCAN, profile=strict_survival, allowed=false, reason=DENIED_STRICT_SURVIVAL}
[21:05:10] [Server thread/INFO]: [AIBot] ACTION event=diag_snapshot bot=Bob {path_idle=true, food=20, air=300, mode=survival, task=craft, task_progress=1.0, goal=none, task_phase=CRAFTING, in_lava=false, step=, light=12, submerged=false, task_state=COMPLETED, held=minecraft:torchx1, fall=0.0, pos=0,114,-3, on_ground=true, hp=20.0/20.0, mining_idle=true, nearby=animals=3(villager@1) hostiles=0, inv=minecraft:oak_planksx7 minecraft:torchx1 minecraft:crafting_tablex1 minecraft:stickx2 minecraft:wooden_pickaxex1}
[21:05:10] [Server thread/WARN]: [AIBot] PERCEPTION event=snapshot_slow bot=Bob {elapsed_ms=13}
[21:05:11] [Server thread/WARN]: [AIBot] PERCEPTION event=snapshot_slow bot=Bob {elapsed_ms=14}
[21:05:11] [Server thread/WARN]: [AIBot] PERCEPTION event=snapshot_slow bot=Bob {elapsed_ms=13}
[21:05:12] [Server thread/WARN]: [AIBot] PERCEPTION event=snapshot_slow bot=Bob {elapsed_ms=15}
[21:05:12] [Server thread/INFO]: [AIBot] ACTION event=diag_snapshot bot=Bob {path_idle=true, food=20, air=300, mode=survival, task=craft, task_progress=1.0, goal=none, task_phase=CRAFTING, in_lava=false, step=, light=12, submerged=false, task_state=COMPLETED, held=minecraft:torchx1, fall=0.0, pos=0,114,-3, on_ground=true, hp=20.0/20.0, mining_idle=true, nearby=animals=2(villager@1) hostiles=0, inv=minecraft:oak_planksx7 minecraft:torchx1 minecraft:crafting_tablex1 minecraft:stickx2 minecraft:wooden_pickaxex1}
[21:05:12] [Server thread/WARN]: [AIBot] PERCEPTION event=snapshot_slow bot=Bob {elapsed_ms=14}
[21:05:13] [Server thread/WARN]: [AIBot] PERCEPTION event=snapshot_slow bot=Bob {elapsed_ms=15}
[21:05:13] [Server thread/WARN]: [AIBot] PERCEPTION event=snapshot_slow bot=Bob {elapsed_ms=14}
[21:05:14] [Server thread/INFO]: [AIBot] ACTION event=capability_decision bot=Bob {context=observable_block_query, capability=HIDDEN_BLOCK_SCAN, profile=strict_survival, allowed=false, reason=DENIED_STRICT_SURVIVAL}
[21:05:14] [Server thread/INFO]: [AIBot] ACTION event=capability_decision bot=Bob {context=perception_snapshot, capability=HIDDEN_BLOCK_SCAN, profile=strict_survival, allowed=false, reason=DENIED_STRICT_SURVIVAL}
[21:05:14] [Server thread/INFO]: [AIBot] ACTION event=capability_decision bot=Bob {context=observable_entity_query, capability=HIDDEN_BLOCK_SCAN, profile=strict_survival, allowed=false, reason=DENIED_STRICT_SURVIVAL}
[21:05:14] [Server thread/WARN]: [AIBot] PERCEPTION event=snapshot_slow bot=Bob {elapsed_ms=12}
[21:05:14] [Server thread/INFO]: [AIBot] ACTION event=diag_snapshot bot=Bob {path_idle=true, food=20, air=300, mode=survival, task=craft, task_progress=1.0, goal=none, task_phase=CRAFTING, in_lava=false, step=, light=12, submerged=false, task_state=COMPLETED, held=minecraft:torchx1, fall=0.0, pos=0,114,-3, on_ground=true, hp=20.0/20.0, mining_idle=true, nearby=animals=2(villager@1) hostiles=0, inv=minecraft:oak_planksx7 minecraft:torchx1 minecraft:crafting_tablex1 minecraft:stickx2 minecraft:wooden_pickaxex1}
[21:05:14] [Server thread/WARN]: [AIBot] PERCEPTION event=snapshot_slow bot=Bob {elapsed_ms=12}
[21:05:15] [Server thread/WARN]: [AIBot] PERCEPTION event=snapshot_slow bot=Bob {elapsed_ms=12}
[21:05:15] [Server thread/WARN]: [AIBot] PERCEPTION event=snapshot_slow bot=Bob {elapsed_ms=13}
[21:05:16] [Server thread/WARN]: [AIBot] PERCEPTION event=snapshot_slow bot=Bob {elapsed_ms=16}
[21:05:16] [Server thread/INFO]: [AIBot] ACTION event=capability_decision bot=Bob {context=diagnostic_nearby, capability=HIDDEN_BLOCK_SCAN, profile=strict_survival, allowed=false, reason=DENIED_STRICT_SURVIVAL}
[21:05:16] [Server thread/INFO]: [AIBot] ACTION event=diag_snapshot bot=Bob {path_idle=true, food=20, air=300, mode=survival, task=craft, task_progress=1.0, goal=none, task_phase=CRAFTING, in_lava=false, step=, light=11, submerged=false, task_state=COMPLETED, held=minecraft:torchx1, fall=0.0, pos=0,114,-3, on_ground=true, hp=20.0/20.0, mining_idle=true, nearby=animals=1(villager@1) hostiles=0, inv=minecraft:oak_planksx7 minecraft:torchx1 minecraft:crafting_tablex1 minecraft:stickx2 minecraft:wooden_pickaxex1}
[21:05:18] [Server thread/INFO]: [AIBot] ACTION event=diag_snapshot bot=Bob {path_idle=true, food=20, air=300, mode=survival, task=craft, task_progress=1.0, goal=none, task_phase=CRAFTING, in_lava=false, step=, light=11, submerged=false, task_state=COMPLETED, held=minecraft:torchx1, fall=0.0, pos=0,114,-3, on_ground=true, hp=20.0/20.0, mining_idle=true, nearby=animals=1(villager@1) hostiles=0, inv=minecraft:oak_planksx7 minecraft:torchx1 minecraft:crafting_tablex1 minecraft:stickx2 minecraft:wooden_pickaxex1}
[21:05:19] [Server thread/INFO]: [AIBot] ACTION event=capability_decision bot=Bob {context=observable_block_query, capability=HIDDEN_BLOCK_SCAN, profile=strict_survival, allowed=false, reason=DENIED_STRICT_SURVIVAL}
[21:05:19] [Server thread/INFO]: [AIBot] ACTION event=capability_decision bot=Bob {context=perception_snapshot, capability=HIDDEN_BLOCK_SCAN, profile=strict_survival, allowed=false, reason=DENIED_STRICT_SURVIVAL}
[21:05:19] [Server thread/INFO]: [AIBot] ACTION event=capability_decision bot=Bob {context=observable_entity_query, capability=HIDDEN_BLOCK_SCAN, profile=strict_survival, allowed=false, reason=DENIED_STRICT_SURVIVAL}
[21:05:20] [Server thread/INFO]: [AIBot] ACTION event=diag_snapshot bot=Bob {path_idle=true, food=20, air=300, mode=survival, task=craft, task_progress=1.0, goal=none, task_phase=CRAFTING, in_lava=false, step=, light=11, submerged=false, task_state=COMPLETED, held=minecraft:torchx1, fall=0.0, pos=0,114,-3, on_ground=true, hp=20.0/20.0, mining_idle=true, nearby=animals=1(villager@1) hostiles=0, inv=minecraft:oak_planksx7 minecraft:torchx1 minecraft:crafting_tablex1 minecraft:stickx2 minecraft:wooden_pickaxex1}
[21:05:21] [Server thread/WARN]: [AIBot] PERCEPTION event=snapshot_slow bot=Bob {elapsed_ms=12}
[21:05:22] [Server thread/INFO]: [AIBot] ACTION event=capability_decision bot=Bob {context=diagnostic_nearby, capability=HIDDEN_BLOCK_SCAN, profile=strict_survival, allowed=false, reason=DENIED_STRICT_SURVIVAL}
[21:05:22] [Server thread/INFO]: [AIBot] ACTION event=diag_snapshot bot=Bob {path_idle=true, food=20, air=300, mode=survival, task=craft, task_progress=1.0, goal=none, task_phase=CRAFTING, in_lava=false, step=, light=11, submerged=false, task_state=COMPLETED, held=minecraft:torchx1, fall=0.0, pos=0,114,-3, on_ground=true, hp=20.0/20.0, mining_idle=true, nearby=animals=1(villager@1) hostiles=0, inv=minecraft:oak_planksx7 minecraft:torchx1 minecraft:crafting_tablex1 minecraft:stickx2 minecraft:wooden_pickaxex1}
[21:05:22] [Server thread/WARN]: [AIBot] PERCEPTION event=snapshot_slow bot=Bob {elapsed_ms=14}
[21:05:23] [Server thread/ERROR]: Encountered an unexpected exception
java.lang.IllegalStateException: external_body_reserved_use_dsh_bridge
	at knot/io.github.zoyluo.aibot.external.ExternalBodyAccess.checkAssignment(ExternalBodyAccess.java:23) ~[aibot-0.0.1.jar:?]
	at knot/io.github.zoyluo.aibot.task.TaskManager.assign(TaskManager.java:49) ~[aibot-0.0.1.jar:?]
	at knot/io.github.zoyluo.aibot.task.TaskManager.assign(TaskManager.java:35) ~[aibot-0.0.1.jar:?]
	at knot/io.github.zoyluo.aibot.task.DangerWatcher.maybeStartNightTask(DangerWatcher.java:877) ~[aibot-0.0.1.jar:?]
	at knot/io.github.zoyluo.aibot.task.DangerWatcher.scanBot(DangerWatcher.java:438) ~[aibot-0.0.1.jar:?]
	at knot/io.github.zoyluo.aibot.task.BotTickCoordinator.tick(BotTickCoordinator.java:27) ~[aibot-0.0.1.jar:?]
	at knot/io.github.zoyluo.aibot.AIBotMod.lambda$onInitialize$3(AIBotMod.java:72) ~[aibot-0.0.1.jar:?]
	at knot/net.fabricmc.fabric.api.event.lifecycle.v1.ServerTickEvents.lambda$static$2(ServerTickEvents.java:55) ~[fabric-lifecycle-events-v1-2.5.1+6da5ef6940-68022298a1242450.jar:?]
	at knot/net.minecraft.server.MinecraftServer.handler$zef000$fabric-lifecycle-events-v1$onEndTick(MinecraftServer.java:3224) ~[server-intermediary.jar:?]
	at knot/net.minecraft.server.MinecraftServer.method_3748(MinecraftServer.java:977) ~[server-intermediary.jar:?]
	at knot/net.minecraft.server.MinecraftServer.method_29741(MinecraftServer.java:713) ~[server-intermediary.jar:?]
	at knot/net.minecraft.server.MinecraftServer.method_29739(MinecraftServer.java:292) ~[server-intermediary.jar:?]
	at java.base/java.lang.Thread.run(Thread.java:1583) [?:?]
[21:05:23] [Server thread/ERROR]: This crash report has been saved to: D:\code\mc-experiment\mc-server-aibot\crash-reports\crash-2026-09-09_21.05.23-server.txt
[21:05:23] [Server thread/INFO]: [AIBot] LIFECYCLE event=server_stopping bot=- {}
[21:05:23] [AIBotPersistenceWriter/INFO]: [AIBot] LIFECYCLE event=runtime_persist_saved bot=- {path=.\world\.\aibot\runtime.json, bots=1, jobs=0, schema=1, atomic_move=true}
[21:05:23] [Server thread/INFO]: [AIBot] COMM event=conversation_reset bot=Bob {}
[21:05:23] [Server thread/INFO]: Bob lost connection: AIBot server unload
[21:05:23] [Server thread/INFO]: Bob left the game
[21:05:23] [Server thread/INFO]: [AIBot] LIFECYCLE event=all_bots_cleared bot=- {count=1}
[21:05:23] [Server thread/INFO]: [AIBot] TASK event=jobs_cleared bot=- {}
[21:05:23] [Server thread/INFO]: [AIBot] LIFECYCLE event=server_runtime_stopped bot=- {persisted_bots=1}
[21:05:23] [Server thread/INFO]: Stopping server
[21:05:23] [Server thread/INFO]: Saving players
[21:05:23] [Server thread/INFO]: Saving worlds
[21:05:24] [Server thread/INFO]: Saving chunks for level 'ServerLevel[world]'/minecraft:overworld
[21:05:25] [Server thread/INFO]: Saving chunks for level 'ServerLevel[world]'/minecraft:the_nether
[21:05:25] [Server thread/INFO]: Saving chunks for level 'ServerLevel[world]'/minecraft:the_end
[21:05:25] [Server thread/INFO]: ThreadedAnvilChunkStorage (world): All chunks are saved
[21:05:25] [Server thread/INFO]: ThreadedAnvilChunkStorage (DIM-1): All chunks are saved
[21:05:25] [Server thread/INFO]: ThreadedAnvilChunkStorage (DIM1): All chunks are saved
[21:05:25] [Server thread/INFO]: ThreadedAnvilChunkStorage: All dimensions are saved
[21:05:25] [Server thread/INFO]: Thread RCON Listener stopped
MC_EXIT=0
