[11:28:47] [main/INFO]: Loading Minecraft 1.21.3 with Fabric Loader 0.19.5
[11:28:47] [main/INFO]: Loading 57 mods:
	- aibot 0.0.1
	- fabric-api 0.114.1+1.21.3
	   |-- fabric-api-base 0.4.50+119c825640
	   |-- fabric-api-lookup-api-v1 1.6.81+fd37071f40
	   |-- fabric-biome-api-v1 14.0.7+add2a48640
	   |-- fabric-block-api-v1 1.0.28+fd37071f40
	   |-- fabric-block-view-api-v2 1.0.16+fd37071f40
	   |-- fabric-blockrenderlayer-v1 2.0.4+fd37071f40
	   |-- fabric-client-tags-api-v1 1.1.25+a730659c40
	   |-- fabric-command-api-v1 1.2.58+f71b366f40
	   |-- fabric-command-api-v2 2.2.37+c9d82ab240
	   |-- fabric-commands-v0 0.2.75+df3654b340
	   |-- fabric-content-registries-v0 9.1.8+fd37071f40
	   |-- fabric-convention-tags-v1 2.1.4+7f945d5b40
	   |-- fabric-convention-tags-v2 2.9.4+129f0c1f40
	   |-- fabric-crash-report-info-v1 0.3.3+fd37071f40
	   |-- fabric-data-attachment-api-v1 1.4.0+dbad41f140
	   |-- fabric-data-generation-api-v1 21.1.2+a730659c40
	   |-- fabric-dimensions-v1 4.0.7+fd37071f40
	   |-- fabric-entity-events-v1 2.0.8+825023f840
	   |-- fabric-events-interaction-v0 2.0.12+c2c3ac4740
	   |-- fabric-game-rule-api-v1 1.0.59+fd37071f40
	   |-- fabric-item-api-v1 11.1.7+fd37071f40
	   |-- fabric-item-group-api-v1 4.1.17+fd37071f40
	   |-- fabric-key-binding-api-v1 1.0.53+fd37071f40
	   |-- fabric-keybindings-v0 0.2.51+df3654b340
	   |-- fabric-lifecycle-events-v1 2.5.1+6da5ef6940
	   |-- fabric-loot-api-v2 3.0.26+3f89f5a540
	   |-- fabric-loot-api-v3 1.0.14+fd37071f40
	   |-- fabric-message-api-v1 6.0.22+5a9b22c640
	   |-- fabric-model-loading-api-v1 3.0.9+fd37071f40
	   |-- fabric-networking-api-v1 4.3.5+fd37071f40
	   |-- fabric-object-builder-api-v1 17.0.9+fd37071f40
	   |-- fabric-particles-v1 4.0.10+fd37071f40
	   |-- fabric-recipe-api-v1 7.0.5+8ea69ff840
	   |-- fabric-registry-sync-v0 5.4.1+3f3c499540
	   |-- fabric-renderer-api-v1 4.0.5+fd37071f40
	   |-- fabric-renderer-indigo 1.9.5+fd37071f40
	   |-- fabric-rendering-data-attachment-v1 0.3.54+73761d2e40
	   |-- fabric-rendering-fluids-v1 3.1.15+fd37071f40
	   |-- fabric-rendering-v0 1.1.84+df3654b340
	   |-- fabric-rendering-v1 8.0.8+6922831640
	   |-- fabric-resource-conditions-api-v1 5.0.8+fd37071f40
	   |-- fabric-resource-loader-v0 3.0.6+fd37071f40
	   |-- fabric-screen-api-v1 2.0.34+fd37071f40
	   |-- fabric-screen-handler-api-v1 1.3.103+fd37071f40
	   |-- fabric-sound-api-v1 1.0.29+fd37071f40
	   |-- fabric-tag-api-v1 1.0.0+a730659c40
	   |-- fabric-transfer-api-v1 5.4.3+cb44d14340
	   \-- fabric-transitive-access-wideners-v1 6.2.0+54a41b1c40
	- fabricloader 0.19.5
	   \-- mixinextras 0.5.5
	- java 21
	- minecraft 1.21.3
	- toms_storage 2.1.2
	   \-- cloth-config 15.0.127
	        \-- cloth-basic-math 0.6.1
[11:28:48] [main/INFO]: SpongePowered MIXIN Subsystem Version=0.8.7 Source=file:/D:/software/mc/.minecraft/libraries/net/fabricmc/sponge-mixin/0.17.4+mixin.0.8.7/sponge-mixin-0.17.4+mixin.0.8.7.jar Service=Knot/Fabric Env=CLIENT
[11:28:49] [main/INFO]: Initializing MixinExtras via com.llamalad7.mixinextras.service.MixinExtrasServiceImpl(version=0.5.5).
[11:28:50] [Datafixer Bootstrap/INFO]: 237 Datafixer optimizations took 397 milliseconds
[11:28:57] [Render thread/INFO]: Environment: Environment[sessionHost=https://sessionserver.mojang.com, servicesHost=https://api.minecraftservices.com, name=PROD]
[11:28:57] [Render thread/INFO]: Setting user: Bob
[11:28:57] [Render thread/INFO]: [AIBot] CONFIG event=operating_profile_resolved bot=- {source=FILE_OR_DEFAULT, profile=strict_survival, configured_manual_teleport=true, effective_capabilities=[], configured_emergency_teleport=true, configured_hidden_block_scan=true, configured_forced_pickup=true}
[11:28:57] [Render thread/WARN]: [AIBot] CONFIG event=deepseek_key_missing bot=- {}
[11:28:57] [Render thread/INFO]: [AIBot] LIFECYCLE event=mod_loaded bot=- {version=0.0.1}
[11:28:57] [Render thread/INFO]: [AIBot] CONFIG event=config_loaded bot=- {nav_lookahead=4, profile=strict_survival, pickup_force_radius=2.75, perception_radius=16, effective_capabilities=[], deepseek_model=deepseek-v4-flash, configured_operator_capabilities=OperatorCapabilities[hiddenBlockScan=true, emergencyTeleport=true, forcedPickup=true, manualTeleport=true], logging_enabled=true}
[11:28:57] [Render thread/INFO]: ================================
[11:28:57] [Render thread/INFO]:   AIBot v0.0.1 loaded
[11:28:57] [Render thread/INFO]:   Mode: M6 structured logs over M5 tasks
[11:28:57] [Render thread/INFO]: ================================
[11:28:58] [Render thread/INFO]: Tom's Storage Setup starting
[11:28:59] [Render thread/INFO]: AIBot real-client runtime enabled body_id=bob player=Bob control=127.0.0.1:18766 auto_join=127.0.0.1:25565 window_mode=background runtime_namespace=intermediary
[11:28:59] [Render thread/INFO]: [Indigo] Registering Indigo renderer!
[11:28:59] [Render thread/INFO]: Backend library: LWJGL version 3.3.3-snapshot
[11:29:01] [Render thread/INFO]: Reloading ResourceManager: vanilla, fabric, aibot, cloth-config, fabric-api, fabric-api-base, fabric-api-lookup-api-v1, fabric-biome-api-v1, fabric-block-api-v1, fabric-block-view-api-v2, fabric-blockrenderlayer-v1, fabric-client-tags-api-v1, fabric-command-api-v1, fabric-command-api-v2, fabric-commands-v0, fabric-content-registries-v0, fabric-convention-tags-v1, fabric-convention-tags-v2, fabric-crash-report-info-v1, fabric-data-attachment-api-v1, fabric-data-generation-api-v1, fabric-dimensions-v1, fabric-entity-events-v1, fabric-events-interaction-v0, fabric-game-rule-api-v1, fabric-item-api-v1, fabric-item-group-api-v1, fabric-key-binding-api-v1, fabric-keybindings-v0, fabric-lifecycle-events-v1, fabric-loot-api-v2, fabric-loot-api-v3, fabric-message-api-v1, fabric-model-loading-api-v1, fabric-networking-api-v1, fabric-object-builder-api-v1, fabric-particles-v1, fabric-recipe-api-v1, fabric-registry-sync-v0, fabric-renderer-api-v1, fabric-renderer-indigo, fabric-rendering-data-attachment-v1, fabric-rendering-fluids-v1, fabric-rendering-v0, fabric-rendering-v1, fabric-resource-conditions-api-v1, fabric-resource-loader-v0, fabric-screen-api-v1, fabric-screen-handler-api-v1, fabric-sound-api-v1, fabric-tag-api-v1, fabric-transfer-api-v1, fabric-transitive-access-wideners-v1, fabricloader, toms_storage
[11:29:01] [aibot-real-client-connector/WARN]: real-client control connect/read failed: java.net.SocketException: Connection reset
[11:29:01] [Worker-Main-12/INFO]: Found unifont_all_no_pua-15.1.05.hex, loading
[11:29:01] [Worker-Main-2/INFO]: Found unifont_jp_patch-15.1.05.hex, loading
[11:29:01] [Render thread/INFO]: AIBot real-client auto-join watcher screen=net.minecraft.class_424
[11:29:02] [aibot-real-client-connector/WARN]: real-client control connect/read failed: java.net.ConnectException: Connection refused: getsockopt
[11:29:03] [Render thread/WARN]: Missing sound for event: minecraft:block.spawner.fall
[11:29:03] [Render thread/INFO]: OpenAL initialized on device OpenAL Soft on 扬声器 (Steam Streaming Speakers)
[11:29:03] [Render thread/INFO]: Sound engine started
[11:29:03] [Render thread/INFO]: Created: 1024x512x4 minecraft:textures/atlas/blocks.png-atlas
[11:29:03] [Render thread/INFO]: Created: 256x256x4 minecraft:textures/atlas/signs.png-atlas
[11:29:03] [Render thread/INFO]: Created: 512x512x4 minecraft:textures/atlas/shield_patterns.png-atlas
[11:29:03] [Render thread/INFO]: Created: 512x512x4 minecraft:textures/atlas/banner_patterns.png-atlas
[11:29:03] [Render thread/INFO]: Created: 1024x1024x4 minecraft:textures/atlas/armor_trims.png-atlas
[11:29:03] [Render thread/INFO]: Created: 128x64x4 minecraft:textures/atlas/decorated_pot.png-atlas
[11:29:03] [Render thread/INFO]: Created: 256x256x4 minecraft:textures/atlas/chest.png-atlas
[11:29:03] [Render thread/INFO]: Created: 512x256x4 minecraft:textures/atlas/shulker_boxes.png-atlas
[11:29:03] [Render thread/INFO]: Created: 512x256x4 minecraft:textures/atlas/beds.png-atlas
[11:29:03] [Render thread/INFO]: Created: 64x64x0 minecraft:textures/atlas/map_decorations.png-atlas
[11:29:03] [Render thread/INFO]: Created: 512x256x0 minecraft:textures/atlas/particles.png-atlas
[11:29:03] [Render thread/INFO]: Created: 512x256x0 minecraft:textures/atlas/paintings.png-atlas
[11:29:03] [Render thread/INFO]: Created: 256x128x0 minecraft:textures/atlas/mob_effects.png-atlas
[11:29:03] [Render thread/INFO]: Created: 1024x512x0 minecraft:textures/atlas/gui.png-atlas
[11:29:03] [Render thread/INFO]: AIBot real-client auto-join watcher screen=net.minecraft.class_442
[11:29:03] [Render thread/INFO]: AIBot real-client auto-join 127.0.0.1:25565 (attempt 1)
[11:29:03] [Render thread/INFO]: Connecting to 127.0.0.1, 25565
[11:29:03] [Render thread/INFO]: AIBot real-client auto-join watcher screen=net.minecraft.class_412
[11:29:04] [aibot-real-client-connector/WARN]: real-client control connect/read failed: java.net.ConnectException: Connection refused: getsockopt
[11:29:04] [Server Connector #1/ERROR]: Couldn't connect to server
io.netty.channel.AbstractChannel$AnnotatedConnectException: Connection refused: getsockopt: kubernetes.docker.internal/127.0.0.1:25565
Caused by: java.net.ConnectException: Connection refused: getsockopt
	at java.base/sun.nio.ch.Net.pollConnect(Native Method) ~[?:?]
	at java.base/sun.nio.ch.Net.pollConnectNow(Net.java:694) ~[?:?]
	at java.base/sun.nio.ch.SocketChannelImpl.finishConnect(SocketChannelImpl.java:973) ~[?:?]
	at knot/io.netty.channel.socket.nio.NioSocketChannel.doFinishConnect(NioSocketChannel.java:337) ~[netty-transport-4.1.97.Final.jar:?]
	at knot/io.netty.channel.nio.AbstractNioChannel$AbstractNioUnsafe.finishConnect(AbstractNioChannel.java:334) ~[netty-transport-4.1.97.Final.jar:?]
	at knot/io.netty.channel.nio.NioEventLoop.processSelectedKey(NioEventLoop.java:776) ~[netty-transport-4.1.97.Final.jar:?]
	at knot/io.netty.channel.nio.NioEventLoop.processSelectedKeysOptimized(NioEventLoop.java:724) ~[netty-transport-4.1.97.Final.jar:?]
	at knot/io.netty.channel.nio.NioEventLoop.processSelectedKeys(NioEventLoop.java:650) ~[netty-transport-4.1.97.Final.jar:?]
	at knot/io.netty.channel.nio.NioEventLoop.run(NioEventLoop.java:562) ~[netty-transport-4.1.97.Final.jar:?]
	at knot/io.netty.util.concurrent.SingleThreadEventExecutor$4.run(SingleThreadEventExecutor.java:997) ~[netty-common-4.1.97.Final.jar:?]
	at knot/io.netty.util.internal.ThreadExecutorMap$2.run(ThreadExecutorMap.java:74) ~[netty-common-4.1.97.Final.jar:?]
	at java.base/java.lang.Thread.run(Thread.java:1583) ~[?:?]
[11:29:04] [Render thread/INFO]: AIBot real-client auto-join watcher screen=net.minecraft.class_419
[11:29:08] [aibot-real-client-connector/WARN]: real-client control connect/read failed: java.net.ConnectException: Connection refused: getsockopt
[11:29:08] [Render thread/INFO]: AIBot real-client auto-join 127.0.0.1:25565 (attempt 2)
[11:29:08] [Render thread/INFO]: Connecting to 127.0.0.1, 25565
[11:29:08] [Server Connector #2/ERROR]: Couldn't connect to server
io.netty.channel.AbstractChannel$AnnotatedConnectException: Connection refused: getsockopt: kubernetes.docker.internal/127.0.0.1:25565
Caused by: java.net.ConnectException: Connection refused: getsockopt
	at java.base/sun.nio.ch.Net.pollConnect(Native Method) ~[?:?]
	at java.base/sun.nio.ch.Net.pollConnectNow(Net.java:694) ~[?:?]
	at java.base/sun.nio.ch.SocketChannelImpl.finishConnect(SocketChannelImpl.java:973) ~[?:?]
	at knot/io.netty.channel.socket.nio.NioSocketChannel.doFinishConnect(NioSocketChannel.java:337) ~[netty-transport-4.1.97.Final.jar:?]
	at knot/io.netty.channel.nio.AbstractNioChannel$AbstractNioUnsafe.finishConnect(AbstractNioChannel.java:334) ~[netty-transport-4.1.97.Final.jar:?]
	at knot/io.netty.channel.nio.NioEventLoop.processSelectedKey(NioEventLoop.java:776) ~[netty-transport-4.1.97.Final.jar:?]
	at knot/io.netty.channel.nio.NioEventLoop.processSelectedKeysOptimized(NioEventLoop.java:724) ~[netty-transport-4.1.97.Final.jar:?]
	at knot/io.netty.channel.nio.NioEventLoop.processSelectedKeys(NioEventLoop.java:650) ~[netty-transport-4.1.97.Final.jar:?]
	at knot/io.netty.channel.nio.NioEventLoop.run(NioEventLoop.java:562) ~[netty-transport-4.1.97.Final.jar:?]
	at knot/io.netty.util.concurrent.SingleThreadEventExecutor$4.run(SingleThreadEventExecutor.java:997) ~[netty-common-4.1.97.Final.jar:?]
	at knot/io.netty.util.internal.ThreadExecutorMap$2.run(ThreadExecutorMap.java:74) ~[netty-common-4.1.97.Final.jar:?]
	at java.base/java.lang.Thread.run(Thread.java:1583) ~[?:?]
[11:29:13] [Render thread/INFO]: AIBot real-client auto-join 127.0.0.1:25565 (attempt 3)
[11:29:13] [Render thread/INFO]: Connecting to 127.0.0.1, 25565
[11:29:13] [Server Connector #3/ERROR]: Couldn't connect to server
io.netty.channel.AbstractChannel$AnnotatedConnectException: Connection refused: getsockopt: kubernetes.docker.internal/127.0.0.1:25565
Caused by: java.net.ConnectException: Connection refused: getsockopt
	at java.base/sun.nio.ch.Net.pollConnect(Native Method) ~[?:?]
	at java.base/sun.nio.ch.Net.pollConnectNow(Net.java:694) ~[?:?]
	at java.base/sun.nio.ch.SocketChannelImpl.finishConnect(SocketChannelImpl.java:973) ~[?:?]
	at knot/io.netty.channel.socket.nio.NioSocketChannel.doFinishConnect(NioSocketChannel.java:337) ~[netty-transport-4.1.97.Final.jar:?]
	at knot/io.netty.channel.nio.AbstractNioChannel$AbstractNioUnsafe.finishConnect(AbstractNioChannel.java:334) ~[netty-transport-4.1.97.Final.jar:?]
	at knot/io.netty.channel.nio.NioEventLoop.processSelectedKey(NioEventLoop.java:776) ~[netty-transport-4.1.97.Final.jar:?]
	at knot/io.netty.channel.nio.NioEventLoop.processSelectedKeysOptimized(NioEventLoop.java:724) ~[netty-transport-4.1.97.Final.jar:?]
	at knot/io.netty.channel.nio.NioEventLoop.processSelectedKeys(NioEventLoop.java:650) ~[netty-transport-4.1.97.Final.jar:?]
	at knot/io.netty.channel.nio.NioEventLoop.run(NioEventLoop.java:562) ~[netty-transport-4.1.97.Final.jar:?]
	at knot/io.netty.util.concurrent.SingleThreadEventExecutor$4.run(SingleThreadEventExecutor.java:997) ~[netty-common-4.1.97.Final.jar:?]
	at knot/io.netty.util.internal.ThreadExecutorMap$2.run(ThreadExecutorMap.java:74) ~[netty-common-4.1.97.Final.jar:?]
	at java.base/java.lang.Thread.run(Thread.java:1583) ~[?:?]
[11:29:16] [aibot-real-client-connector/WARN]: real-client control connect/read failed: java.net.ConnectException: Connection refused: getsockopt
[11:29:18] [Render thread/INFO]: AIBot real-client auto-join 127.0.0.1:25565 (attempt 4)
[11:29:18] [Render thread/INFO]: Connecting to 127.0.0.1, 25565
[11:29:18] [Server Connector #4/ERROR]: Couldn't connect to server
io.netty.channel.AbstractChannel$AnnotatedConnectException: Connection refused: getsockopt: kubernetes.docker.internal/127.0.0.1:25565
Caused by: java.net.ConnectException: Connection refused: getsockopt
	at java.base/sun.nio.ch.Net.pollConnect(Native Method) ~[?:?]
	at java.base/sun.nio.ch.Net.pollConnectNow(Net.java:694) ~[?:?]
	at java.base/sun.nio.ch.SocketChannelImpl.finishConnect(SocketChannelImpl.java:973) ~[?:?]
	at knot/io.netty.channel.socket.nio.NioSocketChannel.doFinishConnect(NioSocketChannel.java:337) ~[netty-transport-4.1.97.Final.jar:?]
	at knot/io.netty.channel.nio.AbstractNioChannel$AbstractNioUnsafe.finishConnect(AbstractNioChannel.java:334) ~[netty-transport-4.1.97.Final.jar:?]
	at knot/io.netty.channel.nio.NioEventLoop.processSelectedKey(NioEventLoop.java:776) ~[netty-transport-4.1.97.Final.jar:?]
	at knot/io.netty.channel.nio.NioEventLoop.processSelectedKeysOptimized(NioEventLoop.java:724) ~[netty-transport-4.1.97.Final.jar:?]
	at knot/io.netty.channel.nio.NioEventLoop.processSelectedKeys(NioEventLoop.java:650) ~[netty-transport-4.1.97.Final.jar:?]
	at knot/io.netty.channel.nio.NioEventLoop.run(NioEventLoop.java:562) ~[netty-transport-4.1.97.Final.jar:?]
	at knot/io.netty.util.concurrent.SingleThreadEventExecutor$4.run(SingleThreadEventExecutor.java:997) ~[netty-common-4.1.97.Final.jar:?]
	at knot/io.netty.util.internal.ThreadExecutorMap$2.run(ThreadExecutorMap.java:74) ~[netty-common-4.1.97.Final.jar:?]
	at java.base/java.lang.Thread.run(Thread.java:1583) ~[?:?]
[11:29:23] [Render thread/INFO]: AIBot real-client auto-join 127.0.0.1:25565 (attempt 5)
[11:29:23] [Render thread/INFO]: Connecting to 127.0.0.1, 25565
[11:29:23] [Server Connector #5/ERROR]: Couldn't connect to server
io.netty.channel.AbstractChannel$AnnotatedConnectException: Connection refused: getsockopt: kubernetes.docker.internal/127.0.0.1:25565
Caused by: java.net.ConnectException: Connection refused: getsockopt
	at java.base/sun.nio.ch.Net.pollConnect(Native Method) ~[?:?]
	at java.base/sun.nio.ch.Net.pollConnectNow(Net.java:694) ~[?:?]
	at java.base/sun.nio.ch.SocketChannelImpl.finishConnect(SocketChannelImpl.java:973) ~[?:?]
	at knot/io.netty.channel.socket.nio.NioSocketChannel.doFinishConnect(NioSocketChannel.java:337) ~[netty-transport-4.1.97.Final.jar:?]
	at knot/io.netty.channel.nio.AbstractNioChannel$AbstractNioUnsafe.finishConnect(AbstractNioChannel.java:334) ~[netty-transport-4.1.97.Final.jar:?]
	at knot/io.netty.channel.nio.NioEventLoop.processSelectedKey(NioEventLoop.java:776) ~[netty-transport-4.1.97.Final.jar:?]
	at knot/io.netty.channel.nio.NioEventLoop.processSelectedKeysOptimized(NioEventLoop.java:724) ~[netty-transport-4.1.97.Final.jar:?]
	at knot/io.netty.channel.nio.NioEventLoop.processSelectedKeys(NioEventLoop.java:650) ~[netty-transport-4.1.97.Final.jar:?]
	at knot/io.netty.channel.nio.NioEventLoop.run(NioEventLoop.java:562) ~[netty-transport-4.1.97.Final.jar:?]
	at knot/io.netty.util.concurrent.SingleThreadEventExecutor$4.run(SingleThreadEventExecutor.java:997) ~[netty-common-4.1.97.Final.jar:?]
	at knot/io.netty.util.internal.ThreadExecutorMap$2.run(ThreadExecutorMap.java:74) ~[netty-common-4.1.97.Final.jar:?]
	at java.base/java.lang.Thread.run(Thread.java:1583) ~[?:?]
[11:29:24] [aibot-real-client-connector/WARN]: real-client control connect/read failed: java.net.ConnectException: Connection refused: getsockopt
[11:29:28] [Render thread/INFO]: AIBot real-client auto-join 127.0.0.1:25565 (attempt 6)
[11:29:28] [Render thread/INFO]: Connecting to 127.0.0.1, 25565
[11:29:28] [Server Connector #6/ERROR]: Couldn't connect to server
io.netty.channel.AbstractChannel$AnnotatedConnectException: Connection refused: getsockopt: kubernetes.docker.internal/127.0.0.1:25565
Caused by: java.net.ConnectException: Connection refused: getsockopt
	at java.base/sun.nio.ch.Net.pollConnect(Native Method) ~[?:?]
	at java.base/sun.nio.ch.Net.pollConnectNow(Net.java:694) ~[?:?]
	at java.base/sun.nio.ch.SocketChannelImpl.finishConnect(SocketChannelImpl.java:973) ~[?:?]
	at knot/io.netty.channel.socket.nio.NioSocketChannel.doFinishConnect(NioSocketChannel.java:337) ~[netty-transport-4.1.97.Final.jar:?]
	at knot/io.netty.channel.nio.AbstractNioChannel$AbstractNioUnsafe.finishConnect(AbstractNioChannel.java:334) ~[netty-transport-4.1.97.Final.jar:?]
	at knot/io.netty.channel.nio.NioEventLoop.processSelectedKey(NioEventLoop.java:776) ~[netty-transport-4.1.97.Final.jar:?]
	at knot/io.netty.channel.nio.NioEventLoop.processSelectedKeysOptimized(NioEventLoop.java:724) ~[netty-transport-4.1.97.Final.jar:?]
	at knot/io.netty.channel.nio.NioEventLoop.processSelectedKeys(NioEventLoop.java:650) ~[netty-transport-4.1.97.Final.jar:?]
	at knot/io.netty.channel.nio.NioEventLoop.run(NioEventLoop.java:562) ~[netty-transport-4.1.97.Final.jar:?]
	at knot/io.netty.util.concurrent.SingleThreadEventExecutor$4.run(SingleThreadEventExecutor.java:997) ~[netty-common-4.1.97.Final.jar:?]
	at knot/io.netty.util.internal.ThreadExecutorMap$2.run(ThreadExecutorMap.java:74) ~[netty-common-4.1.97.Final.jar:?]
	at java.base/java.lang.Thread.run(Thread.java:1583) ~[?:?]
[11:29:32] [aibot-real-client-connector/WARN]: real-client control connect/read failed: java.net.ConnectException: Connection refused: getsockopt
[11:29:33] [Render thread/INFO]: AIBot real-client auto-join 127.0.0.1:25565 (attempt 7)
[11:29:33] [Render thread/INFO]: Connecting to 127.0.0.1, 25565
[11:29:33] [Server Connector #7/ERROR]: Couldn't connect to server
io.netty.channel.AbstractChannel$AnnotatedConnectException: Connection refused: getsockopt: kubernetes.docker.internal/127.0.0.1:25565
Caused by: java.net.ConnectException: Connection refused: getsockopt
	at java.base/sun.nio.ch.Net.pollConnect(Native Method) ~[?:?]
	at java.base/sun.nio.ch.Net.pollConnectNow(Net.java:694) ~[?:?]
	at java.base/sun.nio.ch.SocketChannelImpl.finishConnect(SocketChannelImpl.java:973) ~[?:?]
	at knot/io.netty.channel.socket.nio.NioSocketChannel.doFinishConnect(NioSocketChannel.java:337) ~[netty-transport-4.1.97.Final.jar:?]
	at knot/io.netty.channel.nio.AbstractNioChannel$AbstractNioUnsafe.finishConnect(AbstractNioChannel.java:334) ~[netty-transport-4.1.97.Final.jar:?]
	at knot/io.netty.channel.nio.NioEventLoop.processSelectedKey(NioEventLoop.java:776) ~[netty-transport-4.1.97.Final.jar:?]
	at knot/io.netty.channel.nio.NioEventLoop.processSelectedKeysOptimized(NioEventLoop.java:724) ~[netty-transport-4.1.97.Final.jar:?]
	at knot/io.netty.channel.nio.NioEventLoop.processSelectedKeys(NioEventLoop.java:650) ~[netty-transport-4.1.97.Final.jar:?]
	at knot/io.netty.channel.nio.NioEventLoop.run(NioEventLoop.java:562) ~[netty-transport-4.1.97.Final.jar:?]
	at knot/io.netty.util.concurrent.SingleThreadEventExecutor$4.run(SingleThreadEventExecutor.java:997) ~[netty-common-4.1.97.Final.jar:?]
	at knot/io.netty.util.internal.ThreadExecutorMap$2.run(ThreadExecutorMap.java:74) ~[netty-common-4.1.97.Final.jar:?]
	at java.base/java.lang.Thread.run(Thread.java:1583) ~[?:?]
[11:29:38] [Render thread/INFO]: AIBot real-client auto-join 127.0.0.1:25565 (attempt 8)
[11:29:38] [Render thread/INFO]: Connecting to 127.0.0.1, 25565
[11:29:38] [Render thread/INFO]: AIBot real-client auto-join watcher screen=net.minecraft.class_412
[11:29:38] [Server Connector #8/ERROR]: Couldn't connect to server
io.netty.channel.AbstractChannel$AnnotatedConnectException: Connection refused: getsockopt: kubernetes.docker.internal/127.0.0.1:25565
Caused by: java.net.ConnectException: Connection refused: getsockopt
	at java.base/sun.nio.ch.Net.pollConnect(Native Method) ~[?:?]
	at java.base/sun.nio.ch.Net.pollConnectNow(Net.java:694) ~[?:?]
	at java.base/sun.nio.ch.SocketChannelImpl.finishConnect(SocketChannelImpl.java:973) ~[?:?]
	at knot/io.netty.channel.socket.nio.NioSocketChannel.doFinishConnect(NioSocketChannel.java:337) ~[netty-transport-4.1.97.Final.jar:?]
	at knot/io.netty.channel.nio.AbstractNioChannel$AbstractNioUnsafe.finishConnect(AbstractNioChannel.java:334) ~[netty-transport-4.1.97.Final.jar:?]
	at knot/io.netty.channel.nio.NioEventLoop.processSelectedKey(NioEventLoop.java:776) ~[netty-transport-4.1.97.Final.jar:?]
	at knot/io.netty.channel.nio.NioEventLoop.processSelectedKeysOptimized(NioEventLoop.java:724) ~[netty-transport-4.1.97.Final.jar:?]
	at knot/io.netty.channel.nio.NioEventLoop.processSelectedKeys(NioEventLoop.java:650) ~[netty-transport-4.1.97.Final.jar:?]
	at knot/io.netty.channel.nio.NioEventLoop.run(NioEventLoop.java:562) ~[netty-transport-4.1.97.Final.jar:?]
	at knot/io.netty.util.concurrent.SingleThreadEventExecutor$4.run(SingleThreadEventExecutor.java:997) ~[netty-common-4.1.97.Final.jar:?]
	at knot/io.netty.util.internal.ThreadExecutorMap$2.run(ThreadExecutorMap.java:74) ~[netty-common-4.1.97.Final.jar:?]
	at java.base/java.lang.Thread.run(Thread.java:1583) ~[?:?]
[11:29:39] [Render thread/INFO]: AIBot real-client auto-join watcher screen=net.minecraft.class_419
[11:29:40] [aibot-real-client-connector/WARN]: real-client control connect/read failed: java.net.ConnectException: Connection refused: getsockopt
[11:29:43] [Render thread/INFO]: AIBot real-client auto-join 127.0.0.1:25565 (attempt 9)
[11:29:44] [Render thread/INFO]: Connecting to 127.0.0.1, 25565
[11:29:44] [Server Connector #9/ERROR]: Couldn't connect to server
io.netty.channel.AbstractChannel$AnnotatedConnectException: Connection refused: getsockopt: kubernetes.docker.internal/127.0.0.1:25565
Caused by: java.net.ConnectException: Connection refused: getsockopt
	at java.base/sun.nio.ch.Net.pollConnect(Native Method) ~[?:?]
	at java.base/sun.nio.ch.Net.pollConnectNow(Net.java:694) ~[?:?]
	at java.base/sun.nio.ch.SocketChannelImpl.finishConnect(SocketChannelImpl.java:973) ~[?:?]
	at knot/io.netty.channel.socket.nio.NioSocketChannel.doFinishConnect(NioSocketChannel.java:337) ~[netty-transport-4.1.97.Final.jar:?]
	at knot/io.netty.channel.nio.AbstractNioChannel$AbstractNioUnsafe.finishConnect(AbstractNioChannel.java:334) ~[netty-transport-4.1.97.Final.jar:?]
	at knot/io.netty.channel.nio.NioEventLoop.processSelectedKey(NioEventLoop.java:776) ~[netty-transport-4.1.97.Final.jar:?]
	at knot/io.netty.channel.nio.NioEventLoop.processSelectedKeysOptimized(NioEventLoop.java:724) ~[netty-transport-4.1.97.Final.jar:?]
	at knot/io.netty.channel.nio.NioEventLoop.processSelectedKeys(NioEventLoop.java:650) ~[netty-transport-4.1.97.Final.jar:?]
	at knot/io.netty.channel.nio.NioEventLoop.run(NioEventLoop.java:562) ~[netty-transport-4.1.97.Final.jar:?]
	at knot/io.netty.util.concurrent.SingleThreadEventExecutor$4.run(SingleThreadEventExecutor.java:997) ~[netty-common-4.1.97.Final.jar:?]
	at knot/io.netty.util.internal.ThreadExecutorMap$2.run(ThreadExecutorMap.java:74) ~[netty-common-4.1.97.Final.jar:?]
	at java.base/java.lang.Thread.run(Thread.java:1583) ~[?:?]
[11:29:48] [aibot-real-client-connector/WARN]: real-client control connect/read failed: java.net.ConnectException: Connection refused: getsockopt
[11:29:48] [Render thread/INFO]: AIBot real-client auto-join 127.0.0.1:25565 (attempt 10)
[11:29:49] [Render thread/INFO]: Connecting to 127.0.0.1, 25565
[11:29:49] [Server Connector #10/ERROR]: Couldn't connect to server
io.netty.channel.AbstractChannel$AnnotatedConnectException: Connection refused: getsockopt: kubernetes.docker.internal/127.0.0.1:25565
Caused by: java.net.ConnectException: Connection refused: getsockopt
	at java.base/sun.nio.ch.Net.pollConnect(Native Method) ~[?:?]
	at java.base/sun.nio.ch.Net.pollConnectNow(Net.java:694) ~[?:?]
	at java.base/sun.nio.ch.SocketChannelImpl.finishConnect(SocketChannelImpl.java:973) ~[?:?]
	at knot/io.netty.channel.socket.nio.NioSocketChannel.doFinishConnect(NioSocketChannel.java:337) ~[netty-transport-4.1.97.Final.jar:?]
	at knot/io.netty.channel.nio.AbstractNioChannel$AbstractNioUnsafe.finishConnect(AbstractNioChannel.java:334) ~[netty-transport-4.1.97.Final.jar:?]
	at knot/io.netty.channel.nio.NioEventLoop.processSelectedKey(NioEventLoop.java:776) ~[netty-transport-4.1.97.Final.jar:?]
	at knot/io.netty.channel.nio.NioEventLoop.processSelectedKeysOptimized(NioEventLoop.java:724) ~[netty-transport-4.1.97.Final.jar:?]
	at knot/io.netty.channel.nio.NioEventLoop.processSelectedKeys(NioEventLoop.java:650) ~[netty-transport-4.1.97.Final.jar:?]
	at knot/io.netty.channel.nio.NioEventLoop.run(NioEventLoop.java:562) ~[netty-transport-4.1.97.Final.jar:?]
	at knot/io.netty.util.concurrent.SingleThreadEventExecutor$4.run(SingleThreadEventExecutor.java:997) ~[netty-common-4.1.97.Final.jar:?]
	at knot/io.netty.util.internal.ThreadExecutorMap$2.run(ThreadExecutorMap.java:74) ~[netty-common-4.1.97.Final.jar:?]
	at java.base/java.lang.Thread.run(Thread.java:1583) ~[?:?]
[11:29:54] [Render thread/INFO]: AIBot real-client auto-join 127.0.0.1:25565 (attempt 11)
[11:29:54] [Render thread/INFO]: Connecting to 127.0.0.1, 25565
[11:29:54] [Render thread/INFO]: AIBot real-client auto-join watcher screen=net.minecraft.class_412
[11:29:54] [Server Connector #11/ERROR]: Couldn't connect to server
io.netty.channel.AbstractChannel$AnnotatedConnectException: Connection refused: getsockopt: kubernetes.docker.internal/127.0.0.1:25565
Caused by: java.net.ConnectException: Connection refused: getsockopt
	at java.base/sun.nio.ch.Net.pollConnect(Native Method) ~[?:?]
	at java.base/sun.nio.ch.Net.pollConnectNow(Net.java:694) ~[?:?]
	at java.base/sun.nio.ch.SocketChannelImpl.finishConnect(SocketChannelImpl.java:973) ~[?:?]
	at knot/io.netty.channel.socket.nio.NioSocketChannel.doFinishConnect(NioSocketChannel.java:337) ~[netty-transport-4.1.97.Final.jar:?]
	at knot/io.netty.channel.nio.AbstractNioChannel$AbstractNioUnsafe.finishConnect(AbstractNioChannel.java:334) ~[netty-transport-4.1.97.Final.jar:?]
	at knot/io.netty.channel.nio.NioEventLoop.processSelectedKey(NioEventLoop.java:776) ~[netty-transport-4.1.97.Final.jar:?]
	at knot/io.netty.channel.nio.NioEventLoop.processSelectedKeysOptimized(NioEventLoop.java:724) ~[netty-transport-4.1.97.Final.jar:?]
	at knot/io.netty.channel.nio.NioEventLoop.processSelectedKeys(NioEventLoop.java:650) ~[netty-transport-4.1.97.Final.jar:?]
	at knot/io.netty.channel.nio.NioEventLoop.run(NioEventLoop.java:562) ~[netty-transport-4.1.97.Final.jar:?]
	at knot/io.netty.util.concurrent.SingleThreadEventExecutor$4.run(SingleThreadEventExecutor.java:997) ~[netty-common-4.1.97.Final.jar:?]
	at knot/io.netty.util.internal.ThreadExecutorMap$2.run(ThreadExecutorMap.java:74) ~[netty-common-4.1.97.Final.jar:?]
	at java.base/java.lang.Thread.run(Thread.java:1583) ~[?:?]
[11:29:54] [Render thread/INFO]: AIBot real-client auto-join watcher screen=net.minecraft.class_419
[11:29:56] [aibot-real-client-connector/WARN]: real-client control connect/read failed: java.net.ConnectException: Connection refused: getsockopt
[11:29:59] [Render thread/INFO]: AIBot real-client auto-join 127.0.0.1:25565 (attempt 12)
[11:29:59] [Render thread/INFO]: Connecting to 127.0.0.1, 25565
[11:29:59] [Server Connector #12/ERROR]: Couldn't connect to server
io.netty.channel.AbstractChannel$AnnotatedConnectException: Connection refused: getsockopt: kubernetes.docker.internal/127.0.0.1:25565
Caused by: java.net.ConnectException: Connection refused: getsockopt
	at java.base/sun.nio.ch.Net.pollConnect(Native Method) ~[?:?]
	at java.base/sun.nio.ch.Net.pollConnectNow(Net.java:694) ~[?:?]
	at java.base/sun.nio.ch.SocketChannelImpl.finishConnect(SocketChannelImpl.java:973) ~[?:?]
	at knot/io.netty.channel.socket.nio.NioSocketChannel.doFinishConnect(NioSocketChannel.java:337) ~[netty-transport-4.1.97.Final.jar:?]
	at knot/io.netty.channel.nio.AbstractNioChannel$AbstractNioUnsafe.finishConnect(AbstractNioChannel.java:334) ~[netty-transport-4.1.97.Final.jar:?]
	at knot/io.netty.channel.nio.NioEventLoop.processSelectedKey(NioEventLoop.java:776) ~[netty-transport-4.1.97.Final.jar:?]
	at knot/io.netty.channel.nio.NioEventLoop.processSelectedKeysOptimized(NioEventLoop.java:724) ~[netty-transport-4.1.97.Final.jar:?]
	at knot/io.netty.channel.nio.NioEventLoop.processSelectedKeys(NioEventLoop.java:650) ~[netty-transport-4.1.97.Final.jar:?]
	at knot/io.netty.channel.nio.NioEventLoop.run(NioEventLoop.java:562) ~[netty-transport-4.1.97.Final.jar:?]
	at knot/io.netty.util.concurrent.SingleThreadEventExecutor$4.run(SingleThreadEventExecutor.java:997) ~[netty-common-4.1.97.Final.jar:?]
	at knot/io.netty.util.internal.ThreadExecutorMap$2.run(ThreadExecutorMap.java:74) ~[netty-common-4.1.97.Final.jar:?]
	at java.base/java.lang.Thread.run(Thread.java:1583) ~[?:?]
[11:30:04] [Render thread/INFO]: AIBot real-client auto-join 127.0.0.1:25565 (attempt 13)
[11:30:04] [Render thread/INFO]: Connecting to 127.0.0.1, 25565
[11:30:04] [Render thread/INFO]: AIBot real-client auto-join watcher screen=net.minecraft.class_412
[11:30:04] [Server Connector #13/ERROR]: Couldn't connect to server
io.netty.channel.AbstractChannel$AnnotatedConnectException: Connection refused: getsockopt: kubernetes.docker.internal/127.0.0.1:25565
Caused by: java.net.ConnectException: Connection refused: getsockopt
	at java.base/sun.nio.ch.Net.pollConnect(Native Method) ~[?:?]
	at java.base/sun.nio.ch.Net.pollConnectNow(Net.java:694) ~[?:?]
	at java.base/sun.nio.ch.SocketChannelImpl.finishConnect(SocketChannelImpl.java:973) ~[?:?]
	at knot/io.netty.channel.socket.nio.NioSocketChannel.doFinishConnect(NioSocketChannel.java:337) ~[netty-transport-4.1.97.Final.jar:?]
	at knot/io.netty.channel.nio.AbstractNioChannel$AbstractNioUnsafe.finishConnect(AbstractNioChannel.java:334) ~[netty-transport-4.1.97.Final.jar:?]
	at knot/io.netty.channel.nio.NioEventLoop.processSelectedKey(NioEventLoop.java:776) ~[netty-transport-4.1.97.Final.jar:?]
	at knot/io.netty.channel.nio.NioEventLoop.processSelectedKeysOptimized(NioEventLoop.java:724) ~[netty-transport-4.1.97.Final.jar:?]
	at knot/io.netty.channel.nio.NioEventLoop.processSelectedKeys(NioEventLoop.java:650) ~[netty-transport-4.1.97.Final.jar:?]
	at knot/io.netty.channel.nio.NioEventLoop.run(NioEventLoop.java:562) ~[netty-transport-4.1.97.Final.jar:?]
	at knot/io.netty.util.concurrent.SingleThreadEventExecutor$4.run(SingleThreadEventExecutor.java:997) ~[netty-common-4.1.97.Final.jar:?]
	at knot/io.netty.util.internal.ThreadExecutorMap$2.run(ThreadExecutorMap.java:74) ~[netty-common-4.1.97.Final.jar:?]
	at java.base/java.lang.Thread.run(Thread.java:1583) ~[?:?]
[11:30:04] [Render thread/INFO]: AIBot real-client auto-join watcher screen=net.minecraft.class_419
[11:30:04] [aibot-real-client-connector/WARN]: real-client control connect/read failed: java.net.ConnectException: Connection refused: getsockopt
[11:30:09] [Render thread/INFO]: AIBot real-client auto-join 127.0.0.1:25565 (attempt 14)
[11:30:09] [Render thread/INFO]: Connecting to 127.0.0.1, 25565
[11:30:09] [Server Connector #14/ERROR]: Couldn't connect to server
io.netty.channel.AbstractChannel$AnnotatedConnectException: Connection refused: getsockopt: kubernetes.docker.internal/127.0.0.1:25565
Caused by: java.net.ConnectException: Connection refused: getsockopt
	at java.base/sun.nio.ch.Net.pollConnect(Native Method) ~[?:?]
	at java.base/sun.nio.ch.Net.pollConnectNow(Net.java:694) ~[?:?]
	at java.base/sun.nio.ch.SocketChannelImpl.finishConnect(SocketChannelImpl.java:973) ~[?:?]
	at knot/io.netty.channel.socket.nio.NioSocketChannel.doFinishConnect(NioSocketChannel.java:337) ~[netty-transport-4.1.97.Final.jar:?]
	at knot/io.netty.channel.nio.AbstractNioChannel$AbstractNioUnsafe.finishConnect(AbstractNioChannel.java:334) ~[netty-transport-4.1.97.Final.jar:?]
	at knot/io.netty.channel.nio.NioEventLoop.processSelectedKey(NioEventLoop.java:776) ~[netty-transport-4.1.97.Final.jar:?]
	at knot/io.netty.channel.nio.NioEventLoop.processSelectedKeysOptimized(NioEventLoop.java:724) ~[netty-transport-4.1.97.Final.jar:?]
	at knot/io.netty.channel.nio.NioEventLoop.processSelectedKeys(NioEventLoop.java:650) ~[netty-transport-4.1.97.Final.jar:?]
	at knot/io.netty.channel.nio.NioEventLoop.run(NioEventLoop.java:562) ~[netty-transport-4.1.97.Final.jar:?]
	at knot/io.netty.util.concurrent.SingleThreadEventExecutor$4.run(SingleThreadEventExecutor.java:997) ~[netty-common-4.1.97.Final.jar:?]
	at knot/io.netty.util.internal.ThreadExecutorMap$2.run(ThreadExecutorMap.java:74) ~[netty-common-4.1.97.Final.jar:?]
	at java.base/java.lang.Thread.run(Thread.java:1583) ~[?:?]
[11:30:12] [aibot-real-client-connector/WARN]: real-client control connect/read failed: java.net.ConnectException: Connection refused: getsockopt
[11:30:14] [Render thread/INFO]: AIBot real-client auto-join 127.0.0.1:25565 (attempt 15)
[11:30:14] [Render thread/INFO]: Connecting to 127.0.0.1, 25565
[11:30:14] [Server Connector #15/ERROR]: Couldn't connect to server
io.netty.channel.AbstractChannel$AnnotatedConnectException: Connection refused: getsockopt: kubernetes.docker.internal/127.0.0.1:25565
Caused by: java.net.ConnectException: Connection refused: getsockopt
	at java.base/sun.nio.ch.Net.pollConnect(Native Method) ~[?:?]
	at java.base/sun.nio.ch.Net.pollConnectNow(Net.java:694) ~[?:?]
	at java.base/sun.nio.ch.SocketChannelImpl.finishConnect(SocketChannelImpl.java:973) ~[?:?]
	at knot/io.netty.channel.socket.nio.NioSocketChannel.doFinishConnect(NioSocketChannel.java:337) ~[netty-transport-4.1.97.Final.jar:?]
	at knot/io.netty.channel.nio.AbstractNioChannel$AbstractNioUnsafe.finishConnect(AbstractNioChannel.java:334) ~[netty-transport-4.1.97.Final.jar:?]
	at knot/io.netty.channel.nio.NioEventLoop.processSelectedKey(NioEventLoop.java:776) ~[netty-transport-4.1.97.Final.jar:?]
	at knot/io.netty.channel.nio.NioEventLoop.processSelectedKeysOptimized(NioEventLoop.java:724) ~[netty-transport-4.1.97.Final.jar:?]
	at knot/io.netty.channel.nio.NioEventLoop.processSelectedKeys(NioEventLoop.java:650) ~[netty-transport-4.1.97.Final.jar:?]
	at knot/io.netty.channel.nio.NioEventLoop.run(NioEventLoop.java:562) ~[netty-transport-4.1.97.Final.jar:?]
	at knot/io.netty.util.concurrent.SingleThreadEventExecutor$4.run(SingleThreadEventExecutor.java:997) ~[netty-common-4.1.97.Final.jar:?]
	at knot/io.netty.util.internal.ThreadExecutorMap$2.run(ThreadExecutorMap.java:74) ~[netty-common-4.1.97.Final.jar:?]
	at java.base/java.lang.Thread.run(Thread.java:1583) ~[?:?]
[11:30:19] [Render thread/INFO]: AIBot real-client auto-join 127.0.0.1:25565 (attempt 16)
[11:30:19] [Render thread/INFO]: Connecting to 127.0.0.1, 25565
[11:30:19] [Render thread/INFO]: AIBot real-client auto-join watcher screen=net.minecraft.class_412
[11:30:19] [Server Connector #16/ERROR]: Couldn't connect to server
io.netty.channel.AbstractChannel$AnnotatedConnectException: Connection refused: getsockopt: kubernetes.docker.internal/127.0.0.1:25565
Caused by: java.net.ConnectException: Connection refused: getsockopt
	at java.base/sun.nio.ch.Net.pollConnect(Native Method) ~[?:?]
	at java.base/sun.nio.ch.Net.pollConnectNow(Net.java:694) ~[?:?]
	at java.base/sun.nio.ch.SocketChannelImpl.finishConnect(SocketChannelImpl.java:973) ~[?:?]
	at knot/io.netty.channel.socket.nio.NioSocketChannel.doFinishConnect(NioSocketChannel.java:337) ~[netty-transport-4.1.97.Final.jar:?]
	at knot/io.netty.channel.nio.AbstractNioChannel$AbstractNioUnsafe.finishConnect(AbstractNioChannel.java:334) ~[netty-transport-4.1.97.Final.jar:?]
	at knot/io.netty.channel.nio.NioEventLoop.processSelectedKey(NioEventLoop.java:776) ~[netty-transport-4.1.97.Final.jar:?]
	at knot/io.netty.channel.nio.NioEventLoop.processSelectedKeysOptimized(NioEventLoop.java:724) ~[netty-transport-4.1.97.Final.jar:?]
	at knot/io.netty.channel.nio.NioEventLoop.processSelectedKeys(NioEventLoop.java:650) ~[netty-transport-4.1.97.Final.jar:?]
	at knot/io.netty.channel.nio.NioEventLoop.run(NioEventLoop.java:562) ~[netty-transport-4.1.97.Final.jar:?]
	at knot/io.netty.util.concurrent.SingleThreadEventExecutor$4.run(SingleThreadEventExecutor.java:997) ~[netty-common-4.1.97.Final.jar:?]
	at knot/io.netty.util.internal.ThreadExecutorMap$2.run(ThreadExecutorMap.java:74) ~[netty-common-4.1.97.Final.jar:?]
	at java.base/java.lang.Thread.run(Thread.java:1583) ~[?:?]
[11:30:19] [Render thread/INFO]: AIBot real-client auto-join watcher screen=net.minecraft.class_419
[11:30:20] [aibot-real-client-connector/WARN]: real-client control connect/read failed: java.net.ConnectException: Connection refused: getsockopt
[11:30:24] [Render thread/INFO]: AIBot real-client auto-join 127.0.0.1:25565 (attempt 17)
[11:30:24] [Render thread/INFO]: Connecting to 127.0.0.1, 25565
[11:30:24] [Render thread/INFO]: AIBot real-client auto-join watcher screen=net.minecraft.class_412
[11:30:24] [Server Connector #17/ERROR]: Couldn't connect to server
io.netty.channel.AbstractChannel$AnnotatedConnectException: Connection refused: getsockopt: kubernetes.docker.internal/127.0.0.1:25565
Caused by: java.net.ConnectException: Connection refused: getsockopt
	at java.base/sun.nio.ch.Net.pollConnect(Native Method) ~[?:?]
	at java.base/sun.nio.ch.Net.pollConnectNow(Net.java:694) ~[?:?]
	at java.base/sun.nio.ch.SocketChannelImpl.finishConnect(SocketChannelImpl.java:973) ~[?:?]
	at knot/io.netty.channel.socket.nio.NioSocketChannel.doFinishConnect(NioSocketChannel.java:337) ~[netty-transport-4.1.97.Final.jar:?]
	at knot/io.netty.channel.nio.AbstractNioChannel$AbstractNioUnsafe.finishConnect(AbstractNioChannel.java:334) ~[netty-transport-4.1.97.Final.jar:?]
	at knot/io.netty.channel.nio.NioEventLoop.processSelectedKey(NioEventLoop.java:776) ~[netty-transport-4.1.97.Final.jar:?]
	at knot/io.netty.channel.nio.NioEventLoop.processSelectedKeysOptimized(NioEventLoop.java:724) ~[netty-transport-4.1.97.Final.jar:?]
	at knot/io.netty.channel.nio.NioEventLoop.processSelectedKeys(NioEventLoop.java:650) ~[netty-transport-4.1.97.Final.jar:?]
	at knot/io.netty.channel.nio.NioEventLoop.run(NioEventLoop.java:562) ~[netty-transport-4.1.97.Final.jar:?]
	at knot/io.netty.util.concurrent.SingleThreadEventExecutor$4.run(SingleThreadEventExecutor.java:997) ~[netty-common-4.1.97.Final.jar:?]
	at knot/io.netty.util.internal.ThreadExecutorMap$2.run(ThreadExecutorMap.java:74) ~[netty-common-4.1.97.Final.jar:?]
	at java.base/java.lang.Thread.run(Thread.java:1583) ~[?:?]
[11:30:24] [Render thread/INFO]: AIBot real-client auto-join watcher screen=net.minecraft.class_419
[11:30:28] [aibot-real-client-connector/WARN]: real-client control connect/read failed: java.net.ConnectException: Connection refused: getsockopt
[11:30:29] [Render thread/INFO]: AIBot real-client auto-join 127.0.0.1:25565 (attempt 18)
[11:30:29] [Render thread/INFO]: Connecting to 127.0.0.1, 25565
[11:30:29] [Render thread/INFO]: AIBot real-client auto-join watcher screen=net.minecraft.class_412
[11:30:29] [Server Connector #18/ERROR]: Couldn't connect to server
io.netty.channel.AbstractChannel$AnnotatedConnectException: Connection refused: getsockopt: kubernetes.docker.internal/127.0.0.1:25565
Caused by: java.net.ConnectException: Connection refused: getsockopt
	at java.base/sun.nio.ch.Net.pollConnect(Native Method) ~[?:?]
	at java.base/sun.nio.ch.Net.pollConnectNow(Net.java:694) ~[?:?]
	at java.base/sun.nio.ch.SocketChannelImpl.finishConnect(SocketChannelImpl.java:973) ~[?:?]
	at knot/io.netty.channel.socket.nio.NioSocketChannel.doFinishConnect(NioSocketChannel.java:337) ~[netty-transport-4.1.97.Final.jar:?]
	at knot/io.netty.channel.nio.AbstractNioChannel$AbstractNioUnsafe.finishConnect(AbstractNioChannel.java:334) ~[netty-transport-4.1.97.Final.jar:?]
	at knot/io.netty.channel.nio.NioEventLoop.processSelectedKey(NioEventLoop.java:776) ~[netty-transport-4.1.97.Final.jar:?]
	at knot/io.netty.channel.nio.NioEventLoop.processSelectedKeysOptimized(NioEventLoop.java:724) ~[netty-transport-4.1.97.Final.jar:?]
	at knot/io.netty.channel.nio.NioEventLoop.processSelectedKeys(NioEventLoop.java:650) ~[netty-transport-4.1.97.Final.jar:?]
	at knot/io.netty.channel.nio.NioEventLoop.run(NioEventLoop.java:562) ~[netty-transport-4.1.97.Final.jar:?]
	at knot/io.netty.util.concurrent.SingleThreadEventExecutor$4.run(SingleThreadEventExecutor.java:997) ~[netty-common-4.1.97.Final.jar:?]
	at knot/io.netty.util.internal.ThreadExecutorMap$2.run(ThreadExecutorMap.java:74) ~[netty-common-4.1.97.Final.jar:?]
	at java.base/java.lang.Thread.run(Thread.java:1583) ~[?:?]
[11:30:29] [Render thread/INFO]: AIBot real-client auto-join watcher screen=net.minecraft.class_419
[11:30:34] [Render thread/INFO]: AIBot real-client auto-join 127.0.0.1:25565 (attempt 19)
[11:30:34] [Render thread/INFO]: Connecting to 127.0.0.1, 25565
[11:30:34] [Render thread/INFO]: AIBot real-client auto-join watcher screen=net.minecraft.class_412
[11:30:34] [Server Connector #19/ERROR]: Couldn't connect to server
io.netty.channel.AbstractChannel$AnnotatedConnectException: Connection refused: getsockopt: kubernetes.docker.internal/127.0.0.1:25565
Caused by: java.net.ConnectException: Connection refused: getsockopt
	at java.base/sun.nio.ch.Net.pollConnect(Native Method) ~[?:?]
	at java.base/sun.nio.ch.Net.pollConnectNow(Net.java:694) ~[?:?]
	at java.base/sun.nio.ch.SocketChannelImpl.finishConnect(SocketChannelImpl.java:973) ~[?:?]
	at knot/io.netty.channel.socket.nio.NioSocketChannel.doFinishConnect(NioSocketChannel.java:337) ~[netty-transport-4.1.97.Final.jar:?]
	at knot/io.netty.channel.nio.AbstractNioChannel$AbstractNioUnsafe.finishConnect(AbstractNioChannel.java:334) ~[netty-transport-4.1.97.Final.jar:?]
	at knot/io.netty.channel.nio.NioEventLoop.processSelectedKey(NioEventLoop.java:776) ~[netty-transport-4.1.97.Final.jar:?]
	at knot/io.netty.channel.nio.NioEventLoop.processSelectedKeysOptimized(NioEventLoop.java:724) ~[netty-transport-4.1.97.Final.jar:?]
	at knot/io.netty.channel.nio.NioEventLoop.processSelectedKeys(NioEventLoop.java:650) ~[netty-transport-4.1.97.Final.jar:?]
	at knot/io.netty.channel.nio.NioEventLoop.run(NioEventLoop.java:562) ~[netty-transport-4.1.97.Final.jar:?]
	at knot/io.netty.util.concurrent.SingleThreadEventExecutor$4.run(SingleThreadEventExecutor.java:997) ~[netty-common-4.1.97.Final.jar:?]
	at knot/io.netty.util.internal.ThreadExecutorMap$2.run(ThreadExecutorMap.java:74) ~[netty-common-4.1.97.Final.jar:?]
	at java.base/java.lang.Thread.run(Thread.java:1583) ~[?:?]
[11:30:34] [Render thread/INFO]: AIBot real-client auto-join watcher screen=net.minecraft.class_419
[11:30:36] [aibot-real-client-connector/WARN]: real-client control connect/read failed: java.net.ConnectException: Connection refused: getsockopt
[11:30:39] [Render thread/INFO]: AIBot real-client auto-join 127.0.0.1:25565 (attempt 20)
[11:30:39] [Render thread/INFO]: Connecting to 127.0.0.1, 25565
[11:30:39] [Render thread/INFO]: AIBot real-client auto-join watcher screen=net.minecraft.class_412
[11:30:39] [Server Connector #20/ERROR]: Couldn't connect to server
io.netty.channel.AbstractChannel$AnnotatedConnectException: Connection refused: getsockopt: kubernetes.docker.internal/127.0.0.1:25565
Caused by: java.net.ConnectException: Connection refused: getsockopt
	at java.base/sun.nio.ch.Net.pollConnect(Native Method) ~[?:?]
	at java.base/sun.nio.ch.Net.pollConnectNow(Net.java:694) ~[?:?]
	at java.base/sun.nio.ch.SocketChannelImpl.finishConnect(SocketChannelImpl.java:973) ~[?:?]
	at knot/io.netty.channel.socket.nio.NioSocketChannel.doFinishConnect(NioSocketChannel.java:337) ~[netty-transport-4.1.97.Final.jar:?]
	at knot/io.netty.channel.nio.AbstractNioChannel$AbstractNioUnsafe.finishConnect(AbstractNioChannel.java:334) ~[netty-transport-4.1.97.Final.jar:?]
	at knot/io.netty.channel.nio.NioEventLoop.processSelectedKey(NioEventLoop.java:776) ~[netty-transport-4.1.97.Final.jar:?]
	at knot/io.netty.channel.nio.NioEventLoop.processSelectedKeysOptimized(NioEventLoop.java:724) ~[netty-transport-4.1.97.Final.jar:?]
	at knot/io.netty.channel.nio.NioEventLoop.processSelectedKeys(NioEventLoop.java:650) ~[netty-transport-4.1.97.Final.jar:?]
	at knot/io.netty.channel.nio.NioEventLoop.run(NioEventLoop.java:562) ~[netty-transport-4.1.97.Final.jar:?]
	at knot/io.netty.util.concurrent.SingleThreadEventExecutor$4.run(SingleThreadEventExecutor.java:997) ~[netty-common-4.1.97.Final.jar:?]
	at knot/io.netty.util.internal.ThreadExecutorMap$2.run(ThreadExecutorMap.java:74) ~[netty-common-4.1.97.Final.jar:?]
	at java.base/java.lang.Thread.run(Thread.java:1583) ~[?:?]
[11:30:39] [Render thread/INFO]: AIBot real-client auto-join watcher screen=net.minecraft.class_419
[11:30:44] [Render thread/INFO]: AIBot real-client auto-join 127.0.0.1:25565 (attempt 21)
[11:30:44] [Render thread/INFO]: Connecting to 127.0.0.1, 25565
[11:30:44] [Render thread/INFO]: AIBot real-client auto-join watcher screen=net.minecraft.class_412
[11:30:44] [Server Connector #21/ERROR]: Couldn't connect to server
io.netty.channel.AbstractChannel$AnnotatedConnectException: Connection refused: getsockopt: kubernetes.docker.internal/127.0.0.1:25565
Caused by: java.net.ConnectException: Connection refused: getsockopt
	at java.base/sun.nio.ch.Net.pollConnect(Native Method) ~[?:?]
	at java.base/sun.nio.ch.Net.pollConnectNow(Net.java:694) ~[?:?]
	at java.base/sun.nio.ch.SocketChannelImpl.finishConnect(SocketChannelImpl.java:973) ~[?:?]
	at knot/io.netty.channel.socket.nio.NioSocketChannel.doFinishConnect(NioSocketChannel.java:337) ~[netty-transport-4.1.97.Final.jar:?]
	at knot/io.netty.channel.nio.AbstractNioChannel$AbstractNioUnsafe.finishConnect(AbstractNioChannel.java:334) ~[netty-transport-4.1.97.Final.jar:?]
	at knot/io.netty.channel.nio.NioEventLoop.processSelectedKey(NioEventLoop.java:776) ~[netty-transport-4.1.97.Final.jar:?]
	at knot/io.netty.channel.nio.NioEventLoop.processSelectedKeysOptimized(NioEventLoop.java:724) ~[netty-transport-4.1.97.Final.jar:?]
	at knot/io.netty.channel.nio.NioEventLoop.processSelectedKeys(NioEventLoop.java:650) ~[netty-transport-4.1.97.Final.jar:?]
	at knot/io.netty.channel.nio.NioEventLoop.run(NioEventLoop.java:562) ~[netty-transport-4.1.97.Final.jar:?]
	at knot/io.netty.util.concurrent.SingleThreadEventExecutor$4.run(SingleThreadEventExecutor.java:997) ~[netty-common-4.1.97.Final.jar:?]
	at knot/io.netty.util.internal.ThreadExecutorMap$2.run(ThreadExecutorMap.java:74) ~[netty-common-4.1.97.Final.jar:?]
	at java.base/java.lang.Thread.run(Thread.java:1583) ~[?:?]
[11:30:44] [aibot-real-client-connector/WARN]: real-client control connect/read failed: java.net.ConnectException: Connection refused: getsockopt
[11:30:44] [Render thread/INFO]: AIBot real-client auto-join watcher screen=net.minecraft.class_419
[11:30:49] [Render thread/INFO]: AIBot real-client auto-join 127.0.0.1:25565 (attempt 22)
[11:30:49] [Render thread/INFO]: Connecting to 127.0.0.1, 25565
[11:30:49] [Render thread/INFO]: AIBot real-client auto-join watcher screen=net.minecraft.class_412
[11:30:49] [Server Connector #22/ERROR]: Couldn't connect to server
io.netty.channel.AbstractChannel$AnnotatedConnectException: Connection refused: getsockopt: kubernetes.docker.internal/127.0.0.1:25565
Caused by: java.net.ConnectException: Connection refused: getsockopt
	at java.base/sun.nio.ch.Net.pollConnect(Native Method) ~[?:?]
	at java.base/sun.nio.ch.Net.pollConnectNow(Net.java:694) ~[?:?]
	at java.base/sun.nio.ch.SocketChannelImpl.finishConnect(SocketChannelImpl.java:973) ~[?:?]
	at knot/io.netty.channel.socket.nio.NioSocketChannel.doFinishConnect(NioSocketChannel.java:337) ~[netty-transport-4.1.97.Final.jar:?]
	at knot/io.netty.channel.nio.AbstractNioChannel$AbstractNioUnsafe.finishConnect(AbstractNioChannel.java:334) ~[netty-transport-4.1.97.Final.jar:?]
	at knot/io.netty.channel.nio.NioEventLoop.processSelectedKey(NioEventLoop.java:776) ~[netty-transport-4.1.97.Final.jar:?]
	at knot/io.netty.channel.nio.NioEventLoop.processSelectedKeysOptimized(NioEventLoop.java:724) ~[netty-transport-4.1.97.Final.jar:?]
	at knot/io.netty.channel.nio.NioEventLoop.processSelectedKeys(NioEventLoop.java:650) ~[netty-transport-4.1.97.Final.jar:?]
	at knot/io.netty.channel.nio.NioEventLoop.run(NioEventLoop.java:562) ~[netty-transport-4.1.97.Final.jar:?]
	at knot/io.netty.util.concurrent.SingleThreadEventExecutor$4.run(SingleThreadEventExecutor.java:997) ~[netty-common-4.1.97.Final.jar:?]
	at knot/io.netty.util.internal.ThreadExecutorMap$2.run(ThreadExecutorMap.java:74) ~[netty-common-4.1.97.Final.jar:?]
	at java.base/java.lang.Thread.run(Thread.java:1583) ~[?:?]
[11:30:49] [Render thread/INFO]: AIBot real-client auto-join watcher screen=net.minecraft.class_419
[11:30:52] [aibot-real-client-connector/WARN]: real-client control connect/read failed: java.net.ConnectException: Connection refused: getsockopt
[11:30:54] [Render thread/INFO]: AIBot real-client auto-join 127.0.0.1:25565 (attempt 23)
[11:30:54] [Render thread/INFO]: Connecting to 127.0.0.1, 25565
[11:30:54] [Server Connector #23/ERROR]: Couldn't connect to server
io.netty.channel.AbstractChannel$AnnotatedConnectException: Connection refused: getsockopt: kubernetes.docker.internal/127.0.0.1:25565
Caused by: java.net.ConnectException: Connection refused: getsockopt
	at java.base/sun.nio.ch.Net.pollConnect(Native Method) ~[?:?]
	at java.base/sun.nio.ch.Net.pollConnectNow(Net.java:694) ~[?:?]
	at java.base/sun.nio.ch.SocketChannelImpl.finishConnect(SocketChannelImpl.java:973) ~[?:?]
	at knot/io.netty.channel.socket.nio.NioSocketChannel.doFinishConnect(NioSocketChannel.java:337) ~[netty-transport-4.1.97.Final.jar:?]
	at knot/io.netty.channel.nio.AbstractNioChannel$AbstractNioUnsafe.finishConnect(AbstractNioChannel.java:334) ~[netty-transport-4.1.97.Final.jar:?]
	at knot/io.netty.channel.nio.NioEventLoop.processSelectedKey(NioEventLoop.java:776) ~[netty-transport-4.1.97.Final.jar:?]
	at knot/io.netty.channel.nio.NioEventLoop.processSelectedKeysOptimized(NioEventLoop.java:724) ~[netty-transport-4.1.97.Final.jar:?]
	at knot/io.netty.channel.nio.NioEventLoop.processSelectedKeys(NioEventLoop.java:650) ~[netty-transport-4.1.97.Final.jar:?]
	at knot/io.netty.channel.nio.NioEventLoop.run(NioEventLoop.java:562) ~[netty-transport-4.1.97.Final.jar:?]
	at knot/io.netty.util.concurrent.SingleThreadEventExecutor$4.run(SingleThreadEventExecutor.java:997) ~[netty-common-4.1.97.Final.jar:?]
	at knot/io.netty.util.internal.ThreadExecutorMap$2.run(ThreadExecutorMap.java:74) ~[netty-common-4.1.97.Final.jar:?]
	at java.base/java.lang.Thread.run(Thread.java:1583) ~[?:?]
[11:30:59] [Render thread/INFO]: AIBot real-client auto-join 127.0.0.1:25565 (attempt 24)
[11:30:59] [Render thread/INFO]: Connecting to 127.0.0.1, 25565
[11:30:59] [Render thread/INFO]: AIBot real-client auto-join watcher screen=net.minecraft.class_412
[11:30:59] [Server Connector #24/ERROR]: Couldn't connect to server
io.netty.channel.AbstractChannel$AnnotatedConnectException: Connection refused: getsockopt: kubernetes.docker.internal/127.0.0.1:25565
Caused by: java.net.ConnectException: Connection refused: getsockopt
	at java.base/sun.nio.ch.Net.pollConnect(Native Method) ~[?:?]
	at java.base/sun.nio.ch.Net.pollConnectNow(Net.java:694) ~[?:?]
	at java.base/sun.nio.ch.SocketChannelImpl.finishConnect(SocketChannelImpl.java:973) ~[?:?]
	at knot/io.netty.channel.socket.nio.NioSocketChannel.doFinishConnect(NioSocketChannel.java:337) ~[netty-transport-4.1.97.Final.jar:?]
	at knot/io.netty.channel.nio.AbstractNioChannel$AbstractNioUnsafe.finishConnect(AbstractNioChannel.java:334) ~[netty-transport-4.1.97.Final.jar:?]
	at knot/io.netty.channel.nio.NioEventLoop.processSelectedKey(NioEventLoop.java:776) ~[netty-transport-4.1.97.Final.jar:?]
	at knot/io.netty.channel.nio.NioEventLoop.processSelectedKeysOptimized(NioEventLoop.java:724) ~[netty-transport-4.1.97.Final.jar:?]
	at knot/io.netty.channel.nio.NioEventLoop.processSelectedKeys(NioEventLoop.java:650) ~[netty-transport-4.1.97.Final.jar:?]
	at knot/io.netty.channel.nio.NioEventLoop.run(NioEventLoop.java:562) ~[netty-transport-4.1.97.Final.jar:?]
	at knot/io.netty.util.concurrent.SingleThreadEventExecutor$4.run(SingleThreadEventExecutor.java:997) ~[netty-common-4.1.97.Final.jar:?]
	at knot/io.netty.util.internal.ThreadExecutorMap$2.run(ThreadExecutorMap.java:74) ~[netty-common-4.1.97.Final.jar:?]
	at java.base/java.lang.Thread.run(Thread.java:1583) ~[?:?]
[11:30:59] [Render thread/INFO]: AIBot real-client auto-join watcher screen=net.minecraft.class_419
[11:31:00] [aibot-real-client-connector/WARN]: real-client control connect/read failed: java.net.ConnectException: Connection refused: getsockopt
[11:31:04] [Render thread/INFO]: AIBot real-client auto-join 127.0.0.1:25565 (attempt 25)
[11:31:04] [Render thread/INFO]: Connecting to 127.0.0.1, 25565
[11:31:04] [Render thread/INFO]: AIBot real-client auto-join watcher screen=net.minecraft.class_412
[11:31:04] [Server Connector #25/ERROR]: Couldn't connect to server
io.netty.channel.AbstractChannel$AnnotatedConnectException: Connection refused: getsockopt: kubernetes.docker.internal/127.0.0.1:25565
Caused by: java.net.ConnectException: Connection refused: getsockopt
	at java.base/sun.nio.ch.Net.pollConnect(Native Method) ~[?:?]
	at java.base/sun.nio.ch.Net.pollConnectNow(Net.java:694) ~[?:?]
	at java.base/sun.nio.ch.SocketChannelImpl.finishConnect(SocketChannelImpl.java:973) ~[?:?]
	at knot/io.netty.channel.socket.nio.NioSocketChannel.doFinishConnect(NioSocketChannel.java:337) ~[netty-transport-4.1.97.Final.jar:?]
	at knot/io.netty.channel.nio.AbstractNioChannel$AbstractNioUnsafe.finishConnect(AbstractNioChannel.java:334) ~[netty-transport-4.1.97.Final.jar:?]
	at knot/io.netty.channel.nio.NioEventLoop.processSelectedKey(NioEventLoop.java:776) ~[netty-transport-4.1.97.Final.jar:?]
	at knot/io.netty.channel.nio.NioEventLoop.processSelectedKeysOptimized(NioEventLoop.java:724) ~[netty-transport-4.1.97.Final.jar:?]
	at knot/io.netty.channel.nio.NioEventLoop.processSelectedKeys(NioEventLoop.java:650) ~[netty-transport-4.1.97.Final.jar:?]
	at knot/io.netty.channel.nio.NioEventLoop.run(NioEventLoop.java:562) ~[netty-transport-4.1.97.Final.jar:?]
	at knot/io.netty.util.concurrent.SingleThreadEventExecutor$4.run(SingleThreadEventExecutor.java:997) ~[netty-common-4.1.97.Final.jar:?]
	at knot/io.netty.util.internal.ThreadExecutorMap$2.run(ThreadExecutorMap.java:74) ~[netty-common-4.1.97.Final.jar:?]
	at java.base/java.lang.Thread.run(Thread.java:1583) ~[?:?]
[11:31:04] [Render thread/INFO]: AIBot real-client auto-join watcher screen=net.minecraft.class_419
[11:31:08] [aibot-real-client-connector/WARN]: real-client control connect/read failed: java.net.ConnectException: Connection refused: getsockopt
[11:31:09] [Render thread/INFO]: AIBot real-client auto-join 127.0.0.1:25565 (attempt 26)
[11:31:09] [Render thread/INFO]: Connecting to 127.0.0.1, 25565
[11:31:09] [Render thread/INFO]: AIBot real-client auto-join watcher screen=net.minecraft.class_412
[11:31:09] [Server Connector #26/ERROR]: Couldn't connect to server
io.netty.channel.AbstractChannel$AnnotatedConnectException: Connection refused: getsockopt: kubernetes.docker.internal/127.0.0.1:25565
Caused by: java.net.ConnectException: Connection refused: getsockopt
	at java.base/sun.nio.ch.Net.pollConnect(Native Method) ~[?:?]
	at java.base/sun.nio.ch.Net.pollConnectNow(Net.java:694) ~[?:?]
	at java.base/sun.nio.ch.SocketChannelImpl.finishConnect(SocketChannelImpl.java:973) ~[?:?]
	at knot/io.netty.channel.socket.nio.NioSocketChannel.doFinishConnect(NioSocketChannel.java:337) ~[netty-transport-4.1.97.Final.jar:?]
	at knot/io.netty.channel.nio.AbstractNioChannel$AbstractNioUnsafe.finishConnect(AbstractNioChannel.java:334) ~[netty-transport-4.1.97.Final.jar:?]
	at knot/io.netty.channel.nio.NioEventLoop.processSelectedKey(NioEventLoop.java:776) ~[netty-transport-4.1.97.Final.jar:?]
	at knot/io.netty.channel.nio.NioEventLoop.processSelectedKeysOptimized(NioEventLoop.java:724) ~[netty-transport-4.1.97.Final.jar:?]
	at knot/io.netty.channel.nio.NioEventLoop.processSelectedKeys(NioEventLoop.java:650) ~[netty-transport-4.1.97.Final.jar:?]
	at knot/io.netty.channel.nio.NioEventLoop.run(NioEventLoop.java:562) ~[netty-transport-4.1.97.Final.jar:?]
	at knot/io.netty.util.concurrent.SingleThreadEventExecutor$4.run(SingleThreadEventExecutor.java:997) ~[netty-common-4.1.97.Final.jar:?]
	at knot/io.netty.util.internal.ThreadExecutorMap$2.run(ThreadExecutorMap.java:74) ~[netty-common-4.1.97.Final.jar:?]
	at java.base/java.lang.Thread.run(Thread.java:1583) ~[?:?]
[11:31:09] [Render thread/INFO]: AIBot real-client auto-join watcher screen=net.minecraft.class_419
[11:31:14] [Render thread/INFO]: AIBot real-client auto-join 127.0.0.1:25565 (attempt 27)
[11:31:14] [Render thread/INFO]: Connecting to 127.0.0.1, 25565
[11:31:14] [Render thread/INFO]: AIBot real-client auto-join watcher screen=net.minecraft.class_412
[11:31:14] [Server Connector #27/ERROR]: Couldn't connect to server
io.netty.channel.AbstractChannel$AnnotatedConnectException: Connection refused: getsockopt: kubernetes.docker.internal/127.0.0.1:25565
Caused by: java.net.ConnectException: Connection refused: getsockopt
	at java.base/sun.nio.ch.Net.pollConnect(Native Method) ~[?:?]
	at java.base/sun.nio.ch.Net.pollConnectNow(Net.java:694) ~[?:?]
	at java.base/sun.nio.ch.SocketChannelImpl.finishConnect(SocketChannelImpl.java:973) ~[?:?]
	at knot/io.netty.channel.socket.nio.NioSocketChannel.doFinishConnect(NioSocketChannel.java:337) ~[netty-transport-4.1.97.Final.jar:?]
	at knot/io.netty.channel.nio.AbstractNioChannel$AbstractNioUnsafe.finishConnect(AbstractNioChannel.java:334) ~[netty-transport-4.1.97.Final.jar:?]
	at knot/io.netty.channel.nio.NioEventLoop.processSelectedKey(NioEventLoop.java:776) ~[netty-transport-4.1.97.Final.jar:?]
	at knot/io.netty.channel.nio.NioEventLoop.processSelectedKeysOptimized(NioEventLoop.java:724) ~[netty-transport-4.1.97.Final.jar:?]
	at knot/io.netty.channel.nio.NioEventLoop.processSelectedKeys(NioEventLoop.java:650) ~[netty-transport-4.1.97.Final.jar:?]
	at knot/io.netty.channel.nio.NioEventLoop.run(NioEventLoop.java:562) ~[netty-transport-4.1.97.Final.jar:?]
	at knot/io.netty.util.concurrent.SingleThreadEventExecutor$4.run(SingleThreadEventExecutor.java:997) ~[netty-common-4.1.97.Final.jar:?]
	at knot/io.netty.util.internal.ThreadExecutorMap$2.run(ThreadExecutorMap.java:74) ~[netty-common-4.1.97.Final.jar:?]
	at java.base/java.lang.Thread.run(Thread.java:1583) ~[?:?]
[11:31:14] [Render thread/INFO]: AIBot real-client auto-join watcher screen=net.minecraft.class_419
[11:31:16] [aibot-real-client-connector/WARN]: real-client control connect/read failed: java.net.ConnectException: Connection refused: getsockopt
[11:31:19] [Render thread/INFO]: AIBot real-client auto-join 127.0.0.1:25565 (attempt 28)
[11:31:20] [Render thread/INFO]: Connecting to 127.0.0.1, 25565
[11:31:20] [Render thread/INFO]: AIBot real-client auto-join watcher screen=net.minecraft.class_412
[11:31:20] [Server Connector #28/ERROR]: Couldn't connect to server
io.netty.channel.AbstractChannel$AnnotatedConnectException: Connection refused: getsockopt: kubernetes.docker.internal/127.0.0.1:25565
Caused by: java.net.ConnectException: Connection refused: getsockopt
	at java.base/sun.nio.ch.Net.pollConnect(Native Method) ~[?:?]
	at java.base/sun.nio.ch.Net.pollConnectNow(Net.java:694) ~[?:?]
	at java.base/sun.nio.ch.SocketChannelImpl.finishConnect(SocketChannelImpl.java:973) ~[?:?]
	at knot/io.netty.channel.socket.nio.NioSocketChannel.doFinishConnect(NioSocketChannel.java:337) ~[netty-transport-4.1.97.Final.jar:?]
	at knot/io.netty.channel.nio.AbstractNioChannel$AbstractNioUnsafe.finishConnect(AbstractNioChannel.java:334) ~[netty-transport-4.1.97.Final.jar:?]
	at knot/io.netty.channel.nio.NioEventLoop.processSelectedKey(NioEventLoop.java:776) ~[netty-transport-4.1.97.Final.jar:?]
	at knot/io.netty.channel.nio.NioEventLoop.processSelectedKeysOptimized(NioEventLoop.java:724) ~[netty-transport-4.1.97.Final.jar:?]
	at knot/io.netty.channel.nio.NioEventLoop.processSelectedKeys(NioEventLoop.java:650) ~[netty-transport-4.1.97.Final.jar:?]
	at knot/io.netty.channel.nio.NioEventLoop.run(NioEventLoop.java:562) ~[netty-transport-4.1.97.Final.jar:?]
	at knot/io.netty.util.concurrent.SingleThreadEventExecutor$4.run(SingleThreadEventExecutor.java:997) ~[netty-common-4.1.97.Final.jar:?]
	at knot/io.netty.util.internal.ThreadExecutorMap$2.run(ThreadExecutorMap.java:74) ~[netty-common-4.1.97.Final.jar:?]
	at java.base/java.lang.Thread.run(Thread.java:1583) ~[?:?]
[11:31:20] [Render thread/INFO]: AIBot real-client auto-join watcher screen=net.minecraft.class_419
[11:31:24] [aibot-real-client-connector/WARN]: real-client control connect/read failed: java.net.ConnectException: Connection refused: getsockopt
[11:31:24] [Render thread/INFO]: AIBot real-client auto-join 127.0.0.1:25565 (attempt 29)
[11:31:25] [Render thread/INFO]: Connecting to 127.0.0.1, 25565
[11:31:25] [Render thread/INFO]: AIBot real-client auto-join watcher screen=net.minecraft.class_412
[11:31:25] [Server Connector #29/ERROR]: Couldn't connect to server
io.netty.channel.AbstractChannel$AnnotatedConnectException: Connection refused: getsockopt: kubernetes.docker.internal/127.0.0.1:25565
Caused by: java.net.ConnectException: Connection refused: getsockopt
	at java.base/sun.nio.ch.Net.pollConnect(Native Method) ~[?:?]
	at java.base/sun.nio.ch.Net.pollConnectNow(Net.java:694) ~[?:?]
	at java.base/sun.nio.ch.SocketChannelImpl.finishConnect(SocketChannelImpl.java:973) ~[?:?]
	at knot/io.netty.channel.socket.nio.NioSocketChannel.doFinishConnect(NioSocketChannel.java:337) ~[netty-transport-4.1.97.Final.jar:?]
	at knot/io.netty.channel.nio.AbstractNioChannel$AbstractNioUnsafe.finishConnect(AbstractNioChannel.java:334) ~[netty-transport-4.1.97.Final.jar:?]
	at knot/io.netty.channel.nio.NioEventLoop.processSelectedKey(NioEventLoop.java:776) ~[netty-transport-4.1.97.Final.jar:?]
	at knot/io.netty.channel.nio.NioEventLoop.processSelectedKeysOptimized(NioEventLoop.java:724) ~[netty-transport-4.1.97.Final.jar:?]
	at knot/io.netty.channel.nio.NioEventLoop.processSelectedKeys(NioEventLoop.java:650) ~[netty-transport-4.1.97.Final.jar:?]
	at knot/io.netty.channel.nio.NioEventLoop.run(NioEventLoop.java:562) ~[netty-transport-4.1.97.Final.jar:?]
	at knot/io.netty.util.concurrent.SingleThreadEventExecutor$4.run(SingleThreadEventExecutor.java:997) ~[netty-common-4.1.97.Final.jar:?]
	at knot/io.netty.util.internal.ThreadExecutorMap$2.run(ThreadExecutorMap.java:74) ~[netty-common-4.1.97.Final.jar:?]
	at java.base/java.lang.Thread.run(Thread.java:1583) ~[?:?]
[11:31:25] [Render thread/INFO]: AIBot real-client auto-join watcher screen=net.minecraft.class_419
[11:31:29] [Render thread/INFO]: AIBot real-client auto-join 127.0.0.1:25565 (attempt 30)
[11:31:29] [Render thread/INFO]: Connecting to 127.0.0.1, 25565
[11:31:30] [Render thread/INFO]: AIBot real-client auto-join watcher screen=net.minecraft.class_412
[11:31:30] [Server Connector #30/ERROR]: Couldn't connect to server
io.netty.channel.AbstractChannel$AnnotatedConnectException: Connection refused: getsockopt: kubernetes.docker.internal/127.0.0.1:25565
Caused by: java.net.ConnectException: Connection refused: getsockopt
	at java.base/sun.nio.ch.Net.pollConnect(Native Method) ~[?:?]
	at java.base/sun.nio.ch.Net.pollConnectNow(Net.java:694) ~[?:?]
	at java.base/sun.nio.ch.SocketChannelImpl.finishConnect(SocketChannelImpl.java:973) ~[?:?]
	at knot/io.netty.channel.socket.nio.NioSocketChannel.doFinishConnect(NioSocketChannel.java:337) ~[netty-transport-4.1.97.Final.jar:?]
	at knot/io.netty.channel.nio.AbstractNioChannel$AbstractNioUnsafe.finishConnect(AbstractNioChannel.java:334) ~[netty-transport-4.1.97.Final.jar:?]
	at knot/io.netty.channel.nio.NioEventLoop.processSelectedKey(NioEventLoop.java:776) ~[netty-transport-4.1.97.Final.jar:?]
	at knot/io.netty.channel.nio.NioEventLoop.processSelectedKeysOptimized(NioEventLoop.java:724) ~[netty-transport-4.1.97.Final.jar:?]
	at knot/io.netty.channel.nio.NioEventLoop.processSelectedKeys(NioEventLoop.java:650) ~[netty-transport-4.1.97.Final.jar:?]
	at knot/io.netty.channel.nio.NioEventLoop.run(NioEventLoop.java:562) ~[netty-transport-4.1.97.Final.jar:?]
	at knot/io.netty.util.concurrent.SingleThreadEventExecutor$4.run(SingleThreadEventExecutor.java:997) ~[netty-common-4.1.97.Final.jar:?]
	at knot/io.netty.util.internal.ThreadExecutorMap$2.run(ThreadExecutorMap.java:74) ~[netty-common-4.1.97.Final.jar:?]
	at java.base/java.lang.Thread.run(Thread.java:1583) ~[?:?]
[11:31:30] [Render thread/INFO]: AIBot real-client auto-join watcher screen=net.minecraft.class_419
[11:31:32] [aibot-real-client-connector/WARN]: real-client control connect/read failed: java.net.ConnectException: Connection refused: getsockopt
[11:31:35] [Render thread/INFO]: AIBot real-client auto-join 127.0.0.1:25565 (attempt 31)
[11:31:35] [Render thread/INFO]: Connecting to 127.0.0.1, 25565
[11:31:35] [Render thread/INFO]: AIBot real-client auto-join watcher screen=net.minecraft.class_412
[11:31:35] [Server Connector #31/ERROR]: Couldn't connect to server
io.netty.channel.AbstractChannel$AnnotatedConnectException: Connection refused: getsockopt: kubernetes.docker.internal/127.0.0.1:25565
Caused by: java.net.ConnectException: Connection refused: getsockopt
	at java.base/sun.nio.ch.Net.pollConnect(Native Method) ~[?:?]
	at java.base/sun.nio.ch.Net.pollConnectNow(Net.java:694) ~[?:?]
	at java.base/sun.nio.ch.SocketChannelImpl.finishConnect(SocketChannelImpl.java:973) ~[?:?]
	at knot/io.netty.channel.socket.nio.NioSocketChannel.doFinishConnect(NioSocketChannel.java:337) ~[netty-transport-4.1.97.Final.jar:?]
	at knot/io.netty.channel.nio.AbstractNioChannel$AbstractNioUnsafe.finishConnect(AbstractNioChannel.java:334) ~[netty-transport-4.1.97.Final.jar:?]
	at knot/io.netty.channel.nio.NioEventLoop.processSelectedKey(NioEventLoop.java:776) ~[netty-transport-4.1.97.Final.jar:?]
	at knot/io.netty.channel.nio.NioEventLoop.processSelectedKeysOptimized(NioEventLoop.java:724) ~[netty-transport-4.1.97.Final.jar:?]
	at knot/io.netty.channel.nio.NioEventLoop.processSelectedKeys(NioEventLoop.java:650) ~[netty-transport-4.1.97.Final.jar:?]
	at knot/io.netty.channel.nio.NioEventLoop.run(NioEventLoop.java:562) ~[netty-transport-4.1.97.Final.jar:?]
	at knot/io.netty.util.concurrent.SingleThreadEventExecutor$4.run(SingleThreadEventExecutor.java:997) ~[netty-common-4.1.97.Final.jar:?]
	at knot/io.netty.util.internal.ThreadExecutorMap$2.run(ThreadExecutorMap.java:74) ~[netty-common-4.1.97.Final.jar:?]
	at java.base/java.lang.Thread.run(Thread.java:1583) ~[?:?]
[11:31:35] [Render thread/INFO]: AIBot real-client auto-join watcher screen=net.minecraft.class_419
[11:31:40] [Render thread/INFO]: AIBot real-client auto-join 127.0.0.1:25565 (attempt 32)
[11:31:40] [aibot-real-client-connector/WARN]: real-client control connect/read failed: java.net.ConnectException: Connection refused: getsockopt
[11:31:40] [Render thread/INFO]: Connecting to 127.0.0.1, 25565
[11:31:40] [Render thread/INFO]: AIBot real-client auto-join watcher screen=net.minecraft.class_412
[11:31:40] [Server Connector #32/ERROR]: Couldn't connect to server
io.netty.channel.AbstractChannel$AnnotatedConnectException: Connection refused: getsockopt: kubernetes.docker.internal/127.0.0.1:25565
Caused by: java.net.ConnectException: Connection refused: getsockopt
	at java.base/sun.nio.ch.Net.pollConnect(Native Method) ~[?:?]
	at java.base/sun.nio.ch.Net.pollConnectNow(Net.java:694) ~[?:?]
	at java.base/sun.nio.ch.SocketChannelImpl.finishConnect(SocketChannelImpl.java:973) ~[?:?]
	at knot/io.netty.channel.socket.nio.NioSocketChannel.doFinishConnect(NioSocketChannel.java:337) ~[netty-transport-4.1.97.Final.jar:?]
	at knot/io.netty.channel.nio.AbstractNioChannel$AbstractNioUnsafe.finishConnect(AbstractNioChannel.java:334) ~[netty-transport-4.1.97.Final.jar:?]
	at knot/io.netty.channel.nio.NioEventLoop.processSelectedKey(NioEventLoop.java:776) ~[netty-transport-4.1.97.Final.jar:?]
	at knot/io.netty.channel.nio.NioEventLoop.processSelectedKeysOptimized(NioEventLoop.java:724) ~[netty-transport-4.1.97.Final.jar:?]
	at knot/io.netty.channel.nio.NioEventLoop.processSelectedKeys(NioEventLoop.java:650) ~[netty-transport-4.1.97.Final.jar:?]
	at knot/io.netty.channel.nio.NioEventLoop.run(NioEventLoop.java:562) ~[netty-transport-4.1.97.Final.jar:?]
	at knot/io.netty.util.concurrent.SingleThreadEventExecutor$4.run(SingleThreadEventExecutor.java:997) ~[netty-common-4.1.97.Final.jar:?]
	at knot/io.netty.util.internal.ThreadExecutorMap$2.run(ThreadExecutorMap.java:74) ~[netty-common-4.1.97.Final.jar:?]
	at java.base/java.lang.Thread.run(Thread.java:1583) ~[?:?]
[11:31:40] [Render thread/INFO]: AIBot real-client auto-join watcher screen=net.minecraft.class_419
[11:31:45] [Render thread/INFO]: AIBot real-client auto-join 127.0.0.1:25565 (attempt 33)
[11:31:45] [Render thread/INFO]: Connecting to 127.0.0.1, 25565
[11:31:45] [Render thread/INFO]: AIBot real-client auto-join watcher screen=net.minecraft.class_412
[11:31:45] [Server Connector #33/ERROR]: Couldn't connect to server
io.netty.channel.AbstractChannel$AnnotatedConnectException: Connection refused: getsockopt: kubernetes.docker.internal/127.0.0.1:25565
Caused by: java.net.ConnectException: Connection refused: getsockopt
	at java.base/sun.nio.ch.Net.pollConnect(Native Method) ~[?:?]
	at java.base/sun.nio.ch.Net.pollConnectNow(Net.java:694) ~[?:?]
	at java.base/sun.nio.ch.SocketChannelImpl.finishConnect(SocketChannelImpl.java:973) ~[?:?]
	at knot/io.netty.channel.socket.nio.NioSocketChannel.doFinishConnect(NioSocketChannel.java:337) ~[netty-transport-4.1.97.Final.jar:?]
	at knot/io.netty.channel.nio.AbstractNioChannel$AbstractNioUnsafe.finishConnect(AbstractNioChannel.java:334) ~[netty-transport-4.1.97.Final.jar:?]
	at knot/io.netty.channel.nio.NioEventLoop.processSelectedKey(NioEventLoop.java:776) ~[netty-transport-4.1.97.Final.jar:?]
	at knot/io.netty.channel.nio.NioEventLoop.processSelectedKeysOptimized(NioEventLoop.java:724) ~[netty-transport-4.1.97.Final.jar:?]
	at knot/io.netty.channel.nio.NioEventLoop.processSelectedKeys(NioEventLoop.java:650) ~[netty-transport-4.1.97.Final.jar:?]
	at knot/io.netty.channel.nio.NioEventLoop.run(NioEventLoop.java:562) ~[netty-transport-4.1.97.Final.jar:?]
	at knot/io.netty.util.concurrent.SingleThreadEventExecutor$4.run(SingleThreadEventExecutor.java:997) ~[netty-common-4.1.97.Final.jar:?]
	at knot/io.netty.util.internal.ThreadExecutorMap$2.run(ThreadExecutorMap.java:74) ~[netty-common-4.1.97.Final.jar:?]
	at java.base/java.lang.Thread.run(Thread.java:1583) ~[?:?]
[11:31:45] [Render thread/INFO]: AIBot real-client auto-join watcher screen=net.minecraft.class_419
[11:31:48] [aibot-real-client-connector/WARN]: real-client control connect/read failed: java.net.ConnectException: Connection refused: getsockopt
[11:31:50] [Render thread/INFO]: AIBot real-client auto-join 127.0.0.1:25565 (attempt 34)
[11:31:50] [Render thread/INFO]: Connecting to 127.0.0.1, 25565
[11:31:50] [Render thread/INFO]: AIBot real-client auto-join watcher screen=net.minecraft.class_412
[11:31:50] [Server Connector #34/ERROR]: Couldn't connect to server
io.netty.channel.AbstractChannel$AnnotatedConnectException: Connection refused: getsockopt: kubernetes.docker.internal/127.0.0.1:25565
Caused by: java.net.ConnectException: Connection refused: getsockopt
	at java.base/sun.nio.ch.Net.pollConnect(Native Method) ~[?:?]
	at java.base/sun.nio.ch.Net.pollConnectNow(Net.java:694) ~[?:?]
	at java.base/sun.nio.ch.SocketChannelImpl.finishConnect(SocketChannelImpl.java:973) ~[?:?]
	at knot/io.netty.channel.socket.nio.NioSocketChannel.doFinishConnect(NioSocketChannel.java:337) ~[netty-transport-4.1.97.Final.jar:?]
	at knot/io.netty.channel.nio.AbstractNioChannel$AbstractNioUnsafe.finishConnect(AbstractNioChannel.java:334) ~[netty-transport-4.1.97.Final.jar:?]
	at knot/io.netty.channel.nio.NioEventLoop.processSelectedKey(NioEventLoop.java:776) ~[netty-transport-4.1.97.Final.jar:?]
	at knot/io.netty.channel.nio.NioEventLoop.processSelectedKeysOptimized(NioEventLoop.java:724) ~[netty-transport-4.1.97.Final.jar:?]
	at knot/io.netty.channel.nio.NioEventLoop.processSelectedKeys(NioEventLoop.java:650) ~[netty-transport-4.1.97.Final.jar:?]
	at knot/io.netty.channel.nio.NioEventLoop.run(NioEventLoop.java:562) ~[netty-transport-4.1.97.Final.jar:?]
	at knot/io.netty.util.concurrent.SingleThreadEventExecutor$4.run(SingleThreadEventExecutor.java:997) ~[netty-common-4.1.97.Final.jar:?]
	at knot/io.netty.util.internal.ThreadExecutorMap$2.run(ThreadExecutorMap.java:74) ~[netty-common-4.1.97.Final.jar:?]
	at java.base/java.lang.Thread.run(Thread.java:1583) ~[?:?]
[11:31:50] [Render thread/INFO]: AIBot real-client auto-join watcher screen=net.minecraft.class_419
[11:31:55] [Render thread/INFO]: AIBot real-client auto-join 127.0.0.1:25565 (attempt 35)
[11:31:55] [Render thread/INFO]: Connecting to 127.0.0.1, 25565
[11:31:55] [Server Connector #35/ERROR]: Couldn't connect to server
io.netty.channel.AbstractChannel$AnnotatedConnectException: Connection refused: getsockopt: kubernetes.docker.internal/127.0.0.1:25565
Caused by: java.net.ConnectException: Connection refused: getsockopt
	at java.base/sun.nio.ch.Net.pollConnect(Native Method) ~[?:?]
	at java.base/sun.nio.ch.Net.pollConnectNow(Net.java:694) ~[?:?]
	at java.base/sun.nio.ch.SocketChannelImpl.finishConnect(SocketChannelImpl.java:973) ~[?:?]
	at knot/io.netty.channel.socket.nio.NioSocketChannel.doFinishConnect(NioSocketChannel.java:337) ~[netty-transport-4.1.97.Final.jar:?]
	at knot/io.netty.channel.nio.AbstractNioChannel$AbstractNioUnsafe.finishConnect(AbstractNioChannel.java:334) ~[netty-transport-4.1.97.Final.jar:?]
	at knot/io.netty.channel.nio.NioEventLoop.processSelectedKey(NioEventLoop.java:776) ~[netty-transport-4.1.97.Final.jar:?]
	at knot/io.netty.channel.nio.NioEventLoop.processSelectedKeysOptimized(NioEventLoop.java:724) ~[netty-transport-4.1.97.Final.jar:?]
	at knot/io.netty.channel.nio.NioEventLoop.processSelectedKeys(NioEventLoop.java:650) ~[netty-transport-4.1.97.Final.jar:?]
	at knot/io.netty.channel.nio.NioEventLoop.run(NioEventLoop.java:562) ~[netty-transport-4.1.97.Final.jar:?]
	at knot/io.netty.util.concurrent.SingleThreadEventExecutor$4.run(SingleThreadEventExecutor.java:997) ~[netty-common-4.1.97.Final.jar:?]
	at knot/io.netty.util.internal.ThreadExecutorMap$2.run(ThreadExecutorMap.java:74) ~[netty-common-4.1.97.Final.jar:?]
	at java.base/java.lang.Thread.run(Thread.java:1583) ~[?:?]
[11:31:56] [aibot-real-client-connector/WARN]: real-client control connect/read failed: java.net.ConnectException: Connection refused: getsockopt
[11:32:00] [Render thread/INFO]: AIBot real-client auto-join 127.0.0.1:25565 (attempt 36)
[11:32:00] [Render thread/INFO]: Connecting to 127.0.0.1, 25565
[11:32:00] [Render thread/INFO]: AIBot real-client auto-join watcher screen=net.minecraft.class_412
[11:32:00] [Server Connector #36/ERROR]: Couldn't connect to server
io.netty.channel.AbstractChannel$AnnotatedConnectException: Connection refused: getsockopt: kubernetes.docker.internal/127.0.0.1:25565
Caused by: java.net.ConnectException: Connection refused: getsockopt
	at java.base/sun.nio.ch.Net.pollConnect(Native Method) ~[?:?]
	at java.base/sun.nio.ch.Net.pollConnectNow(Net.java:694) ~[?:?]
	at java.base/sun.nio.ch.SocketChannelImpl.finishConnect(SocketChannelImpl.java:973) ~[?:?]
	at knot/io.netty.channel.socket.nio.NioSocketChannel.doFinishConnect(NioSocketChannel.java:337) ~[netty-transport-4.1.97.Final.jar:?]
	at knot/io.netty.channel.nio.AbstractNioChannel$AbstractNioUnsafe.finishConnect(AbstractNioChannel.java:334) ~[netty-transport-4.1.97.Final.jar:?]
	at knot/io.netty.channel.nio.NioEventLoop.processSelectedKey(NioEventLoop.java:776) ~[netty-transport-4.1.97.Final.jar:?]
	at knot/io.netty.channel.nio.NioEventLoop.processSelectedKeysOptimized(NioEventLoop.java:724) ~[netty-transport-4.1.97.Final.jar:?]
	at knot/io.netty.channel.nio.NioEventLoop.processSelectedKeys(NioEventLoop.java:650) ~[netty-transport-4.1.97.Final.jar:?]
	at knot/io.netty.channel.nio.NioEventLoop.run(NioEventLoop.java:562) ~[netty-transport-4.1.97.Final.jar:?]
	at knot/io.netty.util.concurrent.SingleThreadEventExecutor$4.run(SingleThreadEventExecutor.java:997) ~[netty-common-4.1.97.Final.jar:?]
	at knot/io.netty.util.internal.ThreadExecutorMap$2.run(ThreadExecutorMap.java:74) ~[netty-common-4.1.97.Final.jar:?]
	at java.base/java.lang.Thread.run(Thread.java:1583) ~[?:?]
[11:32:00] [Render thread/INFO]: AIBot real-client auto-join watcher screen=net.minecraft.class_419
[11:32:04] [aibot-real-client-connector/WARN]: real-client control connect/read failed: java.net.ConnectException: Connection refused: getsockopt
[11:32:05] [Render thread/INFO]: AIBot real-client auto-join 127.0.0.1:25565 (attempt 37)
[11:32:05] [Render thread/INFO]: Connecting to 127.0.0.1, 25565
[11:32:05] [Server Connector #37/ERROR]: Couldn't connect to server
io.netty.channel.AbstractChannel$AnnotatedConnectException: Connection refused: getsockopt: kubernetes.docker.internal/127.0.0.1:25565
Caused by: java.net.ConnectException: Connection refused: getsockopt
	at java.base/sun.nio.ch.Net.pollConnect(Native Method) ~[?:?]
	at java.base/sun.nio.ch.Net.pollConnectNow(Net.java:694) ~[?:?]
	at java.base/sun.nio.ch.SocketChannelImpl.finishConnect(SocketChannelImpl.java:973) ~[?:?]
	at knot/io.netty.channel.socket.nio.NioSocketChannel.doFinishConnect(NioSocketChannel.java:337) ~[netty-transport-4.1.97.Final.jar:?]
	at knot/io.netty.channel.nio.AbstractNioChannel$AbstractNioUnsafe.finishConnect(AbstractNioChannel.java:334) ~[netty-transport-4.1.97.Final.jar:?]
	at knot/io.netty.channel.nio.NioEventLoop.processSelectedKey(NioEventLoop.java:776) ~[netty-transport-4.1.97.Final.jar:?]
	at knot/io.netty.channel.nio.NioEventLoop.processSelectedKeysOptimized(NioEventLoop.java:724) ~[netty-transport-4.1.97.Final.jar:?]
	at knot/io.netty.channel.nio.NioEventLoop.processSelectedKeys(NioEventLoop.java:650) ~[netty-transport-4.1.97.Final.jar:?]
	at knot/io.netty.channel.nio.NioEventLoop.run(NioEventLoop.java:562) ~[netty-transport-4.1.97.Final.jar:?]
	at knot/io.netty.util.concurrent.SingleThreadEventExecutor$4.run(SingleThreadEventExecutor.java:997) ~[netty-common-4.1.97.Final.jar:?]
	at knot/io.netty.util.internal.ThreadExecutorMap$2.run(ThreadExecutorMap.java:74) ~[netty-common-4.1.97.Final.jar:?]
	at java.base/java.lang.Thread.run(Thread.java:1583) ~[?:?]
[11:32:10] [Render thread/INFO]: AIBot real-client auto-join 127.0.0.1:25565 (attempt 38)
[11:32:10] [Render thread/INFO]: Connecting to 127.0.0.1, 25565
[11:32:10] [Render thread/INFO]: AIBot real-client auto-join watcher screen=net.minecraft.class_412
[11:32:12] [aibot-real-client-connector/WARN]: real-client control connect/read failed: java.net.ConnectException: Connection refused: getsockopt
[11:32:14] [Netty Client IO #5/INFO]: Received server config
[11:32:17] [Render thread/INFO]: AIBot real-client game session incarnation epoch=a9e0a084-a449-454e-a4db-41185b89c10b seq=0 window_mode=background
[11:32:17] [Render thread/INFO]: Loaded 87 advancements
[11:32:20] [aibot-real-client-connector/WARN]: real-client control connect/read failed: java.net.ConnectException: Connection refused: getsockopt
[11:32:30] [main/INFO]: Loading Minecraft 1.21.3 with Fabric Loader 0.19.5
[11:32:30] [main/INFO]: Loading 57 mods:
	- aibot 0.0.1
	- fabric-api 0.114.1+1.21.3
	   |-- fabric-api-base 0.4.50+119c825640
	   |-- fabric-api-lookup-api-v1 1.6.81+fd37071f40
	   |-- fabric-biome-api-v1 14.0.7+add2a48640
	   |-- fabric-block-api-v1 1.0.28+fd37071f40
	   |-- fabric-block-view-api-v2 1.0.16+fd37071f40
	   |-- fabric-blockrenderlayer-v1 2.0.4+fd37071f40
	   |-- fabric-client-tags-api-v1 1.1.25+a730659c40
	   |-- fabric-command-api-v1 1.2.58+f71b366f40
	   |-- fabric-command-api-v2 2.2.37+c9d82ab240
	   |-- fabric-commands-v0 0.2.75+df3654b340
	   |-- fabric-content-registries-v0 9.1.8+fd37071f40
	   |-- fabric-convention-tags-v1 2.1.4+7f945d5b40
	   |-- fabric-convention-tags-v2 2.9.4+129f0c1f40
	   |-- fabric-crash-report-info-v1 0.3.3+fd37071f40
	   |-- fabric-data-attachment-api-v1 1.4.0+dbad41f140
	   |-- fabric-data-generation-api-v1 21.1.2+a730659c40
	   |-- fabric-dimensions-v1 4.0.7+fd37071f40
	   |-- fabric-entity-events-v1 2.0.8+825023f840
	   |-- fabric-events-interaction-v0 2.0.12+c2c3ac4740
	   |-- fabric-game-rule-api-v1 1.0.59+fd37071f40
	   |-- fabric-item-api-v1 11.1.7+fd37071f40
	   |-- fabric-item-group-api-v1 4.1.17+fd37071f40
	   |-- fabric-key-binding-api-v1 1.0.53+fd37071f40
	   |-- fabric-keybindings-v0 0.2.51+df3654b340
	   |-- fabric-lifecycle-events-v1 2.5.1+6da5ef6940
	   |-- fabric-loot-api-v2 3.0.26+3f89f5a540
	   |-- fabric-loot-api-v3 1.0.14+fd37071f40
	   |-- fabric-message-api-v1 6.0.22+5a9b22c640
	   |-- fabric-model-loading-api-v1 3.0.9+fd37071f40
	   |-- fabric-networking-api-v1 4.3.5+fd37071f40
	   |-- fabric-object-builder-api-v1 17.0.9+fd37071f40
	   |-- fabric-particles-v1 4.0.10+fd37071f40
	   |-- fabric-recipe-api-v1 7.0.5+8ea69ff840
	   |-- fabric-registry-sync-v0 5.4.1+3f3c499540
	   |-- fabric-renderer-api-v1 4.0.5+fd37071f40
	   |-- fabric-renderer-indigo 1.9.5+fd37071f40
	   |-- fabric-rendering-data-attachment-v1 0.3.54+73761d2e40
	   |-- fabric-rendering-fluids-v1 3.1.15+fd37071f40
	   |-- fabric-rendering-v0 1.1.84+df3654b340
	   |-- fabric-rendering-v1 8.0.8+6922831640
	   |-- fabric-resource-conditions-api-v1 5.0.8+fd37071f40
	   |-- fabric-resource-loader-v0 3.0.6+fd37071f40
	   |-- fabric-screen-api-v1 2.0.34+fd37071f40
	   |-- fabric-screen-handler-api-v1 1.3.103+fd37071f40
	   |-- fabric-sound-api-v1 1.0.29+fd37071f40
	   |-- fabric-tag-api-v1 1.0.0+a730659c40
	   |-- fabric-transfer-api-v1 5.4.3+cb44d14340
	   \-- fabric-transitive-access-wideners-v1 6.2.0+54a41b1c40
	- fabricloader 0.19.5
	   \-- mixinextras 0.5.5
	- java 21
	- minecraft 1.21.3
	- toms_storage 2.1.2
	   \-- cloth-config 15.0.127
	        \-- cloth-basic-math 0.6.1
[11:32:31] [main/INFO]: SpongePowered MIXIN Subsystem Version=0.8.7 Source=file:/D:/software/mc/.minecraft/libraries/net/fabricmc/sponge-mixin/0.17.4+mixin.0.8.7/sponge-mixin-0.17.4+mixin.0.8.7.jar Service=Knot/Fabric Env=CLIENT
[11:32:35] [main/INFO]: Initializing MixinExtras via com.llamalad7.mixinextras.service.MixinExtrasServiceImpl(version=0.5.5).
[11:32:54] [Datafixer Bootstrap/INFO]: 237 Datafixer optimizations took 18125 milliseconds
[11:33:03] [Render thread/INFO]: Environment: Environment[sessionHost=https://sessionserver.mojang.com, servicesHost=https://api.minecraftservices.com, name=PROD]
[11:33:03] [Render thread/INFO]: Setting user: Bob
[11:33:03] [Render thread/INFO]: [AIBot] CONFIG event=operating_profile_resolved bot=- {source=FILE_OR_DEFAULT, profile=strict_survival, configured_manual_teleport=true, effective_capabilities=[], configured_emergency_teleport=true, configured_hidden_block_scan=true, configured_forced_pickup=true}
[11:33:03] [Render thread/WARN]: [AIBot] CONFIG event=deepseek_key_missing bot=- {}
[11:33:03] [Render thread/INFO]: [AIBot] LIFECYCLE event=mod_loaded bot=- {version=0.0.1}
[11:33:03] [Render thread/INFO]: [AIBot] CONFIG event=config_loaded bot=- {nav_lookahead=4, profile=strict_survival, pickup_force_radius=2.75, perception_radius=16, effective_capabilities=[], deepseek_model=deepseek-v4-flash, configured_operator_capabilities=OperatorCapabilities[hiddenBlockScan=true, emergencyTeleport=true, forcedPickup=true, manualTeleport=true], logging_enabled=true}
[11:33:03] [Render thread/INFO]: ================================
[11:33:03] [Render thread/INFO]:   AIBot v0.0.1 loaded
[11:33:03] [Render thread/INFO]:   Mode: M6 structured logs over M5 tasks
[11:33:03] [Render thread/INFO]: ================================
[11:33:04] [Render thread/INFO]: Tom's Storage Setup starting
[11:33:05] [Render thread/INFO]: AIBot real-client runtime enabled body_id=bob player=Bob control=127.0.0.1:18766 auto_join=127.0.0.1:25565 window_mode=background runtime_namespace=intermediary
[11:33:05] [aibot-real-client-connector/INFO]: AIBot real-client control connected body_id=bob session=71c95e78-79fd-4875-b7a3-3bde48a3c0ba window_mode=background
[11:33:05] [Render thread/INFO]: [Indigo] Registering Indigo renderer!
[11:33:06] [Render thread/INFO]: Backend library: LWJGL version 3.3.3-snapshot
[11:33:09] [Yggdrasil Key Fetcher/ERROR]: Failed to request yggdrasil public key
com.mojang.authlib.exceptions.MinecraftClientException: Failed to read from https://api.minecraftservices.com/publickeys due to Read timed out
	at knot/com.mojang.authlib.minecraft.client.MinecraftClient.readInputStream(MinecraftClient.java:108) ~[authlib-6.0.55.jar:?]
	at knot/com.mojang.authlib.minecraft.client.MinecraftClient.get(MinecraftClient.java:57) ~[authlib-6.0.55.jar:?]
	at knot/com.mojang.authlib.yggdrasil.YggdrasilServicesKeyInfo.fetch(YggdrasilServicesKeyInfo.java:114) ~[authlib-6.0.55.jar:?]
	at knot/com.mojang.authlib.yggdrasil.YggdrasilServicesKeyInfo$1.run(YggdrasilServicesKeyInfo.java:89) ~[authlib-6.0.55.jar:?]
	at java.base/java.util.concurrent.Executors$RunnableAdapter.call(Executors.java:572) ~[?:?]
	at java.base/java.util.concurrent.FutureTask.run(FutureTask.java:317) ~[?:?]
	at java.base/java.util.concurrent.ScheduledThreadPoolExecutor$ScheduledFutureTask.run(ScheduledThreadPoolExecutor.java:304) ~[?:?]
	at java.base/java.util.concurrent.ThreadPoolExecutor.runWorker(ThreadPoolExecutor.java:1144) ~[?:?]
	at java.base/java.util.concurrent.ThreadPoolExecutor$Worker.run(ThreadPoolExecutor.java:642) ~[?:?]
	at java.base/java.lang.Thread.run(Thread.java:1583) [?:?]
Caused by: java.net.SocketTimeoutException: Read timed out
	at java.base/sun.nio.ch.NioSocketImpl.timedRead(NioSocketImpl.java:278) ~[?:?]
	at java.base/sun.nio.ch.NioSocketImpl.implRead(NioSocketImpl.java:304) ~[?:?]
	at java.base/sun.nio.ch.NioSocketImpl.read(NioSocketImpl.java:346) ~[?:?]
	at java.base/sun.nio.ch.NioSocketImpl$1.read(NioSocketImpl.java:796) ~[?:?]
	at java.base/java.net.Socket$SocketInputStream.read(Socket.java:1099) ~[?:?]
	at java.base/sun.security.ssl.SSLSocketInputRecord.read(SSLSocketInputRecord.java:489) ~[?:?]
	at java.base/sun.security.ssl.SSLSocketInputRecord.readHeader(SSLSocketInputRecord.java:483) ~[?:?]
	at java.base/sun.security.ssl.SSLSocketInputRecord.decode(SSLSocketInputRecord.java:160) ~[?:?]
	at java.base/sun.security.ssl.SSLTransport.decode(SSLTransport.java:111) ~[?:?]
	at java.base/sun.security.ssl.SSLSocketImpl.decode(SSLSocketImpl.java:1505) ~[?:?]
	at java.base/sun.security.ssl.SSLSocketImpl.readHandshakeRecord(SSLSocketImpl.java:1420) ~[?:?]
	at java.base/sun.security.ssl.SSLSocketImpl.startHandshake(SSLSocketImpl.java:455) ~[?:?]
	at java.base/sun.security.ssl.SSLSocketImpl.startHandshake(SSLSocketImpl.java:426) ~[?:?]
	at java.base/sun.net.www.protocol.https.HttpsClient.afterConnect(HttpsClient.java:593) ~[?:?]
	at java.base/sun.net.www.protocol.https.AbstractDelegateHttpsURLConnection.connect(AbstractDelegateHttpsURLConnection.java:190) ~[?:?]
	at java.base/sun.net.www.protocol.http.HttpURLConnection.getInputStream0(HttpURLConnection.java:1707) ~[?:?]
	at java.base/sun.net.www.protocol.http.HttpURLConnection.getInputStream(HttpURLConnection.java:1632) ~[?:?]
	at java.base/java.net.HttpURLConnection.getResponseCode(HttpURLConnection.java:531) ~[?:?]
	at java.base/sun.net.www.protocol.https.HttpsURLConnectionImpl.getResponseCode(HttpsURLConnectionImpl.java:307) ~[?:?]
	at knot/com.mojang.authlib.minecraft.client.MinecraftClient.readInputStream(MinecraftClient.java:84) ~[authlib-6.0.55.jar:?]
	... 9 more
[11:33:09] [Download-1/WARN]: Couldn't look up profile properties for faa5dca3-c3d4-354b-ae1b-dde9e5a14b3b
com.mojang.authlib.exceptions.MinecraftClientException: Failed to read from https://sessionserver.mojang.com/session/minecraft/profile/faa5dca3c3d4354bae1bdde9e5a14b3b?unsigned=false due to Read timed out
	at knot/com.mojang.authlib.minecraft.client.MinecraftClient.readInputStream(MinecraftClient.java:108) ~[authlib-6.0.55.jar:?]
	at knot/com.mojang.authlib.minecraft.client.MinecraftClient.get(MinecraftClient.java:57) ~[authlib-6.0.55.jar:?]
	at knot/com.mojang.authlib.yggdrasil.YggdrasilMinecraftSessionService.fetchProfileUncached(YggdrasilMinecraftSessionService.java:201) ~[authlib-6.0.55.jar:?]
	at knot/com.mojang.authlib.yggdrasil.YggdrasilMinecraftSessionService.fetchProfile(YggdrasilMinecraftSessionService.java:171) ~[authlib-6.0.55.jar:?]
	at knot/net.minecraft.class_310.method_53464(class_310.java:459) ~[client-intermediary.jar:?]
	at java.base/java.util.concurrent.CompletableFuture$AsyncSupply.run(CompletableFuture.java:1768) ~[?:?]
	at java.base/java.util.concurrent.ThreadPoolExecutor.runWorker(ThreadPoolExecutor.java:1144) ~[?:?]
	at java.base/java.util.concurrent.ThreadPoolExecutor$Worker.run(ThreadPoolExecutor.java:642) ~[?:?]
	at java.base/java.lang.Thread.run(Thread.java:1583) [?:?]
Caused by: java.net.SocketTimeoutException: Read timed out
	at java.base/sun.nio.ch.NioSocketImpl.timedRead(NioSocketImpl.java:278) ~[?:?]
	at java.base/sun.nio.ch.NioSocketImpl.implRead(NioSocketImpl.java:304) ~[?:?]
	at java.base/sun.nio.ch.NioSocketImpl.read(NioSocketImpl.java:346) ~[?:?]
	at java.base/sun.nio.ch.NioSocketImpl$1.read(NioSocketImpl.java:796) ~[?:?]
	at java.base/java.net.Socket$SocketInputStream.read(Socket.java:1099) ~[?:?]
	at java.base/sun.security.ssl.SSLSocketInputRecord.read(SSLSocketInputRecord.java:489) ~[?:?]
	at java.base/sun.security.ssl.SSLSocketInputRecord.readHeader(SSLSocketInputRecord.java:483) ~[?:?]
	at java.base/sun.security.ssl.SSLSocketInputRecord.decode(SSLSocketInputRecord.java:160) ~[?:?]
	at java.base/sun.security.ssl.SSLTransport.decode(SSLTransport.java:111) ~[?:?]
	at java.base/sun.security.ssl.SSLSocketImpl.decode(SSLSocketImpl.java:1505) ~[?:?]
	at java.base/sun.security.ssl.SSLSocketImpl.readHandshakeRecord(SSLSocketImpl.java:1420) ~[?:?]
	at java.base/sun.security.ssl.SSLSocketImpl.startHandshake(SSLSocketImpl.java:455) ~[?:?]
	at java.base/sun.security.ssl.SSLSocketImpl.startHandshake(SSLSocketImpl.java:426) ~[?:?]
	at java.base/sun.net.www.protocol.https.HttpsClient.afterConnect(HttpsClient.java:593) ~[?:?]
	at java.base/sun.net.www.protocol.https.AbstractDelegateHttpsURLConnection.connect(AbstractDelegateHttpsURLConnection.java:190) ~[?:?]
	at java.base/sun.net.www.protocol.http.HttpURLConnection.getInputStream0(HttpURLConnection.java:1707) ~[?:?]
	at java.base/sun.net.www.protocol.http.HttpURLConnection.getInputStream(HttpURLConnection.java:1632) ~[?:?]
	at java.base/java.net.HttpURLConnection.getResponseCode(HttpURLConnection.java:531) ~[?:?]
	at java.base/sun.net.www.protocol.https.HttpsURLConnectionImpl.getResponseCode(HttpsURLConnectionImpl.java:307) ~[?:?]
	at knot/com.mojang.authlib.minecraft.client.MinecraftClient.readInputStream(MinecraftClient.java:84) ~[authlib-6.0.55.jar:?]
	... 8 more
[11:33:09] [Render thread/INFO]: Reloading ResourceManager: vanilla, fabric, aibot, cloth-config, fabric-api, fabric-api-base, fabric-api-lookup-api-v1, fabric-biome-api-v1, fabric-block-api-v1, fabric-block-view-api-v2, fabric-blockrenderlayer-v1, fabric-client-tags-api-v1, fabric-command-api-v1, fabric-command-api-v2, fabric-commands-v0, fabric-content-registries-v0, fabric-convention-tags-v1, fabric-convention-tags-v2, fabric-crash-report-info-v1, fabric-data-attachment-api-v1, fabric-data-generation-api-v1, fabric-dimensions-v1, fabric-entity-events-v1, fabric-events-interaction-v0, fabric-game-rule-api-v1, fabric-item-api-v1, fabric-item-group-api-v1, fabric-key-binding-api-v1, fabric-keybindings-v0, fabric-lifecycle-events-v1, fabric-loot-api-v2, fabric-loot-api-v3, fabric-message-api-v1, fabric-model-loading-api-v1, fabric-networking-api-v1, fabric-object-builder-api-v1, fabric-particles-v1, fabric-recipe-api-v1, fabric-registry-sync-v0, fabric-renderer-api-v1, fabric-renderer-indigo, fabric-rendering-data-attachment-v1, fabric-rendering-fluids-v1, fabric-rendering-v0, fabric-rendering-v1, fabric-resource-conditions-api-v1, fabric-resource-loader-v0, fabric-screen-api-v1, fabric-screen-handler-api-v1, fabric-sound-api-v1, fabric-tag-api-v1, fabric-transfer-api-v1, fabric-transitive-access-wideners-v1, fabricloader, toms_storage
[11:33:09] [Render thread/INFO]: AIBot real-client auto-join watcher screen=net.minecraft.class_424
[11:33:10] [Worker-Main-4/INFO]: Found unifont_all_no_pua-15.1.05.hex, loading
[11:33:10] [Worker-Main-8/INFO]: Found unifont_jp_patch-15.1.05.hex, loading
[11:33:13] [Render thread/WARN]: Missing sound for event: minecraft:block.spawner.fall
[11:33:13] [Render thread/INFO]: OpenAL initialized on device OpenAL Soft on 扬声器 (Steam Streaming Speakers)
[11:33:13] [Render thread/INFO]: Sound engine started
[11:33:14] [Render thread/INFO]: Created: 1024x512x4 minecraft:textures/atlas/blocks.png-atlas
[11:33:14] [Render thread/INFO]: Created: 256x256x4 minecraft:textures/atlas/signs.png-atlas
[11:33:14] [Render thread/INFO]: Created: 512x512x4 minecraft:textures/atlas/shield_patterns.png-atlas
[11:33:14] [Render thread/INFO]: Created: 512x512x4 minecraft:textures/atlas/banner_patterns.png-atlas
[11:33:14] [Render thread/INFO]: Created: 1024x1024x4 minecraft:textures/atlas/armor_trims.png-atlas
[11:33:14] [Render thread/INFO]: Created: 128x64x4 minecraft:textures/atlas/decorated_pot.png-atlas
[11:33:14] [Render thread/INFO]: Created: 256x256x4 minecraft:textures/atlas/chest.png-atlas
[11:33:14] [Render thread/INFO]: Created: 512x256x4 minecraft:textures/atlas/shulker_boxes.png-atlas
[11:33:14] [Render thread/INFO]: Created: 512x256x4 minecraft:textures/atlas/beds.png-atlas
[11:33:14] [Render thread/INFO]: Created: 64x64x0 minecraft:textures/atlas/map_decorations.png-atlas
[11:33:14] [Render thread/INFO]: Created: 512x256x0 minecraft:textures/atlas/particles.png-atlas
[11:33:14] [Render thread/INFO]: Created: 512x256x0 minecraft:textures/atlas/paintings.png-atlas
[11:33:14] [Render thread/INFO]: Created: 256x128x0 minecraft:textures/atlas/mob_effects.png-atlas
[11:33:14] [Render thread/INFO]: Created: 1024x512x0 minecraft:textures/atlas/gui.png-atlas
[11:33:14] [Render thread/INFO]: AIBot real-client auto-join watcher screen=net.minecraft.class_442
[11:33:14] [Render thread/INFO]: AIBot real-client auto-join 127.0.0.1:25565 (attempt 1)
[11:33:14] [Render thread/INFO]: Connecting to 127.0.0.1, 25565
[11:33:14] [Render thread/INFO]: AIBot real-client auto-join watcher screen=net.minecraft.class_412
[11:33:17] [Netty Client IO #0/INFO]: Received server config
[11:33:19] [Render thread/INFO]: AIBot real-client game session incarnation epoch=b1241b33-6cf2-482e-a971-8cdc87e45e5b seq=0 window_mode=background
[11:33:19] [Render thread/WARN]: Ignoring chat session from Bob due to missing Services public key
[11:33:19] [Render thread/INFO]: Loaded 87 advancements
[11:47:00] [aibot-real-client-connector/WARN]: real-client control connect/read failed: java.net.SocketException: Connection reset
[11:47:01] [aibot-real-client-connector/WARN]: real-client control connect/read failed: java.net.ConnectException: Connection refused: getsockopt
[11:47:03] [aibot-real-client-connector/WARN]: real-client control connect/read failed: java.net.ConnectException: Connection refused: getsockopt
[11:47:07] [aibot-real-client-connector/WARN]: real-client control connect/read failed: java.net.ConnectException: Connection refused: getsockopt
[11:47:15] [aibot-real-client-connector/WARN]: real-client control connect/read failed: java.net.ConnectException: Connection refused: getsockopt
[11:47:21] [main/INFO]: Loading Minecraft 1.21.3 with Fabric Loader 0.19.5
[11:47:22] [main/INFO]: Loading 57 mods:
	- aibot 0.0.1
	- fabric-api 0.114.1+1.21.3
	   |-- fabric-api-base 0.4.50+119c825640
	   |-- fabric-api-lookup-api-v1 1.6.81+fd37071f40
	   |-- fabric-biome-api-v1 14.0.7+add2a48640
	   |-- fabric-block-api-v1 1.0.28+fd37071f40
	   |-- fabric-block-view-api-v2 1.0.16+fd37071f40
	   |-- fabric-blockrenderlayer-v1 2.0.4+fd37071f40
	   |-- fabric-client-tags-api-v1 1.1.25+a730659c40
	   |-- fabric-command-api-v1 1.2.58+f71b366f40
	   |-- fabric-command-api-v2 2.2.37+c9d82ab240
	   |-- fabric-commands-v0 0.2.75+df3654b340
	   |-- fabric-content-registries-v0 9.1.8+fd37071f40
	   |-- fabric-convention-tags-v1 2.1.4+7f945d5b40
	   |-- fabric-convention-tags-v2 2.9.4+129f0c1f40
	   |-- fabric-crash-report-info-v1 0.3.3+fd37071f40
	   |-- fabric-data-attachment-api-v1 1.4.0+dbad41f140
	   |-- fabric-data-generation-api-v1 21.1.2+a730659c40
	   |-- fabric-dimensions-v1 4.0.7+fd37071f40
	   |-- fabric-entity-events-v1 2.0.8+825023f840
	   |-- fabric-events-interaction-v0 2.0.12+c2c3ac4740
	   |-- fabric-game-rule-api-v1 1.0.59+fd37071f40
	   |-- fabric-item-api-v1 11.1.7+fd37071f40
	   |-- fabric-item-group-api-v1 4.1.17+fd37071f40
	   |-- fabric-key-binding-api-v1 1.0.53+fd37071f40
	   |-- fabric-keybindings-v0 0.2.51+df3654b340
	   |-- fabric-lifecycle-events-v1 2.5.1+6da5ef6940
	   |-- fabric-loot-api-v2 3.0.26+3f89f5a540
	   |-- fabric-loot-api-v3 1.0.14+fd37071f40
	   |-- fabric-message-api-v1 6.0.22+5a9b22c640
	   |-- fabric-model-loading-api-v1 3.0.9+fd37071f40
	   |-- fabric-networking-api-v1 4.3.5+fd37071f40
	   |-- fabric-object-builder-api-v1 17.0.9+fd37071f40
	   |-- fabric-particles-v1 4.0.10+fd37071f40
	   |-- fabric-recipe-api-v1 7.0.5+8ea69ff840
	   |-- fabric-registry-sync-v0 5.4.1+3f3c499540
	   |-- fabric-renderer-api-v1 4.0.5+fd37071f40
	   |-- fabric-renderer-indigo 1.9.5+fd37071f40
	   |-- fabric-rendering-data-attachment-v1 0.3.54+73761d2e40
	   |-- fabric-rendering-fluids-v1 3.1.15+fd37071f40
	   |-- fabric-rendering-v0 1.1.84+df3654b340
	   |-- fabric-rendering-v1 8.0.8+6922831640
	   |-- fabric-resource-conditions-api-v1 5.0.8+fd37071f40
	   |-- fabric-resource-loader-v0 3.0.6+fd37071f40
	   |-- fabric-screen-api-v1 2.0.34+fd37071f40
	   |-- fabric-screen-handler-api-v1 1.3.103+fd37071f40
	   |-- fabric-sound-api-v1 1.0.29+fd37071f40
	   |-- fabric-tag-api-v1 1.0.0+a730659c40
	   |-- fabric-transfer-api-v1 5.4.3+cb44d14340
	   \-- fabric-transitive-access-wideners-v1 6.2.0+54a41b1c40
	- fabricloader 0.19.5
	   \-- mixinextras 0.5.5
	- java 21
	- minecraft 1.21.3
	- toms_storage 2.1.2
	   \-- cloth-config 15.0.127
	        \-- cloth-basic-math 0.6.1
[11:47:22] [main/INFO]: SpongePowered MIXIN Subsystem Version=0.8.7 Source=file:/D:/software/mc/.minecraft/libraries/net/fabricmc/sponge-mixin/0.17.4+mixin.0.8.7/sponge-mixin-0.17.4+mixin.0.8.7.jar Service=Knot/Fabric Env=CLIENT
[11:47:24] [main/INFO]: Initializing MixinExtras via com.llamalad7.mixinextras.service.MixinExtrasServiceImpl(version=0.5.5).
[11:47:25] [Datafixer Bootstrap/INFO]: 237 Datafixer optimizations took 568 milliseconds
[11:47:33] [Render thread/INFO]: Environment: Environment[sessionHost=https://sessionserver.mojang.com, servicesHost=https://api.minecraftservices.com, name=PROD]
[11:47:33] [Render thread/INFO]: Setting user: Bob
[11:47:34] [Render thread/INFO]: [AIBot] CONFIG event=operating_profile_resolved bot=- {configured_manual_teleport=true, effective_capabilities=[], configured_emergency_teleport=true, configured_hidden_block_scan=true, configured_forced_pickup=true, source=FILE_OR_DEFAULT, profile=strict_survival}
[11:47:34] [Render thread/WARN]: [AIBot] CONFIG event=deepseek_key_missing bot=- {}
[11:47:34] [Render thread/INFO]: [AIBot] LIFECYCLE event=mod_loaded bot=- {version=0.0.1}
[11:47:34] [Render thread/INFO]: [AIBot] CONFIG event=config_loaded bot=- {effective_capabilities=[], deepseek_model=deepseek-v4-flash, configured_operator_capabilities=OperatorCapabilities[hiddenBlockScan=true, emergencyTeleport=true, forcedPickup=true, manualTeleport=true], logging_enabled=true, nav_lookahead=4, profile=strict_survival, pickup_force_radius=2.75, perception_radius=16}
[11:47:34] [Render thread/INFO]: ================================
[11:47:34] [Render thread/INFO]:   AIBot v0.0.1 loaded
[11:47:34] [Render thread/INFO]:   Mode: M6 structured logs over M5 tasks
[11:47:34] [Render thread/INFO]: ================================
[11:47:34] [Render thread/INFO]: Tom's Storage Setup starting
[11:47:35] [aibot-real-client-connector/INFO]: AIBot real-client control connected body_id=bob session=d8821cad-c3e9-452c-9db1-76b87209e0c0 window_mode=background
[11:47:35] [Render thread/INFO]: AIBot real-client runtime enabled body_id=bob player=Bob control=127.0.0.1:18766 auto_join=127.0.0.1:25565 window_mode=background runtime_namespace=intermediary
[11:47:35] [Render thread/INFO]: [Indigo] Registering Indigo renderer!
[11:47:36] [Render thread/INFO]: Backend library: LWJGL version 3.3.3-snapshot
[11:47:37] [Render thread/INFO]: Reloading ResourceManager: vanilla, fabric, aibot, cloth-config, fabric-api, fabric-api-base, fabric-api-lookup-api-v1, fabric-biome-api-v1, fabric-block-api-v1, fabric-block-view-api-v2, fabric-blockrenderlayer-v1, fabric-client-tags-api-v1, fabric-command-api-v1, fabric-command-api-v2, fabric-commands-v0, fabric-content-registries-v0, fabric-convention-tags-v1, fabric-convention-tags-v2, fabric-crash-report-info-v1, fabric-data-attachment-api-v1, fabric-data-generation-api-v1, fabric-dimensions-v1, fabric-entity-events-v1, fabric-events-interaction-v0, fabric-game-rule-api-v1, fabric-item-api-v1, fabric-item-group-api-v1, fabric-key-binding-api-v1, fabric-keybindings-v0, fabric-lifecycle-events-v1, fabric-loot-api-v2, fabric-loot-api-v3, fabric-message-api-v1, fabric-model-loading-api-v1, fabric-networking-api-v1, fabric-object-builder-api-v1, fabric-particles-v1, fabric-recipe-api-v1, fabric-registry-sync-v0, fabric-renderer-api-v1, fabric-renderer-indigo, fabric-rendering-data-attachment-v1, fabric-rendering-fluids-v1, fabric-rendering-v0, fabric-rendering-v1, fabric-resource-conditions-api-v1, fabric-resource-loader-v0, fabric-screen-api-v1, fabric-screen-handler-api-v1, fabric-sound-api-v1, fabric-tag-api-v1, fabric-transfer-api-v1, fabric-transitive-access-wideners-v1, fabricloader, toms_storage
[11:47:37] [Worker-Main-14/INFO]: Found unifont_all_no_pua-15.1.05.hex, loading
[11:47:37] [Worker-Main-9/INFO]: Found unifont_jp_patch-15.1.05.hex, loading
[11:47:38] [Render thread/INFO]: AIBot real-client auto-join watcher screen=net.minecraft.class_424
[11:47:39] [Render thread/WARN]: Missing sound for event: minecraft:block.spawner.fall
[11:47:39] [Render thread/INFO]: OpenAL initialized on device OpenAL Soft on 扬声器 (Steam Streaming Speakers)
[11:47:39] [Render thread/INFO]: Sound engine started
[11:47:40] [Render thread/INFO]: Created: 1024x512x4 minecraft:textures/atlas/blocks.png-atlas
[11:47:40] [Render thread/INFO]: Created: 256x256x4 minecraft:textures/atlas/signs.png-atlas
[11:47:40] [Render thread/INFO]: Created: 512x512x4 minecraft:textures/atlas/shield_patterns.png-atlas
[11:47:40] [Render thread/INFO]: Created: 512x512x4 minecraft:textures/atlas/banner_patterns.png-atlas
[11:47:40] [Render thread/INFO]: Created: 1024x1024x4 minecraft:textures/atlas/armor_trims.png-atlas
[11:47:40] [Render thread/INFO]: Created: 256x256x4 minecraft:textures/atlas/chest.png-atlas
[11:47:40] [Render thread/INFO]: Created: 128x64x4 minecraft:textures/atlas/decorated_pot.png-atlas
[11:47:40] [Render thread/INFO]: Created: 512x256x4 minecraft:textures/atlas/beds.png-atlas
[11:47:40] [Render thread/INFO]: Created: 512x256x4 minecraft:textures/atlas/shulker_boxes.png-atlas
[11:47:40] [Render thread/INFO]: Created: 64x64x0 minecraft:textures/atlas/map_decorations.png-atlas
[11:47:40] [Render thread/INFO]: Created: 512x256x0 minecraft:textures/atlas/particles.png-atlas
[11:47:40] [Render thread/INFO]: Created: 512x256x0 minecraft:textures/atlas/paintings.png-atlas
[11:47:40] [Render thread/INFO]: Created: 256x128x0 minecraft:textures/atlas/mob_effects.png-atlas
[11:47:40] [Render thread/INFO]: Created: 1024x512x0 minecraft:textures/atlas/gui.png-atlas
[11:47:40] [Render thread/INFO]: AIBot real-client auto-join watcher screen=net.minecraft.class_442
[11:47:40] [Render thread/INFO]: AIBot real-client auto-join 127.0.0.1:25565 (attempt 1)
[11:47:40] [Render thread/INFO]: Connecting to 127.0.0.1, 25565
[11:47:40] [Render thread/INFO]: AIBot real-client auto-join watcher screen=net.minecraft.class_412
[11:47:42] [Netty Client IO #0/INFO]: Received server config
[11:47:43] [Render thread/INFO]: AIBot real-client game session incarnation epoch=9a22f065-c278-4713-9db0-fc46fe1b4b4b seq=0 window_mode=background
[11:47:43] [Render thread/INFO]: Loaded 87 advancements
[11:53:26] [aibot-real-client-connector/WARN]: real-client control connect/read failed: java.net.SocketException: Connection reset
[11:53:27] [aibot-real-client-connector/WARN]: real-client control connect/read failed: java.net.ConnectException: Connection refused: getsockopt
[11:53:29] [aibot-real-client-connector/WARN]: real-client control connect/read failed: java.net.ConnectException: Connection refused: getsockopt
[11:53:33] [aibot-real-client-connector/WARN]: real-client control connect/read failed: java.net.ConnectException: Connection refused: getsockopt
[11:53:41] [aibot-real-client-connector/WARN]: real-client control connect/read failed: java.net.ConnectException: Connection refused: getsockopt
[11:53:50] [aibot-real-client-connector/WARN]: real-client control connect/read failed: java.net.ConnectException: Connection refused: getsockopt
[11:53:58] [aibot-real-client-connector/WARN]: real-client control connect/read failed: java.net.ConnectException: Connection refused: getsockopt
[11:54:06] [aibot-real-client-connector/WARN]: real-client control connect/read failed: java.net.ConnectException: Connection refused: getsockopt
[11:54:14] [aibot-real-client-connector/WARN]: real-client control connect/read failed: java.net.ConnectException: Connection refused: getsockopt
[11:54:22] [aibot-real-client-connector/WARN]: real-client control connect/read failed: java.net.ConnectException: Connection refused: getsockopt
[11:54:30] [aibot-real-client-connector/WARN]: real-client control connect/read failed: java.net.ConnectException: Connection refused: getsockopt
[11:54:38] [aibot-real-client-connector/WARN]: real-client control connect/read failed: java.net.ConnectException: Connection refused: getsockopt
[11:54:46] [aibot-real-client-connector/WARN]: real-client control connect/read failed: java.net.ConnectException: Connection refused: getsockopt
[11:54:54] [aibot-real-client-connector/WARN]: real-client control connect/read failed: java.net.ConnectException: Connection refused: getsockopt
[11:55:02] [aibot-real-client-connector/WARN]: real-client control connect/read failed: java.net.ConnectException: Connection refused: getsockopt
[11:55:10] [aibot-real-client-connector/WARN]: real-client control connect/read failed: java.net.ConnectException: Connection refused: getsockopt
[11:55:18] [aibot-real-client-connector/WARN]: real-client control connect/read failed: java.net.ConnectException: Connection refused: getsockopt
[11:55:26] [aibot-real-client-connector/WARN]: real-client control connect/read failed: java.net.ConnectException: Connection refused: getsockopt
[11:55:34] [aibot-real-client-connector/WARN]: real-client control connect/read failed: java.net.ConnectException: Connection refused: getsockopt
[11:55:42] [aibot-real-client-connector/WARN]: real-client control connect/read failed: java.net.ConnectException: Connection refused: getsockopt
[11:55:50] [aibot-real-client-connector/WARN]: real-client control connect/read failed: java.net.ConnectException: Connection refused: getsockopt
[11:55:58] [aibot-real-client-connector/WARN]: real-client control connect/read failed: java.net.ConnectException: Connection refused: getsockopt
[11:56:06] [aibot-real-client-connector/WARN]: real-client control connect/read failed: java.net.ConnectException: Connection refused: getsockopt
[11:56:14] [aibot-real-client-connector/WARN]: real-client control connect/read failed: java.net.ConnectException: Connection refused: getsockopt
[11:56:22] [aibot-real-client-connector/WARN]: real-client control connect/read failed: java.net.ConnectException: Connection refused: getsockopt
[11:56:30] [aibot-real-client-connector/WARN]: real-client control connect/read failed: java.net.ConnectException: Connection refused: getsockopt
[11:56:38] [aibot-real-client-connector/WARN]: real-client control connect/read failed: java.net.ConnectException: Connection refused: getsockopt
[11:56:46] [aibot-real-client-connector/WARN]: real-client control connect/read failed: java.net.ConnectException: Connection refused: getsockopt
[11:56:54] [aibot-real-client-connector/WARN]: real-client control connect/read failed: java.net.ConnectException: Connection refused: getsockopt
[11:57:02] [main/INFO]: Loading Minecraft 1.21.3 with Fabric Loader 0.19.5
[11:57:02] [main/INFO]: Loading 57 mods:
	- aibot 0.0.1
	- fabric-api 0.114.1+1.21.3
	   |-- fabric-api-base 0.4.50+119c825640
	   |-- fabric-api-lookup-api-v1 1.6.81+fd37071f40
	   |-- fabric-biome-api-v1 14.0.7+add2a48640
	   |-- fabric-block-api-v1 1.0.28+fd37071f40
	   |-- fabric-block-view-api-v2 1.0.16+fd37071f40
	   |-- fabric-blockrenderlayer-v1 2.0.4+fd37071f40
	   |-- fabric-client-tags-api-v1 1.1.25+a730659c40
	   |-- fabric-command-api-v1 1.2.58+f71b366f40
	   |-- fabric-command-api-v2 2.2.37+c9d82ab240
	   |-- fabric-commands-v0 0.2.75+df3654b340
	   |-- fabric-content-registries-v0 9.1.8+fd37071f40
	   |-- fabric-convention-tags-v1 2.1.4+7f945d5b40
	   |-- fabric-convention-tags-v2 2.9.4+129f0c1f40
	   |-- fabric-crash-report-info-v1 0.3.3+fd37071f40
	   |-- fabric-data-attachment-api-v1 1.4.0+dbad41f140
	   |-- fabric-data-generation-api-v1 21.1.2+a730659c40
	   |-- fabric-dimensions-v1 4.0.7+fd37071f40
	   |-- fabric-entity-events-v1 2.0.8+825023f840
	   |-- fabric-events-interaction-v0 2.0.12+c2c3ac4740
	   |-- fabric-game-rule-api-v1 1.0.59+fd37071f40
	   |-- fabric-item-api-v1 11.1.7+fd37071f40
	   |-- fabric-item-group-api-v1 4.1.17+fd37071f40
	   |-- fabric-key-binding-api-v1 1.0.53+fd37071f40
	   |-- fabric-keybindings-v0 0.2.51+df3654b340
	   |-- fabric-lifecycle-events-v1 2.5.1+6da5ef6940
	   |-- fabric-loot-api-v2 3.0.26+3f89f5a540
	   |-- fabric-loot-api-v3 1.0.14+fd37071f40
	   |-- fabric-message-api-v1 6.0.22+5a9b22c640
	   |-- fabric-model-loading-api-v1 3.0.9+fd37071f40
	   |-- fabric-networking-api-v1 4.3.5+fd37071f40
	   |-- fabric-object-builder-api-v1 17.0.9+fd37071f40
	   |-- fabric-particles-v1 4.0.10+fd37071f40
	   |-- fabric-recipe-api-v1 7.0.5+8ea69ff840
	   |-- fabric-registry-sync-v0 5.4.1+3f3c499540
	   |-- fabric-renderer-api-v1 4.0.5+fd37071f40
	   |-- fabric-renderer-indigo 1.9.5+fd37071f40
	   |-- fabric-rendering-data-attachment-v1 0.3.54+73761d2e40
	   |-- fabric-rendering-fluids-v1 3.1.15+fd37071f40
	   |-- fabric-rendering-v0 1.1.84+df3654b340
	   |-- fabric-rendering-v1 8.0.8+6922831640
	   |-- fabric-resource-conditions-api-v1 5.0.8+fd37071f40
	   |-- fabric-resource-loader-v0 3.0.6+fd37071f40
	   |-- fabric-screen-api-v1 2.0.34+fd37071f40
	   |-- fabric-screen-handler-api-v1 1.3.103+fd37071f40
	   |-- fabric-sound-api-v1 1.0.29+fd37071f40
	   |-- fabric-tag-api-v1 1.0.0+a730659c40
	   |-- fabric-transfer-api-v1 5.4.3+cb44d14340
	   \-- fabric-transitive-access-wideners-v1 6.2.0+54a41b1c40
	- fabricloader 0.19.5
	   \-- mixinextras 0.5.5
	- java 21
	- minecraft 1.21.3
	- toms_storage 2.1.2
	   \-- cloth-config 15.0.127
	        \-- cloth-basic-math 0.6.1
[11:57:02] [main/INFO]: SpongePowered MIXIN Subsystem Version=0.8.7 Source=file:/D:/software/mc/.minecraft/libraries/net/fabricmc/sponge-mixin/0.17.4+mixin.0.8.7/sponge-mixin-0.17.4+mixin.0.8.7.jar Service=Knot/Fabric Env=CLIENT
[11:57:04] [main/INFO]: Initializing MixinExtras via com.llamalad7.mixinextras.service.MixinExtrasServiceImpl(version=0.5.5).
[11:57:05] [Datafixer Bootstrap/INFO]: 237 Datafixer optimizations took 444 milliseconds
[11:57:12] [Render thread/INFO]: Environment: Environment[sessionHost=https://sessionserver.mojang.com, servicesHost=https://api.minecraftservices.com, name=PROD]
[11:57:12] [Render thread/INFO]: Setting user: Bob
[11:57:13] [Render thread/INFO]: [AIBot] CONFIG event=operating_profile_resolved bot=- {source=FILE_OR_DEFAULT, configured_forced_pickup=true, configured_hidden_block_scan=true, configured_emergency_teleport=true, effective_capabilities=[], configured_manual_teleport=true, profile=strict_survival}
[11:57:13] [Render thread/WARN]: [AIBot] CONFIG event=deepseek_key_missing bot=- {}
[11:57:13] [Render thread/INFO]: [AIBot] LIFECYCLE event=mod_loaded bot=- {version=0.0.1}
[11:57:13] [Render thread/INFO]: [AIBot] CONFIG event=config_loaded bot=- {nav_lookahead=4, logging_enabled=true, configured_operator_capabilities=OperatorCapabilities[hiddenBlockScan=true, emergencyTeleport=true, forcedPickup=true, manualTeleport=true], deepseek_model=deepseek-v4-flash, effective_capabilities=[], perception_radius=16, pickup_force_radius=2.75, profile=strict_survival}
[11:57:13] [Render thread/INFO]: ================================
[11:57:13] [Render thread/INFO]:   AIBot v0.0.1 loaded
[11:57:13] [Render thread/INFO]:   Mode: M6 structured logs over M5 tasks
[11:57:13] [Render thread/INFO]: ================================
[11:57:13] [Render thread/INFO]: Tom's Storage Setup starting
[11:57:14] [aibot-real-client-connector/INFO]: AIBot real-client control connected body_id=bob session=598bcaf4-f1e3-47ac-a2b1-8a2f4a523d83 window_mode=background
[11:57:14] [Render thread/INFO]: AIBot real-client runtime enabled body_id=bob player=Bob control=127.0.0.1:18766 auto_join=127.0.0.1:25565 window_mode=background runtime_namespace=intermediary
[11:57:14] [Render thread/INFO]: [Indigo] Registering Indigo renderer!
[11:57:14] [Render thread/INFO]: Backend library: LWJGL version 3.3.3-snapshot
[11:57:16] [Render thread/INFO]: Reloading ResourceManager: vanilla, fabric, aibot, cloth-config, fabric-api, fabric-api-base, fabric-api-lookup-api-v1, fabric-biome-api-v1, fabric-block-api-v1, fabric-block-view-api-v2, fabric-blockrenderlayer-v1, fabric-client-tags-api-v1, fabric-command-api-v1, fabric-command-api-v2, fabric-commands-v0, fabric-content-registries-v0, fabric-convention-tags-v1, fabric-convention-tags-v2, fabric-crash-report-info-v1, fabric-data-attachment-api-v1, fabric-data-generation-api-v1, fabric-dimensions-v1, fabric-entity-events-v1, fabric-events-interaction-v0, fabric-game-rule-api-v1, fabric-item-api-v1, fabric-item-group-api-v1, fabric-key-binding-api-v1, fabric-keybindings-v0, fabric-lifecycle-events-v1, fabric-loot-api-v2, fabric-loot-api-v3, fabric-message-api-v1, fabric-model-loading-api-v1, fabric-networking-api-v1, fabric-object-builder-api-v1, fabric-particles-v1, fabric-recipe-api-v1, fabric-registry-sync-v0, fabric-renderer-api-v1, fabric-renderer-indigo, fabric-rendering-data-attachment-v1, fabric-rendering-fluids-v1, fabric-rendering-v0, fabric-rendering-v1, fabric-resource-conditions-api-v1, fabric-resource-loader-v0, fabric-screen-api-v1, fabric-screen-handler-api-v1, fabric-sound-api-v1, fabric-tag-api-v1, fabric-transfer-api-v1, fabric-transitive-access-wideners-v1, fabricloader, toms_storage
[11:57:16] [Worker-Main-13/INFO]: Found unifont_jp_patch-15.1.05.hex, loading
[11:57:16] [Worker-Main-12/INFO]: Found unifont_all_no_pua-15.1.05.hex, loading
[11:57:16] [Render thread/INFO]: AIBot real-client auto-join watcher screen=net.minecraft.class_424
[11:57:17] [Render thread/WARN]: Missing sound for event: minecraft:block.spawner.fall
[11:57:17] [Render thread/INFO]: OpenAL initialized on device OpenAL Soft on 扬声器 (Steam Streaming Speakers)
[11:57:17] [Render thread/INFO]: Sound engine started
[11:57:18] [Render thread/INFO]: Created: 1024x512x4 minecraft:textures/atlas/blocks.png-atlas
[11:57:18] [Render thread/INFO]: Created: 256x256x4 minecraft:textures/atlas/signs.png-atlas
[11:57:18] [Render thread/INFO]: Created: 512x512x4 minecraft:textures/atlas/banner_patterns.png-atlas
[11:57:18] [Render thread/INFO]: Created: 512x512x4 minecraft:textures/atlas/shield_patterns.png-atlas
[11:57:18] [Render thread/INFO]: Created: 1024x1024x4 minecraft:textures/atlas/armor_trims.png-atlas
[11:57:18] [Render thread/INFO]: Created: 256x256x4 minecraft:textures/atlas/chest.png-atlas
[11:57:18] [Render thread/INFO]: Created: 128x64x4 minecraft:textures/atlas/decorated_pot.png-atlas
[11:57:18] [Render thread/INFO]: Created: 512x256x4 minecraft:textures/atlas/beds.png-atlas
[11:57:18] [Render thread/INFO]: Created: 512x256x4 minecraft:textures/atlas/shulker_boxes.png-atlas
[11:57:18] [Render thread/INFO]: Created: 64x64x0 minecraft:textures/atlas/map_decorations.png-atlas
[11:57:18] [Render thread/INFO]: Created: 512x256x0 minecraft:textures/atlas/particles.png-atlas
[11:57:18] [Render thread/INFO]: Created: 512x256x0 minecraft:textures/atlas/paintings.png-atlas
[11:57:18] [Render thread/INFO]: Created: 256x128x0 minecraft:textures/atlas/mob_effects.png-atlas
[11:57:18] [Render thread/INFO]: Created: 1024x512x0 minecraft:textures/atlas/gui.png-atlas
[11:57:18] [Render thread/INFO]: AIBot real-client auto-join watcher screen=net.minecraft.class_442
[11:57:18] [Render thread/INFO]: AIBot real-client auto-join 127.0.0.1:25565 (attempt 1)
[11:57:18] [Render thread/INFO]: Connecting to 127.0.0.1, 25565
[11:57:18] [Render thread/INFO]: AIBot real-client auto-join watcher screen=net.minecraft.class_412
[11:57:19] [Netty Client IO #0/INFO]: Received server config
[11:57:20] [Render thread/INFO]: AIBot real-client game session incarnation epoch=7dbaa77d-8ff2-4b52-b018-496e6f1bf0a6 seq=0 window_mode=background
[11:57:20] [Render thread/INFO]: Loaded 87 advancements
[12:01:46] [aibot-real-client-connector/WARN]: real-client control connect/read failed: java.net.SocketException: Connection reset
[12:01:47] [aibot-real-client-connector/WARN]: real-client control connect/read failed: java.net.ConnectException: Connection refused: getsockopt
[12:01:49] [aibot-real-client-connector/WARN]: real-client control connect/read failed: java.net.ConnectException: Connection refused: getsockopt
[12:01:53] [aibot-real-client-connector/WARN]: real-client control connect/read failed: java.net.ConnectException: Connection refused: getsockopt
[12:02:01] [aibot-real-client-connector/WARN]: real-client control connect/read failed: java.net.ConnectException: Connection refused: getsockopt
[12:02:09] [aibot-real-client-connector/WARN]: real-client control connect/read failed: java.net.ConnectException: Connection refused: getsockopt
[12:02:17] [aibot-real-client-connector/WARN]: real-client control connect/read failed: java.net.ConnectException: Connection refused: getsockopt
[12:02:25] [aibot-real-client-connector/WARN]: real-client control connect/read failed: java.net.ConnectException: Connection refused: getsockopt
[12:02:33] [aibot-real-client-connector/WARN]: real-client control connect/read failed: java.net.ConnectException: Connection refused: getsockopt
[12:02:41] [aibot-real-client-connector/WARN]: real-client control connect/read failed: java.net.ConnectException: Connection refused: getsockopt
[12:02:49] [aibot-real-client-connector/WARN]: real-client control connect/read failed: java.net.ConnectException: Connection refused: getsockopt
[12:02:57] [aibot-real-client-connector/WARN]: real-client control connect/read failed: java.net.ConnectException: Connection refused: getsockopt
[12:03:05] [aibot-real-client-connector/WARN]: real-client control connect/read failed: java.net.ConnectException: Connection refused: getsockopt
[12:03:13] [aibot-real-client-connector/WARN]: real-client control connect/read failed: java.net.ConnectException: Connection refused: getsockopt
[12:03:21] [aibot-real-client-connector/WARN]: real-client control connect/read failed: java.net.ConnectException: Connection refused: getsockopt
[12:03:29] [aibot-real-client-connector/WARN]: real-client control connect/read failed: java.net.ConnectException: Connection refused: getsockopt
[12:03:37] [aibot-real-client-connector/WARN]: real-client control connect/read failed: java.net.ConnectException: Connection refused: getsockopt
[12:03:45] [aibot-real-client-connector/WARN]: real-client control connect/read failed: java.net.ConnectException: Connection refused: getsockopt
[12:03:53] [aibot-real-client-connector/WARN]: real-client control connect/read failed: java.net.ConnectException: Connection refused: getsockopt
[12:04:01] [aibot-real-client-connector/WARN]: real-client control connect/read failed: java.net.ConnectException: Connection refused: getsockopt
[12:04:09] [aibot-real-client-connector/WARN]: real-client control connect/read failed: java.net.ConnectException: Connection refused: getsockopt
[12:04:17] [aibot-real-client-connector/WARN]: real-client control connect/read failed: java.net.ConnectException: Connection refused: getsockopt
[12:04:25] [aibot-real-client-connector/WARN]: real-client control connect/read failed: java.net.ConnectException: Connection refused: getsockopt
[12:04:33] [aibot-real-client-connector/WARN]: real-client control connect/read failed: java.net.ConnectException: Connection refused: getsockopt
[12:04:41] [aibot-real-client-connector/WARN]: real-client control connect/read failed: java.net.ConnectException: Connection refused: getsockopt
[12:04:49] [aibot-real-client-connector/WARN]: real-client control connect/read failed: java.net.ConnectException: Connection refused: getsockopt
[12:04:57] [aibot-real-client-connector/WARN]: real-client control connect/read failed: java.net.ConnectException: Connection refused: getsockopt
[12:05:05] [aibot-real-client-connector/WARN]: real-client control connect/read failed: java.net.ConnectException: Connection refused: getsockopt
[12:05:13] [aibot-real-client-connector/WARN]: real-client control connect/read failed: java.net.ConnectException: Connection refused: getsockopt
[12:05:21] [aibot-real-client-connector/WARN]: real-client control connect/read failed: java.net.ConnectException: Connection refused: getsockopt
[12:05:29] [aibot-real-client-connector/WARN]: real-client control connect/read failed: java.net.ConnectException: Connection refused: getsockopt
[12:05:37] [aibot-real-client-connector/WARN]: real-client control connect/read failed: java.net.ConnectException: Connection refused: getsockopt
[12:05:45] [aibot-real-client-connector/WARN]: real-client control connect/read failed: java.net.ConnectException: Connection refused: getsockopt
[12:05:53] [aibot-real-client-connector/WARN]: real-client control connect/read failed: java.net.ConnectException: Connection refused: getsockopt
[12:06:01] [aibot-real-client-connector/WARN]: real-client control connect/read failed: java.net.ConnectException: Connection refused: getsockopt
[12:06:09] [aibot-real-client-connector/WARN]: real-client control connect/read failed: java.net.ConnectException: Connection refused: getsockopt
[12:06:17] [aibot-real-client-connector/WARN]: real-client control connect/read failed: java.net.ConnectException: Connection refused: getsockopt
[12:06:25] [aibot-real-client-connector/WARN]: real-client control connect/read failed: java.net.ConnectException: Connection refused: getsockopt
[12:06:33] [aibot-real-client-connector/WARN]: real-client control connect/read failed: java.net.ConnectException: Connection refused: getsockopt
[12:06:41] [aibot-real-client-connector/WARN]: real-client control connect/read failed: java.net.ConnectException: Connection refused: getsockopt
[12:06:49] [aibot-real-client-connector/WARN]: real-client control connect/read failed: java.net.ConnectException: Connection refused: getsockopt
[12:06:57] [aibot-real-client-connector/WARN]: real-client control connect/read failed: java.net.ConnectException: Connection refused: getsockopt
[12:07:05] [aibot-real-client-connector/WARN]: real-client control connect/read failed: java.net.ConnectException: Connection refused: getsockopt
[12:07:13] [aibot-real-client-connector/WARN]: real-client control connect/read failed: java.net.ConnectException: Connection refused: getsockopt
[12:07:21] [aibot-real-client-connector/WARN]: real-client control connect/read failed: java.net.ConnectException: Connection refused: getsockopt
[12:07:29] [aibot-real-client-connector/WARN]: real-client control connect/read failed: java.net.ConnectException: Connection refused: getsockopt
[12:07:37] [aibot-real-client-connector/WARN]: real-client control connect/read failed: java.net.ConnectException: Connection refused: getsockopt
[12:07:49] [main/INFO]: Loading Minecraft 1.21.3 with Fabric Loader 0.19.5
[12:07:49] [main/INFO]: Loading 57 mods:
	- aibot 0.0.1
	- fabric-api 0.114.1+1.21.3
	   |-- fabric-api-base 0.4.50+119c825640
	   |-- fabric-api-lookup-api-v1 1.6.81+fd37071f40
	   |-- fabric-biome-api-v1 14.0.7+add2a48640
	   |-- fabric-block-api-v1 1.0.28+fd37071f40
	   |-- fabric-block-view-api-v2 1.0.16+fd37071f40
	   |-- fabric-blockrenderlayer-v1 2.0.4+fd37071f40
	   |-- fabric-client-tags-api-v1 1.1.25+a730659c40
	   |-- fabric-command-api-v1 1.2.58+f71b366f40
	   |-- fabric-command-api-v2 2.2.37+c9d82ab240
	   |-- fabric-commands-v0 0.2.75+df3654b340
	   |-- fabric-content-registries-v0 9.1.8+fd37071f40
	   |-- fabric-convention-tags-v1 2.1.4+7f945d5b40
	   |-- fabric-convention-tags-v2 2.9.4+129f0c1f40
	   |-- fabric-crash-report-info-v1 0.3.3+fd37071f40
	   |-- fabric-data-attachment-api-v1 1.4.0+dbad41f140
	   |-- fabric-data-generation-api-v1 21.1.2+a730659c40
	   |-- fabric-dimensions-v1 4.0.7+fd37071f40
	   |-- fabric-entity-events-v1 2.0.8+825023f840
	   |-- fabric-events-interaction-v0 2.0.12+c2c3ac4740
	   |-- fabric-game-rule-api-v1 1.0.59+fd37071f40
	   |-- fabric-item-api-v1 11.1.7+fd37071f40
	   |-- fabric-item-group-api-v1 4.1.17+fd37071f40
	   |-- fabric-key-binding-api-v1 1.0.53+fd37071f40
	   |-- fabric-keybindings-v0 0.2.51+df3654b340
	   |-- fabric-lifecycle-events-v1 2.5.1+6da5ef6940
	   |-- fabric-loot-api-v2 3.0.26+3f89f5a540
	   |-- fabric-loot-api-v3 1.0.14+fd37071f40
	   |-- fabric-message-api-v1 6.0.22+5a9b22c640
	   |-- fabric-model-loading-api-v1 3.0.9+fd37071f40
	   |-- fabric-networking-api-v1 4.3.5+fd37071f40
	   |-- fabric-object-builder-api-v1 17.0.9+fd37071f40
	   |-- fabric-particles-v1 4.0.10+fd37071f40
	   |-- fabric-recipe-api-v1 7.0.5+8ea69ff840
	   |-- fabric-registry-sync-v0 5.4.1+3f3c499540
	   |-- fabric-renderer-api-v1 4.0.5+fd37071f40
	   |-- fabric-renderer-indigo 1.9.5+fd37071f40
	   |-- fabric-rendering-data-attachment-v1 0.3.54+73761d2e40
	   |-- fabric-rendering-fluids-v1 3.1.15+fd37071f40
	   |-- fabric-rendering-v0 1.1.84+df3654b340
	   |-- fabric-rendering-v1 8.0.8+6922831640
	   |-- fabric-resource-conditions-api-v1 5.0.8+fd37071f40
	   |-- fabric-resource-loader-v0 3.0.6+fd37071f40
	   |-- fabric-screen-api-v1 2.0.34+fd37071f40
	   |-- fabric-screen-handler-api-v1 1.3.103+fd37071f40
	   |-- fabric-sound-api-v1 1.0.29+fd37071f40
	   |-- fabric-tag-api-v1 1.0.0+a730659c40
	   |-- fabric-transfer-api-v1 5.4.3+cb44d14340
	   \-- fabric-transitive-access-wideners-v1 6.2.0+54a41b1c40
	- fabricloader 0.19.5
	   \-- mixinextras 0.5.5
	- java 21
	- minecraft 1.21.3
	- toms_storage 2.1.2
	   \-- cloth-config 15.0.127
	        \-- cloth-basic-math 0.6.1
[12:07:49] [main/INFO]: SpongePowered MIXIN Subsystem Version=0.8.7 Source=file:/D:/software/mc/.minecraft/libraries/net/fabricmc/sponge-mixin/0.17.4+mixin.0.8.7/sponge-mixin-0.17.4+mixin.0.8.7.jar Service=Knot/Fabric Env=CLIENT
[12:07:51] [main/INFO]: Initializing MixinExtras via com.llamalad7.mixinextras.service.MixinExtrasServiceImpl(version=0.5.5).
[12:07:52] [Datafixer Bootstrap/INFO]: 237 Datafixer optimizations took 446 milliseconds
[12:08:00] [Render thread/INFO]: Environment: Environment[sessionHost=https://sessionserver.mojang.com, servicesHost=https://api.minecraftservices.com, name=PROD]
[12:08:00] [Render thread/INFO]: Setting user: Bob
[12:08:00] [Render thread/INFO]: [AIBot] CONFIG event=operating_profile_resolved bot=- {configured_forced_pickup=true, source=FILE_OR_DEFAULT, profile=strict_survival, configured_manual_teleport=true, effective_capabilities=[], configured_emergency_teleport=true, configured_hidden_block_scan=true}
[12:08:00] [Render thread/WARN]: [AIBot] CONFIG event=deepseek_key_missing bot=- {}
[12:08:00] [Render thread/INFO]: [AIBot] LIFECYCLE event=mod_loaded bot=- {version=0.0.1}
[12:08:00] [Render thread/INFO]: [AIBot] CONFIG event=config_loaded bot=- {nav_lookahead=4, profile=strict_survival, pickup_force_radius=2.75, perception_radius=16, effective_capabilities=[], deepseek_model=deepseek-v4-flash, configured_operator_capabilities=OperatorCapabilities[hiddenBlockScan=true, emergencyTeleport=true, forcedPickup=true, manualTeleport=true], logging_enabled=true}
[12:08:00] [Render thread/INFO]: ================================
[12:08:00] [Render thread/INFO]:   AIBot v0.0.1 loaded
[12:08:00] [Render thread/INFO]:   Mode: M6 structured logs over M5 tasks
[12:08:00] [Render thread/INFO]: ================================
[12:08:00] [Render thread/INFO]: Tom's Storage Setup starting
[12:08:01] [aibot-real-client-connector/INFO]: AIBot real-client control connected body_id=bob session=c5d15814-4ae0-47f2-9212-1a425bc815e7 window_mode=background
[12:08:01] [Render thread/INFO]: AIBot real-client runtime enabled body_id=bob player=Bob control=127.0.0.1:18766 auto_join=127.0.0.1:25565 window_mode=background runtime_namespace=intermediary
[12:08:01] [Render thread/INFO]: [Indigo] Registering Indigo renderer!
[12:08:02] [Render thread/INFO]: Backend library: LWJGL version 3.3.3-snapshot
[12:08:03] [Render thread/INFO]: Reloading ResourceManager: vanilla, fabric, aibot, cloth-config, fabric-api, fabric-api-base, fabric-api-lookup-api-v1, fabric-biome-api-v1, fabric-block-api-v1, fabric-block-view-api-v2, fabric-blockrenderlayer-v1, fabric-client-tags-api-v1, fabric-command-api-v1, fabric-command-api-v2, fabric-commands-v0, fabric-content-registries-v0, fabric-convention-tags-v1, fabric-convention-tags-v2, fabric-crash-report-info-v1, fabric-data-attachment-api-v1, fabric-data-generation-api-v1, fabric-dimensions-v1, fabric-entity-events-v1, fabric-events-interaction-v0, fabric-game-rule-api-v1, fabric-item-api-v1, fabric-item-group-api-v1, fabric-key-binding-api-v1, fabric-keybindings-v0, fabric-lifecycle-events-v1, fabric-loot-api-v2, fabric-loot-api-v3, fabric-message-api-v1, fabric-model-loading-api-v1, fabric-networking-api-v1, fabric-object-builder-api-v1, fabric-particles-v1, fabric-recipe-api-v1, fabric-registry-sync-v0, fabric-renderer-api-v1, fabric-renderer-indigo, fabric-rendering-data-attachment-v1, fabric-rendering-fluids-v1, fabric-rendering-v0, fabric-rendering-v1, fabric-resource-conditions-api-v1, fabric-resource-loader-v0, fabric-screen-api-v1, fabric-screen-handler-api-v1, fabric-sound-api-v1, fabric-tag-api-v1, fabric-transfer-api-v1, fabric-transitive-access-wideners-v1, fabricloader, toms_storage
[12:08:03] [Worker-Main-13/INFO]: Found unifont_all_no_pua-15.1.05.hex, loading
[12:08:03] [Worker-Main-14/INFO]: Found unifont_jp_patch-15.1.05.hex, loading
[12:08:03] [Render thread/INFO]: AIBot real-client auto-join watcher screen=net.minecraft.class_424
[12:08:05] [Render thread/WARN]: Missing sound for event: minecraft:block.spawner.fall
[12:08:05] [Render thread/INFO]: OpenAL initialized on device OpenAL Soft on 扬声器 (Steam Streaming Speakers)
[12:08:05] [Render thread/INFO]: Sound engine started
[12:08:05] [Render thread/INFO]: Created: 1024x512x4 minecraft:textures/atlas/blocks.png-atlas
[12:08:05] [Render thread/INFO]: Created: 256x256x4 minecraft:textures/atlas/signs.png-atlas
[12:08:05] [Render thread/INFO]: Created: 512x512x4 minecraft:textures/atlas/shield_patterns.png-atlas
[12:08:05] [Render thread/INFO]: Created: 512x512x4 minecraft:textures/atlas/banner_patterns.png-atlas
[12:08:05] [Render thread/INFO]: Created: 1024x1024x4 minecraft:textures/atlas/armor_trims.png-atlas
[12:08:05] [Render thread/INFO]: Created: 128x64x4 minecraft:textures/atlas/decorated_pot.png-atlas
[12:08:05] [Render thread/INFO]: Created: 256x256x4 minecraft:textures/atlas/chest.png-atlas
[12:08:05] [Render thread/INFO]: Created: 512x256x4 minecraft:textures/atlas/shulker_boxes.png-atlas
[12:08:05] [Render thread/INFO]: Created: 512x256x4 minecraft:textures/atlas/beds.png-atlas
[12:08:05] [Render thread/INFO]: Created: 64x64x0 minecraft:textures/atlas/map_decorations.png-atlas
[12:08:05] [Render thread/INFO]: Created: 512x256x0 minecraft:textures/atlas/particles.png-atlas
[12:08:05] [Render thread/INFO]: Created: 512x256x0 minecraft:textures/atlas/paintings.png-atlas
[12:08:05] [Render thread/INFO]: Created: 256x128x0 minecraft:textures/atlas/mob_effects.png-atlas
[12:08:05] [Render thread/INFO]: Created: 1024x512x0 minecraft:textures/atlas/gui.png-atlas
[12:08:05] [Render thread/INFO]: AIBot real-client auto-join watcher screen=net.minecraft.class_442
[12:08:05] [Render thread/INFO]: AIBot real-client auto-join 127.0.0.1:25565 (attempt 1)
[12:08:05] [Render thread/INFO]: Connecting to 127.0.0.1, 25565
[12:08:05] [Render thread/INFO]: AIBot real-client auto-join watcher screen=net.minecraft.class_412
[12:08:06] [Netty Client IO #0/INFO]: Received server config
[12:08:08] [Render thread/INFO]: AIBot real-client game session incarnation epoch=24d0dfbf-ff99-48a1-98f4-05008a877516 seq=0 window_mode=background
[12:08:08] [Render thread/INFO]: Loaded 87 advancements
[12:08:23] [aibot-real-client-connector/WARN]: real-client control connect/read failed: java.io.IOException: real_client_missing_string:session_epoch
[12:08:23] [aibot-real-client-control-writer/WARN]: real-client control write failed: java.net.SocketException: Socket closed
[12:08:24] [aibot-real-client-connector/WARN]: real-client control connect/read failed: java.net.ConnectException: Connection refused: getsockopt
[12:08:26] [aibot-real-client-connector/WARN]: real-client control connect/read failed: java.net.ConnectException: Connection refused: getsockopt
[12:08:30] [aibot-real-client-connector/WARN]: real-client control connect/read failed: java.net.ConnectException: Connection refused: getsockopt
[12:08:38] [aibot-real-client-connector/WARN]: real-client control connect/read failed: java.net.ConnectException: Connection refused: getsockopt
[12:08:46] [aibot-real-client-connector/WARN]: real-client control connect/read failed: java.net.ConnectException: Connection refused: getsockopt
[12:08:54] [aibot-real-client-connector/WARN]: real-client control connect/read failed: java.net.ConnectException: Connection refused: getsockopt
[12:09:02] [aibot-real-client-connector/WARN]: real-client control connect/read failed: java.net.ConnectException: Connection refused: getsockopt
[12:09:10] [aibot-real-client-connector/WARN]: real-client control connect/read failed: java.net.ConnectException: Connection refused: getsockopt
[12:09:18] [aibot-real-client-connector/WARN]: real-client control connect/read failed: java.net.ConnectException: Connection refused: getsockopt
[12:09:26] [aibot-real-client-connector/WARN]: real-client control connect/read failed: java.net.ConnectException: Connection refused: getsockopt
[12:09:34] [aibot-real-client-connector/WARN]: real-client control connect/read failed: java.net.ConnectException: Connection refused: getsockopt
[12:09:42] [aibot-real-client-connector/WARN]: real-client control connect/read failed: java.net.ConnectException: Connection refused: getsockopt
[12:09:50] [aibot-real-client-connector/WARN]: real-client control connect/read failed: java.net.ConnectException: Connection refused: getsockopt
[12:09:58] [aibot-real-client-connector/WARN]: real-client control connect/read failed: java.net.ConnectException: Connection refused: getsockopt
[12:10:06] [aibot-real-client-connector/WARN]: real-client control connect/read failed: java.net.ConnectException: Connection refused: getsockopt
[12:10:14] [aibot-real-client-connector/WARN]: real-client control connect/read failed: java.net.ConnectException: Connection refused: getsockopt
[12:10:22] [aibot-real-client-connector/WARN]: real-client control connect/read failed: java.net.ConnectException: Connection refused: getsockopt
[12:10:30] [aibot-real-client-connector/WARN]: real-client control connect/read failed: java.net.ConnectException: Connection refused: getsockopt
[12:10:38] [aibot-real-client-connector/WARN]: real-client control connect/read failed: java.net.ConnectException: Connection refused: getsockopt
[12:10:46] [aibot-real-client-connector/WARN]: real-client control connect/read failed: java.net.ConnectException: Connection refused: getsockopt
[12:10:54] [aibot-real-client-connector/WARN]: real-client control connect/read failed: java.net.ConnectException: Connection refused: getsockopt
[12:11:02] [aibot-real-client-connector/WARN]: real-client control connect/read failed: java.net.ConnectException: Connection refused: getsockopt
[12:11:10] [aibot-real-client-connector/WARN]: real-client control connect/read failed: java.net.ConnectException: Connection refused: getsockopt
[12:11:18] [aibot-real-client-connector/WARN]: real-client control connect/read failed: java.net.ConnectException: Connection refused: getsockopt
[12:11:26] [aibot-real-client-connector/WARN]: real-client control connect/read failed: java.net.ConnectException: Connection refused: getsockopt
[12:11:34] [aibot-real-client-connector/WARN]: real-client control connect/read failed: java.net.ConnectException: Connection refused: getsockopt
[12:11:42] [aibot-real-client-connector/WARN]: real-client control connect/read failed: java.net.ConnectException: Connection refused: getsockopt
[12:11:50] [aibot-real-client-connector/WARN]: real-client control connect/read failed: java.net.ConnectException: Connection refused: getsockopt
[12:11:58] [aibot-real-client-connector/WARN]: real-client control connect/read failed: java.net.ConnectException: Connection refused: getsockopt
[12:12:06] [aibot-real-client-connector/WARN]: real-client control connect/read failed: java.net.ConnectException: Connection refused: getsockopt
[12:12:14] [aibot-real-client-connector/WARN]: real-client control connect/read failed: java.net.ConnectException: Connection refused: getsockopt
[12:12:22] [aibot-real-client-connector/WARN]: real-client control connect/read failed: java.net.ConnectException: Connection refused: getsockopt
[12:12:30] [aibot-real-client-connector/WARN]: real-client control connect/read failed: java.net.ConnectException: Connection refused: getsockopt
[12:12:38] [aibot-real-client-connector/WARN]: real-client control connect/read failed: java.net.ConnectException: Connection refused: getsockopt
[12:12:46] [aibot-real-client-connector/WARN]: real-client control connect/read failed: java.net.ConnectException: Connection refused: getsockopt
[12:12:54] [aibot-real-client-connector/WARN]: real-client control connect/read failed: java.net.ConnectException: Connection refused: getsockopt
[12:13:02] [aibot-real-client-connector/WARN]: real-client control connect/read failed: java.net.ConnectException: Connection refused: getsockopt
[12:13:10] [aibot-real-client-connector/WARN]: real-client control connect/read failed: java.net.ConnectException: Connection refused: getsockopt
[12:13:18] [aibot-real-client-connector/WARN]: real-client control connect/read failed: java.net.ConnectException: Connection refused: getsockopt
[12:13:26] [aibot-real-client-connector/WARN]: real-client control connect/read failed: java.net.ConnectException: Connection refused: getsockopt
[12:13:34] [aibot-real-client-connector/WARN]: real-client control connect/read failed: java.net.ConnectException: Connection refused: getsockopt
[12:13:42] [aibot-real-client-connector/WARN]: real-client control connect/read failed: java.net.ConnectException: Connection refused: getsockopt
[12:13:50] [aibot-real-client-connector/WARN]: real-client control connect/read failed: java.net.ConnectException: Connection refused: getsockopt
[12:14:02] [main/INFO]: Loading Minecraft 1.21.3 with Fabric Loader 0.19.5
[12:14:02] [main/INFO]: Loading 57 mods:
	- aibot 0.0.1
	- fabric-api 0.114.1+1.21.3
	   |-- fabric-api-base 0.4.50+119c825640
	   |-- fabric-api-lookup-api-v1 1.6.81+fd37071f40
	   |-- fabric-biome-api-v1 14.0.7+add2a48640
	   |-- fabric-block-api-v1 1.0.28+fd37071f40
	   |-- fabric-block-view-api-v2 1.0.16+fd37071f40
	   |-- fabric-blockrenderlayer-v1 2.0.4+fd37071f40
	   |-- fabric-client-tags-api-v1 1.1.25+a730659c40
	   |-- fabric-command-api-v1 1.2.58+f71b366f40
	   |-- fabric-command-api-v2 2.2.37+c9d82ab240
	   |-- fabric-commands-v0 0.2.75+df3654b340
	   |-- fabric-content-registries-v0 9.1.8+fd37071f40
	   |-- fabric-convention-tags-v1 2.1.4+7f945d5b40
	   |-- fabric-convention-tags-v2 2.9.4+129f0c1f40
	   |-- fabric-crash-report-info-v1 0.3.3+fd37071f40
	   |-- fabric-data-attachment-api-v1 1.4.0+dbad41f140
	   |-- fabric-data-generation-api-v1 21.1.2+a730659c40
	   |-- fabric-dimensions-v1 4.0.7+fd37071f40
	   |-- fabric-entity-events-v1 2.0.8+825023f840
	   |-- fabric-events-interaction-v0 2.0.12+c2c3ac4740
	   |-- fabric-game-rule-api-v1 1.0.59+fd37071f40
	   |-- fabric-item-api-v1 11.1.7+fd37071f40
	   |-- fabric-item-group-api-v1 4.1.17+fd37071f40
	   |-- fabric-key-binding-api-v1 1.0.53+fd37071f40
	   |-- fabric-keybindings-v0 0.2.51+df3654b340
	   |-- fabric-lifecycle-events-v1 2.5.1+6da5ef6940
	   |-- fabric-loot-api-v2 3.0.26+3f89f5a540
	   |-- fabric-loot-api-v3 1.0.14+fd37071f40
	   |-- fabric-message-api-v1 6.0.22+5a9b22c640
	   |-- fabric-model-loading-api-v1 3.0.9+fd37071f40
	   |-- fabric-networking-api-v1 4.3.5+fd37071f40
	   |-- fabric-object-builder-api-v1 17.0.9+fd37071f40
	   |-- fabric-particles-v1 4.0.10+fd37071f40
	   |-- fabric-recipe-api-v1 7.0.5+8ea69ff840
	   |-- fabric-registry-sync-v0 5.4.1+3f3c499540
	   |-- fabric-renderer-api-v1 4.0.5+fd37071f40
	   |-- fabric-renderer-indigo 1.9.5+fd37071f40
	   |-- fabric-rendering-data-attachment-v1 0.3.54+73761d2e40
	   |-- fabric-rendering-fluids-v1 3.1.15+fd37071f40
	   |-- fabric-rendering-v0 1.1.84+df3654b340
	   |-- fabric-rendering-v1 8.0.8+6922831640
	   |-- fabric-resource-conditions-api-v1 5.0.8+fd37071f40
	   |-- fabric-resource-loader-v0 3.0.6+fd37071f40
	   |-- fabric-screen-api-v1 2.0.34+fd37071f40
	   |-- fabric-screen-handler-api-v1 1.3.103+fd37071f40
	   |-- fabric-sound-api-v1 1.0.29+fd37071f40
	   |-- fabric-tag-api-v1 1.0.0+a730659c40
	   |-- fabric-transfer-api-v1 5.4.3+cb44d14340
	   \-- fabric-transitive-access-wideners-v1 6.2.0+54a41b1c40
	- fabricloader 0.19.5
	   \-- mixinextras 0.5.5
	- java 21
	- minecraft 1.21.3
	- toms_storage 2.1.2
	   \-- cloth-config 15.0.127
	        \-- cloth-basic-math 0.6.1
[12:14:02] [main/INFO]: SpongePowered MIXIN Subsystem Version=0.8.7 Source=file:/D:/software/mc/.minecraft/libraries/net/fabricmc/sponge-mixin/0.17.4+mixin.0.8.7/sponge-mixin-0.17.4+mixin.0.8.7.jar Service=Knot/Fabric Env=CLIENT
[12:14:04] [main/INFO]: Initializing MixinExtras via com.llamalad7.mixinextras.service.MixinExtrasServiceImpl(version=0.5.5).
[12:14:05] [Datafixer Bootstrap/INFO]: 237 Datafixer optimizations took 466 milliseconds
[12:14:14] [Render thread/INFO]: Environment: Environment[sessionHost=https://sessionserver.mojang.com, servicesHost=https://api.minecraftservices.com, name=PROD]
[12:14:14] [Render thread/INFO]: Setting user: Bob
[12:14:14] [Render thread/INFO]: [AIBot] CONFIG event=operating_profile_resolved bot=- {configured_manual_teleport=true, profile=strict_survival, source=FILE_OR_DEFAULT, configured_forced_pickup=true, configured_hidden_block_scan=true, configured_emergency_teleport=true, effective_capabilities=[]}
[12:14:14] [Render thread/WARN]: [AIBot] CONFIG event=deepseek_key_missing bot=- {}
[12:14:14] [Render thread/INFO]: [AIBot] LIFECYCLE event=mod_loaded bot=- {version=0.0.1}
[12:14:14] [Render thread/INFO]: [AIBot] CONFIG event=config_loaded bot=- {perception_radius=16, pickup_force_radius=2.75, profile=strict_survival, nav_lookahead=4, logging_enabled=true, configured_operator_capabilities=OperatorCapabilities[hiddenBlockScan=true, emergencyTeleport=true, forcedPickup=true, manualTeleport=true], deepseek_model=deepseek-v4-flash, effective_capabilities=[]}
[12:14:14] [Render thread/INFO]: ================================
[12:14:14] [Render thread/INFO]:   AIBot v0.0.1 loaded
[12:14:14] [Render thread/INFO]:   Mode: M6 structured logs over M5 tasks
[12:14:14] [Render thread/INFO]: ================================
[12:14:14] [Render thread/INFO]: Tom's Storage Setup starting
[12:14:15] [aibot-real-client-connector/INFO]: AIBot real-client control connected body_id=bob session=d99b4fc3-64da-4d47-a7df-5ed497fa6083 window_mode=background
[12:14:15] [Render thread/INFO]: AIBot real-client runtime enabled body_id=bob player=Bob control=127.0.0.1:18766 auto_join=127.0.0.1:25565 window_mode=background runtime_namespace=intermediary
[12:14:15] [Render thread/INFO]: [Indigo] Registering Indigo renderer!
[12:14:16] [Render thread/INFO]: Backend library: LWJGL version 3.3.3-snapshot
[12:14:17] [Render thread/INFO]: Reloading ResourceManager: vanilla, fabric, aibot, cloth-config, fabric-api, fabric-api-base, fabric-api-lookup-api-v1, fabric-biome-api-v1, fabric-block-api-v1, fabric-block-view-api-v2, fabric-blockrenderlayer-v1, fabric-client-tags-api-v1, fabric-command-api-v1, fabric-command-api-v2, fabric-commands-v0, fabric-content-registries-v0, fabric-convention-tags-v1, fabric-convention-tags-v2, fabric-crash-report-info-v1, fabric-data-attachment-api-v1, fabric-data-generation-api-v1, fabric-dimensions-v1, fabric-entity-events-v1, fabric-events-interaction-v0, fabric-game-rule-api-v1, fabric-item-api-v1, fabric-item-group-api-v1, fabric-key-binding-api-v1, fabric-keybindings-v0, fabric-lifecycle-events-v1, fabric-loot-api-v2, fabric-loot-api-v3, fabric-message-api-v1, fabric-model-loading-api-v1, fabric-networking-api-v1, fabric-object-builder-api-v1, fabric-particles-v1, fabric-recipe-api-v1, fabric-registry-sync-v0, fabric-renderer-api-v1, fabric-renderer-indigo, fabric-rendering-data-attachment-v1, fabric-rendering-fluids-v1, fabric-rendering-v0, fabric-rendering-v1, fabric-resource-conditions-api-v1, fabric-resource-loader-v0, fabric-screen-api-v1, fabric-screen-handler-api-v1, fabric-sound-api-v1, fabric-tag-api-v1, fabric-transfer-api-v1, fabric-transitive-access-wideners-v1, fabricloader, toms_storage
[12:14:18] [Worker-Main-14/INFO]: Found unifont_all_no_pua-15.1.05.hex, loading
[12:14:18] [Worker-Main-13/INFO]: Found unifont_jp_patch-15.1.05.hex, loading
[12:14:18] [Render thread/INFO]: AIBot real-client auto-join watcher screen=net.minecraft.class_424
[12:14:19] [Render thread/WARN]: Missing sound for event: minecraft:block.spawner.fall
[12:14:19] [Render thread/INFO]: OpenAL initialized on device OpenAL Soft on 扬声器 (Steam Streaming Speakers)
[12:14:19] [Render thread/INFO]: Sound engine started
[12:14:19] [Render thread/INFO]: Created: 1024x512x4 minecraft:textures/atlas/blocks.png-atlas
[12:14:20] [Render thread/INFO]: Created: 256x256x4 minecraft:textures/atlas/signs.png-atlas
[12:14:20] [Render thread/INFO]: Created: 512x512x4 minecraft:textures/atlas/banner_patterns.png-atlas
[12:14:20] [Render thread/INFO]: Created: 512x512x4 minecraft:textures/atlas/shield_patterns.png-atlas
[12:14:20] [Render thread/INFO]: Created: 1024x1024x4 minecraft:textures/atlas/armor_trims.png-atlas
[12:14:20] [Render thread/INFO]: Created: 128x64x4 minecraft:textures/atlas/decorated_pot.png-atlas
[12:14:20] [Render thread/INFO]: Created: 256x256x4 minecraft:textures/atlas/chest.png-atlas
[12:14:20] [Render thread/INFO]: Created: 512x256x4 minecraft:textures/atlas/beds.png-atlas
[12:14:20] [Render thread/INFO]: Created: 512x256x4 minecraft:textures/atlas/shulker_boxes.png-atlas
[12:14:20] [Render thread/INFO]: Created: 64x64x0 minecraft:textures/atlas/map_decorations.png-atlas
[12:14:20] [Render thread/INFO]: Created: 512x256x0 minecraft:textures/atlas/particles.png-atlas
[12:14:20] [Render thread/INFO]: Created: 512x256x0 minecraft:textures/atlas/paintings.png-atlas
[12:14:20] [Render thread/INFO]: Created: 256x128x0 minecraft:textures/atlas/mob_effects.png-atlas
[12:14:20] [Render thread/INFO]: Created: 1024x512x0 minecraft:textures/atlas/gui.png-atlas
[12:14:20] [Render thread/INFO]: AIBot real-client auto-join watcher screen=net.minecraft.class_442
[12:14:20] [Render thread/INFO]: AIBot real-client auto-join 127.0.0.1:25565 (attempt 1)
[12:14:20] [Render thread/INFO]: Connecting to 127.0.0.1, 25565
[12:14:20] [Render thread/INFO]: AIBot real-client auto-join watcher screen=net.minecraft.class_412
[12:14:21] [Netty Client IO #0/INFO]: Received server config
[12:14:23] [Render thread/INFO]: AIBot real-client game session incarnation epoch=d9d67de6-c40f-4a7b-b558-960a8939c0b1 seq=0 window_mode=background
[12:14:23] [Render thread/INFO]: Loaded 87 advancements
[12:20:53] [main/INFO]: Loading Minecraft 1.21.3 with Fabric Loader 0.19.5
[12:20:53] [main/INFO]: Loading 57 mods:
	- aibot 0.0.1
	- fabric-api 0.114.1+1.21.3
	   |-- fabric-api-base 0.4.50+119c825640
	   |-- fabric-api-lookup-api-v1 1.6.81+fd37071f40
	   |-- fabric-biome-api-v1 14.0.7+add2a48640
	   |-- fabric-block-api-v1 1.0.28+fd37071f40
	   |-- fabric-block-view-api-v2 1.0.16+fd37071f40
	   |-- fabric-blockrenderlayer-v1 2.0.4+fd37071f40
	   |-- fabric-client-tags-api-v1 1.1.25+a730659c40
	   |-- fabric-command-api-v1 1.2.58+f71b366f40
	   |-- fabric-command-api-v2 2.2.37+c9d82ab240
	   |-- fabric-commands-v0 0.2.75+df3654b340
	   |-- fabric-content-registries-v0 9.1.8+fd37071f40
	   |-- fabric-convention-tags-v1 2.1.4+7f945d5b40
	   |-- fabric-convention-tags-v2 2.9.4+129f0c1f40
	   |-- fabric-crash-report-info-v1 0.3.3+fd37071f40
	   |-- fabric-data-attachment-api-v1 1.4.0+dbad41f140
	   |-- fabric-data-generation-api-v1 21.1.2+a730659c40
	   |-- fabric-dimensions-v1 4.0.7+fd37071f40
	   |-- fabric-entity-events-v1 2.0.8+825023f840
	   |-- fabric-events-interaction-v0 2.0.12+c2c3ac4740
	   |-- fabric-game-rule-api-v1 1.0.59+fd37071f40
	   |-- fabric-item-api-v1 11.1.7+fd37071f40
	   |-- fabric-item-group-api-v1 4.1.17+fd37071f40
	   |-- fabric-key-binding-api-v1 1.0.53+fd37071f40
	   |-- fabric-keybindings-v0 0.2.51+df3654b340
	   |-- fabric-lifecycle-events-v1 2.5.1+6da5ef6940
	   |-- fabric-loot-api-v2 3.0.26+3f89f5a540
	   |-- fabric-loot-api-v3 1.0.14+fd37071f40
	   |-- fabric-message-api-v1 6.0.22+5a9b22c640
	   |-- fabric-model-loading-api-v1 3.0.9+fd37071f40
	   |-- fabric-networking-api-v1 4.3.5+fd37071f40
	   |-- fabric-object-builder-api-v1 17.0.9+fd37071f40
	   |-- fabric-particles-v1 4.0.10+fd37071f40
	   |-- fabric-recipe-api-v1 7.0.5+8ea69ff840
	   |-- fabric-registry-sync-v0 5.4.1+3f3c499540
	   |-- fabric-renderer-api-v1 4.0.5+fd37071f40
	   |-- fabric-renderer-indigo 1.9.5+fd37071f40
	   |-- fabric-rendering-data-attachment-v1 0.3.54+73761d2e40
	   |-- fabric-rendering-fluids-v1 3.1.15+fd37071f40
	   |-- fabric-rendering-v0 1.1.84+df3654b340
	   |-- fabric-rendering-v1 8.0.8+6922831640
	   |-- fabric-resource-conditions-api-v1 5.0.8+fd37071f40
	   |-- fabric-resource-loader-v0 3.0.6+fd37071f40
	   |-- fabric-screen-api-v1 2.0.34+fd37071f40
	   |-- fabric-screen-handler-api-v1 1.3.103+fd37071f40
	   |-- fabric-sound-api-v1 1.0.29+fd37071f40
	   |-- fabric-tag-api-v1 1.0.0+a730659c40
	   |-- fabric-transfer-api-v1 5.4.3+cb44d14340
	   \-- fabric-transitive-access-wideners-v1 6.2.0+54a41b1c40
	- fabricloader 0.19.5
	   \-- mixinextras 0.5.5
	- java 21
	- minecraft 1.21.3
	- toms_storage 2.1.2
	   \-- cloth-config 15.0.127
	        \-- cloth-basic-math 0.6.1
[12:20:53] [main/INFO]: SpongePowered MIXIN Subsystem Version=0.8.7 Source=file:/D:/software/mc/.minecraft/libraries/net/fabricmc/sponge-mixin/0.17.4+mixin.0.8.7/sponge-mixin-0.17.4+mixin.0.8.7.jar Service=Knot/Fabric Env=CLIENT
[12:20:55] [main/INFO]: Initializing MixinExtras via com.llamalad7.mixinextras.service.MixinExtrasServiceImpl(version=0.5.5).
[12:20:56] [Datafixer Bootstrap/INFO]: 237 Datafixer optimizations took 454 milliseconds
[12:21:04] [Render thread/INFO]: Environment: Environment[sessionHost=https://sessionserver.mojang.com, servicesHost=https://api.minecraftservices.com, name=PROD]
[12:21:04] [Render thread/INFO]: Setting user: Bob
[12:21:04] [Render thread/INFO]: [AIBot] CONFIG event=operating_profile_resolved bot=- {configured_forced_pickup=true, configured_hidden_block_scan=true, configured_emergency_teleport=true, effective_capabilities=[], configured_manual_teleport=true, profile=strict_survival, source=FILE_OR_DEFAULT}
[12:21:04] [Render thread/WARN]: [AIBot] CONFIG event=deepseek_key_missing bot=- {}
[12:21:04] [Render thread/INFO]: [AIBot] LIFECYCLE event=mod_loaded bot=- {version=0.0.1}
[12:21:04] [Render thread/INFO]: [AIBot] CONFIG event=config_loaded bot=- {logging_enabled=true, configured_operator_capabilities=OperatorCapabilities[hiddenBlockScan=true, emergencyTeleport=true, forcedPickup=true, manualTeleport=true], deepseek_model=deepseek-v4-flash, effective_capabilities=[], perception_radius=16, pickup_force_radius=2.75, profile=strict_survival, nav_lookahead=4}
[12:21:04] [Render thread/INFO]: ================================
[12:21:04] [Render thread/INFO]:   AIBot v0.0.1 loaded
[12:21:04] [Render thread/INFO]:   Mode: M6 structured logs over M5 tasks
[12:21:04] [Render thread/INFO]: ================================
[12:21:04] [Render thread/INFO]: Tom's Storage Setup starting
[12:21:05] [aibot-real-client-connector/INFO]: AIBot real-client control connected body_id=bob session=39a833fc-6b78-43e1-83bc-00199a4580f6 window_mode=background
[12:21:05] [Render thread/INFO]: AIBot real-client runtime enabled body_id=bob player=Bob control=127.0.0.1:18766 auto_join=127.0.0.1:25565 window_mode=background runtime_namespace=intermediary
[12:21:05] [Render thread/INFO]: [Indigo] Registering Indigo renderer!
[12:21:06] [Render thread/INFO]: Backend library: LWJGL version 3.3.3-snapshot
[12:21:07] [Render thread/INFO]: Reloading ResourceManager: vanilla, fabric, aibot, cloth-config, fabric-api, fabric-api-base, fabric-api-lookup-api-v1, fabric-biome-api-v1, fabric-block-api-v1, fabric-block-view-api-v2, fabric-blockrenderlayer-v1, fabric-client-tags-api-v1, fabric-command-api-v1, fabric-command-api-v2, fabric-commands-v0, fabric-content-registries-v0, fabric-convention-tags-v1, fabric-convention-tags-v2, fabric-crash-report-info-v1, fabric-data-attachment-api-v1, fabric-data-generation-api-v1, fabric-dimensions-v1, fabric-entity-events-v1, fabric-events-interaction-v0, fabric-game-rule-api-v1, fabric-item-api-v1, fabric-item-group-api-v1, fabric-key-binding-api-v1, fabric-keybindings-v0, fabric-lifecycle-events-v1, fabric-loot-api-v2, fabric-loot-api-v3, fabric-message-api-v1, fabric-model-loading-api-v1, fabric-networking-api-v1, fabric-object-builder-api-v1, fabric-particles-v1, fabric-recipe-api-v1, fabric-registry-sync-v0, fabric-renderer-api-v1, fabric-renderer-indigo, fabric-rendering-data-attachment-v1, fabric-rendering-fluids-v1, fabric-rendering-v0, fabric-rendering-v1, fabric-resource-conditions-api-v1, fabric-resource-loader-v0, fabric-screen-api-v1, fabric-screen-handler-api-v1, fabric-sound-api-v1, fabric-tag-api-v1, fabric-transfer-api-v1, fabric-transitive-access-wideners-v1, fabricloader, toms_storage
[12:21:07] [Worker-Main-14/INFO]: Found unifont_all_no_pua-15.1.05.hex, loading
[12:21:07] [Worker-Main-9/INFO]: Found unifont_jp_patch-15.1.05.hex, loading
[12:21:07] [Render thread/INFO]: AIBot real-client auto-join watcher screen=net.minecraft.class_424
[12:21:09] [Render thread/WARN]: Missing sound for event: minecraft:block.spawner.fall
[12:21:09] [Render thread/INFO]: OpenAL initialized on device OpenAL Soft on 扬声器 (Steam Streaming Speakers)
[12:21:09] [Render thread/INFO]: Sound engine started
[12:21:09] [Render thread/INFO]: Created: 1024x512x4 minecraft:textures/atlas/blocks.png-atlas
[12:21:09] [Render thread/INFO]: Created: 256x256x4 minecraft:textures/atlas/signs.png-atlas
[12:21:09] [Render thread/INFO]: Created: 512x512x4 minecraft:textures/atlas/banner_patterns.png-atlas
[12:21:09] [Render thread/INFO]: Created: 512x512x4 minecraft:textures/atlas/shield_patterns.png-atlas
[12:21:09] [Render thread/INFO]: Created: 1024x1024x4 minecraft:textures/atlas/armor_trims.png-atlas
[12:21:09] [Render thread/INFO]: Created: 256x256x4 minecraft:textures/atlas/chest.png-atlas
[12:21:09] [Render thread/INFO]: Created: 128x64x4 minecraft:textures/atlas/decorated_pot.png-atlas
[12:21:09] [Render thread/INFO]: Created: 512x256x4 minecraft:textures/atlas/beds.png-atlas
[12:21:09] [Render thread/INFO]: Created: 512x256x4 minecraft:textures/atlas/shulker_boxes.png-atlas
[12:21:09] [Render thread/INFO]: Created: 64x64x0 minecraft:textures/atlas/map_decorations.png-atlas
[12:21:09] [Render thread/INFO]: Created: 512x256x0 minecraft:textures/atlas/particles.png-atlas
[12:21:09] [Render thread/INFO]: Created: 512x256x0 minecraft:textures/atlas/paintings.png-atlas
[12:21:09] [Render thread/INFO]: Created: 256x128x0 minecraft:textures/atlas/mob_effects.png-atlas
[12:21:09] [Render thread/INFO]: Created: 1024x512x0 minecraft:textures/atlas/gui.png-atlas
[12:21:09] [Render thread/INFO]: AIBot real-client auto-join watcher screen=net.minecraft.class_442
[12:21:09] [Render thread/INFO]: AIBot real-client auto-join 127.0.0.1:25565 (attempt 1)
[12:21:09] [Render thread/INFO]: Connecting to 127.0.0.1, 25565
[12:21:09] [Render thread/INFO]: AIBot real-client auto-join watcher screen=net.minecraft.class_412
[12:21:10] [Netty Client IO #0/INFO]: Received server config
[12:21:11] [Render thread/INFO]: AIBot real-client game session incarnation epoch=317385dd-13e3-4fdb-a31b-2ef8b2595c65 seq=0 window_mode=background
[12:21:11] [Render thread/INFO]: Loaded 87 advancements
[12:26:42] [main/INFO]: Loading Minecraft 1.21.3 with Fabric Loader 0.19.5
[12:26:42] [main/INFO]: Loading 57 mods:
	- aibot 0.0.1
	- fabric-api 0.114.1+1.21.3
	   |-- fabric-api-base 0.4.50+119c825640
	   |-- fabric-api-lookup-api-v1 1.6.81+fd37071f40
	   |-- fabric-biome-api-v1 14.0.7+add2a48640
	   |-- fabric-block-api-v1 1.0.28+fd37071f40
	   |-- fabric-block-view-api-v2 1.0.16+fd37071f40
	   |-- fabric-blockrenderlayer-v1 2.0.4+fd37071f40
	   |-- fabric-client-tags-api-v1 1.1.25+a730659c40
	   |-- fabric-command-api-v1 1.2.58+f71b366f40
	   |-- fabric-command-api-v2 2.2.37+c9d82ab240
	   |-- fabric-commands-v0 0.2.75+df3654b340
	   |-- fabric-content-registries-v0 9.1.8+fd37071f40
	   |-- fabric-convention-tags-v1 2.1.4+7f945d5b40
	   |-- fabric-convention-tags-v2 2.9.4+129f0c1f40
	   |-- fabric-crash-report-info-v1 0.3.3+fd37071f40
	   |-- fabric-data-attachment-api-v1 1.4.0+dbad41f140
	   |-- fabric-data-generation-api-v1 21.1.2+a730659c40
	   |-- fabric-dimensions-v1 4.0.7+fd37071f40
	   |-- fabric-entity-events-v1 2.0.8+825023f840
	   |-- fabric-events-interaction-v0 2.0.12+c2c3ac4740
	   |-- fabric-game-rule-api-v1 1.0.59+fd37071f40
	   |-- fabric-item-api-v1 11.1.7+fd37071f40
	   |-- fabric-item-group-api-v1 4.1.17+fd37071f40
	   |-- fabric-key-binding-api-v1 1.0.53+fd37071f40
	   |-- fabric-keybindings-v0 0.2.51+df3654b340
	   |-- fabric-lifecycle-events-v1 2.5.1+6da5ef6940
	   |-- fabric-loot-api-v2 3.0.26+3f89f5a540
	   |-- fabric-loot-api-v3 1.0.14+fd37071f40
	   |-- fabric-message-api-v1 6.0.22+5a9b22c640
	   |-- fabric-model-loading-api-v1 3.0.9+fd37071f40
	   |-- fabric-networking-api-v1 4.3.5+fd37071f40
	   |-- fabric-object-builder-api-v1 17.0.9+fd37071f40
	   |-- fabric-particles-v1 4.0.10+fd37071f40
	   |-- fabric-recipe-api-v1 7.0.5+8ea69ff840
	   |-- fabric-registry-sync-v0 5.4.1+3f3c499540
	   |-- fabric-renderer-api-v1 4.0.5+fd37071f40
	   |-- fabric-renderer-indigo 1.9.5+fd37071f40
	   |-- fabric-rendering-data-attachment-v1 0.3.54+73761d2e40
	   |-- fabric-rendering-fluids-v1 3.1.15+fd37071f40
	   |-- fabric-rendering-v0 1.1.84+df3654b340
	   |-- fabric-rendering-v1 8.0.8+6922831640
	   |-- fabric-resource-conditions-api-v1 5.0.8+fd37071f40
	   |-- fabric-resource-loader-v0 3.0.6+fd37071f40
	   |-- fabric-screen-api-v1 2.0.34+fd37071f40
	   |-- fabric-screen-handler-api-v1 1.3.103+fd37071f40
	   |-- fabric-sound-api-v1 1.0.29+fd37071f40
	   |-- fabric-tag-api-v1 1.0.0+a730659c40
	   |-- fabric-transfer-api-v1 5.4.3+cb44d14340
	   \-- fabric-transitive-access-wideners-v1 6.2.0+54a41b1c40
	- fabricloader 0.19.5
	   \-- mixinextras 0.5.5
	- java 21
	- minecraft 1.21.3
	- toms_storage 2.1.2
	   \-- cloth-config 15.0.127
	        \-- cloth-basic-math 0.6.1
[12:26:42] [main/INFO]: SpongePowered MIXIN Subsystem Version=0.8.7 Source=file:/D:/software/mc/.minecraft/libraries/net/fabricmc/sponge-mixin/0.17.4+mixin.0.8.7/sponge-mixin-0.17.4+mixin.0.8.7.jar Service=Knot/Fabric Env=CLIENT
[12:26:44] [main/INFO]: Initializing MixinExtras via com.llamalad7.mixinextras.service.MixinExtrasServiceImpl(version=0.5.5).
[12:26:45] [Datafixer Bootstrap/INFO]: 237 Datafixer optimizations took 437 milliseconds
[12:26:53] [Render thread/INFO]: Environment: Environment[sessionHost=https://sessionserver.mojang.com, servicesHost=https://api.minecraftservices.com, name=PROD]
[12:26:53] [Render thread/INFO]: Setting user: Bob
[12:26:53] [Render thread/INFO]: [AIBot] CONFIG event=operating_profile_resolved bot=- {configured_hidden_block_scan=true, configured_forced_pickup=true, source=FILE_OR_DEFAULT, profile=strict_survival, configured_manual_teleport=true, effective_capabilities=[], configured_emergency_teleport=true}
[12:26:53] [Render thread/WARN]: [AIBot] CONFIG event=deepseek_key_missing bot=- {}
[12:26:53] [Render thread/INFO]: [AIBot] LIFECYCLE event=mod_loaded bot=- {version=0.0.1}
[12:26:53] [Render thread/INFO]: [AIBot] CONFIG event=config_loaded bot=- {nav_lookahead=4, profile=strict_survival, pickup_force_radius=2.75, perception_radius=16, effective_capabilities=[], deepseek_model=deepseek-v4-flash, configured_operator_capabilities=OperatorCapabilities[hiddenBlockScan=true, emergencyTeleport=true, forcedPickup=true, manualTeleport=true], logging_enabled=true}
[12:26:53] [Render thread/INFO]: ================================
[12:26:53] [Render thread/INFO]:   AIBot v0.0.1 loaded
[12:26:53] [Render thread/INFO]:   Mode: M6 structured logs over M5 tasks
[12:26:53] [Render thread/INFO]: ================================
[12:26:53] [Render thread/INFO]: Tom's Storage Setup starting
[12:26:54] [aibot-real-client-connector/INFO]: AIBot real-client control connected body_id=bob session=9cec8420-3747-4242-a1ba-81d9cc52148f window_mode=background
[12:26:54] [Render thread/INFO]: AIBot real-client runtime enabled body_id=bob player=Bob control=127.0.0.1:18766 auto_join=127.0.0.1:25565 window_mode=background runtime_namespace=intermediary
[12:26:54] [Render thread/INFO]: [Indigo] Registering Indigo renderer!
[12:26:55] [Render thread/INFO]: Backend library: LWJGL version 3.3.3-snapshot
[12:26:56] [Render thread/INFO]: Reloading ResourceManager: vanilla, fabric, aibot, cloth-config, fabric-api, fabric-api-base, fabric-api-lookup-api-v1, fabric-biome-api-v1, fabric-block-api-v1, fabric-block-view-api-v2, fabric-blockrenderlayer-v1, fabric-client-tags-api-v1, fabric-command-api-v1, fabric-command-api-v2, fabric-commands-v0, fabric-content-registries-v0, fabric-convention-tags-v1, fabric-convention-tags-v2, fabric-crash-report-info-v1, fabric-data-attachment-api-v1, fabric-data-generation-api-v1, fabric-dimensions-v1, fabric-entity-events-v1, fabric-events-interaction-v0, fabric-game-rule-api-v1, fabric-item-api-v1, fabric-item-group-api-v1, fabric-key-binding-api-v1, fabric-keybindings-v0, fabric-lifecycle-events-v1, fabric-loot-api-v2, fabric-loot-api-v3, fabric-message-api-v1, fabric-model-loading-api-v1, fabric-networking-api-v1, fabric-object-builder-api-v1, fabric-particles-v1, fabric-recipe-api-v1, fabric-registry-sync-v0, fabric-renderer-api-v1, fabric-renderer-indigo, fabric-rendering-data-attachment-v1, fabric-rendering-fluids-v1, fabric-rendering-v0, fabric-rendering-v1, fabric-resource-conditions-api-v1, fabric-resource-loader-v0, fabric-screen-api-v1, fabric-screen-handler-api-v1, fabric-sound-api-v1, fabric-tag-api-v1, fabric-transfer-api-v1, fabric-transitive-access-wideners-v1, fabricloader, toms_storage
[12:26:56] [Worker-Main-1/INFO]: Found unifont_all_no_pua-15.1.05.hex, loading
[12:26:56] [Worker-Main-13/INFO]: Found unifont_jp_patch-15.1.05.hex, loading
[12:26:56] [Render thread/INFO]: AIBot real-client auto-join watcher screen=net.minecraft.class_424
[12:26:58] [Render thread/WARN]: Missing sound for event: minecraft:block.spawner.fall
[12:26:58] [Render thread/INFO]: OpenAL initialized on device OpenAL Soft on 扬声器 (Steam Streaming Speakers)
[12:26:58] [Render thread/INFO]: Sound engine started
[12:26:58] [Render thread/INFO]: Created: 1024x512x4 minecraft:textures/atlas/blocks.png-atlas
[12:26:58] [Render thread/INFO]: Created: 256x256x4 minecraft:textures/atlas/signs.png-atlas
[12:26:58] [Render thread/INFO]: Created: 512x512x4 minecraft:textures/atlas/shield_patterns.png-atlas
[12:26:58] [Render thread/INFO]: Created: 512x512x4 minecraft:textures/atlas/banner_patterns.png-atlas
[12:26:58] [Render thread/INFO]: Created: 1024x1024x4 minecraft:textures/atlas/armor_trims.png-atlas
[12:26:58] [Render thread/INFO]: Created: 128x64x4 minecraft:textures/atlas/decorated_pot.png-atlas
[12:26:58] [Render thread/INFO]: Created: 256x256x4 minecraft:textures/atlas/chest.png-atlas
[12:26:58] [Render thread/INFO]: Created: 512x256x4 minecraft:textures/atlas/shulker_boxes.png-atlas
[12:26:58] [Render thread/INFO]: Created: 512x256x4 minecraft:textures/atlas/beds.png-atlas
[12:26:58] [Render thread/INFO]: Created: 64x64x0 minecraft:textures/atlas/map_decorations.png-atlas
[12:26:58] [Render thread/INFO]: Created: 512x256x0 minecraft:textures/atlas/particles.png-atlas
[12:26:58] [Render thread/INFO]: Created: 512x256x0 minecraft:textures/atlas/paintings.png-atlas
[12:26:58] [Render thread/INFO]: Created: 256x128x0 minecraft:textures/atlas/mob_effects.png-atlas
[12:26:58] [Render thread/INFO]: Created: 1024x512x0 minecraft:textures/atlas/gui.png-atlas
[12:26:58] [Render thread/INFO]: AIBot real-client auto-join watcher screen=net.minecraft.class_442
[12:26:58] [Render thread/INFO]: AIBot real-client auto-join 127.0.0.1:25565 (attempt 1)
[12:26:58] [Render thread/INFO]: Connecting to 127.0.0.1, 25565
[12:26:58] [Render thread/INFO]: AIBot real-client auto-join watcher screen=net.minecraft.class_412
[12:27:00] [Netty Client IO #0/INFO]: Received server config
[12:27:01] [Render thread/INFO]: AIBot real-client game session incarnation epoch=4e80c2a6-a12b-4ac8-a80c-1a7e69284ea2 seq=0 window_mode=background
[12:27:01] [Render thread/INFO]: Loaded 87 advancements
[12:32:43] [main/INFO]: Loading Minecraft 1.21.3 with Fabric Loader 0.19.5
[12:32:43] [main/INFO]: Loading 57 mods:
	- aibot 0.0.1
	- fabric-api 0.114.1+1.21.3
	   |-- fabric-api-base 0.4.50+119c825640
	   |-- fabric-api-lookup-api-v1 1.6.81+fd37071f40
	   |-- fabric-biome-api-v1 14.0.7+add2a48640
	   |-- fabric-block-api-v1 1.0.28+fd37071f40
	   |-- fabric-block-view-api-v2 1.0.16+fd37071f40
	   |-- fabric-blockrenderlayer-v1 2.0.4+fd37071f40
	   |-- fabric-client-tags-api-v1 1.1.25+a730659c40
	   |-- fabric-command-api-v1 1.2.58+f71b366f40
	   |-- fabric-command-api-v2 2.2.37+c9d82ab240
	   |-- fabric-commands-v0 0.2.75+df3654b340
	   |-- fabric-content-registries-v0 9.1.8+fd37071f40
	   |-- fabric-convention-tags-v1 2.1.4+7f945d5b40
	   |-- fabric-convention-tags-v2 2.9.4+129f0c1f40
	   |-- fabric-crash-report-info-v1 0.3.3+fd37071f40
	   |-- fabric-data-attachment-api-v1 1.4.0+dbad41f140
	   |-- fabric-data-generation-api-v1 21.1.2+a730659c40
	   |-- fabric-dimensions-v1 4.0.7+fd37071f40
	   |-- fabric-entity-events-v1 2.0.8+825023f840
	   |-- fabric-events-interaction-v0 2.0.12+c2c3ac4740
	   |-- fabric-game-rule-api-v1 1.0.59+fd37071f40
	   |-- fabric-item-api-v1 11.1.7+fd37071f40
	   |-- fabric-item-group-api-v1 4.1.17+fd37071f40
	   |-- fabric-key-binding-api-v1 1.0.53+fd37071f40
	   |-- fabric-keybindings-v0 0.2.51+df3654b340
	   |-- fabric-lifecycle-events-v1 2.5.1+6da5ef6940
	   |-- fabric-loot-api-v2 3.0.26+3f89f5a540
	   |-- fabric-loot-api-v3 1.0.14+fd37071f40
	   |-- fabric-message-api-v1 6.0.22+5a9b22c640
	   |-- fabric-model-loading-api-v1 3.0.9+fd37071f40
	   |-- fabric-networking-api-v1 4.3.5+fd37071f40
	   |-- fabric-object-builder-api-v1 17.0.9+fd37071f40
	   |-- fabric-particles-v1 4.0.10+fd37071f40
	   |-- fabric-recipe-api-v1 7.0.5+8ea69ff840
	   |-- fabric-registry-sync-v0 5.4.1+3f3c499540
	   |-- fabric-renderer-api-v1 4.0.5+fd37071f40
	   |-- fabric-renderer-indigo 1.9.5+fd37071f40
	   |-- fabric-rendering-data-attachment-v1 0.3.54+73761d2e40
	   |-- fabric-rendering-fluids-v1 3.1.15+fd37071f40
	   |-- fabric-rendering-v0 1.1.84+df3654b340
	   |-- fabric-rendering-v1 8.0.8+6922831640
	   |-- fabric-resource-conditions-api-v1 5.0.8+fd37071f40
	   |-- fabric-resource-loader-v0 3.0.6+fd37071f40
	   |-- fabric-screen-api-v1 2.0.34+fd37071f40
	   |-- fabric-screen-handler-api-v1 1.3.103+fd37071f40
	   |-- fabric-sound-api-v1 1.0.29+fd37071f40
	   |-- fabric-tag-api-v1 1.0.0+a730659c40
	   |-- fabric-transfer-api-v1 5.4.3+cb44d14340
	   \-- fabric-transitive-access-wideners-v1 6.2.0+54a41b1c40
	- fabricloader 0.19.5
	   \-- mixinextras 0.5.5
	- java 21
	- minecraft 1.21.3
	- toms_storage 2.1.2
	   \-- cloth-config 15.0.127
	        \-- cloth-basic-math 0.6.1
[12:32:44] [main/INFO]: SpongePowered MIXIN Subsystem Version=0.8.7 Source=file:/D:/software/mc/.minecraft/libraries/net/fabricmc/sponge-mixin/0.17.4+mixin.0.8.7/sponge-mixin-0.17.4+mixin.0.8.7.jar Service=Knot/Fabric Env=CLIENT
[12:32:45] [main/INFO]: Initializing MixinExtras via com.llamalad7.mixinextras.service.MixinExtrasServiceImpl(version=0.5.5).
[12:32:47] [Datafixer Bootstrap/INFO]: 237 Datafixer optimizations took 473 milliseconds
[12:32:55] [Render thread/INFO]: Environment: Environment[sessionHost=https://sessionserver.mojang.com, servicesHost=https://api.minecraftservices.com, name=PROD]
[12:32:55] [Render thread/INFO]: Setting user: Bob
[12:32:55] [Render thread/INFO]: [AIBot] CONFIG event=operating_profile_resolved bot=- {configured_emergency_teleport=true, configured_hidden_block_scan=true, configured_forced_pickup=true, source=FILE_OR_DEFAULT, profile=strict_survival, configured_manual_teleport=true, effective_capabilities=[]}
[12:32:55] [Render thread/WARN]: [AIBot] CONFIG event=deepseek_key_missing bot=- {}
[12:32:55] [Render thread/INFO]: [AIBot] LIFECYCLE event=mod_loaded bot=- {version=0.0.1}
[12:32:55] [Render thread/INFO]: [AIBot] CONFIG event=config_loaded bot=- {nav_lookahead=4, profile=strict_survival, pickup_force_radius=2.75, perception_radius=16, effective_capabilities=[], deepseek_model=deepseek-v4-flash, configured_operator_capabilities=OperatorCapabilities[hiddenBlockScan=true, emergencyTeleport=true, forcedPickup=true, manualTeleport=true], logging_enabled=true}
[12:32:55] [Render thread/INFO]: ================================
[12:32:55] [Render thread/INFO]:   AIBot v0.0.1 loaded
[12:32:55] [Render thread/INFO]:   Mode: M6 structured logs over M5 tasks
[12:32:55] [Render thread/INFO]: ================================
[12:32:56] [Render thread/INFO]: Tom's Storage Setup starting
[12:32:56] [aibot-real-client-connector/INFO]: AIBot real-client control connected body_id=bob session=dd960af2-72d5-4b90-bba2-5ab63c582df2 window_mode=background
[12:32:56] [Render thread/INFO]: AIBot real-client runtime enabled body_id=bob player=Bob control=127.0.0.1:18766 auto_join=127.0.0.1:25565 window_mode=background runtime_namespace=intermediary
[12:32:56] [Render thread/INFO]: [Indigo] Registering Indigo renderer!
[12:32:57] [Render thread/INFO]: Backend library: LWJGL version 3.3.3-snapshot
[12:32:58] [Render thread/INFO]: Reloading ResourceManager: vanilla, fabric, aibot, cloth-config, fabric-api, fabric-api-base, fabric-api-lookup-api-v1, fabric-biome-api-v1, fabric-block-api-v1, fabric-block-view-api-v2, fabric-blockrenderlayer-v1, fabric-client-tags-api-v1, fabric-command-api-v1, fabric-command-api-v2, fabric-commands-v0, fabric-content-registries-v0, fabric-convention-tags-v1, fabric-convention-tags-v2, fabric-crash-report-info-v1, fabric-data-attachment-api-v1, fabric-data-generation-api-v1, fabric-dimensions-v1, fabric-entity-events-v1, fabric-events-interaction-v0, fabric-game-rule-api-v1, fabric-item-api-v1, fabric-item-group-api-v1, fabric-key-binding-api-v1, fabric-keybindings-v0, fabric-lifecycle-events-v1, fabric-loot-api-v2, fabric-loot-api-v3, fabric-message-api-v1, fabric-model-loading-api-v1, fabric-networking-api-v1, fabric-object-builder-api-v1, fabric-particles-v1, fabric-recipe-api-v1, fabric-registry-sync-v0, fabric-renderer-api-v1, fabric-renderer-indigo, fabric-rendering-data-attachment-v1, fabric-rendering-fluids-v1, fabric-rendering-v0, fabric-rendering-v1, fabric-resource-conditions-api-v1, fabric-resource-loader-v0, fabric-screen-api-v1, fabric-screen-handler-api-v1, fabric-sound-api-v1, fabric-tag-api-v1, fabric-transfer-api-v1, fabric-transitive-access-wideners-v1, fabricloader, toms_storage
[12:32:58] [Worker-Main-14/INFO]: Found unifont_all_no_pua-15.1.05.hex, loading
[12:32:58] [Worker-Main-15/INFO]: Found unifont_jp_patch-15.1.05.hex, loading
[12:32:59] [Render thread/INFO]: AIBot real-client auto-join watcher screen=net.minecraft.class_424
[12:33:00] [Render thread/WARN]: Missing sound for event: minecraft:block.spawner.fall
[12:33:00] [Render thread/INFO]: OpenAL initialized on device OpenAL Soft on 扬声器 (Steam Streaming Speakers)
[12:33:00] [Render thread/INFO]: Sound engine started
[12:33:01] [Render thread/INFO]: Created: 1024x512x4 minecraft:textures/atlas/blocks.png-atlas
[12:33:01] [Render thread/INFO]: Created: 256x256x4 minecraft:textures/atlas/signs.png-atlas
[12:33:01] [Render thread/INFO]: Created: 512x512x4 minecraft:textures/atlas/shield_patterns.png-atlas
[12:33:01] [Render thread/INFO]: Created: 512x512x4 minecraft:textures/atlas/banner_patterns.png-atlas
[12:33:01] [Render thread/INFO]: Created: 1024x1024x4 minecraft:textures/atlas/armor_trims.png-atlas
[12:33:01] [Render thread/INFO]: Created: 128x64x4 minecraft:textures/atlas/decorated_pot.png-atlas
[12:33:01] [Render thread/INFO]: Created: 256x256x4 minecraft:textures/atlas/chest.png-atlas
[12:33:01] [Render thread/INFO]: Created: 512x256x4 minecraft:textures/atlas/shulker_boxes.png-atlas
[12:33:01] [Render thread/INFO]: Created: 512x256x4 minecraft:textures/atlas/beds.png-atlas
[12:33:01] [Render thread/INFO]: Created: 64x64x0 minecraft:textures/atlas/map_decorations.png-atlas
[12:33:01] [Render thread/INFO]: Created: 512x256x0 minecraft:textures/atlas/particles.png-atlas
[12:33:01] [Render thread/INFO]: Created: 512x256x0 minecraft:textures/atlas/paintings.png-atlas
[12:33:01] [Render thread/INFO]: Created: 256x128x0 minecraft:textures/atlas/mob_effects.png-atlas
[12:33:01] [Render thread/INFO]: Created: 1024x512x0 minecraft:textures/atlas/gui.png-atlas
[12:33:01] [Render thread/INFO]: AIBot real-client auto-join watcher screen=net.minecraft.class_442
[12:33:01] [Render thread/INFO]: AIBot real-client auto-join 127.0.0.1:25565 (attempt 1)
[12:33:01] [Render thread/INFO]: Connecting to 127.0.0.1, 25565
[12:33:01] [Render thread/INFO]: AIBot real-client auto-join watcher screen=net.minecraft.class_412
[12:33:03] [Netty Client IO #0/INFO]: Received server config
[12:33:04] [Render thread/INFO]: AIBot real-client game session incarnation epoch=b6bc84a2-405e-40c3-8741-7955755e6aa5 seq=0 window_mode=background
[12:33:04] [Render thread/INFO]: Loaded 87 advancements
[12:33:21] [Render thread/INFO]: [Not Secure] [CHAT] <Bob> b6-control-cleanup-ok
