
=== real-client launch 2026-09-12T19:11:21Z ===
To honour the JVM settings for this build a single-use Daemon process will be forked. For more on this, please refer to https://docs.gradle.org/9.4.0/userguide/gradle_daemon.html#sec:disabling_the_daemon in the Gradle documentation.
Daemon will be stopped at the end of the build 

> Configure project :
Fabric Loom: 1.16.2

FAILURE: Build failed with an exception.

* What went wrong:
Problem configuring task :runClient from command line.
> No argument was provided for command-line option '--args' with description: 'Command line arguments passed to the main class.'

* Try:
> Run gradlew help --task :runClient to get task usage details.
> Run with --stacktrace option to get the stack trace.
> Run with --info or --debug option to get more log output.
> Run with --scan to get full insights from a Build Scan (powered by Develocity).
> Get more help at https://help.gradle.org.

BUILD FAILED in 14s

=== real-client launch 2026-09-12T19:11:37Z ===
To honour the JVM settings for this build a single-use Daemon process will be forked. For more on this, please refer to https://docs.gradle.org/9.4.0/userguide/gradle_daemon.html#sec:disabling_the_daemon in the Gradle documentation.
Daemon will be stopped at the end of the build 

> Configure project :
Fabric Loom: 1.16.2

FAILURE: Build failed with an exception.

* What went wrong:
Problem configuring task :runClient from command line.
> No argument was provided for command-line option '--args' with description: 'Command line arguments passed to the main class.'

* Try:
> Run gradlew help --task :runClient to get task usage details.
> Run with --stacktrace option to get the stack trace.
> Run with --info or --debug option to get more log output.
> Run with --scan to get full insights from a Build Scan (powered by Develocity).
> Get more help at https://help.gradle.org.

BUILD FAILED in 12s

=== real-client launch 2026-09-12T19:11:52Z ===
To honour the JVM settings for this build a single-use Daemon process will be forked. For more on this, please refer to https://docs.gradle.org/9.4.0/userguide/gradle_daemon.html#sec:disabling_the_daemon in the Gradle documentation.
Daemon will be stopped at the end of the build 

> Configure project :
Fabric Loom: 1.16.2

FAILURE: Build failed with an exception.

* What went wrong:
Problem configuring task :runClient from command line.
> No argument was provided for command-line option '--args' with description: 'Command line arguments passed to the main class.'

* Try:
> Run gradlew help --task :runClient to get task usage details.
> Run with --stacktrace option to get the stack trace.
> Run with --info or --debug option to get more log output.
> Run with --scan to get full insights from a Build Scan (powered by Develocity).
> Get more help at https://help.gradle.org.

BUILD FAILED in 13s

=== real-client launch 2026-09-12T19:12:10Z ===
To honour the JVM settings for this build a single-use Daemon process will be forked. For more on this, please refer to https://docs.gradle.org/9.4.0/userguide/gradle_daemon.html#sec:disabling_the_daemon in the Gradle documentation.
Daemon will be stopped at the end of the build 

> Configure project :
Fabric Loom: 1.16.2

FAILURE: Build failed with an exception.

* What went wrong:
Problem configuring task :runClient from command line.
> No argument was provided for command-line option '--args' with description: 'Command line arguments passed to the main class.'

* Try:
> Run gradlew help --task :runClient to get task usage details.
> Run with --stacktrace option to get the stack trace.
> Run with --info or --debug option to get more log output.
> Run with --scan to get full insights from a Build Scan (powered by Develocity).
> Get more help at https://help.gradle.org.

BUILD FAILED in 13s

=== real-client launch 2026-09-12T19:12:32Z ===
To honour the JVM settings for this build a single-use Daemon process will be forked. For more on this, please refer to https://docs.gradle.org/9.4.0/userguide/gradle_daemon.html#sec:disabling_the_daemon in the Gradle documentation.
Daemon will be stopped at the end of the build 

> Configure project :
Fabric Loom: 1.16.2

FAILURE: Build failed with an exception.

* What went wrong:
Problem configuring task :runClient from command line.
> No argument was provided for command-line option '--args' with description: 'Command line arguments passed to the main class.'

* Try:
> Run gradlew help --task :runClient to get task usage details.
> Run with --stacktrace option to get the stack trace.
> Run with --info or --debug option to get more log output.
> Run with --scan to get full insights from a Build Scan (powered by Develocity).
> Get more help at https://help.gradle.org.

BUILD FAILED in 13s

=== real-client launch 2026-09-12T19:13:01Z ===
To honour the JVM settings for this build a single-use Daemon process will be forked. For more on this, please refer to https://docs.gradle.org/9.4.0/userguide/gradle_daemon.html#sec:disabling_the_daemon in the Gradle documentation.
Daemon will be stopped at the end of the build 

> Configure project :
Fabric Loom: 1.16.2

FAILURE: Build failed with an exception.

* What went wrong:
Problem configuring task :runClient from command line.
> No argument was provided for command-line option '--args' with description: 'Command line arguments passed to the main class.'

* Try:
> Run gradlew help --task :runClient to get task usage details.
> Run with --stacktrace option to get the stack trace.
> Run with --info or --debug option to get more log output.
> Run with --scan to get full insights from a Build Scan (powered by Develocity).
> Get more help at https://help.gradle.org.

BUILD FAILED in 12s

=== real-client launch 2026-09-12T19:13:45Z ===

=== real-client launch 2026-09-12T19:13:53Z ===
To honour the JVM settings for this build a single-use Daemon process will be forked. For more on this, please refer to https://docs.gradle.org/9.4.0/userguide/gradle_daemon.html#sec:disabling_the_daemon in the Gradle documentation.
Daemon will be stopped at the end of the build 

[Incubating] Problems report is available at: file:///D:/code/mc-experiment/aibot/build/reports/problems/problems-report.html

FAILURE: Build failed with an exception.

* Where:
Initialization script 'D:\code\mc-experiment\mc2a04-init.gradle' line: 6

* What went wrong:
Could not compile initialization script 'D:\code\mc-experiment\mc2a04-init.gradle'.
> startup failed:
  initialization script 'D:\code\mc-experiment\mc2a04-init.gradle': 6: Unexpected character: '\'' @ line 6, column 32.
         def parts = identity.split('\+', 3)
                                    ^
  
  1 error


* Try:
> Run with --stacktrace option to get the stack trace.
> Run with --info or --debug option to get more log output.
> Run with --scan to get full insights from a Build Scan (powered by Develocity).
> Get more help at https://help.gradle.org.

BUILD FAILED in 7s

=== real-client launch 2026-09-12T19:14:02Z ===
To honour the JVM settings for this build a single-use Daemon process will be forked. For more on this, please refer to https://docs.gradle.org/9.4.0/userguide/gradle_daemon.html#sec:disabling_the_daemon in the Gradle documentation.
Daemon will be stopped at the end of the build 

[Incubating] Problems report is available at: file:///D:/code/mc-experiment/aibot/build/reports/problems/problems-report.html

FAILURE: Build failed with an exception.

* Where:
Initialization script 'D:\code\mc-experiment\mc2a04-init.gradle' line: 6

* What went wrong:
Could not compile initialization script 'D:\code\mc-experiment\mc2a04-init.gradle'.
> startup failed:
  initialization script 'D:\code\mc-experiment\mc2a04-init.gradle': 6: Unexpected character: '\'' @ line 6, column 32.
         def parts = identity.split('\+', 3)
                                    ^
  
  1 error


* Try:
> Run with --stacktrace option to get the stack trace.
> Run with --info or --debug option to get more log output.
> Run with --scan to get full insights from a Build Scan (powered by Develocity).
> Get more help at https://help.gradle.org.

BUILD FAILED in 6s

=== real-client launch 2026-09-12T19:14:10Z ===
To honour the JVM settings for this build a single-use Daemon process will be forked. For more on this, please refer to https://docs.gradle.org/9.4.0/userguide/gradle_daemon.html#sec:disabling_the_daemon in the Gradle documentation.
Daemon will be stopped at the end of the build 

[Incubating] Problems report is available at: file:///D:/code/mc-experiment/aibot/build/reports/problems/problems-report.html

FAILURE: Build failed with an exception.

* Where:
Initialization script 'D:\code\mc-experiment\mc2a04-init.gradle' line: 6

* What went wrong:
Could not compile initialization script 'D:\code\mc-experiment\mc2a04-init.gradle'.
> startup failed:
  initialization script 'D:\code\mc-experiment\mc2a04-init.gradle': 6: Unexpected character: '\'' @ line 6, column 32.
         def parts = identity.split('\+', 3)
                                    ^
  
  1 error


* Try:
> Run with --stacktrace option to get the stack trace.
> Run with --info or --debug option to get more log output.
> Run with --scan to get full insights from a Build Scan (powered by Develocity).
> Get more help at https://help.gradle.org.

BUILD FAILED in 6s

=== real-client launch 2026-09-12T19:14:21Z ===
To honour the JVM settings for this build a single-use Daemon process will be forked. For more on this, please refer to https://docs.gradle.org/9.4.0/userguide/gradle_daemon.html#sec:disabling_the_daemon in the Gradle documentation.
Daemon will be stopped at the end of the build 

[Incubating] Problems report is available at: file:///D:/code/mc-experiment/aibot/build/reports/problems/problems-report.html

FAILURE: Build failed with an exception.

* Where:
Initialization script 'D:\code\mc-experiment\mc2a04-init.gradle' line: 6

* What went wrong:
Could not compile initialization script 'D:\code\mc-experiment\mc2a04-init.gradle'.
> startup failed:
  initialization script 'D:\code\mc-experiment\mc2a04-init.gradle': 6: Unexpected character: '\'' @ line 6, column 32.
         def parts = identity.split('\+', 3)
                                    ^
  
  1 error


* Try:
> Run with --stacktrace option to get the stack trace.
> Run with --info or --debug option to get more log output.
> Run with --scan to get full insights from a Build Scan (powered by Develocity).
> Get more help at https://help.gradle.org.

BUILD FAILED in 6s

=== real-client launch 2026-09-12T19:14:36Z ===
To honour the JVM settings for this build a single-use Daemon process will be forked. For more on this, please refer to https://docs.gradle.org/9.4.0/userguide/gradle_daemon.html#sec:disabling_the_daemon in the Gradle documentation.
Daemon will be stopped at the end of the build 

[Incubating] Problems report is available at: file:///D:/code/mc-experiment/aibot/build/reports/problems/problems-report.html

FAILURE: Build failed with an exception.

* Where:
Initialization script 'D:\code\mc-experiment\mc2a04-init.gradle' line: 6

* What went wrong:
Could not compile initialization script 'D:\code\mc-experiment\mc2a04-init.gradle'.
> startup failed:
  initialization script 'D:\code\mc-experiment\mc2a04-init.gradle': 6: Unexpected character: '\'' @ line 6, column 32.
         def parts = identity.split('\+', 3)
                                    ^
  
  1 error


* Try:
> Run with --stacktrace option to get the stack trace.
> Run with --info or --debug option to get more log output.
> Run with --scan to get full insights from a Build Scan (powered by Develocity).
> Get more help at https://help.gradle.org.

BUILD FAILED in 6s

=== real-client launch 2026-09-12T19:14:45Z ===

=== real-client launch 2026-09-12T19:14:59Z ===
To honour the JVM settings for this build a single-use Daemon process will be forked. For more on this, please refer to https://docs.gradle.org/9.4.0/userguide/gradle_daemon.html#sec:disabling_the_daemon in the Gradle documentation.
Daemon will be stopped at the end of the build 

[Incubating] Problems report is available at: file:///D:/code/mc-experiment/aibot/build/reports/problems/problems-report.html

FAILURE: Build failed with an exception.

* Where:
Initialization script 'D:\code\mc-experiment\mc2a04-init.gradle' line: 6

* What went wrong:
Could not compile initialization script 'D:\code\mc-experiment\mc2a04-init.gradle'.
> startup failed:
  initialization script 'D:\code\mc-experiment\mc2a04-init.gradle': 6: Unexpected character: '\'' @ line 6, column 32.
         def parts = identity.split('\+', 3)
                                    ^
  
  1 error


* Try:
> Run with --stacktrace option to get the stack trace.
> Run with --info or --debug option to get more log output.
> Run with --scan to get full insights from a Build Scan (powered by Develocity).
> Get more help at https://help.gradle.org.

BUILD FAILED in 6s

=== real-client launch 2026-09-12T19:15:15Z ===

=== real-client launch 2026-09-12T19:15:36Z ===
To honour the JVM settings for this build a single-use Daemon process will be forked. For more on this, please refer to https://docs.gradle.org/9.4.0/userguide/gradle_daemon.html#sec:disabling_the_daemon in the Gradle documentation.
Daemon will be stopped at the end of the build 

[Incubating] Problems report is available at: file:///D:/code/mc-experiment/aibot/build/reports/problems/problems-report.html

FAILURE: Build failed with an exception.

* Where:
Initialization script 'D:\code\mc-experiment\mc2a04-init.gradle' line: 6

* What went wrong:
Could not compile initialization script 'D:\code\mc-experiment\mc2a04-init.gradle'.
> startup failed:
  initialization script 'D:\code\mc-experiment\mc2a04-init.gradle': 6: Unexpected character: '\'' @ line 6, column 32.
         def parts = identity.split('\+', 3)
                                    ^
  
  1 error


* Try:
> Run with --stacktrace option to get the stack trace.
> Run with --info or --debug option to get more log output.
> Run with --scan to get full insights from a Build Scan (powered by Develocity).
> Get more help at https://help.gradle.org.

BUILD FAILED in 6s

=== real-client launch 2026-09-12T19:15:45Z ===

=== real-client launch 2026-09-12T19:16:13Z ===
To honour the JVM settings for this build a single-use Daemon process will be forked. For more on this, please refer to https://docs.gradle.org/9.4.0/userguide/gradle_daemon.html#sec:disabling_the_daemon in the Gradle documentation.
Daemon will be stopped at the end of the build 

[Incubating] Problems report is available at: file:///D:/code/mc-experiment/aibot/build/reports/problems/problems-report.html

FAILURE: Build failed with an exception.

* Where:
Initialization script 'D:\code\mc-experiment\mc2a04-init.gradle' line: 6

* What went wrong:
Could not compile initialization script 'D:\code\mc-experiment\mc2a04-init.gradle'.
> startup failed:
  initialization script 'D:\code\mc-experiment\mc2a04-init.gradle': 6: Unexpected character: '\'' @ line 6, column 32.
         def parts = identity.split('\+', 3)
                                    ^
  
  1 error


* Try:
> Run with --stacktrace option to get the stack trace.
> Run with --info or --debug option to get more log output.
> Run with --scan to get full insights from a Build Scan (powered by Develocity).
> Get more help at https://help.gradle.org.

BUILD FAILED in 6s

=== real-client launch 2026-09-12T19:16:45Z ===

=== real-client launch 2026-09-12T19:16:50Z ===
To honour the JVM settings for this build a single-use Daemon process will be forked. For more on this, please refer to https://docs.gradle.org/9.4.0/userguide/gradle_daemon.html#sec:disabling_the_daemon in the Gradle documentation.
Daemon will be stopped at the end of the build 

[Incubating] Problems report is available at: file:///D:/code/mc-experiment/aibot/build/reports/problems/problems-report.html

FAILURE: Build failed with an exception.

* Where:
Initialization script 'D:\code\mc-experiment\mc2a04-init.gradle' line: 6

* What went wrong:
Could not compile initialization script 'D:\code\mc-experiment\mc2a04-init.gradle'.
> startup failed:
  initialization script 'D:\code\mc-experiment\mc2a04-init.gradle': 6: Unexpected character: '\'' @ line 6, column 32.
         def parts = identity.split('\+', 3)
                                    ^
  
  1 error


* Try:
> Run with --stacktrace option to get the stack trace.
> Run with --info or --debug option to get more log output.
> Run with --scan to get full insights from a Build Scan (powered by Develocity).
> Get more help at https://help.gradle.org.

BUILD FAILED in 6s

=== real-client launch 2026-09-12T19:17:15Z ===

=== real-client launch 2026-09-12T19:17:26Z ===
To honour the JVM settings for this build a single-use Daemon process will be forked. For more on this, please refer to https://docs.gradle.org/9.4.0/userguide/gradle_daemon.html#sec:disabling_the_daemon in the Gradle documentation.
Daemon will be stopped at the end of the build 

[Incubating] Problems report is available at: file:///D:/code/mc-experiment/aibot/build/reports/problems/problems-report.html

FAILURE: Build failed with an exception.

* Where:
Initialization script 'D:\code\mc-experiment\mc2a04-init.gradle' line: 6

* What went wrong:
Could not compile initialization script 'D:\code\mc-experiment\mc2a04-init.gradle'.
> startup failed:
  initialization script 'D:\code\mc-experiment\mc2a04-init.gradle': 6: Unexpected character: '\'' @ line 6, column 32.
         def parts = identity.split('\+', 3)
                                    ^
  
  1 error


* Try:
> Run with --stacktrace option to get the stack trace.
> Run with --info or --debug option to get more log output.
> Run with --scan to get full insights from a Build Scan (powered by Develocity).
> Get more help at https://help.gradle.org.

BUILD FAILED in 6s

=== real-client launch 2026-09-12T19:17:45Z ===

=== real-client launch 2026-09-12T19:18:03Z ===
To honour the JVM settings for this build a single-use Daemon process will be forked. For more on this, please refer to https://docs.gradle.org/9.4.0/userguide/gradle_daemon.html#sec:disabling_the_daemon in the Gradle documentation.
Daemon will be stopped at the end of the build 

[Incubating] Problems report is available at: file:///D:/code/mc-experiment/aibot/build/reports/problems/problems-report.html

FAILURE: Build failed with an exception.

* Where:
Initialization script 'D:\code\mc-experiment\mc2a04-init.gradle' line: 6

* What went wrong:
Could not compile initialization script 'D:\code\mc-experiment\mc2a04-init.gradle'.
> startup failed:
  initialization script 'D:\code\mc-experiment\mc2a04-init.gradle': 6: Unexpected character: '\'' @ line 6, column 32.
         def parts = identity.split('\+', 3)
                                    ^
  
  1 error


* Try:
> Run with --stacktrace option to get the stack trace.
> Run with --info or --debug option to get more log output.
> Run with --scan to get full insights from a Build Scan (powered by Develocity).
> Get more help at https://help.gradle.org.

BUILD FAILED in 6s

=== real-client launch 2026-09-12T19:18:15Z ===

=== real-client launch 2026-09-12T19:18:39Z ===
To honour the JVM settings for this build a single-use Daemon process will be forked. For more on this, please refer to https://docs.gradle.org/9.4.0/userguide/gradle_daemon.html#sec:disabling_the_daemon in the Gradle documentation.
Daemon will be stopped at the end of the build 

> Configure project :
Fabric Loom: 1.16.2

> Task :compileJava UP-TO-DATE
> Task :processResources UP-TO-DATE
> Task :classes UP-TO-DATE
> Task :compileClientJava UP-TO-DATE
> Task :processClientResources UP-TO-DATE
> Task :clientClasses UP-TO-DATE
> Task :generateLog4jConfig UP-TO-DATE
> Task :generateRemapClasspath UP-TO-DATE
> Task :generateDLIConfig UP-TO-DATE
> Task :configureLaunch UP-TO-DATE
> Task :downloadAssets
> Task :configureClientLaunch

> Task :runClient
[34m[03:26:08][m [32m[main/INFO][m [36m(FabricLoader/GameProvider)[m [0mLoading Minecraft 1.21.3 with Fabric Loader 0.18.4
[m[34m[03:26:08][m [32m[main/INFO][m [36m(FabricLoader)[m [0mLoading 55 mods:
	- aibot 0.0.1
	- fabric-api 0.114.1+1.21.3
	- fabric-api-base 0.4.50+119c825640
	- fabric-api-lookup-api-v1 1.6.81+fd37071f40
	- fabric-biome-api-v1 14.0.7+add2a48640
	- fabric-block-api-v1 1.0.28+fd37071f40
	- fabric-block-view-api-v2 1.0.16+fd37071f40
	- fabric-blockrenderlayer-v1 2.0.4+fd37071f40
	- fabric-client-tags-api-v1 1.1.25+a730659c40
	- fabric-command-api-v1 1.2.58+f71b366f40
	- fabric-command-api-v2 2.2.37+c9d82ab240
	- fabric-commands-v0 0.2.75+df3654b340
	- fabric-content-registries-v0 9.1.8+fd37071f40
	- fabric-convention-tags-v1 2.1.4+7f945d5b40
	- fabric-convention-tags-v2 2.9.4+129f0c1f40
	- fabric-crash-report-info-v1 0.3.3+fd37071f40
	- fabric-data-attachment-api-v1 1.4.0+dbad41f140
	- fabric-data-generation-api-v1 21.1.2+a730659c40
	- fabric-dimensions-v1 4.0.7+fd37071f40
	- fabric-entity-events-v1 2.0.8+825023f840
	- fabric-events-interaction-v0 2.0.12+c2c3ac4740
	- fabric-game-rule-api-v1 1.0.59+fd37071f40
	- fabric-gametest-api-v1 2.0.15+fd37071f40
	- fabric-item-api-v1 11.1.7+fd37071f40
	- fabric-item-group-api-v1 4.1.17+fd37071f40
	- fabric-key-binding-api-v1 1.0.53+fd37071f40
	- fabric-keybindings-v0 0.2.51+df3654b340
	- fabric-lifecycle-events-v1 2.5.1+6da5ef6940
	- fabric-loot-api-v2 3.0.26+3f89f5a540
	- fabric-loot-api-v3 1.0.14+fd37071f40
	- fabric-message-api-v1 6.0.22+5a9b22c640
	- fabric-model-loading-api-v1 3.0.9+fd37071f40
	- fabric-networking-api-v1 4.3.5+fd37071f40
	- fabric-object-builder-api-v1 17.0.9+fd37071f40
	- fabric-particles-v1 4.0.10+fd37071f40
	- fabric-recipe-api-v1 7.0.5+8ea69ff840
	- fabric-registry-sync-v0 5.4.1+3f3c499540
	- fabric-renderer-api-v1 4.0.5+fd37071f40
	- fabric-renderer-indigo 1.9.5+fd37071f40
	- fabric-rendering-data-attachment-v1 0.3.54+73761d2e40
	- fabric-rendering-fluids-v1 3.1.15+fd37071f40
	- fabric-rendering-v0 1.1.84+df3654b340
	- fabric-rendering-v1 8.0.8+6922831640
	- fabric-resource-conditions-api-v1 5.0.8+fd37071f40
	- fabric-resource-loader-v0 3.0.6+fd37071f40
	- fabric-screen-api-v1 2.0.34+fd37071f40
	- fabric-screen-handler-api-v1 1.3.103+fd37071f40
	- fabric-sound-api-v1 1.0.29+fd37071f40
	- fabric-tag-api-v1 1.0.0+a730659c40
	- fabric-transfer-api-v1 5.4.3+cb44d14340
	- fabric-transitive-access-wideners-v1 6.2.0+54a41b1c40
	- fabricloader 0.18.4
	- java 21
	- minecraft 1.21.3
	- mixinextras 0.5.0
[m[34m[03:26:08][m [32m[main/INFO][m [36m(FabricLoader/Mixin)[m [0mSpongePowered MIXIN Subsystem Version=0.8.7 Source=file:/C:/Users/15027/.gradle/caches/modules-2/files-2.1/net.fabricmc/sponge-mixin/0.17.0+mixin.0.8.7/cf31463202f72d03b0ef1e1e38e8ee71b7faaab6/sponge-mixin-0.17.0+mixin.0.8.7.jar Service=Knot/Fabric Env=CLIENT
[m[34m[03:26:09][m [32m[main/INFO][m [36m(FabricLoader/Mixin)[m [0mLoaded Fabric development mappings for mixin remapper!
[m[34m[03:26:09][m [32m[main/INFO][m [36m(FabricLoader/Mixin)[m [0mCompatibility level set to JAVA_21
[m[34m[03:26:10][m [32m[main/INFO][m [36m(FabricLoader/MixinExtras|Service)[m [0mInitializing MixinExtras via com.llamalad7.mixinextras.service.MixinExtrasServiceImpl(version=0.5.0).
[m[34m[03:26:11][m [32m[Datafixer Bootstrap/INFO][m [36m(Minecraft)[m [0m237 Datafixer optimizations took 390 milliseconds
[m[34m[03:26:19][m [32m[Render thread/INFO][m [36m(Minecraft)[m [0mEnvironment: Environment[sessionHost=https://sessionserver.mojang.com, servicesHost=https://api.minecraftservices.com, name=PROD]
[m[34m[03:26:19][m [32m[Render thread/INFO][m [36m(Minecraft)[m [0mSetting user: Bob
[m[34m[03:26:19][m [32m[Render thread/INFO][m [36m(aibot)[m [0m[AIBot] CONFIG event=config_template_written bot=- {path=D:\code\mc-experiment\aibot\run\config\aibot.json}
[m[34m[03:26:19][m [32m[Render thread/INFO][m [36m(aibot)[m [0m[AIBot] CONFIG event=operating_profile_resolved bot=- {source=FILE_OR_DEFAULT, configured_forced_pickup=true, configured_hidden_block_scan=true, configured_emergency_teleport=true, effective_capabilities=[], configured_manual_teleport=true, profile=strict_survival}
[m[34m[03:26:19][m [33m[Render thread/WARN][m [36m(aibot)[m [0m[AIBot] CONFIG event=deepseek_key_missing bot=- {}
[m[34m[03:26:19][m [32m[Render thread/INFO][m [36m(aibot)[m [0m[AIBot] LIFECYCLE event=mod_loaded bot=- {version=0.0.1}
[m[34m[03:26:19][m [32m[Render thread/INFO][m [36m(aibot)[m [0m[AIBot] CONFIG event=config_loaded bot=- {pickup_force_radius=2.75, profile=strict_survival, nav_lookahead=4, logging_enabled=true, configured_operator_capabilities=OperatorCapabilities[hiddenBlockScan=true, emergencyTeleport=true, forcedPickup=true, manualTeleport=true], deepseek_model=deepseek-v4-flash, effective_capabilities=[], perception_radius=16}
[m[34m[03:26:19][m [32m[Render thread/INFO][m [36m(aibot)[m [0m================================
[m[34m[03:26:19][m [32m[Render thread/INFO][m [36m(aibot)[m [0m  AIBot v0.0.1 loaded
[m[34m[03:26:19][m [32m[Render thread/INFO][m [36m(aibot)[m [0m  Mode: M6 structured logs over M5 tasks
[m[34m[03:26:19][m [32m[Render thread/INFO][m [36m(aibot)[m [0m================================
[m[34m[03:26:20][m [32m[Render thread/INFO][m [36m(Indigo)[m [0m[Indigo] Registering Indigo renderer!
[m[34m[03:26:20][m [32m[Render thread/INFO][m [36m(aibot)[m [0mAIBot real-client runtime enabled body_id=bob player=Bob control=127.0.0.1:8766
[m[34m[03:26:20][m [32m[aibot-real-client-connector/INFO][m [36m(aibot)[m [0mAIBot real-client control connected body_id=bob session=71c99b9c-11ef-4d92-8f83-b202ac6c0ef8
[m[34m[03:26:21][m [32m[Render thread/INFO][m [36m(Minecraft)[m [0mBackend library: LWJGL version 3.3.3-snapshot
[m[34m[03:26:23][m [32m[Render thread/INFO][m [36m(Minecraft)[m [0mReloading ResourceManager: vanilla, fabric, aibot, fabric-api, fabric-api-base, fabric-api-lookup-api-v1, fabric-biome-api-v1, fabric-block-api-v1, fabric-block-view-api-v2, fabric-blockrenderlayer-v1, fabric-client-tags-api-v1, fabric-command-api-v1, fabric-command-api-v2, fabric-commands-v0, fabric-content-registries-v0, fabric-convention-tags-v1, fabric-convention-tags-v2, fabric-crash-report-info-v1, fabric-data-attachment-api-v1, fabric-data-generation-api-v1, fabric-dimensions-v1, fabric-entity-events-v1, fabric-events-interaction-v0, fabric-game-rule-api-v1, fabric-gametest-api-v1, fabric-item-api-v1, fabric-item-group-api-v1, fabric-key-binding-api-v1, fabric-keybindings-v0, fabric-lifecycle-events-v1, fabric-loot-api-v2, fabric-loot-api-v3, fabric-message-api-v1, fabric-model-loading-api-v1, fabric-networking-api-v1, fabric-object-builder-api-v1, fabric-particles-v1, fabric-recipe-api-v1, fabric-registry-sync-v0, fabric-renderer-api-v1, fabric-renderer-indigo, fabric-rendering-data-attachment-v1, fabric-rendering-fluids-v1, fabric-rendering-v0, fabric-rendering-v1, fabric-resource-conditions-api-v1, fabric-resource-loader-v0, fabric-screen-api-v1, fabric-screen-handler-api-v1, fabric-sound-api-v1, fabric-tag-api-v1, fabric-transfer-api-v1, fabric-transitive-access-wideners-v1, fabricloader
[m[34m[03:26:23][m [32m[Worker-Main-14/INFO][m [36m(Minecraft)[m [0mFound unifont_all_no_pua-15.1.05.hex, loading
[m[34m[03:26:23][m [32m[Worker-Main-13/INFO][m [36m(Minecraft)[m [0mFound unifont_jp_patch-15.1.05.hex, loading
[m[34m[03:26:25][m [33m[Render thread/WARN][m [36m(Minecraft)[m [0mMissing sound for event: minecraft:block.spawner.fall
[m[34m[03:26:25][m [32m[Render thread/INFO][m [36m(Minecraft)[m [0mOpenAL initialized on device OpenAL Soft on æ‰¬å£°å™¨ (Steam Streaming Speakers)
[m[34m[03:26:25][m [32m[Render thread/INFO][m [36m(Minecraft)[m [0mSound engine started
[m[34m[03:26:25][m [32m[Render thread/INFO][m [36m(Minecraft)[m [0mCreated: 1024x512x4 minecraft:textures/atlas/blocks.png-atlas
[m[34m[03:26:25][m [32m[Render thread/INFO][m [36m(Minecraft)[m [0mCreated: 256x256x4 minecraft:textures/atlas/signs.png-atlas
[m[34m[03:26:25][m [32m[Render thread/INFO][m [36m(Minecraft)[m [0mCreated: 512x512x4 minecraft:textures/atlas/banner_patterns.png-atlas
[m[34m[03:26:25][m [32m[Render thread/INFO][m [36m(Minecraft)[m [0mCreated: 512x512x4 minecraft:textures/atlas/shield_patterns.png-atlas
[m[34m[03:26:25][m [32m[Render thread/INFO][m [36m(Minecraft)[m [0mCreated: 1024x1024x4 minecraft:textures/atlas/armor_trims.png-atlas
[m[34m[03:26:25][m [32m[Render thread/INFO][m [36m(Minecraft)[m [0mCreated: 256x256x4 minecraft:textures/atlas/chest.png-atlas
[m[34m[03:26:25][m [32m[Render thread/INFO][m [36m(Minecraft)[m [0mCreated: 128x64x4 minecraft:textures/atlas/decorated_pot.png-atlas
[m[34m[03:26:25][m [32m[Render thread/INFO][m [36m(Minecraft)[m [0mCreated: 512x256x4 minecraft:textures/atlas/shulker_boxes.png-atlas
[m[34m[03:26:25][m [32m[Render thread/INFO][m [36m(Minecraft)[m [0mCreated: 512x256x4 minecraft:textures/atlas/beds.png-atlas
[m[34m[03:26:25][m [32m[Render thread/INFO][m [36m(Minecraft)[m [0mCreated: 64x64x0 minecraft:textures/atlas/map_decorations.png-atlas
[m[34m[03:26:25][m [32m[Render thread/INFO][m [36m(Minecraft)[m [0mCreated: 512x256x0 minecraft:textures/atlas/particles.png-atlas
[m[34m[03:26:25][m [32m[Render thread/INFO][m [36m(Minecraft)[m [0mCreated: 512x256x0 minecraft:textures/atlas/paintings.png-atlas
[m[34m[03:26:25][m [32m[Render thread/INFO][m [36m(Minecraft)[m [0mCreated: 256x128x0 minecraft:textures/atlas/mob_effects.png-atlas
[m[34m[03:26:25][m [32m[Render thread/INFO][m [36m(Minecraft)[m [0mCreated: 1024x512x0 minecraft:textures/atlas/gui.png-atlas
[m
> Task :runClient FAILED

FAILURE: Build failed with an exception.

* What went wrong:
Execution failed for task ':runClient'.
> Process 'command 'D:\mc-server\jdk-21.0.12.1+1\bin\java.exe'' finished with non-zero exit value 1

* Try:
> Run with --stacktrace option to get the stack trace.
> Run with --info or --debug option to get more log output.
> Run with --scan to get full insights from a Build Scan (powered by Develocity).
> Get more help at https://help.gradle.org.

BUILD FAILED in 11m 14s
9 actionable tasks: 2 executed, 7 up-to-date
d37071f40
	- fabric-block-view-api-v2 1.0.16+fd37071f40
	- fabric-blockrenderlayer-v1 2.0.4+fd37071f40
	- fabric-client-tags-api-v1 1.1.25+a730659c40
	- fabric-command-api-v1 1.2.58+f71b366f40
	- fabric-command-api-v2 2.2.37+c9d82ab240
	- fabric-commands-v0 0.2.75+df3654b340
	- fabric-content-registries-v0 9.1.8+fd37071f40
	- fabric-convention-tags-v1 2.1.4+7f945d5b40
	- fabric-convention-tags-v2 2.9.4+129f0c1f40
	- fabric-crash-report-info-v1 0.3.3+fd37071f40
	- fabric-data-attachment-api-v1 1.4.0+dbad41f140
	- fabric-data-generation-api-v1 21.1.2+a730659c40
	- fabric-dimensions-v1 4.0.7+fd37071f40
	- fabric-entity-events-v1 2.0.8+825023f840
	- fabric-events-interaction-v0 2.0.12+c2c3ac4740
	- fabric-game-rule-api-v1 1.0.59+fd37071f40
	- fabric-gametest-api-v1 2.0.15+fd37071f40
	- fabric-item-api-v1 11.1.7+fd37071f40
	- fabric-item-group-api-v1 4.1.17+fd37071f40
	- fabric-key-binding-api-v1 1.0.53+fd37071f40
	- fabric-keybindings-v0 0.2.51+df3654b340
	- fabric-lifecycle-events-v1 2.5.1+6da5ef6940
	- fabric-loot-api-v2 3.0.26+3f89f5a540
	- fabric-loot-api-v3 1.0.14+fd37071f40
	- fabric-message-api-v1 6.0.22+5a9b22c640
	- fabric-model-loading-api-v1 3.0.9+fd37071f40
	- fabric-networking-api-v1 4.3.5+fd37071f40
	- fabric-object-builder-api-v1 17.0.9+fd37071f40
	- fabric-particles-v1 4.0.10+fd37071f40
	- fabric-recipe-api-v1 7.0.5+8ea69ff840
	- fabric-registry-sync-v0 5.4.1+3f3c499540
	- fabric-renderer-api-v1 4.0.5+fd37071f40
	- fabric-renderer-indigo 1.9.5+fd37071f40
	- fabric-rendering-data-attachment-v1 0.3.54+73761d2e40
	- fabric-rendering-fluids-v1 3.1.15+fd37071f40
	- fabric-rendering-v0 1.1.84+df3654b340
	- fabric-rendering-v1 8.0.8+6922831640
	- fabric-resource-conditions-api-v1 5.0.8+fd37071f40
	- fabric-resource-loader-v0 3.0.6+fd37071f40
	- fabric-screen-api-v1 2.0.34+fd37071f40
	- fabric-screen-handler-api-v1 1.3.103+fd37071f40
	- fabric-sound-api-v1 1.0.29+fd37071f40
	- fabric-tag-api-v1 1.0.0+a730659c40
	- fabric-transfer-api-v1 5.4.3+cb44d14340
	- fabric-transitive-access-wideners-v1 6.2.0+54a41b1c40
	- fabricloader 0.18.4
	- java 21
	- minecraft 1.21.3
	- mixinextras 0.5.0
[m[34m[03:27:24][m [32m[main/INFO][m [36m(FabricLoader/Mixin)[m [0mSpongePowered MIXIN Subsystem Version=0.8.7 Source=file:/C:/Users/15027/.gradle/caches/modules-2/files-2.1/net.fabricmc/sponge-mixin/0.17.0+mixin.0.8.7/cf31463202f72d03b0ef1e1e38e8ee71b7faaab6/sponge-mixin-0.17.0+mixin.0.8.7.jar Service=Knot/Fabric Env=CLIENT
[m[34m[03:27:24][m [32m[main/INFO][m [36m(FabricLoader/Mixin)[m [0mLoaded Fabric development mappings for mixin remapper!
[m[34m[03:27:24][m [32m[main/INFO][m [36m(FabricLoader/Mixin)[m [0mCompatibility level set to JAVA_21
[m[34m[03:27:26][m [32m[main/INFO][m [36m(FabricLoader/MixinExtras|Service)[m [0mInitializing MixinExtras via com.llamalad7.mixinextras.service.MixinExtrasServiceImpl(version=0.5.0).
[m[34m[03:27:27][m [32m[Datafixer Bootstrap/INFO][m [36m(Minecraft)[m [0m237 Datafixer optimizations took 518 milliseconds
[m[34m[03:27:36][m [32m[Render thread/INFO][m [36m(Minecraft)[m [0mEnvironment: Environment[sessionHost=https://sessionserver.mojang.com, servicesHost=https://api.minecraftservices.com, name=PROD]
[m[34m[03:27:36][m [32m[Render thread/INFO][m [36m(Minecraft)[m [0mSetting user: Bob
[m[34m[03:27:36][m [32m[Render thread/INFO][m [36m(aibot)[m [0m[AIBot] CONFIG event=config_template_written bot=- {path=D:\code\mc-experiment\aibot\config\aibot.json}
[m[34m[03:27:36][m [32m[Render thread/INFO][m [36m(aibot)[m [0m[AIBot] CONFIG event=operating_profile_resolved bot=- {profile=strict_survival, source=FILE_OR_DEFAULT, configured_forced_pickup=true, configured_hidden_block_scan=true, configured_emergency_teleport=true, effective_capabilities=[], configured_manual_teleport=true}
[m[34m[03:27:36][m [33m[Render thread/WARN][m [36m(aibot)[m [0m[AIBot] CONFIG event=deepseek_key_missing bot=- {}
[m[34m[03:27:36][m [32m[Render thread/INFO][m [36m(aibot)[m [0m[AIBot] LIFECYCLE event=mod_loaded bot=- {version=0.0.1}
[m[34m[03:27:36][m [32m[Render thread/INFO][m [36m(aibot)[m [0m[AIBot] CONFIG event=config_loaded bot=- {perception_radius=16, pickup_force_radius=2.75, profile=strict_survival, nav_lookahead=4, logging_enabled=true, configured_operator_capabilities=OperatorCapabilities[hiddenBlockScan=true, emergencyTeleport=true, forcedPickup=true, manualTeleport=true], deepseek_model=deepseek-v4-flash, effective_capabilities=[]}
[m[34m[03:27:36][m [32m[Render thread/INFO][m [36m(aibot)[m [0m================================
[m[34m[03:27:36][m [32m[Render thread/INFO][m [36m(aibot)[m [0m  AIBot v0.0.1 loaded
[m[34m[03:27:36][m [32m[Render thread/INFO][m [36m(aibot)[m [0m  Mode: M6 structured logs over M5 tasks
[m[34m[03:27:36][m [32m[Render thread/INFO][m [36m(aibot)[m [0m================================
[m[34m[03:27:37][m [33m[aibot-real-client-connector/WARN][m [36m(aibot)[m [0mreal-client control connect/read failed: java.io.EOFException
[m[34m[03:27:37][m [32m[Render thread/INFO][m [36m(aibot)[m [0mAIBot real-client runtime enabled body_id=bob player=Bob control=127.0.0.1:8766
[m[34m[03:27:37][m [32m[Render thread/INFO][m [36m(Indigo)[m [0m[Indigo] Registering Indigo renderer!
[m[34m[03:27:38][m [32m[Render thread/INFO][m [36m(Minecraft)[m [0mBackend library: LWJGL version 3.3.3-snapshot
[m[34m[03:27:38][m [33m[aibot-real-client-connector/WARN][m [36m(aibot)[m [0mreal-client control connect/read failed: java.io.EOFException
[m[34m[03:27:40][m [32m[Render thread/INFO][m [36m(Minecraft)[m [0mReloading ResourceManager: vanilla, fabric, aibot, fabric-api, fabric-api-base, fabric-api-lookup-api-v1, fabric-biome-api-v1, fabric-block-api-v1, fabric-block-view-api-v2, fabric-blockrenderlayer-v1, fabric-client-tags-api-v1, fabric-command-api-v1, fabric-command-api-v2, fabric-commands-v0, fabric-content-registries-v0, fabric-convention-tags-v1, fabric-convention-tags-v2, fabric-crash-report-info-v1, fabric-data-attachment-api-v1, fabric-data-generation-api-v1, fabric-dimensions-v1, fabric-entity-events-v1, fabric-events-interaction-v0, fabric-game-rule-api-v1, fabric-gametest-api-v1, fabric-item-api-v1, fabric-item-group-api-v1, fabric-key-binding-api-v1, fabric-keybindings-v0, fabric-lifecycle-events-v1, fabric-loot-api-v2, fabric-loot-api-v3, fabric-message-api-v1, fabric-model-loading-api-v1, fabric-networking-api-v1, fabric-object-builder-api-v1, fabric-particles-v1, fabric-recipe-api-v1, fabric-registry-sync-v0, fabric-renderer-api-v1, fabric-renderer-indigo, fabric-rendering-data-attachment-v1, fabric-rendering-fluids-v1, fabric-rendering-v0, fabric-rendering-v1, fabric-resource-conditions-api-v1, fabric-resource-loader-v0, fabric-screen-api-v1, fabric-screen-handler-api-v1, fabric-sound-api-v1, fabric-tag-api-v1, fabric-transfer-api-v1, fabric-transitive-access-wideners-v1, fabricloader
[m[34m[03:27:40][m [32m[Worker-Main-1/INFO][m [36m(Minecraft)[m [0mFound unifont_all_no_pua-15.1.05.hex, loading
[m[34m[03:27:40][m [32m[Worker-Main-11/INFO][m [36m(Minecraft)[m [0mFound unifont_jp_patch-15.1.05.hex, loading
[m[34m[03:27:40][m [33m[aibot-real-client-connector/WARN][m [36m(aibot)[m [0mreal-client control connect/read failed: java.io.EOFException
[m[34m[03:27:42][m [33m[Render thread/WARN][m [36m(Minecraft)[m [0mMissing sound for event: minecraft:block.spawner.fall
[m[34m[03:27:42][m [32m[Render thread/INFO][m [36m(Minecraft)[m [0mOpenAL initialized on device OpenAL Soft on æ‰¬å£°å™¨ (Steam Streaming Speakers)
[m[34m[03:27:42][m [32m[Render thread/INFO][m [36m(Minecraft)[m [0mSound engine started
[m[34m[03:27:42][m [32m[Render thread/INFO][m [36m(Minecraft)[m [0mCreated: 1024x512x4 minecraft:textures/atlas/blocks.png-atlas
[m[34m[03:27:42][m [32m[Render thread/INFO][m [36m(Minecraft)[m [0mCreated: 256x256x4 minecraft:textures/atlas/signs.png-atlas
[m[34m[03:27:42][m [32m[Render thread/INFO][m [36m(Minecraft)[m [0mCreated: 512x512x4 minecraft:textures/atlas/banner_patterns.png-atlas
[m[34m[03:27:42][m [32m[Render thread/INFO][m [36m(Minecraft)[m [0mCreated: 512x512x4 minecraft:textures/atlas/shield_patterns.png-atlas
[m[34m[03:27:42][m [32m[Render thread/INFO][m [36m(Minecraft)[m [0mCreated: 1024x1024x4 minecraft:textures/atlas/armor_trims.png-atlas
[m[34m[03:27:42][m [32m[Render thread/INFO][m [36m(Minecraft)[m [0mCreated: 256x256x4 minecraft:textures/atlas/chest.png-atlas
[m[34m[03:27:42][m [32m[Render thread/INFO][m [36m(Minecraft)[m [0mCreated: 128x64x4 minecraft:textures/atlas/decorated_pot.png-atlas
[m[34m[03:27:42][m [32m[Render thread/INFO][m [36m(Minecraft)[m [0mCreated: 512x256x4 minecraft:textures/atlas/shulker_boxes.png-atlas
[m[34m[03:27:42][m [32m[Render thread/INFO][m [36m(Minecraft)[m [0mCreated: 512x256x4 minecraft:textures/atlas/beds.png-atlas
[m[34m[03:27:42][m [32m[Render thread/INFO][m [36m(Minecraft)[m [0mCreated: 64x64x0 minecraft:textures/atlas/map_decorations.png-atlas
[m[34m[03:27:42][m [32m[Render thread/INFO][m [36m(Minecraft)[m [0mCreated: 512x256x0 minecraft:textures/atlas/particles.png-atlas
[m[34m[03:27:42][m [32m[Render thread/INFO][m [36m(Minecraft)[m [0mCreated: 512x256x0 minecraft:textures/atlas/paintings.png-atlas
[m[34m[03:27:42][m [32m[Render thread/INFO][m [36m(Minecraft)[m [0mCreated: 256x128x0 minecraft:textures/atlas/mob_effects.png-atlas
[m[34m[03:27:42][m [32m[Render thread/INFO][m [36m(Minecraft)[m [0mCreated: 1024x512x0 minecraft:textures/atlas/gui.png-atlas
[m[34m[03:27:44][m [33m[aibot-real-client-connector/WARN][m [36m(aibot)[m [0mreal-client control connect/read failed: java.io.EOFException
[m[34m[03:27:52][m [33m[aibot-real-client-connector/WARN][m [36m(aibot)[m [0mreal-client control connect/read failed: java.io.EOFException
[m[34m[03:28:00][m [33m[aibot-real-client-connector/WARN][m [36m(aibot)[m [0mreal-client control connect/read failed: java.io.EOFException
[m[34m[03:28:08][m [33m[aibot-real-client-connector/WARN][m [36m(aibot)[m [0mreal-client control connect/read failed: java.io.EOFException
[m[34m[03:28:16][m [33m[aibot-real-client-connector/WARN][m [36m(aibot)[m [0mreal-client control connect/read failed: java.io.EOFException
[m[34m[03:28:24][m [33m[aibot-real-client-connector/WARN][m [36m(aibot)[m [0mreal-client control connect/read failed: java.io.EOFException
[m[34m[03:28:32][m [33m[aibot-real-client-connector/WARN][m [36m(aibot)[m [0mreal-client control connect/read failed: java.io.EOFException
[m[34m[03:28:40][m [33m[aibot-real-client-connector/WARN][m [36m(aibot)[m [0mreal-client control connect/read failed: java.io.EOFException
[m[34m[03:28:48][m [33m[aibot-real-client-connector/WARN][m [36m(aibot)[m [0mreal-client control connect/read failed: java.io.EOFException
[m[34m[03:28:56][m [33m[aibot-real-client-connector/WARN][m [36m(aibot)[m [0mreal-client control connect/read failed: java.io.EOFException
[m[34m[03:29:04][m [33m[aibot-real-client-connector/WARN][m [36m(aibot)[m [0mreal-client control connect/read failed: java.io.EOFException
[m[34m[03:29:12][m [33m[aibot-real-client-connector/WARN][m [36m(aibot)[m [0mreal-client control connect/read failed: java.io.EOFException
[m[34m[03:29:20][m [33m[aibot-real-client-connector/WARN][m [36m(aibot)[m [0mreal-client control connect/read failed: java.io.EOFException
[m[34m[03:29:28][m [33m[aibot-real-client-connector/WARN][m [36m(aibot)[m [0mreal-client control connect/read failed: java.io.EOFException
[m[34m[03:29:36][m [33m[aibot-real-client-connector/WARN][m [36m(aibot)[m [0mreal-client control connect/read failed: java.io.EOFException
[m[34m[03:29:44][m [33m[aibot-real-client-connector/WARN][m [36m(aibot)[m [0mreal-client control connect/read failed: java.io.EOFException
[m[34m[03:29:52][m [33m[aibot-real-client-connector/WARN][m [36m(aibot)[m [0mreal-client control connect/read failed: java.io.EOFException
[m[34m[03:30:00][m [32m[aibot-real-client-connector/INFO][m [36m(aibot)[m [0mAIBot real-client control connected body_id=bob session=5cbb2b1a-4542-48ed-a79c-a170d3d4816c
[mcs.gradle.org/9.4.0/userguide/gradle_daemon.html#sec:disabling_the_daemon in the Gradle documentation.
Daemon will be stopped at the end of the build 

> Configure project :
Fabric Loom: 1.16.2

> Task :compileJava UP-TO-DATE
> Task :processResources UP-TO-DATE
> Task :classes UP-TO-DATE
> Task :compileClientJava UP-TO-DATE
> Task :processClientResources UP-TO-DATE
> Task :clientClasses UP-TO-DATE
> Task :generateLog4jConfig UP-TO-DATE
> Task :generateRemapClasspath UP-TO-DATE
> Task :generateDLIConfig UP-TO-DATE
> Task :configureLaunch UP-TO-DATE
> Task :downloadAssets UP-TO-DATE
> Task :configureClientLaunch UP-TO-DATE

> Task :runClient
[34m[03:30:11][m [32m[main/INFO][m [36m(FabricLoader/GameProvider)[m [0mLoading Minecraft 1.21.3 with Fabric Loader 0.18.4
[m[34m[03:30:11][m [32m[main/INFO][m [36m(FabricLoader)[m [0mLoading 55 mods:
	- aibot 0.0.1
	- fabric-api 0.114.1+1.21.3
	- fabric-api-base 0.4.50+119c825640
	- fabric-api-lookup-api-v1 1.6.81+fd37071f40
	- fabric-biome-api-v1 14.0.7+add2a48640
	- fabric-block-api-v1 1.0.28+fd37071f40
	- fabric-block-view-api-v2 1.0.16+fd37071f40
	- fabric-blockrenderlayer-v1 2.0.4+fd37071f40
	- fabric-client-tags-api-v1 1.1.25+a730659c40
	- fabric-command-api-v1 1.2.58+f71b366f40
	- fabric-command-api-v2 2.2.37+c9d82ab240
	- fabric-commands-v0 0.2.75+df3654b340
	- fabric-content-registries-v0 9.1.8+fd37071f40
	- fabric-convention-tags-v1 2.1.4+7f945d5b40
	- fabric-convention-tags-v2 2.9.4+129f0c1f40
	- fabric-crash-report-info-v1 0.3.3+fd37071f40
	- fabric-data-attachment-api-v1 1.4.0+dbad41f140
	- fabric-data-generation-api-v1 21.1.2+a730659c40
	- fabric-dimensions-v1 4.0.7+fd37071f40
	- fabric-entity-events-v1 2.0.8+825023f840
	- fabric-events-interaction-v0 2.0.12+c2c3ac4740
	- fabric-game-rule-api-v1 1.0.59+fd37071f40
	- fabric-gametest-api-v1 2.0.15+fd37071f40
	- fabric-item-api-v1 11.1.7+fd37071f40
	- fabric-item-group-api-v1 4.1.17+fd37071f40
	- fabric-key-binding-api-v1 1.0.53+fd37071f40
	- fabric-keybindings-v0 0.2.51+df3654b340
	- fabric-lifecycle-events-v1 2.5.1+6da5ef6940
	- fabric-loot-api-v2 3.0.26+3f89f5a540
	- fabric-loot-api-v3 1.0.14+fd37071f40
	- fabric-message-api-v1 6.0.22+5a9b22c640
	- fabric-model-loading-api-v1 3.0.9+fd37071f40
	- fabric-networking-api-v1 4.3.5+fd37071f40
	- fabric-object-builder-api-v1 17.0.9+fd37071f40
	- fabric-particles-v1 4.0.10+fd37071f40
	- fabric-recipe-api-v1 7.0.5+8ea69ff840
	- fabric-registry-sync-v0 5.4.1+3f3c499540
	- fabric-renderer-api-v1 4.0.5+fd37071f40
	- fabric-renderer-indigo 1.9.5+fd37071f40
	- fabric-rendering-data-attachment-v1 0.3.54+73761d2e40
	- fabric-rendering-fluids-v1 3.1.15+fd37071f40
	- fabric-rendering-v0 1.1.84+df3654b340
	- fabric-rendering-v1 8.0.8+6922831640
	- fabric-resource-conditions-api-v1 5.0.8+fd37071f40
	- fabric-resource-loader-v0 3.0.6+fd37071f40
	- fabric-screen-api-v1 2.0.34+fd37071f40
	- fabric-screen-handler-api-v1 1.3.103+fd37071f40
	- fabric-sound-api-v1 1.0.29+fd37071f40
	- fabric-tag-api-v1 1.0.0+a730659c40
	- fabric-transfer-api-v1 5.4.3+cb44d14340
	- fabric-transitive-access-wideners-v1 6.2.0+54a41b1c40
	- fabricloader 0.18.4
	- java 21
	- minecraft 1.21.3
	- mixinextras 0.5.0
[m[34m[03:30:11][m [32m[main/INFO][m [36m(FabricLoader/Mixin)[m [0mSpongePowered MIXIN Subsystem Version=0.8.7 Source=file:/C:/Users/15027/.gradle/caches/modules-2/files-2.1/net.fabricmc/sponge-mixin/0.17.0+mixin.0.8.7/cf31463202f72d03b0ef1e1e38e8ee71b7faaab6/sponge-mixin-0.17.0+mixin.0.8.7.jar Service=Knot/Fabric Env=CLIENT
[m[34m[03:30:12][m [32m[main/INFO][m [36m(FabricLoader/Mixin)[m [0mLoaded Fabric development mappings for mixin remapper!
[m[34m[03:30:12][m [32m[main/INFO][m [36m(FabricLoader/Mixin)[m [0mCompatibility level set to JAVA_21
[m[34m[03:30:13][m [32m[main/INFO][m [36m(FabricLoader/MixinExtras|Service)[m [0mInitializing MixinExtras via com.llamalad7.mixinextras.service.MixinExtrasServiceImpl(version=0.5.0).
[m[34m[03:30:15][m [32m[Datafixer Bootstrap/INFO][m [36m(Minecraft)[m [0m237 Datafixer optimizations took 519 milliseconds
[m[34m[03:30:23][m [32m[Render thread/INFO][m [36m(Minecraft)[m [0mEnvironment: Environment[sessionHost=https://sessionserver.mojang.com, servicesHost=https://api.minecraftservices.com, name=PROD]
[m[34m[03:30:23][m [32m[Render thread/INFO][m [36m(Minecraft)[m [0mSetting user: Bob
[m[34m[03:30:24][m [32m[Render thread/INFO][m [36m(aibot)[m [0m[AIBot] CONFIG event=operating_profile_resolved bot=- {profile=strict_survival, configured_manual_teleport=true, effective_capabilities=[], configured_emergency_teleport=true, configured_hidden_block_scan=true, configured_forced_pickup=true, source=FILE_OR_DEFAULT}
[m[34m[03:30:24][m [33m[Render thread/WARN][m [36m(aibot)[m [0m[AIBot] CONFIG event=deepseek_key_missing bot=- {}
[m[34m[03:30:24][m [32m[Render thread/INFO][m [36m(aibot)[m [0m[AIBot] LIFECYCLE event=mod_loaded bot=- {version=0.0.1}
[m[34m[03:30:24][m [32m[Render thread/INFO][m [36m(aibot)[m [0m[AIBot] CONFIG event=config_loaded bot=- {profile=strict_survival, pickup_force_radius=2.75, perception_radius=16, effective_capabilities=[], deepseek_model=deepseek-v4-flash, configured_operator_capabilities=OperatorCapabilities[hiddenBlockScan=true, emergencyTeleport=true, forcedPickup=true, manualTeleport=true], logging_enabled=true, nav_lookahead=4}
[m[34m[03:30:24][m [32m[Render thread/INFO][m [36m(aibot)[m [0m================================
[m[34m[03:30:24][m [32m[Render thread/INFO][m [36m(aibot)[m [0m  AIBot v0.0.1 loaded
[m[34m[03:30:24][m [32m[Render thread/INFO][m [36m(aibot)[m [0m  Mode: M6 structured logs over M5 tasks
[m[34m[03:30:24][m [32m[Render thread/INFO][m [36m(aibot)[m [0m================================
[m[34m[03:30:24][m [32m[Render thread/INFO][m [36m(Indigo)[m [0m[Indigo] Registering Indigo renderer!
[m[34m[03:30:25][m [33m[aibot-real-client-connector/WARN][m [36m(aibot)[m [0mreal-client control connect/read failed: java.io.EOFException
[m[34m[03:30:25][m [32m[Render thread/INFO][m [36m(aibot)[m [0mAIBot real-client runtime enabled body_id=bob player=Bob control=127.0.0.1:8766
[m[34m[03:30:26][m [32m[Render thread/INFO][m [36m(Minecraft)[m [0mBackend library: LWJGL version 3.3.3-snapshot
[m[34m[03:30:26][m [33m[aibot-real-client-connector/WARN][m [36m(aibot)[m [0mreal-client control connect/read failed: java.io.EOFException
[m[34m[03:30:27][m [32m[Render thread/INFO][m [36m(Minecraft)[m [0mReloading ResourceManager: vanilla, fabric, aibot, fabric-api, fabric-api-base, fabric-api-lookup-api-v1, fabric-biome-api-v1, fabric-block-api-v1, fabric-block-view-api-v2, fabric-blockrenderlayer-v1, fabric-client-tags-api-v1, fabric-command-api-v1, fabric-command-api-v2, fabric-commands-v0, fabric-content-registries-v0, fabric-convention-tags-v1, fabric-convention-tags-v2, fabric-crash-report-info-v1, fabric-data-attachment-api-v1, fabric-data-generation-api-v1, fabric-dimensions-v1, fabric-entity-events-v1, fabric-events-interaction-v0, fabric-game-rule-api-v1, fabric-gametest-api-v1, fabric-item-api-v1, fabric-item-group-api-v1, fabric-key-binding-api-v1, fabric-keybindings-v0, fabric-lifecycle-events-v1, fabric-loot-api-v2, fabric-loot-api-v3, fabric-message-api-v1, fabric-model-loading-api-v1, fabric-networking-api-v1, fabric-object-builder-api-v1, fabric-particles-v1, fabric-recipe-api-v1, fabric-registry-sync-v0, fabric-renderer-api-v1, fabric-renderer-indigo, fabric-rendering-data-attachment-v1, fabric-rendering-fluids-v1, fabric-rendering-v0, fabric-rendering-v1, fabric-resource-conditions-api-v1, fabric-resource-loader-v0, fabric-screen-api-v1, fabric-screen-handler-api-v1, fabric-sound-api-v1, fabric-tag-api-v1, fabric-transfer-api-v1, fabric-transitive-access-wideners-v1, fabricloader
[m[34m[03:30:27][m [32m[Worker-Main-13/INFO][m [36m(Minecraft)[m [0mFound unifont_jp_patch-15.1.05.hex, loading
[m[34m[03:30:27][m [32m[Worker-Main-12/INFO][m [36m(Minecraft)[m [0mFound unifont_all_no_pua-15.1.05.hex, loading
[m[34m[03:30:28][m [33m[aibot-real-client-connector/WARN][m [36m(aibot)[m [0mreal-client control connect/read failed: java.io.EOFException
[m[34m[03:30:29][m [33m[Render thread/WARN][m [36m(Minecraft)[m [0mMissing sound for event: minecraft:block.spawner.fall
[m[34m[03:30:29][m [32m[Render thread/INFO][m [36m(Minecraft)[m [0mOpenAL initialized on device OpenAL Soft on æ‰¬å£°å™¨ (Steam Streaming Speakers)
[m[34m[03:30:29][m [32m[Render thread/INFO][m [36m(Minecraft)[m [0mSound engine started
[m[34m[03:30:29][m [32m[Render thread/INFO][m [36m(Minecraft)[m [0mCreated: 1024x512x4 minecraft:textures/atlas/blocks.png-atlas
[m[34m[03:30:29][m [32m[Render thread/INFO][m [36m(Minecraft)[m [0mCreated: 256x256x4 minecraft:textures/atlas/signs.png-atlas
[m[34m[03:30:29][m [32m[Render thread/INFO][m [36m(Minecraft)[m [0mCreated: 512x512x4 minecraft:textures/atlas/shield_patterns.png-atlas
[m[34m[03:30:29][m [32m[Render thread/INFO][m [36m(Minecraft)[m [0mCreated: 512x512x4 minecraft:textures/atlas/banner_patterns.png-atlas
[m[34m[03:30:29][m [32m[Render thread/INFO][m [36m(Minecraft)[m [0mCreated: 1024x1024x4 minecraft:textures/atlas/armor_trims.png-atlas
[m[34m[03:30:29][m [32m[Render thread/INFO][m [36m(Minecraft)[m [0mCreated: 128x64x4 minecraft:textures/atlas/decorated_pot.png-atlas
[m[34m[03:30:29][m [32m[Render thread/INFO][m [36m(Minecraft)[m [0mCreated: 256x256x4 minecraft:textures/atlas/chest.png-atlas
[m[34m[03:30:29][m [32m[Render thread/INFO][m [36m(Minecraft)[m [0mCreated: 512x256x4 minecraft:textures/atlas/shulker_boxes.png-atlas
[m[34m[03:30:29][m [32m[Render thread/INFO][m [36m(Minecraft)[m [0mCreated: 512x256x4 minecraft:textures/atlas/beds.png-atlas
[m[34m[03:30:29][m [32m[Render thread/INFO][m [36m(Minecraft)[m [0mCreated: 64x64x0 minecraft:textures/atlas/map_decorations.png-atlas
[m[34m[03:30:29][m [32m[Render thread/INFO][m [36m(Minecraft)[m [0mCreated: 512x256x0 minecraft:textures/atlas/particles.png-atlas
[m[34m[03:30:29][m [32m[Render thread/INFO][m [36m(Minecraft)[m [0mCreated: 512x256x0 minecraft:textures/atlas/paintings.png-atlas
[m[34m[03:30:29][m [32m[Render thread/INFO][m [36m(Minecraft)[m [0mCreated: 256x128x0 minecraft:textures/atlas/mob_effects.png-atlas
[m[34m[03:30:29][m [32m[Render thread/INFO][m [36m(Minecraft)[m [0mCreated: 1024x512x0 minecraft:textures/atlas/gui.png-atlas
[m[34m[03:30:32][m [33m[aibot-real-client-connector/WARN][m [36m(aibot)[m [0mreal-client control connect/read failed: java.io.EOFException
[m[34m[03:30:40][m [33m[aibot-real-client-connector/WARN][m [36m(aibot)[m [0mreal-client control connect/read failed: java.io.EOFException
[m[34m[03:30:48][m [33m[aibot-real-client-connector/WARN][m [36m(aibot)[m [0mreal-client control connect/read failed: java.io.EOFException
[m[34m[03:30:56][m [33m[aibot-real-client-connector/WARN][m [36m(aibot)[m [0mreal-client control connect/read failed: java.io.EOFException
[m[34m[03:31:04][m [33m[aibot-real-client-connector/WARN][m [36m(aibot)[m [0mreal-client control connect/read failed: java.io.EOFException
[m
The message received from the daemon indicates that the daemon has disappeared.
Build request sent: Build{id=94f02e14-19c5-4c6a-a41c-667e49b6a236, currentDir=D:\code\mc-experiment\aibot}
Attempting to read last messages from the daemon log...
Daemon pid: 34840
  log file: C:\Users\15027\.gradle\daemon\9.4.0\daemon-34840.out.log
----- Last 20 lines from daemon log file - daemon-34840.out.log -----
[m[34m[03:30:29][m [32m[Render thread/INFO][m [36m(Minecraft)[m [0mCreated: 1024x512x4 minecraft:textures/atlas/blocks.png-atlas
[m[34m[03:30:29][m [32m[Render thread/INFO][m [36m(Minecraft)[m [0mCreated: 256x256x4 minecraft:textures/atlas/signs.png-atlas
[m[34m[03:30:29][m [32m[Render thread/INFO][m [36m(Minecraft)[m [0mCreated: 512x512x4 minecraft:textures/atlas/shield_patterns.png-atlas
[m[34m[03:30:29][m [32m[Render thread/INFO][m [36m(Minecraft)[m [0mCreated: 512x512x4 minecraft:textures/atlas/banner_patterns.png-atlas
[m[34m[03:30:29][m [32m[Render thread/INFO][m [36m(Minecraft)[m [0mCreated: 1024x1024x4 minecraft:textures/atlas/armor_trims.png-atlas
[m[34m[03:30:29][m [32m[Render thread/INFO][m [36m(Minecraft)[m [0mCreated: 128x64x4 minecraft:textures/atlas/decorated_pot.png-atlas
[m[34m[03:30:29][m [32m[Render thread/INFO][m [36m(Minecraft)[m [0mCreated: 256x256x4 minecraft:textures/atlas/chest.png-atlas
[m[34m[03:30:29][m [32m[Render thread/INFO][m [36m(Minecraft)[m [0mCreated: 512x256x4 minecraft:textures/atlas/shulker_boxes.png-atlas
[m[34m[03:30:29][m [32m[Render thread/INFO][m [36m(Minecraft)[m [0mCreated: 512x256x4 minecraft:textures/atlas/beds.png-atlas
[m[34m[03:30:29][m [32m[Render thread/INFO][m [36m(Minecraft)[m [0mCreated: 64x64x0 minecraft:textures/atlas/map_decorations.png-atlas
[m[34m[03:30:29][m [32m[Render thread/INFO][m [36m(Minecraft)[m [0mCreated: 512x256x0 minecraft:textures/atlas/particles.png-atlas
[m[34m[03:30:29][m [32m[Render thread/INFO][m [36m(Minecraft)[m [0mCreated: 512x256x0 minecraft:textures/atlas/paintings.png-atlas
[m[34m[03:30:29][m [32m[Render thread/INFO][m [36m(Minecraft)[m [0mCreated: 256x128x0 minecraft:textures/atlas/mob_effects.png-atlas
[m[34m[03:30:29][m [32m[Render thread/INFO][m [36m(Minecraft)[m [0mCreated: 1024x512x0 minecraft:textures/atlas/gui.png-atlas
[m[34m[03:30:32][m [33m[aibot-real-client-connector/WARN][m [36m(aibot)[m [0mreal-client control connect/read failed: java.io.EOFException
[m[34m[03:30:40][m [33m[aibot-real-client-connector/WARN][m [36m(aibot)[m [0mreal-client control connect/read failed: java.io.EOFException
[m[34m[03:30:48][m [33m[aibot-real-client-connector/WARN][m [36m(aibot)[m [0mreal-client control connect/read failed: java.io.EOFException
[m[34m[03:30:56][m [33m[aibot-real-client-connector/WARN][m [36m(aibot)[m [0mreal-client control connect/read failed: java.io.EOFException
[m[34m[03:31:04][m [33m[aibot-real-client-connector/WARN][m [36m(aibot)[m [0mreal-client control connect/read failed: java.io.EOFException
[m----- End of the daemon log -----


FAILURE: Build failed with an exception.

* What went wrong:
Gradle build daemon disappeared unexpectedly (it may have been killed or may have crashed)

* Try:
> Run with --stacktrace option to get the stack trace.
> Run with --info or --debug option to get more log output.
> Run with --scan to get full insights from a Build Scan (powered by Develocity).
> Get more help at https://help.gradle.org.

=== real-client launch 2026-09-12T19:31:07Z ===

=== real-client launch 2026-09-12T19:31:07Z ===
To honour the JVM settings for this build a single-use Daemon process will be forked. For more on this, please refer to https://docs.gradle.org/9.4.0/userguide/gradle_daemon.html#sec:disabling_the_daemon in the Gradle documentation.
Daemon will be stopped at the end of the build 

> Configure project :
Fabric Loom: 1.16.2

> Task :compileJava UP-TO-DATE
> Task :processResources UP-TO-DATE
> Task :classes UP-TO-DATE
> Task :compileClientJava UP-TO-DATE
> Task :processClientResources UP-TO-DATE
> Task :clientClasses UP-TO-DATE
> Task :generateLog4jConfig UP-TO-DATE
> Task :generateRemapClasspath UP-TO-DATE
> Task :generateDLIConfig UP-TO-DATE
> Task :configureLaunch UP-TO-DATE
> Task :downloadAssets UP-TO-DATE
> Task :configureClientLaunch UP-TO-DATE

> Task :runClient
[34m[03:31:23][m [32m[main/INFO][m [36m(FabricLoader/GameProvider)[m [0mLoading Minecraft 1.21.3 with Fabric Loader 0.18.4
[m[34m[03:31:23][m [32m[main/INFO][m [36m(FabricLoader)[m [0mLoading 55 mods:
	- aibot 0.0.1
	- fabric-api 0.114.1+1.21.3
	- fabric-api-base 0.4.50+119c825640
	- fabric-api-lookup-api-v1 1.6.81+fd37071f40
	- fabric-biome-api-v1 14.0.7+add2a48640
	- fabric-block-api-v1 1.0.28+fd37071f40
	- fabric-block-view-api-v2 1.0.16+fd37071f40
	- fabric-blockrenderlayer-v1 2.0.4+fd37071f40
	- fabric-client-tags-api-v1 1.1.25+a730659c40
	- fabric-command-api-v1 1.2.58+f71b366f40
	- fabric-command-api-v2 2.2.37+c9d82ab240
	- fabric-commands-v0 0.2.75+df3654b340
	- fabric-content-registries-v0 9.1.8+fd37071f40
	- fabric-convention-tags-v1 2.1.4+7f945d5b40
	- fabric-convention-tags-v2 2.9.4+129f0c1f40
	- fabric-crash-report-info-v1 0.3.3+fd37071f40
	- fabric-data-attachment-api-v1 1.4.0+dbad41f140
	- fabric-data-generation-api-v1 21.1.2+a730659c40
	- fabric-dimensions-v1 4.0.7+fd37071f40
	- fabric-entity-events-v1 2.0.8+825023f840
	- fabric-events-interaction-v0 2.0.12+c2c3ac4740
	- fabric-game-rule-api-v1 1.0.59+fd37071f40
	- fabric-gametest-api-v1 2.0.15+fd37071f40
	- fabric-item-api-v1 11.1.7+fd37071f40
	- fabric-item-group-api-v1 4.1.17+fd37071f40
	- fabric-key-binding-api-v1 1.0.53+fd37071f40
	- fabric-keybindings-v0 0.2.51+df3654b340
	- fabric-lifecycle-events-v1 2.5.1+6da5ef6940
	- fabric-loot-api-v2 3.0.26+3f89f5a540
	- fabric-loot-api-v3 1.0.14+fd37071f40
	- fabric-message-api-v1 6.0.22+5a9b22c640
	- fabric-model-loading-api-v1 3.0.9+fd37071f40
	- fabric-networking-api-v1 4.3.5+fd37071f40
	- fabric-object-builder-api-v1 17.0.9+fd37071f40
	- fabric-particles-v1 4.0.10+fd37071f40
	- fabric-recipe-api-v1 7.0.5+8ea69ff840
	- fabric-registry-sync-v0 5.4.1+3f3c499540
	- fabric-renderer-api-v1 4.0.5+fd37071f40
	- fabric-renderer-indigo 1.9.5+fd37071f40
	- fabric-rendering-data-attachment-v1 0.3.54+73761d2e40
	- fabric-rendering-fluids-v1 3.1.15+fd37071f40
	- fabric-rendering-v0 1.1.84+df3654b340
	- fabric-rendering-v1 8.0.8+6922831640
	- fabric-resource-conditions-api-v1 5.0.8+fd37071f40
	- fabric-resource-loader-v0 3.0.6+fd37071f40
	- fabric-screen-api-v1 2.0.34+fd37071f40
	- fabric-screen-handler-api-v1 1.3.103+fd37071f40
	- fabric-sound-api-v1 1.0.29+fd37071f40
	- fabric-tag-api-v1 1.0.0+a730659c40
	- fabric-transfer-api-v1 5.4.3+cb44d14340
	- fabric-transitive-access-wideners-v1 6.2.0+54a41b1c40
	- fabricloader 0.18.4
	- java 21
	- minecraft 1.21.3
	- mixinextras 0.5.0
[m[34m[03:31:24][m [32m[main/INFO][m [36m(FabricLoader/Mixin)[m [0mSpongePowered MIXIN Subsystem Version=0.8.7 Source=file:/C:/Users/15027/.gradle/caches/modules-2/files-2.1/net.fabricmc/sponge-mixin/0.17.0+mixin.0.8.7/cf31463202f72d03b0ef1e1e38e8ee71b7faaab6/sponge-mixin-0.17.0+mixin.0.8.7.jar Service=Knot/Fabric Env=CLIENT
[m[34m[03:31:24][m [32m[main/INFO][m [36m(FabricLoader/Mixin)[m [0mLoaded Fabric development mappings for mixin remapper!
[m[34m[03:31:24][m [32m[main/INFO][m [36m(FabricLoader/Mixin)[m [0mCompatibility level set to JAVA_21
[m[34m[03:31:26][m [32m[main/INFO][m [36m(FabricLoader/MixinExtras|Service)[m [0mInitializing MixinExtras via com.llamalad7.mixinextras.service.MixinExtrasServiceImpl(version=0.5.0).
[m[34m[03:31:27][m [32m[Datafixer Bootstrap/INFO][m [36m(Minecraft)[m [0m237 Datafixer optimizations took 460 milliseconds
[m[34m[03:31:34][m [32m[Render thread/INFO][m [36m(Minecraft)[m [0mEnvironment: Environment[sessionHost=https://sessionserver.mojang.com, servicesHost=https://api.minecraftservices.com, name=PROD]
[m[34m[03:31:34][m [32m[Render thread/INFO][m [36m(Minecraft)[m [0mSetting user: Bob
[m[34m[03:31:35][m [32m[Render thread/INFO][m [36m(aibot)[m [0m[AIBot] CONFIG event=operating_profile_resolved bot=- {configured_manual_teleport=true, profile=strict_survival, source=FILE_OR_DEFAULT, configured_forced_pickup=true, configured_hidden_block_scan=true, configured_emergency_teleport=true, effective_capabilities=[]}
[m[34m[03:31:35][m [33m[Render thread/WARN][m [36m(aibot)[m [0m[AIBot] CONFIG event=deepseek_key_missing bot=- {}
[m[34m[03:31:35][m [32m[Render thread/INFO][m [36m(aibot)[m [0m[AIBot] LIFECYCLE event=mod_loaded bot=- {version=0.0.1}
[m[34m[03:31:35][m [32m[Render thread/INFO][m [36m(aibot)[m [0m[AIBot] CONFIG event=config_loaded bot=- {perception_radius=16, pickup_force_radius=2.75, profile=strict_survival, nav_lookahead=4, logging_enabled=true, configured_operator_capabilities=OperatorCapabilities[hiddenBlockScan=true, emergencyTeleport=true, forcedPickup=true, manualTeleport=true], deepseek_model=deepseek-v4-flash, effective_capabilities=[]}
[m[34m[03:31:35][m [32m[Render thread/INFO][m [36m(aibot)[m [0m================================
[m[34m[03:31:35][m [32m[Render thread/INFO][m [36m(aibot)[m [0m  AIBot v0.0.1 loaded
[m[34m[03:31:35][m [32m[Render thread/INFO][m [36m(aibot)[m [0m  Mode: M6 structured logs over M5 tasks
[m[34m[03:31:35][m [32m[Render thread/INFO][m [36m(aibot)[m [0m================================
[m[34m[03:31:35][m [32m[Render thread/INFO][m [36m(aibot)[m [0mAIBot real-client runtime enabled body_id=bob player=Bob control=127.0.0.1:8766
[m[34m[03:31:35][m [32m[aibot-real-client-connector/INFO][m [36m(aibot)[m [0mAIBot real-client control connected body_id=bob session=f96d78cd-9675-4af8-98a5-324881da989b
[m[34m[03:31:35][m [32m[Render thread/INFO][m [36m(Indigo)[m [0m[Indigo] Registering Indigo renderer!
[m[34m[03:31:36][m [32m[Render thread/INFO][m [36m(Minecraft)[m [0mBackend library: LWJGL version 3.3.3-snapshot
[m[34m[03:31:37][m [32m[Render thread/INFO][m [36m(Minecraft)[m [0mReloading ResourceManager: vanilla, fabric, aibot, fabric-api, fabric-api-base, fabric-api-lookup-api-v1, fabric-biome-api-v1, fabric-block-api-v1, fabric-block-view-api-v2, fabric-blockrenderlayer-v1, fabric-client-tags-api-v1, fabric-command-api-v1, fabric-command-api-v2, fabric-commands-v0, fabric-content-registries-v0, fabric-convention-tags-v1, fabric-convention-tags-v2, fabric-crash-report-info-v1, fabric-data-attachment-api-v1, fabric-data-generation-api-v1, fabric-dimensions-v1, fabric-entity-events-v1, fabric-events-interaction-v0, fabric-game-rule-api-v1, fabric-gametest-api-v1, fabric-item-api-v1, fabric-item-group-api-v1, fabric-key-binding-api-v1, fabric-keybindings-v0, fabric-lifecycle-events-v1, fabric-loot-api-v2, fabric-loot-api-v3, fabric-message-api-v1, fabric-model-loading-api-v1, fabric-networking-api-v1, fabric-object-builder-api-v1, fabric-particles-v1, fabric-recipe-api-v1, fabric-registry-sync-v0, fabric-renderer-api-v1, fabric-renderer-indigo, fabric-rendering-data-attachment-v1, fabric-rendering-fluids-v1, fabric-rendering-v0, fabric-rendering-v1, fabric-resource-conditions-api-v1, fabric-resource-loader-v0, fabric-screen-api-v1, fabric-screen-handler-api-v1, fabric-sound-api-v1, fabric-tag-api-v1, fabric-transfer-api-v1, fabric-transitive-access-wideners-v1, fabricloader
[m[34m[03:31:38][m [32m[Worker-Main-10/INFO][m [36m(Minecraft)[m [0mFound unifont_jp_patch-15.1.05.hex, loading
[m[34m[03:31:38][m [32m[Worker-Main-8/INFO][m [36m(Minecraft)[m [0mFound unifont_all_no_pua-15.1.05.hex, loading
[m[34m[03:31:39][m [33m[Render thread/WARN][m [36m(Minecraft)[m [0mMissing sound for event: minecraft:block.spawner.fall
[m[34m[03:31:39][m [32m[Render thread/INFO][m [36m(Minecraft)[m [0mOpenAL initialized on device OpenAL Soft on æ‰¬å£°å™¨ (Steam Streaming Speakers)
[m[34m[03:31:39][m [32m[Render thread/INFO][m [36m(Minecraft)[m [0mSound engine started
[m[34m[03:31:39][m [32m[Render thread/INFO][m [36m(Minecraft)[m [0mCreated: 1024x512x4 minecraft:textures/atlas/blocks.png-atlas
[m[34m[03:31:39][m [32m[Render thread/INFO][m [36m(Minecraft)[m [0mCreated: 256x256x4 minecraft:textures/atlas/signs.png-atlas
[m[34m[03:31:39][m [32m[Render thread/INFO][m [36m(Minecraft)[m [0mCreated: 512x512x4 minecraft:textures/atlas/banner_patterns.png-atlas
[m[34m[03:31:39][m [32m[Render thread/INFO][m [36m(Minecraft)[m [0mCreated: 512x512x4 minecraft:textures/atlas/shield_patterns.png-atlas
[m[34m[03:31:39][m [32m[Render thread/INFO][m [36m(Minecraft)[m [0mCreated: 1024x1024x4 minecraft:textures/atlas/armor_trims.png-atlas
[m[34m[03:31:39][m [32m[Render thread/INFO][m [36m(Minecraft)[m [0mCreated: 128x64x4 minecraft:textures/atlas/decorated_pot.png-atlas
[m[34m[03:31:39][m [32m[Render thread/INFO][m [36m(Minecraft)[m [0mCreated: 256x256x4 minecraft:textures/atlas/chest.png-atlas
[m[34m[03:31:39][m [32m[Render thread/INFO][m [36m(Minecraft)[m [0mCreated: 512x256x4 minecraft:textures/atlas/beds.png-atlas
[m[34m[03:31:39][m [32m[Render thread/INFO][m [36m(Minecraft)[m [0mCreated: 512x256x4 minecraft:textures/atlas/shulker_boxes.png-atlas
[m[34m[03:31:40][m [32m[Render thread/INFO][m [36m(Minecraft)[m [0mCreated: 64x64x0 minecraft:textures/atlas/map_decorations.png-atlas
[m[34m[03:31:40][m [32m[Render thread/INFO][m [36m(Minecraft)[m [0mCreated: 512x256x0 minecraft:textures/atlas/particles.png-atlas
[m[34m[03:31:40][m [32m[Render thread/INFO][m [36m(Minecraft)[m [0mCreated: 512x256x0 minecraft:textures/atlas/paintings.png-atlas
[m[34m[03:31:40][m [32m[Render thread/INFO][m [36m(Minecraft)[m [0mCreated: 256x128x0 minecraft:textures/atlas/mob_effects.png-atlas
[m[34m[03:31:40][m [32m[Render thread/INFO][m [36m(Minecraft)[m [0mCreated: 1024x512x0 minecraft:textures/atlas/gui.png-atlas
[m
=== real-client launch 2026-09-12T19:31:55Z ===
[34m[03:31:57][m [32m[main/INFO][m [36m(FabricLoader/GameProvider)[m [0mLoading Minecraft 1.21.3 with Fabric Loader 0.18.4
[m[34m[03:31:57][m [32m[main/INFO][m [36m(FabricLoader)[m [0mLoading 55 mods:
	- aibot 0.0.1
	- fabric-api 0.114.1+1.21.3
	- fabric-api-base 0.4.50+119c825640
	- fabric-api-lookup-api-v1 1.6.81+fd37071f40
	- fabric-biome-api-v1 14.0.7+add2a48640
	- fabric-block-api-v1 1.0.28+fd37071f40
	- fabric-block-view-api-v2 1.0.16+fd37071f40
	- fabric-blockrenderlayer-v1 2.0.4+fd37071f40
	- fabric-client-tags-api-v1 1.1.25+a730659c40
	- fabric-command-api-v1 1.2.58+f71b366f40
	- fabric-command-api-v2 2.2.37+c9d82ab240
	- fabric-commands-v0 0.2.75+df3654b340
	- fabric-content-registries-v0 9.1.8+fd37071f40
	- fabric-convention-tags-v1 2.1.4+7f945d5b40
	- fabric-convention-tags-v2 2.9.4+129f0c1f40
	- fabric-crash-report-info-v1 0.3.3+fd37071f40
	- fabric-data-attachment-api-v1 1.4.0+dbad41f140
	- fabric-data-generation-api-v1 21.1.2+a730659c40
	- fabric-dimensions-v1 4.0.7+fd37071f40
	- fabric-entity-events-v1 2.0.8+825023f840
	- fabric-events-interaction-v0 2.0.12+c2c3ac4740
	- fabric-game-rule-api-v1 1.0.59+fd37071f40
	- fabric-gametest-api-v1 2.0.15+fd37071f40
	- fabric-item-api-v1 11.1.7+fd37071f40
	- fabric-item-group-api-v1 4.1.17+fd37071f40
	- fabric-key-binding-api-v1 1.0.53+fd37071f40
	- fabric-keybindings-v0 0.2.51+df3654b340
	- fabric-lifecycle-events-v1 2.5.1+6da5ef6940
	- fabric-loot-api-v2 3.0.26+3f89f5a540
	- fabric-loot-api-v3 1.0.14+fd37071f40
	- fabric-message-api-v1 6.0.22+5a9b22c640
	- fabric-model-loading-api-v1 3.0.9+fd37071f40
	- fabric-networking-api-v1 4.3.5+fd37071f40
	- fabric-object-builder-api-v1 17.0.9+fd37071f40
	- fabric-particles-v1 4.0.10+fd37071f40
	- fabric-recipe-api-v1 7.0.5+8ea69ff840
	- fabric-registry-sync-v0 5.4.1+3f3c499540
	- fabric-renderer-api-v1 4.0.5+fd37071f40
	- fabric-renderer-indigo 1.9.5+fd37071f40
	- fabric-rendering-data-attachment-v1 0.3.54+73761d2e40
	- fabric-rendering-fluids-v1 3.1.15+fd37071f40
	- fabric-rendering-v0 1.1.84+df3654b340
	- fabric-rendering-v1 8.0.8+6922831640
	- fabric-resource-conditions-api-v1 5.0.8+fd37071f40
	- fabric-resource-loader-v0 3.0.6+fd37071f40
	- fabric-screen-api-v1 2.0.34+fd37071f40
	- fabric-screen-handler-api-v1 1.3.103+fd37071f40
	- fabric-sound-api-v1 1.0.29+fd37071f40
	- fabric-tag-api-v1 1.0.0+a730659c40
	- fabric-transfer-api-v1 5.4.3+cb44d14340
	- fabric-transitive-access-wideners-v1 6.2.0+54a41b1c40
	- fabricloader 0.18.4
	- java 21
	- minecraft 1.21.3
	- mixinextras 0.5.0
[m[34m[03:31:58][m [32m[main/INFO][m [36m(FabricLoader/Mixin)[m [0mSpongePowered MIXIN Subsystem Version=0.8.7 Source=file:/C:/Users/15027/.gradle/caches/modules-2/files-2.1/net.fabricmc/sponge-mixin/0.17.0+mixin.0.8.7/cf31463202f72d03b0ef1e1e38e8ee71b7faaab6/sponge-mixin-0.17.0+mixin.0.8.7.jar Service=Knot/Fabric Env=CLIENT
[m[34m[03:31:58][m [32m[main/INFO][m [36m(FabricLoader/Mixin)[m [0mLoaded Fabric development mappings for mixin remapper!
[m[34m[03:31:58][m [32m[main/INFO][m [36m(FabricLoader/Mixin)[m [0mCompatibility level set to JAVA_21
[m[34m[03:32:00][m [32m[main/INFO][m [36m(FabricLoader/MixinExtras|Service)[m [0mInitializing MixinExtras via com.llamalad7.mixinextras.service.MixinExtrasServiceImpl(version=0.5.0).
[m[34m[03:32:01][m [32m[Datafixer Bootstrap/INFO][m [36m(Minecraft)[m [0m237 Datafixer optimizations took 431 milliseconds
[m[34m[03:32:08][m [32m[Render thread/INFO][m [36m(Minecraft)[m [0mEnvironment: Environment[sessionHost=https://sessionserver.mojang.com, servicesHost=https://api.minecraftservices.com, name=PROD]
[m[34m[03:32:08][m [32m[Render thread/INFO][m [36m(Minecraft)[m [0mSetting user: Bob
[m[34m[03:32:08][m [32m[Render thread/INFO][m [36m(aibot)[m [0m[AIBot] CONFIG event=operating_profile_resolved bot=- {effective_capabilities=[], configured_emergency_teleport=true, configured_hidden_block_scan=true, configured_forced_pickup=true, source=FILE_OR_DEFAULT, profile=strict_survival, configured_manual_teleport=true}
[m[34m[03:32:08][m [33m[Render thread/WARN][m [36m(aibot)[m [0m[AIBot] CONFIG event=deepseek_key_missing bot=- {}
[m[34m[03:32:08][m [32m[Render thread/INFO][m [36m(aibot)[m [0m[AIBot] LIFECYCLE event=mod_loaded bot=- {version=0.0.1}
[m[34m[03:32:08][m [32m[Render thread/INFO][m [36m(aibot)[m [0m[AIBot] CONFIG event=config_loaded bot=- {configured_operator_capabilities=OperatorCapabilities[hiddenBlockScan=true, emergencyTeleport=true, forcedPickup=true, manualTeleport=true], logging_enabled=true, nav_lookahead=4, profile=strict_survival, pickup_force_radius=2.75, perception_radius=16, effective_capabilities=[], deepseek_model=deepseek-v4-flash}
[m[34m[03:32:08][m [32m[Render thread/INFO][m [36m(aibot)[m [0m================================
[m[34m[03:32:08][m [32m[Render thread/INFO][m [36m(aibot)[m [0m  AIBot v0.0.1 loaded
[m[34m[03:32:08][m [32m[Render thread/INFO][m [36m(aibot)[m [0m  Mode: M6 structured logs over M5 tasks
[m[34m[03:32:08][m [32m[Render thread/INFO][m [36m(aibot)[m [0m================================
[m[34m[03:32:09][m [32m[aibot-real-client-connector/INFO][m [36m(aibot)[m [0mAIBot real-client control connected body_id=bob session=252bae37-0109-40a4-a705-4feb9b7cfd35
[m[34m[03:32:09][m [32m[Render thread/INFO][m [36m(aibot)[m [0mAIBot real-client runtime enabled body_id=bob player=Bob control=127.0.0.1:8766
[m[34m[03:32:09][m [32m[Render thread/INFO][m [36m(Indigo)[m [0m[Indigo] Registering Indigo renderer!
[m[34m[03:32:10][m [32m[Render thread/INFO][m [36m(Minecraft)[m [0mBackend library: LWJGL version 3.3.3-snapshot
[m[34m[03:32:11][m [32m[Render thread/INFO][m [36m(Minecraft)[m [0mReloading ResourceManager: vanilla, fabric, aibot, fabric-api, fabric-api-base, fabric-api-lookup-api-v1, fabric-biome-api-v1, fabric-block-api-v1, fabric-block-view-api-v2, fabric-blockrenderlayer-v1, fabric-client-tags-api-v1, fabric-command-api-v1, fabric-command-api-v2, fabric-commands-v0, fabric-content-registries-v0, fabric-convention-tags-v1, fabric-convention-tags-v2, fabric-crash-report-info-v1, fabric-data-attachment-api-v1, fabric-data-generation-api-v1, fabric-dimensions-v1, fabric-entity-events-v1, fabric-events-interaction-v0, fabric-game-rule-api-v1, fabric-gametest-api-v1, fabric-item-api-v1, fabric-item-group-api-v1, fabric-key-binding-api-v1, fabric-keybindings-v0, fabric-lifecycle-events-v1, fabric-loot-api-v2, fabric-loot-api-v3, fabric-message-api-v1, fabric-model-loading-api-v1, fabric-networking-api-v1, fabric-object-builder-api-v1, fabric-particles-v1, fabric-recipe-api-v1, fabric-registry-sync-v0, fabric-renderer-api-v1, fabric-renderer-indigo, fabric-rendering-data-attachment-v1, fabric-rendering-fluids-v1, fabric-rendering-v0, fabric-rendering-v1, fabric-resource-conditions-api-v1, fabric-resource-loader-v0, fabric-screen-api-v1, fabric-screen-handler-api-v1, fabric-sound-api-v1, fabric-tag-api-v1, fabric-transfer-api-v1, fabric-transitive-access-wideners-v1, fabricloader
[m[34m[03:32:11][m [32m[Worker-Main-12/INFO][m [36m(Minecraft)[m [0mFound unifont_jp_patch-15.1.05.hex, loading
[m[34m[03:32:11][m [32m[Worker-Main-13/INFO][m [36m(Minecraft)[m [0mFound unifont_all_no_pua-15.1.05.hex, loading
[m[34m[03:32:13][m [33m[Render thread/WARN][m [36m(Minecraft)[m [0mMissing sound for event: minecraft:block.spawner.fall
[m[34m[03:32:13][m [32m[Render thread/INFO][m [36m(Minecraft)[m [0mOpenAL initialized on device OpenAL Soft on æ‰¬å£°å™¨ (Steam Streaming Speakers)
[m[34m[03:32:13][m [32m[Render thread/INFO][m [36m(Minecraft)[m [0mSound engine started
[m[34m[03:32:13][m [32m[Render thread/INFO][m [36m(Minecraft)[m [0mCreated: 1024x512x4 minecraft:textures/atlas/blocks.png-atlas
[m[34m[03:32:13][m [32m[Render thread/INFO][m [36m(Minecraft)[m [0mCreated: 256x256x4 minecraft:textures/atlas/signs.png-atlas
[m[34m[03:32:13][m [32m[Render thread/INFO][m [36m(Minecraft)[m [0mCreated: 512x512x4 minecraft:textures/atlas/banner_patterns.png-atlas
[m[34m[03:32:13][m [32m[Render thread/INFO][m [36m(Minecraft)[m [0mCreated: 512x512x4 minecraft:textures/atlas/shield_patterns.png-atlas
[m[34m[03:32:13][m [32m[Render thread/INFO][m [36m(Minecraft)[m [0mCreated: 1024x1024x4 minecraft:textures/atlas/armor_trims.png-atlas
[m[34m[03:32:13][m [32m[Render thread/INFO][m [36m(Minecraft)[m [0mCreated: 256x256x4 minecraft:textures/atlas/chest.png-atlas
[m[34m[03:32:13][m [32m[Render thread/INFO][m [36m(Minecraft)[m [0mCreated: 128x64x4 minecraft:textures/atlas/decorated_pot.png-atlas
[m[34m[03:32:13][m [32m[Render thread/INFO][m [36m(Minecraft)[m [0mCreated: 512x256x4 minecraft:textures/atlas/shulker_boxes.png-atlas
[m[34m[03:32:13][m [32m[Render thread/INFO][m [36m(Minecraft)[m [0mCreated: 512x256x4 minecraft:textures/atlas/beds.png-atlas
[m[34m[03:32:13][m [32m[Render thread/INFO][m [36m(Minecraft)[m [0mCreated: 64x64x0 minecraft:textures/atlas/map_decorations.png-atlas
[m[34m[03:32:13][m [32m[Render thread/INFO][m [36m(Minecraft)[m [0mCreated: 512x256x0 minecraft:textures/atlas/particles.png-atlas
[m[34m[03:32:13][m [32m[Render thread/INFO][m [36m(Minecraft)[m [0mCreated: 512x256x0 minecraft:textures/atlas/paintings.png-atlas
[m[34m[03:32:13][m [32m[Render thread/INFO][m [36m(Minecraft)[m [0mCreated: 256x128x0 minecraft:textures/atlas/mob_effects.png-atlas
[m[34m[03:32:13][m [32m[Render thread/INFO][m [36m(Minecraft)[m [0mCreated: 1024x512x0 minecraft:textures/atlas/gui.png-atlas
[m
=== real-client launch 2026-09-12T19:42:03Z ===
[34m[03:42:05][m [32m[main/INFO][m [36m(FabricLoader/GameProvider)[m [0mLoading Minecraft 1.21.3 with Fabric Loader 0.18.4
[m[34m[03:42:05][m [32m[main/INFO][m [36m(FabricLoader)[m [0mLoading 55 mods:
	- aibot 0.0.1
	- fabric-api 0.114.1+1.21.3
	- fabric-api-base 0.4.50+119c825640
	- fabric-api-lookup-api-v1 1.6.81+fd37071f40
	- fabric-biome-api-v1 14.0.7+add2a48640
	- fabric-block-api-v1 1.0.28+fd37071f40
	- fabric-block-view-api-v2 1.0.16+fd37071f40
	- fabric-blockrenderlayer-v1 2.0.4+fd37071f40
	- fabric-client-tags-api-v1 1.1.25+a730659c40
	- fabric-command-api-v1 1.2.58+f71b366f40
	- fabric-command-api-v2 2.2.37+c9d82ab240
	- fabric-commands-v0 0.2.75+df3654b340
	- fabric-content-registries-v0 9.1.8+fd37071f40
	- fabric-convention-tags-v1 2.1.4+7f945d5b40
	- fabric-convention-tags-v2 2.9.4+129f0c1f40
	- fabric-crash-report-info-v1 0.3.3+fd37071f40
	- fabric-data-attachment-api-v1 1.4.0+dbad41f140
	- fabric-data-generation-api-v1 21.1.2+a730659c40
	- fabric-dimensions-v1 4.0.7+fd37071f40
	- fabric-entity-events-v1 2.0.8+825023f840
	- fabric-events-interaction-v0 2.0.12+c2c3ac4740
	- fabric-game-rule-api-v1 1.0.59+fd37071f40
	- fabric-gametest-api-v1 2.0.15+fd37071f40
	- fabric-item-api-v1 11.1.7+fd37071f40
	- fabric-item-group-api-v1 4.1.17+fd37071f40
	- fabric-key-binding-api-v1 1.0.53+fd37071f40
	- fabric-keybindings-v0 0.2.51+df3654b340
	- fabric-lifecycle-events-v1 2.5.1+6da5ef6940
	- fabric-loot-api-v2 3.0.26+3f89f5a540
	- fabric-loot-api-v3 1.0.14+fd37071f40
	- fabric-message-api-v1 6.0.22+5a9b22c640
	- fabric-model-loading-api-v1 3.0.9+fd37071f40
	- fabric-networking-api-v1 4.3.5+fd37071f40
	- fabric-object-builder-api-v1 17.0.9+fd37071f40
	- fabric-particles-v1 4.0.10+fd37071f40
	- fabric-recipe-api-v1 7.0.5+8ea69ff840
	- fabric-registry-sync-v0 5.4.1+3f3c499540
	- fabric-renderer-api-v1 4.0.5+fd37071f40
	- fabric-renderer-indigo 1.9.5+fd37071f40
	- fabric-rendering-data-attachment-v1 0.3.54+73761d2e40
	- fabric-rendering-fluids-v1 3.1.15+fd37071f40
	- fabric-rendering-v0 1.1.84+df3654b340
	- fabric-rendering-v1 8.0.8+6922831640
	- fabric-resource-conditions-api-v1 5.0.8+fd37071f40
	- fabric-resource-loader-v0 3.0.6+fd37071f40
	- fabric-screen-api-v1 2.0.34+fd37071f40
	- fabric-screen-handler-api-v1 1.3.103+fd37071f40
	- fabric-sound-api-v1 1.0.29+fd37071f40
	- fabric-tag-api-v1 1.0.0+a730659c40
	- fabric-transfer-api-v1 5.4.3+cb44d14340
	- fabric-transitive-access-wideners-v1 6.2.0+54a41b1c40
	- fabricloader 0.18.4
	- java 21
	- minecraft 1.21.3
	- mixinextras 0.5.0
[m[34m[03:42:06][m [32m[main/INFO][m [36m(FabricLoader/Mixin)[m [0mSpongePowered MIXIN Subsystem Version=0.8.7 Source=file:/C:/Users/15027/.gradle/caches/modules-2/files-2.1/net.fabricmc/sponge-mixin/0.17.0+mixin.0.8.7/cf31463202f72d03b0ef1e1e38e8ee71b7faaab6/sponge-mixin-0.17.0+mixin.0.8.7.jar Service=Knot/Fabric Env=CLIENT
[m[34m[03:42:06][m [32m[main/INFO][m [36m(FabricLoader/Mixin)[m [0mLoaded Fabric development mappings for mixin remapper!
[m[34m[03:42:06][m [32m[main/INFO][m [36m(FabricLoader/Mixin)[m [0mCompatibility level set to JAVA_21
[m[34m[03:42:08][m [32m[main/INFO][m [36m(FabricLoader/MixinExtras|Service)[m [0mInitializing MixinExtras via com.llamalad7.mixinextras.service.MixinExtrasServiceImpl(version=0.5.0).
[m[34m[03:42:09][m [32m[Datafixer Bootstrap/INFO][m [36m(Minecraft)[m [0m237 Datafixer optimizations took 428 milliseconds
[m[34m[03:42:16][m [32m[Render thread/INFO][m [36m(Minecraft)[m [0mEnvironment: Environment[sessionHost=https://sessionserver.mojang.com, servicesHost=https://api.minecraftservices.com, name=PROD]
[m[34m[03:42:16][m [32m[Render thread/INFO][m [36m(Minecraft)[m [0mSetting user: Bob
[m[34m[03:42:17][m [32m[Render thread/INFO][m [36m(aibot)[m [0m[AIBot] CONFIG event=operating_profile_resolved bot=- {source=FILE_OR_DEFAULT, configured_forced_pickup=true, configured_hidden_block_scan=true, configured_emergency_teleport=true, effective_capabilities=[], configured_manual_teleport=true, profile=strict_survival}
[m[34m[03:42:17][m [33m[Render thread/WARN][m [36m(aibot)[m [0m[AIBot] CONFIG event=deepseek_key_missing bot=- {}
[m[34m[03:42:17][m [32m[Render thread/INFO][m [36m(aibot)[m [0m[AIBot] LIFECYCLE event=mod_loaded bot=- {version=0.0.1}
[m[34m[03:42:17][m [32m[Render thread/INFO][m [36m(aibot)[m [0m[AIBot] CONFIG event=config_loaded bot=- {pickup_force_radius=2.75, profile=strict_survival, nav_lookahead=4, logging_enabled=true, configured_operator_capabilities=OperatorCapabilities[hiddenBlockScan=true, emergencyTeleport=true, forcedPickup=true, manualTeleport=true], deepseek_model=deepseek-v4-flash, effective_capabilities=[], perception_radius=16}
[m[34m[03:42:17][m [32m[Render thread/INFO][m [36m(aibot)[m [0m================================
[m[34m[03:42:17][m [32m[Render thread/INFO][m [36m(aibot)[m [0m  AIBot v0.0.1 loaded
[m[34m[03:42:17][m [32m[Render thread/INFO][m [36m(aibot)[m [0m  Mode: M6 structured logs over M5 tasks
[m[34m[03:42:17][m [32m[Render thread/INFO][m [36m(aibot)[m [0m================================
[m[34m[03:42:17][m [32m[Render thread/INFO][m [36m(Indigo)[m [0m[Indigo] Registering Indigo renderer!
[m[34m[03:42:17][m [32m[Render thread/INFO][m [36m(aibot)[m [0mAIBot real-client runtime enabled body_id=bob player=Bob control=127.0.0.1:8766
[m[34m[03:42:17][m [32m[aibot-real-client-connector/INFO][m [36m(aibot)[m [0mAIBot real-client control connected body_id=bob session=09b3b3ca-c60f-497c-a024-803811bd58cd
[m[34m[03:42:18][m [32m[Render thread/INFO][m [36m(Minecraft)[m [0mBackend library: LWJGL version 3.3.3-snapshot
[m[34m[03:42:19][m [32m[Render thread/INFO][m [36m(Minecraft)[m [0mReloading ResourceManager: vanilla, fabric, aibot, fabric-api, fabric-api-base, fabric-api-lookup-api-v1, fabric-biome-api-v1, fabric-block-api-v1, fabric-block-view-api-v2, fabric-blockrenderlayer-v1, fabric-client-tags-api-v1, fabric-command-api-v1, fabric-command-api-v2, fabric-commands-v0, fabric-content-registries-v0, fabric-convention-tags-v1, fabric-convention-tags-v2, fabric-crash-report-info-v1, fabric-data-attachment-api-v1, fabric-data-generation-api-v1, fabric-dimensions-v1, fabric-entity-events-v1, fabric-events-interaction-v0, fabric-game-rule-api-v1, fabric-gametest-api-v1, fabric-item-api-v1, fabric-item-group-api-v1, fabric-key-binding-api-v1, fabric-keybindings-v0, fabric-lifecycle-events-v1, fabric-loot-api-v2, fabric-loot-api-v3, fabric-message-api-v1, fabric-model-loading-api-v1, fabric-networking-api-v1, fabric-object-builder-api-v1, fabric-particles-v1, fabric-recipe-api-v1, fabric-registry-sync-v0, fabric-renderer-api-v1, fabric-renderer-indigo, fabric-rendering-data-attachment-v1, fabric-rendering-fluids-v1, fabric-rendering-v0, fabric-rendering-v1, fabric-resource-conditions-api-v1, fabric-resource-loader-v0, fabric-screen-api-v1, fabric-screen-handler-api-v1, fabric-sound-api-v1, fabric-tag-api-v1, fabric-transfer-api-v1, fabric-transitive-access-wideners-v1, fabricloader
[m[34m[03:42:20][m [32m[Worker-Main-13/INFO][m [36m(Minecraft)[m [0mFound unifont_jp_patch-15.1.05.hex, loading
[m[34m[03:42:20][m [32m[Worker-Main-14/INFO][m [36m(Minecraft)[m [0mFound unifont_all_no_pua-15.1.05.hex, loading
[m---- Minecraft Crash Report ----
// This doesn't make any sense!

Time: 2026-09-13 03:42:20
Description: Initializing game

java.nio.file.InvalidPathException: Illegal char <:> at index 20: quickPlayMultiplayer:127.0.0.1:25599
	at java.base/sun.nio.fs.WindowsPathParser.normalize(WindowsPathParser.java:204)
	at java.base/sun.nio.fs.WindowsPathParser.parse(WindowsPathParser.java:175)
	at java.base/sun.nio.fs.WindowsPathParser.parse(WindowsPathParser.java:77)
	at java.base/sun.nio.fs.WindowsPath.parse(WindowsPath.java:92)
	at java.base/sun.nio.fs.WindowsFileSystem.getPath(WindowsFileSystem.java:231)
	at java.base/java.nio.file.Path.resolve(Path.java:516)
	at knot//net.minecraft.client.QuickPlayLogger.<init>(QuickPlayLogger.java:44)
	at knot//net.minecraft.client.QuickPlayLogger.create(QuickPlayLogger.java:51)
	at knot//net.minecraft.client.MinecraftClient.<init>(MinecraftClient.java:730)
	at knot//net.minecraft.client.main.Main.main(Main.java:248)
	at net.fabricmc.loader.impl.game.minecraft.MinecraftGameProvider.launch(MinecraftGameProvider.java:514)
	at net.fabricmc.loader.impl.launch.knot.Knot.launch(Knot.java:72)
	at net.fabricmc.loader.impl.launch.knot.KnotClient.main(KnotClient.java:23)
	at net.fabricmc.devlaunchinjector.Main.main(Main.java:86)


A detailed walkthrough of the error, its code path and all known details is as follows:
---------------------------------------------------------------------------------------

-- Head --
Thread: Render thread
Stacktrace:
	at java.base/sun.nio.fs.WindowsPathParser.normalize(WindowsPathParser.java:204)
	at java.base/sun.nio.fs.WindowsPathParser.parse(WindowsPathParser.java:175)
	at java.base/sun.nio.fs.WindowsPathParser.parse(WindowsPathParser.java:77)
	at java.base/sun.nio.fs.WindowsPath.parse(WindowsPath.java:92)
	at java.base/sun.nio.fs.WindowsFileSystem.getPath(WindowsFileSystem.java:231)
	at java.base/java.nio.file.Path.resolve(Path.java:516)
	at knot//net.minecraft.client.QuickPlayLogger.<init>(QuickPlayLogger.java:44)
	at knot//net.minecraft.client.QuickPlayLogger.create(QuickPlayLogger.java:51)
	at knot//net.minecraft.client.MinecraftClient.<init>(MinecraftClient.java:730)

-- Initialization --
Details:
	Modules: 
		ADVAPI32.dll:¸ß¼¶ Windows 32 »ù±¾ API:10.0.26100.8875 (WinBuild.160101.0800):Microsoft Corporation
		COMCTL32.dll:ÓÃ»§ÌåÑé¿Ø¼þ¿â:6.10 (WinBuild.160101.0800):Microsoft Corporation
		CRYPT32.dll:¼ÓÃÜ API32:10.0.26100.8875 (WinBuild.160101.0800):Microsoft Corporation
		CRYPTBASE.dll:Base cryptographic API DLL:10.0.26100.8875 (WinBuild.160101.0800):Microsoft Corporation
		CRYPTSP.dll:Cryptographic Service Provider API:10.0.26100.8875 (WinBuild.160101.0800):Microsoft Corporation
		CoreMessaging.dll:Microsoft CoreMessaging Dll:10.0.26100.8972 (WinBuild.160101.0800):Microsoft Corporation
		CoreUIComponents.dll:Microsoft Core UI Components Dll:10.0.26100.9168:Microsoft Corporation
		DBGHELP.DLL:Windows Image Helper:10.0.26100.8328 (WinBuild.160101.0800):Microsoft Corporation
		DEVOBJ.dll:Device Information Set DLL:10.0.26100.8972 (WinBuild.160101.0800):Microsoft Corporation
		DNSAPI.dll:DNS ¿Í»§¶Ë API DLL:10.0.26100.8972 (WinBuild.160101.0800):Microsoft Corporation
		DSPARSE.dll:Active Directory Domain Services API:10.0.26100.1 (WinBuild.160101.0800):Microsoft Corporation
		GDI32.dll:GDI Client DLL:10.0.26100.8328 (WinBuild.160101.0800):Microsoft Corporation
		GLU32.dll:OpenGL ÊµÓÃ¹¤¾ß¿â DLL:10.0.26100.8875 (WinBuild.160101.0800):Microsoft Corporation
		IMM32.DLL:Multi-User Windows IMM32 API Client DLL:10.0.26100.8521 (WinBuild.160101.0800):Microsoft Corporation
		IPHLPAPI.DLL:IP °ïÖú³ÌÐò API:10.0.26100.8875 (WinBuild.160101.0800):Microsoft Corporation
		KERNEL32.DLL:Windows NT »ù±¾ API ¿Í»§¶Ë DLL:10.0.26100.8972 (WinBuild.160101.0800):Microsoft Corporation
		KERNELBASE.dll:Windows NT »ù±¾ API ¿Í»§¶Ë DLL:10.0.26100.8972 (WinBuild.160101.0800):Microsoft Corporation
		MMDevApi.dll:MMDevice API:10.0.26100.8875 (WinBuild.160101.0800):Microsoft Corporation
		MSCTF.dll:MSCTF ·þÎñÆ÷ DLL:10.0.26100.8875 (WinBuild.160101.0800):Microsoft Corporation
		MpOav.dll:IOfficeAntiVirus Module:4.18.26080.3 (9e1f3147fbc83f18a98a965394a23e07747d7295):Microsoft Corporation
		NSI.dll:NSI User-mode interface DLL:10.0.26100.8875 (WinBuild.160101.0800):Microsoft Corporation
		NTASN1.dll:Microsoft ASN.1 API:10.0.26100.1 (WinBuild.160101.0800):Microsoft Corporation
		OLEAUT32.dll:OLEAUT32.DLL:10.0.26100.8972 (WinBuild.160101.0800):Microsoft Corporation
		Ole32.dll:ÓÃÓÚ Windows µÄ Microsoft OLE:10.0.26100.8875 (WinBuild.160101.0800):Microsoft Corporation
		OpenAL.dll:Main implementation library:1.23.1:
		POWRPROF.dll:µçÔ´ÅäÖÃÎÄ¼þ°ïÖú³ÌÐò DLL:10.0.26100.8875 (WinBuild.160101.0800):Microsoft Corporation
		PSAPI.DLL:Process Status Helper:10.0.26100.8521 (WinBuild.160101.0800):Microsoft Corporation
		Pdh.dll:Windows ÐÔÄÜÊý¾ÝÖúÊÖ DLL:10.0.26100.8875 (WinBuild.160101.0800):Microsoft Corporation
		RPCRT4.dll:Ô¶³Ì¹ý³Ìµ÷ÓÃÔËÐÐÊ±:10.0.26100.8875 (WinBuild.160101.0800):Microsoft Corporation
		SETUPAPI.dll:Windows °²×°³ÌÐò API:10.0.26100.8875 (WinBuild.160101.0800):Microsoft Corporation
		SHCORE.dll:SHCORE:10.0.26100.8875 (WinBuild.160101.0800):Microsoft Corporation
		SHELL32.dll:Windows Shell ¹«ÓÃ DLL:10.0.26100.8972 (WinBuild.160101.0800):Microsoft Corporation
		SspiCli.dll:Security Support Provider Interface:10.0.26100.8972 (WinBuild.160101.0800):Microsoft Corporation
		UMPDC.dll:User Mode Power Dependency Coordinator:10.0.26100.8972 (WinBuild.160101.0800):Microsoft Corporation
		USER32.dll:¶àÓÃ»§ Windows ÓÃ»§ API ¿Í»§¶Ë DLL:10.0.26100.8875 (WinBuild.160101.0800):Microsoft Corporation
		USERENV.dll:Userenv:10.0.26100.8875 (WinBuild.160101.0800):Microsoft Corporation
		VCRUNTIME140.dll:Microsoft? C Runtime Library:14.40.33810.0:Microsoft Corporation
		VERSION.dll:Version Checking and File Installation Libraries:10.0.26100.1150 (WinBuild.160101.0800):Microsoft Corporation
		WINHTTP.dll:Windows HTTP ·þÎñ:10.0.26100.8875 (WinBuild.160101.0800):Microsoft Corporation
		WINMM.dll:MCI API DLL:10.0.26100.8875 (WinBuild.160101.0800):Microsoft Corporation
		WINSTA.dll:Winstation Library:10.0.26100.8972 (WinBuild.160101.0800):Microsoft Corporation
		WINTRUST.dll:Microsoft Trust Verification APIs:10.0.26100.8972 (WinBuild.160101.0800):Microsoft Corporation
		WS2_32.dll:Windows Socket 2.0 32 Î» DLL:10.0.26100.8875 (WinBuild.160101.0800):Microsoft Corporation
		WTSAPI32.dll:Windows Remote Desktop Session Host Server SDK APIs:10.0.26100.8972 (WinBuild.160101.0800):Microsoft Corporation
		amsi.dll:Anti-Malware Scan Interface:10.0.26100.7309 (WinBuild.160101.0800):Microsoft Corporation
		bcrypt.dll:Windows ¼ÓÃÜ»ùÔª¿â:10.0.26100.8875 (WinBuild.160101.0800):Microsoft Corporation
		bcryptPrimitives.dll:Windows Cryptographic Primitives Library:10.0.26100.9168 (WinBuild.160101.0800):Microsoft Corporation
		cfgmgr32.dll:Configuration Manager DLL:10.0.26100.8972 (WinBuild.160101.0800):Microsoft Corporation
		clbcatq.dll:COM+ Configuration Catalog:2001.12.10941.16384 (WinBuild.160101.0800):Microsoft Corporation
		combase.dll:ÓÃÓÚ Windows µÄ Microsoft COM:10.0.26100.8875 (WinBuild.160101.0800):Microsoft Corporation
		cryptnet.dll:Crypto Network Related API:10.0.26100.8972 (WinBuild.160101.0800):Microsoft Corporation
		dbgcore.DLL:Windows Core Debugging Helpers:10.0.26100.8972 (WinBuild.160101.0800):Microsoft Corporation
		dinput8.dll:Microsoft DirectInput:10.0.26100.8875 (WinBuild.160101.0800):Microsoft Corporation
		drvstore.dll:Driver Store API:10.0.26100.8972 (WinBuild.160101.0800):Microsoft Corporation
		dwmapi.dll:Microsoft ×ÀÃæ´°¿Ú¹ÜÀíÆ÷ API:10.0.26100.8875 (WinBuild.160101.0800):Microsoft Corporation
		dxcore.dll:DXCore:10.0.26100.8972 (WinBuild.160101.0800):Microsoft Corporation
		extnet.dll:OpenJDK Platform binary:21.0.12.1:Eclipse Adoptium
		fastprox.dll:WMI Custom Marshaller:10.0.26100.8972 (WinBuild.160101.0800):Microsoft Corporation
		fwpuclnt.dll:FWP/IPsec ÓÃ»§Ä£Ê½ API:10.0.26100.8875 (WinBuild.160101.0800):Microsoft Corporation
		gdi32full.dll:GDI Client DLL:10.0.26100.9168 (WinBuild.160101.0800):Microsoft Corporation
		glfw.dll:GLFW 3.4.0 DLL:3.4.0:GLFW
		icm32.dll:Microsoft Color Management Module (CMM):10.0.26100.9168 (WinBuild.160101.0800):Microsoft Corporation
		imagehlp.dll:Windows NT Image Helper:10.0.26100.4202 (WinBuild.160101.0800):Microsoft Corporation
		inputhost.dll:InputHost:10.0.26100.8972 (WinBuild.160101.0800):Microsoft Corporation
		java.dll:OpenJDK Platform binary:21.0.12.1:Eclipse Adoptium
		java.exe:OpenJDK Platform binary:21.0.12.1:Eclipse Adoptium
		jemalloc.dll
		jimage.dll:OpenJDK Platform binary:21.0.12.1:Eclipse Adoptium
		jli.dll:OpenJDK Platform binary:21.0.12.1:Eclipse Adoptium
		jna2550984397981868480.dll:JNA native library:7.0.0:Java(TM) Native Access (JNA)
		jsvml.dll:OpenJDK Platform binary:21.0.12.1:Eclipse Adoptium
		jvm.dll:OpenJDK 64-Bit server VM:21.0.12.1:Eclipse Adoptium
		kernel.appcore.dll:AppModel API Host:10.0.26100.8737 (WinBuild.160101.0800):Microsoft Corporation
		lwjgl.dll
		lwjgl_opengl.dll
		lwjgl_stb.dll
		management.dll:OpenJDK Platform binary:21.0.12.1:Eclipse Adoptium
		management_ext.dll:OpenJDK Platform binary:21.0.12.1:Eclipse Adoptium
		msasn1.dll:ASN.1 Runtime APIs:10.0.26100.8875 (WinBuild.160101.0800):Microsoft Corporation
		mscms.dll:Microsoft ÑÕÉ«Æ¥ÅäÏµÍ³ DLL:10.0.26100.8875 (WinBuild.160101.0800):Microsoft Corporation
		msvcp140.dll:Microsoft? C Runtime Library:14.40.33810.0:Microsoft Corporation
		msvcp_win.dll:Microsoft? C Runtime Library:10.0.26100.8875 (WinBuild.160101.0800):Microsoft Corporation
		msvcrt.dll:Windows NT CRT DLL:7.0.26100.8875 (WinBuild.160101.0800):Microsoft Corporation
		mswsock.dll:Microsoft Windows Sockets 2.0 ·þÎñÌá¹©³ÌÐò:10.0.26100.8875 (WinBuild.160101.0800):Microsoft Corporation
		napinsp.dll:µç×ÓÓÊ¼þÃüÃûÌî³äÌá¹©³ÌÐò:10.0.26100.8875 (WinBuild.160101.0800):Microsoft Corporation
		ncrypt.dll:Windows NCrypt Â·ÓÉÆ÷:10.0.26100.8875 (WinBuild.160101.0800):Microsoft Corporation
		net.dll:OpenJDK Platform binary:21.0.12.1:Eclipse Adoptium
		nio.dll:OpenJDK Platform binary:21.0.12.1:Eclipse Adoptium
		nlansp_c.dll:NLA Namespace Service Provider DLL:10.0.26100.8972 (WinBuild.160101.0800):Microsoft Corporation
		ntdll.dll:NT ²ã DLL:10.0.26100.8972 (WinBuild.160101.0800):Microsoft Corporation
		ntmarta.dll:Windows NT MARTA Ìá¹©³ÌÐò:10.0.26100.8875 (WinBuild.160101.0800):Microsoft Corporation
		nvgpucomp64.dll:NVIDIA GPU Compiler Driver, Version 581.15 :32.0.15.8115:NVIDIA Corporation
		nvoglv64.dll:NVIDIA Compatible OpenGL ICD:32.0.15.8115:NVIDIA Corporation
		nvspcap64.dll:NVIDIA Game Proxy 8FileVersion  1:11.0.5.245  8Produc:NVIDIA Corporation  L$FileDescriptio
		opengl32.dll:OpenGL Client DLL:10.0.26100.8972 (WinBuild.160101.0800):Microsoft Corporation
		perfos.dll:Windows ÏµÍ³ÐÔÄÜ¶ÔÏó DLL:10.0.26100.8875 (WinBuild.160101.0800):Microsoft Corporation
		pfclient.dll:SysMain Client:10.0.26100.4202 (WinBuild.160101.0800):Microsoft Corporation
		profapi.dll:User Profile Basic API:10.0.26100.9168 (WinBuild.160101.0800):Microsoft Corporation
		rasadhlp.dll:Remote Access AutoDial Helper:10.0.26100.7920 (WinBuild.160101.0800):Microsoft Corporation
		rsaenh.dll:Microsoft Enhanced Cryptographic Provider:10.0.26100.1 (WinBuild.160101.0800):Microsoft Corporation
		sapi.dll:ÓïÒô API:5.3.31910.00 (WinBuild.160101.0800):Microsoft Corporation
		sechost.dll:Host for SCM/SDDL/LSA Lookup APIs:10.0.26100.1 (WinBuild.160101.0800):Microsoft Corporation
		shlwapi.dll:Íâ¿Ç¼òÒ×ÊµÓÃ¹¤¾ß¿â:10.0.26100.8875 (WinBuild.160101.0800):Microsoft Corporation
		sunmscapi.dll:OpenJDK Platform binary:21.0.12.1:Eclipse Adoptium
		textinputframework.dll:"TextInputFramework.DYNLINK":10.0.26100.8972 (WinBuild.160101.0800):Microsoft Corporation
		ucrtbase.dll:Microsoft? C Runtime Library:10.0.26100.8875 (WinBuild.160101.0800):Microsoft Corporation
		uxtheme.dll:Microsoft UxTheme ¿â:10.0.26100.8875 (WinBuild.160101.0800):Microsoft Corporation
		vcruntime140_1.dll:Microsoft? C Runtime Library:14.40.33810.0:Microsoft Corporation
		verify.dll:OpenJDK Platform binary:21.0.12.1:Eclipse Adoptium
		wbemcomn.dll:WMI:10.0.26100.7920 (WinBuild.160101.0800):Microsoft Corporation
		wbemprox.dll:WMI:10.0.26100.8972 (WinBuild.160101.0800):Microsoft Corporation
		wbemsvc.dll:WMI:10.0.26100.8972 (WinBuild.160101.0800):Microsoft Corporation
		win32u.dll:Win32u:10.0.26100.9168 (WinBuild.160101.0800):Microsoft Corporation
		windows.staterepositorycore.dll:Windows StateRepository API Core:10.0.26100.8972 (WinBuild.160101.0800):Microsoft Corporation
		windows.storage.dll:Microsoft WinRT Storage API:10.0.26100.8972 (WinBuild.160101.0800):Microsoft Corporation
		winrnr.dll:LDAP RnR Provider DLL:10.0.26100.8737 (WinBuild.160101.0800):Microsoft Corporation
		wintypes.dll:Windows »ù±¾ÀàÐÍ DLL:10.0.26100.8875 (WinBuild.160101.0800):Microsoft Corporation
		wldp.dll:Windows Ëø¶¨²ßÂÔ:10.0.26100.8875 (WinBuild.160101.0800):Microsoft Corporation
		wshbth.dll:Windows Sockets Helper DLL:10.0.26100.8875 (WinBuild.160101.0800):Microsoft Corporation
		wshunix.dll:AF_UNIX Winsock2 Helper DLL:10.0.26100.1 (WinBuild.160101.0800):Microsoft Corporation
		xinput1_4.dll:Microsoft ¹«¹²¿ØÖÆÆ÷ API:10.0.26100.8875 (WinBuild.160101.0800):Microsoft Corporation
		zip.dll:OpenJDK Platform binary:21.0.12.1:Eclipse Adoptium
Stacktrace:
	at knot//net.minecraft.client.main.Main.main(Main.java:248)
	at net.fabricmc.loader.impl.game.minecraft.MinecraftGameProvider.launch(MinecraftGameProvider.java:514)
	at net.fabricmc.loader.impl.launch.knot.Knot.launch(Knot.java:72)
	at net.fabricmc.loader.impl.launch.knot.KnotClient.main(KnotClient.java:23)
	at net.fabricmc.devlaunchinjector.Main.main(Main.java:86)

-- System Details --
Details:
	Minecraft Version: 1.21.3
	Minecraft Version ID: 1.21.3
	Operating System: Windows 11 (amd64) version 10.0
	Java Version: 21.0.12.1, Eclipse Adoptium
	Java VM Version: OpenJDK 64-Bit Server VM (mixed mode, sharing), Eclipse Adoptium
	Memory: 218196840 bytes (208 MiB) / 427819008 bytes (408 MiB) up to 16970153984 bytes (16184 MiB)
	CPUs: 16
	Processor Vendor: AuthenticAMD
	Processor Name: AMD Ryzen 7 6800H with Radeon Graphics         
	Identifier: AuthenticAMD Family 25 Model 68 Stepping 1
	Microarchitecture: Zen 3
	Frequency (GHz): 3.19
	Number of physical packages: 1
	Number of physical CPUs: 8
	Number of logical CPUs: 16
	Graphics card #0 name: NVIDIA GeForce RTX 3060 Laptop GPU
	Graphics card #0 vendor: NVIDIA
	Graphics card #0 VRAM (MiB): 6144.00
	Graphics card #0 deviceId: VideoController1
	Graphics card #0 versionInfo: 32.0.15.8115
	Graphics card #1 name: AMD Radeon(TM) Graphics
	Graphics card #1 vendor: Advanced Micro Devices, Inc.
	Graphics card #1 VRAM (MiB): 512.00
	Graphics card #1 deviceId: VideoController2
	Graphics card #1 versionInfo: 30.0.14052.5
	Memory slot #0 capacity (MiB): 32768.00
	Memory slot #0 clockSpeed (GHz): 4.80
	Memory slot #0 type: Unknown
	Memory slot #1 capacity (MiB): 32768.00
	Memory slot #1 clockSpeed (GHz): 4.80
	Memory slot #1 type: Unknown
	Virtual memory max (MiB): 85189.02
	Virtual memory used (MiB): 34338.79
	Swap memory total (MiB): 20480.00
	Swap memory used (MiB): 280.87
	Space in storage for jna.tmpdir (MiB): <path not set>
	Space in storage for org.lwjgl.system.SharedLibraryExtractPath (MiB): <path not set>
	Space in storage for io.netty.native.workdir (MiB): <path not set>
	Space in storage for java.io.tmpdir (MiB): available: 108439.44, total: 487244.00
	Space in storage for workdir (MiB): available: 275351.53, total: 973695.00
	JVM Flags: 0 total; 
	Fabric Mods: 
		aibot: AIBot 0.0.1
		fabric-api: Fabric API 0.114.1+1.21.3
		fabric-api-base: Fabric API Base 0.4.50+119c825640
		fabric-api-lookup-api-v1: Fabric API Lookup API (v1) 1.6.81+fd37071f40
		fabric-biome-api-v1: Fabric Biome API (v1) 14.0.7+add2a48640
		fabric-block-api-v1: Fabric Block API (v1) 1.0.28+fd37071f40
		fabric-block-view-api-v2: Fabric BlockView API (v2) 1.0.16+fd37071f40
		fabric-blockrenderlayer-v1: Fabric BlockRenderLayer Registration (v1) 2.0.4+fd37071f40
		fabric-client-tags-api-v1: Fabric Client Tags 1.1.25+a730659c40
		fabric-command-api-v1: Fabric Command API (v1) 1.2.58+f71b366f40
		fabric-command-api-v2: Fabric Command API (v2) 2.2.37+c9d82ab240
		fabric-commands-v0: Fabric Commands (v0) 0.2.75+df3654b340
		fabric-content-registries-v0: Fabric Content Registries (v0) 9.1.8+fd37071f40
		fabric-convention-tags-v1: Fabric Convention Tags 2.1.4+7f945d5b40
		fabric-convention-tags-v2: Fabric Convention Tags (v2) 2.9.4+129f0c1f40
		fabric-crash-report-info-v1: Fabric Crash Report Info (v1) 0.3.3+fd37071f40
		fabric-data-attachment-api-v1: Fabric Data Attachment API (v1) 1.4.0+dbad41f140
		fabric-data-generation-api-v1: Fabric Data Generation API (v1) 21.1.2+a730659c40
		fabric-dimensions-v1: Fabric Dimensions API (v1) 4.0.7+fd37071f40
		fabric-entity-events-v1: Fabric Entity Events (v1) 2.0.8+825023f840
		fabric-events-interaction-v0: Fabric Events Interaction (v0) 2.0.12+c2c3ac4740
		fabric-game-rule-api-v1: Fabric Game Rule API (v1) 1.0.59+fd37071f40
		fabric-gametest-api-v1: Fabric Game Test API (v1) 2.0.15+fd37071f40
		fabric-item-api-v1: Fabric Item API (v1) 11.1.7+fd37071f40
		fabric-item-group-api-v1: Fabric Item Group API (v1) 4.1.17+fd37071f40
		fabric-key-binding-api-v1: Fabric Key Binding API (v1) 1.0.53+fd37071f40
		fabric-keybindings-v0: Fabric Key Bindings (v0) 0.2.51+df3654b340
		fabric-lifecycle-events-v1: Fabric Lifecycle Events (v1) 2.5.1+6da5ef6940
		fabric-loot-api-v2: Fabric Loot API (v2) 3.0.26+3f89f5a540
		fabric-loot-api-v3: Fabric Loot API (v3) 1.0.14+fd37071f40
		fabric-message-api-v1: Fabric Message API (v1) 6.0.22+5a9b22c640
		fabric-model-loading-api-v1: Fabric Model Loading API (v1) 3.0.9+fd37071f40
		fabric-networking-api-v1: Fabric Networking API (v1) 4.3.5+fd37071f40
		fabric-object-builder-api-v1: Fabric Object Builder API (v1) 17.0.9+fd37071f40
		fabric-particles-v1: Fabric Particles (v1) 4.0.10+fd37071f40
		fabric-recipe-api-v1: Fabric Recipe API (v1) 7.0.5+8ea69ff840
		fabric-registry-sync-v0: Fabric Registry Sync (v0) 5.4.1+3f3c499540
		fabric-renderer-api-v1: Fabric Renderer API (v1) 4.0.5+fd37071f40
		fabric-renderer-indigo: Fabric Renderer - Indigo 1.9.5+fd37071f40
		fabric-rendering-data-attachment-v1: Fabric Rendering Data Attachment (v1) 0.3.54+73761d2e40
		fabric-rendering-fluids-v1: Fabric Rendering Fluids (v1) 3.1.15+fd37071f40
		fabric-rendering-v0: Fabric Rendering (v0) 1.1.84+df3654b340
		fabric-rendering-v1: Fabric Rendering (v1) 8.0.8+6922831640
		fabric-resource-conditions-api-v1: Fabric Resource Conditions API (v1) 5.0.8+fd37071f40
		fabric-resource-loader-v0: Fabric Resource Loader (v0) 3.0.6+fd37071f40
		fabric-screen-api-v1: Fabric Screen API (v1) 2.0.34+fd37071f40
		fabric-screen-handler-api-v1: Fabric Screen Handler API (v1) 1.3.103+fd37071f40
		fabric-sound-api-v1: Fabric Sound API (v1) 1.0.29+fd37071f40
		fabric-tag-api-v1: Fabric Tag API (v1) 1.0.0+a730659c40
		fabric-transfer-api-v1: Fabric Transfer API (v1) 5.4.3+cb44d14340
		fabric-transitive-access-wideners-v1: Fabric Transitive Access Wideners (v1) 6.2.0+54a41b1c40
		fabricloader: Fabric Loader 0.18.4
		java: OpenJDK 64-Bit Server VM 21
		minecraft: Minecraft 1.21.3
		mixinextras: MixinExtras 0.5.0
	Launched Version: Fabric
	Backend library: LWJGL version 3.3.3-snapshot
	Backend API: NVIDIA GeForce RTX 3060 Laptop GPU/PCIe/SSE2 GL version 3.2.0 NVIDIA 581.15, NVIDIA Corporation
	Window size: <not initialized>
	GFLW Platform: win32
	GL Caps: Using framebuffer using OpenGL 3.2
	GL debug messages: 
	Is Modded: Definitely; Client brand changed to 'fabric'
	Universe: 404
	Type: Client (map_client.txt)
	Locale: zh_CN
	System encoding: GBK
	File encoding: UTF-8
	CPU: 16x AMD Ryzen 7 6800H with Radeon Graphics 
#@!@# Game crashed! Crash report saved to: #@!@# D:\code\mc-experiment\aibot\crash-reports\crash-2026-09-13_03.42.20-client.txt

=== real-client launch 2026-09-12T19:42:22Z ===
[34m[03:42:23][m [32m[main/INFO][m [36m(FabricLoader/GameProvider)[m [0mLoading Minecraft 1.21.3 with Fabric Loader 0.18.4
[m[34m[03:42:24][m [32m[main/INFO][m [36m(FabricLoader)[m [0mLoading 55 mods:
	- aibot 0.0.1
	- fabric-api 0.114.1+1.21.3
	- fabric-api-base 0.4.50+119c825640
	- fabric-api-lookup-api-v1 1.6.81+fd37071f40
	- fabric-biome-api-v1 14.0.7+add2a48640
	- fabric-block-api-v1 1.0.28+fd37071f40
	- fabric-block-view-api-v2 1.0.16+fd37071f40
	- fabric-blockrenderlayer-v1 2.0.4+fd37071f40
	- fabric-client-tags-api-v1 1.1.25+a730659c40
	- fabric-command-api-v1 1.2.58+f71b366f40
	- fabric-command-api-v2 2.2.37+c9d82ab240
	- fabric-commands-v0 0.2.75+df3654b340
	- fabric-content-registries-v0 9.1.8+fd37071f40
	- fabric-convention-tags-v1 2.1.4+7f945d5b40
	- fabric-convention-tags-v2 2.9.4+129f0c1f40
	- fabric-crash-report-info-v1 0.3.3+fd37071f40
	- fabric-data-attachment-api-v1 1.4.0+dbad41f140
	- fabric-data-generation-api-v1 21.1.2+a730659c40
	- fabric-dimensions-v1 4.0.7+fd37071f40
	- fabric-entity-events-v1 2.0.8+825023f840
	- fabric-events-interaction-v0 2.0.12+c2c3ac4740
	- fabric-game-rule-api-v1 1.0.59+fd37071f40
	- fabric-gametest-api-v1 2.0.15+fd37071f40
	- fabric-item-api-v1 11.1.7+fd37071f40
	- fabric-item-group-api-v1 4.1.17+fd37071f40
	- fabric-key-binding-api-v1 1.0.53+fd37071f40
	- fabric-keybindings-v0 0.2.51+df3654b340
	- fabric-lifecycle-events-v1 2.5.1+6da5ef6940
	- fabric-loot-api-v2 3.0.26+3f89f5a540
	- fabric-loot-api-v3 1.0.14+fd37071f40
	- fabric-message-api-v1 6.0.22+5a9b22c640
	- fabric-model-loading-api-v1 3.0.9+fd37071f40
	- fabric-networking-api-v1 4.3.5+fd37071f40
	- fabric-object-builder-api-v1 17.0.9+fd37071f40
	- fabric-particles-v1 4.0.10+fd37071f40
	- fabric-recipe-api-v1 7.0.5+8ea69ff840
	- fabric-registry-sync-v0 5.4.1+3f3c499540
	- fabric-renderer-api-v1 4.0.5+fd37071f40
	- fabric-renderer-indigo 1.9.5+fd37071f40
	- fabric-rendering-data-attachment-v1 0.3.54+73761d2e40
	- fabric-rendering-fluids-v1 3.1.15+fd37071f40
	- fabric-rendering-v0 1.1.84+df3654b340
	- fabric-rendering-v1 8.0.8+6922831640
	- fabric-resource-conditions-api-v1 5.0.8+fd37071f40
	- fabric-resource-loader-v0 3.0.6+fd37071f40
	- fabric-screen-api-v1 2.0.34+fd37071f40
	- fabric-screen-handler-api-v1 1.3.103+fd37071f40
	- fabric-sound-api-v1 1.0.29+fd37071f40
	- fabric-tag-api-v1 1.0.0+a730659c40
	- fabric-transfer-api-v1 5.4.3+cb44d14340
	- fabric-transitive-access-wideners-v1 6.2.0+54a41b1c40
	- fabricloader 0.18.4
	- java 21
	- minecraft 1.21.3
	- mixinextras 0.5.0
[m[34m[03:42:24][m [32m[main/INFO][m [36m(FabricLoader/Mixin)[m [0mSpongePowered MIXIN Subsystem Version=0.8.7 Source=file:/C:/Users/15027/.gradle/caches/modules-2/files-2.1/net.fabricmc/sponge-mixin/0.17.0+mixin.0.8.7/cf31463202f72d03b0ef1e1e38e8ee71b7faaab6/sponge-mixin-0.17.0+mixin.0.8.7.jar Service=Knot/Fabric Env=CLIENT
[m[34m[03:42:24][m [32m[main/INFO][m [36m(FabricLoader/Mixin)[m [0mLoaded Fabric development mappings for mixin remapper!
[m[34m[03:42:24][m [32m[main/INFO][m [36m(FabricLoader/Mixin)[m [0mCompatibility level set to JAVA_21
[m[34m[03:42:26][m [32m[main/INFO][m [36m(FabricLoader/MixinExtras|Service)[m [0mInitializing MixinExtras via com.llamalad7.mixinextras.service.MixinExtrasServiceImpl(version=0.5.0).
[m[34m[03:42:27][m [32m[Datafixer Bootstrap/INFO][m [36m(Minecraft)[m [0m237 Datafixer optimizations took 372 milliseconds
[m[34m[03:42:34][m [32m[Render thread/INFO][m [36m(Minecraft)[m [0mEnvironment: Environment[sessionHost=https://sessionserver.mojang.com, servicesHost=https://api.minecraftservices.com, name=PROD]
[m[34m[03:42:34][m [32m[Render thread/INFO][m [36m(Minecraft)[m [0mSetting user: Bob
[m[34m[03:42:35][m [32m[Render thread/INFO][m [36m(aibot)[m [0m[AIBot] CONFIG event=operating_profile_resolved bot=- {source=FILE_OR_DEFAULT, configured_forced_pickup=true, configured_hidden_block_scan=true, configured_emergency_teleport=true, effective_capabilities=[], configured_manual_teleport=true, profile=strict_survival}
[m[34m[03:42:35][m [33m[Render thread/WARN][m [36m(aibot)[m [0m[AIBot] CONFIG event=deepseek_key_missing bot=- {}
[m[34m[03:42:35][m [32m[Render thread/INFO][m [36m(aibot)[m [0m[AIBot] LIFECYCLE event=mod_loaded bot=- {version=0.0.1}
[m[34m[03:42:35][m [32m[Render thread/INFO][m [36m(aibot)[m [0m[AIBot] CONFIG event=config_loaded bot=- {nav_lookahead=4, logging_enabled=true, configured_operator_capabilities=OperatorCapabilities[hiddenBlockScan=true, emergencyTeleport=true, forcedPickup=true, manualTeleport=true], deepseek_model=deepseek-v4-flash, effective_capabilities=[], perception_radius=16, pickup_force_radius=2.75, profile=strict_survival}
[m[34m[03:42:35][m [32m[Render thread/INFO][m [36m(aibot)[m [0m================================
[m[34m[03:42:35][m [32m[Render thread/INFO][m [36m(aibot)[m [0m  AIBot v0.0.1 loaded
[m[34m[03:42:35][m [32m[Render thread/INFO][m [36m(aibot)[m [0m  Mode: M6 structured logs over M5 tasks
[m[34m[03:42:35][m [32m[Render thread/INFO][m [36m(aibot)[m [0m================================
[m[34m[03:42:35][m [32m[Render thread/INFO][m [36m(Indigo)[m [0m[Indigo] Registering Indigo renderer!
[m[34m[03:42:35][m [32m[Render thread/INFO][m [36m(aibot)[m [0mAIBot real-client runtime enabled body_id=bob player=Bob control=127.0.0.1:8766
[m[34m[03:42:35][m [32m[aibot-real-client-connector/INFO][m [36m(aibot)[m [0mAIBot real-client control connected body_id=bob session=920b57d6-e91f-4455-ada3-8f058885f3c8
[m[34m[03:42:36][m [32m[Render thread/INFO][m [36m(Minecraft)[m [0mBackend library: LWJGL version 3.3.3-snapshot
[m[34m[03:42:37][m [32m[Render thread/INFO][m [36m(Minecraft)[m [0mReloading ResourceManager: vanilla, fabric, aibot, fabric-api, fabric-api-base, fabric-api-lookup-api-v1, fabric-biome-api-v1, fabric-block-api-v1, fabric-block-view-api-v2, fabric-blockrenderlayer-v1, fabric-client-tags-api-v1, fabric-command-api-v1, fabric-command-api-v2, fabric-commands-v0, fabric-content-registries-v0, fabric-convention-tags-v1, fabric-convention-tags-v2, fabric-crash-report-info-v1, fabric-data-attachment-api-v1, fabric-data-generation-api-v1, fabric-dimensions-v1, fabric-entity-events-v1, fabric-events-interaction-v0, fabric-game-rule-api-v1, fabric-gametest-api-v1, fabric-item-api-v1, fabric-item-group-api-v1, fabric-key-binding-api-v1, fabric-keybindings-v0, fabric-lifecycle-events-v1, fabric-loot-api-v2, fabric-loot-api-v3, fabric-message-api-v1, fabric-model-loading-api-v1, fabric-networking-api-v1, fabric-object-builder-api-v1, fabric-particles-v1, fabric-recipe-api-v1, fabric-registry-sync-v0, fabric-renderer-api-v1, fabric-renderer-indigo, fabric-rendering-data-attachment-v1, fabric-rendering-fluids-v1, fabric-rendering-v0, fabric-rendering-v1, fabric-resource-conditions-api-v1, fabric-resource-loader-v0, fabric-screen-api-v1, fabric-screen-handler-api-v1, fabric-sound-api-v1, fabric-tag-api-v1, fabric-transfer-api-v1, fabric-transitive-access-wideners-v1, fabricloader
[m[34m[03:42:38][m [32m[Worker-Main-13/INFO][m [36m(Minecraft)[m [0mFound unifont_all_no_pua-15.1.05.hex, loading
[m[34m[03:42:38][m [32m[Worker-Main-8/INFO][m [36m(Minecraft)[m [0mFound unifont_jp_patch-15.1.05.hex, loading
[m---- Minecraft Crash Report ----
// This doesn't make any sense!

Time: 2026-09-13 03:42:38
Description: Initializing game

java.nio.file.InvalidPathException: Illegal char <:> at index 20: quickPlayMultiplayer:127.0.0.1:25599
	at java.base/sun.nio.fs.WindowsPathParser.normalize(WindowsPathParser.java:204)
	at java.base/sun.nio.fs.WindowsPathParser.parse(WindowsPathParser.java:175)
	at java.base/sun.nio.fs.WindowsPathParser.parse(WindowsPathParser.java:77)
	at java.base/sun.nio.fs.WindowsPath.parse(WindowsPath.java:92)
	at java.base/sun.nio.fs.WindowsFileSystem.getPath(WindowsFileSystem.java:231)
	at java.base/java.nio.file.Path.resolve(Path.java:516)
	at knot//net.minecraft.client.QuickPlayLogger.<init>(QuickPlayLogger.java:44)
	at knot//net.minecraft.client.QuickPlayLogger.create(QuickPlayLogger.java:51)
	at knot//net.minecraft.client.MinecraftClient.<init>(MinecraftClient.java:730)
	at knot//net.minecraft.client.main.Main.main(Main.java:248)
	at net.fabricmc.loader.impl.game.minecraft.MinecraftGameProvider.launch(MinecraftGameProvider.java:514)
	at net.fabricmc.loader.impl.launch.knot.Knot.launch(Knot.java:72)
	at net.fabricmc.loader.impl.launch.knot.KnotClient.main(KnotClient.java:23)
	at net.fabricmc.devlaunchinjector.Main.main(Main.java:86)


A detailed walkthrough of the error, its code path and all known details is as follows:
---------------------------------------------------------------------------------------

-- Head --
Thread: Render thread
Stacktrace:
	at java.base/sun.nio.fs.WindowsPathParser.normalize(WindowsPathParser.java:204)
	at java.base/sun.nio.fs.WindowsPathParser.parse(WindowsPathParser.java:175)
	at java.base/sun.nio.fs.WindowsPathParser.parse(WindowsPathParser.java:77)
	at java.base/sun.nio.fs.WindowsPath.parse(WindowsPath.java:92)
	at java.base/sun.nio.fs.WindowsFileSystem.getPath(WindowsFileSystem.java:231)
	at java.base/java.nio.file.Path.resolve(Path.java:516)
	at knot//net.minecraft.client.QuickPlayLogger.<init>(QuickPlayLogger.java:44)
	at knot//net.minecraft.client.QuickPlayLogger.create(QuickPlayLogger.java:51)
	at knot//net.minecraft.client.MinecraftClient.<init>(MinecraftClient.java:730)

-- Initialization --
Details:
	Modules: 
		ADVAPI32.dll:¸ß¼¶ Windows 32 »ù±¾ API:10.0.26100.8875 (WinBuild.160101.0800):Microsoft Corporation
		COMCTL32.dll:ÓÃ»§ÌåÑé¿Ø¼þ¿â:6.10 (WinBuild.160101.0800):Microsoft Corporation
		CRYPT32.dll:¼ÓÃÜ API32:10.0.26100.8875 (WinBuild.160101.0800):Microsoft Corporation
		CRYPTBASE.dll:Base cryptographic API DLL:10.0.26100.8875 (WinBuild.160101.0800):Microsoft Corporation
		CRYPTSP.dll:Cryptographic Service Provider API:10.0.26100.8875 (WinBuild.160101.0800):Microsoft Corporation
		CoreMessaging.dll:Microsoft CoreMessaging Dll:10.0.26100.8972 (WinBuild.160101.0800):Microsoft Corporation
		CoreUIComponents.dll:Microsoft Core UI Components Dll:10.0.26100.9168:Microsoft Corporation
		DBGHELP.DLL:Windows Image Helper:10.0.26100.8328 (WinBuild.160101.0800):Microsoft Corporation
		DEVOBJ.dll:Device Information Set DLL:10.0.26100.8972 (WinBuild.160101.0800):Microsoft Corporation
		DNSAPI.dll:DNS ¿Í»§¶Ë API DLL:10.0.26100.8972 (WinBuild.160101.0800):Microsoft Corporation
		DSPARSE.dll:Active Directory Domain Services API:10.0.26100.1 (WinBuild.160101.0800):Microsoft Corporation
		GDI32.dll:GDI Client DLL:10.0.26100.8328 (WinBuild.160101.0800):Microsoft Corporation
		GLU32.dll:OpenGL ÊµÓÃ¹¤¾ß¿â DLL:10.0.26100.8875 (WinBuild.160101.0800):Microsoft Corporation
		IMM32.DLL:Multi-User Windows IMM32 API Client DLL:10.0.26100.8521 (WinBuild.160101.0800):Microsoft Corporation
		IPHLPAPI.DLL:IP °ïÖú³ÌÐò API:10.0.26100.8875 (WinBuild.160101.0800):Microsoft Corporation
		KERNEL32.DLL:Windows NT »ù±¾ API ¿Í»§¶Ë DLL:10.0.26100.8972 (WinBuild.160101.0800):Microsoft Corporation
		KERNELBASE.dll:Windows NT »ù±¾ API ¿Í»§¶Ë DLL:10.0.26100.8972 (WinBuild.160101.0800):Microsoft Corporation
		MMDevApi.dll:MMDevice API:10.0.26100.8875 (WinBuild.160101.0800):Microsoft Corporation
		MSCTF.dll:MSCTF ·þÎñÆ÷ DLL:10.0.26100.8875 (WinBuild.160101.0800):Microsoft Corporation
		MpOav.dll:IOfficeAntiVirus Module:4.18.26080.3 (9e1f3147fbc83f18a98a965394a23e07747d7295):Microsoft Corporation
		NSI.dll:NSI User-mode interface DLL:10.0.26100.8875 (WinBuild.160101.0800):Microsoft Corporation
		NTASN1.dll:Microsoft ASN.1 API:10.0.26100.1 (WinBuild.160101.0800):Microsoft Corporation
		OLEAUT32.dll:OLEAUT32.DLL:10.0.26100.8972 (WinBuild.160101.0800):Microsoft Corporation
		Ole32.dll:ÓÃÓÚ Windows µÄ Microsoft OLE:10.0.26100.8875 (WinBuild.160101.0800):Microsoft Corporation
		OpenAL.dll:Main implementation library:1.23.1:
		POWRPROF.dll:µçÔ´ÅäÖÃÎÄ¼þ°ïÖú³ÌÐò DLL:10.0.26100.8875 (WinBuild.160101.0800):Microsoft Corporation
		PSAPI.DLL:Process Status Helper:10.0.26100.8521 (WinBuild.160101.0800):Microsoft Corporation
		Pdh.dll:Windows ÐÔÄÜÊý¾ÝÖúÊÖ DLL:10.0.26100.8875 (WinBuild.160101.0800):Microsoft Corporation
		RPCRT4.dll:Ô¶³Ì¹ý³Ìµ÷ÓÃÔËÐÐÊ±:10.0.26100.8875 (WinBuild.160101.0800):Microsoft Corporation
		SETUPAPI.dll:Windows °²×°³ÌÐò API:10.0.26100.8875 (WinBuild.160101.0800):Microsoft Corporation
		SHCORE.dll:SHCORE:10.0.26100.8875 (WinBuild.160101.0800):Microsoft Corporation
		SHELL32.dll:Windows Shell ¹«ÓÃ DLL:10.0.26100.8972 (WinBuild.160101.0800):Microsoft Corporation
		SspiCli.dll:Security Support Provider Interface:10.0.26100.8972 (WinBuild.160101.0800):Microsoft Corporation
		UMPDC.dll:User Mode Power Dependency Coordinator:10.0.26100.8972 (WinBuild.160101.0800):Microsoft Corporation
		USER32.dll:¶àÓÃ»§ Windows ÓÃ»§ API ¿Í»§¶Ë DLL:10.0.26100.8875 (WinBuild.160101.0800):Microsoft Corporation
		USERENV.dll:Userenv:10.0.26100.8875 (WinBuild.160101.0800):Microsoft Corporation
		VCRUNTIME140.dll:Microsoft? C Runtime Library:14.40.33810.0:Microsoft Corporation
		VERSION.dll:Version Checking and File Installation Libraries:10.0.26100.1150 (WinBuild.160101.0800):Microsoft Corporation
		WINHTTP.dll:Windows HTTP ·þÎñ:10.0.26100.8875 (WinBuild.160101.0800):Microsoft Corporation
		WINMM.dll:MCI API DLL:10.0.26100.8875 (WinBuild.160101.0800):Microsoft Corporation
		WINSTA.dll:Winstation Library:10.0.26100.8972 (WinBuild.160101.0800):Microsoft Corporation
		WINTRUST.dll:Microsoft Trust Verification APIs:10.0.26100.8972 (WinBuild.160101.0800):Microsoft Corporation
		WS2_32.dll:Windows Socket 2.0 32 Î» DLL:10.0.26100.8875 (WinBuild.160101.0800):Microsoft Corporation
		WTSAPI32.dll:Windows Remote Desktop Session Host Server SDK APIs:10.0.26100.8972 (WinBuild.160101.0800):Microsoft Corporation
		amsi.dll:Anti-Malware Scan Interface:10.0.26100.7309 (WinBuild.160101.0800):Microsoft Corporation
		bcrypt.dll:Windows ¼ÓÃÜ»ùÔª¿â:10.0.26100.8875 (WinBuild.160101.0800):Microsoft Corporation
		bcryptPrimitives.dll:Windows Cryptographic Primitives Library:10.0.26100.9168 (WinBuild.160101.0800):Microsoft Corporation
		cfgmgr32.dll:Configuration Manager DLL:10.0.26100.8972 (WinBuild.160101.0800):Microsoft Corporation
		clbcatq.dll:COM+ Configuration Catalog:2001.12.10941.16384 (WinBuild.160101.0800):Microsoft Corporation
		combase.dll:ÓÃÓÚ Windows µÄ Microsoft COM:10.0.26100.8875 (WinBuild.160101.0800):Microsoft Corporation
		cryptnet.dll:Crypto Network Related API:10.0.26100.8972 (WinBuild.160101.0800):Microsoft Corporation
		dbgcore.DLL:Windows Core Debugging Helpers:10.0.26100.8972 (WinBuild.160101.0800):Microsoft Corporation
		dinput8.dll:Microsoft DirectInput:10.0.26100.8875 (WinBuild.160101.0800):Microsoft Corporation
		drvstore.dll:Driver Store API:10.0.26100.8972 (WinBuild.160101.0800):Microsoft Corporation
		dwmapi.dll:Microsoft ×ÀÃæ´°¿Ú¹ÜÀíÆ÷ API:10.0.26100.8875 (WinBuild.160101.0800):Microsoft Corporation
		dxcore.dll:DXCore:10.0.26100.8972 (WinBuild.160101.0800):Microsoft Corporation
		extnet.dll:OpenJDK Platform binary:21.0.12.1:Eclipse Adoptium
		fastprox.dll:WMI Custom Marshaller:10.0.26100.8972 (WinBuild.160101.0800):Microsoft Corporation
		fwpuclnt.dll:FWP/IPsec ÓÃ»§Ä£Ê½ API:10.0.26100.8875 (WinBuild.160101.0800):Microsoft Corporation
		gdi32full.dll:GDI Client DLL:10.0.26100.9168 (WinBuild.160101.0800):Microsoft Corporation
		glfw.dll:GLFW 3.4.0 DLL:3.4.0:GLFW
		icm32.dll:Microsoft Color Management Module (CMM):10.0.26100.9168 (WinBuild.160101.0800):Microsoft Corporation
		imagehlp.dll:Windows NT Image Helper:10.0.26100.4202 (WinBuild.160101.0800):Microsoft Corporation
		inputhost.dll:InputHost:10.0.26100.8972 (WinBuild.160101.0800):Microsoft Corporation
		java.dll:OpenJDK Platform binary:21.0.12.1:Eclipse Adoptium
		java.exe:OpenJDK Platform binary:21.0.12.1:Eclipse Adoptium
		jemalloc.dll
		jimage.dll:OpenJDK Platform binary:21.0.12.1:Eclipse Adoptium
		jli.dll:OpenJDK Platform binary:21.0.12.1:Eclipse Adoptium
		jna9695144230732438863.dll:JNA native library:7.0.0:Java(TM) Native Access (JNA)
		jsvml.dll:OpenJDK Platform binary:21.0.12.1:Eclipse Adoptium
		jvm.dll:OpenJDK 64-Bit server VM:21.0.12.1:Eclipse Adoptium
		kernel.appcore.dll:AppModel API Host:10.0.26100.8737 (WinBuild.160101.0800):Microsoft Corporation
		lwjgl.dll
		lwjgl_opengl.dll
		lwjgl_stb.dll
		management.dll:OpenJDK Platform binary:21.0.12.1:Eclipse Adoptium
		management_ext.dll:OpenJDK Platform binary:21.0.12.1:Eclipse Adoptium
		msasn1.dll:ASN.1 Runtime APIs:10.0.26100.8875 (WinBuild.160101.0800):Microsoft Corporation
		mscms.dll:Microsoft ÑÕÉ«Æ¥ÅäÏµÍ³ DLL:10.0.26100.8875 (WinBuild.160101.0800):Microsoft Corporation
		msvcp140.dll:Microsoft? C Runtime Library:14.40.33810.0:Microsoft Corporation
		msvcp_win.dll:Microsoft? C Runtime Library:10.0.26100.8875 (WinBuild.160101.0800):Microsoft Corporation
		msvcrt.dll:Windows NT CRT DLL:7.0.26100.8875 (WinBuild.160101.0800):Microsoft Corporation
		mswsock.dll:Microsoft Windows Sockets 2.0 ·þÎñÌá¹©³ÌÐò:10.0.26100.8875 (WinBuild.160101.0800):Microsoft Corporation
		napinsp.dll:µç×ÓÓÊ¼þÃüÃûÌî³äÌá¹©³ÌÐò:10.0.26100.8875 (WinBuild.160101.0800):Microsoft Corporation
		ncrypt.dll:Windows NCrypt Â·ÓÉÆ÷:10.0.26100.8875 (WinBuild.160101.0800):Microsoft Corporation
		net.dll:OpenJDK Platform binary:21.0.12.1:Eclipse Adoptium
		nio.dll:OpenJDK Platform binary:21.0.12.1:Eclipse Adoptium
		nlansp_c.dll:NLA Namespace Service Provider DLL:10.0.26100.8972 (WinBuild.160101.0800):Microsoft Corporation
		ntdll.dll:NT ²ã DLL:10.0.26100.8972 (WinBuild.160101.0800):Microsoft Corporation
		ntmarta.dll:Windows NT MARTA Ìá¹©³ÌÐò:10.0.26100.8875 (WinBuild.160101.0800):Microsoft Corporation
		nvgpucomp64.dll:NVIDIA GPU Compiler Driver, Version 581.15 :32.0.15.8115:NVIDIA Corporation
		nvoglv64.dll:NVIDIA Compatible OpenGL ICD:32.0.15.8115:NVIDIA Corporation
		nvspcap64.dll:NVIDIA Game Proxy 8FileVersion  1:11.0.5.245  8Produc:NVIDIA Corporation  L$FileDescriptio
		opengl32.dll:OpenGL Client DLL:10.0.26100.8972 (WinBuild.160101.0800):Microsoft Corporation
		perfos.dll:Windows ÏµÍ³ÐÔÄÜ¶ÔÏó DLL:10.0.26100.8875 (WinBuild.160101.0800):Microsoft Corporation
		pfclient.dll:SysMain Client:10.0.26100.4202 (WinBuild.160101.0800):Microsoft Corporation
		profapi.dll:User Profile Basic API:10.0.26100.9168 (WinBuild.160101.0800):Microsoft Corporation
		rasadhlp.dll:Remote Access AutoDial Helper:10.0.26100.7920 (WinBuild.160101.0800):Microsoft Corporation
		rsaenh.dll:Microsoft Enhanced Cryptographic Provider:10.0.26100.1 (WinBuild.160101.0800):Microsoft Corporation
		sapi.dll:ÓïÒô API:5.3.31910.00 (WinBuild.160101.0800):Microsoft Corporation
		sechost.dll:Host for SCM/SDDL/LSA Lookup APIs:10.0.26100.1 (WinBuild.160101.0800):Microsoft Corporation
		shlwapi.dll:Íâ¿Ç¼òÒ×ÊµÓÃ¹¤¾ß¿â:10.0.26100.8875 (WinBuild.160101.0800):Microsoft Corporation
		sunmscapi.dll:OpenJDK Platform binary:21.0.12.1:Eclipse Adoptium
		textinputframework.dll:"TextInputFramework.DYNLINK":10.0.26100.8972 (WinBuild.160101.0800):Microsoft Corporation
		ucrtbase.dll:Microsoft? C Runtime Library:10.0.26100.8875 (WinBuild.160101.0800):Microsoft Corporation
		uxtheme.dll:Microsoft UxTheme ¿â:10.0.26100.8875 (WinBuild.160101.0800):Microsoft Corporation
		vcruntime140_1.dll:Microsoft? C Runtime Library:14.40.33810.0:Microsoft Corporation
		verify.dll:OpenJDK Platform binary:21.0.12.1:Eclipse Adoptium
		wbemcomn.dll:WMI:10.0.26100.7920 (WinBuild.160101.0800):Microsoft Corporation
		wbemprox.dll:WMI:10.0.26100.8972 (WinBuild.160101.0800):Microsoft Corporation
		wbemsvc.dll:WMI:10.0.26100.8972 (WinBuild.160101.0800):Microsoft Corporation
		win32u.dll:Win32u:10.0.26100.9168 (WinBuild.160101.0800):Microsoft Corporation
		windows.staterepositorycore.dll:Windows StateRepository API Core:10.0.26100.8972 (WinBuild.160101.0800):Microsoft Corporation
		windows.storage.dll:Microsoft WinRT Storage API:10.0.26100.8972 (WinBuild.160101.0800):Microsoft Corporation
		winrnr.dll:LDAP RnR Provider DLL:10.0.26100.8737 (WinBuild.160101.0800):Microsoft Corporation
		wintypes.dll:Windows »ù±¾ÀàÐÍ DLL:10.0.26100.8875 (WinBuild.160101.0800):Microsoft Corporation
		wldp.dll:Windows Ëø¶¨²ßÂÔ:10.0.26100.8875 (WinBuild.160101.0800):Microsoft Corporation
		wshbth.dll:Windows Sockets Helper DLL:10.0.26100.8875 (WinBuild.160101.0800):Microsoft Corporation
		wshunix.dll:AF_UNIX Winsock2 Helper DLL:10.0.26100.1 (WinBuild.160101.0800):Microsoft Corporation
		xinput1_4.dll:Microsoft ¹«¹²¿ØÖÆÆ÷ API:10.0.26100.8875 (WinBuild.160101.0800):Microsoft Corporation
		zip.dll:OpenJDK Platform binary:21.0.12.1:Eclipse Adoptium
Stacktrace:
	at knot//net.minecraft.client.main.Main.main(Main.java:248)
	at net.fabricmc.loader.impl.game.minecraft.MinecraftGameProvider.launch(MinecraftGameProvider.java:514)
	at net.fabricmc.loader.impl.launch.knot.Knot.launch(Knot.java:72)
	at net.fabricmc.loader.impl.launch.knot.KnotClient.main(KnotClient.java:23)
	at net.fabricmc.devlaunchinjector.Main.main(Main.java:86)

-- System Details --
Details:
	Minecraft Version: 1.21.3
	Minecraft Version ID: 1.21.3
	Operating System: Windows 11 (amd64) version 10.0
	Java Version: 21.0.12.1, Eclipse Adoptium
	Java VM Version: OpenJDK 64-Bit Server VM (mixed mode, sharing), Eclipse Adoptium
	Memory: 209496592 bytes (199 MiB) / 427819008 bytes (408 MiB) up to 16970153984 bytes (16184 MiB)
	CPUs: 16
	Processor Vendor: AuthenticAMD
	Processor Name: AMD Ryzen 7 6800H with Radeon Graphics         
	Identifier: AuthenticAMD Family 25 Model 68 Stepping 1
	Microarchitecture: Zen 3
	Frequency (GHz): 3.19
	Number of physical packages: 1
	Number of physical CPUs: 8
	Number of logical CPUs: 16
	Graphics card #0 name: NVIDIA GeForce RTX 3060 Laptop GPU
	Graphics card #0 vendor: NVIDIA
	Graphics card #0 VRAM (MiB): 6144.00
	Graphics card #0 deviceId: VideoController1
	Graphics card #0 versionInfo: 32.0.15.8115
	Graphics card #1 name: AMD Radeon(TM) Graphics
	Graphics card #1 vendor: Advanced Micro Devices, Inc.
	Graphics card #1 VRAM (MiB): 512.00
	Graphics card #1 deviceId: VideoController2
	Graphics card #1 versionInfo: 30.0.14052.5
	Memory slot #0 capacity (MiB): 32768.00
	Memory slot #0 clockSpeed (GHz): 4.80
	Memory slot #0 type: Unknown
	Memory slot #1 capacity (MiB): 32768.00
	Memory slot #1 clockSpeed (GHz): 4.80
	Memory slot #1 type: Unknown
	Virtual memory max (MiB): 85189.02
	Virtual memory used (MiB): 34376.28
	Swap memory total (MiB): 20480.00
	Swap memory used (MiB): 280.87
	Space in storage for jna.tmpdir (MiB): <path not set>
	Space in storage for org.lwjgl.system.SharedLibraryExtractPath (MiB): <path not set>
	Space in storage for io.netty.native.workdir (MiB): <path not set>
	Space in storage for java.io.tmpdir (MiB): available: 108439.39, total: 487244.00
	Space in storage for workdir (MiB): available: 275351.38, total: 973695.00
	JVM Flags: 0 total; 
	Fabric Mods: 
		aibot: AIBot 0.0.1
		fabric-api: Fabric API 0.114.1+1.21.3
		fabric-api-base: Fabric API Base 0.4.50+119c825640
		fabric-api-lookup-api-v1: Fabric API Lookup API (v1) 1.6.81+fd37071f40
		fabric-biome-api-v1: Fabric Biome API (v1) 14.0.7+add2a48640
		fabric-block-api-v1: Fabric Block API (v1) 1.0.28+fd37071f40
		fabric-block-view-api-v2: Fabric BlockView API (v2) 1.0.16+fd37071f40
		fabric-blockrenderlayer-v1: Fabric BlockRenderLayer Registration (v1) 2.0.4+fd37071f40
		fabric-client-tags-api-v1: Fabric Client Tags 1.1.25+a730659c40
		fabric-command-api-v1: Fabric Command API (v1) 1.2.58+f71b366f40
		fabric-command-api-v2: Fabric Command API (v2) 2.2.37+c9d82ab240
		fabric-commands-v0: Fabric Commands (v0) 0.2.75+df3654b340
		fabric-content-registries-v0: Fabric Content Registries (v0) 9.1.8+fd37071f40
		fabric-convention-tags-v1: Fabric Convention Tags 2.1.4+7f945d5b40
		fabric-convention-tags-v2: Fabric Convention Tags (v2) 2.9.4+129f0c1f40
		fabric-crash-report-info-v1: Fabric Crash Report Info (v1) 0.3.3+fd37071f40
		fabric-data-attachment-api-v1: Fabric Data Attachment API (v1) 1.4.0+dbad41f140
		fabric-data-generation-api-v1: Fabric Data Generation API (v1) 21.1.2+a730659c40
		fabric-dimensions-v1: Fabric Dimensions API (v1) 4.0.7+fd37071f40
		fabric-entity-events-v1: Fabric Entity Events (v1) 2.0.8+825023f840
		fabric-events-interaction-v0: Fabric Events Interaction (v0) 2.0.12+c2c3ac4740
		fabric-game-rule-api-v1: Fabric Game Rule API (v1) 1.0.59+fd37071f40
		fabric-gametest-api-v1: Fabric Game Test API (v1) 2.0.15+fd37071f40
		fabric-item-api-v1: Fabric Item API (v1) 11.1.7+fd37071f40
		fabric-item-group-api-v1: Fabric Item Group API (v1) 4.1.17+fd37071f40
		fabric-key-binding-api-v1: Fabric Key Binding API (v1) 1.0.53+fd37071f40
		fabric-keybindings-v0: Fabric Key Bindings (v0) 0.2.51+df3654b340
		fabric-lifecycle-events-v1: Fabric Lifecycle Events (v1) 2.5.1+6da5ef6940
		fabric-loot-api-v2: Fabric Loot API (v2) 3.0.26+3f89f5a540
		fabric-loot-api-v3: Fabric Loot API (v3) 1.0.14+fd37071f40
		fabric-message-api-v1: Fabric Message API (v1) 6.0.22+5a9b22c640
		fabric-model-loading-api-v1: Fabric Model Loading API (v1) 3.0.9+fd37071f40
		fabric-networking-api-v1: Fabric Networking API (v1) 4.3.5+fd37071f40
		fabric-object-builder-api-v1: Fabric Object Builder API (v1) 17.0.9+fd37071f40
		fabric-particles-v1: Fabric Particles (v1) 4.0.10+fd37071f40
		fabric-recipe-api-v1: Fabric Recipe API (v1) 7.0.5+8ea69ff840
		fabric-registry-sync-v0: Fabric Registry Sync (v0) 5.4.1+3f3c499540
		fabric-renderer-api-v1: Fabric Renderer API (v1) 4.0.5+fd37071f40
		fabric-renderer-indigo: Fabric Renderer - Indigo 1.9.5+fd37071f40
		fabric-rendering-data-attachment-v1: Fabric Rendering Data Attachment (v1) 0.3.54+73761d2e40
		fabric-rendering-fluids-v1: Fabric Rendering Fluids (v1) 3.1.15+fd37071f40
		fabric-rendering-v0: Fabric Rendering (v0) 1.1.84+df3654b340
		fabric-rendering-v1: Fabric Rendering (v1) 8.0.8+6922831640
		fabric-resource-conditions-api-v1: Fabric Resource Conditions API (v1) 5.0.8+fd37071f40
		fabric-resource-loader-v0: Fabric Resource Loader (v0) 3.0.6+fd37071f40
		fabric-screen-api-v1: Fabric Screen API (v1) 2.0.34+fd37071f40
		fabric-screen-handler-api-v1: Fabric Screen Handler API (v1) 1.3.103+fd37071f40
		fabric-sound-api-v1: Fabric Sound API (v1) 1.0.29+fd37071f40
		fabric-tag-api-v1: Fabric Tag API (v1) 1.0.0+a730659c40
		fabric-transfer-api-v1: Fabric Transfer API (v1) 5.4.3+cb44d14340
		fabric-transitive-access-wideners-v1: Fabric Transitive Access Wideners (v1) 6.2.0+54a41b1c40
		fabricloader: Fabric Loader 0.18.4
		java: OpenJDK 64-Bit Server VM 21
		minecraft: Minecraft 1.21.3
		mixinextras: MixinExtras 0.5.0
	Launched Version: Fabric
	Backend library: LWJGL version 3.3.3-snapshot
	Backend API: NVIDIA GeForce RTX 3060 Laptop GPU/PCIe/SSE2 GL version 3.2.0 NVIDIA 581.15, NVIDIA Corporation
	Window size: <not initialized>
	GFLW Platform: win32
	GL Caps: Using framebuffer using OpenGL 3.2
	GL debug messages: 
	Is Modded: Definitely; Client brand changed to 'fabric'
	Universe: 404
	Type: Client (map_client.txt)
	Locale: zh_CN
	System encoding: GBK
	File encoding: UTF-8
	CPU: 16x AMD Ryzen 7 6800H with Radeon Graphics 
#@!@# Game crashed! Crash report saved to: #@!@# D:\code\mc-experiment\aibot\crash-reports\crash-2026-09-13_03.42.38-client.txt

=== real-client launch 2026-09-12T19:42:41Z ===
[34m[03:42:42][m [32m[main/INFO][m [36m(FabricLoader/GameProvider)[m [0mLoading Minecraft 1.21.3 with Fabric Loader 0.18.4
[m[34m[03:42:43][m [32m[main/INFO][m [36m(FabricLoader)[m [0mLoading 55 mods:
	- aibot 0.0.1
	- fabric-api 0.114.1+1.21.3
	- fabric-api-base 0.4.50+119c825640
	- fabric-api-lookup-api-v1 1.6.81+fd37071f40
	- fabric-biome-api-v1 14.0.7+add2a48640
	- fabric-block-api-v1 1.0.28+fd37071f40
	- fabric-block-view-api-v2 1.0.16+fd37071f40
	- fabric-blockrenderlayer-v1 2.0.4+fd37071f40
	- fabric-client-tags-api-v1 1.1.25+a730659c40
	- fabric-command-api-v1 1.2.58+f71b366f40
	- fabric-command-api-v2 2.2.37+c9d82ab240
	- fabric-commands-v0 0.2.75+df3654b340
	- fabric-content-registries-v0 9.1.8+fd37071f40
	- fabric-convention-tags-v1 2.1.4+7f945d5b40
	- fabric-convention-tags-v2 2.9.4+129f0c1f40
	- fabric-crash-report-info-v1 0.3.3+fd37071f40
	- fabric-data-attachment-api-v1 1.4.0+dbad41f140
	- fabric-data-generation-api-v1 21.1.2+a730659c40
	- fabric-dimensions-v1 4.0.7+fd37071f40
	- fabric-entity-events-v1 2.0.8+825023f840
	- fabric-events-interaction-v0 2.0.12+c2c3ac4740
	- fabric-game-rule-api-v1 1.0.59+fd37071f40
	- fabric-gametest-api-v1 2.0.15+fd37071f40
	- fabric-item-api-v1 11.1.7+fd37071f40
	- fabric-item-group-api-v1 4.1.17+fd37071f40
	- fabric-key-binding-api-v1 1.0.53+fd37071f40
	- fabric-keybindings-v0 0.2.51+df3654b340
	- fabric-lifecycle-events-v1 2.5.1+6da5ef6940
	- fabric-loot-api-v2 3.0.26+3f89f5a540
	- fabric-loot-api-v3 1.0.14+fd37071f40
	- fabric-message-api-v1 6.0.22+5a9b22c640
	- fabric-model-loading-api-v1 3.0.9+fd37071f40
	- fabric-networking-api-v1 4.3.5+fd37071f40
	- fabric-object-builder-api-v1 17.0.9+fd37071f40
	- fabric-particles-v1 4.0.10+fd37071f40
	- fabric-recipe-api-v1 7.0.5+8ea69ff840
	- fabric-registry-sync-v0 5.4.1+3f3c499540
	- fabric-renderer-api-v1 4.0.5+fd37071f40
	- fabric-renderer-indigo 1.9.5+fd37071f40
	- fabric-rendering-data-attachment-v1 0.3.54+73761d2e40
	- fabric-rendering-fluids-v1 3.1.15+fd37071f40
	- fabric-rendering-v0 1.1.84+df3654b340
	- fabric-rendering-v1 8.0.8+6922831640
	- fabric-resource-conditions-api-v1 5.0.8+fd37071f40
	- fabric-resource-loader-v0 3.0.6+fd37071f40
	- fabric-screen-api-v1 2.0.34+fd37071f40
	- fabric-screen-handler-api-v1 1.3.103+fd37071f40
	- fabric-sound-api-v1 1.0.29+fd37071f40
	- fabric-tag-api-v1 1.0.0+a730659c40
	- fabric-transfer-api-v1 5.4.3+cb44d14340
	- fabric-transitive-access-wideners-v1 6.2.0+54a41b1c40
	- fabricloader 0.18.4
	- java 21
	- minecraft 1.21.3
	- mixinextras 0.5.0
[m[34m[03:42:43][m [32m[main/INFO][m [36m(FabricLoader/Mixin)[m [0mSpongePowered MIXIN Subsystem Version=0.8.7 Source=file:/C:/Users/15027/.gradle/caches/modules-2/files-2.1/net.fabricmc/sponge-mixin/0.17.0+mixin.0.8.7/cf31463202f72d03b0ef1e1e38e8ee71b7faaab6/sponge-mixin-0.17.0+mixin.0.8.7.jar Service=Knot/Fabric Env=CLIENT
[m[34m[03:42:43][m [32m[main/INFO][m [36m(FabricLoader/Mixin)[m [0mLoaded Fabric development mappings for mixin remapper!
[m[34m[03:42:43][m [32m[main/INFO][m [36m(FabricLoader/Mixin)[m [0mCompatibility level set to JAVA_21
[m[34m[03:42:45][m [32m[main/INFO][m [36m(FabricLoader/MixinExtras|Service)[m [0mInitializing MixinExtras via com.llamalad7.mixinextras.service.MixinExtrasServiceImpl(version=0.5.0).
[m[34m[03:42:46][m [32m[Datafixer Bootstrap/INFO][m [36m(Minecraft)[m [0m237 Datafixer optimizations took 382 milliseconds
[m[34m[03:42:53][m [32m[Render thread/INFO][m [36m(Minecraft)[m [0mEnvironment: Environment[sessionHost=https://sessionserver.mojang.com, servicesHost=https://api.minecraftservices.com, name=PROD]
[m[34m[03:42:53][m [32m[Render thread/INFO][m [36m(Minecraft)[m [0mSetting user: Bob
[m[34m[03:42:54][m [32m[Render thread/INFO][m [36m(aibot)[m [0m[AIBot] CONFIG event=operating_profile_resolved bot=- {effective_capabilities=[], configured_manual_teleport=true, profile=strict_survival, source=FILE_OR_DEFAULT, configured_forced_pickup=true, configured_hidden_block_scan=true, configured_emergency_teleport=true}
[m[34m[03:42:54][m [33m[Render thread/WARN][m [36m(aibot)[m [0m[AIBot] CONFIG event=deepseek_key_missing bot=- {}
[m[34m[03:42:54][m [32m[Render thread/INFO][m [36m(aibot)[m [0m[AIBot] LIFECYCLE event=mod_loaded bot=- {version=0.0.1}
[m[34m[03:42:54][m [32m[Render thread/INFO][m [36m(aibot)[m [0m[AIBot] CONFIG event=config_loaded bot=- {logging_enabled=true, configured_operator_capabilities=OperatorCapabilities[hiddenBlockScan=true, emergencyTeleport=true, forcedPickup=true, manualTeleport=true], deepseek_model=deepseek-v4-flash, effective_capabilities=[], perception_radius=16, pickup_force_radius=2.75, profile=strict_survival, nav_lookahead=4}
[m[34m[03:42:54][m [32m[Render thread/INFO][m [36m(aibot)[m [0m================================
[m[34m[03:42:54][m [32m[Render thread/INFO][m [36m(aibot)[m [0m  AIBot v0.0.1 loaded
[m[34m[03:42:54][m [32m[Render thread/INFO][m [36m(aibot)[m [0m  Mode: M6 structured logs over M5 tasks
[m[34m[03:42:54][m [32m[Render thread/INFO][m [36m(aibot)[m [0m================================
[m[34m[03:42:54][m [32m[aibot-real-client-connector/INFO][m [36m(aibot)[m [0mAIBot real-client control connected body_id=bob session=1dc889b2-3660-4123-8d4d-af0d5ecf8dd3
[m[34m[03:42:54][m [32m[Render thread/INFO][m [36m(aibot)[m [0mAIBot real-client runtime enabled body_id=bob player=Bob control=127.0.0.1:8766
[m[34m[03:42:54][m [32m[Render thread/INFO][m [36m(Indigo)[m [0m[Indigo] Registering Indigo renderer!
[m[34m[03:42:55][m [32m[Render thread/INFO][m [36m(Minecraft)[m [0mBackend library: LWJGL version 3.3.3-snapshot
[m[34m[03:42:56][m [32m[Render thread/INFO][m [36m(Minecraft)[m [0mReloading ResourceManager: vanilla, fabric, aibot, fabric-api, fabric-api-base, fabric-api-lookup-api-v1, fabric-biome-api-v1, fabric-block-api-v1, fabric-block-view-api-v2, fabric-blockrenderlayer-v1, fabric-client-tags-api-v1, fabric-command-api-v1, fabric-command-api-v2, fabric-commands-v0, fabric-content-registries-v0, fabric-convention-tags-v1, fabric-convention-tags-v2, fabric-crash-report-info-v1, fabric-data-attachment-api-v1, fabric-data-generation-api-v1, fabric-dimensions-v1, fabric-entity-events-v1, fabric-events-interaction-v0, fabric-game-rule-api-v1, fabric-gametest-api-v1, fabric-item-api-v1, fabric-item-group-api-v1, fabric-key-binding-api-v1, fabric-keybindings-v0, fabric-lifecycle-events-v1, fabric-loot-api-v2, fabric-loot-api-v3, fabric-message-api-v1, fabric-model-loading-api-v1, fabric-networking-api-v1, fabric-object-builder-api-v1, fabric-particles-v1, fabric-recipe-api-v1, fabric-registry-sync-v0, fabric-renderer-api-v1, fabric-renderer-indigo, fabric-rendering-data-attachment-v1, fabric-rendering-fluids-v1, fabric-rendering-v0, fabric-rendering-v1, fabric-resource-conditions-api-v1, fabric-resource-loader-v0, fabric-screen-api-v1, fabric-screen-handler-api-v1, fabric-sound-api-v1, fabric-tag-api-v1, fabric-transfer-api-v1, fabric-transitive-access-wideners-v1, fabricloader
[m[34m[03:42:56][m [32m[Worker-Main-9/INFO][m [36m(Minecraft)[m [0mFound unifont_jp_patch-15.1.05.hex, loading
[m[34m[03:42:56][m [32m[Worker-Main-14/INFO][m [36m(Minecraft)[m [0mFound unifont_all_no_pua-15.1.05.hex, loading
[m---- Minecraft Crash Report ----
// Would you like a cupcake?

Time: 2026-09-13 03:42:57
Description: Initializing game

java.nio.file.InvalidPathException: Illegal char <:> at index 20: quickPlayMultiplayer:127.0.0.1:25599
	at java.base/sun.nio.fs.WindowsPathParser.normalize(WindowsPathParser.java:204)
	at java.base/sun.nio.fs.WindowsPathParser.parse(WindowsPathParser.java:175)
	at java.base/sun.nio.fs.WindowsPathParser.parse(WindowsPathParser.java:77)
	at java.base/sun.nio.fs.WindowsPath.parse(WindowsPath.java:92)
	at java.base/sun.nio.fs.WindowsFileSystem.getPath(WindowsFileSystem.java:231)
	at java.base/java.nio.file.Path.resolve(Path.java:516)
	at knot//net.minecraft.client.QuickPlayLogger.<init>(QuickPlayLogger.java:44)
	at knot//net.minecraft.client.QuickPlayLogger.create(QuickPlayLogger.java:51)
	at knot//net.minecraft.client.MinecraftClient.<init>(MinecraftClient.java:730)
	at knot//net.minecraft.client.main.Main.main(Main.java:248)
	at net.fabricmc.loader.impl.game.minecraft.MinecraftGameProvider.launch(MinecraftGameProvider.java:514)
	at net.fabricmc.loader.impl.launch.knot.Knot.launch(Knot.java:72)
	at net.fabricmc.loader.impl.launch.knot.KnotClient.main(KnotClient.java:23)
	at net.fabricmc.devlaunchinjector.Main.main(Main.java:86)


A detailed walkthrough of the error, its code path and all known details is as follows:
---------------------------------------------------------------------------------------

-- Head --
Thread: Render thread
Stacktrace:
	at java.base/sun.nio.fs.WindowsPathParser.normalize(WindowsPathParser.java:204)
	at java.base/sun.nio.fs.WindowsPathParser.parse(WindowsPathParser.java:175)
	at java.base/sun.nio.fs.WindowsPathParser.parse(WindowsPathParser.java:77)
	at java.base/sun.nio.fs.WindowsPath.parse(WindowsPath.java:92)
	at java.base/sun.nio.fs.WindowsFileSystem.getPath(WindowsFileSystem.java:231)
	at java.base/java.nio.file.Path.resolve(Path.java:516)
	at knot//net.minecraft.client.QuickPlayLogger.<init>(QuickPlayLogger.java:44)
	at knot//net.minecraft.client.QuickPlayLogger.create(QuickPlayLogger.java:51)
	at knot//net.minecraft.client.MinecraftClient.<init>(MinecraftClient.java:730)

-- Initialization --
Details:
	Modules: 
		ADVAPI32.dll:¸ß¼¶ Windows 32 »ù±¾ API:10.0.26100.8875 (WinBuild.160101.0800):Microsoft Corporation
		COMCTL32.dll:ÓÃ»§ÌåÑé¿Ø¼þ¿â:6.10 (WinBuild.160101.0800):Microsoft Corporation
		CRYPT32.dll:¼ÓÃÜ API32:10.0.26100.8875 (WinBuild.160101.0800):Microsoft Corporation
		CRYPTBASE.dll:Base cryptographic API DLL:10.0.26100.8875 (WinBuild.160101.0800):Microsoft Corporation
		CRYPTSP.dll:Cryptographic Service Provider API:10.0.26100.8875 (WinBuild.160101.0800):Microsoft Corporation
		CoreMessaging.dll:Microsoft CoreMessaging Dll:10.0.26100.8972 (WinBuild.160101.0800):Microsoft Corporation
		CoreUIComponents.dll:Microsoft Core UI Components Dll:10.0.26100.9168:Microsoft Corporation
		DBGHELP.DLL:Windows Image Helper:10.0.26100.8328 (WinBuild.160101.0800):Microsoft Corporation
		DEVOBJ.dll:Device Information Set DLL:10.0.26100.8972 (WinBuild.160101.0800):Microsoft Corporation
		DNSAPI.dll:DNS ¿Í»§¶Ë API DLL:10.0.26100.8972 (WinBuild.160101.0800):Microsoft Corporation
		DSPARSE.dll:Active Directory Domain Services API:10.0.26100.1 (WinBuild.160101.0800):Microsoft Corporation
		GDI32.dll:GDI Client DLL:10.0.26100.8328 (WinBuild.160101.0800):Microsoft Corporation
		GLU32.dll:OpenGL ÊµÓÃ¹¤¾ß¿â DLL:10.0.26100.8875 (WinBuild.160101.0800):Microsoft Corporation
		IMM32.DLL:Multi-User Windows IMM32 API Client DLL:10.0.26100.8521 (WinBuild.160101.0800):Microsoft Corporation
		IPHLPAPI.DLL:IP °ïÖú³ÌÐò API:10.0.26100.8875 (WinBuild.160101.0800):Microsoft Corporation
		KERNEL32.DLL:Windows NT »ù±¾ API ¿Í»§¶Ë DLL:10.0.26100.8972 (WinBuild.160101.0800):Microsoft Corporation
		KERNELBASE.dll:Windows NT »ù±¾ API ¿Í»§¶Ë DLL:10.0.26100.8972 (WinBuild.160101.0800):Microsoft Corporation
		MMDevApi.dll:MMDevice API:10.0.26100.8875 (WinBuild.160101.0800):Microsoft Corporation
		MSCTF.dll:MSCTF ·þÎñÆ÷ DLL:10.0.26100.8875 (WinBuild.160101.0800):Microsoft Corporation
		MpOav.dll:IOfficeAntiVirus Module:4.18.26080.3 (9e1f3147fbc83f18a98a965394a23e07747d7295):Microsoft Corporation
		NSI.dll:NSI User-mode interface DLL:10.0.26100.8875 (WinBuild.160101.0800):Microsoft Corporation
		NTASN1.dll:Microsoft ASN.1 API:10.0.26100.1 (WinBuild.160101.0800):Microsoft Corporation
		OLEAUT32.dll:OLEAUT32.DLL:10.0.26100.8972 (WinBuild.160101.0800):Microsoft Corporation
		Ole32.dll:ÓÃÓÚ Windows µÄ Microsoft OLE:10.0.26100.8875 (WinBuild.160101.0800):Microsoft Corporation
		OpenAL.dll:Main implementation library:1.23.1:
		POWRPROF.dll:µçÔ´ÅäÖÃÎÄ¼þ°ïÖú³ÌÐò DLL:10.0.26100.8875 (WinBuild.160101.0800):Microsoft Corporation
		PSAPI.DLL:Process Status Helper:10.0.26100.8521 (WinBuild.160101.0800):Microsoft Corporation
		Pdh.dll:Windows ÐÔÄÜÊý¾ÝÖúÊÖ DLL:10.0.26100.8875 (WinBuild.160101.0800):Microsoft Corporation
		RPCRT4.dll:Ô¶³Ì¹ý³Ìµ÷ÓÃÔËÐÐÊ±:10.0.26100.8875 (WinBuild.160101.0800):Microsoft Corporation
		SETUPAPI.dll:Windows °²×°³ÌÐò API:10.0.26100.8875 (WinBuild.160101.0800):Microsoft Corporation
		SHCORE.dll:SHCORE:10.0.26100.8875 (WinBuild.160101.0800):Microsoft Corporation
		SHELL32.dll:Windows Shell ¹«ÓÃ DLL:10.0.26100.8972 (WinBuild.160101.0800):Microsoft Corporation
		SspiCli.dll:Security Support Provider Interface:10.0.26100.8972 (WinBuild.160101.0800):Microsoft Corporation
		UMPDC.dll:User Mode Power Dependency Coordinator:10.0.26100.8972 (WinBuild.160101.0800):Microsoft Corporation
		USER32.dll:¶àÓÃ»§ Windows ÓÃ»§ API ¿Í»§¶Ë DLL:10.0.26100.8875 (WinBuild.160101.0800):Microsoft Corporation
		USERENV.dll:Userenv:10.0.26100.8875 (WinBuild.160101.0800):Microsoft Corporation
		VCRUNTIME140.dll:Microsoft? C Runtime Library:14.40.33810.0:Microsoft Corporation
		VERSION.dll:Version Checking and File Installation Libraries:10.0.26100.1150 (WinBuild.160101.0800):Microsoft Corporation
		WINHTTP.dll:Windows HTTP ·þÎñ:10.0.26100.8875 (WinBuild.160101.0800):Microsoft Corporation
		WINMM.dll:MCI API DLL:10.0.26100.8875 (WinBuild.160101.0800):Microsoft Corporation
		WINSTA.dll:Winstation Library:10.0.26100.8972 (WinBuild.160101.0800):Microsoft Corporation
		WINTRUST.dll:Microsoft Trust Verification APIs:10.0.26100.8972 (WinBuild.160101.0800):Microsoft Corporation
		WS2_32.dll:Windows Socket 2.0 32 Î» DLL:10.0.26100.8875 (WinBuild.160101.0800):Microsoft Corporation
		WTSAPI32.dll:Windows Remote Desktop Session Host Server SDK APIs:10.0.26100.8972 (WinBuild.160101.0800):Microsoft Corporation
		amsi.dll:Anti-Malware Scan Interface:10.0.26100.7309 (WinBuild.160101.0800):Microsoft Corporation
		bcrypt.dll:Windows ¼ÓÃÜ»ùÔª¿â:10.0.26100.8875 (WinBuild.160101.0800):Microsoft Corporation
		bcryptPrimitives.dll:Windows Cryptographic Primitives Library:10.0.26100.9168 (WinBuild.160101.0800):Microsoft Corporation
		cfgmgr32.dll:Configuration Manager DLL:10.0.26100.8972 (WinBuild.160101.0800):Microsoft Corporation
		clbcatq.dll:COM+ Configuration Catalog:2001.12.10941.16384 (WinBuild.160101.0800):Microsoft Corporation
		combase.dll:ÓÃÓÚ Windows µÄ Microsoft COM:10.0.26100.8875 (WinBuild.160101.0800):Microsoft Corporation
		cryptnet.dll:Crypto Network Related API:10.0.26100.8972 (WinBuild.160101.0800):Microsoft Corporation
		dbgcore.DLL:Windows Core Debugging Helpers:10.0.26100.8972 (WinBuild.160101.0800):Microsoft Corporation
		dinput8.dll:Microsoft DirectInput:10.0.26100.8875 (WinBuild.160101.0800):Microsoft Corporation
		drvstore.dll:Driver Store API:10.0.26100.8972 (WinBuild.160101.0800):Microsoft Corporation
		dwmapi.dll:Microsoft ×ÀÃæ´°¿Ú¹ÜÀíÆ÷ API:10.0.26100.8875 (WinBuild.160101.0800):Microsoft Corporation
		dxcore.dll:DXCore:10.0.26100.8972 (WinBuild.160101.0800):Microsoft Corporation
		extnet.dll:OpenJDK Platform binary:21.0.12.1:Eclipse Adoptium
		fastprox.dll:WMI Custom Marshaller:10.0.26100.8972 (WinBuild.160101.0800):Microsoft Corporation
		fwpuclnt.dll:FWP/IPsec ÓÃ»§Ä£Ê½ API:10.0.26100.8875 (WinBuild.160101.0800):Microsoft Corporation
		gdi32full.dll:GDI Client DLL:10.0.26100.9168 (WinBuild.160101.0800):Microsoft Corporation
		glfw.dll:GLFW 3.4.0 DLL:3.4.0:GLFW
		icm32.dll:Microsoft Color Management Module (CMM):10.0.26100.9168 (WinBuild.160101.0800):Microsoft Corporation
		imagehlp.dll:Windows NT Image Helper:10.0.26100.4202 (WinBuild.160101.0800):Microsoft Corporation
		inputhost.dll:InputHost:10.0.26100.8972 (WinBuild.160101.0800):Microsoft Corporation
		java.dll:OpenJDK Platform binary:21.0.12.1:Eclipse Adoptium
		java.exe:OpenJDK Platform binary:21.0.12.1:Eclipse Adoptium
		jemalloc.dll
		jimage.dll:OpenJDK Platform binary:21.0.12.1:Eclipse Adoptium
		jli.dll:OpenJDK Platform binary:21.0.12.1:Eclipse Adoptium
		jna6737937577571498404.dll:JNA native library:7.0.0:Java(TM) Native Access (JNA)
		jsvml.dll:OpenJDK Platform binary:21.0.12.1:Eclipse Adoptium
		jvm.dll:OpenJDK 64-Bit server VM:21.0.12.1:Eclipse Adoptium
		kernel.appcore.dll:AppModel API Host:10.0.26100.8737 (WinBuild.160101.0800):Microsoft Corporation
		lwjgl.dll
		lwjgl_opengl.dll
		lwjgl_stb.dll
		management.dll:OpenJDK Platform binary:21.0.12.1:Eclipse Adoptium
		management_ext.dll:OpenJDK Platform binary:21.0.12.1:Eclipse Adoptium
		msasn1.dll:ASN.1 Runtime APIs:10.0.26100.8875 (WinBuild.160101.0800):Microsoft Corporation
		mscms.dll:Microsoft ÑÕÉ«Æ¥ÅäÏµÍ³ DLL:10.0.26100.8875 (WinBuild.160101.0800):Microsoft Corporation
		msvcp140.dll:Microsoft? C Runtime Library:14.40.33810.0:Microsoft Corporation
		msvcp_win.dll:Microsoft? C Runtime Library:10.0.26100.8875 (WinBuild.160101.0800):Microsoft Corporation
		msvcrt.dll:Windows NT CRT DLL:7.0.26100.8875 (WinBuild.160101.0800):Microsoft Corporation
		mswsock.dll:Microsoft Windows Sockets 2.0 ·þÎñÌá¹©³ÌÐò:10.0.26100.8875 (WinBuild.160101.0800):Microsoft Corporation
		napinsp.dll:µç×ÓÓÊ¼þÃüÃûÌî³äÌá¹©³ÌÐò:10.0.26100.8875 (WinBuild.160101.0800):Microsoft Corporation
		ncrypt.dll:Windows NCrypt Â·ÓÉÆ÷:10.0.26100.8875 (WinBuild.160101.0800):Microsoft Corporation
		net.dll:OpenJDK Platform binary:21.0.12.1:Eclipse Adoptium
		nio.dll:OpenJDK Platform binary:21.0.12.1:Eclipse Adoptium
		nlansp_c.dll:NLA Namespace Service Provider DLL:10.0.26100.8972 (WinBuild.160101.0800):Microsoft Corporation
		ntdll.dll:NT ²ã DLL:10.0.26100.8972 (WinBuild.160101.0800):Microsoft Corporation
		ntmarta.dll:Windows NT MARTA Ìá¹©³ÌÐò:10.0.26100.8875 (WinBuild.160101.0800):Microsoft Corporation
		nvgpucomp64.dll:NVIDIA GPU Compiler Driver, Version 581.15 :32.0.15.8115:NVIDIA Corporation
		nvoglv64.dll:NVIDIA Compatible OpenGL ICD:32.0.15.8115:NVIDIA Corporation
		nvspcap64.dll:NVIDIA Game Proxy 8FileVersion  1:11.0.5.245  8Produc:NVIDIA Corporation  L$FileDescriptio
		opengl32.dll:OpenGL Client DLL:10.0.26100.8972 (WinBuild.160101.0800):Microsoft Corporation
		perfos.dll:Windows ÏµÍ³ÐÔÄÜ¶ÔÏó DLL:10.0.26100.8875 (WinBuild.160101.0800):Microsoft Corporation
		pfclient.dll:SysMain Client:10.0.26100.4202 (WinBuild.160101.0800):Microsoft Corporation
		profapi.dll:User Profile Basic API:10.0.26100.9168 (WinBuild.160101.0800):Microsoft Corporation
		rasadhlp.dll:Remote Access AutoDial Helper:10.0.26100.7920 (WinBuild.160101.0800):Microsoft Corporation
		rsaenh.dll:Microsoft Enhanced Cryptographic Provider:10.0.26100.1 (WinBuild.160101.0800):Microsoft Corporation
		sapi.dll:ÓïÒô API:5.3.31910.00 (WinBuild.160101.0800):Microsoft Corporation
		sechost.dll:Host for SCM/SDDL/LSA Lookup APIs:10.0.26100.1 (WinBuild.160101.0800):Microsoft Corporation
		shlwapi.dll:Íâ¿Ç¼òÒ×ÊµÓÃ¹¤¾ß¿â:10.0.26100.8875 (WinBuild.160101.0800):Microsoft Corporation
		sunmscapi.dll:OpenJDK Platform binary:21.0.12.1:Eclipse Adoptium
		textinputframework.dll:"TextInputFramework.DYNLINK":10.0.26100.8972 (WinBuild.160101.0800):Microsoft Corporation
		ucrtbase.dll:Microsoft? C Runtime Library:10.0.26100.8875 (WinBuild.160101.0800):Microsoft Corporation
		uxtheme.dll:Microsoft UxTheme ¿â:10.0.26100.8875 (WinBuild.160101.0800):Microsoft Corporation
		vcruntime140_1.dll:Microsoft? C Runtime Library:14.40.33810.0:Microsoft Corporation
		verify.dll:OpenJDK Platform binary:21.0.12.1:Eclipse Adoptium
		wbemcomn.dll:WMI:10.0.26100.7920 (WinBuild.160101.0800):Microsoft Corporation
		wbemprox.dll:WMI:10.0.26100.8972 (WinBuild.160101.0800):Microsoft Corporation
		wbemsvc.dll:WMI:10.0.26100.8972 (WinBuild.160101.0800):Microsoft Corporation
		win32u.dll:Win32u:10.0.26100.9168 (WinBuild.160101.0800):Microsoft Corporation
		windows.staterepositorycore.dll:Windows StateRepository API Core:10.0.26100.8972 (WinBuild.160101.0800):Microsoft Corporation
		windows.storage.dll:Microsoft WinRT Storage API:10.0.26100.8972 (WinBuild.160101.0800):Microsoft Corporation
		winrnr.dll:LDAP RnR Provider DLL:10.0.26100.8737 (WinBuild.160101.0800):Microsoft Corporation
		wintypes.dll:Windows »ù±¾ÀàÐÍ DLL:10.0.26100.8875 (WinBuild.160101.0800):Microsoft Corporation
		wldp.dll:Windows Ëø¶¨²ßÂÔ:10.0.26100.8875 (WinBuild.160101.0800):Microsoft Corporation
		wshbth.dll:Windows Sockets Helper DLL:10.0.26100.8875 (WinBuild.160101.0800):Microsoft Corporation
		wshunix.dll:AF_UNIX Winsock2 Helper DLL:10.0.26100.1 (WinBuild.160101.0800):Microsoft Corporation
		xinput1_4.dll:Microsoft ¹«¹²¿ØÖÆÆ÷ API:10.0.26100.8875 (WinBuild.160101.0800):Microsoft Corporation
		zip.dll:OpenJDK Platform binary:21.0.12.1:Eclipse Adoptium
Stacktrace:
	at knot//net.minecraft.client.main.Main.main(Main.java:248)
	at net.fabricmc.loader.impl.game.minecraft.MinecraftGameProvider.launch(MinecraftGameProvider.java:514)
	at net.fabricmc.loader.impl.launch.knot.Knot.launch(Knot.java:72)
	at net.fabricmc.loader.impl.launch.knot.KnotClient.main(KnotClient.java:23)
	at net.fabricmc.devlaunchinjector.Main.main(Main.java:86)

-- System Details --
Details:
	Minecraft Version: 1.21.3
	Minecraft Version ID: 1.21.3
	Operating System: Windows 11 (amd64) version 10.0
	Java Version: 21.0.12.1, Eclipse Adoptium
	Java VM Version: OpenJDK 64-Bit Server VM (mixed mode, sharing), Eclipse Adoptium
	Memory: 55605944 bytes (53 MiB) / 419430400 bytes (400 MiB) up to 16970153984 bytes (16184 MiB)
	CPUs: 16
	Processor Vendor: AuthenticAMD
	Processor Name: AMD Ryzen 7 6800H with Radeon Graphics         
	Identifier: AuthenticAMD Family 25 Model 68 Stepping 1
	Microarchitecture: Zen 3
	Frequency (GHz): 3.19
	Number of physical packages: 1
	Number of physical CPUs: 8
	Number of logical CPUs: 16
	Graphics card #0 name: NVIDIA GeForce RTX 3060 Laptop GPU
	Graphics card #0 vendor: NVIDIA
	Graphics card #0 VRAM (MiB): 6144.00
	Graphics card #0 deviceId: VideoController1
	Graphics card #0 versionInfo: 32.0.15.8115
	Graphics card #1 name: AMD Radeon(TM) Graphics
	Graphics card #1 vendor: Advanced Micro Devices, Inc.
	Graphics card #1 VRAM (MiB): 512.00
	Graphics card #1 deviceId: VideoController2
	Graphics card #1 versionInfo: 30.0.14052.5
	Memory slot #0 capacity (MiB): 32768.00
	Memory slot #0 clockSpeed (GHz): 4.80
	Memory slot #0 type: Unknown
	Memory slot #1 capacity (MiB): 32768.00
	Memory slot #1 clockSpeed (GHz): 4.80
	Memory slot #1 type: Unknown
	Virtual memory max (MiB): 85189.02
	Virtual memory used (MiB): 34282.71
	Swap memory total (MiB): 20480.00
	Swap memory used (MiB): 280.87
	Space in storage for jna.tmpdir (MiB): <path not set>
	Space in storage for org.lwjgl.system.SharedLibraryExtractPath (MiB): <path not set>
	Space in storage for io.netty.native.workdir (MiB): <path not set>
	Space in storage for java.io.tmpdir (MiB): available: 108439.37, total: 487244.00
	Space in storage for workdir (MiB): available: 275351.38, total: 973695.00
	JVM Flags: 0 total; 
	Fabric Mods: 
		aibot: AIBot 0.0.1
		fabric-api: Fabric API 0.114.1+1.21.3
		fabric-api-base: Fabric API Base 0.4.50+119c825640
		fabric-api-lookup-api-v1: Fabric API Lookup API (v1) 1.6.81+fd37071f40
		fabric-biome-api-v1: Fabric Biome API (v1) 14.0.7+add2a48640
		fabric-block-api-v1: Fabric Block API (v1) 1.0.28+fd37071f40
		fabric-block-view-api-v2: Fabric BlockView API (v2) 1.0.16+fd37071f40
		fabric-blockrenderlayer-v1: Fabric BlockRenderLayer Registration (v1) 2.0.4+fd37071f40
		fabric-client-tags-api-v1: Fabric Client Tags 1.1.25+a730659c40
		fabric-command-api-v1: Fabric Command API (v1) 1.2.58+f71b366f40
		fabric-command-api-v2: Fabric Command API (v2) 2.2.37+c9d82ab240
		fabric-commands-v0: Fabric Commands (v0) 0.2.75+df3654b340
		fabric-content-registries-v0: Fabric Content Registries (v0) 9.1.8+fd37071f40
		fabric-convention-tags-v1: Fabric Convention Tags 2.1.4+7f945d5b40
		fabric-convention-tags-v2: Fabric Convention Tags (v2) 2.9.4+129f0c1f40
		fabric-crash-report-info-v1: Fabric Crash Report Info (v1) 0.3.3+fd37071f40
		fabric-data-attachment-api-v1: Fabric Data Attachment API (v1) 1.4.0+dbad41f140
		fabric-data-generation-api-v1: Fabric Data Generation API (v1) 21.1.2+a730659c40
		fabric-dimensions-v1: Fabric Dimensions API (v1) 4.0.7+fd37071f40
		fabric-entity-events-v1: Fabric Entity Events (v1) 2.0.8+825023f840
		fabric-events-interaction-v0: Fabric Events Interaction (v0) 2.0.12+c2c3ac4740
		fabric-game-rule-api-v1: Fabric Game Rule API (v1) 1.0.59+fd37071f40
		fabric-gametest-api-v1: Fabric Game Test API (v1) 2.0.15+fd37071f40
		fabric-item-api-v1: Fabric Item API (v1) 11.1.7+fd37071f40
		fabric-item-group-api-v1: Fabric Item Group API (v1) 4.1.17+fd37071f40
		fabric-key-binding-api-v1: Fabric Key Binding API (v1) 1.0.53+fd37071f40
		fabric-keybindings-v0: Fabric Key Bindings (v0) 0.2.51+df3654b340
		fabric-lifecycle-events-v1: Fabric Lifecycle Events (v1) 2.5.1+6da5ef6940
		fabric-loot-api-v2: Fabric Loot API (v2) 3.0.26+3f89f5a540
		fabric-loot-api-v3: Fabric Loot API (v3) 1.0.14+fd37071f40
		fabric-message-api-v1: Fabric Message API (v1) 6.0.22+5a9b22c640
		fabric-model-loading-api-v1: Fabric Model Loading API (v1) 3.0.9+fd37071f40
		fabric-networking-api-v1: Fabric Networking API (v1) 4.3.5+fd37071f40
		fabric-object-builder-api-v1: Fabric Object Builder API (v1) 17.0.9+fd37071f40
		fabric-particles-v1: Fabric Particles (v1) 4.0.10+fd37071f40
		fabric-recipe-api-v1: Fabric Recipe API (v1) 7.0.5+8ea69ff840
		fabric-registry-sync-v0: Fabric Registry Sync (v0) 5.4.1+3f3c499540
		fabric-renderer-api-v1: Fabric Renderer API (v1) 4.0.5+fd37071f40
		fabric-renderer-indigo: Fabric Renderer - Indigo 1.9.5+fd37071f40
		fabric-rendering-data-attachment-v1: Fabric Rendering Data Attachment (v1) 0.3.54+73761d2e40
		fabric-rendering-fluids-v1: Fabric Rendering Fluids (v1) 3.1.15+fd37071f40
		fabric-rendering-v0: Fabric Rendering (v0) 1.1.84+df3654b340
		fabric-rendering-v1: Fabric Rendering (v1) 8.0.8+6922831640
		fabric-resource-conditions-api-v1: Fabric Resource Conditions API (v1) 5.0.8+fd37071f40
		fabric-resource-loader-v0: Fabric Resource Loader (v0) 3.0.6+fd37071f40
		fabric-screen-api-v1: Fabric Screen API (v1) 2.0.34+fd37071f40
		fabric-screen-handler-api-v1: Fabric Screen Handler API (v1) 1.3.103+fd37071f40
		fabric-sound-api-v1: Fabric Sound API (v1) 1.0.29+fd37071f40
		fabric-tag-api-v1: Fabric Tag API (v1) 1.0.0+a730659c40
		fabric-transfer-api-v1: Fabric Transfer API (v1) 5.4.3+cb44d14340
		fabric-transitive-access-wideners-v1: Fabric Transitive Access Wideners (v1) 6.2.0+54a41b1c40
		fabricloader: Fabric Loader 0.18.4
		java: OpenJDK 64-Bit Server VM 21
		minecraft: Minecraft 1.21.3
		mixinextras: MixinExtras 0.5.0
	Launched Version: Fabric
	Backend library: LWJGL version 3.3.3-snapshot
	Backend API: NVIDIA GeForce RTX 3060 Laptop GPU/PCIe/SSE2 GL version 3.2.0 NVIDIA 581.15, NVIDIA Corporation
	Window size: <not initialized>
	GFLW Platform: win32
	GL Caps: Using framebuffer using OpenGL 3.2
	GL debug messages: 
	Is Modded: Definitely; Client brand changed to 'fabric'
	Universe: 404
	Type: Client (map_client.txt)
	Locale: zh_CN
	System encoding: GBK
	File encoding: UTF-8
	CPU: 16x AMD Ryzen 7 6800H with Radeon Graphics 
#@!@# Game crashed! Crash report saved to: #@!@# D:\code\mc-experiment\aibot\crash-reports\crash-2026-09-13_03.42.57-client.txt

=== real-client launch 2026-09-12T19:43:01Z ===
[34m[03:43:03][m [32m[main/INFO][m [36m(FabricLoader/GameProvider)[m [0mLoading Minecraft 1.21.3 with Fabric Loader 0.18.4
[m[34m[03:43:04][m [32m[main/INFO][m [36m(FabricLoader)[m [0mLoading 55 mods:
	- aibot 0.0.1
	- fabric-api 0.114.1+1.21.3
	- fabric-api-base 0.4.50+119c825640
	- fabric-api-lookup-api-v1 1.6.81+fd37071f40
	- fabric-biome-api-v1 14.0.7+add2a48640
	- fabric-block-api-v1 1.0.28+fd37071f40
	- fabric-block-view-api-v2 1.0.16+fd37071f40
	- fabric-blockrenderlayer-v1 2.0.4+fd37071f40
	- fabric-client-tags-api-v1 1.1.25+a730659c40
	- fabric-command-api-v1 1.2.58+f71b366f40
	- fabric-command-api-v2 2.2.37+c9d82ab240
	- fabric-commands-v0 0.2.75+df3654b340
	- fabric-content-registries-v0 9.1.8+fd37071f40
	- fabric-convention-tags-v1 2.1.4+7f945d5b40
	- fabric-convention-tags-v2 2.9.4+129f0c1f40
	- fabric-crash-report-info-v1 0.3.3+fd37071f40
	- fabric-data-attachment-api-v1 1.4.0+dbad41f140
	- fabric-data-generation-api-v1 21.1.2+a730659c40
	- fabric-dimensions-v1 4.0.7+fd37071f40
	- fabric-entity-events-v1 2.0.8+825023f840
	- fabric-events-interaction-v0 2.0.12+c2c3ac4740
	- fabric-game-rule-api-v1 1.0.59+fd37071f40
	- fabric-gametest-api-v1 2.0.15+fd37071f40
	- fabric-item-api-v1 11.1.7+fd37071f40
	- fabric-item-group-api-v1 4.1.17+fd37071f40
	- fabric-key-binding-api-v1 1.0.53+fd37071f40
	- fabric-keybindings-v0 0.2.51+df3654b340
	- fabric-lifecycle-events-v1 2.5.1+6da5ef6940
	- fabric-loot-api-v2 3.0.26+3f89f5a540
	- fabric-loot-api-v3 1.0.14+fd37071f40
	- fabric-message-api-v1 6.0.22+5a9b22c640
	- fabric-model-loading-api-v1 3.0.9+fd37071f40
	- fabric-networking-api-v1 4.3.5+fd37071f40
	- fabric-object-builder-api-v1 17.0.9+fd37071f40
	- fabric-particles-v1 4.0.10+fd37071f40
	- fabric-recipe-api-v1 7.0.5+8ea69ff840
	- fabric-registry-sync-v0 5.4.1+3f3c499540
	- fabric-renderer-api-v1 4.0.5+fd37071f40
	- fabric-renderer-indigo 1.9.5+fd37071f40
	- fabric-rendering-data-attachment-v1 0.3.54+73761d2e40
	- fabric-rendering-fluids-v1 3.1.15+fd37071f40
	- fabric-rendering-v0 1.1.84+df3654b340
	- fabric-rendering-v1 8.0.8+6922831640
	- fabric-resource-conditions-api-v1 5.0.8+fd37071f40
	- fabric-resource-loader-v0 3.0.6+fd37071f40
	- fabric-screen-api-v1 2.0.34+fd37071f40
	- fabric-screen-handler-api-v1 1.3.103+fd37071f40
	- fabric-sound-api-v1 1.0.29+fd37071f40
	- fabric-tag-api-v1 1.0.0+a730659c40
	- fabric-transfer-api-v1 5.4.3+cb44d14340
	- fabric-transitive-access-wideners-v1 6.2.0+54a41b1c40
	- fabricloader 0.18.4
	- java 21
	- minecraft 1.21.3
	- mixinextras 0.5.0
[m[34m[03:43:04][m [32m[main/INFO][m [36m(FabricLoader/Mixin)[m [0mSpongePowered MIXIN Subsystem Version=0.8.7 Source=file:/C:/Users/15027/.gradle/caches/modules-2/files-2.1/net.fabricmc/sponge-mixin/0.17.0+mixin.0.8.7/cf31463202f72d03b0ef1e1e38e8ee71b7faaab6/sponge-mixin-0.17.0+mixin.0.8.7.jar Service=Knot/Fabric Env=CLIENT
[m[34m[03:43:04][m [32m[main/INFO][m [36m(FabricLoader/Mixin)[m [0mLoaded Fabric development mappings for mixin remapper!
[m[34m[03:43:04][m [32m[main/INFO][m [36m(FabricLoader/Mixin)[m [0mCompatibility level set to JAVA_21
[m[34m[03:43:06][m [32m[main/INFO][m [36m(FabricLoader/MixinExtras|Service)[m [0mInitializing MixinExtras via com.llamalad7.mixinextras.service.MixinExtrasServiceImpl(version=0.5.0).
[m[34m[03:43:07][m [32m[Datafixer Bootstrap/INFO][m [36m(Minecraft)[m [0m237 Datafixer optimizations took 383 milliseconds
[m[34m[03:43:14][m [32m[Render thread/INFO][m [36m(Minecraft)[m [0mEnvironment: Environment[sessionHost=https://sessionserver.mojang.com, servicesHost=https://api.minecraftservices.com, name=PROD]
[m[34m[03:43:14][m [32m[Render thread/INFO][m [36m(Minecraft)[m [0mSetting user: Bob
[m[34m[03:43:14][m [32m[Render thread/INFO][m [36m(aibot)[m [0m[AIBot] CONFIG event=operating_profile_resolved bot=- {configured_manual_teleport=true, profile=strict_survival, source=FILE_OR_DEFAULT, configured_forced_pickup=true, configured_hidden_block_scan=true, configured_emergency_teleport=true, effective_capabilities=[]}
[m[34m[03:43:14][m [33m[Render thread/WARN][m [36m(aibot)[m [0m[AIBot] CONFIG event=deepseek_key_missing bot=- {}
[m[34m[03:43:14][m [32m[Render thread/INFO][m [36m(aibot)[m [0m[AIBot] LIFECYCLE event=mod_loaded bot=- {version=0.0.1}
[m[34m[03:43:14][m [32m[Render thread/INFO][m [36m(aibot)[m [0m[AIBot] CONFIG event=config_loaded bot=- {effective_capabilities=[], perception_radius=16, pickup_force_radius=2.75, profile=strict_survival, nav_lookahead=4, logging_enabled=true, configured_operator_capabilities=OperatorCapabilities[hiddenBlockScan=true, emergencyTeleport=true, forcedPickup=true, manualTeleport=true], deepseek_model=deepseek-v4-flash}
[m[34m[03:43:14][m [32m[Render thread/INFO][m [36m(aibot)[m [0m================================
[m[34m[03:43:14][m [32m[Render thread/INFO][m [36m(aibot)[m [0m  AIBot v0.0.1 loaded
[m[34m[03:43:14][m [32m[Render thread/INFO][m [36m(aibot)[m [0m  Mode: M6 structured logs over M5 tasks
[m[34m[03:43:14][m [32m[Render thread/INFO][m [36m(aibot)[m [0m================================
[m[34m[03:43:15][m [32m[Render thread/INFO][m [36m(Indigo)[m [0m[Indigo] Registering Indigo renderer!
[m[34m[03:43:15][m [32m[aibot-real-client-connector/INFO][m [36m(aibot)[m [0mAIBot real-client control connected body_id=bob session=a5a8dee3-0e14-46f4-b277-5d11201699e8
[m[34m[03:43:15][m [32m[Render thread/INFO][m [36m(aibot)[m [0mAIBot real-client runtime enabled body_id=bob player=Bob control=127.0.0.1:8766
[m[34m[03:43:16][m [32m[Render thread/INFO][m [36m(Minecraft)[m [0mBackend library: LWJGL version 3.3.3-snapshot
[m[34m[03:43:17][m [32m[Render thread/INFO][m [36m(Minecraft)[m [0mReloading ResourceManager: vanilla, fabric, aibot, fabric-api, fabric-api-base, fabric-api-lookup-api-v1, fabric-biome-api-v1, fabric-block-api-v1, fabric-block-view-api-v2, fabric-blockrenderlayer-v1, fabric-client-tags-api-v1, fabric-command-api-v1, fabric-command-api-v2, fabric-commands-v0, fabric-content-registries-v0, fabric-convention-tags-v1, fabric-convention-tags-v2, fabric-crash-report-info-v1, fabric-data-attachment-api-v1, fabric-data-generation-api-v1, fabric-dimensions-v1, fabric-entity-events-v1, fabric-events-interaction-v0, fabric-game-rule-api-v1, fabric-gametest-api-v1, fabric-item-api-v1, fabric-item-group-api-v1, fabric-key-binding-api-v1, fabric-keybindings-v0, fabric-lifecycle-events-v1, fabric-loot-api-v2, fabric-loot-api-v3, fabric-message-api-v1, fabric-model-loading-api-v1, fabric-networking-api-v1, fabric-object-builder-api-v1, fabric-particles-v1, fabric-recipe-api-v1, fabric-registry-sync-v0, fabric-renderer-api-v1, fabric-renderer-indigo, fabric-rendering-data-attachment-v1, fabric-rendering-fluids-v1, fabric-rendering-v0, fabric-rendering-v1, fabric-resource-conditions-api-v1, fabric-resource-loader-v0, fabric-screen-api-v1, fabric-screen-handler-api-v1, fabric-sound-api-v1, fabric-tag-api-v1, fabric-transfer-api-v1, fabric-transitive-access-wideners-v1, fabricloader
[m[34m[03:43:17][m [32m[Worker-Main-13/INFO][m [36m(Minecraft)[m [0mFound unifont_jp_patch-15.1.05.hex, loading
[m[34m[03:43:17][m [32m[Worker-Main-14/INFO][m [36m(Minecraft)[m [0mFound unifont_all_no_pua-15.1.05.hex, loading
[m---- Minecraft Crash Report ----
// Hey, that tickles! Hehehe!

Time: 2026-09-13 03:43:18
Description: Initializing game

java.nio.file.InvalidPathException: Illegal char <:> at index 20: quickPlayMultiplayer:127.0.0.1:25599
	at java.base/sun.nio.fs.WindowsPathParser.normalize(WindowsPathParser.java:204)
	at java.base/sun.nio.fs.WindowsPathParser.parse(WindowsPathParser.java:175)
	at java.base/sun.nio.fs.WindowsPathParser.parse(WindowsPathParser.java:77)
	at java.base/sun.nio.fs.WindowsPath.parse(WindowsPath.java:92)
	at java.base/sun.nio.fs.WindowsFileSystem.getPath(WindowsFileSystem.java:231)
	at java.base/java.nio.file.Path.resolve(Path.java:516)
	at knot//net.minecraft.client.QuickPlayLogger.<init>(QuickPlayLogger.java:44)
	at knot//net.minecraft.client.QuickPlayLogger.create(QuickPlayLogger.java:51)
	at knot//net.minecraft.client.MinecraftClient.<init>(MinecraftClient.java:730)
	at knot//net.minecraft.client.main.Main.main(Main.java:248)
	at net.fabricmc.loader.impl.game.minecraft.MinecraftGameProvider.launch(MinecraftGameProvider.java:514)
	at net.fabricmc.loader.impl.launch.knot.Knot.launch(Knot.java:72)
	at net.fabricmc.loader.impl.launch.knot.KnotClient.main(KnotClient.java:23)
	at net.fabricmc.devlaunchinjector.Main.main(Main.java:86)


A detailed walkthrough of the error, its code path and all known details is as follows:
---------------------------------------------------------------------------------------

-- Head --
Thread: Render thread
Stacktrace:
	at java.base/sun.nio.fs.WindowsPathParser.normalize(WindowsPathParser.java:204)
	at java.base/sun.nio.fs.WindowsPathParser.parse(WindowsPathParser.java:175)
	at java.base/sun.nio.fs.WindowsPathParser.parse(WindowsPathParser.java:77)
	at java.base/sun.nio.fs.WindowsPath.parse(WindowsPath.java:92)
	at java.base/sun.nio.fs.WindowsFileSystem.getPath(WindowsFileSystem.java:231)
	at java.base/java.nio.file.Path.resolve(Path.java:516)
	at knot//net.minecraft.client.QuickPlayLogger.<init>(QuickPlayLogger.java:44)
	at knot//net.minecraft.client.QuickPlayLogger.create(QuickPlayLogger.java:51)
	at knot//net.minecraft.client.MinecraftClient.<init>(MinecraftClient.java:730)

-- Initialization --
Details:
	Modules: 
		ADVAPI32.dll:¸ß¼¶ Windows 32 »ù±¾ API:10.0.26100.8875 (WinBuild.160101.0800):Microsoft Corporation
		COMCTL32.dll:ÓÃ»§ÌåÑé¿Ø¼þ¿â:6.10 (WinBuild.160101.0800):Microsoft Corporation
		CRYPT32.dll:¼ÓÃÜ API32:10.0.26100.8875 (WinBuild.160101.0800):Microsoft Corporation
		CRYPTBASE.dll:Base cryptographic API DLL:10.0.26100.8875 (WinBuild.160101.0800):Microsoft Corporation
		CRYPTSP.dll:Cryptographic Service Provider API:10.0.26100.8875 (WinBuild.160101.0800):Microsoft Corporation
		CoreMessaging.dll:Microsoft CoreMessaging Dll:10.0.26100.8972 (WinBuild.160101.0800):Microsoft Corporation
		CoreUIComponents.dll:Microsoft Core UI Components Dll:10.0.26100.9168:Microsoft Corporation
		DBGHELP.DLL:Windows Image Helper:10.0.26100.8328 (WinBuild.160101.0800):Microsoft Corporation
		DEVOBJ.dll:Device Information Set DLL:10.0.26100.8972 (WinBuild.160101.0800):Microsoft Corporation
		DNSAPI.dll:DNS ¿Í»§¶Ë API DLL:10.0.26100.8972 (WinBuild.160101.0800):Microsoft Corporation
		DSPARSE.dll:Active Directory Domain Services API:10.0.26100.1 (WinBuild.160101.0800):Microsoft Corporation
		GDI32.dll:GDI Client DLL:10.0.26100.8328 (WinBuild.160101.0800):Microsoft Corporation
		GLU32.dll:OpenGL ÊµÓÃ¹¤¾ß¿â DLL:10.0.26100.8875 (WinBuild.160101.0800):Microsoft Corporation
		IMM32.DLL:Multi-User Windows IMM32 API Client DLL:10.0.26100.8521 (WinBuild.160101.0800):Microsoft Corporation
		IPHLPAPI.DLL:IP °ïÖú³ÌÐò API:10.0.26100.8875 (WinBuild.160101.0800):Microsoft Corporation
		KERNEL32.DLL:Windows NT »ù±¾ API ¿Í»§¶Ë DLL:10.0.26100.8972 (WinBuild.160101.0800):Microsoft Corporation
		KERNELBASE.dll:Windows NT »ù±¾ API ¿Í»§¶Ë DLL:10.0.26100.8972 (WinBuild.160101.0800):Microsoft Corporation
		MMDevApi.dll:MMDevice API:10.0.26100.8875 (WinBuild.160101.0800):Microsoft Corporation
		MSCTF.dll:MSCTF ·þÎñÆ÷ DLL:10.0.26100.8875 (WinBuild.160101.0800):Microsoft Corporation
		MpOav.dll:IOfficeAntiVirus Module:4.18.26080.3 (9e1f3147fbc83f18a98a965394a23e07747d7295):Microsoft Corporation
		NSI.dll:NSI User-mode interface DLL:10.0.26100.8875 (WinBuild.160101.0800):Microsoft Corporation
		NTASN1.dll:Microsoft ASN.1 API:10.0.26100.1 (WinBuild.160101.0800):Microsoft Corporation
		OLEAUT32.dll:OLEAUT32.DLL:10.0.26100.8972 (WinBuild.160101.0800):Microsoft Corporation
		Ole32.dll:ÓÃÓÚ Windows µÄ Microsoft OLE:10.0.26100.8875 (WinBuild.160101.0800):Microsoft Corporation
		OpenAL.dll:Main implementation library:1.23.1:
		POWRPROF.dll:µçÔ´ÅäÖÃÎÄ¼þ°ïÖú³ÌÐò DLL:10.0.26100.8875 (WinBuild.160101.0800):Microsoft Corporation
		PSAPI.DLL:Process Status Helper:10.0.26100.8521 (WinBuild.160101.0800):Microsoft Corporation
		Pdh.dll:Windows ÐÔÄÜÊý¾ÝÖúÊÖ DLL:10.0.26100.8875 (WinBuild.160101.0800):Microsoft Corporation
		RPCRT4.dll:Ô¶³Ì¹ý³Ìµ÷ÓÃÔËÐÐÊ±:10.0.26100.8875 (WinBuild.160101.0800):Microsoft Corporation
		SETUPAPI.dll:Windows °²×°³ÌÐò API:10.0.26100.8875 (WinBuild.160101.0800):Microsoft Corporation
		SHCORE.dll:SHCORE:10.0.26100.8875 (WinBuild.160101.0800):Microsoft Corporation
		SHELL32.dll:Windows Shell ¹«ÓÃ DLL:10.0.26100.8972 (WinBuild.160101.0800):Microsoft Corporation
		SspiCli.dll:Security Support Provider Interface:10.0.26100.8972 (WinBuild.160101.0800):Microsoft Corporation
		UMPDC.dll:User Mode Power Dependency Coordinator:10.0.26100.8972 (WinBuild.160101.0800):Microsoft Corporation
		USER32.dll:¶àÓÃ»§ Windows ÓÃ»§ API ¿Í»§¶Ë DLL:10.0.26100.8875 (WinBuild.160101.0800):Microsoft Corporation
		USERENV.dll:Userenv:10.0.26100.8875 (WinBuild.160101.0800):Microsoft Corporation
		VCRUNTIME140.dll:Microsoft? C Runtime Library:14.40.33810.0:Microsoft Corporation
		VERSION.dll:Version Checking and File Installation Libraries:10.0.26100.1150 (WinBuild.160101.0800):Microsoft Corporation
		WINHTTP.dll:Windows HTTP ·þÎñ:10.0.26100.8875 (WinBuild.160101.0800):Microsoft Corporation
		WINMM.dll:MCI API DLL:10.0.26100.8875 (WinBuild.160101.0800):Microsoft Corporation
		WINSTA.dll:Winstation Library:10.0.26100.8972 (WinBuild.160101.0800):Microsoft Corporation
		WINTRUST.dll:Microsoft Trust Verification APIs:10.0.26100.8972 (WinBuild.160101.0800):Microsoft Corporation
		WS2_32.dll:Windows Socket 2.0 32 Î» DLL:10.0.26100.8875 (WinBuild.160101.0800):Microsoft Corporation
		WTSAPI32.dll:Windows Remote Desktop Session Host Server SDK APIs:10.0.26100.8972 (WinBuild.160101.0800):Microsoft Corporation
		amsi.dll:Anti-Malware Scan Interface:10.0.26100.7309 (WinBuild.160101.0800):Microsoft Corporation
		bcrypt.dll:Windows ¼ÓÃÜ»ùÔª¿â:10.0.26100.8875 (WinBuild.160101.0800):Microsoft Corporation
		bcryptPrimitives.dll:Windows Cryptographic Primitives Library:10.0.26100.9168 (WinBuild.160101.0800):Microsoft Corporation
		cfgmgr32.dll:Configuration Manager DLL:10.0.26100.8972 (WinBuild.160101.0800):Microsoft Corporation
		clbcatq.dll:COM+ Configuration Catalog:2001.12.10941.16384 (WinBuild.160101.0800):Microsoft Corporation
		combase.dll:ÓÃÓÚ Windows µÄ Microsoft COM:10.0.26100.8875 (WinBuild.160101.0800):Microsoft Corporation
		cryptnet.dll:Crypto Network Related API:10.0.26100.8972 (WinBuild.160101.0800):Microsoft Corporation
		dbgcore.DLL:Windows Core Debugging Helpers:10.0.26100.8972 (WinBuild.160101.0800):Microsoft Corporation
		dinput8.dll:Microsoft DirectInput:10.0.26100.8875 (WinBuild.160101.0800):Microsoft Corporation
		drvstore.dll:Driver Store API:10.0.26100.8972 (WinBuild.160101.0800):Microsoft Corporation
		dwmapi.dll:Microsoft ×ÀÃæ´°¿Ú¹ÜÀíÆ÷ API:10.0.26100.8875 (WinBuild.160101.0800):Microsoft Corporation
		dxcore.dll:DXCore:10.0.26100.8972 (WinBuild.160101.0800):Microsoft Corporation
		extnet.dll:OpenJDK Platform binary:21.0.12.1:Eclipse Adoptium
		fastprox.dll:WMI Custom Marshaller:10.0.26100.8972 (WinBuild.160101.0800):Microsoft Corporation
		fwpuclnt.dll:FWP/IPsec ÓÃ»§Ä£Ê½ API:10.0.26100.8875 (WinBuild.160101.0800):Microsoft Corporation
		gdi32full.dll:GDI Client DLL:10.0.26100.9168 (WinBuild.160101.0800):Microsoft Corporation
		glfw.dll:GLFW 3.4.0 DLL:3.4.0:GLFW
		icm32.dll:Microsoft Color Management Module (CMM):10.0.26100.9168 (WinBuild.160101.0800):Microsoft Corporation
		imagehlp.dll:Windows NT Image Helper:10.0.26100.4202 (WinBuild.160101.0800):Microsoft Corporation
		inputhost.dll:InputHost:10.0.26100.8972 (WinBuild.160101.0800):Microsoft Corporation
		java.dll:OpenJDK Platform binary:21.0.12.1:Eclipse Adoptium
		java.exe:OpenJDK Platform binary:21.0.12.1:Eclipse Adoptium
		jemalloc.dll
		jimage.dll:OpenJDK Platform binary:21.0.12.1:Eclipse Adoptium
		jli.dll:OpenJDK Platform binary:21.0.12.1:Eclipse Adoptium
		jna8850845972768138248.dll:JNA native library:7.0.0:Java(TM) Native Access (JNA)
		jsvml.dll:OpenJDK Platform binary:21.0.12.1:Eclipse Adoptium
		jvm.dll:OpenJDK 64-Bit server VM:21.0.12.1:Eclipse Adoptium
		kernel.appcore.dll:AppModel API Host:10.0.26100.8737 (WinBuild.160101.0800):Microsoft Corporation
		lwjgl.dll
		lwjgl_opengl.dll
		lwjgl_stb.dll
		management.dll:OpenJDK Platform binary:21.0.12.1:Eclipse Adoptium
		management_ext.dll:OpenJDK Platform binary:21.0.12.1:Eclipse Adoptium
		msasn1.dll:ASN.1 Runtime APIs:10.0.26100.8875 (WinBuild.160101.0800):Microsoft Corporation
		mscms.dll:Microsoft ÑÕÉ«Æ¥ÅäÏµÍ³ DLL:10.0.26100.8875 (WinBuild.160101.0800):Microsoft Corporation
		msvcp140.dll:Microsoft? C Runtime Library:14.40.33810.0:Microsoft Corporation
		msvcp_win.dll:Microsoft? C Runtime Library:10.0.26100.8875 (WinBuild.160101.0800):Microsoft Corporation
		msvcrt.dll:Windows NT CRT DLL:7.0.26100.8875 (WinBuild.160101.0800):Microsoft Corporation
		mswsock.dll:Microsoft Windows Sockets 2.0 ·þÎñÌá¹©³ÌÐò:10.0.26100.8875 (WinBuild.160101.0800):Microsoft Corporation
		napinsp.dll:µç×ÓÓÊ¼þÃüÃûÌî³äÌá¹©³ÌÐò:10.0.26100.8875 (WinBuild.160101.0800):Microsoft Corporation
		ncrypt.dll:Windows NCrypt Â·ÓÉÆ÷:10.0.26100.8875 (WinBuild.160101.0800):Microsoft Corporation
		net.dll:OpenJDK Platform binary:21.0.12.1:Eclipse Adoptium
		nio.dll:OpenJDK Platform binary:21.0.12.1:Eclipse Adoptium
		nlansp_c.dll:NLA Namespace Service Provider DLL:10.0.26100.8972 (WinBuild.160101.0800):Microsoft Corporation
		ntdll.dll:NT ²ã DLL:10.0.26100.8972 (WinBuild.160101.0800):Microsoft Corporation
		ntmarta.dll:Windows NT MARTA Ìá¹©³ÌÐò:10.0.26100.8875 (WinBuild.160101.0800):Microsoft Corporation
		nvgpucomp64.dll:NVIDIA GPU Compiler Driver, Version 581.15 :32.0.15.8115:NVIDIA Corporation
		nvoglv64.dll:NVIDIA Compatible OpenGL ICD:32.0.15.8115:NVIDIA Corporation
		nvspcap64.dll:NVIDIA Game Proxy 8FileVersion  1:11.0.5.245  8Produc:NVIDIA Corporation  L$FileDescriptio
		opengl32.dll:OpenGL Client DLL:10.0.26100.8972 (WinBuild.160101.0800):Microsoft Corporation
		perfos.dll:Windows ÏµÍ³ÐÔÄÜ¶ÔÏó DLL:10.0.26100.8875 (WinBuild.160101.0800):Microsoft Corporation
		pfclient.dll:SysMain Client:10.0.26100.4202 (WinBuild.160101.0800):Microsoft Corporation
		profapi.dll:User Profile Basic API:10.0.26100.9168 (WinBuild.160101.0800):Microsoft Corporation
		rasadhlp.dll:Remote Access AutoDial Helper:10.0.26100.7920 (WinBuild.160101.0800):Microsoft Corporation
		rsaenh.dll:Microsoft Enhanced Cryptographic Provider:10.0.26100.1 (WinBuild.160101.0800):Microsoft Corporation
		sapi.dll:ÓïÒô API:5.3.31910.00 (WinBuild.160101.0800):Microsoft Corporation
		sechost.dll:Host for SCM/SDDL/LSA Lookup APIs:10.0.26100.1 (WinBuild.160101.0800):Microsoft Corporation
		shlwapi.dll:Íâ¿Ç¼òÒ×ÊµÓÃ¹¤¾ß¿â:10.0.26100.8875 (WinBuild.160101.0800):Microsoft Corporation
		sunmscapi.dll:OpenJDK Platform binary:21.0.12.1:Eclipse Adoptium
		textinputframework.dll:"TextInputFramework.DYNLINK":10.0.26100.8972 (WinBuild.160101.0800):Microsoft Corporation
		ucrtbase.dll:Microsoft? C Runtime Library:10.0.26100.8875 (WinBuild.160101.0800):Microsoft Corporation
		uxtheme.dll:Microsoft UxTheme ¿â:10.0.26100.8875 (WinBuild.160101.0800):Microsoft Corporation
		vcruntime140_1.dll:Microsoft? C Runtime Library:14.40.33810.0:Microsoft Corporation
		verify.dll:OpenJDK Platform binary:21.0.12.1:Eclipse Adoptium
		wbemcomn.dll:WMI:10.0.26100.7920 (WinBuild.160101.0800):Microsoft Corporation
		wbemprox.dll:WMI:10.0.26100.8972 (WinBuild.160101.0800):Microsoft Corporation
		wbemsvc.dll:WMI:10.0.26100.8972 (WinBuild.160101.0800):Microsoft Corporation
		win32u.dll:Win32u:10.0.26100.9168 (WinBuild.160101.0800):Microsoft Corporation
		windows.staterepositorycore.dll:Windows StateRepository API Core:10.0.26100.8972 (WinBuild.160101.0800):Microsoft Corporation
		windows.storage.dll:Microsoft WinRT Storage API:10.0.26100.8972 (WinBuild.160101.0800):Microsoft Corporation
		winrnr.dll:LDAP RnR Provider DLL:10.0.26100.8737 (WinBuild.160101.0800):Microsoft Corporation
		wintypes.dll:Windows »ù±¾ÀàÐÍ DLL:10.0.26100.8875 (WinBuild.160101.0800):Microsoft Corporation
		wldp.dll:Windows Ëø¶¨²ßÂÔ:10.0.26100.8875 (WinBuild.160101.0800):Microsoft Corporation
		wshbth.dll:Windows Sockets Helper DLL:10.0.26100.8875 (WinBuild.160101.0800):Microsoft Corporation
		wshunix.dll:AF_UNIX Winsock2 Helper DLL:10.0.26100.1 (WinBuild.160101.0800):Microsoft Corporation
		xinput1_4.dll:Microsoft ¹«¹²¿ØÖÆÆ÷ API:10.0.26100.8875 (WinBuild.160101.0800):Microsoft Corporation
		zip.dll:OpenJDK Platform binary:21.0.12.1:Eclipse Adoptium
Stacktrace:
	at knot//net.minecraft.client.main.Main.main(Main.java:248)
	at net.fabricmc.loader.impl.game.minecraft.MinecraftGameProvider.launch(MinecraftGameProvider.java:514)
	at net.fabricmc.loader.impl.launch.knot.Knot.launch(Knot.java:72)
	at net.fabricmc.loader.impl.launch.knot.KnotClient.main(KnotClient.java:23)
	at net.fabricmc.devlaunchinjector.Main.main(Main.java:86)

-- System Details --
Details:
	Minecraft Version: 1.21.3
	Minecraft Version ID: 1.21.3
	Operating System: Windows 11 (amd64) version 10.0
	Java Version: 21.0.12.1, Eclipse Adoptium
	Java VM Version: OpenJDK 64-Bit Server VM (mixed mode, sharing), Eclipse Adoptium
	Memory: 51764488 bytes (49 MiB) / 427819008 bytes (408 MiB) up to 16970153984 bytes (16184 MiB)
	CPUs: 16
	Processor Vendor: AuthenticAMD
	Processor Name: AMD Ryzen 7 6800H with Radeon Graphics         
	Identifier: AuthenticAMD Family 25 Model 68 Stepping 1
	Microarchitecture: Zen 3
	Frequency (GHz): 3.19
	Number of physical packages: 1
	Number of physical CPUs: 8
	Number of logical CPUs: 16
	Graphics card #0 name: NVIDIA GeForce RTX 3060 Laptop GPU
	Graphics card #0 vendor: NVIDIA
	Graphics card #0 VRAM (MiB): 6144.00
	Graphics card #0 deviceId: VideoController1
	Graphics card #0 versionInfo: 32.0.15.8115
	Graphics card #1 name: AMD Radeon(TM) Graphics
	Graphics card #1 vendor: Advanced Micro Devices, Inc.
	Graphics card #1 VRAM (MiB): 512.00
	Graphics card #1 deviceId: VideoController2
	Graphics card #1 versionInfo: 30.0.14052.5
	Memory slot #0 capacity (MiB): 32768.00
	Memory slot #0 clockSpeed (GHz): 4.80
	Memory slot #0 type: Unknown
	Memory slot #1 capacity (MiB): 32768.00
	Memory slot #1 clockSpeed (GHz): 4.80
	Memory slot #1 type: Unknown
	Virtual memory max (MiB): 85189.02
	Virtual memory used (MiB): 34331.28
	Swap memory total (MiB): 20480.00
	Swap memory used (MiB): 280.87
	Space in storage for jna.tmpdir (MiB): <path not set>
	Space in storage for org.lwjgl.system.SharedLibraryExtractPath (MiB): <path not set>
	Space in storage for io.netty.native.workdir (MiB): <path not set>
	Space in storage for java.io.tmpdir (MiB): available: 108439.35, total: 487244.00
	Space in storage for workdir (MiB): available: 275351.22, total: 973695.00
	JVM Flags: 0 total; 
	Fabric Mods: 
		aibot: AIBot 0.0.1
		fabric-api: Fabric API 0.114.1+1.21.3
		fabric-api-base: Fabric API Base 0.4.50+119c825640
		fabric-api-lookup-api-v1: Fabric API Lookup API (v1) 1.6.81+fd37071f40
		fabric-biome-api-v1: Fabric Biome API (v1) 14.0.7+add2a48640
		fabric-block-api-v1: Fabric Block API (v1) 1.0.28+fd37071f40
		fabric-block-view-api-v2: Fabric BlockView API (v2) 1.0.16+fd37071f40
		fabric-blockrenderlayer-v1: Fabric BlockRenderLayer Registration (v1) 2.0.4+fd37071f40
		fabric-client-tags-api-v1: Fabric Client Tags 1.1.25+a730659c40
		fabric-command-api-v1: Fabric Command API (v1) 1.2.58+f71b366f40
		fabric-command-api-v2: Fabric Command API (v2) 2.2.37+c9d82ab240
		fabric-commands-v0: Fabric Commands (v0) 0.2.75+df3654b340
		fabric-content-registries-v0: Fabric Content Registries (v0) 9.1.8+fd37071f40
		fabric-convention-tags-v1: Fabric Convention Tags 2.1.4+7f945d5b40
		fabric-convention-tags-v2: Fabric Convention Tags (v2) 2.9.4+129f0c1f40
		fabric-crash-report-info-v1: Fabric Crash Report Info (v1) 0.3.3+fd37071f40
		fabric-data-attachment-api-v1: Fabric Data Attachment API (v1) 1.4.0+dbad41f140
		fabric-data-generation-api-v1: Fabric Data Generation API (v1) 21.1.2+a730659c40
		fabric-dimensions-v1: Fabric Dimensions API (v1) 4.0.7+fd37071f40
		fabric-entity-events-v1: Fabric Entity Events (v1) 2.0.8+825023f840
		fabric-events-interaction-v0: Fabric Events Interaction (v0) 2.0.12+c2c3ac4740
		fabric-game-rule-api-v1: Fabric Game Rule API (v1) 1.0.59+fd37071f40
		fabric-gametest-api-v1: Fabric Game Test API (v1) 2.0.15+fd37071f40
		fabric-item-api-v1: Fabric Item API (v1) 11.1.7+fd37071f40
		fabric-item-group-api-v1: Fabric Item Group API (v1) 4.1.17+fd37071f40
		fabric-key-binding-api-v1: Fabric Key Binding API (v1) 1.0.53+fd37071f40
		fabric-keybindings-v0: Fabric Key Bindings (v0) 0.2.51+df3654b340
		fabric-lifecycle-events-v1: Fabric Lifecycle Events (v1) 2.5.1+6da5ef6940
		fabric-loot-api-v2: Fabric Loot API (v2) 3.0.26+3f89f5a540
		fabric-loot-api-v3: Fabric Loot API (v3) 1.0.14+fd37071f40
		fabric-message-api-v1: Fabric Message API (v1) 6.0.22+5a9b22c640
		fabric-model-loading-api-v1: Fabric Model Loading API (v1) 3.0.9+fd37071f40
		fabric-networking-api-v1: Fabric Networking API (v1) 4.3.5+fd37071f40
		fabric-object-builder-api-v1: Fabric Object Builder API (v1) 17.0.9+fd37071f40
		fabric-particles-v1: Fabric Particles (v1) 4.0.10+fd37071f40
		fabric-recipe-api-v1: Fabric Recipe API (v1) 7.0.5+8ea69ff840
		fabric-registry-sync-v0: Fabric Registry Sync (v0) 5.4.1+3f3c499540
		fabric-renderer-api-v1: Fabric Renderer API (v1) 4.0.5+fd37071f40
		fabric-renderer-indigo: Fabric Renderer - Indigo 1.9.5+fd37071f40
		fabric-rendering-data-attachment-v1: Fabric Rendering Data Attachment (v1) 0.3.54+73761d2e40
		fabric-rendering-fluids-v1: Fabric Rendering Fluids (v1) 3.1.15+fd37071f40
		fabric-rendering-v0: Fabric Rendering (v0) 1.1.84+df3654b340
		fabric-rendering-v1: Fabric Rendering (v1) 8.0.8+6922831640
		fabric-resource-conditions-api-v1: Fabric Resource Conditions API (v1) 5.0.8+fd37071f40
		fabric-resource-loader-v0: Fabric Resource Loader (v0) 3.0.6+fd37071f40
		fabric-screen-api-v1: Fabric Screen API (v1) 2.0.34+fd37071f40
		fabric-screen-handler-api-v1: Fabric Screen Handler API (v1) 1.3.103+fd37071f40
		fabric-sound-api-v1: Fabric Sound API (v1) 1.0.29+fd37071f40
		fabric-tag-api-v1: Fabric Tag API (v1) 1.0.0+a730659c40
		fabric-transfer-api-v1: Fabric Transfer API (v1) 5.4.3+cb44d14340
		fabric-transitive-access-wideners-v1: Fabric Transitive Access Wideners (v1) 6.2.0+54a41b1c40
		fabricloader: Fabric Loader 0.18.4
		java: OpenJDK 64-Bit Server VM 21
		minecraft: Minecraft 1.21.3
		mixinextras: MixinExtras 0.5.0
	Launched Version: Fabric
	Backend library: LWJGL version 3.3.3-snapshot
	Backend API: NVIDIA GeForce RTX 3060 Laptop GPU/PCIe/SSE2 GL version 3.2.0 NVIDIA 581.15, NVIDIA Corporation
	Window size: <not initialized>
	GFLW Platform: win32
	GL Caps: Using framebuffer using OpenGL 3.2
	GL debug messages: 
	Is Modded: Definitely; Client brand changed to 'fabric'
	Universe: 404
	Type: Client (map_client.txt)
	Locale: zh_CN
	System encoding: GBK
	File encoding: UTF-8
	CPU: 16x AMD Ryzen 7 6800H with Radeon Graphics 
#@!@# Game crashed! Crash report saved to: #@!@# D:\code\mc-experiment\aibot\crash-reports\crash-2026-09-13_03.43.18-client.txt

=== real-client launch 2026-09-12T19:43:26Z ===
[34m[03:43:28][m [32m[main/INFO][m [36m(FabricLoader/GameProvider)[m [0mLoading Minecraft 1.21.3 with Fabric Loader 0.18.4
[m[34m[03:43:28][m [32m[main/INFO][m [36m(FabricLoader)[m [0mLoading 55 mods:
	- aibot 0.0.1
	- fabric-api 0.114.1+1.21.3
	- fabric-api-base 0.4.50+119c825640
	- fabric-api-lookup-api-v1 1.6.81+fd37071f40
	- fabric-biome-api-v1 14.0.7+add2a48640
	- fabric-block-api-v1 1.0.28+fd37071f40
	- fabric-block-view-api-v2 1.0.16+fd37071f40
	- fabric-blockrenderlayer-v1 2.0.4+fd37071f40
	- fabric-client-tags-api-v1 1.1.25+a730659c40
	- fabric-command-api-v1 1.2.58+f71b366f40
	- fabric-command-api-v2 2.2.37+c9d82ab240
	- fabric-commands-v0 0.2.75+df3654b340
	- fabric-content-registries-v0 9.1.8+fd37071f40
	- fabric-convention-tags-v1 2.1.4+7f945d5b40
	- fabric-convention-tags-v2 2.9.4+129f0c1f40
	- fabric-crash-report-info-v1 0.3.3+fd37071f40
	- fabric-data-attachment-api-v1 1.4.0+dbad41f140
	- fabric-data-generation-api-v1 21.1.2+a730659c40
	- fabric-dimensions-v1 4.0.7+fd37071f40
	- fabric-entity-events-v1 2.0.8+825023f840
	- fabric-events-interaction-v0 2.0.12+c2c3ac4740
	- fabric-game-rule-api-v1 1.0.59+fd37071f40
	- fabric-gametest-api-v1 2.0.15+fd37071f40
	- fabric-item-api-v1 11.1.7+fd37071f40
	- fabric-item-group-api-v1 4.1.17+fd37071f40
	- fabric-key-binding-api-v1 1.0.53+fd37071f40
	- fabric-keybindings-v0 0.2.51+df3654b340
	- fabric-lifecycle-events-v1 2.5.1+6da5ef6940
	- fabric-loot-api-v2 3.0.26+3f89f5a540
	- fabric-loot-api-v3 1.0.14+fd37071f40
	- fabric-message-api-v1 6.0.22+5a9b22c640
	- fabric-model-loading-api-v1 3.0.9+fd37071f40
	- fabric-networking-api-v1 4.3.5+fd37071f40
	- fabric-object-builder-api-v1 17.0.9+fd37071f40
	- fabric-particles-v1 4.0.10+fd37071f40
	- fabric-recipe-api-v1 7.0.5+8ea69ff840
	- fabric-registry-sync-v0 5.4.1+3f3c499540
	- fabric-renderer-api-v1 4.0.5+fd37071f40
	- fabric-renderer-indigo 1.9.5+fd37071f40
	- fabric-rendering-data-attachment-v1 0.3.54+73761d2e40
	- fabric-rendering-fluids-v1 3.1.15+fd37071f40
	- fabric-rendering-v0 1.1.84+df3654b340
	- fabric-rendering-v1 8.0.8+6922831640
	- fabric-resource-conditions-api-v1 5.0.8+fd37071f40
	- fabric-resource-loader-v0 3.0.6+fd37071f40
	- fabric-screen-api-v1 2.0.34+fd37071f40
	- fabric-screen-handler-api-v1 1.3.103+fd37071f40
	- fabric-sound-api-v1 1.0.29+fd37071f40
	- fabric-tag-api-v1 1.0.0+a730659c40
	- fabric-transfer-api-v1 5.4.3+cb44d14340
	- fabric-transitive-access-wideners-v1 6.2.0+54a41b1c40
	- fabricloader 0.18.4
	- java 21
	- minecraft 1.21.3
	- mixinextras 0.5.0
[m[34m[03:43:29][m [32m[main/INFO][m [36m(FabricLoader/Mixin)[m [0mSpongePowered MIXIN Subsystem Version=0.8.7 Source=file:/C:/Users/15027/.gradle/caches/modules-2/files-2.1/net.fabricmc/sponge-mixin/0.17.0+mixin.0.8.7/cf31463202f72d03b0ef1e1e38e8ee71b7faaab6/sponge-mixin-0.17.0+mixin.0.8.7.jar Service=Knot/Fabric Env=CLIENT
[m[34m[03:43:29][m [32m[main/INFO][m [36m(FabricLoader/Mixin)[m [0mLoaded Fabric development mappings for mixin remapper!
[m[34m[03:43:29][m [32m[main/INFO][m [36m(FabricLoader/Mixin)[m [0mCompatibility level set to JAVA_21
[m[34m[03:43:31][m [32m[main/INFO][m [36m(FabricLoader/MixinExtras|Service)[m [0mInitializing MixinExtras via com.llamalad7.mixinextras.service.MixinExtrasServiceImpl(version=0.5.0).
[m[34m[03:43:32][m [32m[Datafixer Bootstrap/INFO][m [36m(Minecraft)[m [0m237 Datafixer optimizations took 385 milliseconds
[m[34m[03:43:39][m [32m[Render thread/INFO][m [36m(Minecraft)[m [0mEnvironment: Environment[sessionHost=https://sessionserver.mojang.com, servicesHost=https://api.minecraftservices.com, name=PROD]
[m[34m[03:43:39][m [32m[Render thread/INFO][m [36m(Minecraft)[m [0mSetting user: Bob
[m[34m[03:43:39][m [32m[Render thread/INFO][m [36m(aibot)[m [0m[AIBot] CONFIG event=operating_profile_resolved bot=- {configured_manual_teleport=true, profile=strict_survival, source=FILE_OR_DEFAULT, configured_forced_pickup=true, configured_hidden_block_scan=true, configured_emergency_teleport=true, effective_capabilities=[]}
[m[34m[03:43:39][m [33m[Render thread/WARN][m [36m(aibot)[m [0m[AIBot] CONFIG event=deepseek_key_missing bot=- {}
[m[34m[03:43:39][m [32m[Render thread/INFO][m [36m(aibot)[m [0m[AIBot] LIFECYCLE event=mod_loaded bot=- {version=0.0.1}
[m[34m[03:43:39][m [32m[Render thread/INFO][m [36m(aibot)[m [0m[AIBot] CONFIG event=config_loaded bot=- {perception_radius=16, pickup_force_radius=2.75, profile=strict_survival, nav_lookahead=4, logging_enabled=true, configured_operator_capabilities=OperatorCapabilities[hiddenBlockScan=true, emergencyTeleport=true, forcedPickup=true, manualTeleport=true], deepseek_model=deepseek-v4-flash, effective_capabilities=[]}
[m[34m[03:43:39][m [32m[Render thread/INFO][m [36m(aibot)[m [0m================================
[m[34m[03:43:39][m [32m[Render thread/INFO][m [36m(aibot)[m [0m  AIBot v0.0.1 loaded
[m[34m[03:43:39][m [32m[Render thread/INFO][m [36m(aibot)[m [0m  Mode: M6 structured logs over M5 tasks
[m[34m[03:43:39][m [32m[Render thread/INFO][m [36m(aibot)[m [0m================================
[m[34m[03:43:40][m [32m[Render thread/INFO][m [36m(aibot)[m [0mAIBot real-client runtime enabled body_id=bob player=Bob control=127.0.0.1:8766
[m[34m[03:43:40][m [32m[aibot-real-client-connector/INFO][m [36m(aibot)[m [0mAIBot real-client control connected body_id=bob session=108016a8-3ea7-4a4f-b047-59d6140625d8
[m[34m[03:43:40][m [32m[Render thread/INFO][m [36m(Indigo)[m [0m[Indigo] Registering Indigo renderer!
[m[34m[03:43:40][m [32m[Render thread/INFO][m [36m(Minecraft)[m [0mBackend library: LWJGL version 3.3.3-snapshot
[m[34m[03:43:42][m [32m[Render thread/INFO][m [36m(Minecraft)[m [0mReloading ResourceManager: vanilla, fabric, aibot, fabric-api, fabric-api-base, fabric-api-lookup-api-v1, fabric-biome-api-v1, fabric-block-api-v1, fabric-block-view-api-v2, fabric-blockrenderlayer-v1, fabric-client-tags-api-v1, fabric-command-api-v1, fabric-command-api-v2, fabric-commands-v0, fabric-content-registries-v0, fabric-convention-tags-v1, fabric-convention-tags-v2, fabric-crash-report-info-v1, fabric-data-attachment-api-v1, fabric-data-generation-api-v1, fabric-dimensions-v1, fabric-entity-events-v1, fabric-events-interaction-v0, fabric-game-rule-api-v1, fabric-gametest-api-v1, fabric-item-api-v1, fabric-item-group-api-v1, fabric-key-binding-api-v1, fabric-keybindings-v0, fabric-lifecycle-events-v1, fabric-loot-api-v2, fabric-loot-api-v3, fabric-message-api-v1, fabric-model-loading-api-v1, fabric-networking-api-v1, fabric-object-builder-api-v1, fabric-particles-v1, fabric-recipe-api-v1, fabric-registry-sync-v0, fabric-renderer-api-v1, fabric-renderer-indigo, fabric-rendering-data-attachment-v1, fabric-rendering-fluids-v1, fabric-rendering-v0, fabric-rendering-v1, fabric-resource-conditions-api-v1, fabric-resource-loader-v0, fabric-screen-api-v1, fabric-screen-handler-api-v1, fabric-sound-api-v1, fabric-tag-api-v1, fabric-transfer-api-v1, fabric-transitive-access-wideners-v1, fabricloader
[m[34m[03:43:42][m [32m[Worker-Main-14/INFO][m [36m(Minecraft)[m [0mFound unifont_all_no_pua-15.1.05.hex, loading
[m[34m[03:43:42][m [32m[Worker-Main-9/INFO][m [36m(Minecraft)[m [0mFound unifont_jp_patch-15.1.05.hex, loading
[m---- Minecraft Crash Report ----
// On the bright side, I bought you a teddy bear!

Time: 2026-09-13 03:43:43
Description: Initializing game

java.nio.file.InvalidPathException: Illegal char <:> at index 20: quickPlayMultiplayer:127.0.0.1:25599
	at java.base/sun.nio.fs.WindowsPathParser.normalize(WindowsPathParser.java:204)
	at java.base/sun.nio.fs.WindowsPathParser.parse(WindowsPathParser.java:175)
	at java.base/sun.nio.fs.WindowsPathParser.parse(WindowsPathParser.java:77)
	at java.base/sun.nio.fs.WindowsPath.parse(WindowsPath.java:92)
	at java.base/sun.nio.fs.WindowsFileSystem.getPath(WindowsFileSystem.java:231)
	at java.base/java.nio.file.Path.resolve(Path.java:516)
	at knot//net.minecraft.client.QuickPlayLogger.<init>(QuickPlayLogger.java:44)
	at knot//net.minecraft.client.QuickPlayLogger.create(QuickPlayLogger.java:51)
	at knot//net.minecraft.client.MinecraftClient.<init>(MinecraftClient.java:730)
	at knot//net.minecraft.client.main.Main.main(Main.java:248)
	at net.fabricmc.loader.impl.game.minecraft.MinecraftGameProvider.launch(MinecraftGameProvider.java:514)
	at net.fabricmc.loader.impl.launch.knot.Knot.launch(Knot.java:72)
	at net.fabricmc.loader.impl.launch.knot.KnotClient.main(KnotClient.java:23)
	at net.fabricmc.devlaunchinjector.Main.main(Main.java:86)


A detailed walkthrough of the error, its code path and all known details is as follows:
---------------------------------------------------------------------------------------

-- Head --
Thread: Render thread
Stacktrace:
	at java.base/sun.nio.fs.WindowsPathParser.normalize(WindowsPathParser.java:204)
	at java.base/sun.nio.fs.WindowsPathParser.parse(WindowsPathParser.java:175)
	at java.base/sun.nio.fs.WindowsPathParser.parse(WindowsPathParser.java:77)
	at java.base/sun.nio.fs.WindowsPath.parse(WindowsPath.java:92)
	at java.base/sun.nio.fs.WindowsFileSystem.getPath(WindowsFileSystem.java:231)
	at java.base/java.nio.file.Path.resolve(Path.java:516)
	at knot//net.minecraft.client.QuickPlayLogger.<init>(QuickPlayLogger.java:44)
	at knot//net.minecraft.client.QuickPlayLogger.create(QuickPlayLogger.java:51)
	at knot//net.minecraft.client.MinecraftClient.<init>(MinecraftClient.java:730)

-- Initialization --
Details:
	Modules: 
		ADVAPI32.dll:¸ß¼¶ Windows 32 »ù±¾ API:10.0.26100.8875 (WinBuild.160101.0800):Microsoft Corporation
		COMCTL32.dll:ÓÃ»§ÌåÑé¿Ø¼þ¿â:6.10 (WinBuild.160101.0800):Microsoft Corporation
		CRYPT32.dll:¼ÓÃÜ API32:10.0.26100.8875 (WinBuild.160101.0800):Microsoft Corporation
		CRYPTBASE.dll:Base cryptographic API DLL:10.0.26100.8875 (WinBuild.160101.0800):Microsoft Corporation
		CRYPTSP.dll:Cryptographic Service Provider API:10.0.26100.8875 (WinBuild.160101.0800):Microsoft Corporation
		CoreMessaging.dll:Microsoft CoreMessaging Dll:10.0.26100.8972 (WinBuild.160101.0800):Microsoft Corporation
		CoreUIComponents.dll:Microsoft Core UI Components Dll:10.0.26100.9168:Microsoft Corporation
		DBGHELP.DLL:Windows Image Helper:10.0.26100.8328 (WinBuild.160101.0800):Microsoft Corporation
		DEVOBJ.dll:Device Information Set DLL:10.0.26100.8972 (WinBuild.160101.0800):Microsoft Corporation
		DNSAPI.dll:DNS ¿Í»§¶Ë API DLL:10.0.26100.8972 (WinBuild.160101.0800):Microsoft Corporation
		DSPARSE.dll:Active Directory Domain Services API:10.0.26100.1 (WinBuild.160101.0800):Microsoft Corporation
		GDI32.dll:GDI Client DLL:10.0.26100.8328 (WinBuild.160101.0800):Microsoft Corporation
		GLU32.dll:OpenGL ÊµÓÃ¹¤¾ß¿â DLL:10.0.26100.8875 (WinBuild.160101.0800):Microsoft Corporation
		IMM32.DLL:Multi-User Windows IMM32 API Client DLL:10.0.26100.8521 (WinBuild.160101.0800):Microsoft Corporation
		IPHLPAPI.DLL:IP °ïÖú³ÌÐò API:10.0.26100.8875 (WinBuild.160101.0800):Microsoft Corporation
		KERNEL32.DLL:Windows NT »ù±¾ API ¿Í»§¶Ë DLL:10.0.26100.8972 (WinBuild.160101.0800):Microsoft Corporation
		KERNELBASE.dll:Windows NT »ù±¾ API ¿Í»§¶Ë DLL:10.0.26100.8972 (WinBuild.160101.0800):Microsoft Corporation
		MMDevApi.dll:MMDevice API:10.0.26100.8875 (WinBuild.160101.0800):Microsoft Corporation
		MSCTF.dll:MSCTF ·þÎñÆ÷ DLL:10.0.26100.8875 (WinBuild.160101.0800):Microsoft Corporation
		MpOav.dll:IOfficeAntiVirus Module:4.18.26080.3 (9e1f3147fbc83f18a98a965394a23e07747d7295):Microsoft Corporation
		NSI.dll:NSI User-mode interface DLL:10.0.26100.8875 (WinBuild.160101.0800):Microsoft Corporation
		NTASN1.dll:Microsoft ASN.1 API:10.0.26100.1 (WinBuild.160101.0800):Microsoft Corporation
		OLEAUT32.dll:OLEAUT32.DLL:10.0.26100.8972 (WinBuild.160101.0800):Microsoft Corporation
		Ole32.dll:ÓÃÓÚ Windows µÄ Microsoft OLE:10.0.26100.8875 (WinBuild.160101.0800):Microsoft Corporation
		OpenAL.dll:Main implementation library:1.23.1:
		POWRPROF.dll:µçÔ´ÅäÖÃÎÄ¼þ°ïÖú³ÌÐò DLL:10.0.26100.8875 (WinBuild.160101.0800):Microsoft Corporation
		PSAPI.DLL:Process Status Helper:10.0.26100.8521 (WinBuild.160101.0800):Microsoft Corporation
		Pdh.dll:Windows ÐÔÄÜÊý¾ÝÖúÊÖ DLL:10.0.26100.8875 (WinBuild.160101.0800):Microsoft Corporation
		RPCRT4.dll:Ô¶³Ì¹ý³Ìµ÷ÓÃÔËÐÐÊ±:10.0.26100.8875 (WinBuild.160101.0800):Microsoft Corporation
		SETUPAPI.dll:Windows °²×°³ÌÐò API:10.0.26100.8875 (WinBuild.160101.0800):Microsoft Corporation
		SHCORE.dll:SHCORE:10.0.26100.8875 (WinBuild.160101.0800):Microsoft Corporation
		SHELL32.dll:Windows Shell ¹«ÓÃ DLL:10.0.26100.8972 (WinBuild.160101.0800):Microsoft Corporation
		SspiCli.dll:Security Support Provider Interface:10.0.26100.8972 (WinBuild.160101.0800):Microsoft Corporation
		UMPDC.dll:User Mode Power Dependency Coordinator:10.0.26100.8972 (WinBuild.160101.0800):Microsoft Corporation
		USER32.dll:¶àÓÃ»§ Windows ÓÃ»§ API ¿Í»§¶Ë DLL:10.0.26100.8875 (WinBuild.160101.0800):Microsoft Corporation
		USERENV.dll:Userenv:10.0.26100.8875 (WinBuild.160101.0800):Microsoft Corporation
		VCRUNTIME140.dll:Microsoft? C Runtime Library:14.40.33810.0:Microsoft Corporation
		VERSION.dll:Version Checking and File Installation Libraries:10.0.26100.1150 (WinBuild.160101.0800):Microsoft Corporation
		WINHTTP.dll:Windows HTTP ·þÎñ:10.0.26100.8875 (WinBuild.160101.0800):Microsoft Corporation
		WINMM.dll:MCI API DLL:10.0.26100.8875 (WinBuild.160101.0800):Microsoft Corporation
		WINSTA.dll:Winstation Library:10.0.26100.8972 (WinBuild.160101.0800):Microsoft Corporation
		WINTRUST.dll:Microsoft Trust Verification APIs:10.0.26100.8972 (WinBuild.160101.0800):Microsoft Corporation
		WS2_32.dll:Windows Socket 2.0 32 Î» DLL:10.0.26100.8875 (WinBuild.160101.0800):Microsoft Corporation
		WTSAPI32.dll:Windows Remote Desktop Session Host Server SDK APIs:10.0.26100.8972 (WinBuild.160101.0800):Microsoft Corporation
		amsi.dll:Anti-Malware Scan Interface:10.0.26100.7309 (WinBuild.160101.0800):Microsoft Corporation
		bcrypt.dll:Windows ¼ÓÃÜ»ùÔª¿â:10.0.26100.8875 (WinBuild.160101.0800):Microsoft Corporation
		bcryptPrimitives.dll:Windows Cryptographic Primitives Library:10.0.26100.9168 (WinBuild.160101.0800):Microsoft Corporation
		cfgmgr32.dll:Configuration Manager DLL:10.0.26100.8972 (WinBuild.160101.0800):Microsoft Corporation
		clbcatq.dll:COM+ Configuration Catalog:2001.12.10941.16384 (WinBuild.160101.0800):Microsoft Corporation
		combase.dll:ÓÃÓÚ Windows µÄ Microsoft COM:10.0.26100.8875 (WinBuild.160101.0800):Microsoft Corporation
		cryptnet.dll:Crypto Network Related API:10.0.26100.8972 (WinBuild.160101.0800):Microsoft Corporation
		dbgcore.DLL:Windows Core Debugging Helpers:10.0.26100.8972 (WinBuild.160101.0800):Microsoft Corporation
		dinput8.dll:Microsoft DirectInput:10.0.26100.8875 (WinBuild.160101.0800):Microsoft Corporation
		drvstore.dll:Driver Store API:10.0.26100.8972 (WinBuild.160101.0800):Microsoft Corporation
		dwmapi.dll:Microsoft ×ÀÃæ´°¿Ú¹ÜÀíÆ÷ API:10.0.26100.8875 (WinBuild.160101.0800):Microsoft Corporation
		dxcore.dll:DXCore:10.0.26100.8972 (WinBuild.160101.0800):Microsoft Corporation
		extnet.dll:OpenJDK Platform binary:21.0.12.1:Eclipse Adoptium
		fastprox.dll:WMI Custom Marshaller:10.0.26100.8972 (WinBuild.160101.0800):Microsoft Corporation
		fwpuclnt.dll:FWP/IPsec ÓÃ»§Ä£Ê½ API:10.0.26100.8875 (WinBuild.160101.0800):Microsoft Corporation
		gdi32full.dll:GDI Client DLL:10.0.26100.9168 (WinBuild.160101.0800):Microsoft Corporation
		glfw.dll:GLFW 3.4.0 DLL:3.4.0:GLFW
		icm32.dll:Microsoft Color Management Module (CMM):10.0.26100.9168 (WinBuild.160101.0800):Microsoft Corporation
		imagehlp.dll:Windows NT Image Helper:10.0.26100.4202 (WinBuild.160101.0800):Microsoft Corporation
		inputhost.dll:InputHost:10.0.26100.8972 (WinBuild.160101.0800):Microsoft Corporation
		java.dll:OpenJDK Platform binary:21.0.12.1:Eclipse Adoptium
		java.exe:OpenJDK Platform binary:21.0.12.1:Eclipse Adoptium
		jemalloc.dll
		jimage.dll:OpenJDK Platform binary:21.0.12.1:Eclipse Adoptium
		jli.dll:OpenJDK Platform binary:21.0.12.1:Eclipse Adoptium
		jna10289165594308556674.dll:JNA native library:7.0.0:Java(TM) Native Access (JNA)
		jsvml.dll:OpenJDK Platform binary:21.0.12.1:Eclipse Adoptium
		jvm.dll:OpenJDK 64-Bit server VM:21.0.12.1:Eclipse Adoptium
		kernel.appcore.dll:AppModel API Host:10.0.26100.8737 (WinBuild.160101.0800):Microsoft Corporation
		lwjgl.dll
		lwjgl_opengl.dll
		lwjgl_stb.dll
		management.dll:OpenJDK Platform binary:21.0.12.1:Eclipse Adoptium
		management_ext.dll:OpenJDK Platform binary:21.0.12.1:Eclipse Adoptium
		msasn1.dll:ASN.1 Runtime APIs:10.0.26100.8875 (WinBuild.160101.0800):Microsoft Corporation
		mscms.dll:Microsoft ÑÕÉ«Æ¥ÅäÏµÍ³ DLL:10.0.26100.8875 (WinBuild.160101.0800):Microsoft Corporation
		msvcp140.dll:Microsoft? C Runtime Library:14.40.33810.0:Microsoft Corporation
		msvcp_win.dll:Microsoft? C Runtime Library:10.0.26100.8875 (WinBuild.160101.0800):Microsoft Corporation
		msvcrt.dll:Windows NT CRT DLL:7.0.26100.8875 (WinBuild.160101.0800):Microsoft Corporation
		mswsock.dll:Microsoft Windows Sockets 2.0 ·þÎñÌá¹©³ÌÐò:10.0.26100.8875 (WinBuild.160101.0800):Microsoft Corporation
		napinsp.dll:µç×ÓÓÊ¼þÃüÃûÌî³äÌá¹©³ÌÐò:10.0.26100.8875 (WinBuild.160101.0800):Microsoft Corporation
		ncrypt.dll:Windows NCrypt Â·ÓÉÆ÷:10.0.26100.8875 (WinBuild.160101.0800):Microsoft Corporation
		net.dll:OpenJDK Platform binary:21.0.12.1:Eclipse Adoptium
		nio.dll:OpenJDK Platform binary:21.0.12.1:Eclipse Adoptium
		nlansp_c.dll:NLA Namespace Service Provider DLL:10.0.26100.8972 (WinBuild.160101.0800):Microsoft Corporation
		ntdll.dll:NT ²ã DLL:10.0.26100.8972 (WinBuild.160101.0800):Microsoft Corporation
		ntmarta.dll:Windows NT MARTA Ìá¹©³ÌÐò:10.0.26100.8875 (WinBuild.160101.0800):Microsoft Corporation
		nvgpucomp64.dll:NVIDIA GPU Compiler Driver, Version 581.15 :32.0.15.8115:NVIDIA Corporation
		nvoglv64.dll:NVIDIA Compatible OpenGL ICD:32.0.15.8115:NVIDIA Corporation
		nvspcap64.dll:NVIDIA Game Proxy 8FileVersion  1:11.0.5.245  8Produc:NVIDIA Corporation  L$FileDescriptio
		opengl32.dll:OpenGL Client DLL:10.0.26100.8972 (WinBuild.160101.0800):Microsoft Corporation
		perfos.dll:Windows ÏµÍ³ÐÔÄÜ¶ÔÏó DLL:10.0.26100.8875 (WinBuild.160101.0800):Microsoft Corporation
		pfclient.dll:SysMain Client:10.0.26100.4202 (WinBuild.160101.0800):Microsoft Corporation
		profapi.dll:User Profile Basic API:10.0.26100.9168 (WinBuild.160101.0800):Microsoft Corporation
		rasadhlp.dll:Remote Access AutoDial Helper:10.0.26100.7920 (WinBuild.160101.0800):Microsoft Corporation
		rsaenh.dll:Microsoft Enhanced Cryptographic Provider:10.0.26100.1 (WinBuild.160101.0800):Microsoft Corporation
		sapi.dll:ÓïÒô API:5.3.31910.00 (WinBuild.160101.0800):Microsoft Corporation
		sechost.dll:Host for SCM/SDDL/LSA Lookup APIs:10.0.26100.1 (WinBuild.160101.0800):Microsoft Corporation
		shlwapi.dll:Íâ¿Ç¼òÒ×ÊµÓÃ¹¤¾ß¿â:10.0.26100.8875 (WinBuild.160101.0800):Microsoft Corporation
		sunmscapi.dll:OpenJDK Platform binary:21.0.12.1:Eclipse Adoptium
		textinputframework.dll:"TextInputFramework.DYNLINK":10.0.26100.8972 (WinBuild.160101.0800):Microsoft Corporation
		ucrtbase.dll:Microsoft? C Runtime Library:10.0.26100.8875 (WinBuild.160101.0800):Microsoft Corporation
		uxtheme.dll:Microsoft UxTheme ¿â:10.0.26100.8875 (WinBuild.160101.0800):Microsoft Corporation
		vcruntime140_1.dll:Microsoft? C Runtime Library:14.40.33810.0:Microsoft Corporation
		verify.dll:OpenJDK Platform binary:21.0.12.1:Eclipse Adoptium
		wbemcomn.dll:WMI:10.0.26100.7920 (WinBuild.160101.0800):Microsoft Corporation
		wbemprox.dll:WMI:10.0.26100.8972 (WinBuild.160101.0800):Microsoft Corporation
		wbemsvc.dll:WMI:10.0.26100.8972 (WinBuild.160101.0800):Microsoft Corporation
		win32u.dll:Win32u:10.0.26100.9168 (WinBuild.160101.0800):Microsoft Corporation
		windows.staterepositorycore.dll:Windows StateRepository API Core:10.0.26100.8972 (WinBuild.160101.0800):Microsoft Corporation
		windows.storage.dll:Microsoft WinRT Storage API:10.0.26100.8972 (WinBuild.160101.0800):Microsoft Corporation
		winrnr.dll:LDAP RnR Provider DLL:10.0.26100.8737 (WinBuild.160101.0800):Microsoft Corporation
		wintypes.dll:Windows »ù±¾ÀàÐÍ DLL:10.0.26100.8875 (WinBuild.160101.0800):Microsoft Corporation
		wldp.dll:Windows Ëø¶¨²ßÂÔ:10.0.26100.8875 (WinBuild.160101.0800):Microsoft Corporation
		wshbth.dll:Windows Sockets Helper DLL:10.0.26100.8875 (WinBuild.160101.0800):Microsoft Corporation
		wshunix.dll:AF_UNIX Winsock2 Helper DLL:10.0.26100.1 (WinBuild.160101.0800):Microsoft Corporation
		xinput1_4.dll:Microsoft ¹«¹²¿ØÖÆÆ÷ API:10.0.26100.8875 (WinBuild.160101.0800):Microsoft Corporation
		zip.dll:OpenJDK Platform binary:21.0.12.1:Eclipse Adoptium
Stacktrace:
	at knot//net.minecraft.client.main.Main.main(Main.java:248)
	at net.fabricmc.loader.impl.game.minecraft.MinecraftGameProvider.launch(MinecraftGameProvider.java:514)
	at net.fabricmc.loader.impl.launch.knot.Knot.launch(Knot.java:72)
	at net.fabricmc.loader.impl.launch.knot.KnotClient.main(KnotClient.java:23)
	at net.fabricmc.devlaunchinjector.Main.main(Main.java:86)

-- System Details --
Details:
	Minecraft Version: 1.21.3
	Minecraft Version ID: 1.21.3
	Operating System: Windows 11 (amd64) version 10.0
	Java Version: 21.0.12.1, Eclipse Adoptium
	Java VM Version: OpenJDK 64-Bit Server VM (mixed mode, sharing), Eclipse Adoptium
	Memory: 45888464 bytes (43 MiB) / 419430400 bytes (400 MiB) up to 16970153984 bytes (16184 MiB)
	CPUs: 16
	Processor Vendor: AuthenticAMD
	Processor Name: AMD Ryzen 7 6800H with Radeon Graphics         
	Identifier: AuthenticAMD Family 25 Model 68 Stepping 1
	Microarchitecture: Zen 3
	Frequency (GHz): 3.19
	Number of physical packages: 1
	Number of physical CPUs: 8
	Number of logical CPUs: 16
	Graphics card #0 name: NVIDIA GeForce RTX 3060 Laptop GPU
	Graphics card #0 vendor: NVIDIA
	Graphics card #0 VRAM (MiB): 6144.00
	Graphics card #0 deviceId: VideoController1
	Graphics card #0 versionInfo: 32.0.15.8115
	Graphics card #1 name: AMD Radeon(TM) Graphics
	Graphics card #1 vendor: Advanced Micro Devices, Inc.
	Graphics card #1 VRAM (MiB): 512.00
	Graphics card #1 deviceId: VideoController2
	Graphics card #1 versionInfo: 30.0.14052.5
	Memory slot #0 capacity (MiB): 32768.00
	Memory slot #0 clockSpeed (GHz): 4.80
	Memory slot #0 type: Unknown
	Memory slot #1 capacity (MiB): 32768.00
	Memory slot #1 clockSpeed (GHz): 4.80
	Memory slot #1 type: Unknown
	Virtual memory max (MiB): 85189.02
	Virtual memory used (MiB): 34321.33
	Swap memory total (MiB): 20480.00
	Swap memory used (MiB): 280.87
	Space in storage for jna.tmpdir (MiB): <path not set>
	Space in storage for org.lwjgl.system.SharedLibraryExtractPath (MiB): <path not set>
	Space in storage for io.netty.native.workdir (MiB): <path not set>
	Space in storage for java.io.tmpdir (MiB): available: 108439.34, total: 487244.00
	Space in storage for workdir (MiB): available: 275351.25, total: 973695.00
	JVM Flags: 0 total; 
	Fabric Mods: 
		aibot: AIBot 0.0.1
		fabric-api: Fabric API 0.114.1+1.21.3
		fabric-api-base: Fabric API Base 0.4.50+119c825640
		fabric-api-lookup-api-v1: Fabric API Lookup API (v1) 1.6.81+fd37071f40
		fabric-biome-api-v1: Fabric Biome API (v1) 14.0.7+add2a48640
		fabric-block-api-v1: Fabric Block API (v1) 1.0.28+fd37071f40
		fabric-block-view-api-v2: Fabric BlockView API (v2) 1.0.16+fd37071f40
		fabric-blockrenderlayer-v1: Fabric BlockRenderLayer Registration (v1) 2.0.4+fd37071f40
		fabric-client-tags-api-v1: Fabric Client Tags 1.1.25+a730659c40
		fabric-command-api-v1: Fabric Command API (v1) 1.2.58+f71b366f40
		fabric-command-api-v2: Fabric Command API (v2) 2.2.37+c9d82ab240
		fabric-commands-v0: Fabric Commands (v0) 0.2.75+df3654b340
		fabric-content-registries-v0: Fabric Content Registries (v0) 9.1.8+fd37071f40
		fabric-convention-tags-v1: Fabric Convention Tags 2.1.4+7f945d5b40
		fabric-convention-tags-v2: Fabric Convention Tags (v2) 2.9.4+129f0c1f40
		fabric-crash-report-info-v1: Fabric Crash Report Info (v1) 0.3.3+fd37071f40
		fabric-data-attachment-api-v1: Fabric Data Attachment API (v1) 1.4.0+dbad41f140
		fabric-data-generation-api-v1: Fabric Data Generation API (v1) 21.1.2+a730659c40
		fabric-dimensions-v1: Fabric Dimensions API (v1) 4.0.7+fd37071f40
		fabric-entity-events-v1: Fabric Entity Events (v1) 2.0.8+825023f840
		fabric-events-interaction-v0: Fabric Events Interaction (v0) 2.0.12+c2c3ac4740
		fabric-game-rule-api-v1: Fabric Game Rule API (v1) 1.0.59+fd37071f40
		fabric-gametest-api-v1: Fabric Game Test API (v1) 2.0.15+fd37071f40
		fabric-item-api-v1: Fabric Item API (v1) 11.1.7+fd37071f40
		fabric-item-group-api-v1: Fabric Item Group API (v1) 4.1.17+fd37071f40
		fabric-key-binding-api-v1: Fabric Key Binding API (v1) 1.0.53+fd37071f40
		fabric-keybindings-v0: Fabric Key Bindings (v0) 0.2.51+df3654b340
		fabric-lifecycle-events-v1: Fabric Lifecycle Events (v1) 2.5.1+6da5ef6940
		fabric-loot-api-v2: Fabric Loot API (v2) 3.0.26+3f89f5a540
		fabric-loot-api-v3: Fabric Loot API (v3) 1.0.14+fd37071f40
		fabric-message-api-v1: Fabric Message API (v1) 6.0.22+5a9b22c640
		fabric-model-loading-api-v1: Fabric Model Loading API (v1) 3.0.9+fd37071f40
		fabric-networking-api-v1: Fabric Networking API (v1) 4.3.5+fd37071f40
		fabric-object-builder-api-v1: Fabric Object Builder API (v1) 17.0.9+fd37071f40
		fabric-particles-v1: Fabric Particles (v1) 4.0.10+fd37071f40
		fabric-recipe-api-v1: Fabric Recipe API (v1) 7.0.5+8ea69ff840
		fabric-registry-sync-v0: Fabric Registry Sync (v0) 5.4.1+3f3c499540
		fabric-renderer-api-v1: Fabric Renderer API (v1) 4.0.5+fd37071f40
		fabric-renderer-indigo: Fabric Renderer - Indigo 1.9.5+fd37071f40
		fabric-rendering-data-attachment-v1: Fabric Rendering Data Attachment (v1) 0.3.54+73761d2e40
		fabric-rendering-fluids-v1: Fabric Rendering Fluids (v1) 3.1.15+fd37071f40
		fabric-rendering-v0: Fabric Rendering (v0) 1.1.84+df3654b340
		fabric-rendering-v1: Fabric Rendering (v1) 8.0.8+6922831640
		fabric-resource-conditions-api-v1: Fabric Resource Conditions API (v1) 5.0.8+fd37071f40
		fabric-resource-loader-v0: Fabric Resource Loader (v0) 3.0.6+fd37071f40
		fabric-screen-api-v1: Fabric Screen API (v1) 2.0.34+fd37071f40
		fabric-screen-handler-api-v1: Fabric Screen Handler API (v1) 1.3.103+fd37071f40
		fabric-sound-api-v1: Fabric Sound API (v1) 1.0.29+fd37071f40
		fabric-tag-api-v1: Fabric Tag API (v1) 1.0.0+a730659c40
		fabric-transfer-api-v1: Fabric Transfer API (v1) 5.4.3+cb44d14340
		fabric-transitive-access-wideners-v1: Fabric Transitive Access Wideners (v1) 6.2.0+54a41b1c40
		fabricloader: Fabric Loader 0.18.4
		java: OpenJDK 64-Bit Server VM 21
		minecraft: Minecraft 1.21.3
		mixinextras: MixinExtras 0.5.0
	Launched Version: Fabric
	Backend library: LWJGL version 3.3.3-snapshot
	Backend API: NVIDIA GeForce RTX 3060 Laptop GPU/PCIe/SSE2 GL version 3.2.0 NVIDIA 581.15, NVIDIA Corporation
	Window size: <not initialized>
	GFLW Platform: win32
	GL Caps: Using framebuffer using OpenGL 3.2
	GL debug messages: 
	Is Modded: Definitely; Client brand changed to 'fabric'
	Universe: 404
	Type: Client (map_client.txt)
	Locale: zh_CN
	System encoding: GBK
	File encoding: UTF-8
	CPU: 16x AMD Ryzen 7 6800H with Radeon Graphics 
#@!@# Game crashed! Crash report saved to: #@!@# D:\code\mc-experiment\aibot\crash-reports\crash-2026-09-13_03.43.43-client.txt

=== real-client launch 2026-09-12T19:43:59Z ===
[34m[03:44:01][m [32m[main/INFO][m [36m(FabricLoader/GameProvider)[m [0mLoading Minecraft 1.21.3 with Fabric Loader 0.18.4
[m[34m[03:44:01][m [32m[main/INFO][m [36m(FabricLoader)[m [0mLoading 55 mods:
	- aibot 0.0.1
	- fabric-api 0.114.1+1.21.3
	- fabric-api-base 0.4.50+119c825640
	- fabric-api-lookup-api-v1 1.6.81+fd37071f40
	- fabric-biome-api-v1 14.0.7+add2a48640
	- fabric-block-api-v1 1.0.28+fd37071f40
	- fabric-block-view-api-v2 1.0.16+fd37071f40
	- fabric-blockrenderlayer-v1 2.0.4+fd37071f40
	- fabric-client-tags-api-v1 1.1.25+a730659c40
	- fabric-command-api-v1 1.2.58+f71b366f40
	- fabric-command-api-v2 2.2.37+c9d82ab240
	- fabric-commands-v0 0.2.75+df3654b340
	- fabric-content-registries-v0 9.1.8+fd37071f40
	- fabric-convention-tags-v1 2.1.4+7f945d5b40
	- fabric-convention-tags-v2 2.9.4+129f0c1f40
	- fabric-crash-report-info-v1 0.3.3+fd37071f40
	- fabric-data-attachment-api-v1 1.4.0+dbad41f140
	- fabric-data-generation-api-v1 21.1.2+a730659c40
	- fabric-dimensions-v1 4.0.7+fd37071f40
	- fabric-entity-events-v1 2.0.8+825023f840
	- fabric-events-interaction-v0 2.0.12+c2c3ac4740
	- fabric-game-rule-api-v1 1.0.59+fd37071f40
	- fabric-gametest-api-v1 2.0.15+fd37071f40
	- fabric-item-api-v1 11.1.7+fd37071f40
	- fabric-item-group-api-v1 4.1.17+fd37071f40
	- fabric-key-binding-api-v1 1.0.53+fd37071f40
	- fabric-keybindings-v0 0.2.51+df3654b340
	- fabric-lifecycle-events-v1 2.5.1+6da5ef6940
	- fabric-loot-api-v2 3.0.26+3f89f5a540
	- fabric-loot-api-v3 1.0.14+fd37071f40
	- fabric-message-api-v1 6.0.22+5a9b22c640
	- fabric-model-loading-api-v1 3.0.9+fd37071f40
	- fabric-networking-api-v1 4.3.5+fd37071f40
	- fabric-object-builder-api-v1 17.0.9+fd37071f40
	- fabric-particles-v1 4.0.10+fd37071f40
	- fabric-recipe-api-v1 7.0.5+8ea69ff840
	- fabric-registry-sync-v0 5.4.1+3f3c499540
	- fabric-renderer-api-v1 4.0.5+fd37071f40
	- fabric-renderer-indigo 1.9.5+fd37071f40
	- fabric-rendering-data-attachment-v1 0.3.54+73761d2e40
	- fabric-rendering-fluids-v1 3.1.15+fd37071f40
	- fabric-rendering-v0 1.1.84+df3654b340
	- fabric-rendering-v1 8.0.8+6922831640
	- fabric-resource-conditions-api-v1 5.0.8+fd37071f40
	- fabric-resource-loader-v0 3.0.6+fd37071f40
	- fabric-screen-api-v1 2.0.34+fd37071f40
	- fabric-screen-handler-api-v1 1.3.103+fd37071f40
	- fabric-sound-api-v1 1.0.29+fd37071f40
	- fabric-tag-api-v1 1.0.0+a730659c40
	- fabric-transfer-api-v1 5.4.3+cb44d14340
	- fabric-transitive-access-wideners-v1 6.2.0+54a41b1c40
	- fabricloader 0.18.4
	- java 21
	- minecraft 1.21.3
	- mixinextras 0.5.0
[m[34m[03:44:02][m [32m[main/INFO][m [36m(FabricLoader/Mixin)[m [0mSpongePowered MIXIN Subsystem Version=0.8.7 Source=file:/C:/Users/15027/.gradle/caches/modules-2/files-2.1/net.fabricmc/sponge-mixin/0.17.0+mixin.0.8.7/cf31463202f72d03b0ef1e1e38e8ee71b7faaab6/sponge-mixin-0.17.0+mixin.0.8.7.jar Service=Knot/Fabric Env=CLIENT
[m[34m[03:44:02][m [32m[main/INFO][m [36m(FabricLoader/Mixin)[m [0mLoaded Fabric development mappings for mixin remapper!
[m[34m[03:44:02][m [32m[main/INFO][m [36m(FabricLoader/Mixin)[m [0mCompatibility level set to JAVA_21
[m[34m[03:44:04][m [32m[main/INFO][m [36m(FabricLoader/MixinExtras|Service)[m [0mInitializing MixinExtras via com.llamalad7.mixinextras.service.MixinExtrasServiceImpl(version=0.5.0).
[m[34m[03:44:05][m [32m[Datafixer Bootstrap/INFO][m [36m(Minecraft)[m [0m237 Datafixer optimizations took 399 milliseconds
[m[34m[03:44:12][m [32m[Render thread/INFO][m [36m(Minecraft)[m [0mEnvironment: Environment[sessionHost=https://sessionserver.mojang.com, servicesHost=https://api.minecraftservices.com, name=PROD]
[m[34m[03:44:12][m [32m[Render thread/INFO][m [36m(Minecraft)[m [0mSetting user: Bob
[m[34m[03:44:13][m [32m[Render thread/INFO][m [36m(aibot)[m [0m[AIBot] CONFIG event=operating_profile_resolved bot=- {source=FILE_OR_DEFAULT, configured_forced_pickup=true, configured_hidden_block_scan=true, configured_emergency_teleport=true, effective_capabilities=[], configured_manual_teleport=true, profile=strict_survival}
[m[34m[03:44:13][m [33m[Render thread/WARN][m [36m(aibot)[m [0m[AIBot] CONFIG event=deepseek_key_missing bot=- {}
[m[34m[03:44:13][m [32m[Render thread/INFO][m [36m(aibot)[m [0m[AIBot] LIFECYCLE event=mod_loaded bot=- {version=0.0.1}
[m[34m[03:44:13][m [32m[Render thread/INFO][m [36m(aibot)[m [0m[AIBot] CONFIG event=config_loaded bot=- {profile=strict_survival, nav_lookahead=4, logging_enabled=true, configured_operator_capabilities=OperatorCapabilities[hiddenBlockScan=true, emergencyTeleport=true, forcedPickup=true, manualTeleport=true], deepseek_model=deepseek-v4-flash, effective_capabilities=[], perception_radius=16, pickup_force_radius=2.75}
[m[34m[03:44:13][m [32m[Render thread/INFO][m [36m(aibot)[m [0m================================
[m[34m[03:44:13][m [32m[Render thread/INFO][m [36m(aibot)[m [0m  AIBot v0.0.1 loaded
[m[34m[03:44:13][m [32m[Render thread/INFO][m [36m(aibot)[m [0m  Mode: M6 structured logs over M5 tasks
[m[34m[03:44:13][m [32m[Render thread/INFO][m [36m(aibot)[m [0m================================
[m[34m[03:44:13][m [32m[Render thread/INFO][m [36m(Indigo)[m [0m[Indigo] Registering Indigo renderer!
[m[34m[03:44:13][m [32m[aibot-real-client-connector/INFO][m [36m(aibot)[m [0mAIBot real-client control connected body_id=bob session=78cd78ee-2d55-4ccf-9a87-0120d25b0ba7
[m[34m[03:44:13][m [32m[Render thread/INFO][m [36m(aibot)[m [0mAIBot real-client runtime enabled body_id=bob player=Bob control=127.0.0.1:8766
[m[34m[03:44:14][m [32m[Render thread/INFO][m [36m(Minecraft)[m [0mBackend library: LWJGL version 3.3.3-snapshot
[m[34m[03:44:15][m [32m[Render thread/INFO][m [36m(Minecraft)[m [0mReloading ResourceManager: vanilla, fabric, aibot, fabric-api, fabric-api-base, fabric-api-lookup-api-v1, fabric-biome-api-v1, fabric-block-api-v1, fabric-block-view-api-v2, fabric-blockrenderlayer-v1, fabric-client-tags-api-v1, fabric-command-api-v1, fabric-command-api-v2, fabric-commands-v0, fabric-content-registries-v0, fabric-convention-tags-v1, fabric-convention-tags-v2, fabric-crash-report-info-v1, fabric-data-attachment-api-v1, fabric-data-generation-api-v1, fabric-dimensions-v1, fabric-entity-events-v1, fabric-events-interaction-v0, fabric-game-rule-api-v1, fabric-gametest-api-v1, fabric-item-api-v1, fabric-item-group-api-v1, fabric-key-binding-api-v1, fabric-keybindings-v0, fabric-lifecycle-events-v1, fabric-loot-api-v2, fabric-loot-api-v3, fabric-message-api-v1, fabric-model-loading-api-v1, fabric-networking-api-v1, fabric-object-builder-api-v1, fabric-particles-v1, fabric-recipe-api-v1, fabric-registry-sync-v0, fabric-renderer-api-v1, fabric-renderer-indigo, fabric-rendering-data-attachment-v1, fabric-rendering-fluids-v1, fabric-rendering-v0, fabric-rendering-v1, fabric-resource-conditions-api-v1, fabric-resource-loader-v0, fabric-screen-api-v1, fabric-screen-handler-api-v1, fabric-sound-api-v1, fabric-tag-api-v1, fabric-transfer-api-v1, fabric-transitive-access-wideners-v1, fabricloader
[m[34m[03:44:16][m [32m[Worker-Main-12/INFO][m [36m(Minecraft)[m [0mFound unifont_all_no_pua-15.1.05.hex, loading
[m[34m[03:44:16][m [32m[Worker-Main-3/INFO][m [36m(Minecraft)[m [0mFound unifont_jp_patch-15.1.05.hex, loading
[m---- Minecraft Crash Report ----
// Surprise! Haha. Well, this is awkward.

Time: 2026-09-13 03:44:16
Description: Initializing game

java.nio.file.InvalidPathException: Illegal char <:> at index 20: quickPlayMultiplayer:127.0.0.1:25599
	at java.base/sun.nio.fs.WindowsPathParser.normalize(WindowsPathParser.java:204)
	at java.base/sun.nio.fs.WindowsPathParser.parse(WindowsPathParser.java:175)
	at java.base/sun.nio.fs.WindowsPathParser.parse(WindowsPathParser.java:77)
	at java.base/sun.nio.fs.WindowsPath.parse(WindowsPath.java:92)
	at java.base/sun.nio.fs.WindowsFileSystem.getPath(WindowsFileSystem.java:231)
	at java.base/java.nio.file.Path.resolve(Path.java:516)
	at knot//net.minecraft.client.QuickPlayLogger.<init>(QuickPlayLogger.java:44)
	at knot//net.minecraft.client.QuickPlayLogger.create(QuickPlayLogger.java:51)
	at knot//net.minecraft.client.MinecraftClient.<init>(MinecraftClient.java:730)
	at knot//net.minecraft.client.main.Main.main(Main.java:248)
	at net.fabricmc.loader.impl.game.minecraft.MinecraftGameProvider.launch(MinecraftGameProvider.java:514)
	at net.fabricmc.loader.impl.launch.knot.Knot.launch(Knot.java:72)
	at net.fabricmc.loader.impl.launch.knot.KnotClient.main(KnotClient.java:23)
	at net.fabricmc.devlaunchinjector.Main.main(Main.java:86)


A detailed walkthrough of the error, its code path and all known details is as follows:
---------------------------------------------------------------------------------------

-- Head --
Thread: Render thread
Stacktrace:
	at java.base/sun.nio.fs.WindowsPathParser.normalize(WindowsPathParser.java:204)
	at java.base/sun.nio.fs.WindowsPathParser.parse(WindowsPathParser.java:175)
	at java.base/sun.nio.fs.WindowsPathParser.parse(WindowsPathParser.java:77)
	at java.base/sun.nio.fs.WindowsPath.parse(WindowsPath.java:92)
	at java.base/sun.nio.fs.WindowsFileSystem.getPath(WindowsFileSystem.java:231)
	at java.base/java.nio.file.Path.resolve(Path.java:516)
	at knot//net.minecraft.client.QuickPlayLogger.<init>(QuickPlayLogger.java:44)
	at knot//net.minecraft.client.QuickPlayLogger.create(QuickPlayLogger.java:51)
	at knot//net.minecraft.client.MinecraftClient.<init>(MinecraftClient.java:730)

-- Initialization --
Details:
	Modules: 
		ADVAPI32.dll:¸ß¼¶ Windows 32 »ù±¾ API:10.0.26100.8875 (WinBuild.160101.0800):Microsoft Corporation
		COMCTL32.dll:ÓÃ»§ÌåÑé¿Ø¼þ¿â:6.10 (WinBuild.160101.0800):Microsoft Corporation
		CRYPT32.dll:¼ÓÃÜ API32:10.0.26100.8875 (WinBuild.160101.0800):Microsoft Corporation
		CRYPTBASE.dll:Base cryptographic API DLL:10.0.26100.8875 (WinBuild.160101.0800):Microsoft Corporation
		CRYPTSP.dll:Cryptographic Service Provider API:10.0.26100.8875 (WinBuild.160101.0800):Microsoft Corporation
		CoreMessaging.dll:Microsoft CoreMessaging Dll:10.0.26100.8972 (WinBuild.160101.0800):Microsoft Corporation
		CoreUIComponents.dll:Microsoft Core UI Components Dll:10.0.26100.9168:Microsoft Corporation
		DBGHELP.DLL:Windows Image Helper:10.0.26100.8328 (WinBuild.160101.0800):Microsoft Corporation
		DEVOBJ.dll:Device Information Set DLL:10.0.26100.8972 (WinBuild.160101.0800):Microsoft Corporation
		DNSAPI.dll:DNS ¿Í»§¶Ë API DLL:10.0.26100.8972 (WinBuild.160101.0800):Microsoft Corporation
		DSPARSE.dll:Active Directory Domain Services API:10.0.26100.1 (WinBuild.160101.0800):Microsoft Corporation
		GDI32.dll:GDI Client DLL:10.0.26100.8328 (WinBuild.160101.0800):Microsoft Corporation
		GLU32.dll:OpenGL ÊµÓÃ¹¤¾ß¿â DLL:10.0.26100.8875 (WinBuild.160101.0800):Microsoft Corporation
		IMM32.DLL:Multi-User Windows IMM32 API Client DLL:10.0.26100.8521 (WinBuild.160101.0800):Microsoft Corporation
		IPHLPAPI.DLL:IP °ïÖú³ÌÐò API:10.0.26100.8875 (WinBuild.160101.0800):Microsoft Corporation
		KERNEL32.DLL:Windows NT »ù±¾ API ¿Í»§¶Ë DLL:10.0.26100.8972 (WinBuild.160101.0800):Microsoft Corporation
		KERNELBASE.dll:Windows NT »ù±¾ API ¿Í»§¶Ë DLL:10.0.26100.8972 (WinBuild.160101.0800):Microsoft Corporation
		MMDevApi.dll:MMDevice API:10.0.26100.8875 (WinBuild.160101.0800):Microsoft Corporation
		MSCTF.dll:MSCTF ·þÎñÆ÷ DLL:10.0.26100.8875 (WinBuild.160101.0800):Microsoft Corporation
		MpOav.dll:IOfficeAntiVirus Module:4.18.26080.3 (9e1f3147fbc83f18a98a965394a23e07747d7295):Microsoft Corporation
		NSI.dll:NSI User-mode interface DLL:10.0.26100.8875 (WinBuild.160101.0800):Microsoft Corporation
		NTASN1.dll:Microsoft ASN.1 API:10.0.26100.1 (WinBuild.160101.0800):Microsoft Corporation
		OLEAUT32.dll:OLEAUT32.DLL:10.0.26100.8972 (WinBuild.160101.0800):Microsoft Corporation
		Ole32.dll:ÓÃÓÚ Windows µÄ Microsoft OLE:10.0.26100.8875 (WinBuild.160101.0800):Microsoft Corporation
		OpenAL.dll:Main implementation library:1.23.1:
		POWRPROF.dll:µçÔ´ÅäÖÃÎÄ¼þ°ïÖú³ÌÐò DLL:10.0.26100.8875 (WinBuild.160101.0800):Microsoft Corporation
		PSAPI.DLL:Process Status Helper:10.0.26100.8521 (WinBuild.160101.0800):Microsoft Corporation
		Pdh.dll:Windows ÐÔÄÜÊý¾ÝÖúÊÖ DLL:10.0.26100.8875 (WinBuild.160101.0800):Microsoft Corporation
		RPCRT4.dll:Ô¶³Ì¹ý³Ìµ÷ÓÃÔËÐÐÊ±:10.0.26100.8875 (WinBuild.160101.0800):Microsoft Corporation
		SETUPAPI.dll:Windows °²×°³ÌÐò API:10.0.26100.8875 (WinBuild.160101.0800):Microsoft Corporation
		SHCORE.dll:SHCORE:10.0.26100.8875 (WinBuild.160101.0800):Microsoft Corporation
		SHELL32.dll:Windows Shell ¹«ÓÃ DLL:10.0.26100.8972 (WinBuild.160101.0800):Microsoft Corporation
		SspiCli.dll:Security Support Provider Interface:10.0.26100.8972 (WinBuild.160101.0800):Microsoft Corporation
		UMPDC.dll:User Mode Power Dependency Coordinator:10.0.26100.8972 (WinBuild.160101.0800):Microsoft Corporation
		USER32.dll:¶àÓÃ»§ Windows ÓÃ»§ API ¿Í»§¶Ë DLL:10.0.26100.8875 (WinBuild.160101.0800):Microsoft Corporation
		USERENV.dll:Userenv:10.0.26100.8875 (WinBuild.160101.0800):Microsoft Corporation
		VCRUNTIME140.dll:Microsoft? C Runtime Library:14.40.33810.0:Microsoft Corporation
		VERSION.dll:Version Checking and File Installation Libraries:10.0.26100.1150 (WinBuild.160101.0800):Microsoft Corporation
		WINHTTP.dll:Windows HTTP ·þÎñ:10.0.26100.8875 (WinBuild.160101.0800):Microsoft Corporation
		WINMM.dll:MCI API DLL:10.0.26100.8875 (WinBuild.160101.0800):Microsoft Corporation
		WINSTA.dll:Winstation Library:10.0.26100.8972 (WinBuild.160101.0800):Microsoft Corporation
		WINTRUST.dll:Microsoft Trust Verification APIs:10.0.26100.8972 (WinBuild.160101.0800):Microsoft Corporation
		WS2_32.dll:Windows Socket 2.0 32 Î» DLL:10.0.26100.8875 (WinBuild.160101.0800):Microsoft Corporation
		WTSAPI32.dll:Windows Remote Desktop Session Host Server SDK APIs:10.0.26100.8972 (WinBuild.160101.0800):Microsoft Corporation
		amsi.dll:Anti-Malware Scan Interface:10.0.26100.7309 (WinBuild.160101.0800):Microsoft Corporation
		bcrypt.dll:Windows ¼ÓÃÜ»ùÔª¿â:10.0.26100.8875 (WinBuild.160101.0800):Microsoft Corporation
		bcryptPrimitives.dll:Windows Cryptographic Primitives Library:10.0.26100.9168 (WinBuild.160101.0800):Microsoft Corporation
		cfgmgr32.dll:Configuration Manager DLL:10.0.26100.8972 (WinBuild.160101.0800):Microsoft Corporation
		clbcatq.dll:COM+ Configuration Catalog:2001.12.10941.16384 (WinBuild.160101.0800):Microsoft Corporation
		combase.dll:ÓÃÓÚ Windows µÄ Microsoft COM:10.0.26100.8875 (WinBuild.160101.0800):Microsoft Corporation
		cryptnet.dll:Crypto Network Related API:10.0.26100.8972 (WinBuild.160101.0800):Microsoft Corporation
		dbgcore.DLL:Windows Core Debugging Helpers:10.0.26100.8972 (WinBuild.160101.0800):Microsoft Corporation
		dinput8.dll:Microsoft DirectInput:10.0.26100.8875 (WinBuild.160101.0800):Microsoft Corporation
		drvstore.dll:Driver Store API:10.0.26100.8972 (WinBuild.160101.0800):Microsoft Corporation
		dwmapi.dll:Microsoft ×ÀÃæ´°¿Ú¹ÜÀíÆ÷ API:10.0.26100.8875 (WinBuild.160101.0800):Microsoft Corporation
		dxcore.dll:DXCore:10.0.26100.8972 (WinBuild.160101.0800):Microsoft Corporation
		extnet.dll:OpenJDK Platform binary:21.0.12.1:Eclipse Adoptium
		fastprox.dll:WMI Custom Marshaller:10.0.26100.8972 (WinBuild.160101.0800):Microsoft Corporation
		fwpuclnt.dll:FWP/IPsec ÓÃ»§Ä£Ê½ API:10.0.26100.8875 (WinBuild.160101.0800):Microsoft Corporation
		gdi32full.dll:GDI Client DLL:10.0.26100.9168 (WinBuild.160101.0800):Microsoft Corporation
		glfw.dll:GLFW 3.4.0 DLL:3.4.0:GLFW
		icm32.dll:Microsoft Color Management Module (CMM):10.0.26100.9168 (WinBuild.160101.0800):Microsoft Corporation
		imagehlp.dll:Windows NT Image Helper:10.0.26100.4202 (WinBuild.160101.0800):Microsoft Corporation
		inputhost.dll:InputHost:10.0.26100.8972 (WinBuild.160101.0800):Microsoft Corporation
		java.dll:OpenJDK Platform binary:21.0.12.1:Eclipse Adoptium
		java.exe:OpenJDK Platform binary:21.0.12.1:Eclipse Adoptium
		jemalloc.dll
		jimage.dll:OpenJDK Platform binary:21.0.12.1:Eclipse Adoptium
		jli.dll:OpenJDK Platform binary:21.0.12.1:Eclipse Adoptium
		jna6734312296453013182.dll:JNA native library:7.0.0:Java(TM) Native Access (JNA)
		jsvml.dll:OpenJDK Platform binary:21.0.12.1:Eclipse Adoptium
		jvm.dll:OpenJDK 64-Bit server VM:21.0.12.1:Eclipse Adoptium
		kernel.appcore.dll:AppModel API Host:10.0.26100.8737 (WinBuild.160101.0800):Microsoft Corporation
		lwjgl.dll
		lwjgl_opengl.dll
		lwjgl_stb.dll
		management.dll:OpenJDK Platform binary:21.0.12.1:Eclipse Adoptium
		management_ext.dll:OpenJDK Platform binary:21.0.12.1:Eclipse Adoptium
		msasn1.dll:ASN.1 Runtime APIs:10.0.26100.8875 (WinBuild.160101.0800):Microsoft Corporation
		mscms.dll:Microsoft ÑÕÉ«Æ¥ÅäÏµÍ³ DLL:10.0.26100.8875 (WinBuild.160101.0800):Microsoft Corporation
		msvcp140.dll:Microsoft? C Runtime Library:14.40.33810.0:Microsoft Corporation
		msvcp_win.dll:Microsoft? C Runtime Library:10.0.26100.8875 (WinBuild.160101.0800):Microsoft Corporation
		msvcrt.dll:Windows NT CRT DLL:7.0.26100.8875 (WinBuild.160101.0800):Microsoft Corporation
		mswsock.dll:Microsoft Windows Sockets 2.0 ·þÎñÌá¹©³ÌÐò:10.0.26100.8875 (WinBuild.160101.0800):Microsoft Corporation
		napinsp.dll:µç×ÓÓÊ¼þÃüÃûÌî³äÌá¹©³ÌÐò:10.0.26100.8875 (WinBuild.160101.0800):Microsoft Corporation
		ncrypt.dll:Windows NCrypt Â·ÓÉÆ÷:10.0.26100.8875 (WinBuild.160101.0800):Microsoft Corporation
		net.dll:OpenJDK Platform binary:21.0.12.1:Eclipse Adoptium
		nio.dll:OpenJDK Platform binary:21.0.12.1:Eclipse Adoptium
		nlansp_c.dll:NLA Namespace Service Provider DLL:10.0.26100.8972 (WinBuild.160101.0800):Microsoft Corporation
		ntdll.dll:NT ²ã DLL:10.0.26100.8972 (WinBuild.160101.0800):Microsoft Corporation
		ntmarta.dll:Windows NT MARTA Ìá¹©³ÌÐò:10.0.26100.8875 (WinBuild.160101.0800):Microsoft Corporation
		nvgpucomp64.dll:NVIDIA GPU Compiler Driver, Version 581.15 :32.0.15.8115:NVIDIA Corporation
		nvoglv64.dll:NVIDIA Compatible OpenGL ICD:32.0.15.8115:NVIDIA Corporation
		nvspcap64.dll:NVIDIA Game Proxy 8FileVersion  1:11.0.5.245  8Produc:NVIDIA Corporation  L$FileDescriptio
		opengl32.dll:OpenGL Client DLL:10.0.26100.8972 (WinBuild.160101.0800):Microsoft Corporation
		perfos.dll:Windows ÏµÍ³ÐÔÄÜ¶ÔÏó DLL:10.0.26100.8875 (WinBuild.160101.0800):Microsoft Corporation
		pfclient.dll:SysMain Client:10.0.26100.4202 (WinBuild.160101.0800):Microsoft Corporation
		profapi.dll:User Profile Basic API:10.0.26100.9168 (WinBuild.160101.0800):Microsoft Corporation
		rasadhlp.dll:Remote Access AutoDial Helper:10.0.26100.7920 (WinBuild.160101.0800):Microsoft Corporation
		rsaenh.dll:Microsoft Enhanced Cryptographic Provider:10.0.26100.1 (WinBuild.160101.0800):Microsoft Corporation
		sapi.dll:ÓïÒô API:5.3.31910.00 (WinBuild.160101.0800):Microsoft Corporation
		sechost.dll:Host for SCM/SDDL/LSA Lookup APIs:10.0.26100.1 (WinBuild.160101.0800):Microsoft Corporation
		shlwapi.dll:Íâ¿Ç¼òÒ×ÊµÓÃ¹¤¾ß¿â:10.0.26100.8875 (WinBuild.160101.0800):Microsoft Corporation
		sunmscapi.dll:OpenJDK Platform binary:21.0.12.1:Eclipse Adoptium
		textinputframework.dll:"TextInputFramework.DYNLINK":10.0.26100.8972 (WinBuild.160101.0800):Microsoft Corporation
		ucrtbase.dll:Microsoft? C Runtime Library:10.0.26100.8875 (WinBuild.160101.0800):Microsoft Corporation
		uxtheme.dll:Microsoft UxTheme ¿â:10.0.26100.8875 (WinBuild.160101.0800):Microsoft Corporation
		vcruntime140_1.dll:Microsoft? C Runtime Library:14.40.33810.0:Microsoft Corporation
		verify.dll:OpenJDK Platform binary:21.0.12.1:Eclipse Adoptium
		wbemcomn.dll:WMI:10.0.26100.7920 (WinBuild.160101.0800):Microsoft Corporation
		wbemprox.dll:WMI:10.0.26100.8972 (WinBuild.160101.0800):Microsoft Corporation
		wbemsvc.dll:WMI:10.0.26100.8972 (WinBuild.160101.0800):Microsoft Corporation
		win32u.dll:Win32u:10.0.26100.9168 (WinBuild.160101.0800):Microsoft Corporation
		windows.staterepositorycore.dll:Windows StateRepository API Core:10.0.26100.8972 (WinBuild.160101.0800):Microsoft Corporation
		windows.storage.dll:Microsoft WinRT Storage API:10.0.26100.8972 (WinBuild.160101.0800):Microsoft Corporation
		winrnr.dll:LDAP RnR Provider DLL:10.0.26100.8737 (WinBuild.160101.0800):Microsoft Corporation
		wintypes.dll:Windows »ù±¾ÀàÐÍ DLL:10.0.26100.8875 (WinBuild.160101.0800):Microsoft Corporation
		wldp.dll:Windows Ëø¶¨²ßÂÔ:10.0.26100.8875 (WinBuild.160101.0800):Microsoft Corporation
		wshbth.dll:Windows Sockets Helper DLL:10.0.26100.8875 (WinBuild.160101.0800):Microsoft Corporation
		wshunix.dll:AF_UNIX Winsock2 Helper DLL:10.0.26100.1 (WinBuild.160101.0800):Microsoft Corporation
		xinput1_4.dll:Microsoft ¹«¹²¿ØÖÆÆ÷ API:10.0.26100.8875 (WinBuild.160101.0800):Microsoft Corporation
		zip.dll:OpenJDK Platform binary:21.0.12.1:Eclipse Adoptium
Stacktrace:
	at knot//net.minecraft.client.main.Main.main(Main.java:248)
	at net.fabricmc.loader.impl.game.minecraft.MinecraftGameProvider.launch(MinecraftGameProvider.java:514)
	at net.fabricmc.loader.impl.launch.knot.Knot.launch(Knot.java:72)
	at net.fabricmc.loader.impl.launch.knot.KnotClient.main(KnotClient.java:23)
	at net.fabricmc.devlaunchinjector.Main.main(Main.java:86)

-- System Details --
Details:
	Minecraft Version: 1.21.3
	Minecraft Version ID: 1.21.3
	Operating System: Windows 11 (amd64) version 10.0
	Java Version: 21.0.12.1, Eclipse Adoptium
	Java VM Version: OpenJDK 64-Bit Server VM (mixed mode, sharing), Eclipse Adoptium
	Memory: 208657440 bytes (198 MiB) / 419430400 bytes (400 MiB) up to 16970153984 bytes (16184 MiB)
	CPUs: 16
	Processor Vendor: AuthenticAMD
	Processor Name: AMD Ryzen 7 6800H with Radeon Graphics         
	Identifier: AuthenticAMD Family 25 Model 68 Stepping 1
	Microarchitecture: Zen 3
	Frequency (GHz): 3.19
	Number of physical packages: 1
	Number of physical CPUs: 8
	Number of logical CPUs: 16
	Graphics card #0 name: NVIDIA GeForce RTX 3060 Laptop GPU
	Graphics card #0 vendor: NVIDIA
	Graphics card #0 VRAM (MiB): 6144.00
	Graphics card #0 deviceId: VideoController1
	Graphics card #0 versionInfo: 32.0.15.8115
	Graphics card #1 name: AMD Radeon(TM) Graphics
	Graphics card #1 vendor: Advanced Micro Devices, Inc.
	Graphics card #1 VRAM (MiB): 512.00
	Graphics card #1 deviceId: VideoController2
	Graphics card #1 versionInfo: 30.0.14052.5
	Memory slot #0 capacity (MiB): 32768.00
	Memory slot #0 clockSpeed (GHz): 4.80
	Memory slot #0 type: Unknown
	Memory slot #1 capacity (MiB): 32768.00
	Memory slot #1 clockSpeed (GHz): 4.80
	Memory slot #1 type: Unknown
	Virtual memory max (MiB): 85189.02
	Virtual memory used (MiB): 34280.85
	Swap memory total (MiB): 20480.00
	Swap memory used (MiB): 280.87
	Space in storage for jna.tmpdir (MiB): <path not set>
	Space in storage for org.lwjgl.system.SharedLibraryExtractPath (MiB): <path not set>
	Space in storage for io.netty.native.workdir (MiB): <path not set>
	Space in storage for java.io.tmpdir (MiB): available: 108438.92, total: 487244.00
	Space in storage for workdir (MiB): available: 275351.19, total: 973695.00
	JVM Flags: 0 total; 
	Fabric Mods: 
		aibot: AIBot 0.0.1
		fabric-api: Fabric API 0.114.1+1.21.3
		fabric-api-base: Fabric API Base 0.4.50+119c825640
		fabric-api-lookup-api-v1: Fabric API Lookup API (v1) 1.6.81+fd37071f40
		fabric-biome-api-v1: Fabric Biome API (v1) 14.0.7+add2a48640
		fabric-block-api-v1: Fabric Block API (v1) 1.0.28+fd37071f40
		fabric-block-view-api-v2: Fabric BlockView API (v2) 1.0.16+fd37071f40
		fabric-blockrenderlayer-v1: Fabric BlockRenderLayer Registration (v1) 2.0.4+fd37071f40
		fabric-client-tags-api-v1: Fabric Client Tags 1.1.25+a730659c40
		fabric-command-api-v1: Fabric Command API (v1) 1.2.58+f71b366f40
		fabric-command-api-v2: Fabric Command API (v2) 2.2.37+c9d82ab240
		fabric-commands-v0: Fabric Commands (v0) 0.2.75+df3654b340
		fabric-content-registries-v0: Fabric Content Registries (v0) 9.1.8+fd37071f40
		fabric-convention-tags-v1: Fabric Convention Tags 2.1.4+7f945d5b40
		fabric-convention-tags-v2: Fabric Convention Tags (v2) 2.9.4+129f0c1f40
		fabric-crash-report-info-v1: Fabric Crash Report Info (v1) 0.3.3+fd37071f40
		fabric-data-attachment-api-v1: Fabric Data Attachment API (v1) 1.4.0+dbad41f140
		fabric-data-generation-api-v1: Fabric Data Generation API (v1) 21.1.2+a730659c40
		fabric-dimensions-v1: Fabric Dimensions API (v1) 4.0.7+fd37071f40
		fabric-entity-events-v1: Fabric Entity Events (v1) 2.0.8+825023f840
		fabric-events-interaction-v0: Fabric Events Interaction (v0) 2.0.12+c2c3ac4740
		fabric-game-rule-api-v1: Fabric Game Rule API (v1) 1.0.59+fd37071f40
		fabric-gametest-api-v1: Fabric Game Test API (v1) 2.0.15+fd37071f40
		fabric-item-api-v1: Fabric Item API (v1) 11.1.7+fd37071f40
		fabric-item-group-api-v1: Fabric Item Group API (v1) 4.1.17+fd37071f40
		fabric-key-binding-api-v1: Fabric Key Binding API (v1) 1.0.53+fd37071f40
		fabric-keybindings-v0: Fabric Key Bindings (v0) 0.2.51+df3654b340
		fabric-lifecycle-events-v1: Fabric Lifecycle Events (v1) 2.5.1+6da5ef6940
		fabric-loot-api-v2: Fabric Loot API (v2) 3.0.26+3f89f5a540
		fabric-loot-api-v3: Fabric Loot API (v3) 1.0.14+fd37071f40
		fabric-message-api-v1: Fabric Message API (v1) 6.0.22+5a9b22c640
		fabric-model-loading-api-v1: Fabric Model Loading API (v1) 3.0.9+fd37071f40
		fabric-networking-api-v1: Fabric Networking API (v1) 4.3.5+fd37071f40
		fabric-object-builder-api-v1: Fabric Object Builder API (v1) 17.0.9+fd37071f40
		fabric-particles-v1: Fabric Particles (v1) 4.0.10+fd37071f40
		fabric-recipe-api-v1: Fabric Recipe API (v1) 7.0.5+8ea69ff840
		fabric-registry-sync-v0: Fabric Registry Sync (v0) 5.4.1+3f3c499540
		fabric-renderer-api-v1: Fabric Renderer API (v1) 4.0.5+fd37071f40
		fabric-renderer-indigo: Fabric Renderer - Indigo 1.9.5+fd37071f40
		fabric-rendering-data-attachment-v1: Fabric Rendering Data Attachment (v1) 0.3.54+73761d2e40
		fabric-rendering-fluids-v1: Fabric Rendering Fluids (v1) 3.1.15+fd37071f40
		fabric-rendering-v0: Fabric Rendering (v0) 1.1.84+df3654b340
		fabric-rendering-v1: Fabric Rendering (v1) 8.0.8+6922831640
		fabric-resource-conditions-api-v1: Fabric Resource Conditions API (v1) 5.0.8+fd37071f40
		fabric-resource-loader-v0: Fabric Resource Loader (v0) 3.0.6+fd37071f40
		fabric-screen-api-v1: Fabric Screen API (v1) 2.0.34+fd37071f40
		fabric-screen-handler-api-v1: Fabric Screen Handler API (v1) 1.3.103+fd37071f40
		fabric-sound-api-v1: Fabric Sound API (v1) 1.0.29+fd37071f40
		fabric-tag-api-v1: Fabric Tag API (v1) 1.0.0+a730659c40
		fabric-transfer-api-v1: Fabric Transfer API (v1) 5.4.3+cb44d14340
		fabric-transitive-access-wideners-v1: Fabric Transitive Access Wideners (v1) 6.2.0+54a41b1c40
		fabricloader: Fabric Loader 0.18.4
		java: OpenJDK 64-Bit Server VM 21
		minecraft: Minecraft 1.21.3
		mixinextras: MixinExtras 0.5.0
	Launched Version: Fabric
	Backend library: LWJGL version 3.3.3-snapshot
	Backend API: NVIDIA GeForce RTX 3060 Laptop GPU/PCIe/SSE2 GL version 3.2.0 NVIDIA 581.15, NVIDIA Corporation
	Window size: <not initialized>
	GFLW Platform: win32
	GL Caps: Using framebuffer using OpenGL 3.2
	GL debug messages: 
	Is Modded: Definitely; Client brand changed to 'fabric'
	Universe: 404
	Type: Client (map_client.txt)
	Locale: zh_CN
	System encoding: GBK
	File encoding: UTF-8
	CPU: 16x AMD Ryzen 7 6800H with Radeon Graphics 
#@!@# Game crashed! Crash report saved to: #@!@# D:\code\mc-experiment\aibot\crash-reports\crash-2026-09-13_03.44.16-client.txt

=== real-client launch 2026-09-12T19:44:47Z ===
[34m[03:44:49][m [32m[main/INFO][m [36m(FabricLoader/GameProvider)[m [0mLoading Minecraft 1.21.3 with Fabric Loader 0.18.4
[m[34m[03:44:49][m [32m[main/INFO][m [36m(FabricLoader)[m [0mLoading 55 mods:
	- aibot 0.0.1
	- fabric-api 0.114.1+1.21.3
	- fabric-api-base 0.4.50+119c825640
	- fabric-api-lookup-api-v1 1.6.81+fd37071f40
	- fabric-biome-api-v1 14.0.7+add2a48640
	- fabric-block-api-v1 1.0.28+fd37071f40
	- fabric-block-view-api-v2 1.0.16+fd37071f40
	- fabric-blockrenderlayer-v1 2.0.4+fd37071f40
	- fabric-client-tags-api-v1 1.1.25+a730659c40
	- fabric-command-api-v1 1.2.58+f71b366f40
	- fabric-command-api-v2 2.2.37+c9d82ab240
	- fabric-commands-v0 0.2.75+df3654b340
	- fabric-content-registries-v0 9.1.8+fd37071f40
	- fabric-convention-tags-v1 2.1.4+7f945d5b40
	- fabric-convention-tags-v2 2.9.4+129f0c1f40
	- fabric-crash-report-info-v1 0.3.3+fd37071f40
	- fabric-data-attachment-api-v1 1.4.0+dbad41f140
	- fabric-data-generation-api-v1 21.1.2+a730659c40
	- fabric-dimensions-v1 4.0.7+fd37071f40
	- fabric-entity-events-v1 2.0.8+825023f840
	- fabric-events-interaction-v0 2.0.12+c2c3ac4740
	- fabric-game-rule-api-v1 1.0.59+fd37071f40
	- fabric-gametest-api-v1 2.0.15+fd37071f40
	- fabric-item-api-v1 11.1.7+fd37071f40
	- fabric-item-group-api-v1 4.1.17+fd37071f40
	- fabric-key-binding-api-v1 1.0.53+fd37071f40
	- fabric-keybindings-v0 0.2.51+df3654b340
	- fabric-lifecycle-events-v1 2.5.1+6da5ef6940
	- fabric-loot-api-v2 3.0.26+3f89f5a540
	- fabric-loot-api-v3 1.0.14+fd37071f40
	- fabric-message-api-v1 6.0.22+5a9b22c640
	- fabric-model-loading-api-v1 3.0.9+fd37071f40
	- fabric-networking-api-v1 4.3.5+fd37071f40
	- fabric-object-builder-api-v1 17.0.9+fd37071f40
	- fabric-particles-v1 4.0.10+fd37071f40
	- fabric-recipe-api-v1 7.0.5+8ea69ff840
	- fabric-registry-sync-v0 5.4.1+3f3c499540
	- fabric-renderer-api-v1 4.0.5+fd37071f40
	- fabric-renderer-indigo 1.9.5+fd37071f40
	- fabric-rendering-data-attachment-v1 0.3.54+73761d2e40
	- fabric-rendering-fluids-v1 3.1.15+fd37071f40
	- fabric-rendering-v0 1.1.84+df3654b340
	- fabric-rendering-v1 8.0.8+6922831640
	- fabric-resource-conditions-api-v1 5.0.8+fd37071f40
	- fabric-resource-loader-v0 3.0.6+fd37071f40
	- fabric-screen-api-v1 2.0.34+fd37071f40
	- fabric-screen-handler-api-v1 1.3.103+fd37071f40
	- fabric-sound-api-v1 1.0.29+fd37071f40
	- fabric-tag-api-v1 1.0.0+a730659c40
	- fabric-transfer-api-v1 5.4.3+cb44d14340
	- fabric-transitive-access-wideners-v1 6.2.0+54a41b1c40
	- fabricloader 0.18.4
	- java 21
	- minecraft 1.21.3
	- mixinextras 0.5.0
[m[34m[03:44:49][m [32m[main/INFO][m [36m(FabricLoader/Mixin)[m [0mSpongePowered MIXIN Subsystem Version=0.8.7 Source=file:/C:/Users/15027/.gradle/caches/modules-2/files-2.1/net.fabricmc/sponge-mixin/0.17.0+mixin.0.8.7/cf31463202f72d03b0ef1e1e38e8ee71b7faaab6/sponge-mixin-0.17.0+mixin.0.8.7.jar Service=Knot/Fabric Env=CLIENT
[m[34m[03:44:49][m [32m[main/INFO][m [36m(FabricLoader/Mixin)[m [0mLoaded Fabric development mappings for mixin remapper!
[m[34m[03:44:49][m [32m[main/INFO][m [36m(FabricLoader/Mixin)[m [0mCompatibility level set to JAVA_21
[m[34m[03:44:51][m [32m[main/INFO][m [36m(FabricLoader/MixinExtras|Service)[m [0mInitializing MixinExtras via com.llamalad7.mixinextras.service.MixinExtrasServiceImpl(version=0.5.0).
[m[34m[03:44:52][m [32m[Datafixer Bootstrap/INFO][m [36m(Minecraft)[m [0m237 Datafixer optimizations took 400 milliseconds
[m[34m[03:44:59][m [32m[Render thread/INFO][m [36m(Minecraft)[m [0mEnvironment: Environment[sessionHost=https://sessionserver.mojang.com, servicesHost=https://api.minecraftservices.com, name=PROD]
[m[34m[03:44:59][m [32m[Render thread/INFO][m [36m(Minecraft)[m [0mSetting user: Bob
[m[34m[03:45:00][m [32m[Render thread/INFO][m [36m(aibot)[m [0m[AIBot] CONFIG event=operating_profile_resolved bot=- {configured_manual_teleport=true, profile=strict_survival, source=FILE_OR_DEFAULT, configured_forced_pickup=true, configured_hidden_block_scan=true, configured_emergency_teleport=true, effective_capabilities=[]}
[m[34m[03:45:00][m [33m[Render thread/WARN][m [36m(aibot)[m [0m[AIBot] CONFIG event=deepseek_key_missing bot=- {}
[m[34m[03:45:00][m [32m[Render thread/INFO][m [36m(aibot)[m [0m[AIBot] LIFECYCLE event=mod_loaded bot=- {version=0.0.1}
[m[34m[03:45:00][m [32m[Render thread/INFO][m [36m(aibot)[m [0m[AIBot] CONFIG event=config_loaded bot=- {effective_capabilities=[], perception_radius=16, pickup_force_radius=2.75, profile=strict_survival, nav_lookahead=4, logging_enabled=true, configured_operator_capabilities=OperatorCapabilities[hiddenBlockScan=true, emergencyTeleport=true, forcedPickup=true, manualTeleport=true], deepseek_model=deepseek-v4-flash}
[m[34m[03:45:00][m [32m[Render thread/INFO][m [36m(aibot)[m [0m================================
[m[34m[03:45:00][m [32m[Render thread/INFO][m [36m(aibot)[m [0m  AIBot v0.0.1 loaded
[m[34m[03:45:00][m [32m[Render thread/INFO][m [36m(aibot)[m [0m  Mode: M6 structured logs over M5 tasks
[m[34m[03:45:00][m [32m[Render thread/INFO][m [36m(aibot)[m [0m================================
[m[34m[03:45:00][m [32m[Render thread/INFO][m [36m(Indigo)[m [0m[Indigo] Registering Indigo renderer!
[m[34m[03:45:01][m [32m[aibot-real-client-connector/INFO][m [36m(aibot)[m [0mAIBot real-client control connected body_id=bob session=bbe9d986-4792-4985-bc1a-7f54fc9f83b8
[m[34m[03:45:01][m [32m[Render thread/INFO][m [36m(aibot)[m [0mAIBot real-client runtime enabled body_id=bob player=Bob control=127.0.0.1:8766
[m[34m[03:45:01][m [32m[Render thread/INFO][m [36m(Minecraft)[m [0mBackend library: LWJGL version 3.3.3-snapshot
[m[34m[03:45:03][m [32m[Render thread/INFO][m [36m(Minecraft)[m [0mReloading ResourceManager: vanilla, fabric, aibot, fabric-api, fabric-api-base, fabric-api-lookup-api-v1, fabric-biome-api-v1, fabric-block-api-v1, fabric-block-view-api-v2, fabric-blockrenderlayer-v1, fabric-client-tags-api-v1, fabric-command-api-v1, fabric-command-api-v2, fabric-commands-v0, fabric-content-registries-v0, fabric-convention-tags-v1, fabric-convention-tags-v2, fabric-crash-report-info-v1, fabric-data-attachment-api-v1, fabric-data-generation-api-v1, fabric-dimensions-v1, fabric-entity-events-v1, fabric-events-interaction-v0, fabric-game-rule-api-v1, fabric-gametest-api-v1, fabric-item-api-v1, fabric-item-group-api-v1, fabric-key-binding-api-v1, fabric-keybindings-v0, fabric-lifecycle-events-v1, fabric-loot-api-v2, fabric-loot-api-v3, fabric-message-api-v1, fabric-model-loading-api-v1, fabric-networking-api-v1, fabric-object-builder-api-v1, fabric-particles-v1, fabric-recipe-api-v1, fabric-registry-sync-v0, fabric-renderer-api-v1, fabric-renderer-indigo, fabric-rendering-data-attachment-v1, fabric-rendering-fluids-v1, fabric-rendering-v0, fabric-rendering-v1, fabric-resource-conditions-api-v1, fabric-resource-loader-v0, fabric-screen-api-v1, fabric-screen-handler-api-v1, fabric-sound-api-v1, fabric-tag-api-v1, fabric-transfer-api-v1, fabric-transitive-access-wideners-v1, fabricloader
[m[34m[03:45:03][m [32m[Worker-Main-14/INFO][m [36m(Minecraft)[m [0mFound unifont_all_no_pua-15.1.05.hex, loading
[m[34m[03:45:03][m [32m[Worker-Main-9/INFO][m [36m(Minecraft)[m [0mFound unifont_jp_patch-15.1.05.hex, loading
[m---- Minecraft Crash Report ----
// Hi. I'm Minecraft, and I'm a crashaholic.

Time: 2026-09-13 03:45:04
Description: Initializing game

java.nio.file.InvalidPathException: Illegal char <:> at index 20: quickPlayMultiplayer:127.0.0.1:25599
	at java.base/sun.nio.fs.WindowsPathParser.normalize(WindowsPathParser.java:204)
	at java.base/sun.nio.fs.WindowsPathParser.parse(WindowsPathParser.java:175)
	at java.base/sun.nio.fs.WindowsPathParser.parse(WindowsPathParser.java:77)
	at java.base/sun.nio.fs.WindowsPath.parse(WindowsPath.java:92)
	at java.base/sun.nio.fs.WindowsFileSystem.getPath(WindowsFileSystem.java:231)
	at java.base/java.nio.file.Path.resolve(Path.java:516)
	at knot//net.minecraft.client.QuickPlayLogger.<init>(QuickPlayLogger.java:44)
	at knot//net.minecraft.client.QuickPlayLogger.create(QuickPlayLogger.java:51)
	at knot//net.minecraft.client.MinecraftClient.<init>(MinecraftClient.java:730)
	at knot//net.minecraft.client.main.Main.main(Main.java:248)
	at net.fabricmc.loader.impl.game.minecraft.MinecraftGameProvider.launch(MinecraftGameProvider.java:514)
	at net.fabricmc.loader.impl.launch.knot.Knot.launch(Knot.java:72)
	at net.fabricmc.loader.impl.launch.knot.KnotClient.main(KnotClient.java:23)
	at net.fabricmc.devlaunchinjector.Main.main(Main.java:86)


A detailed walkthrough of the error, its code path and all known details is as follows:
---------------------------------------------------------------------------------------

-- Head --
Thread: Render thread
Stacktrace:
	at java.base/sun.nio.fs.WindowsPathParser.normalize(WindowsPathParser.java:204)
	at java.base/sun.nio.fs.WindowsPathParser.parse(WindowsPathParser.java:175)
	at java.base/sun.nio.fs.WindowsPathParser.parse(WindowsPathParser.java:77)
	at java.base/sun.nio.fs.WindowsPath.parse(WindowsPath.java:92)
	at java.base/sun.nio.fs.WindowsFileSystem.getPath(WindowsFileSystem.java:231)
	at java.base/java.nio.file.Path.resolve(Path.java:516)
	at knot//net.minecraft.client.QuickPlayLogger.<init>(QuickPlayLogger.java:44)
	at knot//net.minecraft.client.QuickPlayLogger.create(QuickPlayLogger.java:51)
	at knot//net.minecraft.client.MinecraftClient.<init>(MinecraftClient.java:730)

-- Initialization --
Details:
	Modules: 
		ADVAPI32.dll:¸ß¼¶ Windows 32 »ù±¾ API:10.0.26100.8875 (WinBuild.160101.0800):Microsoft Corporation
		COMCTL32.dll:ÓÃ»§ÌåÑé¿Ø¼þ¿â:6.10 (WinBuild.160101.0800):Microsoft Corporation
		CRYPT32.dll:¼ÓÃÜ API32:10.0.26100.8875 (WinBuild.160101.0800):Microsoft Corporation
		CRYPTBASE.dll:Base cryptographic API DLL:10.0.26100.8875 (WinBuild.160101.0800):Microsoft Corporation
		CRYPTSP.dll:Cryptographic Service Provider API:10.0.26100.8875 (WinBuild.160101.0800):Microsoft Corporation
		CoreMessaging.dll:Microsoft CoreMessaging Dll:10.0.26100.8972 (WinBuild.160101.0800):Microsoft Corporation
		CoreUIComponents.dll:Microsoft Core UI Components Dll:10.0.26100.9168:Microsoft Corporation
		DBGHELP.DLL:Windows Image Helper:10.0.26100.8328 (WinBuild.160101.0800):Microsoft Corporation
		DEVOBJ.dll:Device Information Set DLL:10.0.26100.8972 (WinBuild.160101.0800):Microsoft Corporation
		DNSAPI.dll:DNS ¿Í»§¶Ë API DLL:10.0.26100.8972 (WinBuild.160101.0800):Microsoft Corporation
		DSPARSE.dll:Active Directory Domain Services API:10.0.26100.1 (WinBuild.160101.0800):Microsoft Corporation
		GDI32.dll:GDI Client DLL:10.0.26100.8328 (WinBuild.160101.0800):Microsoft Corporation
		GLU32.dll:OpenGL ÊµÓÃ¹¤¾ß¿â DLL:10.0.26100.8875 (WinBuild.160101.0800):Microsoft Corporation
		IMM32.DLL:Multi-User Windows IMM32 API Client DLL:10.0.26100.8521 (WinBuild.160101.0800):Microsoft Corporation
		IPHLPAPI.DLL:IP °ïÖú³ÌÐò API:10.0.26100.8875 (WinBuild.160101.0800):Microsoft Corporation
		KERNEL32.DLL:Windows NT »ù±¾ API ¿Í»§¶Ë DLL:10.0.26100.8972 (WinBuild.160101.0800):Microsoft Corporation
		KERNELBASE.dll:Windows NT »ù±¾ API ¿Í»§¶Ë DLL:10.0.26100.8972 (WinBuild.160101.0800):Microsoft Corporation
		MMDevApi.dll:MMDevice API:10.0.26100.8875 (WinBuild.160101.0800):Microsoft Corporation
		MSCTF.dll:MSCTF ·þÎñÆ÷ DLL:10.0.26100.8875 (WinBuild.160101.0800):Microsoft Corporation
		MpOav.dll:IOfficeAntiVirus Module:4.18.26080.3 (9e1f3147fbc83f18a98a965394a23e07747d7295):Microsoft Corporation
		NSI.dll:NSI User-mode interface DLL:10.0.26100.8875 (WinBuild.160101.0800):Microsoft Corporation
		NTASN1.dll:Microsoft ASN.1 API:10.0.26100.1 (WinBuild.160101.0800):Microsoft Corporation
		OLEAUT32.dll:OLEAUT32.DLL:10.0.26100.8972 (WinBuild.160101.0800):Microsoft Corporation
		Ole32.dll:ÓÃÓÚ Windows µÄ Microsoft OLE:10.0.26100.8875 (WinBuild.160101.0800):Microsoft Corporation
		OpenAL.dll:Main implementation library:1.23.1:
		POWRPROF.dll:µçÔ´ÅäÖÃÎÄ¼þ°ïÖú³ÌÐò DLL:10.0.26100.8875 (WinBuild.160101.0800):Microsoft Corporation
		PSAPI.DLL:Process Status Helper:10.0.26100.8521 (WinBuild.160101.0800):Microsoft Corporation
		Pdh.dll:Windows ÐÔÄÜÊý¾ÝÖúÊÖ DLL:10.0.26100.8875 (WinBuild.160101.0800):Microsoft Corporation
		RPCRT4.dll:Ô¶³Ì¹ý³Ìµ÷ÓÃÔËÐÐÊ±:10.0.26100.8875 (WinBuild.160101.0800):Microsoft Corporation
		SETUPAPI.dll:Windows °²×°³ÌÐò API:10.0.26100.8875 (WinBuild.160101.0800):Microsoft Corporation
		SHCORE.dll:SHCORE:10.0.26100.8875 (WinBuild.160101.0800):Microsoft Corporation
		SHELL32.dll:Windows Shell ¹«ÓÃ DLL:10.0.26100.8972 (WinBuild.160101.0800):Microsoft Corporation
		SspiCli.dll:Security Support Provider Interface:10.0.26100.8972 (WinBuild.160101.0800):Microsoft Corporation
		UMPDC.dll:User Mode Power Dependency Coordinator:10.0.26100.8972 (WinBuild.160101.0800):Microsoft Corporation
		USER32.dll:¶àÓÃ»§ Windows ÓÃ»§ API ¿Í»§¶Ë DLL:10.0.26100.8875 (WinBuild.160101.0800):Microsoft Corporation
		USERENV.dll:Userenv:10.0.26100.8875 (WinBuild.160101.0800):Microsoft Corporation
		VCRUNTIME140.dll:Microsoft? C Runtime Library:14.40.33810.0:Microsoft Corporation
		VERSION.dll:Version Checking and File Installation Libraries:10.0.26100.1150 (WinBuild.160101.0800):Microsoft Corporation
		WINHTTP.dll:Windows HTTP ·þÎñ:10.0.26100.8875 (WinBuild.160101.0800):Microsoft Corporation
		WINMM.dll:MCI API DLL:10.0.26100.8875 (WinBuild.160101.0800):Microsoft Corporation
		WINSTA.dll:Winstation Library:10.0.26100.8972 (WinBuild.160101.0800):Microsoft Corporation
		WINTRUST.dll:Microsoft Trust Verification APIs:10.0.26100.8972 (WinBuild.160101.0800):Microsoft Corporation
		WS2_32.dll:Windows Socket 2.0 32 Î» DLL:10.0.26100.8875 (WinBuild.160101.0800):Microsoft Corporation
		WTSAPI32.dll:Windows Remote Desktop Session Host Server SDK APIs:10.0.26100.8972 (WinBuild.160101.0800):Microsoft Corporation
		amsi.dll:Anti-Malware Scan Interface:10.0.26100.7309 (WinBuild.160101.0800):Microsoft Corporation
		bcrypt.dll:Windows ¼ÓÃÜ»ùÔª¿â:10.0.26100.8875 (WinBuild.160101.0800):Microsoft Corporation
		bcryptPrimitives.dll:Windows Cryptographic Primitives Library:10.0.26100.9168 (WinBuild.160101.0800):Microsoft Corporation
		cfgmgr32.dll:Configuration Manager DLL:10.0.26100.8972 (WinBuild.160101.0800):Microsoft Corporation
		clbcatq.dll:COM+ Configuration Catalog:2001.12.10941.16384 (WinBuild.160101.0800):Microsoft Corporation
		combase.dll:ÓÃÓÚ Windows µÄ Microsoft COM:10.0.26100.8875 (WinBuild.160101.0800):Microsoft Corporation
		cryptnet.dll:Crypto Network Related API:10.0.26100.8972 (WinBuild.160101.0800):Microsoft Corporation
		dbgcore.DLL:Windows Core Debugging Helpers:10.0.26100.8972 (WinBuild.160101.0800):Microsoft Corporation
		dinput8.dll:Microsoft DirectInput:10.0.26100.8875 (WinBuild.160101.0800):Microsoft Corporation
		drvstore.dll:Driver Store API:10.0.26100.8972 (WinBuild.160101.0800):Microsoft Corporation
		dwmapi.dll:Microsoft ×ÀÃæ´°¿Ú¹ÜÀíÆ÷ API:10.0.26100.8875 (WinBuild.160101.0800):Microsoft Corporation
		dxcore.dll:DXCore:10.0.26100.8972 (WinBuild.160101.0800):Microsoft Corporation
		extnet.dll:OpenJDK Platform binary:21.0.12.1:Eclipse Adoptium
		fastprox.dll:WMI Custom Marshaller:10.0.26100.8972 (WinBuild.160101.0800):Microsoft Corporation
		fwpuclnt.dll:FWP/IPsec ÓÃ»§Ä£Ê½ API:10.0.26100.8875 (WinBuild.160101.0800):Microsoft Corporation
		gdi32full.dll:GDI Client DLL:10.0.26100.9168 (WinBuild.160101.0800):Microsoft Corporation
		glfw.dll:GLFW 3.4.0 DLL:3.4.0:GLFW
		icm32.dll:Microsoft Color Management Module (CMM):10.0.26100.9168 (WinBuild.160101.0800):Microsoft Corporation
		imagehlp.dll:Windows NT Image Helper:10.0.26100.4202 (WinBuild.160101.0800):Microsoft Corporation
		inputhost.dll:InputHost:10.0.26100.8972 (WinBuild.160101.0800):Microsoft Corporation
		java.dll:OpenJDK Platform binary:21.0.12.1:Eclipse Adoptium
		java.exe:OpenJDK Platform binary:21.0.12.1:Eclipse Adoptium
		jemalloc.dll
		jimage.dll:OpenJDK Platform binary:21.0.12.1:Eclipse Adoptium
		jli.dll:OpenJDK Platform binary:21.0.12.1:Eclipse Adoptium
		jna5923981718576141282.dll:JNA native library:7.0.0:Java(TM) Native Access (JNA)
		jsvml.dll:OpenJDK Platform binary:21.0.12.1:Eclipse Adoptium
		jvm.dll:OpenJDK 64-Bit server VM:21.0.12.1:Eclipse Adoptium
		kernel.appcore.dll:AppModel API Host:10.0.26100.8737 (WinBuild.160101.0800):Microsoft Corporation
		lwjgl.dll
		lwjgl_opengl.dll
		lwjgl_stb.dll
		management.dll:OpenJDK Platform binary:21.0.12.1:Eclipse Adoptium
		management_ext.dll:OpenJDK Platform binary:21.0.12.1:Eclipse Adoptium
		msasn1.dll:ASN.1 Runtime APIs:10.0.26100.8875 (WinBuild.160101.0800):Microsoft Corporation
		mscms.dll:Microsoft ÑÕÉ«Æ¥ÅäÏµÍ³ DLL:10.0.26100.8875 (WinBuild.160101.0800):Microsoft Corporation
		msvcp140.dll:Microsoft? C Runtime Library:14.40.33810.0:Microsoft Corporation
		msvcp_win.dll:Microsoft? C Runtime Library:10.0.26100.8875 (WinBuild.160101.0800):Microsoft Corporation
		msvcrt.dll:Windows NT CRT DLL:7.0.26100.8875 (WinBuild.160101.0800):Microsoft Corporation
		mswsock.dll:Microsoft Windows Sockets 2.0 ·þÎñÌá¹©³ÌÐò:10.0.26100.8875 (WinBuild.160101.0800):Microsoft Corporation
		napinsp.dll:µç×ÓÓÊ¼þÃüÃûÌî³äÌá¹©³ÌÐò:10.0.26100.8875 (WinBuild.160101.0800):Microsoft Corporation
		ncrypt.dll:Windows NCrypt Â·ÓÉÆ÷:10.0.26100.8875 (WinBuild.160101.0800):Microsoft Corporation
		net.dll:OpenJDK Platform binary:21.0.12.1:Eclipse Adoptium
		nio.dll:OpenJDK Platform binary:21.0.12.1:Eclipse Adoptium
		nlansp_c.dll:NLA Namespace Service Provider DLL:10.0.26100.8972 (WinBuild.160101.0800):Microsoft Corporation
		ntdll.dll:NT ²ã DLL:10.0.26100.8972 (WinBuild.160101.0800):Microsoft Corporation
		ntmarta.dll:Windows NT MARTA Ìá¹©³ÌÐò:10.0.26100.8875 (WinBuild.160101.0800):Microsoft Corporation
		nvgpucomp64.dll:NVIDIA GPU Compiler Driver, Version 581.15 :32.0.15.8115:NVIDIA Corporation
		nvoglv64.dll:NVIDIA Compatible OpenGL ICD:32.0.15.8115:NVIDIA Corporation
		nvspcap64.dll:NVIDIA Game Proxy 8FileVersion  1:11.0.5.245  8Produc:NVIDIA Corporation  L$FileDescriptio
		opengl32.dll:OpenGL Client DLL:10.0.26100.8972 (WinBuild.160101.0800):Microsoft Corporation
		perfos.dll:Windows ÏµÍ³ÐÔÄÜ¶ÔÏó DLL:10.0.26100.8875 (WinBuild.160101.0800):Microsoft Corporation
		pfclient.dll:SysMain Client:10.0.26100.4202 (WinBuild.160101.0800):Microsoft Corporation
		profapi.dll:User Profile Basic API:10.0.26100.9168 (WinBuild.160101.0800):Microsoft Corporation
		rasadhlp.dll:Remote Access AutoDial Helper:10.0.26100.7920 (WinBuild.160101.0800):Microsoft Corporation
		rsaenh.dll:Microsoft Enhanced Cryptographic Provider:10.0.26100.1 (WinBuild.160101.0800):Microsoft Corporation
		sapi.dll:ÓïÒô API:5.3.31910.00 (WinBuild.160101.0800):Microsoft Corporation
		sechost.dll:Host for SCM/SDDL/LSA Lookup APIs:10.0.26100.1 (WinBuild.160101.0800):Microsoft Corporation
		shlwapi.dll:Íâ¿Ç¼òÒ×ÊµÓÃ¹¤¾ß¿â:10.0.26100.8875 (WinBuild.160101.0800):Microsoft Corporation
		sunmscapi.dll:OpenJDK Platform binary:21.0.12.1:Eclipse Adoptium
		textinputframework.dll:"TextInputFramework.DYNLINK":10.0.26100.8972 (WinBuild.160101.0800):Microsoft Corporation
		ucrtbase.dll:Microsoft? C Runtime Library:10.0.26100.8875 (WinBuild.160101.0800):Microsoft Corporation
		uxtheme.dll:Microsoft UxTheme ¿â:10.0.26100.8875 (WinBuild.160101.0800):Microsoft Corporation
		vcruntime140_1.dll:Microsoft? C Runtime Library:14.40.33810.0:Microsoft Corporation
		verify.dll:OpenJDK Platform binary:21.0.12.1:Eclipse Adoptium
		wbemcomn.dll:WMI:10.0.26100.7920 (WinBuild.160101.0800):Microsoft Corporation
		wbemprox.dll:WMI:10.0.26100.8972 (WinBuild.160101.0800):Microsoft Corporation
		wbemsvc.dll:WMI:10.0.26100.8972 (WinBuild.160101.0800):Microsoft Corporation
		win32u.dll:Win32u:10.0.26100.9168 (WinBuild.160101.0800):Microsoft Corporation
		windows.staterepositorycore.dll:Windows StateRepository API Core:10.0.26100.8972 (WinBuild.160101.0800):Microsoft Corporation
		windows.storage.dll:Microsoft WinRT Storage API:10.0.26100.8972 (WinBuild.160101.0800):Microsoft Corporation
		winrnr.dll:LDAP RnR Provider DLL:10.0.26100.8737 (WinBuild.160101.0800):Microsoft Corporation
		wintypes.dll:Windows »ù±¾ÀàÐÍ DLL:10.0.26100.8875 (WinBuild.160101.0800):Microsoft Corporation
		wldp.dll:Windows Ëø¶¨²ßÂÔ:10.0.26100.8875 (WinBuild.160101.0800):Microsoft Corporation
		wshbth.dll:Windows Sockets Helper DLL:10.0.26100.8875 (WinBuild.160101.0800):Microsoft Corporation
		wshunix.dll:AF_UNIX Winsock2 Helper DLL:10.0.26100.1 (WinBuild.160101.0800):Microsoft Corporation
		xinput1_4.dll:Microsoft ¹«¹²¿ØÖÆÆ÷ API:10.0.26100.8875 (WinBuild.160101.0800):Microsoft Corporation
		zip.dll:OpenJDK Platform binary:21.0.12.1:Eclipse Adoptium
Stacktrace:
	at knot//net.minecraft.client.main.Main.main(Main.java:248)
	at net.fabricmc.loader.impl.game.minecraft.MinecraftGameProvider.launch(MinecraftGameProvider.java:514)
	at net.fabricmc.loader.impl.launch.knot.Knot.launch(Knot.java:72)
	at net.fabricmc.loader.impl.launch.knot.KnotClient.main(KnotClient.java:23)
	at net.fabricmc.devlaunchinjector.Main.main(Main.java:86)

-- System Details --
Details:
	Minecraft Version: 1.21.3
	Minecraft Version ID: 1.21.3
	Operating System: Windows 11 (amd64) version 10.0
	Java Version: 21.0.12.1, Eclipse Adoptium
	Java VM Version: OpenJDK 64-Bit Server VM (mixed mode, sharing), Eclipse Adoptium
	Memory: 214212624 bytes (204 MiB) / 427819008 bytes (408 MiB) up to 16970153984 bytes (16184 MiB)
	CPUs: 16
	Processor Vendor: AuthenticAMD
	Processor Name: AMD Ryzen 7 6800H with Radeon Graphics         
	Identifier: AuthenticAMD Family 25 Model 68 Stepping 1
	Microarchitecture: Zen 3
	Frequency (GHz): 3.19
	Number of physical packages: 1
	Number of physical CPUs: 8
	Number of logical CPUs: 16
	Graphics card #0 name: NVIDIA GeForce RTX 3060 Laptop GPU
	Graphics card #0 vendor: NVIDIA
	Graphics card #0 VRAM (MiB): 6144.00
	Graphics card #0 deviceId: VideoController1
	Graphics card #0 versionInfo: 32.0.15.8115
	Graphics card #1 name: AMD Radeon(TM) Graphics
	Graphics card #1 vendor: Advanced Micro Devices, Inc.
	Graphics card #1 VRAM (MiB): 512.00
	Graphics card #1 deviceId: VideoController2
	Graphics card #1 versionInfo: 30.0.14052.5
	Memory slot #0 capacity (MiB): 32768.00
	Memory slot #0 clockSpeed (GHz): 4.80
	Memory slot #0 type: Unknown
	Memory slot #1 capacity (MiB): 32768.00
	Memory slot #1 clockSpeed (GHz): 4.80
	Memory slot #1 type: Unknown
	Virtual memory max (MiB): 85189.02
	Virtual memory used (MiB): 34266.82
	Swap memory total (MiB): 20480.00
	Swap memory used (MiB): 280.87
	Space in storage for jna.tmpdir (MiB): <path not set>
	Space in storage for org.lwjgl.system.SharedLibraryExtractPath (MiB): <path not set>
	Space in storage for io.netty.native.workdir (MiB): <path not set>
	Space in storage for java.io.tmpdir (MiB): available: 108438.59, total: 487244.00
	Space in storage for workdir (MiB): available: 275351.06, total: 973695.00
	JVM Flags: 0 total; 
	Fabric Mods: 
		aibot: AIBot 0.0.1
		fabric-api: Fabric API 0.114.1+1.21.3
		fabric-api-base: Fabric API Base 0.4.50+119c825640
		fabric-api-lookup-api-v1: Fabric API Lookup API (v1) 1.6.81+fd37071f40
		fabric-biome-api-v1: Fabric Biome API (v1) 14.0.7+add2a48640
		fabric-block-api-v1: Fabric Block API (v1) 1.0.28+fd37071f40
		fabric-block-view-api-v2: Fabric BlockView API (v2) 1.0.16+fd37071f40
		fabric-blockrenderlayer-v1: Fabric BlockRenderLayer Registration (v1) 2.0.4+fd37071f40
		fabric-client-tags-api-v1: Fabric Client Tags 1.1.25+a730659c40
		fabric-command-api-v1: Fabric Command API (v1) 1.2.58+f71b366f40
		fabric-command-api-v2: Fabric Command API (v2) 2.2.37+c9d82ab240
		fabric-commands-v0: Fabric Commands (v0) 0.2.75+df3654b340
		fabric-content-registries-v0: Fabric Content Registries (v0) 9.1.8+fd37071f40
		fabric-convention-tags-v1: Fabric Convention Tags 2.1.4+7f945d5b40
		fabric-convention-tags-v2: Fabric Convention Tags (v2) 2.9.4+129f0c1f40
		fabric-crash-report-info-v1: Fabric Crash Report Info (v1) 0.3.3+fd37071f40
		fabric-data-attachment-api-v1: Fabric Data Attachment API (v1) 1.4.0+dbad41f140
		fabric-data-generation-api-v1: Fabric Data Generation API (v1) 21.1.2+a730659c40
		fabric-dimensions-v1: Fabric Dimensions API (v1) 4.0.7+fd37071f40
		fabric-entity-events-v1: Fabric Entity Events (v1) 2.0.8+825023f840
		fabric-events-interaction-v0: Fabric Events Interaction (v0) 2.0.12+c2c3ac4740
		fabric-game-rule-api-v1: Fabric Game Rule API (v1) 1.0.59+fd37071f40
		fabric-gametest-api-v1: Fabric Game Test API (v1) 2.0.15+fd37071f40
		fabric-item-api-v1: Fabric Item API (v1) 11.1.7+fd37071f40
		fabric-item-group-api-v1: Fabric Item Group API (v1) 4.1.17+fd37071f40
		fabric-key-binding-api-v1: Fabric Key Binding API (v1) 1.0.53+fd37071f40
		fabric-keybindings-v0: Fabric Key Bindings (v0) 0.2.51+df3654b340
		fabric-lifecycle-events-v1: Fabric Lifecycle Events (v1) 2.5.1+6da5ef6940
		fabric-loot-api-v2: Fabric Loot API (v2) 3.0.26+3f89f5a540
		fabric-loot-api-v3: Fabric Loot API (v3) 1.0.14+fd37071f40
		fabric-message-api-v1: Fabric Message API (v1) 6.0.22+5a9b22c640
		fabric-model-loading-api-v1: Fabric Model Loading API (v1) 3.0.9+fd37071f40
		fabric-networking-api-v1: Fabric Networking API (v1) 4.3.5+fd37071f40
		fabric-object-builder-api-v1: Fabric Object Builder API (v1) 17.0.9+fd37071f40
		fabric-particles-v1: Fabric Particles (v1) 4.0.10+fd37071f40
		fabric-recipe-api-v1: Fabric Recipe API (v1) 7.0.5+8ea69ff840
		fabric-registry-sync-v0: Fabric Registry Sync (v0) 5.4.1+3f3c499540
		fabric-renderer-api-v1: Fabric Renderer API (v1) 4.0.5+fd37071f40
		fabric-renderer-indigo: Fabric Renderer - Indigo 1.9.5+fd37071f40
		fabric-rendering-data-attachment-v1: Fabric Rendering Data Attachment (v1) 0.3.54+73761d2e40
		fabric-rendering-fluids-v1: Fabric Rendering Fluids (v1) 3.1.15+fd37071f40
		fabric-rendering-v0: Fabric Rendering (v0) 1.1.84+df3654b340
		fabric-rendering-v1: Fabric Rendering (v1) 8.0.8+6922831640
		fabric-resource-conditions-api-v1: Fabric Resource Conditions API (v1) 5.0.8+fd37071f40
		fabric-resource-loader-v0: Fabric Resource Loader (v0) 3.0.6+fd37071f40
		fabric-screen-api-v1: Fabric Screen API (v1) 2.0.34+fd37071f40
		fabric-screen-handler-api-v1: Fabric Screen Handler API (v1) 1.3.103+fd37071f40
		fabric-sound-api-v1: Fabric Sound API (v1) 1.0.29+fd37071f40
		fabric-tag-api-v1: Fabric Tag API (v1) 1.0.0+a730659c40
		fabric-transfer-api-v1: Fabric Transfer API (v1) 5.4.3+cb44d14340
		fabric-transitive-access-wideners-v1: Fabric Transitive Access Wideners (v1) 6.2.0+54a41b1c40
		fabricloader: Fabric Loader 0.18.4
		java: OpenJDK 64-Bit Server VM 21
		minecraft: Minecraft 1.21.3
		mixinextras: MixinExtras 0.5.0
	Launched Version: Fabric
	Backend library: LWJGL version 3.3.3-snapshot
	Backend API: NVIDIA GeForce RTX 3060 Laptop GPU/PCIe/SSE2 GL version 3.2.0 NVIDIA 581.15, NVIDIA Corporation
	Window size: <not initialized>
	GFLW Platform: win32
	GL Caps: Using framebuffer using OpenGL 3.2
	GL debug messages: 
	Is Modded: Definitely; Client brand changed to 'fabric'
	Universe: 404
	Type: Client (map_client.txt)
	Locale: zh_CN
	System encoding: GBK
	File encoding: UTF-8
	CPU: 16x AMD Ryzen 7 6800H with Radeon Graphics 
#@!@# Game crashed! Crash report saved to: #@!@# D:\code\mc-experiment\aibot\crash-reports\crash-2026-09-13_03.45.04-client.txt

=== real-client launch 2026-09-12T19:45:34Z ===
[34m[03:45:36][m [32m[main/INFO][m [36m(FabricLoader/GameProvider)[m [0mLoading Minecraft 1.21.3 with Fabric Loader 0.18.4
[m[34m[03:45:36][m [32m[main/INFO][m [36m(FabricLoader)[m [0mLoading 55 mods:
	- aibot 0.0.1
	- fabric-api 0.114.1+1.21.3
	- fabric-api-base 0.4.50+119c825640
	- fabric-api-lookup-api-v1 1.6.81+fd37071f40
	- fabric-biome-api-v1 14.0.7+add2a48640
	- fabric-block-api-v1 1.0.28+fd37071f40
	- fabric-block-view-api-v2 1.0.16+fd37071f40
	- fabric-blockrenderlayer-v1 2.0.4+fd37071f40
	- fabric-client-tags-api-v1 1.1.25+a730659c40
	- fabric-command-api-v1 1.2.58+f71b366f40
	- fabric-command-api-v2 2.2.37+c9d82ab240
	- fabric-commands-v0 0.2.75+df3654b340
	- fabric-content-registries-v0 9.1.8+fd37071f40
	- fabric-convention-tags-v1 2.1.4+7f945d5b40
	- fabric-convention-tags-v2 2.9.4+129f0c1f40
	- fabric-crash-report-info-v1 0.3.3+fd37071f40
	- fabric-data-attachment-api-v1 1.4.0+dbad41f140
	- fabric-data-generation-api-v1 21.1.2+a730659c40
	- fabric-dimensions-v1 4.0.7+fd37071f40
	- fabric-entity-events-v1 2.0.8+825023f840
	- fabric-events-interaction-v0 2.0.12+c2c3ac4740
	- fabric-game-rule-api-v1 1.0.59+fd37071f40
	- fabric-gametest-api-v1 2.0.15+fd37071f40
	- fabric-item-api-v1 11.1.7+fd37071f40
	- fabric-item-group-api-v1 4.1.17+fd37071f40
	- fabric-key-binding-api-v1 1.0.53+fd37071f40
	- fabric-keybindings-v0 0.2.51+df3654b340
	- fabric-lifecycle-events-v1 2.5.1+6da5ef6940
	- fabric-loot-api-v2 3.0.26+3f89f5a540
	- fabric-loot-api-v3 1.0.14+fd37071f40
	- fabric-message-api-v1 6.0.22+5a9b22c640
	- fabric-model-loading-api-v1 3.0.9+fd37071f40
	- fabric-networking-api-v1 4.3.5+fd37071f40
	- fabric-object-builder-api-v1 17.0.9+fd37071f40
	- fabric-particles-v1 4.0.10+fd37071f40
	- fabric-recipe-api-v1 7.0.5+8ea69ff840
	- fabric-registry-sync-v0 5.4.1+3f3c499540
	- fabric-renderer-api-v1 4.0.5+fd37071f40
	- fabric-renderer-indigo 1.9.5+fd37071f40
	- fabric-rendering-data-attachment-v1 0.3.54+73761d2e40
	- fabric-rendering-fluids-v1 3.1.15+fd37071f40
	- fabric-rendering-v0 1.1.84+df3654b340
	- fabric-rendering-v1 8.0.8+6922831640
	- fabric-resource-conditions-api-v1 5.0.8+fd37071f40
	- fabric-resource-loader-v0 3.0.6+fd37071f40
	- fabric-screen-api-v1 2.0.34+fd37071f40
	- fabric-screen-handler-api-v1 1.3.103+fd37071f40
	- fabric-sound-api-v1 1.0.29+fd37071f40
	- fabric-tag-api-v1 1.0.0+a730659c40
	- fabric-transfer-api-v1 5.4.3+cb44d14340
	- fabric-transitive-access-wideners-v1 6.2.0+54a41b1c40
	- fabricloader 0.18.4
	- java 21
	- minecraft 1.21.3
	- mixinextras 0.5.0
[m[34m[03:45:36][m [32m[main/INFO][m [36m(FabricLoader/Mixin)[m [0mSpongePowered MIXIN Subsystem Version=0.8.7 Source=file:/C:/Users/15027/.gradle/caches/modules-2/files-2.1/net.fabricmc/sponge-mixin/0.17.0+mixin.0.8.7/cf31463202f72d03b0ef1e1e38e8ee71b7faaab6/sponge-mixin-0.17.0+mixin.0.8.7.jar Service=Knot/Fabric Env=CLIENT
[m[34m[03:45:37][m [32m[main/INFO][m [36m(FabricLoader/Mixin)[m [0mLoaded Fabric development mappings for mixin remapper!
[m[34m[03:45:37][m [32m[main/INFO][m [36m(FabricLoader/Mixin)[m [0mCompatibility level set to JAVA_21
[m[34m[03:45:38][m [32m[main/INFO][m [36m(FabricLoader/MixinExtras|Service)[m [0mInitializing MixinExtras via com.llamalad7.mixinextras.service.MixinExtrasServiceImpl(version=0.5.0).
[m[34m[03:45:39][m [32m[Datafixer Bootstrap/INFO][m [36m(Minecraft)[m [0m237 Datafixer optimizations took 351 milliseconds
[m[34m[03:45:47][m [32m[Render thread/INFO][m [36m(Minecraft)[m [0mEnvironment: Environment[sessionHost=https://sessionserver.mojang.com, servicesHost=https://api.minecraftservices.com, name=PROD]
[m[34m[03:45:47][m [32m[Render thread/INFO][m [36m(Minecraft)[m [0mSetting user: Bob
[m[34m[03:45:47][m [32m[Render thread/INFO][m [36m(aibot)[m [0m[AIBot] CONFIG event=operating_profile_resolved bot=- {effective_capabilities=[], configured_emergency_teleport=true, configured_hidden_block_scan=true, configured_forced_pickup=true, source=FILE_OR_DEFAULT, profile=strict_survival, configured_manual_teleport=true}
[m[34m[03:45:47][m [33m[Render thread/WARN][m [36m(aibot)[m [0m[AIBot] CONFIG event=deepseek_key_missing bot=- {}
[m[34m[03:45:47][m [32m[Render thread/INFO][m [36m(aibot)[m [0m[AIBot] LIFECYCLE event=mod_loaded bot=- {version=0.0.1}
[m[34m[03:45:47][m [32m[Render thread/INFO][m [36m(aibot)[m [0m[AIBot] CONFIG event=config_loaded bot=- {deepseek_model=deepseek-v4-flash, configured_operator_capabilities=OperatorCapabilities[hiddenBlockScan=true, emergencyTeleport=true, forcedPickup=true, manualTeleport=true], logging_enabled=true, nav_lookahead=4, profile=strict_survival, pickup_force_radius=2.75, perception_radius=16, effective_capabilities=[]}
[m[34m[03:45:47][m [32m[Render thread/INFO][m [36m(aibot)[m [0m================================
[m[34m[03:45:47][m [32m[Render thread/INFO][m [36m(aibot)[m [0m  AIBot v0.0.1 loaded
[m[34m[03:45:47][m [32m[Render thread/INFO][m [36m(aibot)[m [0m  Mode: M6 structured logs over M5 tasks
[m[34m[03:45:47][m [32m[Render thread/INFO][m [36m(aibot)[m [0m================================
[m[34m[03:45:48][m [32m[Render thread/INFO][m [36m(Indigo)[m [0m[Indigo] Registering Indigo renderer!
[m[34m[03:45:48][m [32m[aibot-real-client-connector/INFO][m [36m(aibot)[m [0mAIBot real-client control connected body_id=bob session=92346831-fd87-4ff7-893a-f3b3818d1888
[m[34m[03:45:48][m [32m[Render thread/INFO][m [36m(aibot)[m [0mAIBot real-client runtime enabled body_id=bob player=Bob control=127.0.0.1:8766
[m[34m[03:45:48][m [32m[Render thread/INFO][m [36m(Minecraft)[m [0mBackend library: LWJGL version 3.3.3-snapshot
[m[34m[03:45:50][m [32m[Render thread/INFO][m [36m(Minecraft)[m [0mReloading ResourceManager: vanilla, fabric, aibot, fabric-api, fabric-api-base, fabric-api-lookup-api-v1, fabric-biome-api-v1, fabric-block-api-v1, fabric-block-view-api-v2, fabric-blockrenderlayer-v1, fabric-client-tags-api-v1, fabric-command-api-v1, fabric-command-api-v2, fabric-commands-v0, fabric-content-registries-v0, fabric-convention-tags-v1, fabric-convention-tags-v2, fabric-crash-report-info-v1, fabric-data-attachment-api-v1, fabric-data-generation-api-v1, fabric-dimensions-v1, fabric-entity-events-v1, fabric-events-interaction-v0, fabric-game-rule-api-v1, fabric-gametest-api-v1, fabric-item-api-v1, fabric-item-group-api-v1, fabric-key-binding-api-v1, fabric-keybindings-v0, fabric-lifecycle-events-v1, fabric-loot-api-v2, fabric-loot-api-v3, fabric-message-api-v1, fabric-model-loading-api-v1, fabric-networking-api-v1, fabric-object-builder-api-v1, fabric-particles-v1, fabric-recipe-api-v1, fabric-registry-sync-v0, fabric-renderer-api-v1, fabric-renderer-indigo, fabric-rendering-data-attachment-v1, fabric-rendering-fluids-v1, fabric-rendering-v0, fabric-rendering-v1, fabric-resource-conditions-api-v1, fabric-resource-loader-v0, fabric-screen-api-v1, fabric-screen-handler-api-v1, fabric-sound-api-v1, fabric-tag-api-v1, fabric-transfer-api-v1, fabric-transitive-access-wideners-v1, fabricloader
[m[34m[03:45:50][m [32m[Worker-Main-11/INFO][m [36m(Minecraft)[m [0mFound unifont_all_no_pua-15.1.05.hex, loading
[m[34m[03:45:50][m [32m[Worker-Main-3/INFO][m [36m(Minecraft)[m [0mFound unifont_jp_patch-15.1.05.hex, loading
[m---- Minecraft Crash Report ----
// I let you down. Sorry :(

Time: 2026-09-13 03:45:51
Description: Initializing game

java.nio.file.InvalidPathException: Illegal char <:> at index 20: quickPlayMultiplayer:127.0.0.1:25599
	at java.base/sun.nio.fs.WindowsPathParser.normalize(WindowsPathParser.java:204)
	at java.base/sun.nio.fs.WindowsPathParser.parse(WindowsPathParser.java:175)
	at java.base/sun.nio.fs.WindowsPathParser.parse(WindowsPathParser.java:77)
	at java.base/sun.nio.fs.WindowsPath.parse(WindowsPath.java:92)
	at java.base/sun.nio.fs.WindowsFileSystem.getPath(WindowsFileSystem.java:231)
	at java.base/java.nio.file.Path.resolve(Path.java:516)
	at knot//net.minecraft.client.QuickPlayLogger.<init>(QuickPlayLogger.java:44)
	at knot//net.minecraft.client.QuickPlayLogger.create(QuickPlayLogger.java:51)
	at knot//net.minecraft.client.MinecraftClient.<init>(MinecraftClient.java:730)
	at knot//net.minecraft.client.main.Main.main(Main.java:248)
	at net.fabricmc.loader.impl.game.minecraft.MinecraftGameProvider.launch(MinecraftGameProvider.java:514)
	at net.fabricmc.loader.impl.launch.knot.Knot.launch(Knot.java:72)
	at net.fabricmc.loader.impl.launch.knot.KnotClient.main(KnotClient.java:23)
	at net.fabricmc.devlaunchinjector.Main.main(Main.java:86)


A detailed walkthrough of the error, its code path and all known details is as follows:
---------------------------------------------------------------------------------------

-- Head --
Thread: Render thread
Stacktrace:
	at java.base/sun.nio.fs.WindowsPathParser.normalize(WindowsPathParser.java:204)
	at java.base/sun.nio.fs.WindowsPathParser.parse(WindowsPathParser.java:175)
	at java.base/sun.nio.fs.WindowsPathParser.parse(WindowsPathParser.java:77)
	at java.base/sun.nio.fs.WindowsPath.parse(WindowsPath.java:92)
	at java.base/sun.nio.fs.WindowsFileSystem.getPath(WindowsFileSystem.java:231)
	at java.base/java.nio.file.Path.resolve(Path.java:516)
	at knot//net.minecraft.client.QuickPlayLogger.<init>(QuickPlayLogger.java:44)
	at knot//net.minecraft.client.QuickPlayLogger.create(QuickPlayLogger.java:51)
	at knot//net.minecraft.client.MinecraftClient.<init>(MinecraftClient.java:730)

-- Initialization --
Details:
	Modules: 
		ADVAPI32.dll:¸ß¼¶ Windows 32 »ù±¾ API:10.0.26100.8875 (WinBuild.160101.0800):Microsoft Corporation
		COMCTL32.dll:ÓÃ»§ÌåÑé¿Ø¼þ¿â:6.10 (WinBuild.160101.0800):Microsoft Corporation
		CRYPT32.dll:¼ÓÃÜ API32:10.0.26100.8875 (WinBuild.160101.0800):Microsoft Corporation
		CRYPTBASE.dll:Base cryptographic API DLL:10.0.26100.8875 (WinBuild.160101.0800):Microsoft Corporation
		CRYPTSP.dll:Cryptographic Service Provider API:10.0.26100.8875 (WinBuild.160101.0800):Microsoft Corporation
		CoreMessaging.dll:Microsoft CoreMessaging Dll:10.0.26100.8972 (WinBuild.160101.0800):Microsoft Corporation
		CoreUIComponents.dll:Microsoft Core UI Components Dll:10.0.26100.9168:Microsoft Corporation
		DBGHELP.DLL:Windows Image Helper:10.0.26100.8328 (WinBuild.160101.0800):Microsoft Corporation
		DEVOBJ.dll:Device Information Set DLL:10.0.26100.8972 (WinBuild.160101.0800):Microsoft Corporation
		DNSAPI.dll:DNS ¿Í»§¶Ë API DLL:10.0.26100.8972 (WinBuild.160101.0800):Microsoft Corporation
		DSPARSE.dll:Active Directory Domain Services API:10.0.26100.1 (WinBuild.160101.0800):Microsoft Corporation
		GDI32.dll:GDI Client DLL:10.0.26100.8328 (WinBuild.160101.0800):Microsoft Corporation
		GLU32.dll:OpenGL ÊµÓÃ¹¤¾ß¿â DLL:10.0.26100.8875 (WinBuild.160101.0800):Microsoft Corporation
		IMM32.DLL:Multi-User Windows IMM32 API Client DLL:10.0.26100.8521 (WinBuild.160101.0800):Microsoft Corporation
		IPHLPAPI.DLL:IP °ïÖú³ÌÐò API:10.0.26100.8875 (WinBuild.160101.0800):Microsoft Corporation
		KERNEL32.DLL:Windows NT »ù±¾ API ¿Í»§¶Ë DLL:10.0.26100.8972 (WinBuild.160101.0800):Microsoft Corporation
		KERNELBASE.dll:Windows NT »ù±¾ API ¿Í»§¶Ë DLL:10.0.26100.8972 (WinBuild.160101.0800):Microsoft Corporation
		MMDevApi.dll:MMDevice API:10.0.26100.8875 (WinBuild.160101.0800):Microsoft Corporation
		MSCTF.dll:MSCTF ·þÎñÆ÷ DLL:10.0.26100.8875 (WinBuild.160101.0800):Microsoft Corporation
		MpOav.dll:IOfficeAntiVirus Module:4.18.26080.3 (9e1f3147fbc83f18a98a965394a23e07747d7295):Microsoft Corporation
		NSI.dll:NSI User-mode interface DLL:10.0.26100.8875 (WinBuild.160101.0800):Microsoft Corporation
		NTASN1.dll:Microsoft ASN.1 API:10.0.26100.1 (WinBuild.160101.0800):Microsoft Corporation
		OLEAUT32.dll:OLEAUT32.DLL:10.0.26100.8972 (WinBuild.160101.0800):Microsoft Corporation
		Ole32.dll:ÓÃÓÚ Windows µÄ Microsoft OLE:10.0.26100.8875 (WinBuild.160101.0800):Microsoft Corporation
		OpenAL.dll:Main implementation library:1.23.1:
		POWRPROF.dll:µçÔ´ÅäÖÃÎÄ¼þ°ïÖú³ÌÐò DLL:10.0.26100.8875 (WinBuild.160101.0800):Microsoft Corporation
		PSAPI.DLL:Process Status Helper:10.0.26100.8521 (WinBuild.160101.0800):Microsoft Corporation
		Pdh.dll:Windows ÐÔÄÜÊý¾ÝÖúÊÖ DLL:10.0.26100.8875 (WinBuild.160101.0800):Microsoft Corporation
		RPCRT4.dll:Ô¶³Ì¹ý³Ìµ÷ÓÃÔËÐÐÊ±:10.0.26100.8875 (WinBuild.160101.0800):Microsoft Corporation
		SETUPAPI.dll:Windows °²×°³ÌÐò API:10.0.26100.8875 (WinBuild.160101.0800):Microsoft Corporation
		SHCORE.dll:SHCORE:10.0.26100.8875 (WinBuild.160101.0800):Microsoft Corporation
		SHELL32.dll:Windows Shell ¹«ÓÃ DLL:10.0.26100.8972 (WinBuild.160101.0800):Microsoft Corporation
		SspiCli.dll:Security Support Provider Interface:10.0.26100.8972 (WinBuild.160101.0800):Microsoft Corporation
		UMPDC.dll:User Mode Power Dependency Coordinator:10.0.26100.8972 (WinBuild.160101.0800):Microsoft Corporation
		USER32.dll:¶àÓÃ»§ Windows ÓÃ»§ API ¿Í»§¶Ë DLL:10.0.26100.8875 (WinBuild.160101.0800):Microsoft Corporation
		USERENV.dll:Userenv:10.0.26100.8875 (WinBuild.160101.0800):Microsoft Corporation
		VCRUNTIME140.dll:Microsoft? C Runtime Library:14.40.33810.0:Microsoft Corporation
		VERSION.dll:Version Checking and File Installation Libraries:10.0.26100.1150 (WinBuild.160101.0800):Microsoft Corporation
		WINHTTP.dll:Windows HTTP ·þÎñ:10.0.26100.8875 (WinBuild.160101.0800):Microsoft Corporation
		WINMM.dll:MCI API DLL:10.0.26100.8875 (WinBuild.160101.0800):Microsoft Corporation
		WINSTA.dll:Winstation Library:10.0.26100.8972 (WinBuild.160101.0800):Microsoft Corporation
		WINTRUST.dll:Microsoft Trust Verification APIs:10.0.26100.8972 (WinBuild.160101.0800):Microsoft Corporation
		WS2_32.dll:Windows Socket 2.0 32 Î» DLL:10.0.26100.8875 (WinBuild.160101.0800):Microsoft Corporation
		WTSAPI32.dll:Windows Remote Desktop Session Host Server SDK APIs:10.0.26100.8972 (WinBuild.160101.0800):Microsoft Corporation
		amsi.dll:Anti-Malware Scan Interface:10.0.26100.7309 (WinBuild.160101.0800):Microsoft Corporation
		bcrypt.dll:Windows ¼ÓÃÜ»ùÔª¿â:10.0.26100.8875 (WinBuild.160101.0800):Microsoft Corporation
		bcryptPrimitives.dll:Windows Cryptographic Primitives Library:10.0.26100.9168 (WinBuild.160101.0800):Microsoft Corporation
		cfgmgr32.dll:Configuration Manager DLL:10.0.26100.8972 (WinBuild.160101.0800):Microsoft Corporation
		clbcatq.dll:COM+ Configuration Catalog:2001.12.10941.16384 (WinBuild.160101.0800):Microsoft Corporation
		combase.dll:ÓÃÓÚ Windows µÄ Microsoft COM:10.0.26100.8875 (WinBuild.160101.0800):Microsoft Corporation
		cryptnet.dll:Crypto Network Related API:10.0.26100.8972 (WinBuild.160101.0800):Microsoft Corporation
		dbgcore.DLL:Windows Core Debugging Helpers:10.0.26100.8972 (WinBuild.160101.0800):Microsoft Corporation
		dinput8.dll:Microsoft DirectInput:10.0.26100.8875 (WinBuild.160101.0800):Microsoft Corporation
		drvstore.dll:Driver Store API:10.0.26100.8972 (WinBuild.160101.0800):Microsoft Corporation
		dwmapi.dll:Microsoft ×ÀÃæ´°¿Ú¹ÜÀíÆ÷ API:10.0.26100.8875 (WinBuild.160101.0800):Microsoft Corporation
		dxcore.dll:DXCore:10.0.26100.8972 (WinBuild.160101.0800):Microsoft Corporation
		extnet.dll:OpenJDK Platform binary:21.0.12.1:Eclipse Adoptium
		fastprox.dll:WMI Custom Marshaller:10.0.26100.8972 (WinBuild.160101.0800):Microsoft Corporation
		fwpuclnt.dll:FWP/IPsec ÓÃ»§Ä£Ê½ API:10.0.26100.8875 (WinBuild.160101.0800):Microsoft Corporation
		gdi32full.dll:GDI Client DLL:10.0.26100.9168 (WinBuild.160101.0800):Microsoft Corporation
		glfw.dll:GLFW 3.4.0 DLL:3.4.0:GLFW
		icm32.dll:Microsoft Color Management Module (CMM):10.0.26100.9168 (WinBuild.160101.0800):Microsoft Corporation
		imagehlp.dll:Windows NT Image Helper:10.0.26100.4202 (WinBuild.160101.0800):Microsoft Corporation
		inputhost.dll:InputHost:10.0.26100.8972 (WinBuild.160101.0800):Microsoft Corporation
		java.dll:OpenJDK Platform binary:21.0.12.1:Eclipse Adoptium
		java.exe:OpenJDK Platform binary:21.0.12.1:Eclipse Adoptium
		jemalloc.dll
		jimage.dll:OpenJDK Platform binary:21.0.12.1:Eclipse Adoptium
		jli.dll:OpenJDK Platform binary:21.0.12.1:Eclipse Adoptium
		jna16824051795326493003.dll:JNA native library:7.0.0:Java(TM) Native Access (JNA)
		jsvml.dll:OpenJDK Platform binary:21.0.12.1:Eclipse Adoptium
		jvm.dll:OpenJDK 64-Bit server VM:21.0.12.1:Eclipse Adoptium
		kernel.appcore.dll:AppModel API Host:10.0.26100.8737 (WinBuild.160101.0800):Microsoft Corporation
		lwjgl.dll
		lwjgl_opengl.dll
		lwjgl_stb.dll
		management.dll:OpenJDK Platform binary:21.0.12.1:Eclipse Adoptium
		management_ext.dll:OpenJDK Platform binary:21.0.12.1:Eclipse Adoptium
		msasn1.dll:ASN.1 Runtime APIs:10.0.26100.8875 (WinBuild.160101.0800):Microsoft Corporation
		mscms.dll:Microsoft ÑÕÉ«Æ¥ÅäÏµÍ³ DLL:10.0.26100.8875 (WinBuild.160101.0800):Microsoft Corporation
		msvcp140.dll:Microsoft? C Runtime Library:14.40.33810.0:Microsoft Corporation
		msvcp_win.dll:Microsoft? C Runtime Library:10.0.26100.8875 (WinBuild.160101.0800):Microsoft Corporation
		msvcrt.dll:Windows NT CRT DLL:7.0.26100.8875 (WinBuild.160101.0800):Microsoft Corporation
		mswsock.dll:Microsoft Windows Sockets 2.0 ·þÎñÌá¹©³ÌÐò:10.0.26100.8875 (WinBuild.160101.0800):Microsoft Corporation
		napinsp.dll:µç×ÓÓÊ¼þÃüÃûÌî³äÌá¹©³ÌÐò:10.0.26100.8875 (WinBuild.160101.0800):Microsoft Corporation
		ncrypt.dll:Windows NCrypt Â·ÓÉÆ÷:10.0.26100.8875 (WinBuild.160101.0800):Microsoft Corporation
		net.dll:OpenJDK Platform binary:21.0.12.1:Eclipse Adoptium
		nio.dll:OpenJDK Platform binary:21.0.12.1:Eclipse Adoptium
		nlansp_c.dll:NLA Namespace Service Provider DLL:10.0.26100.8972 (WinBuild.160101.0800):Microsoft Corporation
		ntdll.dll:NT ²ã DLL:10.0.26100.8972 (WinBuild.160101.0800):Microsoft Corporation
		ntmarta.dll:Windows NT MARTA Ìá¹©³ÌÐò:10.0.26100.8875 (WinBuild.160101.0800):Microsoft Corporation
		nvgpucomp64.dll:NVIDIA GPU Compiler Driver, Version 581.15 :32.0.15.8115:NVIDIA Corporation
		nvoglv64.dll:NVIDIA Compatible OpenGL ICD:32.0.15.8115:NVIDIA Corporation
		nvspcap64.dll:NVIDIA Game Proxy 8FileVersion  1:11.0.5.245  8Produc:NVIDIA Corporation  L$FileDescriptio
		opengl32.dll:OpenGL Client DLL:10.0.26100.8972 (WinBuild.160101.0800):Microsoft Corporation
		perfos.dll:Windows ÏµÍ³ÐÔÄÜ¶ÔÏó DLL:10.0.26100.8875 (WinBuild.160101.0800):Microsoft Corporation
		pfclient.dll:SysMain Client:10.0.26100.4202 (WinBuild.160101.0800):Microsoft Corporation
		profapi.dll:User Profile Basic API:10.0.26100.9168 (WinBuild.160101.0800):Microsoft Corporation
		rasadhlp.dll:Remote Access AutoDial Helper:10.0.26100.7920 (WinBuild.160101.0800):Microsoft Corporation
		rsaenh.dll:Microsoft Enhanced Cryptographic Provider:10.0.26100.1 (WinBuild.160101.0800):Microsoft Corporation
		sapi.dll:ÓïÒô API:5.3.31910.00 (WinBuild.160101.0800):Microsoft Corporation
		sechost.dll:Host for SCM/SDDL/LSA Lookup APIs:10.0.26100.1 (WinBuild.160101.0800):Microsoft Corporation
		shlwapi.dll:Íâ¿Ç¼òÒ×ÊµÓÃ¹¤¾ß¿â:10.0.26100.8875 (WinBuild.160101.0800):Microsoft Corporation
		sunmscapi.dll:OpenJDK Platform binary:21.0.12.1:Eclipse Adoptium
		textinputframework.dll:"TextInputFramework.DYNLINK":10.0.26100.8972 (WinBuild.160101.0800):Microsoft Corporation
		ucrtbase.dll:Microsoft? C Runtime Library:10.0.26100.8875 (WinBuild.160101.0800):Microsoft Corporation
		uxtheme.dll:Microsoft UxTheme ¿â:10.0.26100.8875 (WinBuild.160101.0800):Microsoft Corporation
		vcruntime140_1.dll:Microsoft? C Runtime Library:14.40.33810.0:Microsoft Corporation
		verify.dll:OpenJDK Platform binary:21.0.12.1:Eclipse Adoptium
		wbemcomn.dll:WMI:10.0.26100.7920 (WinBuild.160101.0800):Microsoft Corporation
		wbemprox.dll:WMI:10.0.26100.8972 (WinBuild.160101.0800):Microsoft Corporation
		wbemsvc.dll:WMI:10.0.26100.8972 (WinBuild.160101.0800):Microsoft Corporation
		win32u.dll:Win32u:10.0.26100.9168 (WinBuild.160101.0800):Microsoft Corporation
		windows.staterepositorycore.dll:Windows StateRepository API Core:10.0.26100.8972 (WinBuild.160101.0800):Microsoft Corporation
		windows.storage.dll:Microsoft WinRT Storage API:10.0.26100.8972 (WinBuild.160101.0800):Microsoft Corporation
		winrnr.dll:LDAP RnR Provider DLL:10.0.26100.8737 (WinBuild.160101.0800):Microsoft Corporation
		wintypes.dll:Windows »ù±¾ÀàÐÍ DLL:10.0.26100.8875 (WinBuild.160101.0800):Microsoft Corporation
		wldp.dll:Windows Ëø¶¨²ßÂÔ:10.0.26100.8875 (WinBuild.160101.0800):Microsoft Corporation
		wshbth.dll:Windows Sockets Helper DLL:10.0.26100.8875 (WinBuild.160101.0800):Microsoft Corporation
		wshunix.dll:AF_UNIX Winsock2 Helper DLL:10.0.26100.1 (WinBuild.160101.0800):Microsoft Corporation
		xinput1_4.dll:Microsoft ¹«¹²¿ØÖÆÆ÷ API:10.0.26100.8875 (WinBuild.160101.0800):Microsoft Corporation
		zip.dll:OpenJDK Platform binary:21.0.12.1:Eclipse Adoptium
Stacktrace:
	at knot//net.minecraft.client.main.Main.main(Main.java:248)
	at net.fabricmc.loader.impl.game.minecraft.MinecraftGameProvider.launch(MinecraftGameProvider.java:514)
	at net.fabricmc.loader.impl.launch.knot.Knot.launch(Knot.java:72)
	at net.fabricmc.loader.impl.launch.knot.KnotClient.main(KnotClient.java:23)
	at net.fabricmc.devlaunchinjector.Main.main(Main.java:86)

-- System Details --
Details:
	Minecraft Version: 1.21.3
	Minecraft Version ID: 1.21.3
	Operating System: Windows 11 (amd64) version 10.0
	Java Version: 21.0.12.1, Eclipse Adoptium
	Java VM Version: OpenJDK 64-Bit Server VM (mixed mode, sharing), Eclipse Adoptium
	Memory: 210935080 bytes (201 MiB) / 419430400 bytes (400 MiB) up to 16970153984 bytes (16184 MiB)
	CPUs: 16
	Processor Vendor: AuthenticAMD
	Processor Name: AMD Ryzen 7 6800H with Radeon Graphics         
	Identifier: AuthenticAMD Family 25 Model 68 Stepping 1
	Microarchitecture: Zen 3
	Frequency (GHz): 3.19
	Number of physical packages: 1
	Number of physical CPUs: 8
	Number of logical CPUs: 16
	Graphics card #0 name: NVIDIA GeForce RTX 3060 Laptop GPU
	Graphics card #0 vendor: NVIDIA
	Graphics card #0 VRAM (MiB): 6144.00
	Graphics card #0 deviceId: VideoController1
	Graphics card #0 versionInfo: 32.0.15.8115
	Graphics card #1 name: AMD Radeon(TM) Graphics
	Graphics card #1 vendor: Advanced Micro Devices, Inc.
	Graphics card #1 VRAM (MiB): 512.00
	Graphics card #1 deviceId: VideoController2
	Graphics card #1 versionInfo: 30.0.14052.5
	Memory slot #0 capacity (MiB): 32768.00
	Memory slot #0 clockSpeed (GHz): 4.80
	Memory slot #0 type: Unknown
	Memory slot #1 capacity (MiB): 32768.00
	Memory slot #1 clockSpeed (GHz): 4.80
	Memory slot #1 type: Unknown
	Virtual memory max (MiB): 85189.02
	Virtual memory used (MiB): 34329.61
	Swap memory total (MiB): 20480.00
	Swap memory used (MiB): 280.87
	Space in storage for jna.tmpdir (MiB): <path not set>
	Space in storage for org.lwjgl.system.SharedLibraryExtractPath (MiB): <path not set>
	Space in storage for io.netty.native.workdir (MiB): <path not set>
	Space in storage for java.io.tmpdir (MiB): available: 108437.69, total: 487244.00
	Space in storage for workdir (MiB): available: 275351.09, total: 973695.00
	JVM Flags: 0 total; 
	Fabric Mods: 
		aibot: AIBot 0.0.1
		fabric-api: Fabric API 0.114.1+1.21.3
		fabric-api-base: Fabric API Base 0.4.50+119c825640
		fabric-api-lookup-api-v1: Fabric API Lookup API (v1) 1.6.81+fd37071f40
		fabric-biome-api-v1: Fabric Biome API (v1) 14.0.7+add2a48640
		fabric-block-api-v1: Fabric Block API (v1) 1.0.28+fd37071f40
		fabric-block-view-api-v2: Fabric BlockView API (v2) 1.0.16+fd37071f40
		fabric-blockrenderlayer-v1: Fabric BlockRenderLayer Registration (v1) 2.0.4+fd37071f40
		fabric-client-tags-api-v1: Fabric Client Tags 1.1.25+a730659c40
		fabric-command-api-v1: Fabric Command API (v1) 1.2.58+f71b366f40
		fabric-command-api-v2: Fabric Command API (v2) 2.2.37+c9d82ab240
		fabric-commands-v0: Fabric Commands (v0) 0.2.75+df3654b340
		fabric-content-registries-v0: Fabric Content Registries (v0) 9.1.8+fd37071f40
		fabric-convention-tags-v1: Fabric Convention Tags 2.1.4+7f945d5b40
		fabric-convention-tags-v2: Fabric Convention Tags (v2) 2.9.4+129f0c1f40
		fabric-crash-report-info-v1: Fabric Crash Report Info (v1) 0.3.3+fd37071f40
		fabric-data-attachment-api-v1: Fabric Data Attachment API (v1) 1.4.0+dbad41f140
		fabric-data-generation-api-v1: Fabric Data Generation API (v1) 21.1.2+a730659c40
		fabric-dimensions-v1: Fabric Dimensions API (v1) 4.0.7+fd37071f40
		fabric-entity-events-v1: Fabric Entity Events (v1) 2.0.8+825023f840
		fabric-events-interaction-v0: Fabric Events Interaction (v0) 2.0.12+c2c3ac4740
		fabric-game-rule-api-v1: Fabric Game Rule API (v1) 1.0.59+fd37071f40
		fabric-gametest-api-v1: Fabric Game Test API (v1) 2.0.15+fd37071f40
		fabric-item-api-v1: Fabric Item API (v1) 11.1.7+fd37071f40
		fabric-item-group-api-v1: Fabric Item Group API (v1) 4.1.17+fd37071f40
		fabric-key-binding-api-v1: Fabric Key Binding API (v1) 1.0.53+fd37071f40
		fabric-keybindings-v0: Fabric Key Bindings (v0) 0.2.51+df3654b340
		fabric-lifecycle-events-v1: Fabric Lifecycle Events (v1) 2.5.1+6da5ef6940
		fabric-loot-api-v2: Fabric Loot API (v2) 3.0.26+3f89f5a540
		fabric-loot-api-v3: Fabric Loot API (v3) 1.0.14+fd37071f40
		fabric-message-api-v1: Fabric Message API (v1) 6.0.22+5a9b22c640
		fabric-model-loading-api-v1: Fabric Model Loading API (v1) 3.0.9+fd37071f40
		fabric-networking-api-v1: Fabric Networking API (v1) 4.3.5+fd37071f40
		fabric-object-builder-api-v1: Fabric Object Builder API (v1) 17.0.9+fd37071f40
		fabric-particles-v1: Fabric Particles (v1) 4.0.10+fd37071f40
		fabric-recipe-api-v1: Fabric Recipe API (v1) 7.0.5+8ea69ff840
		fabric-registry-sync-v0: Fabric Registry Sync (v0) 5.4.1+3f3c499540
		fabric-renderer-api-v1: Fabric Renderer API (v1) 4.0.5+fd37071f40
		fabric-renderer-indigo: Fabric Renderer - Indigo 1.9.5+fd37071f40
		fabric-rendering-data-attachment-v1: Fabric Rendering Data Attachment (v1) 0.3.54+73761d2e40
		fabric-rendering-fluids-v1: Fabric Rendering Fluids (v1) 3.1.15+fd37071f40
		fabric-rendering-v0: Fabric Rendering (v0) 1.1.84+df3654b340
		fabric-rendering-v1: Fabric Rendering (v1) 8.0.8+6922831640
		fabric-resource-conditions-api-v1: Fabric Resource Conditions API (v1) 5.0.8+fd37071f40
		fabric-resource-loader-v0: Fabric Resource Loader (v0) 3.0.6+fd37071f40
		fabric-screen-api-v1: Fabric Screen API (v1) 2.0.34+fd37071f40
		fabric-screen-handler-api-v1: Fabric Screen Handler API (v1) 1.3.103+fd37071f40
		fabric-sound-api-v1: Fabric Sound API (v1) 1.0.29+fd37071f40
		fabric-tag-api-v1: Fabric Tag API (v1) 1.0.0+a730659c40
		fabric-transfer-api-v1: Fabric Transfer API (v1) 5.4.3+cb44d14340
		fabric-transitive-access-wideners-v1: Fabric Transitive Access Wideners (v1) 6.2.0+54a41b1c40
		fabricloader: Fabric Loader 0.18.4
		java: OpenJDK 64-Bit Server VM 21
		minecraft: Minecraft 1.21.3
		mixinextras: MixinExtras 0.5.0
	Launched Version: Fabric
	Backend library: LWJGL version 3.3.3-snapshot
	Backend API: NVIDIA GeForce RTX 3060 Laptop GPU/PCIe/SSE2 GL version 3.2.0 NVIDIA 581.15, NVIDIA Corporation
	Window size: <not initialized>
	GFLW Platform: win32
	GL Caps: Using framebuffer using OpenGL 3.2
	GL debug messages: 
	Is Modded: Definitely; Client brand changed to 'fabric'
	Universe: 404
	Type: Client (map_client.txt)
	Locale: zh_CN
	System encoding: GBK
	File encoding: UTF-8
	CPU: 16x AMD Ryzen 7 6800H with Radeon Graphics 
#@!@# Game crashed! Crash report saved to: #@!@# D:\code\mc-experiment\aibot\crash-reports\crash-2026-09-13_03.45.51-client.txt

=== real-client launch 2026-09-12T19:46:21Z ===
[34m[03:46:23][m [32m[main/INFO][m [36m(FabricLoader/GameProvider)[m [0mLoading Minecraft 1.21.3 with Fabric Loader 0.18.4
[m[34m[03:46:23][m [32m[main/INFO][m [36m(FabricLoader)[m [0mLoading 55 mods:
	- aibot 0.0.1
	- fabric-api 0.114.1+1.21.3
	- fabric-api-base 0.4.50+119c825640
	- fabric-api-lookup-api-v1 1.6.81+fd37071f40
	- fabric-biome-api-v1 14.0.7+add2a48640
	- fabric-block-api-v1 1.0.28+fd37071f40
	- fabric-block-view-api-v2 1.0.16+fd37071f40
	- fabric-blockrenderlayer-v1 2.0.4+fd37071f40
	- fabric-client-tags-api-v1 1.1.25+a730659c40
	- fabric-command-api-v1 1.2.58+f71b366f40
	- fabric-command-api-v2 2.2.37+c9d82ab240
	- fabric-commands-v0 0.2.75+df3654b340
	- fabric-content-registries-v0 9.1.8+fd37071f40
	- fabric-convention-tags-v1 2.1.4+7f945d5b40
	- fabric-convention-tags-v2 2.9.4+129f0c1f40
	- fabric-crash-report-info-v1 0.3.3+fd37071f40
	- fabric-data-attachment-api-v1 1.4.0+dbad41f140
	- fabric-data-generation-api-v1 21.1.2+a730659c40
	- fabric-dimensions-v1 4.0.7+fd37071f40
	- fabric-entity-events-v1 2.0.8+825023f840
	- fabric-events-interaction-v0 2.0.12+c2c3ac4740
	- fabric-game-rule-api-v1 1.0.59+fd37071f40
	- fabric-gametest-api-v1 2.0.15+fd37071f40
	- fabric-item-api-v1 11.1.7+fd37071f40
	- fabric-item-group-api-v1 4.1.17+fd37071f40
	- fabric-key-binding-api-v1 1.0.53+fd37071f40
	- fabric-keybindings-v0 0.2.51+df3654b340
	- fabric-lifecycle-events-v1 2.5.1+6da5ef6940
	- fabric-loot-api-v2 3.0.26+3f89f5a540
	- fabric-loot-api-v3 1.0.14+fd37071f40
	- fabric-message-api-v1 6.0.22+5a9b22c640
	- fabric-model-loading-api-v1 3.0.9+fd37071f40
	- fabric-networking-api-v1 4.3.5+fd37071f40
	- fabric-object-builder-api-v1 17.0.9+fd37071f40
	- fabric-particles-v1 4.0.10+fd37071f40
	- fabric-recipe-api-v1 7.0.5+8ea69ff840
	- fabric-registry-sync-v0 5.4.1+3f3c499540
	- fabric-renderer-api-v1 4.0.5+fd37071f40
	- fabric-renderer-indigo 1.9.5+fd37071f40
	- fabric-rendering-data-attachment-v1 0.3.54+73761d2e40
	- fabric-rendering-fluids-v1 3.1.15+fd37071f40
	- fabric-rendering-v0 1.1.84+df3654b340
	- fabric-rendering-v1 8.0.8+6922831640
	- fabric-resource-conditions-api-v1 5.0.8+fd37071f40
	- fabric-resource-loader-v0 3.0.6+fd37071f40
	- fabric-screen-api-v1 2.0.34+fd37071f40
	- fabric-screen-handler-api-v1 1.3.103+fd37071f40
	- fabric-sound-api-v1 1.0.29+fd37071f40
	- fabric-tag-api-v1 1.0.0+a730659c40
	- fabric-transfer-api-v1 5.4.3+cb44d14340
	- fabric-transitive-access-wideners-v1 6.2.0+54a41b1c40
	- fabricloader 0.18.4
	- java 21
	- minecraft 1.21.3
	- mixinextras 0.5.0
[m[34m[03:46:24][m [32m[main/INFO][m [36m(FabricLoader/Mixin)[m [0mSpongePowered MIXIN Subsystem Version=0.8.7 Source=file:/C:/Users/15027/.gradle/caches/modules-2/files-2.1/net.fabricmc/sponge-mixin/0.17.0+mixin.0.8.7/cf31463202f72d03b0ef1e1e38e8ee71b7faaab6/sponge-mixin-0.17.0+mixin.0.8.7.jar Service=Knot/Fabric Env=CLIENT
[m[34m[03:46:24][m [32m[main/INFO][m [36m(FabricLoader/Mixin)[m [0mLoaded Fabric development mappings for mixin remapper!
[m[34m[03:46:24][m [32m[main/INFO][m [36m(FabricLoader/Mixin)[m [0mCompatibility level set to JAVA_21
[m[34m[03:46:25][m [32m[main/INFO][m [36m(FabricLoader/MixinExtras|Service)[m [0mInitializing MixinExtras via com.llamalad7.mixinextras.service.MixinExtrasServiceImpl(version=0.5.0).
[m[34m[03:46:26][m [32m[Datafixer Bootstrap/INFO][m [36m(Minecraft)[m [0m237 Datafixer optimizations took 382 milliseconds
[m[34m[03:46:34][m [32m[Render thread/INFO][m [36m(Minecraft)[m [0mEnvironment: Environment[sessionHost=https://sessionserver.mojang.com, servicesHost=https://api.minecraftservices.com, name=PROD]
[m[34m[03:46:34][m [32m[Render thread/INFO][m [36m(Minecraft)[m [0mSetting user: Bob
[m[34m[03:46:34][m [32m[Render thread/INFO][m [36m(aibot)[m [0m[AIBot] CONFIG event=operating_profile_resolved bot=- {configured_manual_teleport=true, profile=strict_survival, source=FILE_OR_DEFAULT, configured_forced_pickup=true, configured_hidden_block_scan=true, configured_emergency_teleport=true, effective_capabilities=[]}
[m[34m[03:46:34][m [33m[Render thread/WARN][m [36m(aibot)[m [0m[AIBot] CONFIG event=deepseek_key_missing bot=- {}
[m[34m[03:46:34][m [32m[Render thread/INFO][m [36m(aibot)[m [0m[AIBot] LIFECYCLE event=mod_loaded bot=- {version=0.0.1}
[m[34m[03:46:34][m [32m[Render thread/INFO][m [36m(aibot)[m [0m[AIBot] CONFIG event=config_loaded bot=- {effective_capabilities=[], perception_radius=16, pickup_force_radius=2.75, profile=strict_survival, nav_lookahead=4, logging_enabled=true, configured_operator_capabilities=OperatorCapabilities[hiddenBlockScan=true, emergencyTeleport=true, forcedPickup=true, manualTeleport=true], deepseek_model=deepseek-v4-flash}
[m[34m[03:46:34][m [32m[Render thread/INFO][m [36m(aibot)[m [0m================================
[m[34m[03:46:34][m [32m[Render thread/INFO][m [36m(aibot)[m [0m  AIBot v0.0.1 loaded
[m[34m[03:46:34][m [32m[Render thread/INFO][m [36m(aibot)[m [0m  Mode: M6 structured logs over M5 tasks
[m[34m[03:46:34][m [32m[Render thread/INFO][m [36m(aibot)[m [0m================================
[m[34m[03:46:34][m [32m[Render thread/INFO][m [36m(Indigo)[m [0m[Indigo] Registering Indigo renderer!
[m[34m[03:46:35][m [32m[Render thread/INFO][m [36m(aibot)[m [0mAIBot real-client runtime enabled body_id=bob player=Bob control=127.0.0.1:8766
[m[34m[03:46:35][m [32m[aibot-real-client-connector/INFO][m [36m(aibot)[m [0mAIBot real-client control connected body_id=bob session=cfccdec4-295e-4024-8a30-8991f496388b
[m[34m[03:46:35][m [32m[Render thread/INFO][m [36m(Minecraft)[m [0mBackend library: LWJGL version 3.3.3-snapshot
[m[34m[03:46:37][m [32m[Render thread/INFO][m [36m(Minecraft)[m [0mReloading ResourceManager: vanilla, fabric, aibot, fabric-api, fabric-api-base, fabric-api-lookup-api-v1, fabric-biome-api-v1, fabric-block-api-v1, fabric-block-view-api-v2, fabric-blockrenderlayer-v1, fabric-client-tags-api-v1, fabric-command-api-v1, fabric-command-api-v2, fabric-commands-v0, fabric-content-registries-v0, fabric-convention-tags-v1, fabric-convention-tags-v2, fabric-crash-report-info-v1, fabric-data-attachment-api-v1, fabric-data-generation-api-v1, fabric-dimensions-v1, fabric-entity-events-v1, fabric-events-interaction-v0, fabric-game-rule-api-v1, fabric-gametest-api-v1, fabric-item-api-v1, fabric-item-group-api-v1, fabric-key-binding-api-v1, fabric-keybindings-v0, fabric-lifecycle-events-v1, fabric-loot-api-v2, fabric-loot-api-v3, fabric-message-api-v1, fabric-model-loading-api-v1, fabric-networking-api-v1, fabric-object-builder-api-v1, fabric-particles-v1, fabric-recipe-api-v1, fabric-registry-sync-v0, fabric-renderer-api-v1, fabric-renderer-indigo, fabric-rendering-data-attachment-v1, fabric-rendering-fluids-v1, fabric-rendering-v0, fabric-rendering-v1, fabric-resource-conditions-api-v1, fabric-resource-loader-v0, fabric-screen-api-v1, fabric-screen-handler-api-v1, fabric-sound-api-v1, fabric-tag-api-v1, fabric-transfer-api-v1, fabric-transitive-access-wideners-v1, fabricloader
[m[34m[03:46:37][m [32m[Worker-Main-13/INFO][m [36m(Minecraft)[m [0mFound unifont_all_no_pua-15.1.05.hex, loading
[m[34m[03:46:37][m [32m[Worker-Main-12/INFO][m [36m(Minecraft)[m [0mFound unifont_jp_patch-15.1.05.hex, loading
[m---- Minecraft Crash Report ----
// I bet Cylons wouldn't have this problem.

Time: 2026-09-13 03:46:38
Description: Initializing game

java.nio.file.InvalidPathException: Illegal char <:> at index 20: quickPlayMultiplayer:127.0.0.1:25599
	at java.base/sun.nio.fs.WindowsPathParser.normalize(WindowsPathParser.java:204)
	at java.base/sun.nio.fs.WindowsPathParser.parse(WindowsPathParser.java:175)
	at java.base/sun.nio.fs.WindowsPathParser.parse(WindowsPathParser.java:77)
	at java.base/sun.nio.fs.WindowsPath.parse(WindowsPath.java:92)
	at java.base/sun.nio.fs.WindowsFileSystem.getPath(WindowsFileSystem.java:231)
	at java.base/java.nio.file.Path.resolve(Path.java:516)
	at knot//net.minecraft.client.QuickPlayLogger.<init>(QuickPlayLogger.java:44)
	at knot//net.minecraft.client.QuickPlayLogger.create(QuickPlayLogger.java:51)
	at knot//net.minecraft.client.MinecraftClient.<init>(MinecraftClient.java:730)
	at knot//net.minecraft.client.main.Main.main(Main.java:248)
	at net.fabricmc.loader.impl.game.minecraft.MinecraftGameProvider.launch(MinecraftGameProvider.java:514)
	at net.fabricmc.loader.impl.launch.knot.Knot.launch(Knot.java:72)
	at net.fabricmc.loader.impl.launch.knot.KnotClient.main(KnotClient.java:23)
	at net.fabricmc.devlaunchinjector.Main.main(Main.java:86)


A detailed walkthrough of the error, its code path and all known details is as follows:
---------------------------------------------------------------------------------------

-- Head --
Thread: Render thread
Stacktrace:
	at java.base/sun.nio.fs.WindowsPathParser.normalize(WindowsPathParser.java:204)
	at java.base/sun.nio.fs.WindowsPathParser.parse(WindowsPathParser.java:175)
	at java.base/sun.nio.fs.WindowsPathParser.parse(WindowsPathParser.java:77)
	at java.base/sun.nio.fs.WindowsPath.parse(WindowsPath.java:92)
	at java.base/sun.nio.fs.WindowsFileSystem.getPath(WindowsFileSystem.java:231)
	at java.base/java.nio.file.Path.resolve(Path.java:516)
	at knot//net.minecraft.client.QuickPlayLogger.<init>(QuickPlayLogger.java:44)
	at knot//net.minecraft.client.QuickPlayLogger.create(QuickPlayLogger.java:51)
	at knot//net.minecraft.client.MinecraftClient.<init>(MinecraftClient.java:730)

-- Initialization --
Details:
	Modules: 
		ADVAPI32.dll:¸ß¼¶ Windows 32 »ù±¾ API:10.0.26100.8875 (WinBuild.160101.0800):Microsoft Corporation
		COMCTL32.dll:ÓÃ»§ÌåÑé¿Ø¼þ¿â:6.10 (WinBuild.160101.0800):Microsoft Corporation
		CRYPT32.dll:¼ÓÃÜ API32:10.0.26100.8875 (WinBuild.160101.0800):Microsoft Corporation
		CRYPTBASE.dll:Base cryptographic API DLL:10.0.26100.8875 (WinBuild.160101.0800):Microsoft Corporation
		CRYPTSP.dll:Cryptographic Service Provider API:10.0.26100.8875 (WinBuild.160101.0800):Microsoft Corporation
		CoreMessaging.dll:Microsoft CoreMessaging Dll:10.0.26100.8972 (WinBuild.160101.0800):Microsoft Corporation
		CoreUIComponents.dll:Microsoft Core UI Components Dll:10.0.26100.9168:Microsoft Corporation
		DBGHELP.DLL:Windows Image Helper:10.0.26100.8328 (WinBuild.160101.0800):Microsoft Corporation
		DEVOBJ.dll:Device Information Set DLL:10.0.26100.8972 (WinBuild.160101.0800):Microsoft Corporation
		DNSAPI.dll:DNS ¿Í»§¶Ë API DLL:10.0.26100.8972 (WinBuild.160101.0800):Microsoft Corporation
		DSPARSE.dll:Active Directory Domain Services API:10.0.26100.1 (WinBuild.160101.0800):Microsoft Corporation
		GDI32.dll:GDI Client DLL:10.0.26100.8328 (WinBuild.160101.0800):Microsoft Corporation
		GLU32.dll:OpenGL ÊµÓÃ¹¤¾ß¿â DLL:10.0.26100.8875 (WinBuild.160101.0800):Microsoft Corporation
		IMM32.DLL:Multi-User Windows IMM32 API Client DLL:10.0.26100.8521 (WinBuild.160101.0800):Microsoft Corporation
		IPHLPAPI.DLL:IP °ïÖú³ÌÐò API:10.0.26100.8875 (WinBuild.160101.0800):Microsoft Corporation
		KERNEL32.DLL:Windows NT »ù±¾ API ¿Í»§¶Ë DLL:10.0.26100.8972 (WinBuild.160101.0800):Microsoft Corporation
		KERNELBASE.dll:Windows NT »ù±¾ API ¿Í»§¶Ë DLL:10.0.26100.8972 (WinBuild.160101.0800):Microsoft Corporation
		MMDevApi.dll:MMDevice API:10.0.26100.8875 (WinBuild.160101.0800):Microsoft Corporation
		MSCTF.dll:MSCTF ·þÎñÆ÷ DLL:10.0.26100.8875 (WinBuild.160101.0800):Microsoft Corporation
		MpOav.dll:IOfficeAntiVirus Module:4.18.26080.3 (9e1f3147fbc83f18a98a965394a23e07747d7295):Microsoft Corporation
		NSI.dll:NSI User-mode interface DLL:10.0.26100.8875 (WinBuild.160101.0800):Microsoft Corporation
		NTASN1.dll:Microsoft ASN.1 API:10.0.26100.1 (WinBuild.160101.0800):Microsoft Corporation
		OLEAUT32.dll:OLEAUT32.DLL:10.0.26100.8972 (WinBuild.160101.0800):Microsoft Corporation
		Ole32.dll:ÓÃÓÚ Windows µÄ Microsoft OLE:10.0.26100.8875 (WinBuild.160101.0800):Microsoft Corporation
		OpenAL.dll:Main implementation library:1.23.1:
		POWRPROF.dll:µçÔ´ÅäÖÃÎÄ¼þ°ïÖú³ÌÐò DLL:10.0.26100.8875 (WinBuild.160101.0800):Microsoft Corporation
		PSAPI.DLL:Process Status Helper:10.0.26100.8521 (WinBuild.160101.0800):Microsoft Corporation
		Pdh.dll:Windows ÐÔÄÜÊý¾ÝÖúÊÖ DLL:10.0.26100.8875 (WinBuild.160101.0800):Microsoft Corporation
		RPCRT4.dll:Ô¶³Ì¹ý³Ìµ÷ÓÃÔËÐÐÊ±:10.0.26100.8875 (WinBuild.160101.0800):Microsoft Corporation
		SETUPAPI.dll:Windows °²×°³ÌÐò API:10.0.26100.8875 (WinBuild.160101.0800):Microsoft Corporation
		SHCORE.dll:SHCORE:10.0.26100.8875 (WinBuild.160101.0800):Microsoft Corporation
		SHELL32.dll:Windows Shell ¹«ÓÃ DLL:10.0.26100.8972 (WinBuild.160101.0800):Microsoft Corporation
		SspiCli.dll:Security Support Provider Interface:10.0.26100.8972 (WinBuild.160101.0800):Microsoft Corporation
		UMPDC.dll:User Mode Power Dependency Coordinator:10.0.26100.8972 (WinBuild.160101.0800):Microsoft Corporation
		USER32.dll:¶àÓÃ»§ Windows ÓÃ»§ API ¿Í»§¶Ë DLL:10.0.26100.8875 (WinBuild.160101.0800):Microsoft Corporation
		USERENV.dll:Userenv:10.0.26100.8875 (WinBuild.160101.0800):Microsoft Corporation
		VCRUNTIME140.dll:Microsoft? C Runtime Library:14.40.33810.0:Microsoft Corporation
		VERSION.dll:Version Checking and File Installation Libraries:10.0.26100.1150 (WinBuild.160101.0800):Microsoft Corporation
		WINHTTP.dll:Windows HTTP ·þÎñ:10.0.26100.8875 (WinBuild.160101.0800):Microsoft Corporation
		WINMM.dll:MCI API DLL:10.0.26100.8875 (WinBuild.160101.0800):Microsoft Corporation
		WINSTA.dll:Winstation Library:10.0.26100.8972 (WinBuild.160101.0800):Microsoft Corporation
		WINTRUST.dll:Microsoft Trust Verification APIs:10.0.26100.8972 (WinBuild.160101.0800):Microsoft Corporation
		WS2_32.dll:Windows Socket 2.0 32 Î» DLL:10.0.26100.8875 (WinBuild.160101.0800):Microsoft Corporation
		WTSAPI32.dll:Windows Remote Desktop Session Host Server SDK APIs:10.0.26100.8972 (WinBuild.160101.0800):Microsoft Corporation
		amsi.dll:Anti-Malware Scan Interface:10.0.26100.7309 (WinBuild.160101.0800):Microsoft Corporation
		bcrypt.dll:Windows ¼ÓÃÜ»ùÔª¿â:10.0.26100.8875 (WinBuild.160101.0800):Microsoft Corporation
		bcryptPrimitives.dll:Windows Cryptographic Primitives Library:10.0.26100.9168 (WinBuild.160101.0800):Microsoft Corporation
		cfgmgr32.dll:Configuration Manager DLL:10.0.26100.8972 (WinBuild.160101.0800):Microsoft Corporation
		clbcatq.dll:COM+ Configuration Catalog:2001.12.10941.16384 (WinBuild.160101.0800):Microsoft Corporation
		combase.dll:ÓÃÓÚ Windows µÄ Microsoft COM:10.0.26100.8875 (WinBuild.160101.0800):Microsoft Corporation
		cryptnet.dll:Crypto Network Related API:10.0.26100.8972 (WinBuild.160101.0800):Microsoft Corporation
		dbgcore.DLL:Windows Core Debugging Helpers:10.0.26100.8972 (WinBuild.160101.0800):Microsoft Corporation
		dinput8.dll:Microsoft DirectInput:10.0.26100.8875 (WinBuild.160101.0800):Microsoft Corporation
		drvstore.dll:Driver Store API:10.0.26100.8972 (WinBuild.160101.0800):Microsoft Corporation
		dwmapi.dll:Microsoft ×ÀÃæ´°¿Ú¹ÜÀíÆ÷ API:10.0.26100.8875 (WinBuild.160101.0800):Microsoft Corporation
		dxcore.dll:DXCore:10.0.26100.8972 (WinBuild.160101.0800):Microsoft Corporation
		extnet.dll:OpenJDK Platform binary:21.0.12.1:Eclipse Adoptium
		fastprox.dll:WMI Custom Marshaller:10.0.26100.8972 (WinBuild.160101.0800):Microsoft Corporation
		fwpuclnt.dll:FWP/IPsec ÓÃ»§Ä£Ê½ API:10.0.26100.8875 (WinBuild.160101.0800):Microsoft Corporation
		gdi32full.dll:GDI Client DLL:10.0.26100.9168 (WinBuild.160101.0800):Microsoft Corporation
		glfw.dll:GLFW 3.4.0 DLL:3.4.0:GLFW
		icm32.dll:Microsoft Color Management Module (CMM):10.0.26100.9168 (WinBuild.160101.0800):Microsoft Corporation
		imagehlp.dll:Windows NT Image Helper:10.0.26100.4202 (WinBuild.160101.0800):Microsoft Corporation
		inputhost.dll:InputHost:10.0.26100.8972 (WinBuild.160101.0800):Microsoft Corporation
		java.dll:OpenJDK Platform binary:21.0.12.1:Eclipse Adoptium
		java.exe:OpenJDK Platform binary:21.0.12.1:Eclipse Adoptium
		jemalloc.dll
		jimage.dll:OpenJDK Platform binary:21.0.12.1:Eclipse Adoptium
		jli.dll:OpenJDK Platform binary:21.0.12.1:Eclipse Adoptium
		jna14899983895167256028.dll:JNA native library:7.0.0:Java(TM) Native Access (JNA)
		jsvml.dll:OpenJDK Platform binary:21.0.12.1:Eclipse Adoptium
		jvm.dll:OpenJDK 64-Bit server VM:21.0.12.1:Eclipse Adoptium
		kernel.appcore.dll:AppModel API Host:10.0.26100.8737 (WinBuild.160101.0800):Microsoft Corporation
		lwjgl.dll
		lwjgl_opengl.dll
		lwjgl_stb.dll
		management.dll:OpenJDK Platform binary:21.0.12.1:Eclipse Adoptium
		management_ext.dll:OpenJDK Platform binary:21.0.12.1:Eclipse Adoptium
		msasn1.dll:ASN.1 Runtime APIs:10.0.26100.8875 (WinBuild.160101.0800):Microsoft Corporation
		mscms.dll:Microsoft ÑÕÉ«Æ¥ÅäÏµÍ³ DLL:10.0.26100.8875 (WinBuild.160101.0800):Microsoft Corporation
		msvcp140.dll:Microsoft? C Runtime Library:14.40.33810.0:Microsoft Corporation
		msvcp_win.dll:Microsoft? C Runtime Library:10.0.26100.8875 (WinBuild.160101.0800):Microsoft Corporation
		msvcrt.dll:Windows NT CRT DLL:7.0.26100.8875 (WinBuild.160101.0800):Microsoft Corporation
		mswsock.dll:Microsoft Windows Sockets 2.0 ·þÎñÌá¹©³ÌÐò:10.0.26100.8875 (WinBuild.160101.0800):Microsoft Corporation
		napinsp.dll:µç×ÓÓÊ¼þÃüÃûÌî³äÌá¹©³ÌÐò:10.0.26100.8875 (WinBuild.160101.0800):Microsoft Corporation
		ncrypt.dll:Windows NCrypt Â·ÓÉÆ÷:10.0.26100.8875 (WinBuild.160101.0800):Microsoft Corporation
		net.dll:OpenJDK Platform binary:21.0.12.1:Eclipse Adoptium
		nio.dll:OpenJDK Platform binary:21.0.12.1:Eclipse Adoptium
		nlansp_c.dll:NLA Namespace Service Provider DLL:10.0.26100.8972 (WinBuild.160101.0800):Microsoft Corporation
		ntdll.dll:NT ²ã DLL:10.0.26100.8972 (WinBuild.160101.0800):Microsoft Corporation
		ntmarta.dll:Windows NT MARTA Ìá¹©³ÌÐò:10.0.26100.8875 (WinBuild.160101.0800):Microsoft Corporation
		nvgpucomp64.dll:NVIDIA GPU Compiler Driver, Version 581.15 :32.0.15.8115:NVIDIA Corporation
		nvoglv64.dll:NVIDIA Compatible OpenGL ICD:32.0.15.8115:NVIDIA Corporation
		nvspcap64.dll:NVIDIA Game Proxy 8FileVersion  1:11.0.5.245  8Produc:NVIDIA Corporation  L$FileDescriptio
		opengl32.dll:OpenGL Client DLL:10.0.26100.8972 (WinBuild.160101.0800):Microsoft Corporation
		perfos.dll:Windows ÏµÍ³ÐÔÄÜ¶ÔÏó DLL:10.0.26100.8875 (WinBuild.160101.0800):Microsoft Corporation
		pfclient.dll:SysMain Client:10.0.26100.4202 (WinBuild.160101.0800):Microsoft Corporation
		profapi.dll:User Profile Basic API:10.0.26100.9168 (WinBuild.160101.0800):Microsoft Corporation
		rasadhlp.dll:Remote Access AutoDial Helper:10.0.26100.7920 (WinBuild.160101.0800):Microsoft Corporation
		rsaenh.dll:Microsoft Enhanced Cryptographic Provider:10.0.26100.1 (WinBuild.160101.0800):Microsoft Corporation
		sapi.dll:ÓïÒô API:5.3.31910.00 (WinBuild.160101.0800):Microsoft Corporation
		sechost.dll:Host for SCM/SDDL/LSA Lookup APIs:10.0.26100.1 (WinBuild.160101.0800):Microsoft Corporation
		shlwapi.dll:Íâ¿Ç¼òÒ×ÊµÓÃ¹¤¾ß¿â:10.0.26100.8875 (WinBuild.160101.0800):Microsoft Corporation
		sunmscapi.dll:OpenJDK Platform binary:21.0.12.1:Eclipse Adoptium
		textinputframework.dll:"TextInputFramework.DYNLINK":10.0.26100.8972 (WinBuild.160101.0800):Microsoft Corporation
		ucrtbase.dll:Microsoft? C Runtime Library:10.0.26100.8875 (WinBuild.160101.0800):Microsoft Corporation
		uxtheme.dll:Microsoft UxTheme ¿â:10.0.26100.8875 (WinBuild.160101.0800):Microsoft Corporation
		vcruntime140_1.dll:Microsoft? C Runtime Library:14.40.33810.0:Microsoft Corporation
		verify.dll:OpenJDK Platform binary:21.0.12.1:Eclipse Adoptium
		wbemcomn.dll:WMI:10.0.26100.7920 (WinBuild.160101.0800):Microsoft Corporation
		wbemprox.dll:WMI:10.0.26100.8972 (WinBuild.160101.0800):Microsoft Corporation
		wbemsvc.dll:WMI:10.0.26100.8972 (WinBuild.160101.0800):Microsoft Corporation
		win32u.dll:Win32u:10.0.26100.9168 (WinBuild.160101.0800):Microsoft Corporation
		windows.staterepositorycore.dll:Windows StateRepository API Core:10.0.26100.8972 (WinBuild.160101.0800):Microsoft Corporation
		windows.storage.dll:Microsoft WinRT Storage API:10.0.26100.8972 (WinBuild.160101.0800):Microsoft Corporation
		winrnr.dll:LDAP RnR Provider DLL:10.0.26100.8737 (WinBuild.160101.0800):Microsoft Corporation
		wintypes.dll:Windows »ù±¾ÀàÐÍ DLL:10.0.26100.8875 (WinBuild.160101.0800):Microsoft Corporation
		wldp.dll:Windows Ëø¶¨²ßÂÔ:10.0.26100.8875 (WinBuild.160101.0800):Microsoft Corporation
		wshbth.dll:Windows Sockets Helper DLL:10.0.26100.8875 (WinBuild.160101.0800):Microsoft Corporation
		wshunix.dll:AF_UNIX Winsock2 Helper DLL:10.0.26100.1 (WinBuild.160101.0800):Microsoft Corporation
		xinput1_4.dll:Microsoft ¹«¹²¿ØÖÆÆ÷ API:10.0.26100.8875 (WinBuild.160101.0800):Microsoft Corporation
		zip.dll:OpenJDK Platform binary:21.0.12.1:Eclipse Adoptium
Stacktrace:
	at knot//net.minecraft.client.main.Main.main(Main.java:248)
	at net.fabricmc.loader.impl.game.minecraft.MinecraftGameProvider.launch(MinecraftGameProvider.java:514)
	at net.fabricmc.loader.impl.launch.knot.Knot.launch(Knot.java:72)
	at net.fabricmc.loader.impl.launch.knot.KnotClient.main(KnotClient.java:23)
	at net.fabricmc.devlaunchinjector.Main.main(Main.java:86)

-- System Details --
Details:
	Minecraft Version: 1.21.3
	Minecraft Version ID: 1.21.3
	Operating System: Windows 11 (amd64) version 10.0
	Java Version: 21.0.12.1, Eclipse Adoptium
	Java VM Version: OpenJDK 64-Bit Server VM (mixed mode, sharing), Eclipse Adoptium
	Memory: 217943152 bytes (207 MiB) / 427819008 bytes (408 MiB) up to 16970153984 bytes (16184 MiB)
	CPUs: 16
	Processor Vendor: AuthenticAMD
	Processor Name: AMD Ryzen 7 6800H with Radeon Graphics         
	Identifier: AuthenticAMD Family 25 Model 68 Stepping 1
	Microarchitecture: Zen 3
	Frequency (GHz): 3.19
	Number of physical packages: 1
	Number of physical CPUs: 8
	Number of logical CPUs: 16
	Graphics card #0 name: NVIDIA GeForce RTX 3060 Laptop GPU
	Graphics card #0 vendor: NVIDIA
	Graphics card #0 VRAM (MiB): 6144.00
	Graphics card #0 deviceId: VideoController1
	Graphics card #0 versionInfo: 32.0.15.8115
	Graphics card #1 name: AMD Radeon(TM) Graphics
	Graphics card #1 vendor: Advanced Micro Devices, Inc.
	Graphics card #1 VRAM (MiB): 512.00
	Graphics card #1 deviceId: VideoController2
	Graphics card #1 versionInfo: 30.0.14052.5
	Memory slot #0 capacity (MiB): 32768.00
	Memory slot #0 clockSpeed (GHz): 4.80
	Memory slot #0 type: Unknown
	Memory slot #1 capacity (MiB): 32768.00
	Memory slot #1 clockSpeed (GHz): 4.80
	Memory slot #1 type: Unknown
	Virtual memory max (MiB): 85189.02
	Virtual memory used (MiB): 34302.69
	Swap memory total (MiB): 20480.00
	Swap memory used (MiB): 280.87
	Space in storage for jna.tmpdir (MiB): <path not set>
	Space in storage for org.lwjgl.system.SharedLibraryExtractPath (MiB): <path not set>
	Space in storage for io.netty.native.workdir (MiB): <path not set>
	Space in storage for java.io.tmpdir (MiB): available: 108437.58, total: 487244.00
	Space in storage for workdir (MiB): available: 275351.09, total: 973695.00
	JVM Flags: 0 total; 
	Fabric Mods: 
		aibot: AIBot 0.0.1
		fabric-api: Fabric API 0.114.1+1.21.3
		fabric-api-base: Fabric API Base 0.4.50+119c825640
		fabric-api-lookup-api-v1: Fabric API Lookup API (v1) 1.6.81+fd37071f40
		fabric-biome-api-v1: Fabric Biome API (v1) 14.0.7+add2a48640
		fabric-block-api-v1: Fabric Block API (v1) 1.0.28+fd37071f40
		fabric-block-view-api-v2: Fabric BlockView API (v2) 1.0.16+fd37071f40
		fabric-blockrenderlayer-v1: Fabric BlockRenderLayer Registration (v1) 2.0.4+fd37071f40
		fabric-client-tags-api-v1: Fabric Client Tags 1.1.25+a730659c40
		fabric-command-api-v1: Fabric Command API (v1) 1.2.58+f71b366f40
		fabric-command-api-v2: Fabric Command API (v2) 2.2.37+c9d82ab240
		fabric-commands-v0: Fabric Commands (v0) 0.2.75+df3654b340
		fabric-content-registries-v0: Fabric Content Registries (v0) 9.1.8+fd37071f40
		fabric-convention-tags-v1: Fabric Convention Tags 2.1.4+7f945d5b40
		fabric-convention-tags-v2: Fabric Convention Tags (v2) 2.9.4+129f0c1f40
		fabric-crash-report-info-v1: Fabric Crash Report Info (v1) 0.3.3+fd37071f40
		fabric-data-attachment-api-v1: Fabric Data Attachment API (v1) 1.4.0+dbad41f140
		fabric-data-generation-api-v1: Fabric Data Generation API (v1) 21.1.2+a730659c40
		fabric-dimensions-v1: Fabric Dimensions API (v1) 4.0.7+fd37071f40
		fabric-entity-events-v1: Fabric Entity Events (v1) 2.0.8+825023f840
		fabric-events-interaction-v0: Fabric Events Interaction (v0) 2.0.12+c2c3ac4740
		fabric-game-rule-api-v1: Fabric Game Rule API (v1) 1.0.59+fd37071f40
		fabric-gametest-api-v1: Fabric Game Test API (v1) 2.0.15+fd37071f40
		fabric-item-api-v1: Fabric Item API (v1) 11.1.7+fd37071f40
		fabric-item-group-api-v1: Fabric Item Group API (v1) 4.1.17+fd37071f40
		fabric-key-binding-api-v1: Fabric Key Binding API (v1) 1.0.53+fd37071f40
		fabric-keybindings-v0: Fabric Key Bindings (v0) 0.2.51+df3654b340
		fabric-lifecycle-events-v1: Fabric Lifecycle Events (v1) 2.5.1+6da5ef6940
		fabric-loot-api-v2: Fabric Loot API (v2) 3.0.26+3f89f5a540
		fabric-loot-api-v3: Fabric Loot API (v3) 1.0.14+fd37071f40
		fabric-message-api-v1: Fabric Message API (v1) 6.0.22+5a9b22c640
		fabric-model-loading-api-v1: Fabric Model Loading API (v1) 3.0.9+fd37071f40
		fabric-networking-api-v1: Fabric Networking API (v1) 4.3.5+fd37071f40
		fabric-object-builder-api-v1: Fabric Object Builder API (v1) 17.0.9+fd37071f40
		fabric-particles-v1: Fabric Particles (v1) 4.0.10+fd37071f40
		fabric-recipe-api-v1: Fabric Recipe API (v1) 7.0.5+8ea69ff840
		fabric-registry-sync-v0: Fabric Registry Sync (v0) 5.4.1+3f3c499540
		fabric-renderer-api-v1: Fabric Renderer API (v1) 4.0.5+fd37071f40
		fabric-renderer-indigo: Fabric Renderer - Indigo 1.9.5+fd37071f40
		fabric-rendering-data-attachment-v1: Fabric Rendering Data Attachment (v1) 0.3.54+73761d2e40
		fabric-rendering-fluids-v1: Fabric Rendering Fluids (v1) 3.1.15+fd37071f40
		fabric-rendering-v0: Fabric Rendering (v0) 1.1.84+df3654b340
		fabric-rendering-v1: Fabric Rendering (v1) 8.0.8+6922831640
		fabric-resource-conditions-api-v1: Fabric Resource Conditions API (v1) 5.0.8+fd37071f40
		fabric-resource-loader-v0: Fabric Resource Loader (v0) 3.0.6+fd37071f40
		fabric-screen-api-v1: Fabric Screen API (v1) 2.0.34+fd37071f40
		fabric-screen-handler-api-v1: Fabric Screen Handler API (v1) 1.3.103+fd37071f40
		fabric-sound-api-v1: Fabric Sound API (v1) 1.0.29+fd37071f40
		fabric-tag-api-v1: Fabric Tag API (v1) 1.0.0+a730659c40
		fabric-transfer-api-v1: Fabric Transfer API (v1) 5.4.3+cb44d14340
		fabric-transitive-access-wideners-v1: Fabric Transitive Access Wideners (v1) 6.2.0+54a41b1c40
		fabricloader: Fabric Loader 0.18.4
		java: OpenJDK 64-Bit Server VM 21
		minecraft: Minecraft 1.21.3
		mixinextras: MixinExtras 0.5.0
	Launched Version: Fabric
	Backend library: LWJGL version 3.3.3-snapshot
	Backend API: NVIDIA GeForce RTX 3060 Laptop GPU/PCIe/SSE2 GL version 3.2.0 NVIDIA 581.15, NVIDIA Corporation
	Window size: <not initialized>
	GFLW Platform: win32
	GL Caps: Using framebuffer using OpenGL 3.2
	GL debug messages: 
	Is Modded: Definitely; Client brand changed to 'fabric'
	Universe: 404
	Type: Client (map_client.txt)
	Locale: zh_CN
	System encoding: GBK
	File encoding: UTF-8
	CPU: 16x AMD Ryzen 7 6800H with Radeon Graphics 
#@!@# Game crashed! Crash report saved to: #@!@# D:\code\mc-experiment\aibot\crash-reports\crash-2026-09-13_03.46.38-client.txt

=== real-client launch 2026-09-12T19:47:08Z ===
[34m[03:47:10][m [32m[main/INFO][m [36m(FabricLoader/GameProvider)[m [0mLoading Minecraft 1.21.3 with Fabric Loader 0.18.4
[m[34m[03:47:10][m [32m[main/INFO][m [36m(FabricLoader)[m [0mLoading 55 mods:
	- aibot 0.0.1
	- fabric-api 0.114.1+1.21.3
	- fabric-api-base 0.4.50+119c825640
	- fabric-api-lookup-api-v1 1.6.81+fd37071f40
	- fabric-biome-api-v1 14.0.7+add2a48640
	- fabric-block-api-v1 1.0.28+fd37071f40
	- fabric-block-view-api-v2 1.0.16+fd37071f40
	- fabric-blockrenderlayer-v1 2.0.4+fd37071f40
	- fabric-client-tags-api-v1 1.1.25+a730659c40
	- fabric-command-api-v1 1.2.58+f71b366f40
	- fabric-command-api-v2 2.2.37+c9d82ab240
	- fabric-commands-v0 0.2.75+df3654b340
	- fabric-content-registries-v0 9.1.8+fd37071f40
	- fabric-convention-tags-v1 2.1.4+7f945d5b40
	- fabric-convention-tags-v2 2.9.4+129f0c1f40
	- fabric-crash-report-info-v1 0.3.3+fd37071f40
	- fabric-data-attachment-api-v1 1.4.0+dbad41f140
	- fabric-data-generation-api-v1 21.1.2+a730659c40
	- fabric-dimensions-v1 4.0.7+fd37071f40
	- fabric-entity-events-v1 2.0.8+825023f840
	- fabric-events-interaction-v0 2.0.12+c2c3ac4740
	- fabric-game-rule-api-v1 1.0.59+fd37071f40
	- fabric-gametest-api-v1 2.0.15+fd37071f40
	- fabric-item-api-v1 11.1.7+fd37071f40
	- fabric-item-group-api-v1 4.1.17+fd37071f40
	- fabric-key-binding-api-v1 1.0.53+fd37071f40
	- fabric-keybindings-v0 0.2.51+df3654b340
	- fabric-lifecycle-events-v1 2.5.1+6da5ef6940
	- fabric-loot-api-v2 3.0.26+3f89f5a540
	- fabric-loot-api-v3 1.0.14+fd37071f40
	- fabric-message-api-v1 6.0.22+5a9b22c640
	- fabric-model-loading-api-v1 3.0.9+fd37071f40
	- fabric-networking-api-v1 4.3.5+fd37071f40
	- fabric-object-builder-api-v1 17.0.9+fd37071f40
	- fabric-particles-v1 4.0.10+fd37071f40
	- fabric-recipe-api-v1 7.0.5+8ea69ff840
	- fabric-registry-sync-v0 5.4.1+3f3c499540
	- fabric-renderer-api-v1 4.0.5+fd37071f40
	- fabric-renderer-indigo 1.9.5+fd37071f40
	- fabric-rendering-data-attachment-v1 0.3.54+73761d2e40
	- fabric-rendering-fluids-v1 3.1.15+fd37071f40
	- fabric-rendering-v0 1.1.84+df3654b340
	- fabric-rendering-v1 8.0.8+6922831640
	- fabric-resource-conditions-api-v1 5.0.8+fd37071f40
	- fabric-resource-loader-v0 3.0.6+fd37071f40
	- fabric-screen-api-v1 2.0.34+fd37071f40
	- fabric-screen-handler-api-v1 1.3.103+fd37071f40
	- fabric-sound-api-v1 1.0.29+fd37071f40
	- fabric-tag-api-v1 1.0.0+a730659c40
	- fabric-transfer-api-v1 5.4.3+cb44d14340
	- fabric-transitive-access-wideners-v1 6.2.0+54a41b1c40
	- fabricloader 0.18.4
	- java 21
	- minecraft 1.21.3
	- mixinextras 0.5.0
[m[34m[03:47:11][m [32m[main/INFO][m [36m(FabricLoader/Mixin)[m [0mSpongePowered MIXIN Subsystem Version=0.8.7 Source=file:/C:/Users/15027/.gradle/caches/modules-2/files-2.1/net.fabricmc/sponge-mixin/0.17.0+mixin.0.8.7/cf31463202f72d03b0ef1e1e38e8ee71b7faaab6/sponge-mixin-0.17.0+mixin.0.8.7.jar Service=Knot/Fabric Env=CLIENT
[m[34m[03:47:11][m [32m[main/INFO][m [36m(FabricLoader/Mixin)[m [0mLoaded Fabric development mappings for mixin remapper!
[m[34m[03:47:11][m [32m[main/INFO][m [36m(FabricLoader/Mixin)[m [0mCompatibility level set to JAVA_21
[m[34m[03:47:12][m [32m[main/INFO][m [36m(FabricLoader/MixinExtras|Service)[m [0mInitializing MixinExtras via com.llamalad7.mixinextras.service.MixinExtrasServiceImpl(version=0.5.0).
[m[34m[03:47:14][m [32m[Datafixer Bootstrap/INFO][m [36m(Minecraft)[m [0m237 Datafixer optimizations took 419 milliseconds
[m[34m[03:47:21][m [32m[Render thread/INFO][m [36m(Minecraft)[m [0mEnvironment: Environment[sessionHost=https://sessionserver.mojang.com, servicesHost=https://api.minecraftservices.com, name=PROD]
[m[34m[03:47:21][m [32m[Render thread/INFO][m [36m(Minecraft)[m [0mSetting user: Bob
[m[34m[03:47:21][m [32m[Render thread/INFO][m [36m(aibot)[m [0m[AIBot] CONFIG event=operating_profile_resolved bot=- {effective_capabilities=[], configured_manual_teleport=true, profile=strict_survival, source=FILE_OR_DEFAULT, configured_forced_pickup=true, configured_hidden_block_scan=true, configured_emergency_teleport=true}
[m[34m[03:47:21][m [33m[Render thread/WARN][m [36m(aibot)[m [0m[AIBot] CONFIG event=deepseek_key_missing bot=- {}
[m[34m[03:47:21][m [32m[Render thread/INFO][m [36m(aibot)[m [0m[AIBot] LIFECYCLE event=mod_loaded bot=- {version=0.0.1}
[m[34m[03:47:21][m [32m[Render thread/INFO][m [36m(aibot)[m [0m[AIBot] CONFIG event=config_loaded bot=- {logging_enabled=true, configured_operator_capabilities=OperatorCapabilities[hiddenBlockScan=true, emergencyTeleport=true, forcedPickup=true, manualTeleport=true], deepseek_model=deepseek-v4-flash, effective_capabilities=[], perception_radius=16, pickup_force_radius=2.75, profile=strict_survival, nav_lookahead=4}
[m[34m[03:47:21][m [32m[Render thread/INFO][m [36m(aibot)[m [0m================================
[m[34m[03:47:21][m [32m[Render thread/INFO][m [36m(aibot)[m [0m  AIBot v0.0.1 loaded
[m[34m[03:47:21][m [32m[Render thread/INFO][m [36m(aibot)[m [0m  Mode: M6 structured logs over M5 tasks
[m[34m[03:47:21][m [32m[Render thread/INFO][m [36m(aibot)[m [0m================================
[m[34m[03:47:22][m [32m[aibot-real-client-connector/INFO][m [36m(aibot)[m [0mAIBot real-client control connected body_id=bob session=57754b0d-264d-48cf-8a83-2d3ce22a31ed
[m[34m[03:47:22][m [32m[Render thread/INFO][m [36m(aibot)[m [0mAIBot real-client runtime enabled body_id=bob player=Bob control=127.0.0.1:8766
[m[34m[03:47:22][m [32m[Render thread/INFO][m [36m(Indigo)[m [0m[Indigo] Registering Indigo renderer!
[m[34m[03:47:23][m [32m[Render thread/INFO][m [36m(Minecraft)[m [0mBackend library: LWJGL version 3.3.3-snapshot
[m[34m[03:47:24][m [32m[Render thread/INFO][m [36m(Minecraft)[m [0mReloading ResourceManager: vanilla, fabric, aibot, fabric-api, fabric-api-base, fabric-api-lookup-api-v1, fabric-biome-api-v1, fabric-block-api-v1, fabric-block-view-api-v2, fabric-blockrenderlayer-v1, fabric-client-tags-api-v1, fabric-command-api-v1, fabric-command-api-v2, fabric-commands-v0, fabric-content-registries-v0, fabric-convention-tags-v1, fabric-convention-tags-v2, fabric-crash-report-info-v1, fabric-data-attachment-api-v1, fabric-data-generation-api-v1, fabric-dimensions-v1, fabric-entity-events-v1, fabric-events-interaction-v0, fabric-game-rule-api-v1, fabric-gametest-api-v1, fabric-item-api-v1, fabric-item-group-api-v1, fabric-key-binding-api-v1, fabric-keybindings-v0, fabric-lifecycle-events-v1, fabric-loot-api-v2, fabric-loot-api-v3, fabric-message-api-v1, fabric-model-loading-api-v1, fabric-networking-api-v1, fabric-object-builder-api-v1, fabric-particles-v1, fabric-recipe-api-v1, fabric-registry-sync-v0, fabric-renderer-api-v1, fabric-renderer-indigo, fabric-rendering-data-attachment-v1, fabric-rendering-fluids-v1, fabric-rendering-v0, fabric-rendering-v1, fabric-resource-conditions-api-v1, fabric-resource-loader-v0, fabric-screen-api-v1, fabric-screen-handler-api-v1, fabric-sound-api-v1, fabric-tag-api-v1, fabric-transfer-api-v1, fabric-transitive-access-wideners-v1, fabricloader
[m[34m[03:47:25][m [32m[Worker-Main-4/INFO][m [36m(Minecraft)[m [0mFound unifont_all_no_pua-15.1.05.hex, loading
[m[34m[03:47:25][m [32m[Worker-Main-12/INFO][m [36m(Minecraft)[m [0mFound unifont_jp_patch-15.1.05.hex, loading
[m---- Minecraft Crash Report ----
// My bad.

Time: 2026-09-13 03:47:25
Description: Initializing game

java.nio.file.InvalidPathException: Illegal char <:> at index 20: quickPlayMultiplayer:127.0.0.1:25599
	at java.base/sun.nio.fs.WindowsPathParser.normalize(WindowsPathParser.java:204)
	at java.base/sun.nio.fs.WindowsPathParser.parse(WindowsPathParser.java:175)
	at java.base/sun.nio.fs.WindowsPathParser.parse(WindowsPathParser.java:77)
	at java.base/sun.nio.fs.WindowsPath.parse(WindowsPath.java:92)
	at java.base/sun.nio.fs.WindowsFileSystem.getPath(WindowsFileSystem.java:231)
	at java.base/java.nio.file.Path.resolve(Path.java:516)
	at knot//net.minecraft.client.QuickPlayLogger.<init>(QuickPlayLogger.java:44)
	at knot//net.minecraft.client.QuickPlayLogger.create(QuickPlayLogger.java:51)
	at knot//net.minecraft.client.MinecraftClient.<init>(MinecraftClient.java:730)
	at knot//net.minecraft.client.main.Main.main(Main.java:248)
	at net.fabricmc.loader.impl.game.minecraft.MinecraftGameProvider.launch(MinecraftGameProvider.java:514)
	at net.fabricmc.loader.impl.launch.knot.Knot.launch(Knot.java:72)
	at net.fabricmc.loader.impl.launch.knot.KnotClient.main(KnotClient.java:23)
	at net.fabricmc.devlaunchinjector.Main.main(Main.java:86)


A detailed walkthrough of the error, its code path and all known details is as follows:
---------------------------------------------------------------------------------------

-- Head --
Thread: Render thread
Stacktrace:
	at java.base/sun.nio.fs.WindowsPathParser.normalize(WindowsPathParser.java:204)
	at java.base/sun.nio.fs.WindowsPathParser.parse(WindowsPathParser.java:175)
	at java.base/sun.nio.fs.WindowsPathParser.parse(WindowsPathParser.java:77)
	at java.base/sun.nio.fs.WindowsPath.parse(WindowsPath.java:92)
	at java.base/sun.nio.fs.WindowsFileSystem.getPath(WindowsFileSystem.java:231)
	at java.base/java.nio.file.Path.resolve(Path.java:516)
	at knot//net.minecraft.client.QuickPlayLogger.<init>(QuickPlayLogger.java:44)
	at knot//net.minecraft.client.QuickPlayLogger.create(QuickPlayLogger.java:51)
	at knot//net.minecraft.client.MinecraftClient.<init>(MinecraftClient.java:730)

-- Initialization --
Details:
	Modules: 
		ADVAPI32.dll:¸ß¼¶ Windows 32 »ù±¾ API:10.0.26100.8875 (WinBuild.160101.0800):Microsoft Corporation
		COMCTL32.dll:ÓÃ»§ÌåÑé¿Ø¼þ¿â:6.10 (WinBuild.160101.0800):Microsoft Corporation
		CRYPT32.dll:¼ÓÃÜ API32:10.0.26100.8875 (WinBuild.160101.0800):Microsoft Corporation
		CRYPTBASE.dll:Base cryptographic API DLL:10.0.26100.8875 (WinBuild.160101.0800):Microsoft Corporation
		CRYPTSP.dll:Cryptographic Service Provider API:10.0.26100.8875 (WinBuild.160101.0800):Microsoft Corporation
		CoreMessaging.dll:Microsoft CoreMessaging Dll:10.0.26100.8972 (WinBuild.160101.0800):Microsoft Corporation
		CoreUIComponents.dll:Microsoft Core UI Components Dll:10.0.26100.9168:Microsoft Corporation
		DBGHELP.DLL:Windows Image Helper:10.0.26100.8328 (WinBuild.160101.0800):Microsoft Corporation
		DEVOBJ.dll:Device Information Set DLL:10.0.26100.8972 (WinBuild.160101.0800):Microsoft Corporation
		DNSAPI.dll:DNS ¿Í»§¶Ë API DLL:10.0.26100.8972 (WinBuild.160101.0800):Microsoft Corporation
		DSPARSE.dll:Active Directory Domain Services API:10.0.26100.1 (WinBuild.160101.0800):Microsoft Corporation
		GDI32.dll:GDI Client DLL:10.0.26100.8328 (WinBuild.160101.0800):Microsoft Corporation
		GLU32.dll:OpenGL ÊµÓÃ¹¤¾ß¿â DLL:10.0.26100.8875 (WinBuild.160101.0800):Microsoft Corporation
		IMM32.DLL:Multi-User Windows IMM32 API Client DLL:10.0.26100.8521 (WinBuild.160101.0800):Microsoft Corporation
		IPHLPAPI.DLL:IP °ïÖú³ÌÐò API:10.0.26100.8875 (WinBuild.160101.0800):Microsoft Corporation
		KERNEL32.DLL:Windows NT »ù±¾ API ¿Í»§¶Ë DLL:10.0.26100.8972 (WinBuild.160101.0800):Microsoft Corporation
		KERNELBASE.dll:Windows NT »ù±¾ API ¿Í»§¶Ë DLL:10.0.26100.8972 (WinBuild.160101.0800):Microsoft Corporation
		MMDevApi.dll:MMDevice API:10.0.26100.8875 (WinBuild.160101.0800):Microsoft Corporation
		MSCTF.dll:MSCTF ·þÎñÆ÷ DLL:10.0.26100.8875 (WinBuild.160101.0800):Microsoft Corporation
		MpOav.dll:IOfficeAntiVirus Module:4.18.26080.3 (9e1f3147fbc83f18a98a965394a23e07747d7295):Microsoft Corporation
		NSI.dll:NSI User-mode interface DLL:10.0.26100.8875 (WinBuild.160101.0800):Microsoft Corporation
		NTASN1.dll:Microsoft ASN.1 API:10.0.26100.1 (WinBuild.160101.0800):Microsoft Corporation
		OLEAUT32.dll:OLEAUT32.DLL:10.0.26100.8972 (WinBuild.160101.0800):Microsoft Corporation
		Ole32.dll:ÓÃÓÚ Windows µÄ Microsoft OLE:10.0.26100.8875 (WinBuild.160101.0800):Microsoft Corporation
		OpenAL.dll:Main implementation library:1.23.1:
		POWRPROF.dll:µçÔ´ÅäÖÃÎÄ¼þ°ïÖú³ÌÐò DLL:10.0.26100.8875 (WinBuild.160101.0800):Microsoft Corporation
		PSAPI.DLL:Process Status Helper:10.0.26100.8521 (WinBuild.160101.0800):Microsoft Corporation
		Pdh.dll:Windows ÐÔÄÜÊý¾ÝÖúÊÖ DLL:10.0.26100.8875 (WinBuild.160101.0800):Microsoft Corporation
		RPCRT4.dll:Ô¶³Ì¹ý³Ìµ÷ÓÃÔËÐÐÊ±:10.0.26100.8875 (WinBuild.160101.0800):Microsoft Corporation
		SETUPAPI.dll:Windows °²×°³ÌÐò API:10.0.26100.8875 (WinBuild.160101.0800):Microsoft Corporation
		SHCORE.dll:SHCORE:10.0.26100.8875 (WinBuild.160101.0800):Microsoft Corporation
		SHELL32.dll:Windows Shell ¹«ÓÃ DLL:10.0.26100.8972 (WinBuild.160101.0800):Microsoft Corporation
		SspiCli.dll:Security Support Provider Interface:10.0.26100.8972 (WinBuild.160101.0800):Microsoft Corporation
		UMPDC.dll:User Mode Power Dependency Coordinator:10.0.26100.8972 (WinBuild.160101.0800):Microsoft Corporation
		USER32.dll:¶àÓÃ»§ Windows ÓÃ»§ API ¿Í»§¶Ë DLL:10.0.26100.8875 (WinBuild.160101.0800):Microsoft Corporation
		USERENV.dll:Userenv:10.0.26100.8875 (WinBuild.160101.0800):Microsoft Corporation
		VCRUNTIME140.dll:Microsoft? C Runtime Library:14.40.33810.0:Microsoft Corporation
		VERSION.dll:Version Checking and File Installation Libraries:10.0.26100.1150 (WinBuild.160101.0800):Microsoft Corporation
		WINHTTP.dll:Windows HTTP ·þÎñ:10.0.26100.8875 (WinBuild.160101.0800):Microsoft Corporation
		WINMM.dll:MCI API DLL:10.0.26100.8875 (WinBuild.160101.0800):Microsoft Corporation
		WINSTA.dll:Winstation Library:10.0.26100.8972 (WinBuild.160101.0800):Microsoft Corporation
		WINTRUST.dll:Microsoft Trust Verification APIs:10.0.26100.8972 (WinBuild.160101.0800):Microsoft Corporation
		WS2_32.dll:Windows Socket 2.0 32 Î» DLL:10.0.26100.8875 (WinBuild.160101.0800):Microsoft Corporation
		WTSAPI32.dll:Windows Remote Desktop Session Host Server SDK APIs:10.0.26100.8972 (WinBuild.160101.0800):Microsoft Corporation
		amsi.dll:Anti-Malware Scan Interface:10.0.26100.7309 (WinBuild.160101.0800):Microsoft Corporation
		bcrypt.dll:Windows ¼ÓÃÜ»ùÔª¿â:10.0.26100.8875 (WinBuild.160101.0800):Microsoft Corporation
		bcryptPrimitives.dll:Windows Cryptographic Primitives Library:10.0.26100.9168 (WinBuild.160101.0800):Microsoft Corporation
		cfgmgr32.dll:Configuration Manager DLL:10.0.26100.8972 (WinBuild.160101.0800):Microsoft Corporation
		clbcatq.dll:COM+ Configuration Catalog:2001.12.10941.16384 (WinBuild.160101.0800):Microsoft Corporation
		combase.dll:ÓÃÓÚ Windows µÄ Microsoft COM:10.0.26100.8875 (WinBuild.160101.0800):Microsoft Corporation
		cryptnet.dll:Crypto Network Related API:10.0.26100.8972 (WinBuild.160101.0800):Microsoft Corporation
		dbgcore.DLL:Windows Core Debugging Helpers:10.0.26100.8972 (WinBuild.160101.0800):Microsoft Corporation
		dinput8.dll:Microsoft DirectInput:10.0.26100.8875 (WinBuild.160101.0800):Microsoft Corporation
		drvstore.dll:Driver Store API:10.0.26100.8972 (WinBuild.160101.0800):Microsoft Corporation
		dwmapi.dll:Microsoft ×ÀÃæ´°¿Ú¹ÜÀíÆ÷ API:10.0.26100.8875 (WinBuild.160101.0800):Microsoft Corporation
		dxcore.dll:DXCore:10.0.26100.8972 (WinBuild.160101.0800):Microsoft Corporation
		extnet.dll:OpenJDK Platform binary:21.0.12.1:Eclipse Adoptium
		fastprox.dll:WMI Custom Marshaller:10.0.26100.8972 (WinBuild.160101.0800):Microsoft Corporation
		fwpuclnt.dll:FWP/IPsec ÓÃ»§Ä£Ê½ API:10.0.26100.8875 (WinBuild.160101.0800):Microsoft Corporation
		gdi32full.dll:GDI Client DLL:10.0.26100.9168 (WinBuild.160101.0800):Microsoft Corporation
		glfw.dll:GLFW 3.4.0 DLL:3.4.0:GLFW
		icm32.dll:Microsoft Color Management Module (CMM):10.0.26100.9168 (WinBuild.160101.0800):Microsoft Corporation
		imagehlp.dll:Windows NT Image Helper:10.0.26100.4202 (WinBuild.160101.0800):Microsoft Corporation
		inputhost.dll:InputHost:10.0.26100.8972 (WinBuild.160101.0800):Microsoft Corporation
		java.dll:OpenJDK Platform binary:21.0.12.1:Eclipse Adoptium
		java.exe:OpenJDK Platform binary:21.0.12.1:Eclipse Adoptium
		jemalloc.dll
		jimage.dll:OpenJDK Platform binary:21.0.12.1:Eclipse Adoptium
		jli.dll:OpenJDK Platform binary:21.0.12.1:Eclipse Adoptium
		jna10567892462682326708.dll:JNA native library:7.0.0:Java(TM) Native Access (JNA)
		jsvml.dll:OpenJDK Platform binary:21.0.12.1:Eclipse Adoptium
		jvm.dll:OpenJDK 64-Bit server VM:21.0.12.1:Eclipse Adoptium
		kernel.appcore.dll:AppModel API Host:10.0.26100.8737 (WinBuild.160101.0800):Microsoft Corporation
		lwjgl.dll
		lwjgl_opengl.dll
		lwjgl_stb.dll
		management.dll:OpenJDK Platform binary:21.0.12.1:Eclipse Adoptium
		management_ext.dll:OpenJDK Platform binary:21.0.12.1:Eclipse Adoptium
		msasn1.dll:ASN.1 Runtime APIs:10.0.26100.8875 (WinBuild.160101.0800):Microsoft Corporation
		mscms.dll:Microsoft ÑÕÉ«Æ¥ÅäÏµÍ³ DLL:10.0.26100.8875 (WinBuild.160101.0800):Microsoft Corporation
		msvcp140.dll:Microsoft? C Runtime Library:14.40.33810.0:Microsoft Corporation
		msvcp_win.dll:Microsoft? C Runtime Library:10.0.26100.8875 (WinBuild.160101.0800):Microsoft Corporation
		msvcrt.dll:Windows NT CRT DLL:7.0.26100.8875 (WinBuild.160101.0800):Microsoft Corporation
		mswsock.dll:Microsoft Windows Sockets 2.0 ·þÎñÌá¹©³ÌÐò:10.0.26100.8875 (WinBuild.160101.0800):Microsoft Corporation
		napinsp.dll:µç×ÓÓÊ¼þÃüÃûÌî³äÌá¹©³ÌÐò:10.0.26100.8875 (WinBuild.160101.0800):Microsoft Corporation
		ncrypt.dll:Windows NCrypt Â·ÓÉÆ÷:10.0.26100.8875 (WinBuild.160101.0800):Microsoft Corporation
		net.dll:OpenJDK Platform binary:21.0.12.1:Eclipse Adoptium
		nio.dll:OpenJDK Platform binary:21.0.12.1:Eclipse Adoptium
		nlansp_c.dll:NLA Namespace Service Provider DLL:10.0.26100.8972 (WinBuild.160101.0800):Microsoft Corporation
		ntdll.dll:NT ²ã DLL:10.0.26100.8972 (WinBuild.160101.0800):Microsoft Corporation
		ntmarta.dll:Windows NT MARTA Ìá¹©³ÌÐò:10.0.26100.8875 (WinBuild.160101.0800):Microsoft Corporation
		nvgpucomp64.dll:NVIDIA GPU Compiler Driver, Version 581.15 :32.0.15.8115:NVIDIA Corporation
		nvoglv64.dll:NVIDIA Compatible OpenGL ICD:32.0.15.8115:NVIDIA Corporation
		nvspcap64.dll:NVIDIA Game Proxy 8FileVersion  1:11.0.5.245  8Produc:NVIDIA Corporation  L$FileDescriptio
		opengl32.dll:OpenGL Client DLL:10.0.26100.8972 (WinBuild.160101.0800):Microsoft Corporation
		perfos.dll:Windows ÏµÍ³ÐÔÄÜ¶ÔÏó DLL:10.0.26100.8875 (WinBuild.160101.0800):Microsoft Corporation
		pfclient.dll:SysMain Client:10.0.26100.4202 (WinBuild.160101.0800):Microsoft Corporation
		profapi.dll:User Profile Basic API:10.0.26100.9168 (WinBuild.160101.0800):Microsoft Corporation
		rasadhlp.dll:Remote Access AutoDial Helper:10.0.26100.7920 (WinBuild.160101.0800):Microsoft Corporation
		rsaenh.dll:Microsoft Enhanced Cryptographic Provider:10.0.26100.1 (WinBuild.160101.0800):Microsoft Corporation
		sapi.dll:ÓïÒô API:5.3.31910.00 (WinBuild.160101.0800):Microsoft Corporation
		sechost.dll:Host for SCM/SDDL/LSA Lookup APIs:10.0.26100.1 (WinBuild.160101.0800):Microsoft Corporation
		shlwapi.dll:Íâ¿Ç¼òÒ×ÊµÓÃ¹¤¾ß¿â:10.0.26100.8875 (WinBuild.160101.0800):Microsoft Corporation
		sunmscapi.dll:OpenJDK Platform binary:21.0.12.1:Eclipse Adoptium
		textinputframework.dll:"TextInputFramework.DYNLINK":10.0.26100.8972 (WinBuild.160101.0800):Microsoft Corporation
		ucrtbase.dll:Microsoft? C Runtime Library:10.0.26100.8875 (WinBuild.160101.0800):Microsoft Corporation
		uxtheme.dll:Microsoft UxTheme ¿â:10.0.26100.8875 (WinBuild.160101.0800):Microsoft Corporation
		vcruntime140_1.dll:Microsoft? C Runtime Library:14.40.33810.0:Microsoft Corporation
		verify.dll:OpenJDK Platform binary:21.0.12.1:Eclipse Adoptium
		wbemcomn.dll:WMI:10.0.26100.7920 (WinBuild.160101.0800):Microsoft Corporation
		wbemprox.dll:WMI:10.0.26100.8972 (WinBuild.160101.0800):Microsoft Corporation
		wbemsvc.dll:WMI:10.0.26100.8972 (WinBuild.160101.0800):Microsoft Corporation
		win32u.dll:Win32u:10.0.26100.9168 (WinBuild.160101.0800):Microsoft Corporation
		windows.staterepositorycore.dll:Windows StateRepository API Core:10.0.26100.8972 (WinBuild.160101.0800):Microsoft Corporation
		windows.storage.dll:Microsoft WinRT Storage API:10.0.26100.8972 (WinBuild.160101.0800):Microsoft Corporation
		winrnr.dll:LDAP RnR Provider DLL:10.0.26100.8737 (WinBuild.160101.0800):Microsoft Corporation
		wintypes.dll:Windows »ù±¾ÀàÐÍ DLL:10.0.26100.8875 (WinBuild.160101.0800):Microsoft Corporation
		wldp.dll:Windows Ëø¶¨²ßÂÔ:10.0.26100.8875 (WinBuild.160101.0800):Microsoft Corporation
		wshbth.dll:Windows Sockets Helper DLL:10.0.26100.8875 (WinBuild.160101.0800):Microsoft Corporation
		wshunix.dll:AF_UNIX Winsock2 Helper DLL:10.0.26100.1 (WinBuild.160101.0800):Microsoft Corporation
		xinput1_4.dll:Microsoft ¹«¹²¿ØÖÆÆ÷ API:10.0.26100.8875 (WinBuild.160101.0800):Microsoft Corporation
		zip.dll:OpenJDK Platform binary:21.0.12.1:Eclipse Adoptium
Stacktrace:
	at knot//net.minecraft.client.main.Main.main(Main.java:248)
	at net.fabricmc.loader.impl.game.minecraft.MinecraftGameProvider.launch(MinecraftGameProvider.java:514)
	at net.fabricmc.loader.impl.launch.knot.Knot.launch(Knot.java:72)
	at net.fabricmc.loader.impl.launch.knot.KnotClient.main(KnotClient.java:23)
	at net.fabricmc.devlaunchinjector.Main.main(Main.java:86)

-- System Details --
Details:
	Minecraft Version: 1.21.3
	Minecraft Version ID: 1.21.3
	Operating System: Windows 11 (amd64) version 10.0
	Java Version: 21.0.12.1, Eclipse Adoptium
	Java VM Version: OpenJDK 64-Bit Server VM (mixed mode, sharing), Eclipse Adoptium
	Memory: 216450224 bytes (206 MiB) / 427819008 bytes (408 MiB) up to 16970153984 bytes (16184 MiB)
	CPUs: 16
	Processor Vendor: AuthenticAMD
	Processor Name: AMD Ryzen 7 6800H with Radeon Graphics         
	Identifier: AuthenticAMD Family 25 Model 68 Stepping 1
	Microarchitecture: Zen 3
	Frequency (GHz): 3.19
	Number of physical packages: 1
	Number of physical CPUs: 8
	Number of logical CPUs: 16
	Graphics card #0 name: NVIDIA GeForce RTX 3060 Laptop GPU
	Graphics card #0 vendor: NVIDIA
	Graphics card #0 VRAM (MiB): 6144.00
	Graphics card #0 deviceId: VideoController1
	Graphics card #0 versionInfo: 32.0.15.8115
	Graphics card #1 name: AMD Radeon(TM) Graphics
	Graphics card #1 vendor: Advanced Micro Devices, Inc.
	Graphics card #1 VRAM (MiB): 512.00
	Graphics card #1 deviceId: VideoController2
	Graphics card #1 versionInfo: 30.0.14052.5
	Memory slot #0 capacity (MiB): 32768.00
	Memory slot #0 clockSpeed (GHz): 4.80
	Memory slot #0 type: Unknown
	Memory slot #1 capacity (MiB): 32768.00
	Memory slot #1 clockSpeed (GHz): 4.80
	Memory slot #1 type: Unknown
	Virtual memory max (MiB): 85189.02
	Virtual memory used (MiB): 34464.57
	Swap memory total (MiB): 20480.00
	Swap memory used (MiB): 280.87
	Space in storage for jna.tmpdir (MiB): <path not set>
	Space in storage for org.lwjgl.system.SharedLibraryExtractPath (MiB): <path not set>
	Space in storage for io.netty.native.workdir (MiB): <path not set>
	Space in storage for java.io.tmpdir (MiB): available: 108435.61, total: 487244.00
	Space in storage for workdir (MiB): available: 275351.03, total: 973695.00
	JVM Flags: 0 total; 
	Fabric Mods: 
		aibot: AIBot 0.0.1
		fabric-api: Fabric API 0.114.1+1.21.3
		fabric-api-base: Fabric API Base 0.4.50+119c825640
		fabric-api-lookup-api-v1: Fabric API Lookup API (v1) 1.6.81+fd37071f40
		fabric-biome-api-v1: Fabric Biome API (v1) 14.0.7+add2a48640
		fabric-block-api-v1: Fabric Block API (v1) 1.0.28+fd37071f40
		fabric-block-view-api-v2: Fabric BlockView API (v2) 1.0.16+fd37071f40
		fabric-blockrenderlayer-v1: Fabric BlockRenderLayer Registration (v1) 2.0.4+fd37071f40
		fabric-client-tags-api-v1: Fabric Client Tags 1.1.25+a730659c40
		fabric-command-api-v1: Fabric Command API (v1) 1.2.58+f71b366f40
		fabric-command-api-v2: Fabric Command API (v2) 2.2.37+c9d82ab240
		fabric-commands-v0: Fabric Commands (v0) 0.2.75+df3654b340
		fabric-content-registries-v0: Fabric Content Registries (v0) 9.1.8+fd37071f40
		fabric-convention-tags-v1: Fabric Convention Tags 2.1.4+7f945d5b40
		fabric-convention-tags-v2: Fabric Convention Tags (v2) 2.9.4+129f0c1f40
		fabric-crash-report-info-v1: Fabric Crash Report Info (v1) 0.3.3+fd37071f40
		fabric-data-attachment-api-v1: Fabric Data Attachment API (v1) 1.4.0+dbad41f140
		fabric-data-generation-api-v1: Fabric Data Generation API (v1) 21.1.2+a730659c40
		fabric-dimensions-v1: Fabric Dimensions API (v1) 4.0.7+fd37071f40
		fabric-entity-events-v1: Fabric Entity Events (v1) 2.0.8+825023f840
		fabric-events-interaction-v0: Fabric Events Interaction (v0) 2.0.12+c2c3ac4740
		fabric-game-rule-api-v1: Fabric Game Rule API (v1) 1.0.59+fd37071f40
		fabric-gametest-api-v1: Fabric Game Test API (v1) 2.0.15+fd37071f40
		fabric-item-api-v1: Fabric Item API (v1) 11.1.7+fd37071f40
		fabric-item-group-api-v1: Fabric Item Group API (v1) 4.1.17+fd37071f40
		fabric-key-binding-api-v1: Fabric Key Binding API (v1) 1.0.53+fd37071f40
		fabric-keybindings-v0: Fabric Key Bindings (v0) 0.2.51+df3654b340
		fabric-lifecycle-events-v1: Fabric Lifecycle Events (v1) 2.5.1+6da5ef6940
		fabric-loot-api-v2: Fabric Loot API (v2) 3.0.26+3f89f5a540
		fabric-loot-api-v3: Fabric Loot API (v3) 1.0.14+fd37071f40
		fabric-message-api-v1: Fabric Message API (v1) 6.0.22+5a9b22c640
		fabric-model-loading-api-v1: Fabric Model Loading API (v1) 3.0.9+fd37071f40
		fabric-networking-api-v1: Fabric Networking API (v1) 4.3.5+fd37071f40
		fabric-object-builder-api-v1: Fabric Object Builder API (v1) 17.0.9+fd37071f40
		fabric-particles-v1: Fabric Particles (v1) 4.0.10+fd37071f40
		fabric-recipe-api-v1: Fabric Recipe API (v1) 7.0.5+8ea69ff840
		fabric-registry-sync-v0: Fabric Registry Sync (v0) 5.4.1+3f3c499540
		fabric-renderer-api-v1: Fabric Renderer API (v1) 4.0.5+fd37071f40
		fabric-renderer-indigo: Fabric Renderer - Indigo 1.9.5+fd37071f40
		fabric-rendering-data-attachment-v1: Fabric Rendering Data Attachment (v1) 0.3.54+73761d2e40
		fabric-rendering-fluids-v1: Fabric Rendering Fluids (v1) 3.1.15+fd37071f40
		fabric-rendering-v0: Fabric Rendering (v0) 1.1.84+df3654b340
		fabric-rendering-v1: Fabric Rendering (v1) 8.0.8+6922831640
		fabric-resource-conditions-api-v1: Fabric Resource Conditions API (v1) 5.0.8+fd37071f40
		fabric-resource-loader-v0: Fabric Resource Loader (v0) 3.0.6+fd37071f40
		fabric-screen-api-v1: Fabric Screen API (v1) 2.0.34+fd37071f40
		fabric-screen-handler-api-v1: Fabric Screen Handler API (v1) 1.3.103+fd37071f40
		fabric-sound-api-v1: Fabric Sound API (v1) 1.0.29+fd37071f40
		fabric-tag-api-v1: Fabric Tag API (v1) 1.0.0+a730659c40
		fabric-transfer-api-v1: Fabric Transfer API (v1) 5.4.3+cb44d14340
		fabric-transitive-access-wideners-v1: Fabric Transitive Access Wideners (v1) 6.2.0+54a41b1c40
		fabricloader: Fabric Loader 0.18.4
		java: OpenJDK 64-Bit Server VM 21
		minecraft: Minecraft 1.21.3
		mixinextras: MixinExtras 0.5.0
	Launched Version: Fabric
	Backend library: LWJGL version 3.3.3-snapshot
	Backend API: NVIDIA GeForce RTX 3060 Laptop GPU/PCIe/SSE2 GL version 3.2.0 NVIDIA 581.15, NVIDIA Corporation
	Window size: <not initialized>
	GFLW Platform: win32
	GL Caps: Using framebuffer using OpenGL 3.2
	GL debug messages: 
	Is Modded: Definitely; Client brand changed to 'fabric'
	Universe: 404
	Type: Client (map_client.txt)
	Locale: zh_CN
	System encoding: GBK
	File encoding: UTF-8
	CPU: 16x AMD Ryzen 7 6800H with Radeon Graphics 
#@!@# Game crashed! Crash report saved to: #@!@# D:\code\mc-experiment\aibot\crash-reports\crash-2026-09-13_03.47.25-client.txt

=== real-client launch 2026-09-12T19:47:56Z ===
[34m[03:47:57][m [32m[main/INFO][m [36m(FabricLoader/GameProvider)[m [0mLoading Minecraft 1.21.3 with Fabric Loader 0.18.4
[m[34m[03:47:58][m [32m[main/INFO][m [36m(FabricLoader)[m [0mLoading 55 mods:
	- aibot 0.0.1
	- fabric-api 0.114.1+1.21.3
	- fabric-api-base 0.4.50+119c825640
	- fabric-api-lookup-api-v1 1.6.81+fd37071f40
	- fabric-biome-api-v1 14.0.7+add2a48640
	- fabric-block-api-v1 1.0.28+fd37071f40
	- fabric-block-view-api-v2 1.0.16+fd37071f40
	- fabric-blockrenderlayer-v1 2.0.4+fd37071f40
	- fabric-client-tags-api-v1 1.1.25+a730659c40
	- fabric-command-api-v1 1.2.58+f71b366f40
	- fabric-command-api-v2 2.2.37+c9d82ab240
	- fabric-commands-v0 0.2.75+df3654b340
	- fabric-content-registries-v0 9.1.8+fd37071f40
	- fabric-convention-tags-v1 2.1.4+7f945d5b40
	- fabric-convention-tags-v2 2.9.4+129f0c1f40
	- fabric-crash-report-info-v1 0.3.3+fd37071f40
	- fabric-data-attachment-api-v1 1.4.0+dbad41f140
	- fabric-data-generation-api-v1 21.1.2+a730659c40
	- fabric-dimensions-v1 4.0.7+fd37071f40
	- fabric-entity-events-v1 2.0.8+825023f840
	- fabric-events-interaction-v0 2.0.12+c2c3ac4740
	- fabric-game-rule-api-v1 1.0.59+fd37071f40
	- fabric-gametest-api-v1 2.0.15+fd37071f40
	- fabric-item-api-v1 11.1.7+fd37071f40
	- fabric-item-group-api-v1 4.1.17+fd37071f40
	- fabric-key-binding-api-v1 1.0.53+fd37071f40
	- fabric-keybindings-v0 0.2.51+df3654b340
	- fabric-lifecycle-events-v1 2.5.1+6da5ef6940
	- fabric-loot-api-v2 3.0.26+3f89f5a540
	- fabric-loot-api-v3 1.0.14+fd37071f40
	- fabric-message-api-v1 6.0.22+5a9b22c640
	- fabric-model-loading-api-v1 3.0.9+fd37071f40
	- fabric-networking-api-v1 4.3.5+fd37071f40
	- fabric-object-builder-api-v1 17.0.9+fd37071f40
	- fabric-particles-v1 4.0.10+fd37071f40
	- fabric-recipe-api-v1 7.0.5+8ea69ff840
	- fabric-registry-sync-v0 5.4.1+3f3c499540
	- fabric-renderer-api-v1 4.0.5+fd37071f40
	- fabric-renderer-indigo 1.9.5+fd37071f40
	- fabric-rendering-data-attachment-v1 0.3.54+73761d2e40
	- fabric-rendering-fluids-v1 3.1.15+fd37071f40
	- fabric-rendering-v0 1.1.84+df3654b340
	- fabric-rendering-v1 8.0.8+6922831640
	- fabric-resource-conditions-api-v1 5.0.8+fd37071f40
	- fabric-resource-loader-v0 3.0.6+fd37071f40
	- fabric-screen-api-v1 2.0.34+fd37071f40
	- fabric-screen-handler-api-v1 1.3.103+fd37071f40
	- fabric-sound-api-v1 1.0.29+fd37071f40
	- fabric-tag-api-v1 1.0.0+a730659c40
	- fabric-transfer-api-v1 5.4.3+cb44d14340
	- fabric-transitive-access-wideners-v1 6.2.0+54a41b1c40
	- fabricloader 0.18.4
	- java 21
	- minecraft 1.21.3
	- mixinextras 0.5.0
[m[34m[03:47:58][m [32m[main/INFO][m [36m(FabricLoader/Mixin)[m [0mSpongePowered MIXIN Subsystem Version=0.8.7 Source=file:/C:/Users/15027/.gradle/caches/modules-2/files-2.1/net.fabricmc/sponge-mixin/0.17.0+mixin.0.8.7/cf31463202f72d03b0ef1e1e38e8ee71b7faaab6/sponge-mixin-0.17.0+mixin.0.8.7.jar Service=Knot/Fabric Env=CLIENT
[m[34m[03:47:58][m [32m[main/INFO][m [36m(FabricLoader/Mixin)[m [0mLoaded Fabric development mappings for mixin remapper!
[m[34m[03:47:58][m [32m[main/INFO][m [36m(FabricLoader/Mixin)[m [0mCompatibility level set to JAVA_21
[m[34m[03:48:00][m [32m[main/INFO][m [36m(FabricLoader/MixinExtras|Service)[m [0mInitializing MixinExtras via com.llamalad7.mixinextras.service.MixinExtrasServiceImpl(version=0.5.0).
[m[34m[03:48:01][m [32m[Datafixer Bootstrap/INFO][m [36m(Minecraft)[m [0m237 Datafixer optimizations took 382 milliseconds
[m[34m[03:48:08][m [32m[Render thread/INFO][m [36m(Minecraft)[m [0mEnvironment: Environment[sessionHost=https://sessionserver.mojang.com, servicesHost=https://api.minecraftservices.com, name=PROD]
[m[34m[03:48:08][m [32m[Render thread/INFO][m [36m(Minecraft)[m [0mSetting user: Bob
[m[34m[03:48:09][m [32m[Render thread/INFO][m [36m(aibot)[m [0m[AIBot] CONFIG event=operating_profile_resolved bot=- {configured_emergency_teleport=true, configured_hidden_block_scan=true, configured_forced_pickup=true, source=FILE_OR_DEFAULT, profile=strict_survival, configured_manual_teleport=true, effective_capabilities=[]}
[m[34m[03:48:09][m [33m[Render thread/WARN][m [36m(aibot)[m [0m[AIBot] CONFIG event=deepseek_key_missing bot=- {}
[m[34m[03:48:09][m [32m[Render thread/INFO][m [36m(aibot)[m [0m[AIBot] LIFECYCLE event=mod_loaded bot=- {version=0.0.1}
[m[34m[03:48:09][m [32m[Render thread/INFO][m [36m(aibot)[m [0m[AIBot] CONFIG event=config_loaded bot=- {logging_enabled=true, nav_lookahead=4, profile=strict_survival, pickup_force_radius=2.75, perception_radius=16, effective_capabilities=[], deepseek_model=deepseek-v4-flash, configured_operator_capabilities=OperatorCapabilities[hiddenBlockScan=true, emergencyTeleport=true, forcedPickup=true, manualTeleport=true]}
[m[34m[03:48:09][m [32m[Render thread/INFO][m [36m(aibot)[m [0m================================
[m[34m[03:48:09][m [32m[Render thread/INFO][m [36m(aibot)[m [0m  AIBot v0.0.1 loaded
[m[34m[03:48:09][m [32m[Render thread/INFO][m [36m(aibot)[m [0m  Mode: M6 structured logs over M5 tasks
[m[34m[03:48:09][m [32m[Render thread/INFO][m [36m(aibot)[m [0m================================
[m[34m[03:48:09][m [32m[Render thread/INFO][m [36m(Indigo)[m [0m[Indigo] Registering Indigo renderer!
[m[34m[03:48:09][m [32m[Render thread/INFO][m [36m(aibot)[m [0mAIBot real-client runtime enabled body_id=bob player=Bob control=127.0.0.1:8766
[m[34m[03:48:09][m [32m[aibot-real-client-connector/INFO][m [36m(aibot)[m [0mAIBot real-client control connected body_id=bob session=96001d73-cbf8-44a6-9025-5e23bd9fedd9
[m[34m[03:48:10][m [32m[Render thread/INFO][m [36m(Minecraft)[m [0mBackend library: LWJGL version 3.3.3-snapshot
[m[34m[03:48:11][m [32m[Render thread/INFO][m [36m(Minecraft)[m [0mReloading ResourceManager: vanilla, fabric, aibot, fabric-api, fabric-api-base, fabric-api-lookup-api-v1, fabric-biome-api-v1, fabric-block-api-v1, fabric-block-view-api-v2, fabric-blockrenderlayer-v1, fabric-client-tags-api-v1, fabric-command-api-v1, fabric-command-api-v2, fabric-commands-v0, fabric-content-registries-v0, fabric-convention-tags-v1, fabric-convention-tags-v2, fabric-crash-report-info-v1, fabric-data-attachment-api-v1, fabric-data-generation-api-v1, fabric-dimensions-v1, fabric-entity-events-v1, fabric-events-interaction-v0, fabric-game-rule-api-v1, fabric-gametest-api-v1, fabric-item-api-v1, fabric-item-group-api-v1, fabric-key-binding-api-v1, fabric-keybindings-v0, fabric-lifecycle-events-v1, fabric-loot-api-v2, fabric-loot-api-v3, fabric-message-api-v1, fabric-model-loading-api-v1, fabric-networking-api-v1, fabric-object-builder-api-v1, fabric-particles-v1, fabric-recipe-api-v1, fabric-registry-sync-v0, fabric-renderer-api-v1, fabric-renderer-indigo, fabric-rendering-data-attachment-v1, fabric-rendering-fluids-v1, fabric-rendering-v0, fabric-rendering-v1, fabric-resource-conditions-api-v1, fabric-resource-loader-v0, fabric-screen-api-v1, fabric-screen-handler-api-v1, fabric-sound-api-v1, fabric-tag-api-v1, fabric-transfer-api-v1, fabric-transitive-access-wideners-v1, fabricloader
[m[34m[03:48:12][m [32m[Worker-Main-11/INFO][m [36m(Minecraft)[m [0mFound unifont_all_no_pua-15.1.05.hex, loading
[m[34m[03:48:12][m [32m[Worker-Main-9/INFO][m [36m(Minecraft)[m [0mFound unifont_jp_patch-15.1.05.hex, loading
[m---- Minecraft Crash Report ----
// Don't be sad, have a hug! <3

Time: 2026-09-13 03:48:12
Description: Initializing game

java.nio.file.InvalidPathException: Illegal char <:> at index 20: quickPlayMultiplayer:127.0.0.1:25599
	at java.base/sun.nio.fs.WindowsPathParser.normalize(WindowsPathParser.java:204)
	at java.base/sun.nio.fs.WindowsPathParser.parse(WindowsPathParser.java:175)
	at java.base/sun.nio.fs.WindowsPathParser.parse(WindowsPathParser.java:77)
	at java.base/sun.nio.fs.WindowsPath.parse(WindowsPath.java:92)
	at java.base/sun.nio.fs.WindowsFileSystem.getPath(WindowsFileSystem.java:231)
	at java.base/java.nio.file.Path.resolve(Path.java:516)
	at knot//net.minecraft.client.QuickPlayLogger.<init>(QuickPlayLogger.java:44)
	at knot//net.minecraft.client.QuickPlayLogger.create(QuickPlayLogger.java:51)
	at knot//net.minecraft.client.MinecraftClient.<init>(MinecraftClient.java:730)
	at knot//net.minecraft.client.main.Main.main(Main.java:248)
	at net.fabricmc.loader.impl.game.minecraft.MinecraftGameProvider.launch(MinecraftGameProvider.java:514)
	at net.fabricmc.loader.impl.launch.knot.Knot.launch(Knot.java:72)
	at net.fabricmc.loader.impl.launch.knot.KnotClient.main(KnotClient.java:23)
	at net.fabricmc.devlaunchinjector.Main.main(Main.java:86)


A detailed walkthrough of the error, its code path and all known details is as follows:
---------------------------------------------------------------------------------------

-- Head --
Thread: Render thread
Stacktrace:
	at java.base/sun.nio.fs.WindowsPathParser.normalize(WindowsPathParser.java:204)
	at java.base/sun.nio.fs.WindowsPathParser.parse(WindowsPathParser.java:175)
	at java.base/sun.nio.fs.WindowsPathParser.parse(WindowsPathParser.java:77)
	at java.base/sun.nio.fs.WindowsPath.parse(WindowsPath.java:92)
	at java.base/sun.nio.fs.WindowsFileSystem.getPath(WindowsFileSystem.java:231)
	at java.base/java.nio.file.Path.resolve(Path.java:516)
	at knot//net.minecraft.client.QuickPlayLogger.<init>(QuickPlayLogger.java:44)
	at knot//net.minecraft.client.QuickPlayLogger.create(QuickPlayLogger.java:51)
	at knot//net.minecraft.client.MinecraftClient.<init>(MinecraftClient.java:730)

-- Initialization --
Details:
	Modules: 
		ADVAPI32.dll:¸ß¼¶ Windows 32 »ù±¾ API:10.0.26100.8875 (WinBuild.160101.0800):Microsoft Corporation
		COMCTL32.dll:ÓÃ»§ÌåÑé¿Ø¼þ¿â:6.10 (WinBuild.160101.0800):Microsoft Corporation
		CRYPT32.dll:¼ÓÃÜ API32:10.0.26100.8875 (WinBuild.160101.0800):Microsoft Corporation
		CRYPTBASE.dll:Base cryptographic API DLL:10.0.26100.8875 (WinBuild.160101.0800):Microsoft Corporation
		CRYPTSP.dll:Cryptographic Service Provider API:10.0.26100.8875 (WinBuild.160101.0800):Microsoft Corporation
		CoreMessaging.dll:Microsoft CoreMessaging Dll:10.0.26100.8972 (WinBuild.160101.0800):Microsoft Corporation
		CoreUIComponents.dll:Microsoft Core UI Components Dll:10.0.26100.9168:Microsoft Corporation
		DBGHELP.DLL:Windows Image Helper:10.0.26100.8328 (WinBuild.160101.0800):Microsoft Corporation
		DEVOBJ.dll:Device Information Set DLL:10.0.26100.8972 (WinBuild.160101.0800):Microsoft Corporation
		DNSAPI.dll:DNS ¿Í»§¶Ë API DLL:10.0.26100.8972 (WinBuild.160101.0800):Microsoft Corporation
		DSPARSE.dll:Active Directory Domain Services API:10.0.26100.1 (WinBuild.160101.0800):Microsoft Corporation
		GDI32.dll:GDI Client DLL:10.0.26100.8328 (WinBuild.160101.0800):Microsoft Corporation
		GLU32.dll:OpenGL ÊµÓÃ¹¤¾ß¿â DLL:10.0.26100.8875 (WinBuild.160101.0800):Microsoft Corporation
		IMM32.DLL:Multi-User Windows IMM32 API Client DLL:10.0.26100.8521 (WinBuild.160101.0800):Microsoft Corporation
		IPHLPAPI.DLL:IP °ïÖú³ÌÐò API:10.0.26100.8875 (WinBuild.160101.0800):Microsoft Corporation
		KERNEL32.DLL:Windows NT »ù±¾ API ¿Í»§¶Ë DLL:10.0.26100.8972 (WinBuild.160101.0800):Microsoft Corporation
		KERNELBASE.dll:Windows NT »ù±¾ API ¿Í»§¶Ë DLL:10.0.26100.8972 (WinBuild.160101.0800):Microsoft Corporation
		MMDevApi.dll:MMDevice API:10.0.26100.8875 (WinBuild.160101.0800):Microsoft Corporation
		MSCTF.dll:MSCTF ·þÎñÆ÷ DLL:10.0.26100.8875 (WinBuild.160101.0800):Microsoft Corporation
		MpOav.dll:IOfficeAntiVirus Module:4.18.26080.3 (9e1f3147fbc83f18a98a965394a23e07747d7295):Microsoft Corporation
		NSI.dll:NSI User-mode interface DLL:10.0.26100.8875 (WinBuild.160101.0800):Microsoft Corporation
		NTASN1.dll:Microsoft ASN.1 API:10.0.26100.1 (WinBuild.160101.0800):Microsoft Corporation
		OLEAUT32.dll:OLEAUT32.DLL:10.0.26100.8972 (WinBuild.160101.0800):Microsoft Corporation
		Ole32.dll:ÓÃÓÚ Windows µÄ Microsoft OLE:10.0.26100.8875 (WinBuild.160101.0800):Microsoft Corporation
		OpenAL.dll:Main implementation library:1.23.1:
		POWRPROF.dll:µçÔ´ÅäÖÃÎÄ¼þ°ïÖú³ÌÐò DLL:10.0.26100.8875 (WinBuild.160101.0800):Microsoft Corporation
		PSAPI.DLL:Process Status Helper:10.0.26100.8521 (WinBuild.160101.0800):Microsoft Corporation
		Pdh.dll:Windows ÐÔÄÜÊý¾ÝÖúÊÖ DLL:10.0.26100.8875 (WinBuild.160101.0800):Microsoft Corporation
		RPCRT4.dll:Ô¶³Ì¹ý³Ìµ÷ÓÃÔËÐÐÊ±:10.0.26100.8875 (WinBuild.160101.0800):Microsoft Corporation
		SETUPAPI.dll:Windows °²×°³ÌÐò API:10.0.26100.8875 (WinBuild.160101.0800):Microsoft Corporation
		SHCORE.dll:SHCORE:10.0.26100.8875 (WinBuild.160101.0800):Microsoft Corporation
		SHELL32.dll:Windows Shell ¹«ÓÃ DLL:10.0.26100.8972 (WinBuild.160101.0800):Microsoft Corporation
		SspiCli.dll:Security Support Provider Interface:10.0.26100.8972 (WinBuild.160101.0800):Microsoft Corporation
		UMPDC.dll:User Mode Power Dependency Coordinator:10.0.26100.8972 (WinBuild.160101.0800):Microsoft Corporation
		USER32.dll:¶àÓÃ»§ Windows ÓÃ»§ API ¿Í»§¶Ë DLL:10.0.26100.8875 (WinBuild.160101.0800):Microsoft Corporation
		USERENV.dll:Userenv:10.0.26100.8875 (WinBuild.160101.0800):Microsoft Corporation
		VCRUNTIME140.dll:Microsoft? C Runtime Library:14.40.33810.0:Microsoft Corporation
		VERSION.dll:Version Checking and File Installation Libraries:10.0.26100.1150 (WinBuild.160101.0800):Microsoft Corporation
		WINHTTP.dll:Windows HTTP ·þÎñ:10.0.26100.8875 (WinBuild.160101.0800):Microsoft Corporation
		WINMM.dll:MCI API DLL:10.0.26100.8875 (WinBuild.160101.0800):Microsoft Corporation
		WINSTA.dll:Winstation Library:10.0.26100.8972 (WinBuild.160101.0800):Microsoft Corporation
		WINTRUST.dll:Microsoft Trust Verification APIs:10.0.26100.8972 (WinBuild.160101.0800):Microsoft Corporation
		WS2_32.dll:Windows Socket 2.0 32 Î» DLL:10.0.26100.8875 (WinBuild.160101.0800):Microsoft Corporation
		WTSAPI32.dll:Windows Remote Desktop Session Host Server SDK APIs:10.0.26100.8972 (WinBuild.160101.0800):Microsoft Corporation
		amsi.dll:Anti-Malware Scan Interface:10.0.26100.7309 (WinBuild.160101.0800):Microsoft Corporation
		bcrypt.dll:Windows ¼ÓÃÜ»ùÔª¿â:10.0.26100.8875 (WinBuild.160101.0800):Microsoft Corporation
		bcryptPrimitives.dll:Windows Cryptographic Primitives Library:10.0.26100.9168 (WinBuild.160101.0800):Microsoft Corporation
		cfgmgr32.dll:Configuration Manager DLL:10.0.26100.8972 (WinBuild.160101.0800):Microsoft Corporation
		clbcatq.dll:COM+ Configuration Catalog:2001.12.10941.16384 (WinBuild.160101.0800):Microsoft Corporation
		combase.dll:ÓÃÓÚ Windows µÄ Microsoft COM:10.0.26100.8875 (WinBuild.160101.0800):Microsoft Corporation
		cryptnet.dll:Crypto Network Related API:10.0.26100.8972 (WinBuild.160101.0800):Microsoft Corporation
		dbgcore.DLL:Windows Core Debugging Helpers:10.0.26100.8972 (WinBuild.160101.0800):Microsoft Corporation
		dinput8.dll:Microsoft DirectInput:10.0.26100.8875 (WinBuild.160101.0800):Microsoft Corporation
		drvstore.dll:Driver Store API:10.0.26100.8972 (WinBuild.160101.0800):Microsoft Corporation
		dwmapi.dll:Microsoft ×ÀÃæ´°¿Ú¹ÜÀíÆ÷ API:10.0.26100.8875 (WinBuild.160101.0800):Microsoft Corporation
		dxcore.dll:DXCore:10.0.26100.8972 (WinBuild.160101.0800):Microsoft Corporation
		extnet.dll:OpenJDK Platform binary:21.0.12.1:Eclipse Adoptium
		fastprox.dll:WMI Custom Marshaller:10.0.26100.8972 (WinBuild.160101.0800):Microsoft Corporation
		fwpuclnt.dll:FWP/IPsec ÓÃ»§Ä£Ê½ API:10.0.26100.8875 (WinBuild.160101.0800):Microsoft Corporation
		gdi32full.dll:GDI Client DLL:10.0.26100.9168 (WinBuild.160101.0800):Microsoft Corporation
		glfw.dll:GLFW 3.4.0 DLL:3.4.0:GLFW
		icm32.dll:Microsoft Color Management Module (CMM):10.0.26100.9168 (WinBuild.160101.0800):Microsoft Corporation
		imagehlp.dll:Windows NT Image Helper:10.0.26100.4202 (WinBuild.160101.0800):Microsoft Corporation
		inputhost.dll:InputHost:10.0.26100.8972 (WinBuild.160101.0800):Microsoft Corporation
		java.dll:OpenJDK Platform binary:21.0.12.1:Eclipse Adoptium
		java.exe:OpenJDK Platform binary:21.0.12.1:Eclipse Adoptium
		jemalloc.dll
		jimage.dll:OpenJDK Platform binary:21.0.12.1:Eclipse Adoptium
		jli.dll:OpenJDK Platform binary:21.0.12.1:Eclipse Adoptium
		jna12643947116703261113.dll:JNA native library:7.0.0:Java(TM) Native Access (JNA)
		jsvml.dll:OpenJDK Platform binary:21.0.12.1:Eclipse Adoptium
		jvm.dll:OpenJDK 64-Bit server VM:21.0.12.1:Eclipse Adoptium
		kernel.appcore.dll:AppModel API Host:10.0.26100.8737 (WinBuild.160101.0800):Microsoft Corporation
		lwjgl.dll
		lwjgl_opengl.dll
		lwjgl_stb.dll
		management.dll:OpenJDK Platform binary:21.0.12.1:Eclipse Adoptium
		management_ext.dll:OpenJDK Platform binary:21.0.12.1:Eclipse Adoptium
		msasn1.dll:ASN.1 Runtime APIs:10.0.26100.8875 (WinBuild.160101.0800):Microsoft Corporation
		mscms.dll:Microsoft ÑÕÉ«Æ¥ÅäÏµÍ³ DLL:10.0.26100.8875 (WinBuild.160101.0800):Microsoft Corporation
		msvcp140.dll:Microsoft? C Runtime Library:14.40.33810.0:Microsoft Corporation
		msvcp_win.dll:Microsoft? C Runtime Library:10.0.26100.8875 (WinBuild.160101.0800):Microsoft Corporation
		msvcrt.dll:Windows NT CRT DLL:7.0.26100.8875 (WinBuild.160101.0800):Microsoft Corporation
		mswsock.dll:Microsoft Windows Sockets 2.0 ·þÎñÌá¹©³ÌÐò:10.0.26100.8875 (WinBuild.160101.0800):Microsoft Corporation
		napinsp.dll:µç×ÓÓÊ¼þÃüÃûÌî³äÌá¹©³ÌÐò:10.0.26100.8875 (WinBuild.160101.0800):Microsoft Corporation
		ncrypt.dll:Windows NCrypt Â·ÓÉÆ÷:10.0.26100.8875 (WinBuild.160101.0800):Microsoft Corporation
		net.dll:OpenJDK Platform binary:21.0.12.1:Eclipse Adoptium
		nio.dll:OpenJDK Platform binary:21.0.12.1:Eclipse Adoptium
		nlansp_c.dll:NLA Namespace Service Provider DLL:10.0.26100.8972 (WinBuild.160101.0800):Microsoft Corporation
		ntdll.dll:NT ²ã DLL:10.0.26100.8972 (WinBuild.160101.0800):Microsoft Corporation
		ntmarta.dll:Windows NT MARTA Ìá¹©³ÌÐò:10.0.26100.8875 (WinBuild.160101.0800):Microsoft Corporation
		nvgpucomp64.dll:NVIDIA GPU Compiler Driver, Version 581.15 :32.0.15.8115:NVIDIA Corporation
		nvoglv64.dll:NVIDIA Compatible OpenGL ICD:32.0.15.8115:NVIDIA Corporation
		nvspcap64.dll:NVIDIA Game Proxy 8FileVersion  1:11.0.5.245  8Produc:NVIDIA Corporation  L$FileDescriptio
		opengl32.dll:OpenGL Client DLL:10.0.26100.8972 (WinBuild.160101.0800):Microsoft Corporation
		perfos.dll:Windows ÏµÍ³ÐÔÄÜ¶ÔÏó DLL:10.0.26100.8875 (WinBuild.160101.0800):Microsoft Corporation
		pfclient.dll:SysMain Client:10.0.26100.4202 (WinBuild.160101.0800):Microsoft Corporation
		profapi.dll:User Profile Basic API:10.0.26100.9168 (WinBuild.160101.0800):Microsoft Corporation
		rasadhlp.dll:Remote Access AutoDial Helper:10.0.26100.7920 (WinBuild.160101.0800):Microsoft Corporation
		rsaenh.dll:Microsoft Enhanced Cryptographic Provider:10.0.26100.1 (WinBuild.160101.0800):Microsoft Corporation
		sapi.dll:ÓïÒô API:5.3.31910.00 (WinBuild.160101.0800):Microsoft Corporation
		sechost.dll:Host for SCM/SDDL/LSA Lookup APIs:10.0.26100.1 (WinBuild.160101.0800):Microsoft Corporation
		shlwapi.dll:Íâ¿Ç¼òÒ×ÊµÓÃ¹¤¾ß¿â:10.0.26100.8875 (WinBuild.160101.0800):Microsoft Corporation
		sunmscapi.dll:OpenJDK Platform binary:21.0.12.1:Eclipse Adoptium
		textinputframework.dll:"TextInputFramework.DYNLINK":10.0.26100.8972 (WinBuild.160101.0800):Microsoft Corporation
		ucrtbase.dll:Microsoft? C Runtime Library:10.0.26100.8875 (WinBuild.160101.0800):Microsoft Corporation
		uxtheme.dll:Microsoft UxTheme ¿â:10.0.26100.8875 (WinBuild.160101.0800):Microsoft Corporation
		vcruntime140_1.dll:Microsoft? C Runtime Library:14.40.33810.0:Microsoft Corporation
		verify.dll:OpenJDK Platform binary:21.0.12.1:Eclipse Adoptium
		wbemcomn.dll:WMI:10.0.26100.7920 (WinBuild.160101.0800):Microsoft Corporation
		wbemprox.dll:WMI:10.0.26100.8972 (WinBuild.160101.0800):Microsoft Corporation
		wbemsvc.dll:WMI:10.0.26100.8972 (WinBuild.160101.0800):Microsoft Corporation
		win32u.dll:Win32u:10.0.26100.9168 (WinBuild.160101.0800):Microsoft Corporation
		windows.staterepositorycore.dll:Windows StateRepository API Core:10.0.26100.8972 (WinBuild.160101.0800):Microsoft Corporation
		windows.storage.dll:Microsoft WinRT Storage API:10.0.26100.8972 (WinBuild.160101.0800):Microsoft Corporation
		winrnr.dll:LDAP RnR Provider DLL:10.0.26100.8737 (WinBuild.160101.0800):Microsoft Corporation
		wintypes.dll:Windows »ù±¾ÀàÐÍ DLL:10.0.26100.8875 (WinBuild.160101.0800):Microsoft Corporation
		wldp.dll:Windows Ëø¶¨²ßÂÔ:10.0.26100.8875 (WinBuild.160101.0800):Microsoft Corporation
		wshbth.dll:Windows Sockets Helper DLL:10.0.26100.8875 (WinBuild.160101.0800):Microsoft Corporation
		wshunix.dll:AF_UNIX Winsock2 Helper DLL:10.0.26100.1 (WinBuild.160101.0800):Microsoft Corporation
		xinput1_4.dll:Microsoft ¹«¹²¿ØÖÆÆ÷ API:10.0.26100.8875 (WinBuild.160101.0800):Microsoft Corporation
		zip.dll:OpenJDK Platform binary:21.0.12.1:Eclipse Adoptium
Stacktrace:
	at knot//net.minecraft.client.main.Main.main(Main.java:248)
	at net.fabricmc.loader.impl.game.minecraft.MinecraftGameProvider.launch(MinecraftGameProvider.java:514)
	at net.fabricmc.loader.impl.launch.knot.Knot.launch(Knot.java:72)
	at net.fabricmc.loader.impl.launch.knot.KnotClient.main(KnotClient.java:23)
	at net.fabricmc.devlaunchinjector.Main.main(Main.java:86)

-- System Details --
Details:
	Minecraft Version: 1.21.3
	Minecraft Version ID: 1.21.3
	Operating System: Windows 11 (amd64) version 10.0
	Java Version: 21.0.12.1, Eclipse Adoptium
	Java VM Version: OpenJDK 64-Bit Server VM (mixed mode, sharing), Eclipse Adoptium
	Memory: 45106448 bytes (43 MiB) / 419430400 bytes (400 MiB) up to 16970153984 bytes (16184 MiB)
	CPUs: 16
	Processor Vendor: AuthenticAMD
	Processor Name: AMD Ryzen 7 6800H with Radeon Graphics         
	Identifier: AuthenticAMD Family 25 Model 68 Stepping 1
	Microarchitecture: Zen 3
	Frequency (GHz): 3.19
	Number of physical packages: 1
	Number of physical CPUs: 8
	Number of logical CPUs: 16
	Graphics card #0 name: NVIDIA GeForce RTX 3060 Laptop GPU
	Graphics card #0 vendor: NVIDIA
	Graphics card #0 VRAM (MiB): 6144.00
	Graphics card #0 deviceId: VideoController1
	Graphics card #0 versionInfo: 32.0.15.8115
	Graphics card #1 name: AMD Radeon(TM) Graphics
	Graphics card #1 vendor: Advanced Micro Devices, Inc.
	Graphics card #1 VRAM (MiB): 512.00
	Graphics card #1 deviceId: VideoController2
	Graphics card #1 versionInfo: 30.0.14052.5
	Memory slot #0 capacity (MiB): 32768.00
	Memory slot #0 clockSpeed (GHz): 4.80
	Memory slot #0 type: Unknown
	Memory slot #1 capacity (MiB): 32768.00
	Memory slot #1 clockSpeed (GHz): 4.80
	Memory slot #1 type: Unknown
	Virtual memory max (MiB): 85189.02
	Virtual memory used (MiB): 34342.59
	Swap memory total (MiB): 20480.00
	Swap memory used (MiB): 280.87
	Space in storage for jna.tmpdir (MiB): <path not set>
	Space in storage for org.lwjgl.system.SharedLibraryExtractPath (MiB): <path not set>
	Space in storage for io.netty.native.workdir (MiB): <path not set>
	Space in storage for java.io.tmpdir (MiB): available: 108435.30, total: 487244.00
	Space in storage for workdir (MiB): available: 275350.94, total: 973695.00
	JVM Flags: 0 total; 
	Fabric Mods: 
		aibot: AIBot 0.0.1
		fabric-api: Fabric API 0.114.1+1.21.3
		fabric-api-base: Fabric API Base 0.4.50+119c825640
		fabric-api-lookup-api-v1: Fabric API Lookup API (v1) 1.6.81+fd37071f40
		fabric-biome-api-v1: Fabric Biome API (v1) 14.0.7+add2a48640
		fabric-block-api-v1: Fabric Block API (v1) 1.0.28+fd37071f40
		fabric-block-view-api-v2: Fabric BlockView API (v2) 1.0.16+fd37071f40
		fabric-blockrenderlayer-v1: Fabric BlockRenderLayer Registration (v1) 2.0.4+fd37071f40
		fabric-client-tags-api-v1: Fabric Client Tags 1.1.25+a730659c40
		fabric-command-api-v1: Fabric Command API (v1) 1.2.58+f71b366f40
		fabric-command-api-v2: Fabric Command API (v2) 2.2.37+c9d82ab240
		fabric-commands-v0: Fabric Commands (v0) 0.2.75+df3654b340
		fabric-content-registries-v0: Fabric Content Registries (v0) 9.1.8+fd37071f40
		fabric-convention-tags-v1: Fabric Convention Tags 2.1.4+7f945d5b40
		fabric-convention-tags-v2: Fabric Convention Tags (v2) 2.9.4+129f0c1f40
		fabric-crash-report-info-v1: Fabric Crash Report Info (v1) 0.3.3+fd37071f40
		fabric-data-attachment-api-v1: Fabric Data Attachment API (v1) 1.4.0+dbad41f140
		fabric-data-generation-api-v1: Fabric Data Generation API (v1) 21.1.2+a730659c40
		fabric-dimensions-v1: Fabric Dimensions API (v1) 4.0.7+fd37071f40
		fabric-entity-events-v1: Fabric Entity Events (v1) 2.0.8+825023f840
		fabric-events-interaction-v0: Fabric Events Interaction (v0) 2.0.12+c2c3ac4740
		fabric-game-rule-api-v1: Fabric Game Rule API (v1) 1.0.59+fd37071f40
		fabric-gametest-api-v1: Fabric Game Test API (v1) 2.0.15+fd37071f40
		fabric-item-api-v1: Fabric Item API (v1) 11.1.7+fd37071f40
		fabric-item-group-api-v1: Fabric Item Group API (v1) 4.1.17+fd37071f40
		fabric-key-binding-api-v1: Fabric Key Binding API (v1) 1.0.53+fd37071f40
		fabric-keybindings-v0: Fabric Key Bindings (v0) 0.2.51+df3654b340
		fabric-lifecycle-events-v1: Fabric Lifecycle Events (v1) 2.5.1+6da5ef6940
		fabric-loot-api-v2: Fabric Loot API (v2) 3.0.26+3f89f5a540
		fabric-loot-api-v3: Fabric Loot API (v3) 1.0.14+fd37071f40
		fabric-message-api-v1: Fabric Message API (v1) 6.0.22+5a9b22c640
		fabric-model-loading-api-v1: Fabric Model Loading API (v1) 3.0.9+fd37071f40
		fabric-networking-api-v1: Fabric Networking API (v1) 4.3.5+fd37071f40
		fabric-object-builder-api-v1: Fabric Object Builder API (v1) 17.0.9+fd37071f40
		fabric-particles-v1: Fabric Particles (v1) 4.0.10+fd37071f40
		fabric-recipe-api-v1: Fabric Recipe API (v1) 7.0.5+8ea69ff840
		fabric-registry-sync-v0: Fabric Registry Sync (v0) 5.4.1+3f3c499540
		fabric-renderer-api-v1: Fabric Renderer API (v1) 4.0.5+fd37071f40
		fabric-renderer-indigo: Fabric Renderer - Indigo 1.9.5+fd37071f40
		fabric-rendering-data-attachment-v1: Fabric Rendering Data Attachment (v1) 0.3.54+73761d2e40
		fabric-rendering-fluids-v1: Fabric Rendering Fluids (v1) 3.1.15+fd37071f40
		fabric-rendering-v0: Fabric Rendering (v0) 1.1.84+df3654b340
		fabric-rendering-v1: Fabric Rendering (v1) 8.0.8+6922831640
		fabric-resource-conditions-api-v1: Fabric Resource Conditions API (v1) 5.0.8+fd37071f40
		fabric-resource-loader-v0: Fabric Resource Loader (v0) 3.0.6+fd37071f40
		fabric-screen-api-v1: Fabric Screen API (v1) 2.0.34+fd37071f40
		fabric-screen-handler-api-v1: Fabric Screen Handler API (v1) 1.3.103+fd37071f40
		fabric-sound-api-v1: Fabric Sound API (v1) 1.0.29+fd37071f40
		fabric-tag-api-v1: Fabric Tag API (v1) 1.0.0+a730659c40
		fabric-transfer-api-v1: Fabric Transfer API (v1) 5.4.3+cb44d14340
		fabric-transitive-access-wideners-v1: Fabric Transitive Access Wideners (v1) 6.2.0+54a41b1c40
		fabricloader: Fabric Loader 0.18.4
		java: OpenJDK 64-Bit Server VM 21
		minecraft: Minecraft 1.21.3
		mixinextras: MixinExtras 0.5.0
	Launched Version: Fabric
	Backend library: LWJGL version 3.3.3-snapshot
	Backend API: NVIDIA GeForce RTX 3060 Laptop GPU/PCIe/SSE2 GL version 3.2.0 NVIDIA 581.15, NVIDIA Corporation
	Window size: <not initialized>
	GFLW Platform: win32
	GL Caps: Using framebuffer using OpenGL 3.2
	GL debug messages: 
	Is Modded: Definitely; Client brand changed to 'fabric'
	Universe: 404
	Type: Client (map_client.txt)
	Locale: zh_CN
	System encoding: GBK
	File encoding: UTF-8
	CPU: 16x AMD Ryzen 7 6800H with Radeon Graphics 
#@!@# Game crashed! Crash report saved to: #@!@# D:\code\mc-experiment\aibot\crash-reports\crash-2026-09-13_03.48.12-client.txt

=== real-client launch 2026-09-12T19:48:43Z ===
[34m[03:48:45][m [32m[main/INFO][m [36m(FabricLoader/GameProvider)[m [0mLoading Minecraft 1.21.3 with Fabric Loader 0.18.4
[m[34m[03:48:45][m [32m[main/INFO][m [36m(FabricLoader)[m [0mLoading 55 mods:
	- aibot 0.0.1
	- fabric-api 0.114.1+1.21.3
	- fabric-api-base 0.4.50+119c825640
	- fabric-api-lookup-api-v1 1.6.81+fd37071f40
	- fabric-biome-api-v1 14.0.7+add2a48640
	- fabric-block-api-v1 1.0.28+fd37071f40
	- fabric-block-view-api-v2 1.0.16+fd37071f40
	- fabric-blockrenderlayer-v1 2.0.4+fd37071f40
	- fabric-client-tags-api-v1 1.1.25+a730659c40
	- fabric-command-api-v1 1.2.58+f71b366f40
	- fabric-command-api-v2 2.2.37+c9d82ab240
	- fabric-commands-v0 0.2.75+df3654b340
	- fabric-content-registries-v0 9.1.8+fd37071f40
	- fabric-convention-tags-v1 2.1.4+7f945d5b40
	- fabric-convention-tags-v2 2.9.4+129f0c1f40
	- fabric-crash-report-info-v1 0.3.3+fd37071f40
	- fabric-data-attachment-api-v1 1.4.0+dbad41f140
	- fabric-data-generation-api-v1 21.1.2+a730659c40
	- fabric-dimensions-v1 4.0.7+fd37071f40
	- fabric-entity-events-v1 2.0.8+825023f840
	- fabric-events-interaction-v0 2.0.12+c2c3ac4740
	- fabric-game-rule-api-v1 1.0.59+fd37071f40
	- fabric-gametest-api-v1 2.0.15+fd37071f40
	- fabric-item-api-v1 11.1.7+fd37071f40
	- fabric-item-group-api-v1 4.1.17+fd37071f40
	- fabric-key-binding-api-v1 1.0.53+fd37071f40
	- fabric-keybindings-v0 0.2.51+df3654b340
	- fabric-lifecycle-events-v1 2.5.1+6da5ef6940
	- fabric-loot-api-v2 3.0.26+3f89f5a540
	- fabric-loot-api-v3 1.0.14+fd37071f40
	- fabric-message-api-v1 6.0.22+5a9b22c640
	- fabric-model-loading-api-v1 3.0.9+fd37071f40
	- fabric-networking-api-v1 4.3.5+fd37071f40
	- fabric-object-builder-api-v1 17.0.9+fd37071f40
	- fabric-particles-v1 4.0.10+fd37071f40
	- fabric-recipe-api-v1 7.0.5+8ea69ff840
	- fabric-registry-sync-v0 5.4.1+3f3c499540
	- fabric-renderer-api-v1 4.0.5+fd37071f40
	- fabric-renderer-indigo 1.9.5+fd37071f40
	- fabric-rendering-data-attachment-v1 0.3.54+73761d2e40
	- fabric-rendering-fluids-v1 3.1.15+fd37071f40
	- fabric-rendering-v0 1.1.84+df3654b340
	- fabric-rendering-v1 8.0.8+6922831640
	- fabric-resource-conditions-api-v1 5.0.8+fd37071f40
	- fabric-resource-loader-v0 3.0.6+fd37071f40
	- fabric-screen-api-v1 2.0.34+fd37071f40
	- fabric-screen-handler-api-v1 1.3.103+fd37071f40
	- fabric-sound-api-v1 1.0.29+fd37071f40
	- fabric-tag-api-v1 1.0.0+a730659c40
	- fabric-transfer-api-v1 5.4.3+cb44d14340
	- fabric-transitive-access-wideners-v1 6.2.0+54a41b1c40
	- fabricloader 0.18.4
	- java 21
	- minecraft 1.21.3
	- mixinextras 0.5.0
[m[34m[03:48:45][m [32m[main/INFO][m [36m(FabricLoader/Mixin)[m [0mSpongePowered MIXIN Subsystem Version=0.8.7 Source=file:/C:/Users/15027/.gradle/caches/modules-2/files-2.1/net.fabricmc/sponge-mixin/0.17.0+mixin.0.8.7/cf31463202f72d03b0ef1e1e38e8ee71b7faaab6/sponge-mixin-0.17.0+mixin.0.8.7.jar Service=Knot/Fabric Env=CLIENT
[m[34m[03:48:45][m [32m[main/INFO][m [36m(FabricLoader/Mixin)[m [0mLoaded Fabric development mappings for mixin remapper!
[m[34m[03:48:45][m [32m[main/INFO][m [36m(FabricLoader/Mixin)[m [0mCompatibility level set to JAVA_21
[m[34m[03:48:47][m [32m[main/INFO][m [36m(FabricLoader/MixinExtras|Service)[m [0mInitializing MixinExtras via com.llamalad7.mixinextras.service.MixinExtrasServiceImpl(version=0.5.0).
[m[34m[03:48:48][m [32m[Datafixer Bootstrap/INFO][m [36m(Minecraft)[m [0m237 Datafixer optimizations took 410 milliseconds
[m[34m[03:48:56][m [32m[Render thread/INFO][m [36m(Minecraft)[m [0mEnvironment: Environment[sessionHost=https://sessionserver.mojang.com, servicesHost=https://api.minecraftservices.com, name=PROD]
[m[34m[03:48:56][m [32m[Render thread/INFO][m [36m(Minecraft)[m [0mSetting user: Bob
[m[34m[03:48:56][m [32m[Render thread/INFO][m [36m(aibot)[m [0m[AIBot] CONFIG event=operating_profile_resolved bot=- {configured_hidden_block_scan=true, configured_forced_pickup=true, source=FILE_OR_DEFAULT, profile=strict_survival, configured_manual_teleport=true, effective_capabilities=[], configured_emergency_teleport=true}
[m[34m[03:48:56][m [33m[Render thread/WARN][m [36m(aibot)[m [0m[AIBot] CONFIG event=deepseek_key_missing bot=- {}
[m[34m[03:48:56][m [32m[Render thread/INFO][m [36m(aibot)[m [0m[AIBot] LIFECYCLE event=mod_loaded bot=- {version=0.0.1}
[m[34m[03:48:56][m [32m[Render thread/INFO][m [36m(aibot)[m [0m[AIBot] CONFIG event=config_loaded bot=- {nav_lookahead=4, profile=strict_survival, pickup_force_radius=2.75, perception_radius=16, effective_capabilities=[], deepseek_model=deepseek-v4-flash, configured_operator_capabilities=OperatorCapabilities[hiddenBlockScan=true, emergencyTeleport=true, forcedPickup=true, manualTeleport=true], logging_enabled=true}
[m[34m[03:48:56][m [32m[Render thread/INFO][m [36m(aibot)[m [0m================================
[m[34m[03:48:56][m [32m[Render thread/INFO][m [36m(aibot)[m [0m  AIBot v0.0.1 loaded
[m[34m[03:48:56][m [32m[Render thread/INFO][m [36m(aibot)[m [0m  Mode: M6 structured logs over M5 tasks
[m[34m[03:48:56][m [32m[Render thread/INFO][m [36m(aibot)[m [0m================================
[m[34m[03:48:57][m [32m[aibot-real-client-connector/INFO][m [36m(aibot)[m [0mAIBot real-client control connected body_id=bob session=d1c3135e-160b-4df9-8abb-dcdd544cad31
[m[34m[03:48:57][m [32m[Render thread/INFO][m [36m(aibot)[m [0mAIBot real-client runtime enabled body_id=bob player=Bob control=127.0.0.1:8766
[m[34m[03:48:57][m [32m[Render thread/INFO][m [36m(Indigo)[m [0m[Indigo] Registering Indigo renderer!
[m[34m[03:48:58][m [32m[Render thread/INFO][m [36m(Minecraft)[m [0mBackend library: LWJGL version 3.3.3-snapshot
[m[34m[03:48:59][m [32m[Render thread/INFO][m [36m(Minecraft)[m [0mReloading ResourceManager: vanilla, fabric, aibot, fabric-api, fabric-api-base, fabric-api-lookup-api-v1, fabric-biome-api-v1, fabric-block-api-v1, fabric-block-view-api-v2, fabric-blockrenderlayer-v1, fabric-client-tags-api-v1, fabric-command-api-v1, fabric-command-api-v2, fabric-commands-v0, fabric-content-registries-v0, fabric-convention-tags-v1, fabric-convention-tags-v2, fabric-crash-report-info-v1, fabric-data-attachment-api-v1, fabric-data-generation-api-v1, fabric-dimensions-v1, fabric-entity-events-v1, fabric-events-interaction-v0, fabric-game-rule-api-v1, fabric-gametest-api-v1, fabric-item-api-v1, fabric-item-group-api-v1, fabric-key-binding-api-v1, fabric-keybindings-v0, fabric-lifecycle-events-v1, fabric-loot-api-v2, fabric-loot-api-v3, fabric-message-api-v1, fabric-model-loading-api-v1, fabric-networking-api-v1, fabric-object-builder-api-v1, fabric-particles-v1, fabric-recipe-api-v1, fabric-registry-sync-v0, fabric-renderer-api-v1, fabric-renderer-indigo, fabric-rendering-data-attachment-v1, fabric-rendering-fluids-v1, fabric-rendering-v0, fabric-rendering-v1, fabric-resource-conditions-api-v1, fabric-resource-loader-v0, fabric-screen-api-v1, fabric-screen-handler-api-v1, fabric-sound-api-v1, fabric-tag-api-v1, fabric-transfer-api-v1, fabric-transitive-access-wideners-v1, fabricloader
[m[34m[03:48:59][m [32m[Worker-Main-5/INFO][m [36m(Minecraft)[m [0mFound unifont_all_no_pua-15.1.05.hex, loading
[m[34m[03:48:59][m [32m[Worker-Main-4/INFO][m [36m(Minecraft)[m [0mFound unifont_jp_patch-15.1.05.hex, loading
[m---- Minecraft Crash Report ----
// There are four lights!

Time: 2026-09-13 03:49:00
Description: Initializing game

java.nio.file.InvalidPathException: Illegal char <:> at index 20: quickPlayMultiplayer:127.0.0.1:25599
	at java.base/sun.nio.fs.WindowsPathParser.normalize(WindowsPathParser.java:204)
	at java.base/sun.nio.fs.WindowsPathParser.parse(WindowsPathParser.java:175)
	at java.base/sun.nio.fs.WindowsPathParser.parse(WindowsPathParser.java:77)
	at java.base/sun.nio.fs.WindowsPath.parse(WindowsPath.java:92)
	at java.base/sun.nio.fs.WindowsFileSystem.getPath(WindowsFileSystem.java:231)
	at java.base/java.nio.file.Path.resolve(Path.java:516)
	at knot//net.minecraft.client.QuickPlayLogger.<init>(QuickPlayLogger.java:44)
	at knot//net.minecraft.client.QuickPlayLogger.create(QuickPlayLogger.java:51)
	at knot//net.minecraft.client.MinecraftClient.<init>(MinecraftClient.java:730)
	at knot//net.minecraft.client.main.Main.main(Main.java:248)
	at net.fabricmc.loader.impl.game.minecraft.MinecraftGameProvider.launch(MinecraftGameProvider.java:514)
	at net.fabricmc.loader.impl.launch.knot.Knot.launch(Knot.java:72)
	at net.fabricmc.loader.impl.launch.knot.KnotClient.main(KnotClient.java:23)
	at net.fabricmc.devlaunchinjector.Main.main(Main.java:86)


A detailed walkthrough of the error, its code path and all known details is as follows:
---------------------------------------------------------------------------------------

-- Head --
Thread: Render thread
Stacktrace:
	at java.base/sun.nio.fs.WindowsPathParser.normalize(WindowsPathParser.java:204)
	at java.base/sun.nio.fs.WindowsPathParser.parse(WindowsPathParser.java:175)
	at java.base/sun.nio.fs.WindowsPathParser.parse(WindowsPathParser.java:77)
	at java.base/sun.nio.fs.WindowsPath.parse(WindowsPath.java:92)
	at java.base/sun.nio.fs.WindowsFileSystem.getPath(WindowsFileSystem.java:231)
	at java.base/java.nio.file.Path.resolve(Path.java:516)
	at knot//net.minecraft.client.QuickPlayLogger.<init>(QuickPlayLogger.java:44)
	at knot//net.minecraft.client.QuickPlayLogger.create(QuickPlayLogger.java:51)
	at knot//net.minecraft.client.MinecraftClient.<init>(MinecraftClient.java:730)

-- Initialization --
Details:
	Modules: 
		ADVAPI32.dll:¸ß¼¶ Windows 32 »ù±¾ API:10.0.26100.8875 (WinBuild.160101.0800):Microsoft Corporation
		COMCTL32.dll:ÓÃ»§ÌåÑé¿Ø¼þ¿â:6.10 (WinBuild.160101.0800):Microsoft Corporation
		CRYPT32.dll:¼ÓÃÜ API32:10.0.26100.8875 (WinBuild.160101.0800):Microsoft Corporation
		CRYPTBASE.dll:Base cryptographic API DLL:10.0.26100.8875 (WinBuild.160101.0800):Microsoft Corporation
		CRYPTSP.dll:Cryptographic Service Provider API:10.0.26100.8875 (WinBuild.160101.0800):Microsoft Corporation
		CoreMessaging.dll:Microsoft CoreMessaging Dll:10.0.26100.8972 (WinBuild.160101.0800):Microsoft Corporation
		CoreUIComponents.dll:Microsoft Core UI Components Dll:10.0.26100.9168:Microsoft Corporation
		DBGHELP.DLL:Windows Image Helper:10.0.26100.8328 (WinBuild.160101.0800):Microsoft Corporation
		DEVOBJ.dll:Device Information Set DLL:10.0.26100.8972 (WinBuild.160101.0800):Microsoft Corporation
		DNSAPI.dll:DNS ¿Í»§¶Ë API DLL:10.0.26100.8972 (WinBuild.160101.0800):Microsoft Corporation
		DSPARSE.dll:Active Directory Domain Services API:10.0.26100.1 (WinBuild.160101.0800):Microsoft Corporation
		GDI32.dll:GDI Client DLL:10.0.26100.8328 (WinBuild.160101.0800):Microsoft Corporation
		GLU32.dll:OpenGL ÊµÓÃ¹¤¾ß¿â DLL:10.0.26100.8875 (WinBuild.160101.0800):Microsoft Corporation
		IMM32.DLL:Multi-User Windows IMM32 API Client DLL:10.0.26100.8521 (WinBuild.160101.0800):Microsoft Corporation
		IPHLPAPI.DLL:IP °ïÖú³ÌÐò API:10.0.26100.8875 (WinBuild.160101.0800):Microsoft Corporation
		KERNEL32.DLL:Windows NT »ù±¾ API ¿Í»§¶Ë DLL:10.0.26100.8972 (WinBuild.160101.0800):Microsoft Corporation
		KERNELBASE.dll:Windows NT »ù±¾ API ¿Í»§¶Ë DLL:10.0.26100.8972 (WinBuild.160101.0800):Microsoft Corporation
		MMDevApi.dll:MMDevice API:10.0.26100.8875 (WinBuild.160101.0800):Microsoft Corporation
		MSCTF.dll:MSCTF ·þÎñÆ÷ DLL:10.0.26100.8875 (WinBuild.160101.0800):Microsoft Corporation
		MpOav.dll:IOfficeAntiVirus Module:4.18.26080.3 (9e1f3147fbc83f18a98a965394a23e07747d7295):Microsoft Corporation
		NSI.dll:NSI User-mode interface DLL:10.0.26100.8875 (WinBuild.160101.0800):Microsoft Corporation
		NTASN1.dll:Microsoft ASN.1 API:10.0.26100.1 (WinBuild.160101.0800):Microsoft Corporation
		OLEAUT32.dll:OLEAUT32.DLL:10.0.26100.8972 (WinBuild.160101.0800):Microsoft Corporation
		Ole32.dll:ÓÃÓÚ Windows µÄ Microsoft OLE:10.0.26100.8875 (WinBuild.160101.0800):Microsoft Corporation
		OpenAL.dll:Main implementation library:1.23.1:
		POWRPROF.dll:µçÔ´ÅäÖÃÎÄ¼þ°ïÖú³ÌÐò DLL:10.0.26100.8875 (WinBuild.160101.0800):Microsoft Corporation
		PSAPI.DLL:Process Status Helper:10.0.26100.8521 (WinBuild.160101.0800):Microsoft Corporation
		Pdh.dll:Windows ÐÔÄÜÊý¾ÝÖúÊÖ DLL:10.0.26100.8875 (WinBuild.160101.0800):Microsoft Corporation
		RPCRT4.dll:Ô¶³Ì¹ý³Ìµ÷ÓÃÔËÐÐÊ±:10.0.26100.8875 (WinBuild.160101.0800):Microsoft Corporation
		SETUPAPI.dll:Windows °²×°³ÌÐò API:10.0.26100.8875 (WinBuild.160101.0800):Microsoft Corporation
		SHCORE.dll:SHCORE:10.0.26100.8875 (WinBuild.160101.0800):Microsoft Corporation
		SHELL32.dll:Windows Shell ¹«ÓÃ DLL:10.0.26100.8972 (WinBuild.160101.0800):Microsoft Corporation
		SspiCli.dll:Security Support Provider Interface:10.0.26100.8972 (WinBuild.160101.0800):Microsoft Corporation
		UMPDC.dll:User Mode Power Dependency Coordinator:10.0.26100.8972 (WinBuild.160101.0800):Microsoft Corporation
		USER32.dll:¶àÓÃ»§ Windows ÓÃ»§ API ¿Í»§¶Ë DLL:10.0.26100.8875 (WinBuild.160101.0800):Microsoft Corporation
		USERENV.dll:Userenv:10.0.26100.8875 (WinBuild.160101.0800):Microsoft Corporation
		VCRUNTIME140.dll:Microsoft? C Runtime Library:14.40.33810.0:Microsoft Corporation
		VERSION.dll:Version Checking and File Installation Libraries:10.0.26100.1150 (WinBuild.160101.0800):Microsoft Corporation
		WINHTTP.dll:Windows HTTP ·þÎñ:10.0.26100.8875 (WinBuild.160101.0800):Microsoft Corporation
		WINMM.dll:MCI API DLL:10.0.26100.8875 (WinBuild.160101.0800):Microsoft Corporation
		WINSTA.dll:Winstation Library:10.0.26100.8972 (WinBuild.160101.0800):Microsoft Corporation
		WINTRUST.dll:Microsoft Trust Verification APIs:10.0.26100.8972 (WinBuild.160101.0800):Microsoft Corporation
		WS2_32.dll:Windows Socket 2.0 32 Î» DLL:10.0.26100.8875 (WinBuild.160101.0800):Microsoft Corporation
		WTSAPI32.dll:Windows Remote Desktop Session Host Server SDK APIs:10.0.26100.8972 (WinBuild.160101.0800):Microsoft Corporation
		amsi.dll:Anti-Malware Scan Interface:10.0.26100.7309 (WinBuild.160101.0800):Microsoft Corporation
		bcrypt.dll:Windows ¼ÓÃÜ»ùÔª¿â:10.0.26100.8875 (WinBuild.160101.0800):Microsoft Corporation
		bcryptPrimitives.dll:Windows Cryptographic Primitives Library:10.0.26100.9168 (WinBuild.160101.0800):Microsoft Corporation
		cfgmgr32.dll:Configuration Manager DLL:10.0.26100.8972 (WinBuild.160101.0800):Microsoft Corporation
		clbcatq.dll:COM+ Configuration Catalog:2001.12.10941.16384 (WinBuild.160101.0800):Microsoft Corporation
		combase.dll:ÓÃÓÚ Windows µÄ Microsoft COM:10.0.26100.8875 (WinBuild.160101.0800):Microsoft Corporation
		cryptnet.dll:Crypto Network Related API:10.0.26100.8972 (WinBuild.160101.0800):Microsoft Corporation
		dbgcore.DLL:Windows Core Debugging Helpers:10.0.26100.8972 (WinBuild.160101.0800):Microsoft Corporation
		dinput8.dll:Microsoft DirectInput:10.0.26100.8875 (WinBuild.160101.0800):Microsoft Corporation
		drvstore.dll:Driver Store API:10.0.26100.8972 (WinBuild.160101.0800):Microsoft Corporation
		dwmapi.dll:Microsoft ×ÀÃæ´°¿Ú¹ÜÀíÆ÷ API:10.0.26100.8875 (WinBuild.160101.0800):Microsoft Corporation
		dxcore.dll:DXCore:10.0.26100.8972 (WinBuild.160101.0800):Microsoft Corporation
		extnet.dll:OpenJDK Platform binary:21.0.12.1:Eclipse Adoptium
		fastprox.dll:WMI Custom Marshaller:10.0.26100.8972 (WinBuild.160101.0800):Microsoft Corporation
		fwpuclnt.dll:FWP/IPsec ÓÃ»§Ä£Ê½ API:10.0.26100.8875 (WinBuild.160101.0800):Microsoft Corporation
		gdi32full.dll:GDI Client DLL:10.0.26100.9168 (WinBuild.160101.0800):Microsoft Corporation
		glfw.dll:GLFW 3.4.0 DLL:3.4.0:GLFW
		icm32.dll:Microsoft Color Management Module (CMM):10.0.26100.9168 (WinBuild.160101.0800):Microsoft Corporation
		imagehlp.dll:Windows NT Image Helper:10.0.26100.4202 (WinBuild.160101.0800):Microsoft Corporation
		inputhost.dll:InputHost:10.0.26100.8972 (WinBuild.160101.0800):Microsoft Corporation
		java.dll:OpenJDK Platform binary:21.0.12.1:Eclipse Adoptium
		java.exe:OpenJDK Platform binary:21.0.12.1:Eclipse Adoptium
		jemalloc.dll
		jimage.dll:OpenJDK Platform binary:21.0.12.1:Eclipse Adoptium
		jli.dll:OpenJDK Platform binary:21.0.12.1:Eclipse Adoptium
		jna10772841234878950838.dll:JNA native library:7.0.0:Java(TM) Native Access (JNA)
		jsvml.dll:OpenJDK Platform binary:21.0.12.1:Eclipse Adoptium
		jvm.dll:OpenJDK 64-Bit server VM:21.0.12.1:Eclipse Adoptium
		kernel.appcore.dll:AppModel API Host:10.0.26100.8737 (WinBuild.160101.0800):Microsoft Corporation
		lwjgl.dll
		lwjgl_opengl.dll
		lwjgl_stb.dll
		management.dll:OpenJDK Platform binary:21.0.12.1:Eclipse Adoptium
		management_ext.dll:OpenJDK Platform binary:21.0.12.1:Eclipse Adoptium
		msasn1.dll:ASN.1 Runtime APIs:10.0.26100.8875 (WinBuild.160101.0800):Microsoft Corporation
		mscms.dll:Microsoft ÑÕÉ«Æ¥ÅäÏµÍ³ DLL:10.0.26100.8875 (WinBuild.160101.0800):Microsoft Corporation
		msvcp140.dll:Microsoft? C Runtime Library:14.40.33810.0:Microsoft Corporation
		msvcp_win.dll:Microsoft? C Runtime Library:10.0.26100.8875 (WinBuild.160101.0800):Microsoft Corporation
		msvcrt.dll:Windows NT CRT DLL:7.0.26100.8875 (WinBuild.160101.0800):Microsoft Corporation
		mswsock.dll:Microsoft Windows Sockets 2.0 ·þÎñÌá¹©³ÌÐò:10.0.26100.8875 (WinBuild.160101.0800):Microsoft Corporation
		napinsp.dll:µç×ÓÓÊ¼þÃüÃûÌî³äÌá¹©³ÌÐò:10.0.26100.8875 (WinBuild.160101.0800):Microsoft Corporation
		ncrypt.dll:Windows NCrypt Â·ÓÉÆ÷:10.0.26100.8875 (WinBuild.160101.0800):Microsoft Corporation
		net.dll:OpenJDK Platform binary:21.0.12.1:Eclipse Adoptium
		nio.dll:OpenJDK Platform binary:21.0.12.1:Eclipse Adoptium
		nlansp_c.dll:NLA Namespace Service Provider DLL:10.0.26100.8972 (WinBuild.160101.0800):Microsoft Corporation
		ntdll.dll:NT ²ã DLL:10.0.26100.8972 (WinBuild.160101.0800):Microsoft Corporation
		ntmarta.dll:Windows NT MARTA Ìá¹©³ÌÐò:10.0.26100.8875 (WinBuild.160101.0800):Microsoft Corporation
		nvgpucomp64.dll:NVIDIA GPU Compiler Driver, Version 581.15 :32.0.15.8115:NVIDIA Corporation
		nvoglv64.dll:NVIDIA Compatible OpenGL ICD:32.0.15.8115:NVIDIA Corporation
		nvspcap64.dll:NVIDIA Game Proxy 8FileVersion  1:11.0.5.245  8Produc:NVIDIA Corporation  L$FileDescriptio
		opengl32.dll:OpenGL Client DLL:10.0.26100.8972 (WinBuild.160101.0800):Microsoft Corporation
		perfos.dll:Windows ÏµÍ³ÐÔÄÜ¶ÔÏó DLL:10.0.26100.8875 (WinBuild.160101.0800):Microsoft Corporation
		pfclient.dll:SysMain Client:10.0.26100.4202 (WinBuild.160101.0800):Microsoft Corporation
		profapi.dll:User Profile Basic API:10.0.26100.9168 (WinBuild.160101.0800):Microsoft Corporation
		rasadhlp.dll:Remote Access AutoDial Helper:10.0.26100.7920 (WinBuild.160101.0800):Microsoft Corporation
		rsaenh.dll:Microsoft Enhanced Cryptographic Provider:10.0.26100.1 (WinBuild.160101.0800):Microsoft Corporation
		sapi.dll:ÓïÒô API:5.3.31910.00 (WinBuild.160101.0800):Microsoft Corporation
		sechost.dll:Host for SCM/SDDL/LSA Lookup APIs:10.0.26100.1 (WinBuild.160101.0800):Microsoft Corporation
		shlwapi.dll:Íâ¿Ç¼òÒ×ÊµÓÃ¹¤¾ß¿â:10.0.26100.8875 (WinBuild.160101.0800):Microsoft Corporation
		sunmscapi.dll:OpenJDK Platform binary:21.0.12.1:Eclipse Adoptium
		textinputframework.dll:"TextInputFramework.DYNLINK":10.0.26100.8972 (WinBuild.160101.0800):Microsoft Corporation
		ucrtbase.dll:Microsoft? C Runtime Library:10.0.26100.8875 (WinBuild.160101.0800):Microsoft Corporation
		uxtheme.dll:Microsoft UxTheme ¿â:10.0.26100.8875 (WinBuild.160101.0800):Microsoft Corporation
		vcruntime140_1.dll:Microsoft? C Runtime Library:14.40.33810.0:Microsoft Corporation
		verify.dll:OpenJDK Platform binary:21.0.12.1:Eclipse Adoptium
		wbemcomn.dll:WMI:10.0.26100.7920 (WinBuild.160101.0800):Microsoft Corporation
		wbemprox.dll:WMI:10.0.26100.8972 (WinBuild.160101.0800):Microsoft Corporation
		wbemsvc.dll:WMI:10.0.26100.8972 (WinBuild.160101.0800):Microsoft Corporation
		win32u.dll:Win32u:10.0.26100.9168 (WinBuild.160101.0800):Microsoft Corporation
		windows.staterepositorycore.dll:Windows StateRepository API Core:10.0.26100.8972 (WinBuild.160101.0800):Microsoft Corporation
		windows.storage.dll:Microsoft WinRT Storage API:10.0.26100.8972 (WinBuild.160101.0800):Microsoft Corporation
		winrnr.dll:LDAP RnR Provider DLL:10.0.26100.8737 (WinBuild.160101.0800):Microsoft Corporation
		wintypes.dll:Windows »ù±¾ÀàÐÍ DLL:10.0.26100.8875 (WinBuild.160101.0800):Microsoft Corporation
		wldp.dll:Windows Ëø¶¨²ßÂÔ:10.0.26100.8875 (WinBuild.160101.0800):Microsoft Corporation
		wshbth.dll:Windows Sockets Helper DLL:10.0.26100.8875 (WinBuild.160101.0800):Microsoft Corporation
		wshunix.dll:AF_UNIX Winsock2 Helper DLL:10.0.26100.1 (WinBuild.160101.0800):Microsoft Corporation
		xinput1_4.dll:Microsoft ¹«¹²¿ØÖÆÆ÷ API:10.0.26100.8875 (WinBuild.160101.0800):Microsoft Corporation
		zip.dll:OpenJDK Platform binary:21.0.12.1:Eclipse Adoptium
Stacktrace:
	at knot//net.minecraft.client.main.Main.main(Main.java:248)
	at net.fabricmc.loader.impl.game.minecraft.MinecraftGameProvider.launch(MinecraftGameProvider.java:514)
	at net.fabricmc.loader.impl.launch.knot.Knot.launch(Knot.java:72)
	at net.fabricmc.loader.impl.launch.knot.KnotClient.main(KnotClient.java:23)
	at net.fabricmc.devlaunchinjector.Main.main(Main.java:86)

-- System Details --
Details:
	Minecraft Version: 1.21.3
	Minecraft Version ID: 1.21.3
	Operating System: Windows 11 (amd64) version 10.0
	Java Version: 21.0.12.1, Eclipse Adoptium
	Java VM Version: OpenJDK 64-Bit Server VM (mixed mode, sharing), Eclipse Adoptium
	Memory: 222179256 bytes (211 MiB) / 427819008 bytes (408 MiB) up to 16970153984 bytes (16184 MiB)
	CPUs: 16
	Processor Vendor: AuthenticAMD
	Processor Name: AMD Ryzen 7 6800H with Radeon Graphics         
	Identifier: AuthenticAMD Family 25 Model 68 Stepping 1
	Microarchitecture: Zen 3
	Frequency (GHz): 3.19
	Number of physical packages: 1
	Number of physical CPUs: 8
	Number of logical CPUs: 16
	Graphics card #0 name: NVIDIA GeForce RTX 3060 Laptop GPU
	Graphics card #0 vendor: NVIDIA
	Graphics card #0 VRAM (MiB): 6144.00
	Graphics card #0 deviceId: VideoController1
	Graphics card #0 versionInfo: 32.0.15.8115
	Graphics card #1 name: AMD Radeon(TM) Graphics
	Graphics card #1 vendor: Advanced Micro Devices, Inc.
	Graphics card #1 VRAM (MiB): 512.00
	Graphics card #1 deviceId: VideoController2
	Graphics card #1 versionInfo: 30.0.14052.5
	Memory slot #0 capacity (MiB): 32768.00
	Memory slot #0 clockSpeed (GHz): 4.80
	Memory slot #0 type: Unknown
	Memory slot #1 capacity (MiB): 32768.00
	Memory slot #1 clockSpeed (GHz): 4.80
	Memory slot #1 type: Unknown
	Virtual memory max (MiB): 85189.02
	Virtual memory used (MiB): 34397.11
	Swap memory total (MiB): 20480.00
	Swap memory used (MiB): 280.87
	Space in storage for jna.tmpdir (MiB): <path not set>
	Space in storage for org.lwjgl.system.SharedLibraryExtractPath (MiB): <path not set>
	Space in storage for io.netty.native.workdir (MiB): <path not set>
	Space in storage for java.io.tmpdir (MiB): available: 108433.67, total: 487244.00
	Space in storage for workdir (MiB): available: 275350.91, total: 973695.00
	JVM Flags: 0 total; 
	Fabric Mods: 
		aibot: AIBot 0.0.1
		fabric-api: Fabric API 0.114.1+1.21.3
		fabric-api-base: Fabric API Base 0.4.50+119c825640
		fabric-api-lookup-api-v1: Fabric API Lookup API (v1) 1.6.81+fd37071f40
		fabric-biome-api-v1: Fabric Biome API (v1) 14.0.7+add2a48640
		fabric-block-api-v1: Fabric Block API (v1) 1.0.28+fd37071f40
		fabric-block-view-api-v2: Fabric BlockView API (v2) 1.0.16+fd37071f40
		fabric-blockrenderlayer-v1: Fabric BlockRenderLayer Registration (v1) 2.0.4+fd37071f40
		fabric-client-tags-api-v1: Fabric Client Tags 1.1.25+a730659c40
		fabric-command-api-v1: Fabric Command API (v1) 1.2.58+f71b366f40
		fabric-command-api-v2: Fabric Command API (v2) 2.2.37+c9d82ab240
		fabric-commands-v0: Fabric Commands (v0) 0.2.75+df3654b340
		fabric-content-registries-v0: Fabric Content Registries (v0) 9.1.8+fd37071f40
		fabric-convention-tags-v1: Fabric Convention Tags 2.1.4+7f945d5b40
		fabric-convention-tags-v2: Fabric Convention Tags (v2) 2.9.4+129f0c1f40
		fabric-crash-report-info-v1: Fabric Crash Report Info (v1) 0.3.3+fd37071f40
		fabric-data-attachment-api-v1: Fabric Data Attachment API (v1) 1.4.0+dbad41f140
		fabric-data-generation-api-v1: Fabric Data Generation API (v1) 21.1.2+a730659c40
		fabric-dimensions-v1: Fabric Dimensions API (v1) 4.0.7+fd37071f40
		fabric-entity-events-v1: Fabric Entity Events (v1) 2.0.8+825023f840
		fabric-events-interaction-v0: Fabric Events Interaction (v0) 2.0.12+c2c3ac4740
		fabric-game-rule-api-v1: Fabric Game Rule API (v1) 1.0.59+fd37071f40
		fabric-gametest-api-v1: Fabric Game Test API (v1) 2.0.15+fd37071f40
		fabric-item-api-v1: Fabric Item API (v1) 11.1.7+fd37071f40
		fabric-item-group-api-v1: Fabric Item Group API (v1) 4.1.17+fd37071f40
		fabric-key-binding-api-v1: Fabric Key Binding API (v1) 1.0.53+fd37071f40
		fabric-keybindings-v0: Fabric Key Bindings (v0) 0.2.51+df3654b340
		fabric-lifecycle-events-v1: Fabric Lifecycle Events (v1) 2.5.1+6da5ef6940
		fabric-loot-api-v2: Fabric Loot API (v2) 3.0.26+3f89f5a540
		fabric-loot-api-v3: Fabric Loot API (v3) 1.0.14+fd37071f40
		fabric-message-api-v1: Fabric Message API (v1) 6.0.22+5a9b22c640
		fabric-model-loading-api-v1: Fabric Model Loading API (v1) 3.0.9+fd37071f40
		fabric-networking-api-v1: Fabric Networking API (v1) 4.3.5+fd37071f40
		fabric-object-builder-api-v1: Fabric Object Builder API (v1) 17.0.9+fd37071f40
		fabric-particles-v1: Fabric Particles (v1) 4.0.10+fd37071f40
		fabric-recipe-api-v1: Fabric Recipe API (v1) 7.0.5+8ea69ff840
		fabric-registry-sync-v0: Fabric Registry Sync (v0) 5.4.1+3f3c499540
		fabric-renderer-api-v1: Fabric Renderer API (v1) 4.0.5+fd37071f40
		fabric-renderer-indigo: Fabric Renderer - Indigo 1.9.5+fd37071f40
		fabric-rendering-data-attachment-v1: Fabric Rendering Data Attachment (v1) 0.3.54+73761d2e40
		fabric-rendering-fluids-v1: Fabric Rendering Fluids (v1) 3.1.15+fd37071f40
		fabric-rendering-v0: Fabric Rendering (v0) 1.1.84+df3654b340
		fabric-rendering-v1: Fabric Rendering (v1) 8.0.8+6922831640
		fabric-resource-conditions-api-v1: Fabric Resource Conditions API (v1) 5.0.8+fd37071f40
		fabric-resource-loader-v0: Fabric Resource Loader (v0) 3.0.6+fd37071f40
		fabric-screen-api-v1: Fabric Screen API (v1) 2.0.34+fd37071f40
		fabric-screen-handler-api-v1: Fabric Screen Handler API (v1) 1.3.103+fd37071f40
		fabric-sound-api-v1: Fabric Sound API (v1) 1.0.29+fd37071f40
		fabric-tag-api-v1: Fabric Tag API (v1) 1.0.0+a730659c40
		fabric-transfer-api-v1: Fabric Transfer API (v1) 5.4.3+cb44d14340
		fabric-transitive-access-wideners-v1: Fabric Transitive Access Wideners (v1) 6.2.0+54a41b1c40
		fabricloader: Fabric Loader 0.18.4
		java: OpenJDK 64-Bit Server VM 21
		minecraft: Minecraft 1.21.3
		mixinextras: MixinExtras 0.5.0
	Launched Version: Fabric
	Backend library: LWJGL version 3.3.3-snapshot
	Backend API: NVIDIA GeForce RTX 3060 Laptop GPU/PCIe/SSE2 GL version 3.2.0 NVIDIA 581.15, NVIDIA Corporation
	Window size: <not initialized>
	GFLW Platform: win32
	GL Caps: Using framebuffer using OpenGL 3.2
	GL debug messages: 
	Is Modded: Definitely; Client brand changed to 'fabric'
	Universe: 404
	Type: Client (map_client.txt)
	Locale: zh_CN
	System encoding: GBK
	File encoding: UTF-8
	CPU: 16x AMD Ryzen 7 6800H with Radeon Graphics 
#@!@# Game crashed! Crash report saved to: #@!@# D:\code\mc-experiment\aibot\crash-reports\crash-2026-09-13_03.49.00-client.txt

=== real-client launch 2026-09-12T19:49:03Z ===
[34m[03:49:05][m [32m[main/INFO][m [36m(FabricLoader/GameProvider)[m [0mLoading Minecraft 1.21.3 with Fabric Loader 0.18.4
[m[34m[03:49:05][m [32m[main/INFO][m [36m(FabricLoader)[m [0mLoading 55 mods:
	- aibot 0.0.1
	- fabric-api 0.114.1+1.21.3
	- fabric-api-base 0.4.50+119c825640
	- fabric-api-lookup-api-v1 1.6.81+fd37071f40
	- fabric-biome-api-v1 14.0.7+add2a48640
	- fabric-block-api-v1 1.0.28+fd37071f40
	- fabric-block-view-api-v2 1.0.16+fd37071f40
	- fabric-blockrenderlayer-v1 2.0.4+fd37071f40
	- fabric-client-tags-api-v1 1.1.25+a730659c40
	- fabric-command-api-v1 1.2.58+f71b366f40
	- fabric-command-api-v2 2.2.37+c9d82ab240
	- fabric-commands-v0 0.2.75+df3654b340
	- fabric-content-registries-v0 9.1.8+fd37071f40
	- fabric-convention-tags-v1 2.1.4+7f945d5b40
	- fabric-convention-tags-v2 2.9.4+129f0c1f40
	- fabric-crash-report-info-v1 0.3.3+fd37071f40
	- fabric-data-attachment-api-v1 1.4.0+dbad41f140
	- fabric-data-generation-api-v1 21.1.2+a730659c40
	- fabric-dimensions-v1 4.0.7+fd37071f40
	- fabric-entity-events-v1 2.0.8+825023f840
	- fabric-events-interaction-v0 2.0.12+c2c3ac4740
	- fabric-game-rule-api-v1 1.0.59+fd37071f40
	- fabric-gametest-api-v1 2.0.15+fd37071f40
	- fabric-item-api-v1 11.1.7+fd37071f40
	- fabric-item-group-api-v1 4.1.17+fd37071f40
	- fabric-key-binding-api-v1 1.0.53+fd37071f40
	- fabric-keybindings-v0 0.2.51+df3654b340
	- fabric-lifecycle-events-v1 2.5.1+6da5ef6940
	- fabric-loot-api-v2 3.0.26+3f89f5a540
	- fabric-loot-api-v3 1.0.14+fd37071f40
	- fabric-message-api-v1 6.0.22+5a9b22c640
	- fabric-model-loading-api-v1 3.0.9+fd37071f40
	- fabric-networking-api-v1 4.3.5+fd37071f40
	- fabric-object-builder-api-v1 17.0.9+fd37071f40
	- fabric-particles-v1 4.0.10+fd37071f40
	- fabric-recipe-api-v1 7.0.5+8ea69ff840
	- fabric-registry-sync-v0 5.4.1+3f3c499540
	- fabric-renderer-api-v1 4.0.5+fd37071f40
	- fabric-renderer-indigo 1.9.5+fd37071f40
	- fabric-rendering-data-attachment-v1 0.3.54+73761d2e40
	- fabric-rendering-fluids-v1 3.1.15+fd37071f40
	- fabric-rendering-v0 1.1.84+df3654b340
	- fabric-rendering-v1 8.0.8+6922831640
	- fabric-resource-conditions-api-v1 5.0.8+fd37071f40
	- fabric-resource-loader-v0 3.0.6+fd37071f40
	- fabric-screen-api-v1 2.0.34+fd37071f40
	- fabric-screen-handler-api-v1 1.3.103+fd37071f40
	- fabric-sound-api-v1 1.0.29+fd37071f40
	- fabric-tag-api-v1 1.0.0+a730659c40
	- fabric-transfer-api-v1 5.4.3+cb44d14340
	- fabric-transitive-access-wideners-v1 6.2.0+54a41b1c40
	- fabricloader 0.18.4
	- java 21
	- minecraft 1.21.3
	- mixinextras 0.5.0
[m[34m[03:49:05][m [32m[main/INFO][m [36m(FabricLoader/Mixin)[m [0mSpongePowered MIXIN Subsystem Version=0.8.7 Source=file:/C:/Users/15027/.gradle/caches/modules-2/files-2.1/net.fabricmc/sponge-mixin/0.17.0+mixin.0.8.7/cf31463202f72d03b0ef1e1e38e8ee71b7faaab6/sponge-mixin-0.17.0+mixin.0.8.7.jar Service=Knot/Fabric Env=CLIENT
[m[34m[03:49:06][m [32m[main/INFO][m [36m(FabricLoader/Mixin)[m [0mLoaded Fabric development mappings for mixin remapper!
[m[34m[03:49:06][m [32m[main/INFO][m [36m(FabricLoader/Mixin)[m [0mCompatibility level set to JAVA_21
[m[34m[03:49:07][m [32m[main/INFO][m [36m(FabricLoader/MixinExtras|Service)[m [0mInitializing MixinExtras via com.llamalad7.mixinextras.service.MixinExtrasServiceImpl(version=0.5.0).
[m[34m[03:49:09][m [32m[Datafixer Bootstrap/INFO][m [36m(Minecraft)[m [0m237 Datafixer optimizations took 422 milliseconds
[m[34m[03:49:16][m [32m[Render thread/INFO][m [36m(Minecraft)[m [0mEnvironment: Environment[sessionHost=https://sessionserver.mojang.com, servicesHost=https://api.minecraftservices.com, name=PROD]
[m[34m[03:49:16][m [32m[Render thread/INFO][m [36m(Minecraft)[m [0mSetting user: Bob
[m[34m[03:49:16][m [32m[Render thread/INFO][m [36m(aibot)[m [0m[AIBot] CONFIG event=operating_profile_resolved bot=- {effective_capabilities=[], configured_emergency_teleport=true, configured_hidden_block_scan=true, configured_forced_pickup=true, source=FILE_OR_DEFAULT, profile=strict_survival, configured_manual_teleport=true}
[m[34m[03:49:16][m [33m[Render thread/WARN][m [36m(aibot)[m [0m[AIBot] CONFIG event=deepseek_key_missing bot=- {}
[m[34m[03:49:16][m [32m[Render thread/INFO][m [36m(aibot)[m [0m[AIBot] LIFECYCLE event=mod_loaded bot=- {version=0.0.1}
[m[34m[03:49:16][m [32m[Render thread/INFO][m [36m(aibot)[m [0m[AIBot] CONFIG event=config_loaded bot=- {effective_capabilities=[], deepseek_model=deepseek-v4-flash, configured_operator_capabilities=OperatorCapabilities[hiddenBlockScan=true, emergencyTeleport=true, forcedPickup=true, manualTeleport=true], logging_enabled=true, nav_lookahead=4, profile=strict_survival, pickup_force_radius=2.75, perception_radius=16}
[m[34m[03:49:16][m [32m[Render thread/INFO][m [36m(aibot)[m [0m================================
[m[34m[03:49:16][m [32m[Render thread/INFO][m [36m(aibot)[m [0m  AIBot v0.0.1 loaded
[m[34m[03:49:16][m [32m[Render thread/INFO][m [36m(aibot)[m [0m  Mode: M6 structured logs over M5 tasks
[m[34m[03:49:16][m [32m[Render thread/INFO][m [36m(aibot)[m [0m================================
[m[34m[03:49:17][m [32m[aibot-real-client-connector/INFO][m [36m(aibot)[m [0mAIBot real-client control connected body_id=bob session=265707a4-1be1-4680-b9ac-32b1bc72590e
[m[34m[03:49:17][m [32m[Render thread/INFO][m [36m(aibot)[m [0mAIBot real-client runtime enabled body_id=bob player=Bob control=127.0.0.1:8766
[m[34m[03:49:17][m [32m[Render thread/INFO][m [36m(Indigo)[m [0m[Indigo] Registering Indigo renderer!
[m[34m[03:49:18][m [32m[Render thread/INFO][m [36m(Minecraft)[m [0mBackend library: LWJGL version 3.3.3-snapshot
[m[34m[03:49:19][m [32m[Render thread/INFO][m [36m(Minecraft)[m [0mReloading ResourceManager: vanilla, fabric, aibot, fabric-api, fabric-api-base, fabric-api-lookup-api-v1, fabric-biome-api-v1, fabric-block-api-v1, fabric-block-view-api-v2, fabric-blockrenderlayer-v1, fabric-client-tags-api-v1, fabric-command-api-v1, fabric-command-api-v2, fabric-commands-v0, fabric-content-registries-v0, fabric-convention-tags-v1, fabric-convention-tags-v2, fabric-crash-report-info-v1, fabric-data-attachment-api-v1, fabric-data-generation-api-v1, fabric-dimensions-v1, fabric-entity-events-v1, fabric-events-interaction-v0, fabric-game-rule-api-v1, fabric-gametest-api-v1, fabric-item-api-v1, fabric-item-group-api-v1, fabric-key-binding-api-v1, fabric-keybindings-v0, fabric-lifecycle-events-v1, fabric-loot-api-v2, fabric-loot-api-v3, fabric-message-api-v1, fabric-model-loading-api-v1, fabric-networking-api-v1, fabric-object-builder-api-v1, fabric-particles-v1, fabric-recipe-api-v1, fabric-registry-sync-v0, fabric-renderer-api-v1, fabric-renderer-indigo, fabric-rendering-data-attachment-v1, fabric-rendering-fluids-v1, fabric-rendering-v0, fabric-rendering-v1, fabric-resource-conditions-api-v1, fabric-resource-loader-v0, fabric-screen-api-v1, fabric-screen-handler-api-v1, fabric-sound-api-v1, fabric-tag-api-v1, fabric-transfer-api-v1, fabric-transitive-access-wideners-v1, fabricloader
[m[34m[03:49:19][m [32m[Worker-Main-13/INFO][m [36m(Minecraft)[m [0mFound unifont_all_no_pua-15.1.05.hex, loading
[m[34m[03:49:19][m [32m[Worker-Main-11/INFO][m [36m(Minecraft)[m [0mFound unifont_jp_patch-15.1.05.hex, loading
[m[34m[03:49:21][m [33m[Render thread/WARN][m [36m(Minecraft)[m [0mMissing sound for event: minecraft:block.spawner.fall
[m[34m[03:49:21][m [32m[Render thread/INFO][m [36m(Minecraft)[m [0mOpenAL initialized on device OpenAL Soft on æ‰¬å£°å™¨ (Steam Streaming Speakers)
[m[34m[03:49:21][m [32m[Render thread/INFO][m [36m(Minecraft)[m [0mSound engine started
[m[34m[03:49:21][m [32m[Render thread/INFO][m [36m(Minecraft)[m [0mCreated: 1024x512x4 minecraft:textures/atlas/blocks.png-atlas
[m[34m[03:49:21][m [32m[Render thread/INFO][m [36m(Minecraft)[m [0mCreated: 256x256x4 minecraft:textures/atlas/signs.png-atlas
[m[34m[03:49:21][m [32m[Render thread/INFO][m [36m(Minecraft)[m [0mCreated: 512x512x4 minecraft:textures/atlas/shield_patterns.png-atlas
[m[34m[03:49:21][m [32m[Render thread/INFO][m [36m(Minecraft)[m [0mCreated: 512x512x4 minecraft:textures/atlas/banner_patterns.png-atlas
[m[34m[03:49:21][m [32m[Render thread/INFO][m [36m(Minecraft)[m [0mCreated: 1024x1024x4 minecraft:textures/atlas/armor_trims.png-atlas
[m[34m[03:49:21][m [32m[Render thread/INFO][m [36m(Minecraft)[m [0mCreated: 256x256x4 minecraft:textures/atlas/chest.png-atlas
[m[34m[03:49:21][m [32m[Render thread/INFO][m [36m(Minecraft)[m [0mCreated: 128x64x4 minecraft:textures/atlas/decorated_pot.png-atlas
[m[34m[03:49:21][m [32m[Render thread/INFO][m [36m(Minecraft)[m [0mCreated: 512x256x4 minecraft:textures/atlas/beds.png-atlas
[m[34m[03:49:21][m [32m[Render thread/INFO][m [36m(Minecraft)[m [0mCreated: 512x256x4 minecraft:textures/atlas/shulker_boxes.png-atlas
[m[34m[03:49:21][m [32m[Render thread/INFO][m [36m(Minecraft)[m [0mCreated: 64x64x0 minecraft:textures/atlas/map_decorations.png-atlas
[m[34m[03:49:21][m [32m[Render thread/INFO][m [36m(Minecraft)[m [0mCreated: 512x256x0 minecraft:textures/atlas/particles.png-atlas
[m[34m[03:49:21][m [32m[Render thread/INFO][m [36m(Minecraft)[m [0mCreated: 512x256x0 minecraft:textures/atlas/paintings.png-atlas
[m[34m[03:49:21][m [32m[Render thread/INFO][m [36m(Minecraft)[m [0mCreated: 256x128x0 minecraft:textures/atlas/mob_effects.png-atlas
[m[34m[03:49:21][m [32m[Render thread/INFO][m [36m(Minecraft)[m [0mCreated: 1024x512x0 minecraft:textures/atlas/gui.png-atlas
[m
=== real-client launch 2026-09-12T19:54:13Z ===
[34m[03:54:15][m [32m[main/INFO][m [36m(FabricLoader/GameProvider)[m [0mLoading Minecraft 1.21.3 with Fabric Loader 0.18.4
[m[34m[03:54:15][m [32m[main/INFO][m [36m(FabricLoader)[m [0mLoading 55 mods:
	- aibot 0.0.1
	- fabric-api 0.114.1+1.21.3
	- fabric-api-base 0.4.50+119c825640
	- fabric-api-lookup-api-v1 1.6.81+fd37071f40
	- fabric-biome-api-v1 14.0.7+add2a48640
	- fabric-block-api-v1 1.0.28+fd37071f40
	- fabric-block-view-api-v2 1.0.16+fd37071f40
	- fabric-blockrenderlayer-v1 2.0.4+fd37071f40
	- fabric-client-tags-api-v1 1.1.25+a730659c40
	- fabric-command-api-v1 1.2.58+f71b366f40
	- fabric-command-api-v2 2.2.37+c9d82ab240
	- fabric-commands-v0 0.2.75+df3654b340
	- fabric-content-registries-v0 9.1.8+fd37071f40
	- fabric-convention-tags-v1 2.1.4+7f945d5b40
	- fabric-convention-tags-v2 2.9.4+129f0c1f40
	- fabric-crash-report-info-v1 0.3.3+fd37071f40
	- fabric-data-attachment-api-v1 1.4.0+dbad41f140
	- fabric-data-generation-api-v1 21.1.2+a730659c40
	- fabric-dimensions-v1 4.0.7+fd37071f40
	- fabric-entity-events-v1 2.0.8+825023f840
	- fabric-events-interaction-v0 2.0.12+c2c3ac4740
	- fabric-game-rule-api-v1 1.0.59+fd37071f40
	- fabric-gametest-api-v1 2.0.15+fd37071f40
	- fabric-item-api-v1 11.1.7+fd37071f40
	- fabric-item-group-api-v1 4.1.17+fd37071f40
	- fabric-key-binding-api-v1 1.0.53+fd37071f40
	- fabric-keybindings-v0 0.2.51+df3654b340
	- fabric-lifecycle-events-v1 2.5.1+6da5ef6940
	- fabric-loot-api-v2 3.0.26+3f89f5a540
	- fabric-loot-api-v3 1.0.14+fd37071f40
	- fabric-message-api-v1 6.0.22+5a9b22c640
	- fabric-model-loading-api-v1 3.0.9+fd37071f40
	- fabric-networking-api-v1 4.3.5+fd37071f40
	- fabric-object-builder-api-v1 17.0.9+fd37071f40
	- fabric-particles-v1 4.0.10+fd37071f40
	- fabric-recipe-api-v1 7.0.5+8ea69ff840
	- fabric-registry-sync-v0 5.4.1+3f3c499540
	- fabric-renderer-api-v1 4.0.5+fd37071f40
	- fabric-renderer-indigo 1.9.5+fd37071f40
	- fabric-rendering-data-attachment-v1 0.3.54+73761d2e40
	- fabric-rendering-fluids-v1 3.1.15+fd37071f40
	- fabric-rendering-v0 1.1.84+df3654b340
	- fabric-rendering-v1 8.0.8+6922831640
	- fabric-resource-conditions-api-v1 5.0.8+fd37071f40
	- fabric-resource-loader-v0 3.0.6+fd37071f40
	- fabric-screen-api-v1 2.0.34+fd37071f40
	- fabric-screen-handler-api-v1 1.3.103+fd37071f40
	- fabric-sound-api-v1 1.0.29+fd37071f40
	- fabric-tag-api-v1 1.0.0+a730659c40
	- fabric-transfer-api-v1 5.4.3+cb44d14340
	- fabric-transitive-access-wideners-v1 6.2.0+54a41b1c40
	- fabricloader 0.18.4
	- java 21
	- minecraft 1.21.3
	- mixinextras 0.5.0
[m[34m[03:54:15][m [32m[main/INFO][m [36m(FabricLoader/Mixin)[m [0mSpongePowered MIXIN Subsystem Version=0.8.7 Source=file:/C:/Users/15027/.gradle/caches/modules-2/files-2.1/net.fabricmc/sponge-mixin/0.17.0+mixin.0.8.7/cf31463202f72d03b0ef1e1e38e8ee71b7faaab6/sponge-mixin-0.17.0+mixin.0.8.7.jar Service=Knot/Fabric Env=CLIENT
[m[34m[03:54:16][m [32m[main/INFO][m [36m(FabricLoader/Mixin)[m [0mLoaded Fabric development mappings for mixin remapper!
[m[34m[03:54:16][m [32m[main/INFO][m [36m(FabricLoader/Mixin)[m [0mCompatibility level set to JAVA_21
[m[34m[03:54:17][m [32m[main/INFO][m [36m(FabricLoader/MixinExtras|Service)[m [0mInitializing MixinExtras via com.llamalad7.mixinextras.service.MixinExtrasServiceImpl(version=0.5.0).
[m[34m[03:54:19][m [32m[Datafixer Bootstrap/INFO][m [36m(Minecraft)[m [0m237 Datafixer optimizations took 445 milliseconds
[m[34m[03:54:26][m [32m[Render thread/INFO][m [36m(Minecraft)[m [0mEnvironment: Environment[sessionHost=https://sessionserver.mojang.com, servicesHost=https://api.minecraftservices.com, name=PROD]
[m[34m[03:54:26][m [32m[Render thread/INFO][m [36m(Minecraft)[m [0mSetting user: Bob
[m[34m[03:54:26][m [32m[Render thread/INFO][m [36m(aibot)[m [0m[AIBot] CONFIG event=operating_profile_resolved bot=- {effective_capabilities=[], configured_manual_teleport=true, profile=strict_survival, source=FILE_OR_DEFAULT, configured_forced_pickup=true, configured_hidden_block_scan=true, configured_emergency_teleport=true}
[m[34m[03:54:26][m [33m[Render thread/WARN][m [36m(aibot)[m [0m[AIBot] CONFIG event=deepseek_key_missing bot=- {}
[m[34m[03:54:26][m [32m[Render thread/INFO][m [36m(aibot)[m [0m[AIBot] LIFECYCLE event=mod_loaded bot=- {version=0.0.1}
[m[34m[03:54:26][m [32m[Render thread/INFO][m [36m(aibot)[m [0m[AIBot] CONFIG event=config_loaded bot=- {configured_operator_capabilities=OperatorCapabilities[hiddenBlockScan=true, emergencyTeleport=true, forcedPickup=true, manualTeleport=true], deepseek_model=deepseek-v4-flash, effective_capabilities=[], perception_radius=16, pickup_force_radius=2.75, profile=strict_survival, nav_lookahead=4, logging_enabled=true}
[m[34m[03:54:26][m [32m[Render thread/INFO][m [36m(aibot)[m [0m================================
[m[34m[03:54:26][m [32m[Render thread/INFO][m [36m(aibot)[m [0m  AIBot v0.0.1 loaded
[m[34m[03:54:26][m [32m[Render thread/INFO][m [36m(aibot)[m [0m  Mode: M6 structured logs over M5 tasks
[m[34m[03:54:26][m [32m[Render thread/INFO][m [36m(aibot)[m [0m================================
[m[34m[03:54:27][m [32m[Render thread/INFO][m [36m(Indigo)[m [0m[Indigo] Registering Indigo renderer!
[m[34m[03:54:27][m [32m[aibot-real-client-connector/INFO][m [36m(aibot)[m [0mAIBot real-client control connected body_id=bob session=8d3ad4e2-76a9-46fa-af5d-6614b68574b1
[m[34m[03:54:27][m [32m[Render thread/INFO][m [36m(aibot)[m [0mAIBot real-client runtime enabled body_id=bob player=Bob control=127.0.0.1:8766
[m[34m[03:54:28][m [32m[Render thread/INFO][m [36m(Minecraft)[m [0mBackend library: LWJGL version 3.3.3-snapshot
[m[34m[03:54:29][m [32m[Render thread/INFO][m [36m(Minecraft)[m [0mReloading ResourceManager: vanilla, fabric, aibot, fabric-api, fabric-api-base, fabric-api-lookup-api-v1, fabric-biome-api-v1, fabric-block-api-v1, fabric-block-view-api-v2, fabric-blockrenderlayer-v1, fabric-client-tags-api-v1, fabric-command-api-v1, fabric-command-api-v2, fabric-commands-v0, fabric-content-registries-v0, fabric-convention-tags-v1, fabric-convention-tags-v2, fabric-crash-report-info-v1, fabric-data-attachment-api-v1, fabric-data-generation-api-v1, fabric-dimensions-v1, fabric-entity-events-v1, fabric-events-interaction-v0, fabric-game-rule-api-v1, fabric-gametest-api-v1, fabric-item-api-v1, fabric-item-group-api-v1, fabric-key-binding-api-v1, fabric-keybindings-v0, fabric-lifecycle-events-v1, fabric-loot-api-v2, fabric-loot-api-v3, fabric-message-api-v1, fabric-model-loading-api-v1, fabric-networking-api-v1, fabric-object-builder-api-v1, fabric-particles-v1, fabric-recipe-api-v1, fabric-registry-sync-v0, fabric-renderer-api-v1, fabric-renderer-indigo, fabric-rendering-data-attachment-v1, fabric-rendering-fluids-v1, fabric-rendering-v0, fabric-rendering-v1, fabric-resource-conditions-api-v1, fabric-resource-loader-v0, fabric-screen-api-v1, fabric-screen-handler-api-v1, fabric-sound-api-v1, fabric-tag-api-v1, fabric-transfer-api-v1, fabric-transitive-access-wideners-v1, fabricloader
[m[34m[03:54:29][m [32m[Worker-Main-4/INFO][m [36m(Minecraft)[m [0mFound unifont_jp_patch-15.1.05.hex, loading
[m[34m[03:54:29][m [32m[Worker-Main-7/INFO][m [36m(Minecraft)[m [0mFound unifont_all_no_pua-15.1.05.hex, loading
[m[34m[03:54:30][m [33m[Render thread/WARN][m [36m(Minecraft)[m [0mMissing sound for event: minecraft:block.spawner.fall
[m[34m[03:54:31][m [32m[Render thread/INFO][m [36m(Minecraft)[m [0mOpenAL initialized on device OpenAL Soft on æ‰¬å£°å™¨ (Steam Streaming Speakers)
[m[34m[03:54:31][m [32m[Render thread/INFO][m [36m(Minecraft)[m [0mSound engine started
[m[34m[03:54:31][m [32m[Render thread/INFO][m [36m(Minecraft)[m [0mCreated: 1024x512x4 minecraft:textures/atlas/blocks.png-atlas
[m[34m[03:54:31][m [32m[Render thread/INFO][m [36m(Minecraft)[m [0mCreated: 256x256x4 minecraft:textures/atlas/signs.png-atlas
[m[34m[03:54:31][m [32m[Render thread/INFO][m [36m(Minecraft)[m [0mCreated: 512x512x4 minecraft:textures/atlas/banner_patterns.png-atlas
[m[34m[03:54:31][m [32m[Render thread/INFO][m [36m(Minecraft)[m [0mCreated: 512x512x4 minecraft:textures/atlas/shield_patterns.png-atlas
[m[34m[03:54:31][m [32m[Render thread/INFO][m [36m(Minecraft)[m [0mCreated: 1024x1024x4 minecraft:textures/atlas/armor_trims.png-atlas
[m[34m[03:54:31][m [32m[Render thread/INFO][m [36m(Minecraft)[m [0mCreated: 256x256x4 minecraft:textures/atlas/chest.png-atlas
[m[34m[03:54:31][m [32m[Render thread/INFO][m [36m(Minecraft)[m [0mCreated: 128x64x4 minecraft:textures/atlas/decorated_pot.png-atlas
[m[34m[03:54:31][m [32m[Render thread/INFO][m [36m(Minecraft)[m [0mCreated: 512x256x4 minecraft:textures/atlas/beds.png-atlas
[m[34m[03:54:31][m [32m[Render thread/INFO][m [36m(Minecraft)[m [0mCreated: 512x256x4 minecraft:textures/atlas/shulker_boxes.png-atlas
[m[34m[03:54:31][m [32m[Render thread/INFO][m [36m(Minecraft)[m [0mCreated: 64x64x0 minecraft:textures/atlas/map_decorations.png-atlas
[m[34m[03:54:31][m [32m[Render thread/INFO][m [36m(Minecraft)[m [0mCreated: 512x256x0 minecraft:textures/atlas/particles.png-atlas
[m[34m[03:54:31][m [32m[Render thread/INFO][m [36m(Minecraft)[m [0mCreated: 512x256x0 minecraft:textures/atlas/paintings.png-atlas
[m[34m[03:54:31][m [32m[Render thread/INFO][m [36m(Minecraft)[m [0mCreated: 256x128x0 minecraft:textures/atlas/mob_effects.png-atlas
[m[34m[03:54:31][m [32m[Render thread/INFO][m [36m(Minecraft)[m [0mCreated: 1024x512x0 minecraft:textures/atlas/gui.png-atlas
[m[34m[04:02:26][m [32m[Render thread/INFO][m [36m(Minecraft)[m [0mReloading ResourceManager: vanilla, fabric, aibot, fabric-api, fabric-api-base, fabric-api-lookup-api-v1, fabric-biome-api-v1, fabric-block-api-v1, fabric-block-view-api-v2, fabric-blockrenderlayer-v1, fabric-client-tags-api-v1, fabric-command-api-v1, fabric-command-api-v2, fabric-commands-v0, fabric-content-registries-v0, fabric-convention-tags-v1, fabric-convention-tags-v2, fabric-crash-report-info-v1, fabric-data-attachment-api-v1, fabric-data-generation-api-v1, fabric-dimensions-v1, fabric-entity-events-v1, fabric-events-interaction-v0, fabric-game-rule-api-v1, fabric-gametest-api-v1, fabric-item-api-v1, fabric-item-group-api-v1, fabric-key-binding-api-v1, fabric-keybindings-v0, fabric-lifecycle-events-v1, fabric-loot-api-v2, fabric-loot-api-v3, fabric-message-api-v1, fabric-model-loading-api-v1, fabric-networking-api-v1, fabric-object-builder-api-v1, fabric-particles-v1, fabric-recipe-api-v1, fabric-registry-sync-v0, fabric-renderer-api-v1, fabric-renderer-indigo, fabric-rendering-data-attachment-v1, fabric-rendering-fluids-v1, fabric-rendering-v0, fabric-rendering-v1, fabric-resource-conditions-api-v1, fabric-resource-loader-v0, fabric-screen-api-v1, fabric-screen-handler-api-v1, fabric-sound-api-v1, fabric-tag-api-v1, fabric-transfer-api-v1, fabric-transitive-access-wideners-v1, fabricloader
[m[34m[04:02:26][m [32m[Worker-Main-12/INFO][m [36m(Minecraft)[m [0mFound unifont_all_no_pua-15.1.05.hex, loading
[m[34m[04:02:26][m [32m[Worker-Main-18/INFO][m [36m(Minecraft)[m [0mFound unifont_jp_patch-15.1.05.hex, loading
[m[34m[04:02:27][m [33m[Render thread/WARN][m [36m(Minecraft)[m [0mMissing sound for event: minecraft:block.spawner.fall
[m[34m[04:02:27][m [32m[Render thread/INFO][m [36m(Minecraft)[m [0mOpenAL initialized on device OpenAL Soft on æ‰¬å£°å™¨ (Steam Streaming Speakers)
[m[34m[04:02:27][m [32m[Render thread/INFO][m [36m(Minecraft)[m [0mSound engine started
[m[34m[04:02:27][m [32m[Render thread/INFO][m [36m(Minecraft)[m [0mCreated: 1024x512x4 minecraft:textures/atlas/blocks.png-atlas
[m[34m[04:02:27][m [32m[Render thread/INFO][m [36m(Minecraft)[m [0mCreated: 256x256x4 minecraft:textures/atlas/signs.png-atlas
[m[34m[04:02:27][m [32m[Render thread/INFO][m [36m(Minecraft)[m [0mCreated: 512x512x4 minecraft:textures/atlas/banner_patterns.png-atlas
[m[34m[04:02:27][m [32m[Render thread/INFO][m [36m(Minecraft)[m [0mCreated: 512x512x4 minecraft:textures/atlas/shield_patterns.png-atlas
[m[34m[04:02:27][m [32m[Render thread/INFO][m [36m(Minecraft)[m [0mCreated: 1024x1024x4 minecraft:textures/atlas/armor_trims.png-atlas
[m[34m[04:02:27][m [32m[Render thread/INFO][m [36m(Minecraft)[m [0mCreated: 256x256x4 minecraft:textures/atlas/chest.png-atlas
[m[34m[04:02:27][m [32m[Render thread/INFO][m [36m(Minecraft)[m [0mCreated: 128x64x4 minecraft:textures/atlas/decorated_pot.png-atlas
[m[34m[04:02:27][m [32m[Render thread/INFO][m [36m(Minecraft)[m [0mCreated: 512x256x4 minecraft:textures/atlas/beds.png-atlas
[m[34m[04:02:27][m [32m[Render thread/INFO][m [36m(Minecraft)[m [0mCreated: 512x256x4 minecraft:textures/atlas/shulker_boxes.png-atlas
[m[34m[04:02:27][m [32m[Render thread/INFO][m [36m(Minecraft)[m [0mCreated: 64x64x0 minecraft:textures/atlas/map_decorations.png-atlas
[m[34m[04:02:27][m [32m[Render thread/INFO][m [36m(Minecraft)[m [0mCreated: 512x256x0 minecraft:textures/atlas/particles.png-atlas
[m[34m[04:02:27][m [32m[Render thread/INFO][m [36m(Minecraft)[m [0mCreated: 512x256x0 minecraft:textures/atlas/paintings.png-atlas
[m[34m[04:02:27][m [32m[Render thread/INFO][m [36m(Minecraft)[m [0mCreated: 256x128x0 minecraft:textures/atlas/mob_effects.png-atlas
[m[34m[04:02:27][m [32m[Render thread/INFO][m [36m(Minecraft)[m [0mCreated: 1024x512x0 minecraft:textures/atlas/gui.png-atlas
[m
=== real-client launch 2026-09-12T20:06:45Z ===
[34m[04:06:48][m [32m[main/INFO][m [36m(FabricLoader/GameProvider)[m [0mLoading Minecraft 1.21.3 with Fabric Loader 0.18.4
[m[34m[04:06:48][m [32m[main/INFO][m [36m(FabricLoader)[m [0mLoading 55 mods:
	- aibot 0.0.1
	- fabric-api 0.114.1+1.21.3
	- fabric-api-base 0.4.50+119c825640
	- fabric-api-lookup-api-v1 1.6.81+fd37071f40
	- fabric-biome-api-v1 14.0.7+add2a48640
	- fabric-block-api-v1 1.0.28+fd37071f40
	- fabric-block-view-api-v2 1.0.16+fd37071f40
	- fabric-blockrenderlayer-v1 2.0.4+fd37071f40
	- fabric-client-tags-api-v1 1.1.25+a730659c40
	- fabric-command-api-v1 1.2.58+f71b366f40
	- fabric-command-api-v2 2.2.37+c9d82ab240
	- fabric-commands-v0 0.2.75+df3654b340
	- fabric-content-registries-v0 9.1.8+fd37071f40
	- fabric-convention-tags-v1 2.1.4+7f945d5b40
	- fabric-convention-tags-v2 2.9.4+129f0c1f40
	- fabric-crash-report-info-v1 0.3.3+fd37071f40
	- fabric-data-attachment-api-v1 1.4.0+dbad41f140
	- fabric-data-generation-api-v1 21.1.2+a730659c40
	- fabric-dimensions-v1 4.0.7+fd37071f40
	- fabric-entity-events-v1 2.0.8+825023f840
	- fabric-events-interaction-v0 2.0.12+c2c3ac4740
	- fabric-game-rule-api-v1 1.0.59+fd37071f40
	- fabric-gametest-api-v1 2.0.15+fd37071f40
	- fabric-item-api-v1 11.1.7+fd37071f40
	- fabric-item-group-api-v1 4.1.17+fd37071f40
	- fabric-key-binding-api-v1 1.0.53+fd37071f40
	- fabric-keybindings-v0 0.2.51+df3654b340
	- fabric-lifecycle-events-v1 2.5.1+6da5ef6940
	- fabric-loot-api-v2 3.0.26+3f89f5a540
	- fabric-loot-api-v3 1.0.14+fd37071f40
	- fabric-message-api-v1 6.0.22+5a9b22c640
	- fabric-model-loading-api-v1 3.0.9+fd37071f40
	- fabric-networking-api-v1 4.3.5+fd37071f40
	- fabric-object-builder-api-v1 17.0.9+fd37071f40
	- fabric-particles-v1 4.0.10+fd37071f40
	- fabric-recipe-api-v1 7.0.5+8ea69ff840
	- fabric-registry-sync-v0 5.4.1+3f3c499540
	- fabric-renderer-api-v1 4.0.5+fd37071f40
	- fabric-renderer-indigo 1.9.5+fd37071f40
	- fabric-rendering-data-attachment-v1 0.3.54+73761d2e40
	- fabric-rendering-fluids-v1 3.1.15+fd37071f40
	- fabric-rendering-v0 1.1.84+df3654b340
	- fabric-rendering-v1 8.0.8+6922831640
	- fabric-resource-conditions-api-v1 5.0.8+fd37071f40
	- fabric-resource-loader-v0 3.0.6+fd37071f40
	- fabric-screen-api-v1 2.0.34+fd37071f40
	- fabric-screen-handler-api-v1 1.3.103+fd37071f40
	- fabric-sound-api-v1 1.0.29+fd37071f40
	- fabric-tag-api-v1 1.0.0+a730659c40
	- fabric-transfer-api-v1 5.4.3+cb44d14340
	- fabric-transitive-access-wideners-v1 6.2.0+54a41b1c40
	- fabricloader 0.18.4
	- java 21
	- minecraft 1.21.3
	- mixinextras 0.5.0
[m[34m[04:06:49][m [32m[main/INFO][m [36m(FabricLoader/Mixin)[m [0mSpongePowered MIXIN Subsystem Version=0.8.7 Source=file:/C:/Users/15027/.gradle/caches/modules-2/files-2.1/net.fabricmc/sponge-mixin/0.17.0+mixin.0.8.7/cf31463202f72d03b0ef1e1e38e8ee71b7faaab6/sponge-mixin-0.17.0+mixin.0.8.7.jar Service=Knot/Fabric Env=CLIENT
[m[34m[04:06:49][m [32m[main/INFO][m [36m(FabricLoader/Mixin)[m [0mLoaded Fabric development mappings for mixin remapper!
[m[34m[04:06:49][m [32m[main/INFO][m [36m(FabricLoader/Mixin)[m [0mCompatibility level set to JAVA_21
[m[34m[04:06:51][m [32m[main/INFO][m [36m(FabricLoader/MixinExtras|Service)[m [0mInitializing MixinExtras via com.llamalad7.mixinextras.service.MixinExtrasServiceImpl(version=0.5.0).
[m[34m[04:06:53][m [32m[Datafixer Bootstrap/INFO][m [36m(Minecraft)[m [0m237 Datafixer optimizations took 627 milliseconds
[m[34m[04:07:03][m [32m[Render thread/INFO][m [36m(Minecraft)[m [0mEnvironment: Environment[sessionHost=https://sessionserver.mojang.com, servicesHost=https://api.minecraftservices.com, name=PROD]
[m[34m[04:07:03][m [32m[Render thread/INFO][m [36m(Minecraft)[m [0mSetting user: Bob
[m[34m[04:07:03][m [32m[Render thread/INFO][m [36m(aibot)[m [0m[AIBot] CONFIG event=operating_profile_resolved bot=- {effective_capabilities=[], configured_manual_teleport=true, profile=strict_survival, source=FILE_OR_DEFAULT, configured_forced_pickup=true, configured_hidden_block_scan=true, configured_emergency_teleport=true}
[m[34m[04:07:03][m [33m[Render thread/WARN][m [36m(aibot)[m [0m[AIBot] CONFIG event=deepseek_key_missing bot=- {}
[m[34m[04:07:03][m [32m[Render thread/INFO][m [36m(aibot)[m [0m[AIBot] LIFECYCLE event=mod_loaded bot=- {version=0.0.1}
[m[34m[04:07:03][m [32m[Render thread/INFO][m [36m(aibot)[m [0m[AIBot] CONFIG event=config_loaded bot=- {logging_enabled=true, configured_operator_capabilities=OperatorCapabilities[hiddenBlockScan=true, emergencyTeleport=true, forcedPickup=true, manualTeleport=true], deepseek_model=deepseek-v4-flash, effective_capabilities=[], perception_radius=16, pickup_force_radius=2.75, profile=strict_survival, nav_lookahead=4}
[m[34m[04:07:03][m [32m[Render thread/INFO][m [36m(aibot)[m [0m================================
[m[34m[04:07:03][m [32m[Render thread/INFO][m [36m(aibot)[m [0m  AIBot v0.0.1 loaded
[m[34m[04:07:03][m [32m[Render thread/INFO][m [36m(aibot)[m [0m  Mode: M6 structured logs over M5 tasks
[m[34m[04:07:03][m [32m[Render thread/INFO][m [36m(aibot)[m [0m================================
[m[34m[04:07:04][m [32m[aibot-real-client-connector/INFO][m [36m(aibot)[m [0mAIBot real-client control connected body_id=bob session=5e765f1f-9e12-4d49-a793-d9fad9588552
[m[34m[04:07:04][m [32m[Render thread/INFO][m [36m(aibot)[m [0mAIBot real-client runtime enabled body_id=bob player=Bob control=127.0.0.1:8766
[m[34m[04:07:04][m [32m[Render thread/INFO][m [36m(Indigo)[m [0m[Indigo] Registering Indigo renderer!
[m[34m[04:07:05][m [32m[Render thread/INFO][m [36m(Minecraft)[m [0mBackend library: LWJGL version 3.3.3-snapshot
[m[34m[04:07:07][m [32m[Render thread/INFO][m [36m(Minecraft)[m [0mReloading ResourceManager: vanilla, fabric, aibot, fabric-api, fabric-api-base, fabric-api-lookup-api-v1, fabric-biome-api-v1, fabric-block-api-v1, fabric-block-view-api-v2, fabric-blockrenderlayer-v1, fabric-client-tags-api-v1, fabric-command-api-v1, fabric-command-api-v2, fabric-commands-v0, fabric-content-registries-v0, fabric-convention-tags-v1, fabric-convention-tags-v2, fabric-crash-report-info-v1, fabric-data-attachment-api-v1, fabric-data-generation-api-v1, fabric-dimensions-v1, fabric-entity-events-v1, fabric-events-interaction-v0, fabric-game-rule-api-v1, fabric-gametest-api-v1, fabric-item-api-v1, fabric-item-group-api-v1, fabric-key-binding-api-v1, fabric-keybindings-v0, fabric-lifecycle-events-v1, fabric-loot-api-v2, fabric-loot-api-v3, fabric-message-api-v1, fabric-model-loading-api-v1, fabric-networking-api-v1, fabric-object-builder-api-v1, fabric-particles-v1, fabric-recipe-api-v1, fabric-registry-sync-v0, fabric-renderer-api-v1, fabric-renderer-indigo, fabric-rendering-data-attachment-v1, fabric-rendering-fluids-v1, fabric-rendering-v0, fabric-rendering-v1, fabric-resource-conditions-api-v1, fabric-resource-loader-v0, fabric-screen-api-v1, fabric-screen-handler-api-v1, fabric-sound-api-v1, fabric-tag-api-v1, fabric-transfer-api-v1, fabric-transitive-access-wideners-v1, fabricloader
[m[34m[04:07:07][m [32m[Worker-Main-4/INFO][m [36m(Minecraft)[m [0mFound unifont_all_no_pua-15.1.05.hex, loading
[m[34m[04:07:07][m [32m[Worker-Main-7/INFO][m [36m(Minecraft)[m [0mFound unifont_jp_patch-15.1.05.hex, loading
[m[34m[04:07:09][m [33m[Render thread/WARN][m [36m(Minecraft)[m [0mMissing sound for event: minecraft:block.spawner.fall
[m[34m[04:07:09][m [32m[Render thread/INFO][m [36m(Minecraft)[m [0mOpenAL initialized on device OpenAL Soft on æ‰¬å£°å™¨ (Steam Streaming Speakers)
[m[34m[04:07:09][m [32m[Render thread/INFO][m [36m(Minecraft)[m [0mSound engine started
[m[34m[04:07:09][m [32m[Render thread/INFO][m [36m(Minecraft)[m [0mCreated: 1024x512x4 minecraft:textures/atlas/blocks.png-atlas
[m[34m[04:07:09][m [32m[Render thread/INFO][m [36m(Minecraft)[m [0mCreated: 256x256x4 minecraft:textures/atlas/signs.png-atlas
[m[34m[04:07:09][m [32m[Render thread/INFO][m [36m(Minecraft)[m [0mCreated: 512x512x4 minecraft:textures/atlas/banner_patterns.png-atlas
[m[34m[04:07:09][m [32m[Render thread/INFO][m [36m(Minecraft)[m [0mCreated: 512x512x4 minecraft:textures/atlas/shield_patterns.png-atlas
[m[34m[04:07:09][m [32m[Render thread/INFO][m [36m(Minecraft)[m [0mCreated: 1024x1024x4 minecraft:textures/atlas/armor_trims.png-atlas
[m[34m[04:07:09][m [32m[Render thread/INFO][m [36m(Minecraft)[m [0mCreated: 256x256x4 minecraft:textures/atlas/chest.png-atlas
[m[34m[04:07:09][m [32m[Render thread/INFO][m [36m(Minecraft)[m [0mCreated: 128x64x4 minecraft:textures/atlas/decorated_pot.png-atlas
[m[34m[04:07:09][m [32m[Render thread/INFO][m [36m(Minecraft)[m [0mCreated: 512x256x4 minecraft:textures/atlas/beds.png-atlas
[m[34m[04:07:09][m [32m[Render thread/INFO][m [36m(Minecraft)[m [0mCreated: 512x256x4 minecraft:textures/atlas/shulker_boxes.png-atlas
[m[34m[04:07:09][m [32m[Render thread/INFO][m [36m(Minecraft)[m [0mCreated: 64x64x0 minecraft:textures/atlas/map_decorations.png-atlas
[m[34m[04:07:10][m [32m[Render thread/INFO][m [36m(Minecraft)[m [0mCreated: 512x256x0 minecraft:textures/atlas/particles.png-atlas
[m[34m[04:07:10][m [32m[Render thread/INFO][m [36m(Minecraft)[m [0mCreated: 512x256x0 minecraft:textures/atlas/paintings.png-atlas
[m[34m[04:07:10][m [32m[Render thread/INFO][m [36m(Minecraft)[m [0mCreated: 256x128x0 minecraft:textures/atlas/mob_effects.png-atlas
[m[34m[04:07:10][m [32m[Render thread/INFO][m [36m(Minecraft)[m [0mCreated: 1024x512x0 minecraft:textures/atlas/gui.png-atlas
[m
=== real-client launch 2026-09-12T20:11:33Z ===
[34m[04:11:35][m [32m[main/INFO][m [36m(FabricLoader/GameProvider)[m [0mLoading Minecraft 1.21.3 with Fabric Loader 0.18.4
[m[34m[04:11:35][m [32m[main/INFO][m [36m(FabricLoader)[m [0mLoading 55 mods:
	- aibot 0.0.1
	- fabric-api 0.114.1+1.21.3
	- fabric-api-base 0.4.50+119c825640
	- fabric-api-lookup-api-v1 1.6.81+fd37071f40
	- fabric-biome-api-v1 14.0.7+add2a48640
	- fabric-block-api-v1 1.0.28+fd37071f40
	- fabric-block-view-api-v2 1.0.16+fd37071f40
	- fabric-blockrenderlayer-v1 2.0.4+fd37071f40
	- fabric-client-tags-api-v1 1.1.25+a730659c40
	- fabric-command-api-v1 1.2.58+f71b366f40
	- fabric-command-api-v2 2.2.37+c9d82ab240
	- fabric-commands-v0 0.2.75+df3654b340
	- fabric-content-registries-v0 9.1.8+fd37071f40
	- fabric-convention-tags-v1 2.1.4+7f945d5b40
	- fabric-convention-tags-v2 2.9.4+129f0c1f40
	- fabric-crash-report-info-v1 0.3.3+fd37071f40
	- fabric-data-attachment-api-v1 1.4.0+dbad41f140
	- fabric-data-generation-api-v1 21.1.2+a730659c40
	- fabric-dimensions-v1 4.0.7+fd37071f40
	- fabric-entity-events-v1 2.0.8+825023f840
	- fabric-events-interaction-v0 2.0.12+c2c3ac4740
	- fabric-game-rule-api-v1 1.0.59+fd37071f40
	- fabric-gametest-api-v1 2.0.15+fd37071f40
	- fabric-item-api-v1 11.1.7+fd37071f40
	- fabric-item-group-api-v1 4.1.17+fd37071f40
	- fabric-key-binding-api-v1 1.0.53+fd37071f40
	- fabric-keybindings-v0 0.2.51+df3654b340
	- fabric-lifecycle-events-v1 2.5.1+6da5ef6940
	- fabric-loot-api-v2 3.0.26+3f89f5a540
	- fabric-loot-api-v3 1.0.14+fd37071f40
	- fabric-message-api-v1 6.0.22+5a9b22c640
	- fabric-model-loading-api-v1 3.0.9+fd37071f40
	- fabric-networking-api-v1 4.3.5+fd37071f40
	- fabric-object-builder-api-v1 17.0.9+fd37071f40
	- fabric-particles-v1 4.0.10+fd37071f40
	- fabric-recipe-api-v1 7.0.5+8ea69ff840
	- fabric-registry-sync-v0 5.4.1+3f3c499540
	- fabric-renderer-api-v1 4.0.5+fd37071f40
	- fabric-renderer-indigo 1.9.5+fd37071f40
	- fabric-rendering-data-attachment-v1 0.3.54+73761d2e40
	- fabric-rendering-fluids-v1 3.1.15+fd37071f40
	- fabric-rendering-v0 1.1.84+df3654b340
	- fabric-rendering-v1 8.0.8+6922831640
	- fabric-resource-conditions-api-v1 5.0.8+fd37071f40
	- fabric-resource-loader-v0 3.0.6+fd37071f40
	- fabric-screen-api-v1 2.0.34+fd37071f40
	- fabric-screen-handler-api-v1 1.3.103+fd37071f40
	- fabric-sound-api-v1 1.0.29+fd37071f40
	- fabric-tag-api-v1 1.0.0+a730659c40
	- fabric-transfer-api-v1 5.4.3+cb44d14340
	- fabric-transitive-access-wideners-v1 6.2.0+54a41b1c40
	- fabricloader 0.18.4
	- java 21
	- minecraft 1.21.3
	- mixinextras 0.5.0
[m[34m[04:11:35][m [32m[main/INFO][m [36m(FabricLoader/Mixin)[m [0mSpongePowered MIXIN Subsystem Version=0.8.7 Source=file:/C:/Users/15027/.gradle/caches/modules-2/files-2.1/net.fabricmc/sponge-mixin/0.17.0+mixin.0.8.7/cf31463202f72d03b0ef1e1e38e8ee71b7faaab6/sponge-mixin-0.17.0+mixin.0.8.7.jar Service=Knot/Fabric Env=CLIENT
[m[34m[04:11:36][m [32m[main/INFO][m [36m(FabricLoader/Mixin)[m [0mLoaded Fabric development mappings for mixin remapper!
[m[34m[04:11:36][m [32m[main/INFO][m [36m(FabricLoader/Mixin)[m [0mCompatibility level set to JAVA_21
[m[34m[04:11:37][m [32m[main/INFO][m [36m(FabricLoader/MixinExtras|Service)[m [0mInitializing MixinExtras via com.llamalad7.mixinextras.service.MixinExtrasServiceImpl(version=0.5.0).
[m[34m[04:11:38][m [32m[Datafixer Bootstrap/INFO][m [36m(Minecraft)[m [0m237 Datafixer optimizations took 383 milliseconds
[m[34m[04:11:45][m [32m[Render thread/INFO][m [36m(Minecraft)[m [0mEnvironment: Environment[sessionHost=https://sessionserver.mojang.com, servicesHost=https://api.minecraftservices.com, name=PROD]
[m[34m[04:11:45][m [32m[Render thread/INFO][m [36m(Minecraft)[m [0mSetting user: Bob
[m[34m[04:11:46][m [32m[Render thread/INFO][m [36m(aibot)[m [0m[AIBot] CONFIG event=operating_profile_resolved bot=- {configured_forced_pickup=true, source=FILE_OR_DEFAULT, profile=strict_survival, configured_manual_teleport=true, effective_capabilities=[], configured_emergency_teleport=true, configured_hidden_block_scan=true}
[m[34m[04:11:46][m [33m[Render thread/WARN][m [36m(aibot)[m [0m[AIBot] CONFIG event=deepseek_key_missing bot=- {}
[m[34m[04:11:46][m [32m[Render thread/INFO][m [36m(aibot)[m [0m[AIBot] LIFECYCLE event=mod_loaded bot=- {version=0.0.1}
[m[34m[04:11:46][m [32m[Render thread/INFO][m [36m(aibot)[m [0m[AIBot] CONFIG event=config_loaded bot=- {nav_lookahead=4, profile=strict_survival, pickup_force_radius=2.75, perception_radius=16, effective_capabilities=[], deepseek_model=deepseek-v4-flash, configured_operator_capabilities=OperatorCapabilities[hiddenBlockScan=true, emergencyTeleport=true, forcedPickup=true, manualTeleport=true], logging_enabled=true}
[m[34m[04:11:46][m [32m[Render thread/INFO][m [36m(aibot)[m [0m================================
[m[34m[04:11:46][m [32m[Render thread/INFO][m [36m(aibot)[m [0m  AIBot v0.0.1 loaded
[m[34m[04:11:46][m [32m[Render thread/INFO][m [36m(aibot)[m [0m  Mode: M6 structured logs over M5 tasks
[m[34m[04:11:46][m [32m[Render thread/INFO][m [36m(aibot)[m [0m================================
[m[34m[04:11:46][m [32m[Render thread/INFO][m [36m(Indigo)[m [0m[Indigo] Registering Indigo renderer!
[m[34m[04:11:46][m [32m[Render thread/INFO][m [36m(aibot)[m [0mAIBot real-client runtime enabled body_id=bob player=Bob control=127.0.0.1:8766 auto_join=127.0.0.1:25599
[m[34m[04:11:46][m [32m[aibot-real-client-connector/INFO][m [36m(aibot)[m [0mAIBot real-client control connected body_id=bob session=d55063da-c251-4ed7-9ac5-95eb009aeafb
[m[34m[04:11:47][m [32m[Render thread/INFO][m [36m(Minecraft)[m [0mBackend library: LWJGL version 3.3.3-snapshot
[m[34m[04:11:49][m [32m[Render thread/INFO][m [36m(Minecraft)[m [0mReloading ResourceManager: vanilla, fabric, aibot, fabric-api, fabric-api-base, fabric-api-lookup-api-v1, fabric-biome-api-v1, fabric-block-api-v1, fabric-block-view-api-v2, fabric-blockrenderlayer-v1, fabric-client-tags-api-v1, fabric-command-api-v1, fabric-command-api-v2, fabric-commands-v0, fabric-content-registries-v0, fabric-convention-tags-v1, fabric-convention-tags-v2, fabric-crash-report-info-v1, fabric-data-attachment-api-v1, fabric-data-generation-api-v1, fabric-dimensions-v1, fabric-entity-events-v1, fabric-events-interaction-v0, fabric-game-rule-api-v1, fabric-gametest-api-v1, fabric-item-api-v1, fabric-item-group-api-v1, fabric-key-binding-api-v1, fabric-keybindings-v0, fabric-lifecycle-events-v1, fabric-loot-api-v2, fabric-loot-api-v3, fabric-message-api-v1, fabric-model-loading-api-v1, fabric-networking-api-v1, fabric-object-builder-api-v1, fabric-particles-v1, fabric-recipe-api-v1, fabric-registry-sync-v0, fabric-renderer-api-v1, fabric-renderer-indigo, fabric-rendering-data-attachment-v1, fabric-rendering-fluids-v1, fabric-rendering-v0, fabric-rendering-v1, fabric-resource-conditions-api-v1, fabric-resource-loader-v0, fabric-screen-api-v1, fabric-screen-handler-api-v1, fabric-sound-api-v1, fabric-tag-api-v1, fabric-transfer-api-v1, fabric-transitive-access-wideners-v1, fabricloader
[m[34m[04:11:49][m [32m[Worker-Main-14/INFO][m [36m(Minecraft)[m [0mFound unifont_all_no_pua-15.1.05.hex, loading
[m[34m[04:11:49][m [32m[Worker-Main-13/INFO][m [36m(Minecraft)[m [0mFound unifont_jp_patch-15.1.05.hex, loading
[m[34m[04:11:49][m [32m[Render thread/INFO][m [36m(aibot)[m [0mAIBot real-client auto-join watcher screen=net.minecraft.client.gui.screen.MessageScreen
[m[34m[04:11:51][m [33m[Render thread/WARN][m [36m(Minecraft)[m [0mMissing sound for event: minecraft:block.spawner.fall
[m[34m[04:11:51][m [32m[Render thread/INFO][m [36m(Minecraft)[m [0mOpenAL initialized on device OpenAL Soft on æ‰¬å£°å™¨ (Steam Streaming Speakers)
[m[34m[04:11:51][m [32m[Render thread/INFO][m [36m(Minecraft)[m [0mSound engine started
[m[34m[04:11:51][m [32m[Render thread/INFO][m [36m(Minecraft)[m [0mCreated: 1024x512x4 minecraft:textures/atlas/blocks.png-atlas
[m[34m[04:11:51][m [32m[Render thread/INFO][m [36m(Minecraft)[m [0mCreated: 256x256x4 minecraft:textures/atlas/signs.png-atlas
[m[34m[04:11:51][m [32m[Render thread/INFO][m [36m(Minecraft)[m [0mCreated: 512x512x4 minecraft:textures/atlas/shield_patterns.png-atlas
[m[34m[04:11:51][m [32m[Render thread/INFO][m [36m(Minecraft)[m [0mCreated: 512x512x4 minecraft:textures/atlas/banner_patterns.png-atlas
[m[34m[04:11:51][m [32m[Render thread/INFO][m [36m(Minecraft)[m [0mCreated: 1024x1024x4 minecraft:textures/atlas/armor_trims.png-atlas
[m[34m[04:11:51][m [32m[Render thread/INFO][m [36m(Minecraft)[m [0mCreated: 128x64x4 minecraft:textures/atlas/decorated_pot.png-atlas
[m[34m[04:11:51][m [32m[Render thread/INFO][m [36m(Minecraft)[m [0mCreated: 256x256x4 minecraft:textures/atlas/chest.png-atlas
[m[34m[04:11:51][m [32m[Render thread/INFO][m [36m(Minecraft)[m [0mCreated: 512x256x4 minecraft:textures/atlas/shulker_boxes.png-atlas
[m[34m[04:11:51][m [32m[Render thread/INFO][m [36m(Minecraft)[m [0mCreated: 512x256x4 minecraft:textures/atlas/beds.png-atlas
[m[34m[04:11:51][m [32m[Render thread/INFO][m [36m(Minecraft)[m [0mCreated: 64x64x0 minecraft:textures/atlas/map_decorations.png-atlas
[m[34m[04:11:51][m [32m[Render thread/INFO][m [36m(Minecraft)[m [0mCreated: 512x256x0 minecraft:textures/atlas/particles.png-atlas
[m[34m[04:11:51][m [32m[Render thread/INFO][m [36m(Minecraft)[m [0mCreated: 512x256x0 minecraft:textures/atlas/paintings.png-atlas
[m[34m[04:11:51][m [32m[Render thread/INFO][m [36m(Minecraft)[m [0mCreated: 256x128x0 minecraft:textures/atlas/mob_effects.png-atlas
[m[34m[04:11:51][m [32m[Render thread/INFO][m [36m(Minecraft)[m [0mCreated: 1024x512x0 minecraft:textures/atlas/gui.png-atlas
[m[34m[04:11:51][m [32m[Render thread/INFO][m [36m(aibot)[m [0mAIBot real-client auto-join watcher screen=net.minecraft.client.gui.screen.AccessibilityOnboardingScreen
[m
=== real-client launch 2026-09-12T20:15:58Z ===
[34m[04:16:00][m [32m[main/INFO][m [36m(FabricLoader/GameProvider)[m [0mLoading Minecraft 1.21.3 with Fabric Loader 0.18.4
[m[34m[04:16:00][m [32m[main/INFO][m [36m(FabricLoader)[m [0mLoading 55 mods:
	- aibot 0.0.1
	- fabric-api 0.114.1+1.21.3
	- fabric-api-base 0.4.50+119c825640
	- fabric-api-lookup-api-v1 1.6.81+fd37071f40
	- fabric-biome-api-v1 14.0.7+add2a48640
	- fabric-block-api-v1 1.0.28+fd37071f40
	- fabric-block-view-api-v2 1.0.16+fd37071f40
	- fabric-blockrenderlayer-v1 2.0.4+fd37071f40
	- fabric-client-tags-api-v1 1.1.25+a730659c40
	- fabric-command-api-v1 1.2.58+f71b366f40
	- fabric-command-api-v2 2.2.37+c9d82ab240
	- fabric-commands-v0 0.2.75+df3654b340
	- fabric-content-registries-v0 9.1.8+fd37071f40
	- fabric-convention-tags-v1 2.1.4+7f945d5b40
	- fabric-convention-tags-v2 2.9.4+129f0c1f40
	- fabric-crash-report-info-v1 0.3.3+fd37071f40
	- fabric-data-attachment-api-v1 1.4.0+dbad41f140
	- fabric-data-generation-api-v1 21.1.2+a730659c40
	- fabric-dimensions-v1 4.0.7+fd37071f40
	- fabric-entity-events-v1 2.0.8+825023f840
	- fabric-events-interaction-v0 2.0.12+c2c3ac4740
	- fabric-game-rule-api-v1 1.0.59+fd37071f40
	- fabric-gametest-api-v1 2.0.15+fd37071f40
	- fabric-item-api-v1 11.1.7+fd37071f40
	- fabric-item-group-api-v1 4.1.17+fd37071f40
	- fabric-key-binding-api-v1 1.0.53+fd37071f40
	- fabric-keybindings-v0 0.2.51+df3654b340
	- fabric-lifecycle-events-v1 2.5.1+6da5ef6940
	- fabric-loot-api-v2 3.0.26+3f89f5a540
	- fabric-loot-api-v3 1.0.14+fd37071f40
	- fabric-message-api-v1 6.0.22+5a9b22c640
	- fabric-model-loading-api-v1 3.0.9+fd37071f40
	- fabric-networking-api-v1 4.3.5+fd37071f40
	- fabric-object-builder-api-v1 17.0.9+fd37071f40
	- fabric-particles-v1 4.0.10+fd37071f40
	- fabric-recipe-api-v1 7.0.5+8ea69ff840
	- fabric-registry-sync-v0 5.4.1+3f3c499540
	- fabric-renderer-api-v1 4.0.5+fd37071f40
	- fabric-renderer-indigo 1.9.5+fd37071f40
	- fabric-rendering-data-attachment-v1 0.3.54+73761d2e40
	- fabric-rendering-fluids-v1 3.1.15+fd37071f40
	- fabric-rendering-v0 1.1.84+df3654b340
	- fabric-rendering-v1 8.0.8+6922831640
	- fabric-resource-conditions-api-v1 5.0.8+fd37071f40
	- fabric-resource-loader-v0 3.0.6+fd37071f40
	- fabric-screen-api-v1 2.0.34+fd37071f40
	- fabric-screen-handler-api-v1 1.3.103+fd37071f40
	- fabric-sound-api-v1 1.0.29+fd37071f40
	- fabric-tag-api-v1 1.0.0+a730659c40
	- fabric-transfer-api-v1 5.4.3+cb44d14340
	- fabric-transitive-access-wideners-v1 6.2.0+54a41b1c40
	- fabricloader 0.18.4
	- java 21
	- minecraft 1.21.3
	- mixinextras 0.5.0
[m[34m[04:16:01][m [32m[main/INFO][m [36m(FabricLoader/Mixin)[m [0mSpongePowered MIXIN Subsystem Version=0.8.7 Source=file:/C:/Users/15027/.gradle/caches/modules-2/files-2.1/net.fabricmc/sponge-mixin/0.17.0+mixin.0.8.7/cf31463202f72d03b0ef1e1e38e8ee71b7faaab6/sponge-mixin-0.17.0+mixin.0.8.7.jar Service=Knot/Fabric Env=CLIENT
[m[34m[04:16:01][m [32m[main/INFO][m [36m(FabricLoader/Mixin)[m [0mLoaded Fabric development mappings for mixin remapper!
[m[34m[04:16:01][m [32m[main/INFO][m [36m(FabricLoader/Mixin)[m [0mCompatibility level set to JAVA_21
[m[34m[04:16:03][m [32m[main/INFO][m [36m(FabricLoader/MixinExtras|Service)[m [0mInitializing MixinExtras via com.llamalad7.mixinextras.service.MixinExtrasServiceImpl(version=0.5.0).
[m[34m[04:16:05][m [32m[Datafixer Bootstrap/INFO][m [36m(Minecraft)[m [0m237 Datafixer optimizations took 552 milliseconds
[m[34m[04:16:15][m [32m[Render thread/INFO][m [36m(Minecraft)[m [0mEnvironment: Environment[sessionHost=https://sessionserver.mojang.com, servicesHost=https://api.minecraftservices.com, name=PROD]
[m[34m[04:16:15][m [32m[Render thread/INFO][m [36m(Minecraft)[m [0mSetting user: Bob
[m[34m[04:16:15][m [32m[Render thread/INFO][m [36m(aibot)[m [0m[AIBot] CONFIG event=operating_profile_resolved bot=- {configured_hidden_block_scan=true, configured_forced_pickup=true, source=FILE_OR_DEFAULT, profile=strict_survival, configured_manual_teleport=true, effective_capabilities=[], configured_emergency_teleport=true}
[m[34m[04:16:15][m [33m[Render thread/WARN][m [36m(aibot)[m [0m[AIBot] CONFIG event=deepseek_key_missing bot=- {}
[m[34m[04:16:15][m [32m[Render thread/INFO][m [36m(aibot)[m [0m[AIBot] LIFECYCLE event=mod_loaded bot=- {version=0.0.1}
[m[34m[04:16:15][m [32m[Render thread/INFO][m [36m(aibot)[m [0m[AIBot] CONFIG event=config_loaded bot=- {nav_lookahead=4, profile=strict_survival, pickup_force_radius=2.75, perception_radius=16, effective_capabilities=[], deepseek_model=deepseek-v4-flash, configured_operator_capabilities=OperatorCapabilities[hiddenBlockScan=true, emergencyTeleport=true, forcedPickup=true, manualTeleport=true], logging_enabled=true}
[m[34m[04:16:15][m [32m[Render thread/INFO][m [36m(aibot)[m [0m================================
[m[34m[04:16:15][m [32m[Render thread/INFO][m [36m(aibot)[m [0m  AIBot v0.0.1 loaded
[m[34m[04:16:15][m [32m[Render thread/INFO][m [36m(aibot)[m [0m  Mode: M6 structured logs over M5 tasks
[m[34m[04:16:15][m [32m[Render thread/INFO][m [36m(aibot)[m [0m================================
[m[34m[04:16:16][m [32m[aibot-real-client-connector/INFO][m [36m(aibot)[m [0mAIBot real-client control connected body_id=bob session=1d0314dc-db12-4c22-aaf9-ec307753a4c9
[m[34m[04:16:16][m [32m[Render thread/INFO][m [36m(aibot)[m [0mAIBot real-client runtime enabled body_id=bob player=Bob control=127.0.0.1:8766 auto_join=127.0.0.1:25599
[m[34m[04:16:16][m [32m[Render thread/INFO][m [36m(Indigo)[m [0m[Indigo] Registering Indigo renderer!
[m[34m[04:16:17][m [32m[Render thread/INFO][m [36m(Minecraft)[m [0mBackend library: LWJGL version 3.3.3-snapshot
[m[34m[04:16:19][m [32m[Render thread/INFO][m [36m(Minecraft)[m [0mReloading ResourceManager: vanilla, fabric, aibot, fabric-api, fabric-api-base, fabric-api-lookup-api-v1, fabric-biome-api-v1, fabric-block-api-v1, fabric-block-view-api-v2, fabric-blockrenderlayer-v1, fabric-client-tags-api-v1, fabric-command-api-v1, fabric-command-api-v2, fabric-commands-v0, fabric-content-registries-v0, fabric-convention-tags-v1, fabric-convention-tags-v2, fabric-crash-report-info-v1, fabric-data-attachment-api-v1, fabric-data-generation-api-v1, fabric-dimensions-v1, fabric-entity-events-v1, fabric-events-interaction-v0, fabric-game-rule-api-v1, fabric-gametest-api-v1, fabric-item-api-v1, fabric-item-group-api-v1, fabric-key-binding-api-v1, fabric-keybindings-v0, fabric-lifecycle-events-v1, fabric-loot-api-v2, fabric-loot-api-v3, fabric-message-api-v1, fabric-model-loading-api-v1, fabric-networking-api-v1, fabric-object-builder-api-v1, fabric-particles-v1, fabric-recipe-api-v1, fabric-registry-sync-v0, fabric-renderer-api-v1, fabric-renderer-indigo, fabric-rendering-data-attachment-v1, fabric-rendering-fluids-v1, fabric-rendering-v0, fabric-rendering-v1, fabric-resource-conditions-api-v1, fabric-resource-loader-v0, fabric-screen-api-v1, fabric-screen-handler-api-v1, fabric-sound-api-v1, fabric-tag-api-v1, fabric-transfer-api-v1, fabric-transitive-access-wideners-v1, fabricloader
[m[34m[04:16:19][m [32m[Worker-Main-13/INFO][m [36m(Minecraft)[m [0mFound unifont_all_no_pua-15.1.05.hex, loading
[m[34m[04:16:19][m [32m[Worker-Main-12/INFO][m [36m(Minecraft)[m [0mFound unifont_jp_patch-15.1.05.hex, loading
[m[34m[04:16:20][m [32m[Render thread/INFO][m [36m(aibot)[m [0mAIBot real-client auto-join watcher screen=net.minecraft.client.gui.screen.MessageScreen
[m[34m[04:16:21][m [33m[Render thread/WARN][m [36m(Minecraft)[m [0mMissing sound for event: minecraft:block.spawner.fall
[m[34m[04:16:21][m [32m[Render thread/INFO][m [36m(Minecraft)[m [0mOpenAL initialized on device OpenAL Soft on æ‰¬å£°å™¨ (Steam Streaming Speakers)
[m[34m[04:16:21][m [32m[Render thread/INFO][m [36m(Minecraft)[m [0mSound engine started
[m[34m[04:16:21][m [32m[Render thread/INFO][m [36m(Minecraft)[m [0mCreated: 1024x512x4 minecraft:textures/atlas/blocks.png-atlas
[m[34m[04:16:21][m [32m[Render thread/INFO][m [36m(Minecraft)[m [0mCreated: 256x256x4 minecraft:textures/atlas/signs.png-atlas
[m[34m[04:16:21][m [32m[Render thread/INFO][m [36m(Minecraft)[m [0mCreated: 512x512x4 minecraft:textures/atlas/shield_patterns.png-atlas
[m[34m[04:16:21][m [32m[Render thread/INFO][m [36m(Minecraft)[m [0mCreated: 512x512x4 minecraft:textures/atlas/banner_patterns.png-atlas
[m[34m[04:16:21][m [32m[Render thread/INFO][m [36m(Minecraft)[m [0mCreated: 1024x1024x4 minecraft:textures/atlas/armor_trims.png-atlas
[m[34m[04:16:21][m [32m[Render thread/INFO][m [36m(Minecraft)[m [0mCreated: 128x64x4 minecraft:textures/atlas/decorated_pot.png-atlas
[m[34m[04:16:21][m [32m[Render thread/INFO][m [36m(Minecraft)[m [0mCreated: 256x256x4 minecraft:textures/atlas/chest.png-atlas
[m[34m[04:16:21][m [32m[Render thread/INFO][m [36m(Minecraft)[m [0mCreated: 512x256x4 minecraft:textures/atlas/shulker_boxes.png-atlas
[m[34m[04:16:21][m [32m[Render thread/INFO][m [36m(Minecraft)[m [0mCreated: 512x256x4 minecraft:textures/atlas/beds.png-atlas
[m[34m[04:16:22][m [32m[Render thread/INFO][m [36m(Minecraft)[m [0mCreated: 64x64x0 minecraft:textures/atlas/map_decorations.png-atlas
[m[34m[04:16:22][m [32m[Render thread/INFO][m [36m(Minecraft)[m [0mCreated: 512x256x0 minecraft:textures/atlas/particles.png-atlas
[m[34m[04:16:22][m [32m[Render thread/INFO][m [36m(Minecraft)[m [0mCreated: 512x256x0 minecraft:textures/atlas/paintings.png-atlas
[m[34m[04:16:22][m [32m[Render thread/INFO][m [36m(Minecraft)[m [0mCreated: 256x128x0 minecraft:textures/atlas/mob_effects.png-atlas
[m[34m[04:16:22][m [32m[Render thread/INFO][m [36m(Minecraft)[m [0mCreated: 1024x512x0 minecraft:textures/atlas/gui.png-atlas
[m[34m[04:16:22][m [32m[Render thread/INFO][m [36m(aibot)[m [0mAIBot real-client auto-join watcher screen=net.minecraft.client.gui.screen.AccessibilityOnboardingScreen
[m
=== real-client launch 2026-09-12T20:18:17Z ===
[34m[04:18:19][m [32m[main/INFO][m [36m(FabricLoader/GameProvider)[m [0mLoading Minecraft 1.21.3 with Fabric Loader 0.18.4
[m[34m[04:18:20][m [32m[main/INFO][m [36m(FabricLoader)[m [0mLoading 55 mods:
	- aibot 0.0.1
	- fabric-api 0.114.1+1.21.3
	- fabric-api-base 0.4.50+119c825640
	- fabric-api-lookup-api-v1 1.6.81+fd37071f40
	- fabric-biome-api-v1 14.0.7+add2a48640
	- fabric-block-api-v1 1.0.28+fd37071f40
	- fabric-block-view-api-v2 1.0.16+fd37071f40
	- fabric-blockrenderlayer-v1 2.0.4+fd37071f40
	- fabric-client-tags-api-v1 1.1.25+a730659c40
	- fabric-command-api-v1 1.2.58+f71b366f40
	- fabric-command-api-v2 2.2.37+c9d82ab240
	- fabric-commands-v0 0.2.75+df3654b340
	- fabric-content-registries-v0 9.1.8+fd37071f40
	- fabric-convention-tags-v1 2.1.4+7f945d5b40
	- fabric-convention-tags-v2 2.9.4+129f0c1f40
	- fabric-crash-report-info-v1 0.3.3+fd37071f40
	- fabric-data-attachment-api-v1 1.4.0+dbad41f140
	- fabric-data-generation-api-v1 21.1.2+a730659c40
	- fabric-dimensions-v1 4.0.7+fd37071f40
	- fabric-entity-events-v1 2.0.8+825023f840
	- fabric-events-interaction-v0 2.0.12+c2c3ac4740
	- fabric-game-rule-api-v1 1.0.59+fd37071f40
	- fabric-gametest-api-v1 2.0.15+fd37071f40
	- fabric-item-api-v1 11.1.7+fd37071f40
	- fabric-item-group-api-v1 4.1.17+fd37071f40
	- fabric-key-binding-api-v1 1.0.53+fd37071f40
	- fabric-keybindings-v0 0.2.51+df3654b340
	- fabric-lifecycle-events-v1 2.5.1+6da5ef6940
	- fabric-loot-api-v2 3.0.26+3f89f5a540
	- fabric-loot-api-v3 1.0.14+fd37071f40
	- fabric-message-api-v1 6.0.22+5a9b22c640
	- fabric-model-loading-api-v1 3.0.9+fd37071f40
	- fabric-networking-api-v1 4.3.5+fd37071f40
	- fabric-object-builder-api-v1 17.0.9+fd37071f40
	- fabric-particles-v1 4.0.10+fd37071f40
	- fabric-recipe-api-v1 7.0.5+8ea69ff840
	- fabric-registry-sync-v0 5.4.1+3f3c499540
	- fabric-renderer-api-v1 4.0.5+fd37071f40
	- fabric-renderer-indigo 1.9.5+fd37071f40
	- fabric-rendering-data-attachment-v1 0.3.54+73761d2e40
	- fabric-rendering-fluids-v1 3.1.15+fd37071f40
	- fabric-rendering-v0 1.1.84+df3654b340
	- fabric-rendering-v1 8.0.8+6922831640
	- fabric-resource-conditions-api-v1 5.0.8+fd37071f40
	- fabric-resource-loader-v0 3.0.6+fd37071f40
	- fabric-screen-api-v1 2.0.34+fd37071f40
	- fabric-screen-handler-api-v1 1.3.103+fd37071f40
	- fabric-sound-api-v1 1.0.29+fd37071f40
	- fabric-tag-api-v1 1.0.0+a730659c40
	- fabric-transfer-api-v1 5.4.3+cb44d14340
	- fabric-transitive-access-wideners-v1 6.2.0+54a41b1c40
	- fabricloader 0.18.4
	- java 21
	- minecraft 1.21.3
	- mixinextras 0.5.0
[m[34m[04:18:20][m [32m[main/INFO][m [36m(FabricLoader/Mixin)[m [0mSpongePowered MIXIN Subsystem Version=0.8.7 Source=file:/C:/Users/15027/.gradle/caches/modules-2/files-2.1/net.fabricmc/sponge-mixin/0.17.0+mixin.0.8.7/cf31463202f72d03b0ef1e1e38e8ee71b7faaab6/sponge-mixin-0.17.0+mixin.0.8.7.jar Service=Knot/Fabric Env=CLIENT
[m[34m[04:18:20][m [32m[main/INFO][m [36m(FabricLoader/Mixin)[m [0mLoaded Fabric development mappings for mixin remapper!
[m[34m[04:18:21][m [32m[main/INFO][m [36m(FabricLoader/Mixin)[m [0mCompatibility level set to JAVA_21
[m[34m[04:18:23][m [32m[main/INFO][m [36m(FabricLoader/MixinExtras|Service)[m [0mInitializing MixinExtras via com.llamalad7.mixinextras.service.MixinExtrasServiceImpl(version=0.5.0).
[m[34m[04:18:24][m [32m[Datafixer Bootstrap/INFO][m [36m(Minecraft)[m [0m237 Datafixer optimizations took 556 milliseconds
[m[34m[04:18:34][m [32m[Render thread/INFO][m [36m(Minecraft)[m [0mEnvironment: Environment[sessionHost=https://sessionserver.mojang.com, servicesHost=https://api.minecraftservices.com, name=PROD]
[m[34m[04:18:34][m [32m[Render thread/INFO][m [36m(Minecraft)[m [0mSetting user: Bob
[m[34m[04:18:34][m [32m[Render thread/INFO][m [36m(aibot)[m [0m[AIBot] CONFIG event=operating_profile_resolved bot=- {configured_manual_teleport=true, profile=strict_survival, source=FILE_OR_DEFAULT, configured_forced_pickup=true, configured_hidden_block_scan=true, configured_emergency_teleport=true, effective_capabilities=[]}
[m[34m[04:18:34][m [33m[Render thread/WARN][m [36m(aibot)[m [0m[AIBot] CONFIG event=deepseek_key_missing bot=- {}
[m[34m[04:18:34][m [32m[Render thread/INFO][m [36m(aibot)[m [0m[AIBot] LIFECYCLE event=mod_loaded bot=- {version=0.0.1}
[m[34m[04:18:34][m [32m[Render thread/INFO][m [36m(aibot)[m [0m[AIBot] CONFIG event=config_loaded bot=- {configured_operator_capabilities=OperatorCapabilities[hiddenBlockScan=true, emergencyTeleport=true, forcedPickup=true, manualTeleport=true], deepseek_model=deepseek-v4-flash, effective_capabilities=[], perception_radius=16, pickup_force_radius=2.75, profile=strict_survival, nav_lookahead=4, logging_enabled=true}
[m[34m[04:18:34][m [32m[Render thread/INFO][m [36m(aibot)[m [0m================================
[m[34m[04:18:34][m [32m[Render thread/INFO][m [36m(aibot)[m [0m  AIBot v0.0.1 loaded
[m[34m[04:18:34][m [32m[Render thread/INFO][m [36m(aibot)[m [0m  Mode: M6 structured logs over M5 tasks
[m[34m[04:18:34][m [32m[Render thread/INFO][m [36m(aibot)[m [0m================================
[m[34m[04:18:35][m [32m[Render thread/INFO][m [36m(Indigo)[m [0m[Indigo] Registering Indigo renderer!
[m[34m[04:18:35][m [32m[Render thread/INFO][m [36m(aibot)[m [0mAIBot real-client runtime enabled body_id=bob player=Bob control=127.0.0.1:8766 auto_join=127.0.0.1:25599
[m[34m[04:18:35][m [32m[aibot-real-client-connector/INFO][m [36m(aibot)[m [0mAIBot real-client control connected body_id=bob session=acfbc460-d9a3-4a54-8ed6-8598d228a6d8
[m[34m[04:18:36][m [32m[Render thread/INFO][m [36m(Minecraft)[m [0mBackend library: LWJGL version 3.3.3-snapshot
[m[34m[04:18:38][m [32m[Render thread/INFO][m [36m(Minecraft)[m [0mReloading ResourceManager: vanilla, fabric, aibot, fabric-api, fabric-api-base, fabric-api-lookup-api-v1, fabric-biome-api-v1, fabric-block-api-v1, fabric-block-view-api-v2, fabric-blockrenderlayer-v1, fabric-client-tags-api-v1, fabric-command-api-v1, fabric-command-api-v2, fabric-commands-v0, fabric-content-registries-v0, fabric-convention-tags-v1, fabric-convention-tags-v2, fabric-crash-report-info-v1, fabric-data-attachment-api-v1, fabric-data-generation-api-v1, fabric-dimensions-v1, fabric-entity-events-v1, fabric-events-interaction-v0, fabric-game-rule-api-v1, fabric-gametest-api-v1, fabric-item-api-v1, fabric-item-group-api-v1, fabric-key-binding-api-v1, fabric-keybindings-v0, fabric-lifecycle-events-v1, fabric-loot-api-v2, fabric-loot-api-v3, fabric-message-api-v1, fabric-model-loading-api-v1, fabric-networking-api-v1, fabric-object-builder-api-v1, fabric-particles-v1, fabric-recipe-api-v1, fabric-registry-sync-v0, fabric-renderer-api-v1, fabric-renderer-indigo, fabric-rendering-data-attachment-v1, fabric-rendering-fluids-v1, fabric-rendering-v0, fabric-rendering-v1, fabric-resource-conditions-api-v1, fabric-resource-loader-v0, fabric-screen-api-v1, fabric-screen-handler-api-v1, fabric-sound-api-v1, fabric-tag-api-v1, fabric-transfer-api-v1, fabric-transitive-access-wideners-v1, fabricloader
[m[34m[04:18:38][m [32m[Worker-Main-14/INFO][m [36m(Minecraft)[m [0mFound unifont_all_no_pua-15.1.05.hex, loading
[m[34m[04:18:38][m [32m[Worker-Main-9/INFO][m [36m(Minecraft)[m [0mFound unifont_jp_patch-15.1.05.hex, loading
[m[34m[04:18:38][m [32m[Render thread/INFO][m [36m(aibot)[m [0mAIBot real-client auto-join watcher screen=net.minecraft.client.gui.screen.MessageScreen
[m[34m[04:18:40][m [33m[Render thread/WARN][m [36m(Minecraft)[m [0mMissing sound for event: minecraft:block.spawner.fall
[m[34m[04:18:40][m [32m[Render thread/INFO][m [36m(Minecraft)[m [0mOpenAL initialized on device OpenAL Soft on æ‰¬å£°å™¨ (Steam Streaming Speakers)
[m[34m[04:18:40][m [32m[Render thread/INFO][m [36m(Minecraft)[m [0mSound engine started
[m[34m[04:18:40][m [32m[Render thread/INFO][m [36m(Minecraft)[m [0mCreated: 1024x512x4 minecraft:textures/atlas/blocks.png-atlas
[m[34m[04:18:40][m [32m[Render thread/INFO][m [36m(Minecraft)[m [0mCreated: 256x256x4 minecraft:textures/atlas/signs.png-atlas
[m[34m[04:18:40][m [32m[Render thread/INFO][m [36m(Minecraft)[m [0mCreated: 512x512x4 minecraft:textures/atlas/banner_patterns.png-atlas
[m[34m[04:18:40][m [32m[Render thread/INFO][m [36m(Minecraft)[m [0mCreated: 512x512x4 minecraft:textures/atlas/shield_patterns.png-atlas
[m[34m[04:18:40][m [32m[Render thread/INFO][m [36m(Minecraft)[m [0mCreated: 1024x1024x4 minecraft:textures/atlas/armor_trims.png-atlas
[m[34m[04:18:40][m [32m[Render thread/INFO][m [36m(Minecraft)[m [0mCreated: 256x256x4 minecraft:textures/atlas/chest.png-atlas
[m[34m[04:18:40][m [32m[Render thread/INFO][m [36m(Minecraft)[m [0mCreated: 128x64x4 minecraft:textures/atlas/decorated_pot.png-atlas
[m[34m[04:18:40][m [32m[Render thread/INFO][m [36m(Minecraft)[m [0mCreated: 512x256x4 minecraft:textures/atlas/beds.png-atlas
[m[34m[04:18:40][m [32m[Render thread/INFO][m [36m(Minecraft)[m [0mCreated: 512x256x4 minecraft:textures/atlas/shulker_boxes.png-atlas
[m[34m[04:18:41][m [32m[Render thread/INFO][m [36m(Minecraft)[m [0mCreated: 64x64x0 minecraft:textures/atlas/map_decorations.png-atlas
[m[34m[04:18:41][m [32m[Render thread/INFO][m [36m(Minecraft)[m [0mCreated: 512x256x0 minecraft:textures/atlas/particles.png-atlas
[m[34m[04:18:41][m [32m[Render thread/INFO][m [36m(Minecraft)[m [0mCreated: 512x256x0 minecraft:textures/atlas/paintings.png-atlas
[m[34m[04:18:41][m [32m[Render thread/INFO][m [36m(Minecraft)[m [0mCreated: 256x128x0 minecraft:textures/atlas/mob_effects.png-atlas
[m[34m[04:18:41][m [32m[Render thread/INFO][m [36m(Minecraft)[m [0mCreated: 1024x512x0 minecraft:textures/atlas/gui.png-atlas
[m[34m[04:18:41][m [32m[Render thread/INFO][m [36m(Minecraft)[m [0mConnecting to 127.0.0.1, 25599
[m[34m[04:18:41][m [32m[Render thread/INFO][m [36m(aibot)[m [0mAIBot real-client auto-join watcher screen=net.minecraft.client.gui.screen.multiplayer.ConnectScreen
[m[34m[04:18:45][m [32m[Render thread/INFO][m [36m(Minecraft)[m [0mLoaded 2 advancements
[m[34m[04:25:28][m [32m[Render thread/INFO][m [36m(Minecraft)[m [0m[Not Secure] [CHAT] <Bob> mc2a04 LIVE real-client say slice at 04:25:28
[m[34m[04:26:21][m [32m[Render thread/INFO][m [36m(Minecraft)[m [0m[System] [CHAT] Bob fue asesinado/a por Slime
[m[34m[04:26:21][m [32m[Render thread/INFO][m [36m(Minecraft)[m [0mLoaded 38 advancements
[m[34m[04:26:40][m [33m[aibot-real-client-connector/WARN][m [36m(aibot)[m [0mreal-client control connect/read failed: java.net.SocketException: Connection reset
[m[34m[04:26:40][m [31m[Netty Client IO #0/ERROR][m [36m(Minecraft)[m [31mNegative index in crash report handler (13/21)
[m[34m[04:26:40][m [33m[Render thread/WARN][m [36m(Minecraft)[m [0mClient disconnected with reason: Internal Exception: java.net.SocketException: Connection reset
[m[34m[04:26:40][m [32m[Render thread/INFO][m [36m(aibot)[m [0mAIBot real-client auto-join watcher screen=net.minecraft.client.gui.screen.DisconnectedScreen
[m[34m[04:26:40][m [32m[Render thread/INFO][m [36m(aibot)[m [0mAIBot real-client auto-join 127.0.0.1:25599 (attempt 1)
[m[34m[04:26:41][m [32m[Render thread/INFO][m [36m(Minecraft)[m [0mConnecting to 127.0.0.1, 25599
[m[34m[04:26:41][m [31m[Server Connector #2/ERROR][m [36m(Minecraft)[m [31mCouldn't connect to server
[m io.netty.channel.AbstractChannel$AnnotatedConnectException: Connection refused: getsockopt: kubernetes.docker.internal/127.0.0.1:25599
Caused by: java.net.ConnectException: Connection refused: getsockopt
	at java.base/sun.nio.ch.Net.pollConnect(Native Method) ~[?:?]
	at java.base/sun.nio.ch.Net.pollConnectNow(Net.java:694) ~[?:?]
	at java.base/sun.nio.ch.SocketChannelImpl.finishConnect(SocketChannelImpl.java:973) ~[?:?]
	at knot/io.netty.channel.socket.nio.NioSocketChannel.doFinishConnect(NioSocketChannel.java:337) ~[netty-transport-4.1.97.Final.jar:?]
	at knot/io.netty.channel.nio.AbstractNioChannel$AbstractNioUnsafe.finishConnect(AbstractNioChannel.java:334) ~[netty-transport-4.1.97.Final.jar:?]
	at knot/io.netty.channel.nio.NioEventLoop.processSelectedKey(NioEventLoop.java:776) ~[netty-transport-4.1.97.Final.jar:?]
	at knot/io.netty.channel.nio.NioEventLoop.processSelectedKeysOptimized(NioEventLoop.java:724) ~[netty-transport-4.1.97.Final.jar:?]
	at knot/io.netty.channel.nio.NioEventLoop.processSelectedKeys(NioEventLoop.java:650) ~[netty-transport-4.1.97.Final.jar:?]
	at knot/io.netty.channel.nio.NioEventLoop.run(NioEventLoop.java:562) ~[netty-transport-4.1.97.Final.jar:?]
	at knot/io.netty.util.concurrent.SingleThreadEventExecutor$4.run(SingleThreadEventExecutor.java:997) ~[netty-common-4.1.97.Final.jar:?]
	at knot/io.netty.util.internal.ThreadExecutorMap$2.run(ThreadExecutorMap.java:74) ~[netty-common-4.1.97.Final.jar:?]
	at java.base/java.lang.Thread.run(Thread.java:1583) ~[?:?]
[34m[04:26:41][m [33m[aibot-real-client-connector/WARN][m [36m(aibot)[m [0mreal-client control connect/read failed: java.net.ConnectException: Connection refused: getsockopt
[m[34m[04:26:43][m [33m[aibot-real-client-connector/WARN][m [36m(aibot)[m [0mreal-client control connect/read failed: java.net.ConnectException: Connection refused: getsockopt
[m[34m[04:26:45][m [32m[Render thread/INFO][m [36m(aibot)[m [0mAIBot real-client auto-join 127.0.0.1:25599 (attempt 2)
[m[34m[04:26:46][m [32m[Render thread/INFO][m [36m(Minecraft)[m [0mConnecting to 127.0.0.1, 25599
[m[34m[04:26:46][m [31m[Server Connector #3/ERROR][m [36m(Minecraft)[m [31mCouldn't connect to server
[m io.netty.channel.AbstractChannel$AnnotatedConnectException: Connection refused: getsockopt: kubernetes.docker.internal/127.0.0.1:25599
Caused by: java.net.ConnectException: Connection refused: getsockopt
	at java.base/sun.nio.ch.Net.pollConnect(Native Method) ~[?:?]
	at java.base/sun.nio.ch.Net.pollConnectNow(Net.java:694) ~[?:?]
	at java.base/sun.nio.ch.SocketChannelImpl.finishConnect(SocketChannelImpl.java:973) ~[?:?]
	at knot/io.netty.channel.socket.nio.NioSocketChannel.doFinishConnect(NioSocketChannel.java:337) ~[netty-transport-4.1.97.Final.jar:?]
	at knot/io.netty.channel.nio.AbstractNioChannel$AbstractNioUnsafe.finishConnect(AbstractNioChannel.java:334) ~[netty-transport-4.1.97.Final.jar:?]
	at knot/io.netty.channel.nio.NioEventLoop.processSelectedKey(NioEventLoop.java:776) ~[netty-transport-4.1.97.Final.jar:?]
	at knot/io.netty.channel.nio.NioEventLoop.processSelectedKeysOptimized(NioEventLoop.java:724) ~[netty-transport-4.1.97.Final.jar:?]
	at knot/io.netty.channel.nio.NioEventLoop.processSelectedKeys(NioEventLoop.java:650) ~[netty-transport-4.1.97.Final.jar:?]
	at knot/io.netty.channel.nio.NioEventLoop.run(NioEventLoop.java:562) ~[netty-transport-4.1.97.Final.jar:?]
	at knot/io.netty.util.concurrent.SingleThreadEventExecutor$4.run(SingleThreadEventExecutor.java:997) ~[netty-common-4.1.97.Final.jar:?]
	at knot/io.netty.util.internal.ThreadExecutorMap$2.run(ThreadExecutorMap.java:74) ~[netty-common-4.1.97.Final.jar:?]
	at java.base/java.lang.Thread.run(Thread.java:1583) ~[?:?]
[34m[04:26:47][m [33m[aibot-real-client-connector/WARN][m [36m(aibot)[m [0mreal-client control connect/read failed: java.net.ConnectException: Connection refused: getsockopt
[m[34m[04:26:50][m [32m[Render thread/INFO][m [36m(aibot)[m [0mAIBot real-client auto-join 127.0.0.1:25599 (attempt 3)
[m[34m[04:26:51][m [32m[Render thread/INFO][m [36m(Minecraft)[m [0mConnecting to 127.0.0.1, 25599
[m[34m[04:26:51][m [31m[Server Connector #4/ERROR][m [36m(Minecraft)[m [31mCouldn't connect to server
[m io.netty.channel.AbstractChannel$AnnotatedConnectException: Connection refused: getsockopt: kubernetes.docker.internal/127.0.0.1:25599
Caused by: java.net.ConnectException: Connection refused: getsockopt
	at java.base/sun.nio.ch.Net.pollConnect(Native Method) ~[?:?]
	at java.base/sun.nio.ch.Net.pollConnectNow(Net.java:694) ~[?:?]
	at java.base/sun.nio.ch.SocketChannelImpl.finishConnect(SocketChannelImpl.java:973) ~[?:?]
	at knot/io.netty.channel.socket.nio.NioSocketChannel.doFinishConnect(NioSocketChannel.java:337) ~[netty-transport-4.1.97.Final.jar:?]
	at knot/io.netty.channel.nio.AbstractNioChannel$AbstractNioUnsafe.finishConnect(AbstractNioChannel.java:334) ~[netty-transport-4.1.97.Final.jar:?]
	at knot/io.netty.channel.nio.NioEventLoop.processSelectedKey(NioEventLoop.java:776) ~[netty-transport-4.1.97.Final.jar:?]
	at knot/io.netty.channel.nio.NioEventLoop.processSelectedKeysOptimized(NioEventLoop.java:724) ~[netty-transport-4.1.97.Final.jar:?]
	at knot/io.netty.channel.nio.NioEventLoop.processSelectedKeys(NioEventLoop.java:650) ~[netty-transport-4.1.97.Final.jar:?]
	at knot/io.netty.channel.nio.NioEventLoop.run(NioEventLoop.java:562) ~[netty-transport-4.1.97.Final.jar:?]
	at knot/io.netty.util.concurrent.SingleThreadEventExecutor$4.run(SingleThreadEventExecutor.java:997) ~[netty-common-4.1.97.Final.jar:?]
	at knot/io.netty.util.internal.ThreadExecutorMap$2.run(ThreadExecutorMap.java:74) ~[netty-common-4.1.97.Final.jar:?]
	at java.base/java.lang.Thread.run(Thread.java:1583) ~[?:?]
[34m[04:26:55][m [33m[aibot-real-client-connector/WARN][m [36m(aibot)[m [0mreal-client control connect/read failed: java.net.ConnectException: Connection refused: getsockopt
[m[34m[04:26:55][m [32m[Render thread/INFO][m [36m(aibot)[m [0mAIBot real-client auto-join 127.0.0.1:25599 (attempt 4)
[m[34m[04:26:56][m [32m[Render thread/INFO][m [36m(Minecraft)[m [0mConnecting to 127.0.0.1, 25599
[m[34m[04:26:56][m [31m[Server Connector #5/ERROR][m [36m(Minecraft)[m [31mCouldn't connect to server
[m io.netty.channel.AbstractChannel$AnnotatedConnectException: Connection refused: getsockopt: kubernetes.docker.internal/127.0.0.1:25599
Caused by: java.net.ConnectException: Connection refused: getsockopt
	at java.base/sun.nio.ch.Net.pollConnect(Native Method) ~[?:?]
	at java.base/sun.nio.ch.Net.pollConnectNow(Net.java:694) ~[?:?]
	at java.base/sun.nio.ch.SocketChannelImpl.finishConnect(SocketChannelImpl.java:973) ~[?:?]
	at knot/io.netty.channel.socket.nio.NioSocketChannel.doFinishConnect(NioSocketChannel.java:337) ~[netty-transport-4.1.97.Final.jar:?]
	at knot/io.netty.channel.nio.AbstractNioChannel$AbstractNioUnsafe.finishConnect(AbstractNioChannel.java:334) ~[netty-transport-4.1.97.Final.jar:?]
	at knot/io.netty.channel.nio.NioEventLoop.processSelectedKey(NioEventLoop.java:776) ~[netty-transport-4.1.97.Final.jar:?]
	at knot/io.netty.channel.nio.NioEventLoop.processSelectedKeysOptimized(NioEventLoop.java:724) ~[netty-transport-4.1.97.Final.jar:?]
	at knot/io.netty.channel.nio.NioEventLoop.processSelectedKeys(NioEventLoop.java:650) ~[netty-transport-4.1.97.Final.jar:?]
	at knot/io.netty.channel.nio.NioEventLoop.run(NioEventLoop.java:562) ~[netty-transport-4.1.97.Final.jar:?]
	at knot/io.netty.util.concurrent.SingleThreadEventExecutor$4.run(SingleThreadEventExecutor.java:997) ~[netty-common-4.1.97.Final.jar:?]
	at knot/io.netty.util.internal.ThreadExecutorMap$2.run(ThreadExecutorMap.java:74) ~[netty-common-4.1.97.Final.jar:?]
	at java.base/java.lang.Thread.run(Thread.java:1583) ~[?:?]
[34m[04:27:00][m [32m[Render thread/INFO][m [36m(aibot)[m [0mAIBot real-client auto-join 127.0.0.1:25599 (attempt 5)
[m[34m[04:27:01][m [32m[Render thread/INFO][m [36m(Minecraft)[m [0mConnecting to 127.0.0.1, 25599
[m[34m[04:27:01][m [31m[Server Connector #6/ERROR][m [36m(Minecraft)[m [31mCouldn't connect to server
[m io.netty.channel.AbstractChannel$AnnotatedConnectException: Connection refused: getsockopt: kubernetes.docker.internal/127.0.0.1:25599
Caused by: java.net.ConnectException: Connection refused: getsockopt
	at java.base/sun.nio.ch.Net.pollConnect(Native Method) ~[?:?]
	at java.base/sun.nio.ch.Net.pollConnectNow(Net.java:694) ~[?:?]
	at java.base/sun.nio.ch.SocketChannelImpl.finishConnect(SocketChannelImpl.java:973) ~[?:?]
	at knot/io.netty.channel.socket.nio.NioSocketChannel.doFinishConnect(NioSocketChannel.java:337) ~[netty-transport-4.1.97.Final.jar:?]
	at knot/io.netty.channel.nio.AbstractNioChannel$AbstractNioUnsafe.finishConnect(AbstractNioChannel.java:334) ~[netty-transport-4.1.97.Final.jar:?]
	at knot/io.netty.channel.nio.NioEventLoop.processSelectedKey(NioEventLoop.java:776) ~[netty-transport-4.1.97.Final.jar:?]
	at knot/io.netty.channel.nio.NioEventLoop.processSelectedKeysOptimized(NioEventLoop.java:724) ~[netty-transport-4.1.97.Final.jar:?]
	at knot/io.netty.channel.nio.NioEventLoop.processSelectedKeys(NioEventLoop.java:650) ~[netty-transport-4.1.97.Final.jar:?]
	at knot/io.netty.channel.nio.NioEventLoop.run(NioEventLoop.java:562) ~[netty-transport-4.1.97.Final.jar:?]
	at knot/io.netty.util.concurrent.SingleThreadEventExecutor$4.run(SingleThreadEventExecutor.java:997) ~[netty-common-4.1.97.Final.jar:?]
	at knot/io.netty.util.internal.ThreadExecutorMap$2.run(ThreadExecutorMap.java:74) ~[netty-common-4.1.97.Final.jar:?]
	at java.base/java.lang.Thread.run(Thread.java:1583) ~[?:?]
[34m[04:27:03][m [33m[aibot-real-client-connector/WARN][m [36m(aibot)[m [0mreal-client control connect/read failed: java.net.ConnectException: Connection refused: getsockopt
[m[34m[04:27:05][m [32m[Render thread/INFO][m [36m(aibot)[m [0mAIBot real-client auto-join 127.0.0.1:25599 (attempt 6)
[m[34m[04:27:06][m [32m[Render thread/INFO][m [36m(Minecraft)[m [0mConnecting to 127.0.0.1, 25599
[m[34m[04:27:06][m [31m[Server Connector #7/ERROR][m [36m(Minecraft)[m [31mCouldn't connect to server
[m io.netty.channel.AbstractChannel$AnnotatedConnectException: Connection refused: getsockopt: kubernetes.docker.internal/127.0.0.1:25599
Caused by: java.net.ConnectException: Connection refused: getsockopt
	at java.base/sun.nio.ch.Net.pollConnect(Native Method) ~[?:?]
	at java.base/sun.nio.ch.Net.pollConnectNow(Net.java:694) ~[?:?]
	at java.base/sun.nio.ch.SocketChannelImpl.finishConnect(SocketChannelImpl.java:973) ~[?:?]
	at knot/io.netty.channel.socket.nio.NioSocketChannel.doFinishConnect(NioSocketChannel.java:337) ~[netty-transport-4.1.97.Final.jar:?]
	at knot/io.netty.channel.nio.AbstractNioChannel$AbstractNioUnsafe.finishConnect(AbstractNioChannel.java:334) ~[netty-transport-4.1.97.Final.jar:?]
	at knot/io.netty.channel.nio.NioEventLoop.processSelectedKey(NioEventLoop.java:776) ~[netty-transport-4.1.97.Final.jar:?]
	at knot/io.netty.channel.nio.NioEventLoop.processSelectedKeysOptimized(NioEventLoop.java:724) ~[netty-transport-4.1.97.Final.jar:?]
	at knot/io.netty.channel.nio.NioEventLoop.processSelectedKeys(NioEventLoop.java:650) ~[netty-transport-4.1.97.Final.jar:?]
	at knot/io.netty.channel.nio.NioEventLoop.run(NioEventLoop.java:562) ~[netty-transport-4.1.97.Final.jar:?]
	at knot/io.netty.util.concurrent.SingleThreadEventExecutor$4.run(SingleThreadEventExecutor.java:997) ~[netty-common-4.1.97.Final.jar:?]
	at knot/io.netty.util.internal.ThreadExecutorMap$2.run(ThreadExecutorMap.java:74) ~[netty-common-4.1.97.Final.jar:?]
	at java.base/java.lang.Thread.run(Thread.java:1583) ~[?:?]
[34m[04:27:10][m [32m[Render thread/INFO][m [36m(aibot)[m [0mAIBot real-client auto-join 127.0.0.1:25599 (attempt 7)
[m[34m[04:27:11][m [32m[Render thread/INFO][m [36m(Minecraft)[m [0mConnecting to 127.0.0.1, 25599
[m[34m[04:27:11][m [32m[Render thread/INFO][m [36m(aibot)[m [0mAIBot real-client auto-join watcher screen=net.minecraft.client.gui.screen.multiplayer.ConnectScreen
[m[34m[04:27:11][m [32m[aibot-real-client-connector/INFO][m [36m(aibot)[m [0mAIBot real-client control connected body_id=bob session=8d6de428-3433-4ec1-bab2-5faaab6d76ba
[m[34m[04:27:11][m [32m[Render thread/INFO][m [36m(aibot)[m [0mAIBot real-client auto-join watcher screen=net.minecraft.client.gui.screen.DisconnectedScreen
[m[34m[04:27:15][m [32m[Render thread/INFO][m [36m(aibot)[m [0mAIBot real-client auto-join 127.0.0.1:25599 (attempt 8)
[m[34m[04:27:16][m [32m[Render thread/INFO][m [36m(Minecraft)[m [0mConnecting to 127.0.0.1, 25599
[m[34m[04:27:20][m [32m[Render thread/INFO][m [36m(aibot)[m [0mAIBot real-client auto-join 127.0.0.1:25599 (attempt 9)
[m[34m[04:27:21][m [32m[Render thread/INFO][m [36m(Minecraft)[m [0mConnecting to 127.0.0.1, 25599
[m[34m[04:27:25][m [32m[Render thread/INFO][m [36m(aibot)[m [0mAIBot real-client auto-join 127.0.0.1:25599 (attempt 10)
[m[34m[04:27:26][m [32m[Render thread/INFO][m [36m(Minecraft)[m [0mConnecting to 127.0.0.1, 25599
[m[34m[04:27:30][m [32m[Render thread/INFO][m [36m(aibot)[m [0mAIBot real-client auto-join 127.0.0.1:25599 (attempt 11)
[m[34m[04:27:31][m [32m[Render thread/INFO][m [36m(Minecraft)[m [0mConnecting to 127.0.0.1, 25599
[m[34m[04:27:35][m [32m[Render thread/INFO][m [36m(aibot)[m [0mAIBot real-client auto-join 127.0.0.1:25599 (attempt 12)
[m[34m[04:27:36][m [32m[Render thread/INFO][m [36m(Minecraft)[m [0mConnecting to 127.0.0.1, 25599
[m[34m[04:27:41][m [32m[Render thread/INFO][m [36m(aibot)[m [0mAIBot real-client auto-join 127.0.0.1:25599 (attempt 13)
[m[34m[04:27:41][m [32m[Render thread/INFO][m [36m(Minecraft)[m [0mConnecting to 127.0.0.1, 25599
[m[34m[04:27:46][m [32m[Render thread/INFO][m [36m(aibot)[m [0mAIBot real-client auto-join 127.0.0.1:25599 (attempt 14)
[m[34m[04:27:46][m [32m[Render thread/INFO][m [36m(Minecraft)[m [0mConnecting to 127.0.0.1, 25599
[m[34m[04:27:51][m [32m[Render thread/INFO][m [36m(aibot)[m [0mAIBot real-client auto-join 127.0.0.1:25599 (attempt 15)
[m[34m[04:27:51][m [32m[Render thread/INFO][m [36m(Minecraft)[m [0mConnecting to 127.0.0.1, 25599
[m[34m[04:27:56][m [32m[Render thread/INFO][m [36m(aibot)[m [0mAIBot real-client auto-join 127.0.0.1:25599 (attempt 16)
[m[34m[04:27:56][m [32m[Render thread/INFO][m [36m(Minecraft)[m [0mConnecting to 127.0.0.1, 25599
[m[34m[04:28:01][m [32m[Render thread/INFO][m [36m(aibot)[m [0mAIBot real-client auto-join 127.0.0.1:25599 (attempt 17)
[m[34m[04:28:01][m [32m[Render thread/INFO][m [36m(Minecraft)[m [0mConnecting to 127.0.0.1, 25599
[m[34m[04:28:06][m [32m[Render thread/INFO][m [36m(aibot)[m [0mAIBot real-client auto-join 127.0.0.1:25599 (attempt 18)
[m[34m[04:28:06][m [32m[Render thread/INFO][m [36m(Minecraft)[m [0mConnecting to 127.0.0.1, 25599
[m[34m[04:28:11][m [32m[Render thread/INFO][m [36m(aibot)[m [0mAIBot real-client auto-join 127.0.0.1:25599 (attempt 19)
[m[34m[04:28:11][m [32m[Render thread/INFO][m [36m(Minecraft)[m [0mConnecting to 127.0.0.1, 25599
[m[34m[04:28:16][m [32m[Render thread/INFO][m [36m(aibot)[m [0mAIBot real-client auto-join 127.0.0.1:25599 (attempt 20)
[m[34m[04:28:16][m [32m[Render thread/INFO][m [36m(Minecraft)[m [0mConnecting to 127.0.0.1, 25599
[m[34m[04:28:21][m [32m[Render thread/INFO][m [36m(aibot)[m [0mAIBot real-client auto-join 127.0.0.1:25599 (attempt 21)
[m[34m[04:28:21][m [32m[Render thread/INFO][m [36m(Minecraft)[m [0mConnecting to 127.0.0.1, 25599
[m[34m[04:28:26][m [32m[Render thread/INFO][m [36m(aibot)[m [0mAIBot real-client auto-join 127.0.0.1:25599 (attempt 22)
[m[34m[04:28:26][m [32m[Render thread/INFO][m [36m(Minecraft)[m [0mConnecting to 127.0.0.1, 25599
[m[34m[04:28:31][m [32m[Render thread/INFO][m [36m(aibot)[m [0mAIBot real-client auto-join 127.0.0.1:25599 (attempt 23)
[m[34m[04:28:31][m [32m[Render thread/INFO][m [36m(Minecraft)[m [0mConnecting to 127.0.0.1, 25599
[m[34m[04:28:36][m [32m[Render thread/INFO][m [36m(aibot)[m [0mAIBot real-client auto-join 127.0.0.1:25599 (attempt 24)
[m[34m[04:28:36][m [32m[Render thread/INFO][m [36m(Minecraft)[m [0mConnecting to 127.0.0.1, 25599
[m[34m[04:28:41][m [32m[Render thread/INFO][m [36m(aibot)[m [0mAIBot real-client auto-join 127.0.0.1:25599 (attempt 25)
[m[34m[04:28:42][m [32m[Render thread/INFO][m [36m(Minecraft)[m [0mConnecting to 127.0.0.1, 25599
[m[34m[04:28:42][m [32m[Render thread/INFO][m [36m(aibot)[m [0mAIBot real-client auto-join watcher screen=net.minecraft.client.gui.screen.multiplayer.ConnectScreen
[m[34m[04:28:42][m [32m[Render thread/INFO][m [36m(aibot)[m [0mAIBot real-client auto-join watcher screen=net.minecraft.client.gui.screen.DisconnectedScreen
[m[34m[04:28:46][m [32m[Render thread/INFO][m [36m(aibot)[m [0mAIBot real-client auto-join 127.0.0.1:25599 (attempt 26)
[m[34m[04:28:47][m [32m[Render thread/INFO][m [36m(Minecraft)[m [0mConnecting to 127.0.0.1, 25599
[m[34m[04:28:47][m [32m[Render thread/INFO][m [36m(aibot)[m [0mAIBot real-client auto-join watcher screen=net.minecraft.client.gui.screen.multiplayer.ConnectScreen
[m[34m[04:28:47][m [32m[Render thread/INFO][m [36m(aibot)[m [0mAIBot real-client auto-join watcher screen=net.minecraft.client.gui.screen.DisconnectedScreen
[m[34m[04:28:51][m [32m[Render thread/INFO][m [36m(aibot)[m [0mAIBot real-client auto-join 127.0.0.1:25599 (attempt 27)
[m[34m[04:28:52][m [32m[Render thread/INFO][m [36m(Minecraft)[m [0mConnecting to 127.0.0.1, 25599
[m[34m[04:28:52][m [32m[Render thread/INFO][m [36m(aibot)[m [0mAIBot real-client auto-join watcher screen=net.minecraft.client.gui.screen.multiplayer.ConnectScreen
[m[34m[04:28:52][m [32m[Render thread/INFO][m [36m(aibot)[m [0mAIBot real-client auto-join watcher screen=net.minecraft.client.gui.screen.DisconnectedScreen
[m[34m[04:28:56][m [32m[Render thread/INFO][m [36m(aibot)[m [0mAIBot real-client auto-join 127.0.0.1:25599 (attempt 28)
[m[34m[04:28:57][m [32m[Render thread/INFO][m [36m(Minecraft)[m [0mConnecting to 127.0.0.1, 25599
[m[34m[04:28:57][m [32m[Render thread/INFO][m [36m(aibot)[m [0mAIBot real-client auto-join watcher screen=net.minecraft.client.gui.screen.multiplayer.ConnectScreen
[m[34m[04:28:57][m [32m[Render thread/INFO][m [36m(aibot)[m [0mAIBot real-client auto-join watcher screen=net.minecraft.client.gui.screen.DisconnectedScreen
[m[34m[04:29:01][m [32m[Render thread/INFO][m [36m(aibot)[m [0mAIBot real-client auto-join 127.0.0.1:25599 (attempt 29)
[m[34m[04:29:02][m [32m[Render thread/INFO][m [36m(Minecraft)[m [0mConnecting to 127.0.0.1, 25599
[m[34m[04:29:02][m [32m[Render thread/INFO][m [36m(aibot)[m [0mAIBot real-client auto-join watcher screen=net.minecraft.client.gui.screen.multiplayer.ConnectScreen
[m[34m[04:29:02][m [32m[Render thread/INFO][m [36m(aibot)[m [0mAIBot real-client auto-join watcher screen=net.minecraft.client.gui.screen.DisconnectedScreen
[m[34m[04:29:06][m [32m[Render thread/INFO][m [36m(aibot)[m [0mAIBot real-client auto-join 127.0.0.1:25599 (attempt 30)
[m[34m[04:29:07][m [32m[Render thread/INFO][m [36m(Minecraft)[m [0mConnecting to 127.0.0.1, 25599
[m[34m[04:29:07][m [32m[Render thread/INFO][m [36m(aibot)[m [0mAIBot real-client auto-join watcher screen=net.minecraft.client.gui.screen.multiplayer.ConnectScreen
[m[34m[04:29:07][m [32m[Render thread/INFO][m [36m(aibot)[m [0mAIBot real-client auto-join watcher screen=net.minecraft.client.gui.screen.DisconnectedScreen
[m[34m[04:29:11][m [32m[Render thread/INFO][m [36m(aibot)[m [0mAIBot real-client auto-join 127.0.0.1:25599 (attempt 31)
[m[34m[04:29:12][m [32m[Render thread/INFO][m [36m(Minecraft)[m [0mConnecting to 127.0.0.1, 25599
[m[34m[04:29:12][m [32m[Render thread/INFO][m [36m(aibot)[m [0mAIBot real-client auto-join watcher screen=net.minecraft.client.gui.screen.multiplayer.ConnectScreen
[m[34m[04:29:12][m [32m[Render thread/INFO][m [36m(aibot)[m [0mAIBot real-client auto-join watcher screen=net.minecraft.client.gui.screen.DisconnectedScreen
[m[34m[04:29:16][m [32m[Render thread/INFO][m [36m(aibot)[m [0mAIBot real-client auto-join 127.0.0.1:25599 (attempt 32)
[m[34m[04:29:17][m [32m[Render thread/INFO][m [36m(Minecraft)[m [0mConnecting to 127.0.0.1, 25599
[m[34m[04:29:17][m [32m[Render thread/INFO][m [36m(aibot)[m [0mAIBot real-client auto-join watcher screen=net.minecraft.client.gui.screen.multiplayer.ConnectScreen
[m[34m[04:29:17][m [32m[Render thread/INFO][m [36m(aibot)[m [0mAIBot real-client auto-join watcher screen=net.minecraft.client.gui.screen.DisconnectedScreen
[m[34m[04:29:21][m [32m[Render thread/INFO][m [36m(aibot)[m [0mAIBot real-client auto-join 127.0.0.1:25599 (attempt 33)
[m[34m[04:29:22][m [32m[Render thread/INFO][m [36m(Minecraft)[m [0mConnecting to 127.0.0.1, 25599
[m[34m[04:29:22][m [32m[Render thread/INFO][m [36m(aibot)[m [0mAIBot real-client auto-join watcher screen=net.minecraft.client.gui.screen.multiplayer.ConnectScreen
[m[34m[04:29:22][m [32m[Render thread/INFO][m [36m(aibot)[m [0mAIBot real-client auto-join watcher screen=net.minecraft.client.gui.screen.DisconnectedScreen
[m[34m[04:29:26][m [32m[Render thread/INFO][m [36m(aibot)[m [0mAIBot real-client auto-join 127.0.0.1:25599 (attempt 34)
[m[34m[04:29:27][m [32m[Render thread/INFO][m [36m(Minecraft)[m [0mConnecting to 127.0.0.1, 25599
[m[34m[04:29:27][m [32m[Render thread/INFO][m [36m(aibot)[m [0mAIBot real-client auto-join watcher screen=net.minecraft.client.gui.screen.multiplayer.ConnectScreen
[m[34m[04:29:27][m [32m[Render thread/INFO][m [36m(aibot)[m [0mAIBot real-client auto-join watcher screen=net.minecraft.client.gui.screen.DisconnectedScreen
[m[34m[04:29:31][m [32m[Render thread/INFO][m [36m(aibot)[m [0mAIBot real-client auto-join 127.0.0.1:25599 (attempt 35)
[m[34m[04:29:32][m [32m[Render thread/INFO][m [36m(Minecraft)[m [0mConnecting to 127.0.0.1, 25599
[m[34m[04:29:32][m [32m[Render thread/INFO][m [36m(aibot)[m [0mAIBot real-client auto-join watcher screen=net.minecraft.client.gui.screen.multiplayer.ConnectScreen
[m[34m[04:29:32][m [32m[Render thread/INFO][m [36m(aibot)[m [0mAIBot real-client auto-join watcher screen=net.minecraft.client.gui.screen.DisconnectedScreen
[m[34m[04:29:36][m [32m[Render thread/INFO][m [36m(aibot)[m [0mAIBot real-client auto-join 127.0.0.1:25599 (attempt 36)
[m[34m[04:29:37][m [32m[Render thread/INFO][m [36m(Minecraft)[m [0mConnecting to 127.0.0.1, 25599
[m[34m[04:29:37][m [32m[Render thread/INFO][m [36m(aibot)[m [0mAIBot real-client auto-join watcher screen=net.minecraft.client.gui.screen.multiplayer.ConnectScreen
[m[34m[04:29:37][m [32m[Render thread/INFO][m [36m(aibot)[m [0mAIBot real-client auto-join watcher screen=net.minecraft.client.gui.screen.DisconnectedScreen
[m[34m[04:29:41][m [32m[Render thread/INFO][m [36m(aibot)[m [0mAIBot real-client auto-join 127.0.0.1:25599 (attempt 37)
[m[34m[04:29:42][m [32m[Render thread/INFO][m [36m(Minecraft)[m [0mConnecting to 127.0.0.1, 25599
[m[34m[04:29:42][m [32m[Render thread/INFO][m [36m(aibot)[m [0mAIBot real-client auto-join watcher screen=net.minecraft.client.gui.screen.multiplayer.ConnectScreen
[m[34m[04:29:42][m [32m[Render thread/INFO][m [36m(aibot)[m [0mAIBot real-client auto-join watcher screen=net.minecraft.client.gui.screen.DisconnectedScreen
[m[34m[04:29:46][m [32m[Render thread/INFO][m [36m(aibot)[m [0mAIBot real-client auto-join 127.0.0.1:25599 (attempt 38)
[m[34m[04:29:47][m [32m[Render thread/INFO][m [36m(Minecraft)[m [0mConnecting to 127.0.0.1, 25599
[m[34m[04:29:47][m [32m[Render thread/INFO][m [36m(aibot)[m [0mAIBot real-client auto-join watcher screen=net.minecraft.client.gui.screen.multiplayer.ConnectScreen
[m[34m[04:29:47][m [32m[Render thread/INFO][m [36m(aibot)[m [0mAIBot real-client auto-join watcher screen=net.minecraft.client.gui.screen.DisconnectedScreen
[m[34m[04:29:51][m [32m[Render thread/INFO][m [36m(aibot)[m [0mAIBot real-client auto-join 127.0.0.1:25599 (attempt 39)
[m[34m[04:29:52][m [32m[Render thread/INFO][m [36m(Minecraft)[m [0mConnecting to 127.0.0.1, 25599
[m[34m[04:29:52][m [32m[Render thread/INFO][m [36m(aibot)[m [0mAIBot real-client auto-join watcher screen=net.minecraft.client.gui.screen.multiplayer.ConnectScreen
[m[34m[04:29:52][m [32m[Render thread/INFO][m [36m(aibot)[m [0mAIBot real-client auto-join watcher screen=net.minecraft.client.gui.screen.DisconnectedScreen
[m[34m[04:29:56][m [32m[Render thread/INFO][m [36m(aibot)[m [0mAIBot real-client auto-join 127.0.0.1:25599 (attempt 40)
[m[34m[04:29:57][m [32m[Render thread/INFO][m [36m(Minecraft)[m [0mConnecting to 127.0.0.1, 25599
[m[34m[04:29:57][m [32m[Render thread/INFO][m [36m(aibot)[m [0mAIBot real-client auto-join watcher screen=net.minecraft.client.gui.screen.multiplayer.ConnectScreen
[m[34m[04:29:57][m [32m[Render thread/INFO][m [36m(aibot)[m [0mAIBot real-client auto-join watcher screen=net.minecraft.client.gui.screen.DisconnectedScreen
[m[34m[04:30:01][m [32m[Render thread/INFO][m [36m(aibot)[m [0mAIBot real-client auto-join 127.0.0.1:25599 (attempt 41)
[m[34m[04:30:02][m [32m[Render thread/INFO][m [36m(Minecraft)[m [0mConnecting to 127.0.0.1, 25599
[m[34m[04:30:02][m [32m[Render thread/INFO][m [36m(aibot)[m [0mAIBot real-client auto-join watcher screen=net.minecraft.client.gui.screen.multiplayer.ConnectScreen
[m[34m[04:30:02][m [32m[Render thread/INFO][m [36m(aibot)[m [0mAIBot real-client auto-join watcher screen=net.minecraft.client.gui.screen.DisconnectedScreen
[m[34m[04:30:07][m [32m[Render thread/INFO][m [36m(aibot)[m [0mAIBot real-client auto-join 127.0.0.1:25599 (attempt 42)
[m[34m[04:30:07][m [32m[Render thread/INFO][m [36m(Minecraft)[m [0mConnecting to 127.0.0.1, 25599
[m[34m[04:30:07][m [32m[Render thread/INFO][m [36m(aibot)[m [0mAIBot real-client auto-join watcher screen=net.minecraft.client.gui.screen.multiplayer.ConnectScreen
[m[34m[04:30:07][m [32m[Render thread/INFO][m [36m(aibot)[m [0mAIBot real-client auto-join watcher screen=net.minecraft.client.gui.screen.DisconnectedScreen
[m[34m[04:30:12][m [32m[Render thread/INFO][m [36m(aibot)[m [0mAIBot real-client auto-join 127.0.0.1:25599 (attempt 43)
[m[34m[04:30:12][m [32m[Render thread/INFO][m [36m(Minecraft)[m [0mConnecting to 127.0.0.1, 25599
[m[34m[04:30:12][m [32m[Render thread/INFO][m [36m(aibot)[m [0mAIBot real-client auto-join watcher screen=net.minecraft.client.gui.screen.multiplayer.ConnectScreen
[m[34m[04:30:12][m [32m[Render thread/INFO][m [36m(aibot)[m [0mAIBot real-client auto-join watcher screen=net.minecraft.client.gui.screen.DisconnectedScreen
[m[34m[04:30:17][m [32m[Render thread/INFO][m [36m(aibot)[m [0mAIBot real-client auto-join 127.0.0.1:25599 (attempt 44)
[m[34m[04:30:17][m [32m[Render thread/INFO][m [36m(Minecraft)[m [0mConnecting to 127.0.0.1, 25599
[m[34m[04:30:17][m [32m[Render thread/INFO][m [36m(aibot)[m [0mAIBot real-client auto-join watcher screen=net.minecraft.client.gui.screen.multiplayer.ConnectScreen
[m[34m[04:30:17][m [32m[Render thread/INFO][m [36m(aibot)[m [0mAIBot real-client auto-join watcher screen=net.minecraft.client.gui.screen.DisconnectedScreen
[m[34m[04:30:22][m [32m[Render thread/INFO][m [36m(aibot)[m [0mAIBot real-client auto-join 127.0.0.1:25599 (attempt 45)
[m[34m[04:30:22][m [32m[Render thread/INFO][m [36m(Minecraft)[m [0mConnecting to 127.0.0.1, 25599
[m[34m[04:30:22][m [32m[Render thread/INFO][m [36m(aibot)[m [0mAIBot real-client auto-join watcher screen=net.minecraft.client.gui.screen.multiplayer.ConnectScreen
[m[34m[04:30:22][m [32m[Render thread/INFO][m [36m(aibot)[m [0mAIBot real-client auto-join watcher screen=net.minecraft.client.gui.screen.DisconnectedScreen
[m[34m[04:30:27][m [32m[Render thread/INFO][m [36m(aibot)[m [0mAIBot real-client auto-join 127.0.0.1:25599 (attempt 46)
[m[34m[04:30:27][m [32m[Render thread/INFO][m [36m(Minecraft)[m [0mConnecting to 127.0.0.1, 25599
[m[34m[04:30:27][m [32m[Render thread/INFO][m [36m(aibot)[m [0mAIBot real-client auto-join watcher screen=net.minecraft.client.gui.screen.multiplayer.ConnectScreen
[m[34m[04:30:27][m [32m[Render thread/INFO][m [36m(aibot)[m [0mAIBot real-client auto-join watcher screen=net.minecraft.client.gui.screen.DisconnectedScreen
[m[34m[04:30:32][m [32m[Render thread/INFO][m [36m(aibot)[m [0mAIBot real-client auto-join 127.0.0.1:25599 (attempt 47)
[m[34m[04:30:32][m [32m[Render thread/INFO][m [36m(Minecraft)[m [0mConnecting to 127.0.0.1, 25599
[m[34m[04:30:32][m [32m[Render thread/INFO][m [36m(aibot)[m [0mAIBot real-client auto-join watcher screen=net.minecraft.client.gui.screen.multiplayer.ConnectScreen
[m[34m[04:30:32][m [32m[Render thread/INFO][m [36m(aibot)[m [0mAIBot real-client auto-join watcher screen=net.minecraft.client.gui.screen.DisconnectedScreen
[m[34m[04:30:37][m [32m[Render thread/INFO][m [36m(aibot)[m [0mAIBot real-client auto-join 127.0.0.1:25599 (attempt 48)
[m[34m[04:30:37][m [32m[Render thread/INFO][m [36m(Minecraft)[m [0mConnecting to 127.0.0.1, 25599
[m[34m[04:30:37][m [32m[Render thread/INFO][m [36m(aibot)[m [0mAIBot real-client auto-join watcher screen=net.minecraft.client.gui.screen.multiplayer.ConnectScreen
[m[34m[04:30:37][m [32m[Render thread/INFO][m [36m(aibot)[m [0mAIBot real-client auto-join watcher screen=net.minecraft.client.gui.screen.DisconnectedScreen
[m[34m[04:30:42][m [32m[Render thread/INFO][m [36m(aibot)[m [0mAIBot real-client auto-join 127.0.0.1:25599 (attempt 49)
[m[34m[04:30:42][m [32m[Render thread/INFO][m [36m(Minecraft)[m [0mConnecting to 127.0.0.1, 25599
[m[34m[04:30:42][m [32m[Render thread/INFO][m [36m(aibot)[m [0mAIBot real-client auto-join watcher screen=net.minecraft.client.gui.screen.multiplayer.ConnectScreen
[m[34m[04:30:42][m [32m[Render thread/INFO][m [36m(aibot)[m [0mAIBot real-client auto-join watcher screen=net.minecraft.client.gui.screen.DisconnectedScreen
[m[34m[04:30:47][m [32m[Render thread/INFO][m [36m(aibot)[m [0mAIBot real-client auto-join 127.0.0.1:25599 (attempt 50)
[m[34m[04:30:48][m [32m[Render thread/INFO][m [36m(Minecraft)[m [0mConnecting to 127.0.0.1, 25599
[m[34m[04:30:48][m [32m[Render thread/INFO][m [36m(aibot)[m [0mAIBot real-client auto-join watcher screen=net.minecraft.client.gui.screen.multiplayer.ConnectScreen
[m[34m[04:30:48][m [32m[Render thread/INFO][m [36m(aibot)[m [0mAIBot real-client auto-join watcher screen=net.minecraft.client.gui.screen.DisconnectedScreen
[m[34m[04:30:52][m [32m[Render thread/INFO][m [36m(aibot)[m [0mAIBot real-client auto-join 127.0.0.1:25599 (attempt 51)
[m[34m[04:30:53][m [32m[Render thread/INFO][m [36m(Minecraft)[m [0mConnecting to 127.0.0.1, 25599
[m[34m[04:30:53][m [32m[Render thread/INFO][m [36m(aibot)[m [0mAIBot real-client auto-join watcher screen=net.minecraft.client.gui.screen.multiplayer.ConnectScreen
[m[34m[04:30:53][m [32m[Render thread/INFO][m [36m(aibot)[m [0mAIBot real-client auto-join watcher screen=net.minecraft.client.gui.screen.DisconnectedScreen
[m[34m[04:30:57][m [32m[Render thread/INFO][m [36m(aibot)[m [0mAIBot real-client auto-join 127.0.0.1:25599 (attempt 52)
[m[34m[04:30:58][m [32m[Render thread/INFO][m [36m(Minecraft)[m [0mConnecting to 127.0.0.1, 25599
[m[34m[04:30:58][m [32m[Render thread/INFO][m [36m(aibot)[m [0mAIBot real-client auto-join watcher screen=net.minecraft.client.gui.screen.multiplayer.ConnectScreen
[m[34m[04:30:58][m [32m[Render thread/INFO][m [36m(aibot)[m [0mAIBot real-client auto-join watcher screen=net.minecraft.client.gui.screen.DisconnectedScreen
[m[34m[04:31:02][m [32m[Render thread/INFO][m [36m(aibot)[m [0mAIBot real-client auto-join 127.0.0.1:25599 (attempt 53)
[m[34m[04:31:03][m [32m[Render thread/INFO][m [36m(Minecraft)[m [0mConnecting to 127.0.0.1, 25599
[m[34m[04:31:03][m [32m[Render thread/INFO][m [36m(aibot)[m [0mAIBot real-client auto-join watcher screen=net.minecraft.client.gui.screen.multiplayer.ConnectScreen
[m[34m[04:31:03][m [32m[Render thread/INFO][m [36m(aibot)[m [0mAIBot real-client auto-join watcher screen=net.minecraft.client.gui.screen.DisconnectedScreen
[m[34m[04:31:07][m [32m[Render thread/INFO][m [36m(aibot)[m [0mAIBot real-client auto-join 127.0.0.1:25599 (attempt 54)
[m[34m[04:31:08][m [32m[Render thread/INFO][m [36m(Minecraft)[m [0mConnecting to 127.0.0.1, 25599
[m[34m[04:31:08][m [32m[Render thread/INFO][m [36m(aibot)[m [0mAIBot real-client auto-join watcher screen=net.minecraft.client.gui.screen.multiplayer.ConnectScreen
[m[34m[04:31:08][m [32m[Render thread/INFO][m [36m(aibot)[m [0mAIBot real-client auto-join watcher screen=net.minecraft.client.gui.screen.DisconnectedScreen
[m[34m[04:31:12][m [32m[Render thread/INFO][m [36m(aibot)[m [0mAIBot real-client auto-join 127.0.0.1:25599 (attempt 55)
[m[34m[04:31:13][m [32m[Render thread/INFO][m [36m(Minecraft)[m [0mConnecting to 127.0.0.1, 25599
[m[34m[04:31:13][m [32m[Render thread/INFO][m [36m(aibot)[m [0mAIBot real-client auto-join watcher screen=net.minecraft.client.gui.screen.multiplayer.ConnectScreen
[m[34m[04:31:13][m [32m[Render thread/INFO][m [36m(aibot)[m [0mAIBot real-client auto-join watcher screen=net.minecraft.client.gui.screen.DisconnectedScreen
[m[34m[04:31:17][m [32m[Render thread/INFO][m [36m(aibot)[m [0mAIBot real-client auto-join 127.0.0.1:25599 (attempt 56)
[m[34m[04:31:18][m [32m[Render thread/INFO][m [36m(Minecraft)[m [0mConnecting to 127.0.0.1, 25599
[m[34m[04:31:18][m [32m[Render thread/INFO][m [36m(aibot)[m [0mAIBot real-client auto-join watcher screen=net.minecraft.client.gui.screen.multiplayer.ConnectScreen
[m[34m[04:31:18][m [32m[Render thread/INFO][m [36m(aibot)[m [0mAIBot real-client auto-join watcher screen=net.minecraft.client.gui.screen.DisconnectedScreen
[m[34m[04:31:22][m [32m[Render thread/INFO][m [36m(aibot)[m [0mAIBot real-client auto-join 127.0.0.1:25599 (attempt 57)
[m[34m[04:31:23][m [32m[Render thread/INFO][m [36m(Minecraft)[m [0mConnecting to 127.0.0.1, 25599
[m[34m[04:31:23][m [32m[Render thread/INFO][m [36m(aibot)[m [0mAIBot real-client auto-join watcher screen=net.minecraft.client.gui.screen.multiplayer.ConnectScreen
[m[34m[04:31:23][m [32m[Render thread/INFO][m [36m(aibot)[m [0mAIBot real-client auto-join watcher screen=net.minecraft.client.gui.screen.DisconnectedScreen
[m[34m[04:31:27][m [32m[Render thread/INFO][m [36m(aibot)[m [0mAIBot real-client auto-join 127.0.0.1:25599 (attempt 58)
[m[34m[04:31:28][m [32m[Render thread/INFO][m [36m(Minecraft)[m [0mConnecting to 127.0.0.1, 25599
[m[34m[04:31:28][m [32m[Render thread/INFO][m [36m(aibot)[m [0mAIBot real-client auto-join watcher screen=net.minecraft.client.gui.screen.multiplayer.ConnectScreen
[m[34m[04:31:28][m [32m[Render thread/INFO][m [36m(aibot)[m [0mAIBot real-client auto-join watcher screen=net.minecraft.client.gui.screen.DisconnectedScreen
[m[34m[04:31:32][m [32m[Render thread/INFO][m [36m(aibot)[m [0mAIBot real-client auto-join 127.0.0.1:25599 (attempt 59)
[m[34m[04:31:33][m [32m[Render thread/INFO][m [36m(Minecraft)[m [0mConnecting to 127.0.0.1, 25599
[m[34m[04:31:33][m [32m[Render thread/INFO][m [36m(aibot)[m [0mAIBot real-client auto-join watcher screen=net.minecraft.client.gui.screen.multiplayer.ConnectScreen
[m[34m[04:31:33][m [32m[Render thread/INFO][m [36m(aibot)[m [0mAIBot real-client auto-join watcher screen=net.minecraft.client.gui.screen.DisconnectedScreen
[m[34m[04:31:37][m [32m[Render thread/INFO][m [36m(aibot)[m [0mAIBot real-client auto-join 127.0.0.1:25599 (attempt 60)
[m[34m[04:31:38][m [32m[Render thread/INFO][m [36m(Minecraft)[m [0mConnecting to 127.0.0.1, 25599
[m[34m[04:31:38][m [32m[Render thread/INFO][m [36m(aibot)[m [0mAIBot real-client auto-join watcher screen=net.minecraft.client.gui.screen.multiplayer.ConnectScreen
[m[34m[04:31:38][m [32m[Render thread/INFO][m [36m(aibot)[m [0mAIBot real-client auto-join watcher screen=net.minecraft.client.gui.screen.DisconnectedScreen
[m[34m[04:31:42][m [32m[Render thread/INFO][m [36m(aibot)[m [0mAIBot real-client auto-join 127.0.0.1:25599 (attempt 61)
[m[34m[04:31:43][m [32m[Render thread/INFO][m [36m(Minecraft)[m [0mConnecting to 127.0.0.1, 25599
[m[34m[04:31:43][m [32m[Render thread/INFO][m [36m(aibot)[m [0mAIBot real-client auto-join watcher screen=net.minecraft.client.gui.screen.multiplayer.ConnectScreen
[m[34m[04:31:43][m [32m[Render thread/INFO][m [36m(aibot)[m [0mAIBot real-client auto-join watcher screen=net.minecraft.client.gui.screen.DisconnectedScreen
[m[34m[04:31:47][m [32m[Render thread/INFO][m [36m(aibot)[m [0mAIBot real-client auto-join 127.0.0.1:25599 (attempt 62)
[m[34m[04:31:48][m [32m[Render thread/INFO][m [36m(Minecraft)[m [0mConnecting to 127.0.0.1, 25599
[m[34m[04:31:48][m [32m[Render thread/INFO][m [36m(aibot)[m [0mAIBot real-client auto-join watcher screen=net.minecraft.client.gui.screen.multiplayer.ConnectScreen
[m[34m[04:31:48][m [32m[Render thread/INFO][m [36m(aibot)[m [0mAIBot real-client auto-join watcher screen=net.minecraft.client.gui.screen.DisconnectedScreen
[m[34m[04:31:53][m [32m[Render thread/INFO][m [36m(aibot)[m [0mAIBot real-client auto-join 127.0.0.1:25599 (attempt 63)
[m[34m[04:31:53][m [32m[Render thread/INFO][m [36m(Minecraft)[m [0mConnecting to 127.0.0.1, 25599
[m[34m[04:31:53][m [32m[Render thread/INFO][m [36m(aibot)[m [0mAIBot real-client auto-join watcher screen=net.minecraft.client.gui.screen.multiplayer.ConnectScreen
[m[34m[04:31:53][m [32m[Render thread/INFO][m [36m(aibot)[m [0mAIBot real-client auto-join watcher screen=net.minecraft.client.gui.screen.DisconnectedScreen
[m[34m[04:31:58][m [32m[Render thread/INFO][m [36m(aibot)[m [0mAIBot real-client auto-join 127.0.0.1:25599 (attempt 64)
[m[34m[04:31:58][m [32m[Render thread/INFO][m [36m(Minecraft)[m [0mConnecting to 127.0.0.1, 25599
[m[34m[04:31:58][m [32m[Render thread/INFO][m [36m(aibot)[m [0mAIBot real-client auto-join watcher screen=net.minecraft.client.gui.screen.multiplayer.ConnectScreen
[m[34m[04:31:58][m [32m[Render thread/INFO][m [36m(aibot)[m [0mAIBot real-client auto-join watcher screen=net.minecraft.client.gui.screen.DisconnectedScreen
[m[34m[04:32:03][m [32m[Render thread/INFO][m [36m(aibot)[m [0mAIBot real-client auto-join 127.0.0.1:25599 (attempt 65)
[m[34m[04:32:03][m [32m[Render thread/INFO][m [36m(Minecraft)[m [0mConnecting to 127.0.0.1, 25599
[m[34m[04:32:03][m [32m[Render thread/INFO][m [36m(aibot)[m [0mAIBot real-client auto-join watcher screen=net.minecraft.client.gui.screen.multiplayer.ConnectScreen
[m[34m[04:32:03][m [32m[Render thread/INFO][m [36m(aibot)[m [0mAIBot real-client auto-join watcher screen=net.minecraft.client.gui.screen.DisconnectedScreen
[m[34m[04:32:08][m [32m[Render thread/INFO][m [36m(aibot)[m [0mAIBot real-client auto-join 127.0.0.1:25599 (attempt 66)
[m[34m[04:32:08][m [32m[Render thread/INFO][m [36m(Minecraft)[m [0mConnecting to 127.0.0.1, 25599
[m[34m[04:32:08][m [32m[Render thread/INFO][m [36m(aibot)[m [0mAIBot real-client auto-join watcher screen=net.minecraft.client.gui.screen.multiplayer.ConnectScreen
[m[34m[04:32:08][m [32m[Render thread/INFO][m [36m(aibot)[m [0mAIBot real-client auto-join watcher screen=net.minecraft.client.gui.screen.DisconnectedScreen
[m[34m[04:32:13][m [32m[Render thread/INFO][m [36m(aibot)[m [0mAIBot real-client auto-join 127.0.0.1:25599 (attempt 67)
[m[34m[04:32:13][m [32m[Render thread/INFO][m [36m(Minecraft)[m [0mConnecting to 127.0.0.1, 25599
[m[34m[04:32:13][m [32m[Render thread/INFO][m [36m(aibot)[m [0mAIBot real-client auto-join watcher screen=net.minecraft.client.gui.screen.multiplayer.ConnectScreen
[m[34m[04:32:13][m [32m[Render thread/INFO][m [36m(aibot)[m [0mAIBot real-client auto-join watcher screen=net.minecraft.client.gui.screen.DisconnectedScreen
[m[34m[04:32:18][m [32m[Render thread/INFO][m [36m(aibot)[m [0mAIBot real-client auto-join 127.0.0.1:25599 (attempt 68)
[m[34m[04:32:18][m [32m[Render thread/INFO][m [36m(Minecraft)[m [0mConnecting to 127.0.0.1, 25599
[m[34m[04:32:18][m [32m[Render thread/INFO][m [36m(aibot)[m [0mAIBot real-client auto-join watcher screen=net.minecraft.client.gui.screen.multiplayer.ConnectScreen
[m[34m[04:32:18][m [32m[Render thread/INFO][m [36m(aibot)[m [0mAIBot real-client auto-join watcher screen=net.minecraft.client.gui.screen.DisconnectedScreen
[m[34m[04:32:23][m [32m[Render thread/INFO][m [36m(aibot)[m [0mAIBot real-client auto-join 127.0.0.1:25599 (attempt 69)
[m[34m[04:32:23][m [32m[Render thread/INFO][m [36m(Minecraft)[m [0mConnecting to 127.0.0.1, 25599
[m[34m[04:32:23][m [32m[Render thread/INFO][m [36m(aibot)[m [0mAIBot real-client auto-join watcher screen=net.minecraft.client.gui.screen.multiplayer.ConnectScreen
[m[34m[04:32:23][m [32m[Render thread/INFO][m [36m(aibot)[m [0mAIBot real-client auto-join watcher screen=net.minecraft.client.gui.screen.DisconnectedScreen
[m[34m[04:32:28][m [32m[Render thread/INFO][m [36m(aibot)[m [0mAIBot real-client auto-join 127.0.0.1:25599 (attempt 70)
[m[34m[04:32:28][m [32m[Render thread/INFO][m [36m(Minecraft)[m [0mConnecting to 127.0.0.1, 25599
[m[34m[04:32:28][m [32m[Render thread/INFO][m [36m(aibot)[m [0mAIBot real-client auto-join watcher screen=net.minecraft.client.gui.screen.multiplayer.ConnectScreen
[m[34m[04:32:28][m [32m[Render thread/INFO][m [36m(aibot)[m [0mAIBot real-client auto-join watcher screen=net.minecraft.client.gui.screen.DisconnectedScreen
[m[34m[04:32:33][m [32m[Render thread/INFO][m [36m(aibot)[m [0mAIBot real-client auto-join 127.0.0.1:25599 (attempt 71)
[m[34m[04:32:33][m [32m[Render thread/INFO][m [36m(Minecraft)[m [0mConnecting to 127.0.0.1, 25599
[m[34m[04:32:33][m [32m[Render thread/INFO][m [36m(aibot)[m [0mAIBot real-client auto-join watcher screen=net.minecraft.client.gui.screen.multiplayer.ConnectScreen
[m[34m[04:32:34][m [32m[Render thread/INFO][m [36m(aibot)[m [0mAIBot real-client auto-join watcher screen=net.minecraft.client.gui.screen.DisconnectedScreen
[m[34m[04:32:38][m [32m[Render thread/INFO][m [36m(aibot)[m [0mAIBot real-client auto-join 127.0.0.1:25599 (attempt 72)
[m[34m[04:32:38][m [32m[Render thread/INFO][m [36m(Minecraft)[m [0mConnecting to 127.0.0.1, 25599
[m[34m[04:32:38][m [32m[Render thread/INFO][m [36m(aibot)[m [0mAIBot real-client auto-join watcher screen=net.minecraft.client.gui.screen.multiplayer.ConnectScreen
[m[34m[04:32:39][m [32m[Render thread/INFO][m [36m(aibot)[m [0mAIBot real-client auto-join watcher screen=net.minecraft.client.gui.screen.DisconnectedScreen
[m[34m[04:32:43][m [32m[Render thread/INFO][m [36m(aibot)[m [0mAIBot real-client auto-join 127.0.0.1:25599 (attempt 73)
[m[34m[04:32:44][m [32m[Render thread/INFO][m [36m(Minecraft)[m [0mConnecting to 127.0.0.1, 25599
[m[34m[04:32:44][m [32m[Render thread/INFO][m [36m(aibot)[m [0mAIBot real-client auto-join watcher screen=net.minecraft.client.gui.screen.multiplayer.ConnectScreen
[m[34m[04:32:44][m [32m[Render thread/INFO][m [36m(aibot)[m [0mAIBot real-client auto-join watcher screen=net.minecraft.client.gui.screen.DisconnectedScreen
[m[34m[04:32:48][m [32m[Render thread/INFO][m [36m(aibot)[m [0mAIBot real-client auto-join 127.0.0.1:25599 (attempt 74)
[m[34m[04:32:49][m [32m[Render thread/INFO][m [36m(Minecraft)[m [0mConnecting to 127.0.0.1, 25599
[m[34m[04:32:49][m [32m[Render thread/INFO][m [36m(aibot)[m [0mAIBot real-client auto-join watcher screen=net.minecraft.client.gui.screen.multiplayer.ConnectScreen
[m[34m[04:32:49][m [32m[Render thread/INFO][m [36m(aibot)[m [0mAIBot real-client auto-join watcher screen=net.minecraft.client.gui.screen.DisconnectedScreen
[m[34m[04:32:53][m [32m[Render thread/INFO][m [36m(aibot)[m [0mAIBot real-client auto-join 127.0.0.1:25599 (attempt 75)
[m[34m[04:32:54][m [32m[Render thread/INFO][m [36m(Minecraft)[m [0mConnecting to 127.0.0.1, 25599
[m[34m[04:32:54][m [32m[Render thread/INFO][m [36m(aibot)[m [0mAIBot real-client auto-join watcher screen=net.minecraft.client.gui.screen.multiplayer.ConnectScreen
[m[34m[04:32:54][m [32m[Render thread/INFO][m [36m(aibot)[m [0mAIBot real-client auto-join watcher screen=net.minecraft.client.gui.screen.DisconnectedScreen
[m[34m[04:32:58][m [32m[Render thread/INFO][m [36m(aibot)[m [0mAIBot real-client auto-join 127.0.0.1:25599 (attempt 76)
[m[34m[04:32:59][m [32m[Render thread/INFO][m [36m(Minecraft)[m [0mConnecting to 127.0.0.1, 25599
[m[34m[04:32:59][m [32m[Render thread/INFO][m [36m(aibot)[m [0mAIBot real-client auto-join watcher screen=net.minecraft.client.gui.screen.multiplayer.ConnectScreen
[m[34m[04:32:59][m [32m[Render thread/INFO][m [36m(aibot)[m [0mAIBot real-client auto-join watcher screen=net.minecraft.client.gui.screen.DisconnectedScreen
[m[34m[04:33:03][m [32m[Render thread/INFO][m [36m(aibot)[m [0mAIBot real-client auto-join 127.0.0.1:25599 (attempt 77)
[m[34m[04:33:04][m [32m[Render thread/INFO][m [36m(Minecraft)[m [0mConnecting to 127.0.0.1, 25599
[m[34m[04:33:04][m [32m[Render thread/INFO][m [36m(aibot)[m [0mAIBot real-client auto-join watcher screen=net.minecraft.client.gui.screen.multiplayer.ConnectScreen
[m[34m[04:33:04][m [32m[Render thread/INFO][m [36m(aibot)[m [0mAIBot real-client auto-join watcher screen=net.minecraft.client.gui.screen.DisconnectedScreen
[m[34m[04:33:08][m [32m[Render thread/INFO][m [36m(aibot)[m [0mAIBot real-client auto-join 127.0.0.1:25599 (attempt 78)
[m[34m[04:33:09][m [32m[Render thread/INFO][m [36m(Minecraft)[m [0mConnecting to 127.0.0.1, 25599
[m[34m[04:33:09][m [32m[Render thread/INFO][m [36m(aibot)[m [0mAIBot real-client auto-join watcher screen=net.minecraft.client.gui.screen.multiplayer.ConnectScreen
[m[34m[04:33:09][m [32m[Render thread/INFO][m [36m(aibot)[m [0mAIBot real-client auto-join watcher screen=net.minecraft.client.gui.screen.DisconnectedScreen
[m
=== real-client launch 2026-09-12T20:33:09Z ===
[34m[04:33:12][m [32m[main/INFO][m [36m(FabricLoader/GameProvider)[m [0mLoading Minecraft 1.21.3 with Fabric Loader 0.18.4
[m[34m[04:33:12][m [32m[main/INFO][m [36m(FabricLoader)[m [0mLoading 55 mods:
	- aibot 0.0.1
	- fabric-api 0.114.1+1.21.3
	- fabric-api-base 0.4.50+119c825640
	- fabric-api-lookup-api-v1 1.6.81+fd37071f40
	- fabric-biome-api-v1 14.0.7+add2a48640
	- fabric-block-api-v1 1.0.28+fd37071f40
	- fabric-block-view-api-v2 1.0.16+fd37071f40
	- fabric-blockrenderlayer-v1 2.0.4+fd37071f40
	- fabric-client-tags-api-v1 1.1.25+a730659c40
	- fabric-command-api-v1 1.2.58+f71b366f40
	- fabric-command-api-v2 2.2.37+c9d82ab240
	- fabric-commands-v0 0.2.75+df3654b340
	- fabric-content-registries-v0 9.1.8+fd37071f40
	- fabric-convention-tags-v1 2.1.4+7f945d5b40
	- fabric-convention-tags-v2 2.9.4+129f0c1f40
	- fabric-crash-report-info-v1 0.3.3+fd37071f40
	- fabric-data-attachment-api-v1 1.4.0+dbad41f140
	- fabric-data-generation-api-v1 21.1.2+a730659c40
	- fabric-dimensions-v1 4.0.7+fd37071f40
	- fabric-entity-events-v1 2.0.8+825023f840
	- fabric-events-interaction-v0 2.0.12+c2c3ac4740
	- fabric-game-rule-api-v1 1.0.59+fd37071f40
	- fabric-gametest-api-v1 2.0.15+fd37071f40
	- fabric-item-api-v1 11.1.7+fd37071f40
	- fabric-item-group-api-v1 4.1.17+fd37071f40
	- fabric-key-binding-api-v1 1.0.53+fd37071f40
	- fabric-keybindings-v0 0.2.51+df3654b340
	- fabric-lifecycle-events-v1 2.5.1+6da5ef6940
	- fabric-loot-api-v2 3.0.26+3f89f5a540
	- fabric-loot-api-v3 1.0.14+fd37071f40
	- fabric-message-api-v1 6.0.22+5a9b22c640
	- fabric-model-loading-api-v1 3.0.9+fd37071f40
	- fabric-networking-api-v1 4.3.5+fd37071f40
	- fabric-object-builder-api-v1 17.0.9+fd37071f40
	- fabric-particles-v1 4.0.10+fd37071f40
	- fabric-recipe-api-v1 7.0.5+8ea69ff840
	- fabric-registry-sync-v0 5.4.1+3f3c499540
	- fabric-renderer-api-v1 4.0.5+fd37071f40
	- fabric-renderer-indigo 1.9.5+fd37071f40
	- fabric-rendering-data-attachment-v1 0.3.54+73761d2e40
	- fabric-rendering-fluids-v1 3.1.15+fd37071f40
	- fabric-rendering-v0 1.1.84+df3654b340
	- fabric-rendering-v1 8.0.8+6922831640
	- fabric-resource-conditions-api-v1 5.0.8+fd37071f40
	- fabric-resource-loader-v0 3.0.6+fd37071f40
	- fabric-screen-api-v1 2.0.34+fd37071f40
	- fabric-screen-handler-api-v1 1.3.103+fd37071f40
	- fabric-sound-api-v1 1.0.29+fd37071f40
	- fabric-tag-api-v1 1.0.0+a730659c40
	- fabric-transfer-api-v1 5.4.3+cb44d14340
	- fabric-transitive-access-wideners-v1 6.2.0+54a41b1c40
	- fabricloader 0.18.4
	- java 21
	- minecraft 1.21.3
	- mixinextras 0.5.0
[m[34m[04:33:13][m [32m[main/INFO][m [36m(FabricLoader/Mixin)[m [0mSpongePowered MIXIN Subsystem Version=0.8.7 Source=file:/C:/Users/15027/.gradle/caches/modules-2/files-2.1/net.fabricmc/sponge-mixin/0.17.0+mixin.0.8.7/cf31463202f72d03b0ef1e1e38e8ee71b7faaab6/sponge-mixin-0.17.0+mixin.0.8.7.jar Service=Knot/Fabric Env=CLIENT
[m[34m[04:33:13][m [32m[main/INFO][m [36m(FabricLoader/Mixin)[m [0mLoaded Fabric development mappings for mixin remapper!
[m[34m[04:33:13][m [32m[main/INFO][m [36m(FabricLoader/Mixin)[m [0mCompatibility level set to JAVA_21
[m[34m[04:33:15][m [32m[main/INFO][m [36m(FabricLoader/MixinExtras|Service)[m [0mInitializing MixinExtras via com.llamalad7.mixinextras.service.MixinExtrasServiceImpl(version=0.5.0).
[m[34m[04:33:16][m [32m[Datafixer Bootstrap/INFO][m [36m(Minecraft)[m [0m237 Datafixer optimizations took 495 milliseconds
[m[34m[04:33:26][m [32m[Render thread/INFO][m [36m(Minecraft)[m [0mEnvironment: Environment[sessionHost=https://sessionserver.mojang.com, servicesHost=https://api.minecraftservices.com, name=PROD]
[m[34m[04:33:26][m [32m[Render thread/INFO][m [36m(Minecraft)[m [0mSetting user: Bob
[m[34m[04:33:26][m [32m[Render thread/INFO][m [36m(aibot)[m [0m[AIBot] CONFIG event=operating_profile_resolved bot=- {effective_capabilities=[], configured_manual_teleport=true, profile=strict_survival, source=FILE_OR_DEFAULT, configured_forced_pickup=true, configured_hidden_block_scan=true, configured_emergency_teleport=true}
[m[34m[04:33:26][m [33m[Render thread/WARN][m [36m(aibot)[m [0m[AIBot] CONFIG event=deepseek_key_missing bot=- {}
[m[34m[04:33:26][m [32m[Render thread/INFO][m [36m(aibot)[m [0m[AIBot] LIFECYCLE event=mod_loaded bot=- {version=0.0.1}
[m[34m[04:33:26][m [32m[Render thread/INFO][m [36m(aibot)[m [0m[AIBot] CONFIG event=config_loaded bot=- {logging_enabled=true, configured_operator_capabilities=OperatorCapabilities[hiddenBlockScan=true, emergencyTeleport=true, forcedPickup=true, manualTeleport=true], deepseek_model=deepseek-v4-flash, effective_capabilities=[], perception_radius=16, pickup_force_radius=2.75, profile=strict_survival, nav_lookahead=4}
[m[34m[04:33:26][m [32m[Render thread/INFO][m [36m(aibot)[m [0m================================
[m[34m[04:33:26][m [32m[Render thread/INFO][m [36m(aibot)[m [0m  AIBot v0.0.1 loaded
[m[34m[04:33:26][m [32m[Render thread/INFO][m [36m(aibot)[m [0m  Mode: M6 structured logs over M5 tasks
[m[34m[04:33:26][m [32m[Render thread/INFO][m [36m(aibot)[m [0m================================
[m[34m[04:33:27][m [32m[aibot-real-client-connector/INFO][m [36m(aibot)[m [0mAIBot real-client control connected body_id=bob session=1090d3d9-ddb1-4a96-8f17-efb886c5ced0
[m[34m[04:33:27][m [32m[Render thread/INFO][m [36m(aibot)[m [0mAIBot real-client runtime enabled body_id=bob player=Bob control=127.0.0.1:8766 auto_join=127.0.0.1:25599
[m[34m[04:33:27][m [32m[Render thread/INFO][m [36m(Indigo)[m [0m[Indigo] Registering Indigo renderer!
[m[34m[04:33:28][m [32m[Render thread/INFO][m [36m(Minecraft)[m [0mBackend library: LWJGL version 3.3.3-snapshot
[m[34m[04:33:30][m [32m[Render thread/INFO][m [36m(Minecraft)[m [0mReloading ResourceManager: vanilla, fabric, aibot, fabric-api, fabric-api-base, fabric-api-lookup-api-v1, fabric-biome-api-v1, fabric-block-api-v1, fabric-block-view-api-v2, fabric-blockrenderlayer-v1, fabric-client-tags-api-v1, fabric-command-api-v1, fabric-command-api-v2, fabric-commands-v0, fabric-content-registries-v0, fabric-convention-tags-v1, fabric-convention-tags-v2, fabric-crash-report-info-v1, fabric-data-attachment-api-v1, fabric-data-generation-api-v1, fabric-dimensions-v1, fabric-entity-events-v1, fabric-events-interaction-v0, fabric-game-rule-api-v1, fabric-gametest-api-v1, fabric-item-api-v1, fabric-item-group-api-v1, fabric-key-binding-api-v1, fabric-keybindings-v0, fabric-lifecycle-events-v1, fabric-loot-api-v2, fabric-loot-api-v3, fabric-message-api-v1, fabric-model-loading-api-v1, fabric-networking-api-v1, fabric-object-builder-api-v1, fabric-particles-v1, fabric-recipe-api-v1, fabric-registry-sync-v0, fabric-renderer-api-v1, fabric-renderer-indigo, fabric-rendering-data-attachment-v1, fabric-rendering-fluids-v1, fabric-rendering-v0, fabric-rendering-v1, fabric-resource-conditions-api-v1, fabric-resource-loader-v0, fabric-screen-api-v1, fabric-screen-handler-api-v1, fabric-sound-api-v1, fabric-tag-api-v1, fabric-transfer-api-v1, fabric-transitive-access-wideners-v1, fabricloader
[m[34m[04:33:31][m [32m[Worker-Main-12/INFO][m [36m(Minecraft)[m [0mFound unifont_all_no_pua-15.1.05.hex, loading
[m[34m[04:33:31][m [32m[Worker-Main-3/INFO][m [36m(Minecraft)[m [0mFound unifont_jp_patch-15.1.05.hex, loading
[m[34m[04:33:31][m [32m[Render thread/INFO][m [36m(aibot)[m [0mAIBot real-client auto-join watcher screen=net.minecraft.client.gui.screen.MessageScreen
[m[34m[04:33:32][m [33m[Render thread/WARN][m [36m(Minecraft)[m [0mMissing sound for event: minecraft:block.spawner.fall
[m[34m[04:33:32][m [32m[Render thread/INFO][m [36m(Minecraft)[m [0mOpenAL initialized on device OpenAL Soft on æ‰¬å£°å™¨ (Steam Streaming Speakers)
[m[34m[04:33:32][m [32m[Render thread/INFO][m [36m(Minecraft)[m [0mSound engine started
[m[34m[04:33:33][m [32m[Render thread/INFO][m [36m(Minecraft)[m [0mCreated: 1024x512x4 minecraft:textures/atlas/blocks.png-atlas
[m[34m[04:33:33][m [32m[Render thread/INFO][m [36m(Minecraft)[m [0mCreated: 256x256x4 minecraft:textures/atlas/signs.png-atlas
[m[34m[04:33:33][m [32m[Render thread/INFO][m [36m(Minecraft)[m [0mCreated: 512x512x4 minecraft:textures/atlas/banner_patterns.png-atlas
[m[34m[04:33:33][m [32m[Render thread/INFO][m [36m(Minecraft)[m [0mCreated: 512x512x4 minecraft:textures/atlas/shield_patterns.png-atlas
[m[34m[04:33:33][m [32m[Render thread/INFO][m [36m(Minecraft)[m [0mCreated: 1024x1024x4 minecraft:textures/atlas/armor_trims.png-atlas
[m[34m[04:33:33][m [32m[Render thread/INFO][m [36m(Minecraft)[m [0mCreated: 256x256x4 minecraft:textures/atlas/chest.png-atlas
[m[34m[04:33:33][m [32m[Render thread/INFO][m [36m(Minecraft)[m [0mCreated: 128x64x4 minecraft:textures/atlas/decorated_pot.png-atlas
[m[34m[04:33:33][m [32m[Render thread/INFO][m [36m(Minecraft)[m [0mCreated: 512x256x4 minecraft:textures/atlas/beds.png-atlas
[m[34m[04:33:33][m [32m[Render thread/INFO][m [36m(Minecraft)[m [0mCreated: 512x256x4 minecraft:textures/atlas/shulker_boxes.png-atlas
[m[34m[04:33:33][m [32m[Render thread/INFO][m [36m(Minecraft)[m [0mCreated: 64x64x0 minecraft:textures/atlas/map_decorations.png-atlas
[m[34m[04:33:33][m [32m[Render thread/INFO][m [36m(Minecraft)[m [0mCreated: 512x256x0 minecraft:textures/atlas/particles.png-atlas
[m[34m[04:33:33][m [32m[Render thread/INFO][m [36m(Minecraft)[m [0mCreated: 512x256x0 minecraft:textures/atlas/paintings.png-atlas
[m[34m[04:33:33][m [32m[Render thread/INFO][m [36m(Minecraft)[m [0mCreated: 256x128x0 minecraft:textures/atlas/mob_effects.png-atlas
[m[34m[04:33:33][m [32m[Render thread/INFO][m [36m(Minecraft)[m [0mCreated: 1024x512x0 minecraft:textures/atlas/gui.png-atlas
[m[34m[04:33:33][m [32m[Render thread/INFO][m [36m(Minecraft)[m [0mConnecting to 127.0.0.1, 25599
[m[34m[04:33:33][m [32m[Render thread/INFO][m [36m(aibot)[m [0mAIBot real-client auto-join watcher screen=net.minecraft.client.gui.screen.multiplayer.ConnectScreen
[m[34m[04:33:38][m [32m[Render thread/INFO][m [36m(Minecraft)[m [0mLoaded 2 advancements
[m[34m[04:35:09][m [32m[Render thread/INFO][m [36m(Minecraft)[m [0m[System] [CHAT] Bob acaba de conseguir el progreso [Â¿No es hierrÃ³nico?]
[m[34m[04:35:09][m [32m[Render thread/INFO][m [36m(Minecraft)[m [0mLoaded 12 advancements
[m
=== real-client launch 2026-09-12T20:38:03Z ===
[34m[04:38:05][m [32m[main/INFO][m [36m(FabricLoader/GameProvider)[m [0mLoading Minecraft 1.21.3 with Fabric Loader 0.18.4
[m[34m[04:38:06][m [32m[main/INFO][m [36m(FabricLoader)[m [0mLoading 55 mods:
	- aibot 0.0.1
	- fabric-api 0.114.1+1.21.3
	- fabric-api-base 0.4.50+119c825640
	- fabric-api-lookup-api-v1 1.6.81+fd37071f40
	- fabric-biome-api-v1 14.0.7+add2a48640
	- fabric-block-api-v1 1.0.28+fd37071f40
	- fabric-block-view-api-v2 1.0.16+fd37071f40
	- fabric-blockrenderlayer-v1 2.0.4+fd37071f40
	- fabric-client-tags-api-v1 1.1.25+a730659c40
	- fabric-command-api-v1 1.2.58+f71b366f40
	- fabric-command-api-v2 2.2.37+c9d82ab240
	- fabric-commands-v0 0.2.75+df3654b340
	- fabric-content-registries-v0 9.1.8+fd37071f40
	- fabric-convention-tags-v1 2.1.4+7f945d5b40
	- fabric-convention-tags-v2 2.9.4+129f0c1f40
	- fabric-crash-report-info-v1 0.3.3+fd37071f40
	- fabric-data-attachment-api-v1 1.4.0+dbad41f140
	- fabric-data-generation-api-v1 21.1.2+a730659c40
	- fabric-dimensions-v1 4.0.7+fd37071f40
	- fabric-entity-events-v1 2.0.8+825023f840
	- fabric-events-interaction-v0 2.0.12+c2c3ac4740
	- fabric-game-rule-api-v1 1.0.59+fd37071f40
	- fabric-gametest-api-v1 2.0.15+fd37071f40
	- fabric-item-api-v1 11.1.7+fd37071f40
	- fabric-item-group-api-v1 4.1.17+fd37071f40
	- fabric-key-binding-api-v1 1.0.53+fd37071f40
	- fabric-keybindings-v0 0.2.51+df3654b340
	- fabric-lifecycle-events-v1 2.5.1+6da5ef6940
	- fabric-loot-api-v2 3.0.26+3f89f5a540
	- fabric-loot-api-v3 1.0.14+fd37071f40
	- fabric-message-api-v1 6.0.22+5a9b22c640
	- fabric-model-loading-api-v1 3.0.9+fd37071f40
	- fabric-networking-api-v1 4.3.5+fd37071f40
	- fabric-object-builder-api-v1 17.0.9+fd37071f40
	- fabric-particles-v1 4.0.10+fd37071f40
	- fabric-recipe-api-v1 7.0.5+8ea69ff840
	- fabric-registry-sync-v0 5.4.1+3f3c499540
	- fabric-renderer-api-v1 4.0.5+fd37071f40
	- fabric-renderer-indigo 1.9.5+fd37071f40
	- fabric-rendering-data-attachment-v1 0.3.54+73761d2e40
	- fabric-rendering-fluids-v1 3.1.15+fd37071f40
	- fabric-rendering-v0 1.1.84+df3654b340
	- fabric-rendering-v1 8.0.8+6922831640
	- fabric-resource-conditions-api-v1 5.0.8+fd37071f40
	- fabric-resource-loader-v0 3.0.6+fd37071f40
	- fabric-screen-api-v1 2.0.34+fd37071f40
	- fabric-screen-handler-api-v1 1.3.103+fd37071f40
	- fabric-sound-api-v1 1.0.29+fd37071f40
	- fabric-tag-api-v1 1.0.0+a730659c40
	- fabric-transfer-api-v1 5.4.3+cb44d14340
	- fabric-transitive-access-wideners-v1 6.2.0+54a41b1c40
	- fabricloader 0.18.4
	- java 21
	- minecraft 1.21.3
	- mixinextras 0.5.0
[m[34m[04:38:06][m [32m[main/INFO][m [36m(FabricLoader/Mixin)[m [0mSpongePowered MIXIN Subsystem Version=0.8.7 Source=file:/C:/Users/15027/.gradle/caches/modules-2/files-2.1/net.fabricmc/sponge-mixin/0.17.0+mixin.0.8.7/cf31463202f72d03b0ef1e1e38e8ee71b7faaab6/sponge-mixin-0.17.0+mixin.0.8.7.jar Service=Knot/Fabric Env=CLIENT
[m[34m[04:38:06][m [32m[main/INFO][m [36m(FabricLoader/Mixin)[m [0mLoaded Fabric development mappings for mixin remapper!
[m[34m[04:38:06][m [32m[main/INFO][m [36m(FabricLoader/Mixin)[m [0mCompatibility level set to JAVA_21
[m[34m[04:38:09][m [32m[main/INFO][m [36m(FabricLoader/MixinExtras|Service)[m [0mInitializing MixinExtras via com.llamalad7.mixinextras.service.MixinExtrasServiceImpl(version=0.5.0).
[m[34m[04:38:11][m [32m[Datafixer Bootstrap/INFO][m [36m(Minecraft)[m [0m237 Datafixer optimizations took 719 milliseconds
[m[34m[04:38:20][m [32m[Render thread/INFO][m [36m(Minecraft)[m [0mEnvironment: Environment[sessionHost=https://sessionserver.mojang.com, servicesHost=https://api.minecraftservices.com, name=PROD]
[m[34m[04:38:20][m [32m[Render thread/INFO][m [36m(Minecraft)[m [0mSetting user: Bob
[m[34m[04:38:21][m [32m[Render thread/INFO][m [36m(aibot)[m [0m[AIBot] CONFIG event=operating_profile_resolved bot=- {profile=strict_survival, configured_manual_teleport=true, effective_capabilities=[], configured_emergency_teleport=true, configured_hidden_block_scan=true, configured_forced_pickup=true, source=FILE_OR_DEFAULT}
[m[34m[04:38:21][m [33m[Render thread/WARN][m [36m(aibot)[m [0m[AIBot] CONFIG event=deepseek_key_missing bot=- {}
[m[34m[04:38:21][m [32m[Render thread/INFO][m [36m(aibot)[m [0m[AIBot] LIFECYCLE event=mod_loaded bot=- {version=0.0.1}
[m[34m[04:38:21][m [32m[Render thread/INFO][m [36m(aibot)[m [0m[AIBot] CONFIG event=config_loaded bot=- {profile=strict_survival, pickup_force_radius=2.75, perception_radius=16, effective_capabilities=[], deepseek_model=deepseek-v4-flash, configured_operator_capabilities=OperatorCapabilities[hiddenBlockScan=true, emergencyTeleport=true, forcedPickup=true, manualTeleport=true], logging_enabled=true, nav_lookahead=4}
[m[34m[04:38:21][m [32m[Render thread/INFO][m [36m(aibot)[m [0m================================
[m[34m[04:38:21][m [32m[Render thread/INFO][m [36m(aibot)[m [0m  AIBot v0.0.1 loaded
[m[34m[04:38:21][m [32m[Render thread/INFO][m [36m(aibot)[m [0m  Mode: M6 structured logs over M5 tasks
[m[34m[04:38:21][m [32m[Render thread/INFO][m [36m(aibot)[m [0m================================
[m[34m[04:38:22][m [32m[aibot-real-client-connector/INFO][m [36m(aibot)[m [0mAIBot real-client control connected body_id=bob session=1e3283bd-8985-4f5a-9ff5-4a4d6f6c8012
[m[34m[04:38:22][m [32m[Render thread/INFO][m [36m(aibot)[m [0mAIBot real-client runtime enabled body_id=bob player=Bob control=127.0.0.1:8766 auto_join=127.0.0.1:25599
[m[34m[04:38:22][m [32m[Render thread/INFO][m [36m(Indigo)[m [0m[Indigo] Registering Indigo renderer!
[m[34m[04:38:23][m [32m[Render thread/INFO][m [36m(Minecraft)[m [0mBackend library: LWJGL version 3.3.3-snapshot
[m[34m[04:38:25][m [32m[Render thread/INFO][m [36m(Minecraft)[m [0mReloading ResourceManager: vanilla, fabric, aibot, fabric-api, fabric-api-base, fabric-api-lookup-api-v1, fabric-biome-api-v1, fabric-block-api-v1, fabric-block-view-api-v2, fabric-blockrenderlayer-v1, fabric-client-tags-api-v1, fabric-command-api-v1, fabric-command-api-v2, fabric-commands-v0, fabric-content-registries-v0, fabric-convention-tags-v1, fabric-convention-tags-v2, fabric-crash-report-info-v1, fabric-data-attachment-api-v1, fabric-data-generation-api-v1, fabric-dimensions-v1, fabric-entity-events-v1, fabric-events-interaction-v0, fabric-game-rule-api-v1, fabric-gametest-api-v1, fabric-item-api-v1, fabric-item-group-api-v1, fabric-key-binding-api-v1, fabric-keybindings-v0, fabric-lifecycle-events-v1, fabric-loot-api-v2, fabric-loot-api-v3, fabric-message-api-v1, fabric-model-loading-api-v1, fabric-networking-api-v1, fabric-object-builder-api-v1, fabric-particles-v1, fabric-recipe-api-v1, fabric-registry-sync-v0, fabric-renderer-api-v1, fabric-renderer-indigo, fabric-rendering-data-attachment-v1, fabric-rendering-fluids-v1, fabric-rendering-v0, fabric-rendering-v1, fabric-resource-conditions-api-v1, fabric-resource-loader-v0, fabric-screen-api-v1, fabric-screen-handler-api-v1, fabric-sound-api-v1, fabric-tag-api-v1, fabric-transfer-api-v1, fabric-transitive-access-wideners-v1, fabricloader
[m[34m[04:38:26][m [32m[Worker-Main-13/INFO][m [36m(Minecraft)[m [0mFound unifont_jp_patch-15.1.05.hex, loading
[m[34m[04:38:26][m [32m[Worker-Main-14/INFO][m [36m(Minecraft)[m [0mFound unifont_all_no_pua-15.1.05.hex, loading
[m[34m[04:38:26][m [32m[Render thread/INFO][m [36m(aibot)[m [0mAIBot real-client auto-join watcher screen=net.minecraft.client.gui.screen.MessageScreen
[m[34m[04:38:27][m [33m[Render thread/WARN][m [36m(Minecraft)[m [0mMissing sound for event: minecraft:block.spawner.fall
[m[34m[04:38:27][m [32m[Render thread/INFO][m [36m(Minecraft)[m [0mOpenAL initialized on device OpenAL Soft on æ‰¬å£°å™¨ (Steam Streaming Speakers)
[m[34m[04:38:27][m [32m[Render thread/INFO][m [36m(Minecraft)[m [0mSound engine started
[m[34m[04:38:28][m [32m[Render thread/INFO][m [36m(Minecraft)[m [0mCreated: 1024x512x4 minecraft:textures/atlas/blocks.png-atlas
[m[34m[04:38:28][m [32m[Render thread/INFO][m [36m(Minecraft)[m [0mCreated: 256x256x4 minecraft:textures/atlas/signs.png-atlas
[m[34m[04:38:28][m [32m[Render thread/INFO][m [36m(Minecraft)[m [0mCreated: 512x512x4 minecraft:textures/atlas/shield_patterns.png-atlas
[m[34m[04:38:28][m [32m[Render thread/INFO][m [36m(Minecraft)[m [0mCreated: 512x512x4 minecraft:textures/atlas/banner_patterns.png-atlas
[m[34m[04:38:28][m [32m[Render thread/INFO][m [36m(Minecraft)[m [0mCreated: 1024x1024x4 minecraft:textures/atlas/armor_trims.png-atlas
[m[34m[04:38:28][m [32m[Render thread/INFO][m [36m(Minecraft)[m [0mCreated: 128x64x4 minecraft:textures/atlas/decorated_pot.png-atlas
[m[34m[04:38:28][m [32m[Render thread/INFO][m [36m(Minecraft)[m [0mCreated: 256x256x4 minecraft:textures/atlas/chest.png-atlas
[m[34m[04:38:28][m [32m[Render thread/INFO][m [36m(Minecraft)[m [0mCreated: 512x256x4 minecraft:textures/atlas/shulker_boxes.png-atlas
[m[34m[04:38:28][m [32m[Render thread/INFO][m [36m(Minecraft)[m [0mCreated: 512x256x4 minecraft:textures/atlas/beds.png-atlas
[m[34m[04:38:28][m [32m[Render thread/INFO][m [36m(Minecraft)[m [0mCreated: 64x64x0 minecraft:textures/atlas/map_decorations.png-atlas
[m[34m[04:38:28][m [32m[Render thread/INFO][m [36m(Minecraft)[m [0mCreated: 512x256x0 minecraft:textures/atlas/particles.png-atlas
[m[34m[04:38:28][m [32m[Render thread/INFO][m [36m(Minecraft)[m [0mCreated: 512x256x0 minecraft:textures/atlas/paintings.png-atlas
[m[34m[04:38:28][m [32m[Render thread/INFO][m [36m(Minecraft)[m [0mCreated: 256x128x0 minecraft:textures/atlas/mob_effects.png-atlas
[m[34m[04:38:28][m [32m[Render thread/INFO][m [36m(Minecraft)[m [0mCreated: 1024x512x0 minecraft:textures/atlas/gui.png-atlas
[m[34m[04:38:28][m [32m[Render thread/INFO][m [36m(Minecraft)[m [0mConnecting to 127.0.0.1, 25599
[m[34m[04:38:28][m [32m[Render thread/INFO][m [36m(aibot)[m [0mAIBot real-client auto-join watcher screen=net.minecraft.client.gui.screen.multiplayer.ConnectScreen
[m[34m[04:38:32][m [32m[Render thread/INFO][m [36m(Minecraft)[m [0mLoaded 12 advancements
[m[34m[04:38:36][m [32m[Render thread/INFO][m [36m(aibot)[m [0mAIBot real-client heartbeat diag crosshair_present=true target=BLOCK:Mutable{x=0, y=-59, z=10}
[m[34m[04:38:46][m [32m[Render thread/INFO][m [36m(aibot)[m [0mAIBot real-client heartbeat diag crosshair_present=true target=BLOCK:Mutable{x=0, y=-59, z=10}
[m[34m[04:38:56][m [32m[Render thread/INFO][m [36m(aibot)[m [0mAIBot real-client heartbeat diag crosshair_present=true target=BLOCK:Mutable{x=0, y=-59, z=10}
[m[34m[04:39:06][m [32m[Render thread/INFO][m [36m(aibot)[m [0mAIBot real-client heartbeat diag crosshair_present=true target=BLOCK:Mutable{x=0, y=-59, z=10}
[m[34m[04:39:16][m [32m[Render thread/INFO][m [36m(aibot)[m [0mAIBot real-client heartbeat diag crosshair_present=true target=BLOCK:Mutable{x=0, y=-59, z=10}
[m[34m[04:39:26][m [32m[Render thread/INFO][m [36m(aibot)[m [0mAIBot real-client heartbeat diag crosshair_present=true target=BLOCK:Mutable{x=0, y=-59, z=10}
[m[34m[04:39:36][m [32m[Render thread/INFO][m [36m(aibot)[m [0mAIBot real-client heartbeat diag crosshair_present=true target=BLOCK:Mutable{x=0, y=-59, z=10}
[m[34m[04:39:46][m [32m[Render thread/INFO][m [36m(aibot)[m [0mAIBot real-client heartbeat diag crosshair_present=true target=BLOCK:Mutable{x=0, y=-59, z=10}
[m[34m[04:39:56][m [32m[Render thread/INFO][m [36m(aibot)[m [0mAIBot real-client heartbeat diag crosshair_present=true target=BLOCK:Mutable{x=0, y=-59, z=10}
[m[34m[04:40:06][m [32m[Render thread/INFO][m [36m(aibot)[m [0mAIBot real-client heartbeat diag crosshair_present=true target=BLOCK:Mutable{x=0, y=-59, z=10}
[m[34m[04:40:16][m [32m[Render thread/INFO][m [36m(aibot)[m [0mAIBot real-client heartbeat diag crosshair_present=true target=BLOCK:Mutable{x=0, y=-59, z=10}
[m[34m[04:40:26][m [32m[Render thread/INFO][m [36m(aibot)[m [0mAIBot real-client heartbeat diag crosshair_present=true target=BLOCK:Mutable{x=0, y=-59, z=10}
[m[34m[04:40:36][m [32m[Render thread/INFO][m [36m(aibot)[m [0mAIBot real-client heartbeat diag crosshair_present=true target=BLOCK:Mutable{x=0, y=-59, z=10}
[m[34m[04:40:46][m [32m[Render thread/INFO][m [36m(aibot)[m [0mAIBot real-client heartbeat diag crosshair_present=true target=BLOCK:Mutable{x=0, y=-59, z=10}
[m[34m[04:40:56][m [32m[Render thread/INFO][m [36m(aibot)[m [0mAIBot real-client heartbeat diag crosshair_present=true target=BLOCK:Mutable{x=0, y=-59, z=10}
[m[34m[04:41:06][m [32m[Render thread/INFO][m [36m(aibot)[m [0mAIBot real-client heartbeat diag crosshair_present=false target=MISS:BlockPos{x=1, y=-59, z=8}
[m[34m[04:41:16][m [32m[Render thread/INFO][m [36m(aibot)[m [0mAIBot real-client heartbeat diag crosshair_present=false target=MISS:BlockPos{x=1, y=-59, z=7}
[m[34m[04:41:17][m [33m[aibot-real-client-connector/WARN][m [36m(aibot)[m [0mreal-client control connect/read failed: java.net.SocketException: Connection reset
[m[34m[04:41:17][m [31m[Netty Client IO #0/ERROR][m [36m(Minecraft)[m [31mNegative index in crash report handler (13/21)
[m[34m[04:41:17][m [33m[Render thread/WARN][m [36m(Minecraft)[m [0mClient disconnected with reason: Internal Exception: java.net.SocketException: Connection reset
[m[34m[04:41:17][m [32m[Render thread/INFO][m [36m(aibot)[m [0mAIBot real-client auto-join watcher screen=net.minecraft.client.gui.screen.DisconnectedScreen
[m[34m[04:41:17][m [32m[Render thread/INFO][m [36m(aibot)[m [0mAIBot real-client auto-join 127.0.0.1:25599 (attempt 1)
[m[34m[04:41:17][m [32m[Render thread/INFO][m [36m(Minecraft)[m [0mConnecting to 127.0.0.1, 25599
[m[34m[04:41:17][m [31m[Server Connector #2/ERROR][m [36m(Minecraft)[m [31mCouldn't connect to server
[m io.netty.channel.AbstractChannel$AnnotatedConnectException: Connection refused: getsockopt: kubernetes.docker.internal/127.0.0.1:25599
Caused by: java.net.ConnectException: Connection refused: getsockopt
	at java.base/sun.nio.ch.Net.pollConnect(Native Method) ~[?:?]
	at java.base/sun.nio.ch.Net.pollConnectNow(Net.java:694) ~[?:?]
	at java.base/sun.nio.ch.SocketChannelImpl.finishConnect(SocketChannelImpl.java:973) ~[?:?]
	at knot/io.netty.channel.socket.nio.NioSocketChannel.doFinishConnect(NioSocketChannel.java:337) ~[netty-transport-4.1.97.Final.jar:?]
	at knot/io.netty.channel.nio.AbstractNioChannel$AbstractNioUnsafe.finishConnect(AbstractNioChannel.java:334) ~[netty-transport-4.1.97.Final.jar:?]
	at knot/io.netty.channel.nio.NioEventLoop.processSelectedKey(NioEventLoop.java:776) ~[netty-transport-4.1.97.Final.jar:?]
	at knot/io.netty.channel.nio.NioEventLoop.processSelectedKeysOptimized(NioEventLoop.java:724) ~[netty-transport-4.1.97.Final.jar:?]
	at knot/io.netty.channel.nio.NioEventLoop.processSelectedKeys(NioEventLoop.java:650) ~[netty-transport-4.1.97.Final.jar:?]
	at knot/io.netty.channel.nio.NioEventLoop.run(NioEventLoop.java:562) ~[netty-transport-4.1.97.Final.jar:?]
	at knot/io.netty.util.concurrent.SingleThreadEventExecutor$4.run(SingleThreadEventExecutor.java:997) ~[netty-common-4.1.97.Final.jar:?]
	at knot/io.netty.util.internal.ThreadExecutorMap$2.run(ThreadExecutorMap.java:74) ~[netty-common-4.1.97.Final.jar:?]
	at java.base/java.lang.Thread.run(Thread.java:1583) ~[?:?]
[34m[04:41:18][m [33m[aibot-real-client-connector/WARN][m [36m(aibot)[m [0mreal-client control connect/read failed: java.net.ConnectException: Connection refused: getsockopt
[m[34m[04:41:20][m [33m[aibot-real-client-connector/WARN][m [36m(aibot)[m [0mreal-client control connect/read failed: java.net.ConnectException: Connection refused: getsockopt
[m[34m[04:41:22][m [32m[Render thread/INFO][m [36m(aibot)[m [0mAIBot real-client auto-join 127.0.0.1:25599 (attempt 2)
[m[34m[04:41:22][m [32m[Render thread/INFO][m [36m(Minecraft)[m [0mConnecting to 127.0.0.1, 25599
[m[34m[04:41:22][m [31m[Server Connector #3/ERROR][m [36m(Minecraft)[m [31mCouldn't connect to server
[m io.netty.channel.AbstractChannel$AnnotatedConnectException: Connection refused: getsockopt: kubernetes.docker.internal/127.0.0.1:25599
Caused by: java.net.ConnectException: Connection refused: getsockopt
	at java.base/sun.nio.ch.Net.pollConnect(Native Method) ~[?:?]
	at java.base/sun.nio.ch.Net.pollConnectNow(Net.java:694) ~[?:?]
	at java.base/sun.nio.ch.SocketChannelImpl.finishConnect(SocketChannelImpl.java:973) ~[?:?]
	at knot/io.netty.channel.socket.nio.NioSocketChannel.doFinishConnect(NioSocketChannel.java:337) ~[netty-transport-4.1.97.Final.jar:?]
	at knot/io.netty.channel.nio.AbstractNioChannel$AbstractNioUnsafe.finishConnect(AbstractNioChannel.java:334) ~[netty-transport-4.1.97.Final.jar:?]
	at knot/io.netty.channel.nio.NioEventLoop.processSelectedKey(NioEventLoop.java:776) ~[netty-transport-4.1.97.Final.jar:?]
	at knot/io.netty.channel.nio.NioEventLoop.processSelectedKeysOptimized(NioEventLoop.java:724) ~[netty-transport-4.1.97.Final.jar:?]
	at knot/io.netty.channel.nio.NioEventLoop.processSelectedKeys(NioEventLoop.java:650) ~[netty-transport-4.1.97.Final.jar:?]
	at knot/io.netty.channel.nio.NioEventLoop.run(NioEventLoop.java:562) ~[netty-transport-4.1.97.Final.jar:?]
	at knot/io.netty.util.concurrent.SingleThreadEventExecutor$4.run(SingleThreadEventExecutor.java:997) ~[netty-common-4.1.97.Final.jar:?]
	at knot/io.netty.util.internal.ThreadExecutorMap$2.run(ThreadExecutorMap.java:74) ~[netty-common-4.1.97.Final.jar:?]
	at java.base/java.lang.Thread.run(Thread.java:1583) ~[?:?]
[34m[04:41:24][m [33m[aibot-real-client-connector/WARN][m [36m(aibot)[m [0mreal-client control connect/read failed: java.net.ConnectException: Connection refused: getsockopt
[m[34m[04:41:27][m [32m[Render thread/INFO][m [36m(aibot)[m [0mAIBot real-client auto-join 127.0.0.1:25599 (attempt 3)
[m[34m[04:41:27][m [32m[Render thread/INFO][m [36m(Minecraft)[m [0mConnecting to 127.0.0.1, 25599
[m[34m[04:41:27][m [31m[Server Connector #4/ERROR][m [36m(Minecraft)[m [31mCouldn't connect to server
[m io.netty.channel.AbstractChannel$AnnotatedConnectException: Connection refused: getsockopt: kubernetes.docker.internal/127.0.0.1:25599
Caused by: java.net.ConnectException: Connection refused: getsockopt
	at java.base/sun.nio.ch.Net.pollConnect(Native Method) ~[?:?]
	at java.base/sun.nio.ch.Net.pollConnectNow(Net.java:694) ~[?:?]
	at java.base/sun.nio.ch.SocketChannelImpl.finishConnect(SocketChannelImpl.java:973) ~[?:?]
	at knot/io.netty.channel.socket.nio.NioSocketChannel.doFinishConnect(NioSocketChannel.java:337) ~[netty-transport-4.1.97.Final.jar:?]
	at knot/io.netty.channel.nio.AbstractNioChannel$AbstractNioUnsafe.finishConnect(AbstractNioChannel.java:334) ~[netty-transport-4.1.97.Final.jar:?]
	at knot/io.netty.channel.nio.NioEventLoop.processSelectedKey(NioEventLoop.java:776) ~[netty-transport-4.1.97.Final.jar:?]
	at knot/io.netty.channel.nio.NioEventLoop.processSelectedKeysOptimized(NioEventLoop.java:724) ~[netty-transport-4.1.97.Final.jar:?]
	at knot/io.netty.channel.nio.NioEventLoop.processSelectedKeys(NioEventLoop.java:650) ~[netty-transport-4.1.97.Final.jar:?]
	at knot/io.netty.channel.nio.NioEventLoop.run(NioEventLoop.java:562) ~[netty-transport-4.1.97.Final.jar:?]
	at knot/io.netty.util.concurrent.SingleThreadEventExecutor$4.run(SingleThreadEventExecutor.java:997) ~[netty-common-4.1.97.Final.jar:?]
	at knot/io.netty.util.internal.ThreadExecutorMap$2.run(ThreadExecutorMap.java:74) ~[netty-common-4.1.97.Final.jar:?]
	at java.base/java.lang.Thread.run(Thread.java:1583) ~[?:?]
[34m[04:41:32][m [33m[aibot-real-client-connector/WARN][m [36m(aibot)[m [0mreal-client control connect/read failed: java.net.ConnectException: Connection refused: getsockopt
[m[34m[04:41:32][m [32m[Render thread/INFO][m [36m(aibot)[m [0mAIBot real-client auto-join 127.0.0.1:25599 (attempt 4)
[m[34m[04:41:32][m [32m[Render thread/INFO][m [36m(Minecraft)[m [0mConnecting to 127.0.0.1, 25599
[m[34m[04:41:32][m [31m[Server Connector #5/ERROR][m [36m(Minecraft)[m [31mCouldn't connect to server
[m io.netty.channel.AbstractChannel$AnnotatedConnectException: Connection refused: getsockopt: kubernetes.docker.internal/127.0.0.1:25599
Caused by: java.net.ConnectException: Connection refused: getsockopt
	at java.base/sun.nio.ch.Net.pollConnect(Native Method) ~[?:?]
	at java.base/sun.nio.ch.Net.pollConnectNow(Net.java:694) ~[?:?]
	at java.base/sun.nio.ch.SocketChannelImpl.finishConnect(SocketChannelImpl.java:973) ~[?:?]
	at knot/io.netty.channel.socket.nio.NioSocketChannel.doFinishConnect(NioSocketChannel.java:337) ~[netty-transport-4.1.97.Final.jar:?]
	at knot/io.netty.channel.nio.AbstractNioChannel$AbstractNioUnsafe.finishConnect(AbstractNioChannel.java:334) ~[netty-transport-4.1.97.Final.jar:?]
	at knot/io.netty.channel.nio.NioEventLoop.processSelectedKey(NioEventLoop.java:776) ~[netty-transport-4.1.97.Final.jar:?]
	at knot/io.netty.channel.nio.NioEventLoop.processSelectedKeysOptimized(NioEventLoop.java:724) ~[netty-transport-4.1.97.Final.jar:?]
	at knot/io.netty.channel.nio.NioEventLoop.processSelectedKeys(NioEventLoop.java:650) ~[netty-transport-4.1.97.Final.jar:?]
	at knot/io.netty.channel.nio.NioEventLoop.run(NioEventLoop.java:562) ~[netty-transport-4.1.97.Final.jar:?]
	at knot/io.netty.util.concurrent.SingleThreadEventExecutor$4.run(SingleThreadEventExecutor.java:997) ~[netty-common-4.1.97.Final.jar:?]
	at knot/io.netty.util.internal.ThreadExecutorMap$2.run(ThreadExecutorMap.java:74) ~[netty-common-4.1.97.Final.jar:?]
	at java.base/java.lang.Thread.run(Thread.java:1583) ~[?:?]
[34m[04:41:37][m [32m[Render thread/INFO][m [36m(aibot)[m [0mAIBot real-client auto-join 127.0.0.1:25599 (attempt 5)
[m[34m[04:41:37][m [32m[Render thread/INFO][m [36m(Minecraft)[m [0mConnecting to 127.0.0.1, 25599
[m[34m[04:41:37][m [32m[Render thread/INFO][m [36m(aibot)[m [0mAIBot real-client auto-join watcher screen=net.minecraft.client.gui.screen.multiplayer.ConnectScreen
[m[34m[04:41:38][m [32m[Render thread/INFO][m [36m(aibot)[m [0mAIBot real-client auto-join watcher screen=net.minecraft.client.gui.screen.DisconnectedScreen
[m[34m[04:41:40][m [32m[aibot-real-client-connector/INFO][m [36m(aibot)[m [0mAIBot real-client control connected body_id=bob session=d2941448-e564-4ea9-b866-60e98afab223
[m[34m[04:41:42][m [32m[Render thread/INFO][m [36m(aibot)[m [0mAIBot real-client auto-join 127.0.0.1:25599 (attempt 6)
[m[34m[04:41:42][m [32m[Render thread/INFO][m [36m(Minecraft)[m [0mConnecting to 127.0.0.1, 25599
[m[34m[04:41:47][m [32m[Render thread/INFO][m [36m(aibot)[m [0mAIBot real-client auto-join 127.0.0.1:25599 (attempt 7)
[m[34m[04:41:47][m [32m[Render thread/INFO][m [36m(Minecraft)[m [0mConnecting to 127.0.0.1, 25599
[m[34m[04:41:52][m [32m[Render thread/INFO][m [36m(aibot)[m [0mAIBot real-client auto-join 127.0.0.1:25599 (attempt 8)
[m[34m[04:41:53][m [32m[Render thread/INFO][m [36m(Minecraft)[m [0mConnecting to 127.0.0.1, 25599
[m[34m[04:41:57][m [32m[Render thread/INFO][m [36m(aibot)[m [0mAIBot real-client auto-join 127.0.0.1:25599 (attempt 9)
[m[34m[04:41:57][m [32m[Render thread/INFO][m [36m(Minecraft)[m [0mConnecting to 127.0.0.1, 25599
[m[34m[04:42:02][m [32m[Render thread/INFO][m [36m(aibot)[m [0mAIBot real-client auto-join 127.0.0.1:25599 (attempt 10)
[m[34m[04:42:03][m [32m[Render thread/INFO][m [36m(Minecraft)[m [0mConnecting to 127.0.0.1, 25599
[m
=== real-client launch 2026-09-12T20:42:04Z ===
[34m[04:42:06][m [32m[main/INFO][m [36m(FabricLoader/GameProvider)[m [0mLoading Minecraft 1.21.3 with Fabric Loader 0.18.4
[m[34m[04:42:07][m [32m[main/INFO][m [36m(FabricLoader)[m [0mLoading 55 mods:
	- aibot 0.0.1
	- fabric-api 0.114.1+1.21.3
	- fabric-api-base 0.4.50+119c825640
	- fabric-api-lookup-api-v1 1.6.81+fd37071f40
	- fabric-biome-api-v1 14.0.7+add2a48640
	- fabric-block-api-v1 1.0.28+fd37071f40
	- fabric-block-view-api-v2 1.0.16+fd37071f40
	- fabric-blockrenderlayer-v1 2.0.4+fd37071f40
	- fabric-client-tags-api-v1 1.1.25+a730659c40
	- fabric-command-api-v1 1.2.58+f71b366f40
	- fabric-command-api-v2 2.2.37+c9d82ab240
	- fabric-commands-v0 0.2.75+df3654b340
	- fabric-content-registries-v0 9.1.8+fd37071f40
	- fabric-convention-tags-v1 2.1.4+7f945d5b40
	- fabric-convention-tags-v2 2.9.4+129f0c1f40
	- fabric-crash-report-info-v1 0.3.3+fd37071f40
	- fabric-data-attachment-api-v1 1.4.0+dbad41f140
	- fabric-data-generation-api-v1 21.1.2+a730659c40
	- fabric-dimensions-v1 4.0.7+fd37071f40
	- fabric-entity-events-v1 2.0.8+825023f840
	- fabric-events-interaction-v0 2.0.12+c2c3ac4740
	- fabric-game-rule-api-v1 1.0.59+fd37071f40
	- fabric-gametest-api-v1 2.0.15+fd37071f40
	- fabric-item-api-v1 11.1.7+fd37071f40
	- fabric-item-group-api-v1 4.1.17+fd37071f40
	- fabric-key-binding-api-v1 1.0.53+fd37071f40
	- fabric-keybindings-v0 0.2.51+df3654b340
	- fabric-lifecycle-events-v1 2.5.1+6da5ef6940
	- fabric-loot-api-v2 3.0.26+3f89f5a540
	- fabric-loot-api-v3 1.0.14+fd37071f40
	- fabric-message-api-v1 6.0.22+5a9b22c640
	- fabric-model-loading-api-v1 3.0.9+fd37071f40
	- fabric-networking-api-v1 4.3.5+fd37071f40
	- fabric-object-builder-api-v1 17.0.9+fd37071f40
	- fabric-particles-v1 4.0.10+fd37071f40
	- fabric-recipe-api-v1 7.0.5+8ea69ff840
	- fabric-registry-sync-v0 5.4.1+3f3c499540
	- fabric-renderer-api-v1 4.0.5+fd37071f40
	- fabric-renderer-indigo 1.9.5+fd37071f40
	- fabric-rendering-data-attachment-v1 0.3.54+73761d2e40
	- fabric-rendering-fluids-v1 3.1.15+fd37071f40
	- fabric-rendering-v0 1.1.84+df3654b340
	- fabric-rendering-v1 8.0.8+6922831640
	- fabric-resource-conditions-api-v1 5.0.8+fd37071f40
	- fabric-resource-loader-v0 3.0.6+fd37071f40
	- fabric-screen-api-v1 2.0.34+fd37071f40
	- fabric-screen-handler-api-v1 1.3.103+fd37071f40
	- fabric-sound-api-v1 1.0.29+fd37071f40
	- fabric-tag-api-v1 1.0.0+a730659c40
	- fabric-transfer-api-v1 5.4.3+cb44d14340
	- fabric-transitive-access-wideners-v1 6.2.0+54a41b1c40
	- fabricloader 0.18.4
	- java 21
	- minecraft 1.21.3
	- mixinextras 0.5.0
[m[34m[04:42:07][m [32m[main/INFO][m [36m(FabricLoader/Mixin)[m [0mSpongePowered MIXIN Subsystem Version=0.8.7 Source=file:/C:/Users/15027/.gradle/caches/modules-2/files-2.1/net.fabricmc/sponge-mixin/0.17.0+mixin.0.8.7/cf31463202f72d03b0ef1e1e38e8ee71b7faaab6/sponge-mixin-0.17.0+mixin.0.8.7.jar Service=Knot/Fabric Env=CLIENT
[m[34m[04:42:07][m [32m[main/INFO][m [36m(FabricLoader/Mixin)[m [0mLoaded Fabric development mappings for mixin remapper!
[m[34m[04:42:08][m [32m[main/INFO][m [36m(FabricLoader/Mixin)[m [0mCompatibility level set to JAVA_21
[m[34m[04:42:10][m [32m[main/INFO][m [36m(FabricLoader/MixinExtras|Service)[m [0mInitializing MixinExtras via com.llamalad7.mixinextras.service.MixinExtrasServiceImpl(version=0.5.0).
[m[34m[04:42:12][m [32m[Datafixer Bootstrap/INFO][m [36m(Minecraft)[m [0m237 Datafixer optimizations took 560 milliseconds
[m[34m[04:42:21][m [32m[Render thread/INFO][m [36m(Minecraft)[m [0mEnvironment: Environment[sessionHost=https://sessionserver.mojang.com, servicesHost=https://api.minecraftservices.com, name=PROD]
[m[34m[04:42:21][m [32m[Render thread/INFO][m [36m(Minecraft)[m [0mSetting user: Bob
[m[34m[04:42:22][m [32m[Render thread/INFO][m [36m(aibot)[m [0m[AIBot] CONFIG event=operating_profile_resolved bot=- {profile=strict_survival, configured_manual_teleport=true, effective_capabilities=[], configured_emergency_teleport=true, configured_hidden_block_scan=true, configured_forced_pickup=true, source=FILE_OR_DEFAULT}
[m[34m[04:42:22][m [33m[Render thread/WARN][m [36m(aibot)[m [0m[AIBot] CONFIG event=deepseek_key_missing bot=- {}
[m[34m[04:42:22][m [32m[Render thread/INFO][m [36m(aibot)[m [0m[AIBot] LIFECYCLE event=mod_loaded bot=- {version=0.0.1}
[m[34m[04:42:22][m [32m[Render thread/INFO][m [36m(aibot)[m [0m[AIBot] CONFIG event=config_loaded bot=- {profile=strict_survival, pickup_force_radius=2.75, perception_radius=16, effective_capabilities=[], deepseek_model=deepseek-v4-flash, configured_operator_capabilities=OperatorCapabilities[hiddenBlockScan=true, emergencyTeleport=true, forcedPickup=true, manualTeleport=true], logging_enabled=true, nav_lookahead=4}
[m[34m[04:42:22][m [32m[Render thread/INFO][m [36m(aibot)[m [0m================================
[m[34m[04:42:22][m [32m[Render thread/INFO][m [36m(aibot)[m [0m  AIBot v0.0.1 loaded
[m[34m[04:42:22][m [32m[Render thread/INFO][m [36m(aibot)[m [0m  Mode: M6 structured logs over M5 tasks
[m[34m[04:42:22][m [32m[Render thread/INFO][m [36m(aibot)[m [0m================================
[m[34m[04:42:22][m [32m[Render thread/INFO][m [36m(Indigo)[m [0m[Indigo] Registering Indigo renderer!
[m[34m[04:42:23][m [32m[aibot-real-client-connector/INFO][m [36m(aibot)[m [0mAIBot real-client control connected body_id=bob session=0504acab-7be9-4805-8b70-b8dea1c0f15d
[m[34m[04:42:23][m [32m[Render thread/INFO][m [36m(aibot)[m [0mAIBot real-client runtime enabled body_id=bob player=Bob control=127.0.0.1:8766 auto_join=127.0.0.1:25599
[m[34m[04:42:24][m [32m[Render thread/INFO][m [36m(Minecraft)[m [0mBackend library: LWJGL version 3.3.3-snapshot
[m[34m[04:42:26][m [32m[Render thread/INFO][m [36m(Minecraft)[m [0mReloading ResourceManager: vanilla, fabric, aibot, fabric-api, fabric-api-base, fabric-api-lookup-api-v1, fabric-biome-api-v1, fabric-block-api-v1, fabric-block-view-api-v2, fabric-blockrenderlayer-v1, fabric-client-tags-api-v1, fabric-command-api-v1, fabric-command-api-v2, fabric-commands-v0, fabric-content-registries-v0, fabric-convention-tags-v1, fabric-convention-tags-v2, fabric-crash-report-info-v1, fabric-data-attachment-api-v1, fabric-data-generation-api-v1, fabric-dimensions-v1, fabric-entity-events-v1, fabric-events-interaction-v0, fabric-game-rule-api-v1, fabric-gametest-api-v1, fabric-item-api-v1, fabric-item-group-api-v1, fabric-key-binding-api-v1, fabric-keybindings-v0, fabric-lifecycle-events-v1, fabric-loot-api-v2, fabric-loot-api-v3, fabric-message-api-v1, fabric-model-loading-api-v1, fabric-networking-api-v1, fabric-object-builder-api-v1, fabric-particles-v1, fabric-recipe-api-v1, fabric-registry-sync-v0, fabric-renderer-api-v1, fabric-renderer-indigo, fabric-rendering-data-attachment-v1, fabric-rendering-fluids-v1, fabric-rendering-v0, fabric-rendering-v1, fabric-resource-conditions-api-v1, fabric-resource-loader-v0, fabric-screen-api-v1, fabric-screen-handler-api-v1, fabric-sound-api-v1, fabric-tag-api-v1, fabric-transfer-api-v1, fabric-transitive-access-wideners-v1, fabricloader
[m[34m[04:42:26][m [32m[Worker-Main-9/INFO][m [36m(Minecraft)[m [0mFound unifont_jp_patch-15.1.05.hex, loading
[m[34m[04:42:26][m [32m[Worker-Main-14/INFO][m [36m(Minecraft)[m [0mFound unifont_all_no_pua-15.1.05.hex, loading
[m[34m[04:42:26][m [32m[Render thread/INFO][m [36m(aibot)[m [0mAIBot real-client auto-join watcher screen=net.minecraft.client.gui.screen.MessageScreen
[m[34m[04:42:28][m [33m[Render thread/WARN][m [36m(Minecraft)[m [0mMissing sound for event: minecraft:block.spawner.fall
[m[34m[04:42:28][m [32m[Render thread/INFO][m [36m(Minecraft)[m [0mOpenAL initialized on device OpenAL Soft on æ‰¬å£°å™¨ (Steam Streaming Speakers)
[m[34m[04:42:28][m [32m[Render thread/INFO][m [36m(Minecraft)[m [0mSound engine started
[m[34m[04:42:28][m [32m[Render thread/INFO][m [36m(Minecraft)[m [0mCreated: 1024x512x4 minecraft:textures/atlas/blocks.png-atlas
[m[34m[04:42:28][m [32m[Render thread/INFO][m [36m(Minecraft)[m [0mCreated: 256x256x4 minecraft:textures/atlas/signs.png-atlas
[m[34m[04:42:28][m [32m[Render thread/INFO][m [36m(Minecraft)[m [0mCreated: 512x512x4 minecraft:textures/atlas/shield_patterns.png-atlas
[m[34m[04:42:28][m [32m[Render thread/INFO][m [36m(Minecraft)[m [0mCreated: 512x512x4 minecraft:textures/atlas/banner_patterns.png-atlas
[m[34m[04:42:28][m [32m[Render thread/INFO][m [36m(Minecraft)[m [0mCreated: 1024x1024x4 minecraft:textures/atlas/armor_trims.png-atlas
[m[34m[04:42:28][m [32m[Render thread/INFO][m [36m(Minecraft)[m [0mCreated: 128x64x4 minecraft:textures/atlas/decorated_pot.png-atlas
[m[34m[04:42:28][m [32m[Render thread/INFO][m [36m(Minecraft)[m [0mCreated: 256x256x4 minecraft:textures/atlas/chest.png-atlas
[m[34m[04:42:28][m [32m[Render thread/INFO][m [36m(Minecraft)[m [0mCreated: 512x256x4 minecraft:textures/atlas/shulker_boxes.png-atlas
[m[34m[04:42:28][m [32m[Render thread/INFO][m [36m(Minecraft)[m [0mCreated: 512x256x4 minecraft:textures/atlas/beds.png-atlas
[m[34m[04:42:28][m [32m[Render thread/INFO][m [36m(Minecraft)[m [0mCreated: 64x64x0 minecraft:textures/atlas/map_decorations.png-atlas
[m[34m[04:42:29][m [32m[Render thread/INFO][m [36m(Minecraft)[m [0mCreated: 512x256x0 minecraft:textures/atlas/particles.png-atlas
[m[34m[04:42:29][m [32m[Render thread/INFO][m [36m(Minecraft)[m [0mCreated: 512x256x0 minecraft:textures/atlas/paintings.png-atlas
[m[34m[04:42:29][m [32m[Render thread/INFO][m [36m(Minecraft)[m [0mCreated: 256x128x0 minecraft:textures/atlas/mob_effects.png-atlas
[m[34m[04:42:29][m [32m[Render thread/INFO][m [36m(Minecraft)[m [0mCreated: 1024x512x0 minecraft:textures/atlas/gui.png-atlas
[m[34m[04:42:29][m [32m[Render thread/INFO][m [36m(Minecraft)[m [0mConnecting to 127.0.0.1, 25599
[m[34m[04:42:29][m [32m[Render thread/INFO][m [36m(aibot)[m [0mAIBot real-client auto-join watcher screen=net.minecraft.client.gui.screen.multiplayer.ConnectScreen
[m[34m[04:42:33][m [32m[Render thread/INFO][m [36m(Minecraft)[m [0mLoaded 12 advancements
[m[34m[04:42:37][m [32m[Render thread/INFO][m [36m(aibot)[m [0mAIBot real-client heartbeat diag crosshair_present=true target=BLOCK:Mutable{x=0, y=-59, z=10}
[m[34m[04:42:47][m [32m[Render thread/INFO][m [36m(aibot)[m [0mAIBot real-client heartbeat diag crosshair_present=true target=BLOCK:Mutable{x=0, y=-59, z=10}
[m[34m[04:42:51][m [32m[Render thread/INFO][m [36m(Minecraft)[m [0m[System] [CHAT] Bob fue asesinado/a por Zombi
[m[34m[04:42:51][m [32m[Render thread/INFO][m [36m(Minecraft)[m [0mLoaded 48 advancements
[m[34m[04:42:57][m [32m[Render thread/INFO][m [36m(aibot)[m [0mAIBot real-client heartbeat diag crosshair_present=true target=BLOCK:Mutable{x=0, y=-59, z=10}
[m[34m[04:43:07][m [32m[Render thread/INFO][m [36m(aibot)[m [0mAIBot real-client heartbeat diag crosshair_present=true target=BLOCK:Mutable{x=0, y=-59, z=10}
[m[34m[04:43:17][m [32m[Render thread/INFO][m [36m(aibot)[m [0mAIBot real-client heartbeat diag crosshair_present=true target=BLOCK:Mutable{x=0, y=-59, z=10}
[m[34m[04:43:27][m [32m[Render thread/INFO][m [36m(aibot)[m [0mAIBot real-client heartbeat diag crosshair_present=true target=BLOCK:Mutable{x=0, y=-59, z=10}
[m[34m[04:43:37][m [32m[Render thread/INFO][m [36m(aibot)[m [0mAIBot real-client heartbeat diag crosshair_present=true target=BLOCK:Mutable{x=0, y=-59, z=10}
[m[34m[04:43:47][m [32m[Render thread/INFO][m [36m(aibot)[m [0mAIBot real-client heartbeat diag crosshair_present=true target=BLOCK:Mutable{x=0, y=-59, z=10}
[m[34m[04:43:57][m [32m[Render thread/INFO][m [36m(aibot)[m [0mAIBot real-client heartbeat diag crosshair_present=true target=BLOCK:Mutable{x=0, y=-59, z=10}
[m[34m[04:44:07][m [32m[Render thread/INFO][m [36m(aibot)[m [0mAIBot real-client heartbeat diag crosshair_present=true target=BLOCK:Mutable{x=0, y=-59, z=10}
[m[34m[04:44:17][m [32m[Render thread/INFO][m [36m(aibot)[m [0mAIBot real-client heartbeat diag crosshair_present=true target=BLOCK:Mutable{x=0, y=-59, z=10}
[m[34m[04:44:27][m [32m[Render thread/INFO][m [36m(aibot)[m [0mAIBot real-client heartbeat diag crosshair_present=true target=BLOCK:Mutable{x=0, y=-59, z=10}
[m[34m[04:44:37][m [32m[Render thread/INFO][m [36m(aibot)[m [0mAIBot real-client heartbeat diag crosshair_present=true target=BLOCK:Mutable{x=0, y=-59, z=10}
[m[34m[04:44:47][m [32m[Render thread/INFO][m [36m(aibot)[m [0mAIBot real-client heartbeat diag crosshair_present=true target=BLOCK:Mutable{x=0, y=-59, z=10}
[m[34m[04:44:57][m [32m[Render thread/INFO][m [36m(aibot)[m [0mAIBot real-client heartbeat diag crosshair_present=true target=BLOCK:Mutable{x=0, y=-59, z=10}
[m[34m[04:45:07][m [32m[Render thread/INFO][m [36m(aibot)[m [0mAIBot real-client heartbeat diag crosshair_present=true target=BLOCK:Mutable{x=0, y=-59, z=10}
[m[34m[04:45:17][m [32m[Render thread/INFO][m [36m(aibot)[m [0mAIBot real-client heartbeat diag crosshair_present=true target=BLOCK:Mutable{x=0, y=-59, z=10}
[m[34m[04:45:27][m [32m[Render thread/INFO][m [36m(aibot)[m [0mAIBot real-client heartbeat diag crosshair_present=true target=BLOCK:Mutable{x=0, y=-59, z=10}
[m[34m[04:45:37][m [32m[Render thread/INFO][m [36m(aibot)[m [0mAIBot real-client heartbeat diag crosshair_present=true target=BLOCK:Mutable{x=0, y=-59, z=10}
[m[34m[04:45:47][m [32m[Render thread/INFO][m [36m(aibot)[m [0mAIBot real-client heartbeat diag crosshair_present=true target=BLOCK:Mutable{x=0, y=-59, z=10}
[m[34m[04:45:57][m [32m[Render thread/INFO][m [36m(aibot)[m [0mAIBot real-client heartbeat diag crosshair_present=true target=BLOCK:Mutable{x=0, y=-59, z=10}
[m[34m[04:46:07][m [32m[Render thread/INFO][m [36m(aibot)[m [0mAIBot real-client heartbeat diag crosshair_present=true target=BLOCK:Mutable{x=0, y=-59, z=10}
[m[34m[04:46:17][m [32m[Render thread/INFO][m [36m(aibot)[m [0mAIBot real-client heartbeat diag crosshair_present=true target=BLOCK:Mutable{x=0, y=-59, z=10}
[m[34m[04:46:18][m [32m[Render thread/INFO][m [36m(Minecraft)[m [0m[System] [CHAT] [Rcon] YES
[m[34m[04:46:27][m [32m[Render thread/INFO][m [36m(aibot)[m [0mAIBot real-client heartbeat diag crosshair_present=true target=BLOCK:Mutable{x=0, y=-59, z=10}
[m[34m[04:46:37][m [32m[Render thread/INFO][m [36m(aibot)[m [0mAIBot real-client heartbeat diag crosshair_present=true target=BLOCK:Mutable{x=0, y=-59, z=10}
[m[34m[04:46:47][m [32m[Render thread/INFO][m [36m(aibot)[m [0mAIBot real-client heartbeat diag crosshair_present=true target=BLOCK:Mutable{x=0, y=-59, z=10}
[m[34m[04:46:57][m [32m[Render thread/INFO][m [36m(aibot)[m [0mAIBot real-client heartbeat diag crosshair_present=true target=BLOCK:Mutable{x=0, y=-59, z=10}
[m[34m[04:47:07][m [32m[Render thread/INFO][m [36m(aibot)[m [0mAIBot real-client heartbeat diag crosshair_present=true target=BLOCK:Mutable{x=0, y=-59, z=10}
[m[34m[04:47:17][m [32m[Render thread/INFO][m [36m(aibot)[m [0mAIBot real-client heartbeat diag crosshair_present=true target=BLOCK:Mutable{x=0, y=-59, z=10}
[m[34m[04:47:27][m [32m[Render thread/INFO][m [36m(aibot)[m [0mAIBot real-client heartbeat diag crosshair_present=true target=BLOCK:Mutable{x=0, y=-59, z=10}
[m[34m[04:47:37][m [32m[Render thread/INFO][m [36m(aibot)[m [0mAIBot real-client heartbeat diag crosshair_present=true target=BLOCK:Mutable{x=0, y=-59, z=10}
[m[34m[04:47:40][m [32m[Render thread/INFO][m [36m(Minecraft)[m [0m[System] [CHAT] [Rcon] ORE_HERE
[m[34m[04:47:47][m [32m[Render thread/INFO][m [36m(aibot)[m [0mAIBot real-client heartbeat diag crosshair_present=true target=BLOCK:Mutable{x=0, y=-59, z=10}
[m[34m[04:47:57][m [32m[Render thread/INFO][m [36m(aibot)[m [0mAIBot real-client heartbeat diag crosshair_present=true target=BLOCK:Mutable{x=0, y=-59, z=10}
[m[34m[04:48:07][m [32m[Render thread/INFO][m [36m(aibot)[m [0mAIBot real-client heartbeat diag crosshair_present=true target=BLOCK:Mutable{x=0, y=-59, z=10}
[m[34m[04:48:17][m [32m[Render thread/INFO][m [36m(aibot)[m [0mAIBot real-client heartbeat diag crosshair_present=true target=BLOCK:Mutable{x=0, y=-59, z=10}
[m[34m[04:48:27][m [32m[Render thread/INFO][m [36m(aibot)[m [0mAIBot real-client heartbeat diag crosshair_present=true target=BLOCK:Mutable{x=0, y=-59, z=10}
[m[34m[04:48:37][m [32m[Render thread/INFO][m [36m(aibot)[m [0mAIBot real-client heartbeat diag crosshair_present=true target=BLOCK:Mutable{x=0, y=-59, z=10}
[m[34m[04:48:47][m [32m[Render thread/INFO][m [36m(aibot)[m [0mAIBot real-client heartbeat diag crosshair_present=true target=BLOCK:Mutable{x=0, y=-59, z=10}
[m[34m[04:48:57][m [32m[Render thread/INFO][m [36m(aibot)[m [0mAIBot real-client heartbeat diag crosshair_present=true target=BLOCK:Mutable{x=0, y=-59, z=10}
[m[34m[04:49:07][m [32m[Render thread/INFO][m [36m(aibot)[m [0mAIBot real-client heartbeat diag crosshair_present=true target=BLOCK:Mutable{x=0, y=-59, z=10}
[m[34m[04:49:17][m [32m[Render thread/INFO][m [36m(aibot)[m [0mAIBot real-client heartbeat diag crosshair_present=true target=BLOCK:Mutable{x=0, y=-59, z=10}
[m[34m[04:49:27][m [32m[Render thread/INFO][m [36m(aibot)[m [0mAIBot real-client heartbeat diag crosshair_present=true target=BLOCK:Mutable{x=0, y=-59, z=10}
[m[34m[04:49:37][m [32m[Render thread/INFO][m [36m(aibot)[m [0mAIBot real-client heartbeat diag crosshair_present=true target=BLOCK:Mutable{x=0, y=-59, z=10}
[m[34m[04:49:47][m [32m[Render thread/INFO][m [36m(aibot)[m [0mAIBot real-client heartbeat diag crosshair_present=true target=BLOCK:Mutable{x=0, y=-59, z=10}
[m[34m[04:49:57][m [32m[Render thread/INFO][m [36m(aibot)[m [0mAIBot real-client heartbeat diag crosshair_present=true target=BLOCK:Mutable{x=0, y=-59, z=10}
[m[34m[04:50:07][m [32m[Render thread/INFO][m [36m(aibot)[m [0mAIBot real-client heartbeat diag crosshair_present=true target=BLOCK:Mutable{x=0, y=-59, z=10}
[m[34m[04:50:17][m [32m[Render thread/INFO][m [36m(aibot)[m [0mAIBot real-client heartbeat diag crosshair_present=true target=BLOCK:Mutable{x=0, y=-59, z=10}
[m[34m[04:50:27][m [32m[Render thread/INFO][m [36m(aibot)[m [0mAIBot real-client heartbeat diag crosshair_present=true target=BLOCK:Mutable{x=0, y=-59, z=10}
[m[34m[04:50:37][m [32m[Render thread/INFO][m [36m(aibot)[m [0mAIBot real-client heartbeat diag crosshair_present=true target=BLOCK:Mutable{x=0, y=-59, z=10}
[m[34m[04:50:47][m [32m[Render thread/INFO][m [36m(aibot)[m [0mAIBot real-client heartbeat diag crosshair_present=true target=BLOCK:Mutable{x=0, y=-59, z=10}
[m[34m[04:50:57][m [32m[Render thread/INFO][m [36m(aibot)[m [0mAIBot real-client heartbeat diag crosshair_present=true target=BLOCK:Mutable{x=0, y=-59, z=10}
[m[34m[04:51:07][m [32m[Render thread/INFO][m [36m(aibot)[m [0mAIBot real-client heartbeat diag crosshair_present=true target=BLOCK:Mutable{x=0, y=-59, z=10}
[m[34m[04:51:17][m [32m[Render thread/INFO][m [36m(aibot)[m [0mAIBot real-client heartbeat diag crosshair_present=true target=BLOCK:Mutable{x=0, y=-59, z=10}
[m[34m[04:51:27][m [32m[Render thread/INFO][m [36m(aibot)[m [0mAIBot real-client heartbeat diag crosshair_present=true target=BLOCK:Mutable{x=0, y=-59, z=10}
[m[34m[04:51:37][m [32m[Render thread/INFO][m [36m(aibot)[m [0mAIBot real-client heartbeat diag crosshair_present=true target=BLOCK:Mutable{x=0, y=-59, z=10}
[m[34m[04:51:47][m [32m[Render thread/INFO][m [36m(aibot)[m [0mAIBot real-client heartbeat diag crosshair_present=true target=BLOCK:Mutable{x=0, y=-59, z=10}
[m[34m[04:51:57][m [32m[Render thread/INFO][m [36m(aibot)[m [0mAIBot real-client heartbeat diag crosshair_present=true target=BLOCK:Mutable{x=0, y=-59, z=10}
[m[34m[04:52:07][m [32m[Render thread/INFO][m [36m(aibot)[m [0mAIBot real-client heartbeat diag crosshair_present=true target=BLOCK:Mutable{x=0, y=-59, z=10}
[m[34m[04:52:17][m [32m[Render thread/INFO][m [36m(aibot)[m [0mAIBot real-client heartbeat diag crosshair_present=true target=BLOCK:Mutable{x=0, y=-59, z=10}
[m[34m[04:52:27][m [32m[Render thread/INFO][m [36m(aibot)[m [0mAIBot real-client heartbeat diag crosshair_present=true target=BLOCK:Mutable{x=0, y=-59, z=10}
[m[34m[04:52:37][m [32m[Render thread/INFO][m [36m(aibot)[m [0mAIBot real-client heartbeat diag crosshair_present=true target=BLOCK:Mutable{x=0, y=-59, z=10}
[m[34m[04:52:47][m [32m[Render thread/INFO][m [36m(aibot)[m [0mAIBot real-client heartbeat diag crosshair_present=true target=BLOCK:Mutable{x=0, y=-59, z=10}
[m[34m[04:52:57][m [32m[Render thread/INFO][m [36m(aibot)[m [0mAIBot real-client heartbeat diag crosshair_present=true target=BLOCK:Mutable{x=0, y=-59, z=10}
[m[34m[04:53:07][m [32m[Render thread/INFO][m [36m(aibot)[m [0mAIBot real-client heartbeat diag crosshair_present=true target=BLOCK:Mutable{x=0, y=-59, z=10}
[m[34m[04:53:17][m [32m[Render thread/INFO][m [36m(aibot)[m [0mAIBot real-client heartbeat diag crosshair_present=true target=BLOCK:Mutable{x=0, y=-59, z=10}
[m[34m[04:53:27][m [32m[Render thread/INFO][m [36m(aibot)[m [0mAIBot real-client heartbeat diag crosshair_present=true target=BLOCK:Mutable{x=0, y=-59, z=10}
[m[34m[04:53:37][m [32m[Render thread/INFO][m [36m(aibot)[m [0mAIBot real-client heartbeat diag crosshair_present=true target=BLOCK:Mutable{x=0, y=-59, z=10}
[m[34m[04:53:47][m [32m[Render thread/INFO][m [36m(aibot)[m [0mAIBot real-client heartbeat diag crosshair_present=true target=BLOCK:Mutable{x=0, y=-59, z=10}
[m[34m[04:53:57][m [32m[Render thread/INFO][m [36m(aibot)[m [0mAIBot real-client heartbeat diag crosshair_present=true target=BLOCK:Mutable{x=0, y=-59, z=10}
[m[34m[04:54:07][m [32m[Render thread/INFO][m [36m(aibot)[m [0mAIBot real-client heartbeat diag crosshair_present=true target=BLOCK:Mutable{x=0, y=-59, z=10}
[m[34m[04:54:17][m [32m[Render thread/INFO][m [36m(aibot)[m [0mAIBot real-client heartbeat diag crosshair_present=true target=BLOCK:Mutable{x=0, y=-59, z=10}
[m[34m[04:54:27][m [32m[Render thread/INFO][m [36m(aibot)[m [0mAIBot real-client heartbeat diag crosshair_present=true target=BLOCK:Mutable{x=0, y=-59, z=10}
[m[34m[04:54:37][m [32m[Render thread/INFO][m [36m(aibot)[m [0mAIBot real-client heartbeat diag crosshair_present=true target=BLOCK:Mutable{x=0, y=-59, z=10}
[m
=== real-client launch 2026-09-12T20:54:43Z ===
[34m[04:54:45][m [32m[main/INFO][m [36m(FabricLoader/GameProvider)[m [0mLoading Minecraft 1.21.3 with Fabric Loader 0.18.4
[m[34m[04:54:45][m [32m[main/INFO][m [36m(FabricLoader)[m [0mLoading 55 mods:
	- aibot 0.0.1
	- fabric-api 0.114.1+1.21.3
	- fabric-api-base 0.4.50+119c825640
	- fabric-api-lookup-api-v1 1.6.81+fd37071f40
	- fabric-biome-api-v1 14.0.7+add2a48640
	- fabric-block-api-v1 1.0.28+fd37071f40
	- fabric-block-view-api-v2 1.0.16+fd37071f40
	- fabric-blockrenderlayer-v1 2.0.4+fd37071f40
	- fabric-client-tags-api-v1 1.1.25+a730659c40
	- fabric-command-api-v1 1.2.58+f71b366f40
	- fabric-command-api-v2 2.2.37+c9d82ab240
	- fabric-commands-v0 0.2.75+df3654b340
	- fabric-content-registries-v0 9.1.8+fd37071f40
	- fabric-convention-tags-v1 2.1.4+7f945d5b40
	- fabric-convention-tags-v2 2.9.4+129f0c1f40
	- fabric-crash-report-info-v1 0.3.3+fd37071f40
	- fabric-data-attachment-api-v1 1.4.0+dbad41f140
	- fabric-data-generation-api-v1 21.1.2+a730659c40
	- fabric-dimensions-v1 4.0.7+fd37071f40
	- fabric-entity-events-v1 2.0.8+825023f840
	- fabric-events-interaction-v0 2.0.12+c2c3ac4740
	- fabric-game-rule-api-v1 1.0.59+fd37071f40
	- fabric-gametest-api-v1 2.0.15+fd37071f40
	- fabric-item-api-v1 11.1.7+fd37071f40
	- fabric-item-group-api-v1 4.1.17+fd37071f40
	- fabric-key-binding-api-v1 1.0.53+fd37071f40
	- fabric-keybindings-v0 0.2.51+df3654b340
	- fabric-lifecycle-events-v1 2.5.1+6da5ef6940
	- fabric-loot-api-v2 3.0.26+3f89f5a540
	- fabric-loot-api-v3 1.0.14+fd37071f40
	- fabric-message-api-v1 6.0.22+5a9b22c640
	- fabric-model-loading-api-v1 3.0.9+fd37071f40
	- fabric-networking-api-v1 4.3.5+fd37071f40
	- fabric-object-builder-api-v1 17.0.9+fd37071f40
	- fabric-particles-v1 4.0.10+fd37071f40
	- fabric-recipe-api-v1 7.0.5+8ea69ff840
	- fabric-registry-sync-v0 5.4.1+3f3c499540
	- fabric-renderer-api-v1 4.0.5+fd37071f40
	- fabric-renderer-indigo 1.9.5+fd37071f40
	- fabric-rendering-data-attachment-v1 0.3.54+73761d2e40
	- fabric-rendering-fluids-v1 3.1.15+fd37071f40
	- fabric-rendering-v0 1.1.84+df3654b340
	- fabric-rendering-v1 8.0.8+6922831640
	- fabric-resource-conditions-api-v1 5.0.8+fd37071f40
	- fabric-resource-loader-v0 3.0.6+fd37071f40
	- fabric-screen-api-v1 2.0.34+fd37071f40
	- fabric-screen-handler-api-v1 1.3.103+fd37071f40
	- fabric-sound-api-v1 1.0.29+fd37071f40
	- fabric-tag-api-v1 1.0.0+a730659c40
	- fabric-transfer-api-v1 5.4.3+cb44d14340
	- fabric-transitive-access-wideners-v1 6.2.0+54a41b1c40
	- fabricloader 0.18.4
	- java 21
	- minecraft 1.21.3
	- mixinextras 0.5.0
[m[34m[04:54:45][m [32m[main/INFO][m [36m(FabricLoader/Mixin)[m [0mSpongePowered MIXIN Subsystem Version=0.8.7 Source=file:/C:/Users/15027/.gradle/caches/modules-2/files-2.1/net.fabricmc/sponge-mixin/0.17.0+mixin.0.8.7/cf31463202f72d03b0ef1e1e38e8ee71b7faaab6/sponge-mixin-0.17.0+mixin.0.8.7.jar Service=Knot/Fabric Env=CLIENT
[m[34m[04:54:45][m [32m[main/INFO][m [36m(FabricLoader/Mixin)[m [0mLoaded Fabric development mappings for mixin remapper!
[m[34m[04:54:45][m [32m[main/INFO][m [36m(FabricLoader/Mixin)[m [0mCompatibility level set to JAVA_21
[m[34m[04:54:47][m [32m[main/INFO][m [36m(FabricLoader/MixinExtras|Service)[m [0mInitializing MixinExtras via com.llamalad7.mixinextras.service.MixinExtrasServiceImpl(version=0.5.0).
[m[34m[04:54:48][m [32m[Datafixer Bootstrap/INFO][m [36m(Minecraft)[m [0m237 Datafixer optimizations took 409 milliseconds
[m[34m[04:54:55][m [32m[Render thread/INFO][m [36m(Minecraft)[m [0mEnvironment: Environment[sessionHost=https://sessionserver.mojang.com, servicesHost=https://api.minecraftservices.com, name=PROD]
[m[34m[04:54:55][m [32m[Render thread/INFO][m [36m(Minecraft)[m [0mSetting user: Bob
[m[34m[04:54:56][m [32m[Render thread/INFO][m [36m(aibot)[m [0m[AIBot] CONFIG event=operating_profile_resolved bot=- {source=FILE_OR_DEFAULT, configured_forced_pickup=true, configured_hidden_block_scan=true, configured_emergency_teleport=true, effective_capabilities=[], configured_manual_teleport=true, profile=strict_survival}
[m[34m[04:54:56][m [33m[Render thread/WARN][m [36m(aibot)[m [0m[AIBot] CONFIG event=deepseek_key_missing bot=- {}
[m[34m[04:54:56][m [32m[Render thread/INFO][m [36m(aibot)[m [0m[AIBot] LIFECYCLE event=mod_loaded bot=- {version=0.0.1}
[m[34m[04:54:56][m [32m[Render thread/INFO][m [36m(aibot)[m [0m[AIBot] CONFIG event=config_loaded bot=- {nav_lookahead=4, logging_enabled=true, configured_operator_capabilities=OperatorCapabilities[hiddenBlockScan=true, emergencyTeleport=true, forcedPickup=true, manualTeleport=true], deepseek_model=deepseek-v4-flash, effective_capabilities=[], perception_radius=16, pickup_force_radius=2.75, profile=strict_survival}
[m[34m[04:54:56][m [32m[Render thread/INFO][m [36m(aibot)[m [0m================================
[m[34m[04:54:56][m [32m[Render thread/INFO][m [36m(aibot)[m [0m  AIBot v0.0.1 loaded
[m[34m[04:54:56][m [32m[Render thread/INFO][m [36m(aibot)[m [0m  Mode: M6 structured logs over M5 tasks
[m[34m[04:54:56][m [32m[Render thread/INFO][m [36m(aibot)[m [0m================================
[m[34m[04:54:56][m [32m[aibot-real-client-connector/INFO][m [36m(aibot)[m [0mAIBot real-client control connected body_id=bob session=938258f5-447f-45ed-bd23-eaadecdafa71
[m[34m[04:54:56][m [32m[Render thread/INFO][m [36m(aibot)[m [0mAIBot real-client runtime enabled body_id=bob player=Bob control=127.0.0.1:8766 auto_join=127.0.0.1:25599
[m[34m[04:54:56][m [32m[Render thread/INFO][m [36m(Indigo)[m [0m[Indigo] Registering Indigo renderer!
[m[34m[04:54:57][m [32m[Render thread/INFO][m [36m(Minecraft)[m [0mBackend library: LWJGL version 3.3.3-snapshot
[m[34m[04:54:59][m [32m[Render thread/INFO][m [36m(Minecraft)[m [0mReloading ResourceManager: vanilla, fabric, aibot, fabric-api, fabric-api-base, fabric-api-lookup-api-v1, fabric-biome-api-v1, fabric-block-api-v1, fabric-block-view-api-v2, fabric-blockrenderlayer-v1, fabric-client-tags-api-v1, fabric-command-api-v1, fabric-command-api-v2, fabric-commands-v0, fabric-content-registries-v0, fabric-convention-tags-v1, fabric-convention-tags-v2, fabric-crash-report-info-v1, fabric-data-attachment-api-v1, fabric-data-generation-api-v1, fabric-dimensions-v1, fabric-entity-events-v1, fabric-events-interaction-v0, fabric-game-rule-api-v1, fabric-gametest-api-v1, fabric-item-api-v1, fabric-item-group-api-v1, fabric-key-binding-api-v1, fabric-keybindings-v0, fabric-lifecycle-events-v1, fabric-loot-api-v2, fabric-loot-api-v3, fabric-message-api-v1, fabric-model-loading-api-v1, fabric-networking-api-v1, fabric-object-builder-api-v1, fabric-particles-v1, fabric-recipe-api-v1, fabric-registry-sync-v0, fabric-renderer-api-v1, fabric-renderer-indigo, fabric-rendering-data-attachment-v1, fabric-rendering-fluids-v1, fabric-rendering-v0, fabric-rendering-v1, fabric-resource-conditions-api-v1, fabric-resource-loader-v0, fabric-screen-api-v1, fabric-screen-handler-api-v1, fabric-sound-api-v1, fabric-tag-api-v1, fabric-transfer-api-v1, fabric-transitive-access-wideners-v1, fabricloader
[m[34m[04:54:59][m [32m[Worker-Main-13/INFO][m [36m(Minecraft)[m [0mFound unifont_all_no_pua-15.1.05.hex, loading
[m[34m[04:54:59][m [32m[Worker-Main-11/INFO][m [36m(Minecraft)[m [0mFound unifont_jp_patch-15.1.05.hex, loading
[m[34m[04:54:59][m [32m[Render thread/INFO][m [36m(aibot)[m [0mAIBot real-client auto-join watcher screen=net.minecraft.client.gui.screen.MessageScreen
[m[34m[04:55:01][m [33m[Render thread/WARN][m [36m(Minecraft)[m [0mMissing sound for event: minecraft:block.spawner.fall
[m[34m[04:55:01][m [32m[Render thread/INFO][m [36m(Minecraft)[m [0mOpenAL initialized on device OpenAL Soft on æ‰¬å£°å™¨ (Steam Streaming Speakers)
[m[34m[04:55:01][m [32m[Render thread/INFO][m [36m(Minecraft)[m [0mSound engine started
[m[34m[04:55:01][m [32m[Render thread/INFO][m [36m(Minecraft)[m [0mCreated: 1024x512x4 minecraft:textures/atlas/blocks.png-atlas
[m[34m[04:55:01][m [32m[Render thread/INFO][m [36m(Minecraft)[m [0mCreated: 256x256x4 minecraft:textures/atlas/signs.png-atlas
[m[34m[04:55:01][m [32m[Render thread/INFO][m [36m(Minecraft)[m [0mCreated: 512x512x4 minecraft:textures/atlas/banner_patterns.png-atlas
[m[34m[04:55:01][m [32m[Render thread/INFO][m [36m(Minecraft)[m [0mCreated: 512x512x4 minecraft:textures/atlas/shield_patterns.png-atlas
[m[34m[04:55:01][m [32m[Render thread/INFO][m [36m(Minecraft)[m [0mCreated: 1024x1024x4 minecraft:textures/atlas/armor_trims.png-atlas
[m[34m[04:55:01][m [32m[Render thread/INFO][m [36m(Minecraft)[m [0mCreated: 256x256x4 minecraft:textures/atlas/chest.png-atlas
[m[34m[04:55:01][m [32m[Render thread/INFO][m [36m(Minecraft)[m [0mCreated: 128x64x4 minecraft:textures/atlas/decorated_pot.png-atlas
[m[34m[04:55:01][m [32m[Render thread/INFO][m [36m(Minecraft)[m [0mCreated: 512x256x4 minecraft:textures/atlas/beds.png-atlas
[m[34m[04:55:01][m [32m[Render thread/INFO][m [36m(Minecraft)[m [0mCreated: 512x256x4 minecraft:textures/atlas/shulker_boxes.png-atlas
[m[34m[04:55:01][m [32m[Render thread/INFO][m [36m(Minecraft)[m [0mCreated: 64x64x0 minecraft:textures/atlas/map_decorations.png-atlas
[m[34m[04:55:01][m [32m[Render thread/INFO][m [36m(Minecraft)[m [0mCreated: 512x256x0 minecraft:textures/atlas/particles.png-atlas
[m[34m[04:55:01][m [32m[Render thread/INFO][m [36m(Minecraft)[m [0mCreated: 512x256x0 minecraft:textures/atlas/paintings.png-atlas
[m[34m[04:55:01][m [32m[Render thread/INFO][m [36m(Minecraft)[m [0mCreated: 256x128x0 minecraft:textures/atlas/mob_effects.png-atlas
[m[34m[04:55:01][m [32m[Render thread/INFO][m [36m(Minecraft)[m [0mCreated: 1024x512x0 minecraft:textures/atlas/gui.png-atlas
[m[34m[04:55:01][m [32m[Render thread/INFO][m [36m(Minecraft)[m [0mConnecting to 127.0.0.1, 25599
[m[34m[04:55:01][m [32m[Render thread/INFO][m [36m(aibot)[m [0mAIBot real-client auto-join watcher screen=net.minecraft.client.gui.screen.multiplayer.ConnectScreen
[m[34m[04:55:04][m [32m[Render thread/INFO][m [36m(Minecraft)[m [0mLoaded 48 advancements
[m[34m[04:55:10][m [32m[Render thread/INFO][m [36m(aibot)[m [0mAIBot real-client heartbeat diag crosshair_present=false target=MISS:BlockPos{x=4, y=-59, z=10}
[m[34m[04:55:20][m [32m[Render thread/INFO][m [36m(aibot)[m [0mAIBot real-client heartbeat diag crosshair_present=false target=MISS:BlockPos{x=4, y=-59, z=10}
[m[34m[04:55:30][m [32m[Render thread/INFO][m [36m(aibot)[m [0mAIBot real-client heartbeat diag crosshair_present=false target=MISS:BlockPos{x=4, y=-59, z=10}
[m[34m[04:55:40][m [32m[Render thread/INFO][m [36m(aibot)[m [0mAIBot real-client heartbeat diag crosshair_present=false target=MISS:BlockPos{x=4, y=-59, z=10}
[m[34m[04:55:50][m [32m[Render thread/INFO][m [36m(aibot)[m [0mAIBot real-client heartbeat diag crosshair_present=false target=MISS:BlockPos{x=4, y=-59, z=10}
[m[34m[04:56:00][m [32m[Render thread/INFO][m [36m(aibot)[m [0mAIBot real-client heartbeat diag crosshair_present=false target=MISS:BlockPos{x=4, y=-59, z=10}
[m[34m[04:56:10][m [32m[Render thread/INFO][m [36m(aibot)[m [0mAIBot real-client heartbeat diag crosshair_present=false target=MISS:BlockPos{x=4, y=-59, z=10}
[m[34m[04:56:20][m [32m[Render thread/INFO][m [36m(aibot)[m [0mAIBot real-client heartbeat diag crosshair_present=false target=MISS:BlockPos{x=4, y=-59, z=10}
[m[34m[04:56:30][m [32m[Render thread/INFO][m [36m(aibot)[m [0mAIBot real-client heartbeat diag crosshair_present=false target=MISS:BlockPos{x=4, y=-59, z=10}
[m[34m[04:56:40][m [32m[Render thread/INFO][m [36m(aibot)[m [0mAIBot real-client heartbeat diag crosshair_present=false target=MISS:BlockPos{x=4, y=-59, z=10}
[m[34m[04:56:50][m [32m[Render thread/INFO][m [36m(aibot)[m [0mAIBot real-client heartbeat diag crosshair_present=false target=MISS:BlockPos{x=4, y=-59, z=10}
[m[34m[04:57:00][m [32m[Render thread/INFO][m [36m(aibot)[m [0mAIBot real-client heartbeat diag crosshair_present=false target=MISS:BlockPos{x=4, y=-59, z=10}
[m[34m[04:57:10][m [32m[Render thread/INFO][m [36m(aibot)[m [0mAIBot real-client heartbeat diag crosshair_present=false target=MISS:BlockPos{x=4, y=-59, z=10}
[m[34m[04:57:20][m [32m[Render thread/INFO][m [36m(aibot)[m [0mAIBot real-client heartbeat diag crosshair_present=false target=MISS:BlockPos{x=4, y=-59, z=10}
[m[34m[04:57:30][m [32m[Render thread/INFO][m [36m(aibot)[m [0mAIBot real-client heartbeat diag crosshair_present=false target=MISS:BlockPos{x=4, y=-59, z=10}
[m[34m[04:57:40][m [32m[Render thread/INFO][m [36m(aibot)[m [0mAIBot real-client heartbeat diag crosshair_present=false target=MISS:BlockPos{x=4, y=-59, z=10}
[m[34m[04:57:50][m [32m[Render thread/INFO][m [36m(aibot)[m [0mAIBot real-client heartbeat diag crosshair_present=false target=MISS:BlockPos{x=4, y=-59, z=10}
[m[34m[04:58:00][m [32m[Render thread/INFO][m [36m(aibot)[m [0mAIBot real-client heartbeat diag crosshair_present=false target=MISS:BlockPos{x=4, y=-59, z=10}
[m[34m[04:58:02][m [33m[aibot-real-client-connector/WARN][m [36m(aibot)[m [0mreal-client control connect/read failed: java.net.SocketException: Connection reset
[m[34m[04:58:02][m [31m[Netty Client IO #0/ERROR][m [36m(Minecraft)[m [31mNegative index in crash report handler (13/21)
[m[34m[04:58:02][m [33m[Render thread/WARN][m [36m(Minecraft)[m [0mClient disconnected with reason: Internal Exception: java.net.SocketException: Connection reset
[m[34m[04:58:02][m [32m[Render thread/INFO][m [36m(aibot)[m [0mAIBot real-client auto-join watcher screen=net.minecraft.client.gui.screen.DisconnectedScreen
[m[34m[04:58:02][m [32m[Render thread/INFO][m [36m(aibot)[m [0mAIBot real-client auto-join 127.0.0.1:25599 (attempt 1)
[m[34m[04:58:02][m [32m[Render thread/INFO][m [36m(Minecraft)[m [0mConnecting to 127.0.0.1, 25599
[m[34m[04:58:02][m [31m[Server Connector #2/ERROR][m [36m(Minecraft)[m [31mCouldn't connect to server
[m io.netty.channel.AbstractChannel$AnnotatedConnectException: Connection refused: getsockopt: kubernetes.docker.internal/127.0.0.1:25599
Caused by: java.net.ConnectException: Connection refused: getsockopt
	at java.base/sun.nio.ch.Net.pollConnect(Native Method) ~[?:?]
	at java.base/sun.nio.ch.Net.pollConnectNow(Net.java:694) ~[?:?]
	at java.base/sun.nio.ch.SocketChannelImpl.finishConnect(SocketChannelImpl.java:973) ~[?:?]
	at knot/io.netty.channel.socket.nio.NioSocketChannel.doFinishConnect(NioSocketChannel.java:337) ~[netty-transport-4.1.97.Final.jar:?]
	at knot/io.netty.channel.nio.AbstractNioChannel$AbstractNioUnsafe.finishConnect(AbstractNioChannel.java:334) ~[netty-transport-4.1.97.Final.jar:?]
	at knot/io.netty.channel.nio.NioEventLoop.processSelectedKey(NioEventLoop.java:776) ~[netty-transport-4.1.97.Final.jar:?]
	at knot/io.netty.channel.nio.NioEventLoop.processSelectedKeysOptimized(NioEventLoop.java:724) ~[netty-transport-4.1.97.Final.jar:?]
	at knot/io.netty.channel.nio.NioEventLoop.processSelectedKeys(NioEventLoop.java:650) ~[netty-transport-4.1.97.Final.jar:?]
	at knot/io.netty.channel.nio.NioEventLoop.run(NioEventLoop.java:562) ~[netty-transport-4.1.97.Final.jar:?]
	at knot/io.netty.util.concurrent.SingleThreadEventExecutor$4.run(SingleThreadEventExecutor.java:997) ~[netty-common-4.1.97.Final.jar:?]
	at knot/io.netty.util.internal.ThreadExecutorMap$2.run(ThreadExecutorMap.java:74) ~[netty-common-4.1.97.Final.jar:?]
	at java.base/java.lang.Thread.run(Thread.java:1583) ~[?:?]
[34m[04:58:03][m [33m[aibot-real-client-connector/WARN][m [36m(aibot)[m [0mreal-client control connect/read failed: java.net.ConnectException: Connection refused: getsockopt
[m[34m[04:58:05][m [33m[aibot-real-client-connector/WARN][m [36m(aibot)[m [0mreal-client control connect/read failed: java.net.ConnectException: Connection refused: getsockopt
[m[34m[04:58:07][m [32m[Render thread/INFO][m [36m(aibot)[m [0mAIBot real-client auto-join 127.0.0.1:25599 (attempt 2)
[m
=== real-client launch 2026-09-12T20:58:08Z ===
[34m[04:58:10][m [32m[main/INFO][m [36m(FabricLoader/GameProvider)[m [0mLoading Minecraft 1.21.3 with Fabric Loader 0.18.4
[m[34m[04:58:10][m [32m[main/INFO][m [36m(FabricLoader)[m [0mLoading 55 mods:
	- aibot 0.0.1
	- fabric-api 0.114.1+1.21.3
	- fabric-api-base 0.4.50+119c825640
	- fabric-api-lookup-api-v1 1.6.81+fd37071f40
	- fabric-biome-api-v1 14.0.7+add2a48640
	- fabric-block-api-v1 1.0.28+fd37071f40
	- fabric-block-view-api-v2 1.0.16+fd37071f40
	- fabric-blockrenderlayer-v1 2.0.4+fd37071f40
	- fabric-client-tags-api-v1 1.1.25+a730659c40
	- fabric-command-api-v1 1.2.58+f71b366f40
	- fabric-command-api-v2 2.2.37+c9d82ab240
	- fabric-commands-v0 0.2.75+df3654b340
	- fabric-content-registries-v0 9.1.8+fd37071f40
	- fabric-convention-tags-v1 2.1.4+7f945d5b40
	- fabric-convention-tags-v2 2.9.4+129f0c1f40
	- fabric-crash-report-info-v1 0.3.3+fd37071f40
	- fabric-data-attachment-api-v1 1.4.0+dbad41f140
	- fabric-data-generation-api-v1 21.1.2+a730659c40
	- fabric-dimensions-v1 4.0.7+fd37071f40
	- fabric-entity-events-v1 2.0.8+825023f840
	- fabric-events-interaction-v0 2.0.12+c2c3ac4740
	- fabric-game-rule-api-v1 1.0.59+fd37071f40
	- fabric-gametest-api-v1 2.0.15+fd37071f40
	- fabric-item-api-v1 11.1.7+fd37071f40
	- fabric-item-group-api-v1 4.1.17+fd37071f40
	- fabric-key-binding-api-v1 1.0.53+fd37071f40
	- fabric-keybindings-v0 0.2.51+df3654b340
	- fabric-lifecycle-events-v1 2.5.1+6da5ef6940
	- fabric-loot-api-v2 3.0.26+3f89f5a540
	- fabric-loot-api-v3 1.0.14+fd37071f40
	- fabric-message-api-v1 6.0.22+5a9b22c640
	- fabric-model-loading-api-v1 3.0.9+fd37071f40
	- fabric-networking-api-v1 4.3.5+fd37071f40
	- fabric-object-builder-api-v1 17.0.9+fd37071f40
	- fabric-particles-v1 4.0.10+fd37071f40
	- fabric-recipe-api-v1 7.0.5+8ea69ff840
	- fabric-registry-sync-v0 5.4.1+3f3c499540
	- fabric-renderer-api-v1 4.0.5+fd37071f40
	- fabric-renderer-indigo 1.9.5+fd37071f40
	- fabric-rendering-data-attachment-v1 0.3.54+73761d2e40
	- fabric-rendering-fluids-v1 3.1.15+fd37071f40
	- fabric-rendering-v0 1.1.84+df3654b340
	- fabric-rendering-v1 8.0.8+6922831640
	- fabric-resource-conditions-api-v1 5.0.8+fd37071f40
	- fabric-resource-loader-v0 3.0.6+fd37071f40
	- fabric-screen-api-v1 2.0.34+fd37071f40
	- fabric-screen-handler-api-v1 1.3.103+fd37071f40
	- fabric-sound-api-v1 1.0.29+fd37071f40
	- fabric-tag-api-v1 1.0.0+a730659c40
	- fabric-transfer-api-v1 5.4.3+cb44d14340
	- fabric-transitive-access-wideners-v1 6.2.0+54a41b1c40
	- fabricloader 0.18.4
	- java 21
	- minecraft 1.21.3
	- mixinextras 0.5.0
[m[34m[04:58:11][m [32m[main/INFO][m [36m(FabricLoader/Mixin)[m [0mSpongePowered MIXIN Subsystem Version=0.8.7 Source=file:/C:/Users/15027/.gradle/caches/modules-2/files-2.1/net.fabricmc/sponge-mixin/0.17.0+mixin.0.8.7/cf31463202f72d03b0ef1e1e38e8ee71b7faaab6/sponge-mixin-0.17.0+mixin.0.8.7.jar Service=Knot/Fabric Env=CLIENT
[m[34m[04:58:11][m [32m[main/INFO][m [36m(FabricLoader/Mixin)[m [0mLoaded Fabric development mappings for mixin remapper!
[m[34m[04:58:11][m [32m[main/INFO][m [36m(FabricLoader/Mixin)[m [0mCompatibility level set to JAVA_21
[m[34m[04:58:12][m [32m[main/INFO][m [36m(FabricLoader/MixinExtras|Service)[m [0mInitializing MixinExtras via com.llamalad7.mixinextras.service.MixinExtrasServiceImpl(version=0.5.0).
[m[34m[04:58:14][m [32m[Datafixer Bootstrap/INFO][m [36m(Minecraft)[m [0m237 Datafixer optimizations took 413 milliseconds
[m[34m[04:58:23][m [32m[Render thread/INFO][m [36m(Minecraft)[m [0mEnvironment: Environment[sessionHost=https://sessionserver.mojang.com, servicesHost=https://api.minecraftservices.com, name=PROD]
[m[34m[04:58:23][m [32m[Render thread/INFO][m [36m(Minecraft)[m [0mSetting user: Bob
[m[34m[04:58:23][m [32m[Render thread/INFO][m [36m(aibot)[m [0m[AIBot] CONFIG event=operating_profile_resolved bot=- {profile=strict_survival, configured_manual_teleport=true, effective_capabilities=[], configured_emergency_teleport=true, configured_hidden_block_scan=true, configured_forced_pickup=true, source=FILE_OR_DEFAULT}
[m[34m[04:58:23][m [33m[Render thread/WARN][m [36m(aibot)[m [0m[AIBot] CONFIG event=deepseek_key_missing bot=- {}
[m[34m[04:58:23][m [32m[Render thread/INFO][m [36m(aibot)[m [0m[AIBot] LIFECYCLE event=mod_loaded bot=- {version=0.0.1}
[m[34m[04:58:23][m [32m[Render thread/INFO][m [36m(aibot)[m [0m[AIBot] CONFIG event=config_loaded bot=- {profile=strict_survival, pickup_force_radius=2.75, perception_radius=16, effective_capabilities=[], deepseek_model=deepseek-v4-flash, configured_operator_capabilities=OperatorCapabilities[hiddenBlockScan=true, emergencyTeleport=true, forcedPickup=true, manualTeleport=true], logging_enabled=true, nav_lookahead=4}
[m[34m[04:58:23][m [32m[Render thread/INFO][m [36m(aibot)[m [0m================================
[m[34m[04:58:23][m [32m[Render thread/INFO][m [36m(aibot)[m [0m  AIBot v0.0.1 loaded
[m[34m[04:58:23][m [32m[Render thread/INFO][m [36m(aibot)[m [0m  Mode: M6 structured logs over M5 tasks
[m[34m[04:58:23][m [32m[Render thread/INFO][m [36m(aibot)[m [0m================================
[m[34m[04:58:24][m [32m[Render thread/INFO][m [36m(Indigo)[m [0m[Indigo] Registering Indigo renderer!
[m[34m[04:58:24][m [33m[aibot-real-client-connector/WARN][m [36m(aibot)[m [0mreal-client control connect/read failed: java.net.ConnectException: Connection refused: getsockopt
[m[34m[04:58:24][m [32m[Render thread/INFO][m [36m(aibot)[m [0mAIBot real-client runtime enabled body_id=bob player=Bob control=127.0.0.1:8766 auto_join=127.0.0.1:25599
[m[34m[04:58:25][m [32m[Render thread/INFO][m [36m(Minecraft)[m [0mBackend library: LWJGL version 3.3.3-snapshot
[m[34m[04:58:25][m [33m[aibot-real-client-connector/WARN][m [36m(aibot)[m [0mreal-client control connect/read failed: java.net.ConnectException: Connection refused: getsockopt
[m[34m[04:58:27][m [33m[aibot-real-client-connector/WARN][m [36m(aibot)[m [0mreal-client control connect/read failed: java.net.ConnectException: Connection refused: getsockopt
[m[34m[04:58:27][m [32m[Render thread/INFO][m [36m(Minecraft)[m [0mReloading ResourceManager: vanilla, fabric, aibot, fabric-api, fabric-api-base, fabric-api-lookup-api-v1, fabric-biome-api-v1, fabric-block-api-v1, fabric-block-view-api-v2, fabric-blockrenderlayer-v1, fabric-client-tags-api-v1, fabric-command-api-v1, fabric-command-api-v2, fabric-commands-v0, fabric-content-registries-v0, fabric-convention-tags-v1, fabric-convention-tags-v2, fabric-crash-report-info-v1, fabric-data-attachment-api-v1, fabric-data-generation-api-v1, fabric-dimensions-v1, fabric-entity-events-v1, fabric-events-interaction-v0, fabric-game-rule-api-v1, fabric-gametest-api-v1, fabric-item-api-v1, fabric-item-group-api-v1, fabric-key-binding-api-v1, fabric-keybindings-v0, fabric-lifecycle-events-v1, fabric-loot-api-v2, fabric-loot-api-v3, fabric-message-api-v1, fabric-model-loading-api-v1, fabric-networking-api-v1, fabric-object-builder-api-v1, fabric-particles-v1, fabric-recipe-api-v1, fabric-registry-sync-v0, fabric-renderer-api-v1, fabric-renderer-indigo, fabric-rendering-data-attachment-v1, fabric-rendering-fluids-v1, fabric-rendering-v0, fabric-rendering-v1, fabric-resource-conditions-api-v1, fabric-resource-loader-v0, fabric-screen-api-v1, fabric-screen-handler-api-v1, fabric-sound-api-v1, fabric-tag-api-v1, fabric-transfer-api-v1, fabric-transitive-access-wideners-v1, fabricloader
[m[34m[04:58:28][m [32m[Worker-Main-4/INFO][m [36m(Minecraft)[m [0mFound unifont_all_no_pua-15.1.05.hex, loading
[m[34m[04:58:28][m [32m[Worker-Main-12/INFO][m [36m(Minecraft)[m [0mFound unifont_jp_patch-15.1.05.hex, loading
[m[34m[04:58:28][m [32m[Render thread/INFO][m [36m(aibot)[m [0mAIBot real-client auto-join watcher screen=net.minecraft.client.gui.screen.MessageScreen
[m[34m[04:58:29][m [33m[Render thread/WARN][m [36m(Minecraft)[m [0mMissing sound for event: minecraft:block.spawner.fall
[m[34m[04:58:29][m [32m[Render thread/INFO][m [36m(Minecraft)[m [0mOpenAL initialized on device OpenAL Soft on æ‰¬å£°å™¨ (Steam Streaming Speakers)
[m[34m[04:58:29][m [32m[Render thread/INFO][m [36m(Minecraft)[m [0mSound engine started
[m[34m[04:58:30][m [32m[Render thread/INFO][m [36m(Minecraft)[m [0mCreated: 1024x512x4 minecraft:textures/atlas/blocks.png-atlas
[m[34m[04:58:30][m [32m[Render thread/INFO][m [36m(Minecraft)[m [0mCreated: 256x256x4 minecraft:textures/atlas/signs.png-atlas
[m[34m[04:58:30][m [32m[Render thread/INFO][m [36m(Minecraft)[m [0mCreated: 512x512x4 minecraft:textures/atlas/shield_patterns.png-atlas
[m[34m[04:58:30][m [32m[Render thread/INFO][m [36m(Minecraft)[m [0mCreated: 512x512x4 minecraft:textures/atlas/banner_patterns.png-atlas
[m[34m[04:58:30][m [32m[Render thread/INFO][m [36m(Minecraft)[m [0mCreated: 1024x1024x4 minecraft:textures/atlas/armor_trims.png-atlas
[m[34m[04:58:30][m [32m[Render thread/INFO][m [36m(Minecraft)[m [0mCreated: 128x64x4 minecraft:textures/atlas/decorated_pot.png-atlas
[m[34m[04:58:30][m [32m[Render thread/INFO][m [36m(Minecraft)[m [0mCreated: 256x256x4 minecraft:textures/atlas/chest.png-atlas
[m[34m[04:58:30][m [32m[Render thread/INFO][m [36m(Minecraft)[m [0mCreated: 512x256x4 minecraft:textures/atlas/shulker_boxes.png-atlas
[m[34m[04:58:30][m [32m[Render thread/INFO][m [36m(Minecraft)[m [0mCreated: 512x256x4 minecraft:textures/atlas/beds.png-atlas
[m[34m[04:58:30][m [32m[Render thread/INFO][m [36m(Minecraft)[m [0mCreated: 64x64x0 minecraft:textures/atlas/map_decorations.png-atlas
[m[34m[04:58:30][m [32m[Render thread/INFO][m [36m(Minecraft)[m [0mCreated: 512x256x0 minecraft:textures/atlas/particles.png-atlas
[m[34m[04:58:30][m [32m[Render thread/INFO][m [36m(Minecraft)[m [0mCreated: 512x256x0 minecraft:textures/atlas/paintings.png-atlas
[m[34m[04:58:30][m [32m[Render thread/INFO][m [36m(Minecraft)[m [0mCreated: 256x128x0 minecraft:textures/atlas/mob_effects.png-atlas
[m[34m[04:58:30][m [32m[Render thread/INFO][m [36m(Minecraft)[m [0mCreated: 1024x512x0 minecraft:textures/atlas/gui.png-atlas
[m[34m[04:58:30][m [32m[Render thread/INFO][m [36m(Minecraft)[m [0mConnecting to 127.0.0.1, 25599
[m[34m[04:58:30][m [32m[Render thread/INFO][m [36m(aibot)[m [0mAIBot real-client auto-join watcher screen=net.minecraft.client.gui.screen.multiplayer.ConnectScreen
[m[34m[04:58:31][m [33m[aibot-real-client-connector/WARN][m [36m(aibot)[m [0mreal-client control connect/read failed: java.net.ConnectException: Connection refused: getsockopt
[m[34m[04:58:32][m [31m[Server Connector #1/ERROR][m [36m(Minecraft)[m [31mCouldn't connect to server
[m io.netty.channel.AbstractChannel$AnnotatedConnectException: Connection refused: getsockopt: kubernetes.docker.internal/127.0.0.1:25599
Caused by: java.net.ConnectException: Connection refused: getsockopt
	at java.base/sun.nio.ch.Net.pollConnect(Native Method) ~[?:?]
	at java.base/sun.nio.ch.Net.pollConnectNow(Net.java:694) ~[?:?]
	at java.base/sun.nio.ch.SocketChannelImpl.finishConnect(SocketChannelImpl.java:973) ~[?:?]
	at knot/io.netty.channel.socket.nio.NioSocketChannel.doFinishConnect(NioSocketChannel.java:337) ~[netty-transport-4.1.97.Final.jar:?]
	at knot/io.netty.channel.nio.AbstractNioChannel$AbstractNioUnsafe.finishConnect(AbstractNioChannel.java:334) ~[netty-transport-4.1.97.Final.jar:?]
	at knot/io.netty.channel.nio.NioEventLoop.processSelectedKey(NioEventLoop.java:776) ~[netty-transport-4.1.97.Final.jar:?]
	at knot/io.netty.channel.nio.NioEventLoop.processSelectedKeysOptimized(NioEventLoop.java:724) ~[netty-transport-4.1.97.Final.jar:?]
	at knot/io.netty.channel.nio.NioEventLoop.processSelectedKeys(NioEventLoop.java:650) ~[netty-transport-4.1.97.Final.jar:?]
	at knot/io.netty.channel.nio.NioEventLoop.run(NioEventLoop.java:562) ~[netty-transport-4.1.97.Final.jar:?]
	at knot/io.netty.util.concurrent.SingleThreadEventExecutor$4.run(SingleThreadEventExecutor.java:997) ~[netty-common-4.1.97.Final.jar:?]
	at knot/io.netty.util.internal.ThreadExecutorMap$2.run(ThreadExecutorMap.java:74) ~[netty-common-4.1.97.Final.jar:?]
	at java.base/java.lang.Thread.run(Thread.java:1583) ~[?:?]
[34m[04:58:32][m [32m[Render thread/INFO][m [36m(aibot)[m [0mAIBot real-client auto-join watcher screen=net.minecraft.client.gui.screen.DisconnectedScreen
[m[34m[04:58:32][m [32m[Render thread/INFO][m [36m(aibot)[m [0mAIBot real-client auto-join 127.0.0.1:25599 (attempt 1)
[m[34m[04:58:32][m [32m[Render thread/INFO][m [36m(Minecraft)[m [0mConnecting to 127.0.0.1, 25599
[m[34m[04:58:32][m [32m[Render thread/INFO][m [36m(aibot)[m [0mAIBot real-client auto-join watcher screen=net.minecraft.client.gui.screen.multiplayer.ConnectScreen
[m[34m[04:58:33][m [32m[Render thread/INFO][m [36m(aibot)[m [0mAIBot real-client auto-join watcher screen=net.minecraft.client.gui.screen.DisconnectedScreen
[m[34m[04:58:37][m [32m[Render thread/INFO][m [36m(aibot)[m [0mAIBot real-client auto-join 127.0.0.1:25599 (attempt 2)
[m[34m[04:58:38][m [32m[Render thread/INFO][m [36m(Minecraft)[m [0mConnecting to 127.0.0.1, 25599
[m[34m[04:58:39][m [32m[aibot-real-client-connector/INFO][m [36m(aibot)[m [0mAIBot real-client control connected body_id=bob session=d3af2c31-8f0d-4ef2-adbe-7278bf62f3cc
[m[34m[04:58:42][m [32m[Render thread/INFO][m [36m(aibot)[m [0mAIBot real-client auto-join 127.0.0.1:25599 (attempt 3)
[m[34m[04:58:43][m [32m[Render thread/INFO][m [36m(Minecraft)[m [0mConnecting to 127.0.0.1, 25599
[m[34m[04:58:47][m [32m[Render thread/INFO][m [36m(aibot)[m [0mAIBot real-client auto-join 127.0.0.1:25599 (attempt 4)
[m[34m[04:58:48][m [32m[Render thread/INFO][m [36m(Minecraft)[m [0mConnecting to 127.0.0.1, 25599
[m[34m[04:58:52][m [32m[Render thread/INFO][m [36m(aibot)[m [0mAIBot real-client auto-join 127.0.0.1:25599 (attempt 5)
[m[34m[04:58:53][m [32m[Render thread/INFO][m [36m(Minecraft)[m [0mConnecting to 127.0.0.1, 25599
[m[34m[04:58:58][m [32m[Render thread/INFO][m [36m(aibot)[m [0mAIBot real-client auto-join 127.0.0.1:25599 (attempt 6)
[m[34m[04:58:58][m [32m[Render thread/INFO][m [36m(Minecraft)[m [0mConnecting to 127.0.0.1, 25599
[m[34m[04:59:03][m [32m[Render thread/INFO][m [36m(aibot)[m [0mAIBot real-client auto-join 127.0.0.1:25599 (attempt 7)
[m[34m[04:59:03][m [32m[Render thread/INFO][m [36m(Minecraft)[m [0mConnecting to 127.0.0.1, 25599
[m[34m[04:59:08][m [32m[Render thread/INFO][m [36m(aibot)[m [0mAIBot real-client auto-join 127.0.0.1:25599 (attempt 8)
[m[34m[04:59:08][m [32m[Render thread/INFO][m [36m(Minecraft)[m [0mConnecting to 127.0.0.1, 25599
[m[34m[04:59:13][m [32m[Render thread/INFO][m [36m(aibot)[m [0mAIBot real-client auto-join 127.0.0.1:25599 (attempt 9)
[m[34m[04:59:13][m [32m[Render thread/INFO][m [36m(Minecraft)[m [0mConnecting to 127.0.0.1, 25599
[m[34m[04:59:18][m [32m[Render thread/INFO][m [36m(aibot)[m [0mAIBot real-client auto-join 127.0.0.1:25599 (attempt 10)
[m[34m[04:59:18][m [32m[Render thread/INFO][m [36m(Minecraft)[m [0mConnecting to 127.0.0.1, 25599
[m[34m[04:59:23][m [32m[Render thread/INFO][m [36m(aibot)[m [0mAIBot real-client auto-join 127.0.0.1:25599 (attempt 11)
[m[34m[04:59:23][m [32m[Render thread/INFO][m [36m(Minecraft)[m [0mConnecting to 127.0.0.1, 25599
[m[34m[04:59:28][m [32m[Render thread/INFO][m [36m(aibot)[m [0mAIBot real-client auto-join 127.0.0.1:25599 (attempt 12)
[m[34m[04:59:28][m [32m[Render thread/INFO][m [36m(Minecraft)[m [0mConnecting to 127.0.0.1, 25599
[m[34m[04:59:33][m [32m[Render thread/INFO][m [36m(aibot)[m [0mAIBot real-client auto-join 127.0.0.1:25599 (attempt 13)
[m[34m[04:59:33][m [32m[Render thread/INFO][m [36m(Minecraft)[m [0mConnecting to 127.0.0.1, 25599
[m[34m[04:59:38][m [32m[Render thread/INFO][m [36m(aibot)[m [0mAIBot real-client auto-join 127.0.0.1:25599 (attempt 14)
[m[34m[04:59:38][m [32m[Render thread/INFO][m [36m(Minecraft)[m [0mConnecting to 127.0.0.1, 25599
[m[34m[04:59:43][m [32m[Render thread/INFO][m [36m(aibot)[m [0mAIBot real-client auto-join 127.0.0.1:25599 (attempt 15)
[m[34m[04:59:43][m [32m[Render thread/INFO][m [36m(Minecraft)[m [0mConnecting to 127.0.0.1, 25599
[m[34m[04:59:48][m [32m[Render thread/INFO][m [36m(aibot)[m [0mAIBot real-client auto-join 127.0.0.1:25599 (attempt 16)
[m[34m[04:59:48][m [32m[Render thread/INFO][m [36m(Minecraft)[m [0mConnecting to 127.0.0.1, 25599
[m[34m[04:59:53][m [32m[Render thread/INFO][m [36m(aibot)[m [0mAIBot real-client auto-join 127.0.0.1:25599 (attempt 17)
[m[34m[04:59:53][m [32m[Render thread/INFO][m [36m(Minecraft)[m [0mConnecting to 127.0.0.1, 25599
[m[34m[04:59:58][m [32m[Render thread/INFO][m [36m(aibot)[m [0mAIBot real-client auto-join 127.0.0.1:25599 (attempt 18)
[m[34m[04:59:58][m [32m[Render thread/INFO][m [36m(Minecraft)[m [0mConnecting to 127.0.0.1, 25599
[m[34m[05:00:03][m [32m[Render thread/INFO][m [36m(aibot)[m [0mAIBot real-client auto-join 127.0.0.1:25599 (attempt 19)
[m[34m[05:00:03][m [32m[Render thread/INFO][m [36m(Minecraft)[m [0mConnecting to 127.0.0.1, 25599
[m[34m[05:00:08][m [32m[Render thread/INFO][m [36m(aibot)[m [0mAIBot real-client auto-join 127.0.0.1:25599 (attempt 20)
[m[34m[05:00:08][m [32m[Render thread/INFO][m [36m(Minecraft)[m [0mConnecting to 127.0.0.1, 25599
[m[34m[05:00:13][m [32m[Render thread/INFO][m [36m(aibot)[m [0mAIBot real-client auto-join 127.0.0.1:25599 (attempt 21)
[m[34m[05:00:13][m [32m[Render thread/INFO][m [36m(Minecraft)[m [0mConnecting to 127.0.0.1, 25599
[m[34m[05:00:18][m [32m[Render thread/INFO][m [36m(aibot)[m [0mAIBot real-client auto-join 127.0.0.1:25599 (attempt 22)
[m[34m[05:00:18][m [32m[Render thread/INFO][m [36m(Minecraft)[m [0mConnecting to 127.0.0.1, 25599
[m[34m[05:00:23][m [32m[Render thread/INFO][m [36m(aibot)[m [0mAIBot real-client auto-join 127.0.0.1:25599 (attempt 23)
[m[34m[05:00:24][m [32m[Render thread/INFO][m [36m(Minecraft)[m [0mConnecting to 127.0.0.1, 25599
[m[34m[05:00:28][m [32m[Render thread/INFO][m [36m(aibot)[m [0mAIBot real-client auto-join 127.0.0.1:25599 (attempt 24)
[m[34m[05:00:29][m [32m[Render thread/INFO][m [36m(Minecraft)[m [0mConnecting to 127.0.0.1, 25599
[m[34m[05:00:33][m [32m[Render thread/INFO][m [36m(aibot)[m [0mAIBot real-client auto-join 127.0.0.1:25599 (attempt 25)
[m[34m[05:00:34][m [32m[Render thread/INFO][m [36m(Minecraft)[m [0mConnecting to 127.0.0.1, 25599
[m[34m[05:00:38][m [32m[Render thread/INFO][m [36m(aibot)[m [0mAIBot real-client auto-join 127.0.0.1:25599 (attempt 26)
[m[34m[05:00:39][m [32m[Render thread/INFO][m [36m(Minecraft)[m [0mConnecting to 127.0.0.1, 25599
[m[34m[05:00:43][m [32m[Render thread/INFO][m [36m(aibot)[m [0mAIBot real-client auto-join 127.0.0.1:25599 (attempt 27)
[m[34m[05:00:44][m [32m[Render thread/INFO][m [36m(Minecraft)[m [0mConnecting to 127.0.0.1, 25599
[m[34m[05:00:48][m [32m[Render thread/INFO][m [36m(aibot)[m [0mAIBot real-client auto-join 127.0.0.1:25599 (attempt 28)
[m[34m[05:00:49][m [32m[Render thread/INFO][m [36m(Minecraft)[m [0mConnecting to 127.0.0.1, 25599
[m[34m[05:00:53][m [32m[Render thread/INFO][m [36m(aibot)[m [0mAIBot real-client auto-join 127.0.0.1:25599 (attempt 29)
[m[34m[05:00:54][m [32m[Render thread/INFO][m [36m(Minecraft)[m [0mConnecting to 127.0.0.1, 25599
[m[34m[05:00:58][m [32m[Render thread/INFO][m [36m(aibot)[m [0mAIBot real-client auto-join 127.0.0.1:25599 (attempt 30)
[m[34m[05:00:59][m [32m[Render thread/INFO][m [36m(Minecraft)[m [0mConnecting to 127.0.0.1, 25599
[m[34m[05:01:03][m [32m[Render thread/INFO][m [36m(aibot)[m [0mAIBot real-client auto-join 127.0.0.1:25599 (attempt 31)
[m[34m[05:01:04][m [32m[Render thread/INFO][m [36m(Minecraft)[m [0mConnecting to 127.0.0.1, 25599
[m[34m[05:01:08][m [32m[Render thread/INFO][m [36m(aibot)[m [0mAIBot real-client auto-join 127.0.0.1:25599 (attempt 32)
[m[34m[05:01:09][m [32m[Render thread/INFO][m [36m(Minecraft)[m [0mConnecting to 127.0.0.1, 25599
[m[34m[05:01:13][m [32m[Render thread/INFO][m [36m(aibot)[m [0mAIBot real-client auto-join 127.0.0.1:25599 (attempt 33)
[m[34m[05:01:14][m [32m[Render thread/INFO][m [36m(Minecraft)[m [0mConnecting to 127.0.0.1, 25599
[m[34m[05:01:18][m [32m[Render thread/INFO][m [36m(aibot)[m [0mAIBot real-client auto-join 127.0.0.1:25599 (attempt 34)
[m[34m[05:01:19][m [32m[Render thread/INFO][m [36m(Minecraft)[m [0mConnecting to 127.0.0.1, 25599
[m[34m[05:01:23][m [32m[Render thread/INFO][m [36m(aibot)[m [0mAIBot real-client auto-join 127.0.0.1:25599 (attempt 35)
[m[34m[05:01:24][m [32m[Render thread/INFO][m [36m(Minecraft)[m [0mConnecting to 127.0.0.1, 25599
[m[34m[05:01:28][m [32m[Render thread/INFO][m [36m(aibot)[m [0mAIBot real-client auto-join 127.0.0.1:25599 (attempt 36)
[m[34m[05:01:29][m [32m[Render thread/INFO][m [36m(Minecraft)[m [0mConnecting to 127.0.0.1, 25599
[m[34m[05:01:33][m [32m[Render thread/INFO][m [36m(aibot)[m [0mAIBot real-client auto-join 127.0.0.1:25599 (attempt 37)
[m[34m[05:01:34][m [32m[Render thread/INFO][m [36m(Minecraft)[m [0mConnecting to 127.0.0.1, 25599
[m[34m[05:01:39][m [32m[Render thread/INFO][m [36m(aibot)[m [0mAIBot real-client auto-join 127.0.0.1:25599 (attempt 38)
[m[34m[05:01:39][m [32m[Render thread/INFO][m [36m(Minecraft)[m [0mConnecting to 127.0.0.1, 25599
[m[34m[05:01:44][m [32m[Render thread/INFO][m [36m(aibot)[m [0mAIBot real-client auto-join 127.0.0.1:25599 (attempt 39)
[m[34m[05:01:44][m [32m[Render thread/INFO][m [36m(Minecraft)[m [0mConnecting to 127.0.0.1, 25599
[m[34m[05:01:49][m [32m[Render thread/INFO][m [36m(aibot)[m [0mAIBot real-client auto-join 127.0.0.1:25599 (attempt 40)
[m[34m[05:01:49][m [32m[Render thread/INFO][m [36m(Minecraft)[m [0mConnecting to 127.0.0.1, 25599
[m[34m[05:01:54][m [32m[Render thread/INFO][m [36m(aibot)[m [0mAIBot real-client auto-join 127.0.0.1:25599 (attempt 41)
[m[34m[05:01:54][m [32m[Render thread/INFO][m [36m(Minecraft)[m [0mConnecting to 127.0.0.1, 25599
[m[34m[05:01:59][m [32m[Render thread/INFO][m [36m(aibot)[m [0mAIBot real-client auto-join 127.0.0.1:25599 (attempt 42)
[m[34m[05:01:59][m [32m[Render thread/INFO][m [36m(Minecraft)[m [0mConnecting to 127.0.0.1, 25599
[m[34m[05:02:04][m [32m[Render thread/INFO][m [36m(aibot)[m [0mAIBot real-client auto-join 127.0.0.1:25599 (attempt 43)
[m[34m[05:02:04][m [32m[Render thread/INFO][m [36m(Minecraft)[m [0mConnecting to 127.0.0.1, 25599
[m[34m[05:02:09][m [32m[Render thread/INFO][m [36m(aibot)[m [0mAIBot real-client auto-join 127.0.0.1:25599 (attempt 44)
[m[34m[05:02:09][m [32m[Render thread/INFO][m [36m(Minecraft)[m [0mConnecting to 127.0.0.1, 25599
[m[34m[05:02:14][m [32m[Render thread/INFO][m [36m(aibot)[m [0mAIBot real-client auto-join 127.0.0.1:25599 (attempt 45)
[m[34m[05:02:14][m [32m[Render thread/INFO][m [36m(Minecraft)[m [0mConnecting to 127.0.0.1, 25599
[m[34m[05:02:19][m [32m[Render thread/INFO][m [36m(aibot)[m [0mAIBot real-client auto-join 127.0.0.1:25599 (attempt 46)
[m[34m[05:02:19][m [32m[Render thread/INFO][m [36m(Minecraft)[m [0mConnecting to 127.0.0.1, 25599
[m[34m[05:02:24][m [32m[Render thread/INFO][m [36m(aibot)[m [0mAIBot real-client auto-join 127.0.0.1:25599 (attempt 47)
[m[34m[05:02:24][m [32m[Render thread/INFO][m [36m(Minecraft)[m [0mConnecting to 127.0.0.1, 25599
[m[34m[05:02:29][m [32m[Render thread/INFO][m [36m(aibot)[m [0mAIBot real-client auto-join 127.0.0.1:25599 (attempt 48)
[m[34m[05:02:29][m [32m[Render thread/INFO][m [36m(Minecraft)[m [0mConnecting to 127.0.0.1, 25599
[m[34m[05:02:34][m [32m[Render thread/INFO][m [36m(aibot)[m [0mAIBot real-client auto-join 127.0.0.1:25599 (attempt 49)
[m[34m[05:02:34][m [32m[Render thread/INFO][m [36m(Minecraft)[m [0mConnecting to 127.0.0.1, 25599
[m[34m[05:02:39][m [32m[Render thread/INFO][m [36m(aibot)[m [0mAIBot real-client auto-join 127.0.0.1:25599 (attempt 50)
[m[34m[05:02:39][m [32m[Render thread/INFO][m [36m(Minecraft)[m [0mConnecting to 127.0.0.1, 25599
[m[34m[05:02:44][m [32m[Render thread/INFO][m [36m(aibot)[m [0mAIBot real-client auto-join 127.0.0.1:25599 (attempt 51)
[m[34m[05:02:44][m [32m[Render thread/INFO][m [36m(Minecraft)[m [0mConnecting to 127.0.0.1, 25599
[m[34m[05:02:49][m [32m[Render thread/INFO][m [36m(aibot)[m [0mAIBot real-client auto-join 127.0.0.1:25599 (attempt 52)
[m[34m[05:02:49][m [32m[Render thread/INFO][m [36m(Minecraft)[m [0mConnecting to 127.0.0.1, 25599
[m[34m[05:02:54][m [32m[Render thread/INFO][m [36m(aibot)[m [0mAIBot real-client auto-join 127.0.0.1:25599 (attempt 53)
[m[34m[05:02:54][m [32m[Render thread/INFO][m [36m(Minecraft)[m [0mConnecting to 127.0.0.1, 25599
[m[34m[05:02:59][m [32m[Render thread/INFO][m [36m(aibot)[m [0mAIBot real-client auto-join 127.0.0.1:25599 (attempt 54)
[m[34m[05:02:59][m [32m[Render thread/INFO][m [36m(Minecraft)[m [0mConnecting to 127.0.0.1, 25599
[m[34m[05:03:04][m [32m[Render thread/INFO][m [36m(aibot)[m [0mAIBot real-client auto-join 127.0.0.1:25599 (attempt 55)
[m[34m[05:03:05][m [32m[Render thread/INFO][m [36m(Minecraft)[m [0mConnecting to 127.0.0.1, 25599
[m[34m[05:03:09][m [32m[Render thread/INFO][m [36m(aibot)[m [0mAIBot real-client auto-join 127.0.0.1:25599 (attempt 56)
[m[34m[05:03:10][m [32m[Render thread/INFO][m [36m(Minecraft)[m [0mConnecting to 127.0.0.1, 25599
[m[34m[05:03:14][m [32m[Render thread/INFO][m [36m(aibot)[m [0mAIBot real-client auto-join 127.0.0.1:25599 (attempt 57)
[m[34m[05:03:15][m [32m[Render thread/INFO][m [36m(Minecraft)[m [0mConnecting to 127.0.0.1, 25599
[m[34m[05:03:19][m [32m[Render thread/INFO][m [36m(aibot)[m [0mAIBot real-client auto-join 127.0.0.1:25599 (attempt 58)
[m[34m[05:03:20][m [32m[Render thread/INFO][m [36m(Minecraft)[m [0mConnecting to 127.0.0.1, 25599
[m
=== real-client launch 2026-09-12T21:03:21Z ===
[34m[05:03:23][m [32m[main/INFO][m [36m(FabricLoader/GameProvider)[m [0mLoading Minecraft 1.21.3 with Fabric Loader 0.18.4
[m[34m[05:03:23][m [32m[main/INFO][m [36m(FabricLoader)[m [0mLoading 55 mods:
	- aibot 0.0.1
	- fabric-api 0.114.1+1.21.3
	- fabric-api-base 0.4.50+119c825640
	- fabric-api-lookup-api-v1 1.6.81+fd37071f40
	- fabric-biome-api-v1 14.0.7+add2a48640
	- fabric-block-api-v1 1.0.28+fd37071f40
	- fabric-block-view-api-v2 1.0.16+fd37071f40
	- fabric-blockrenderlayer-v1 2.0.4+fd37071f40
	- fabric-client-tags-api-v1 1.1.25+a730659c40
	- fabric-command-api-v1 1.2.58+f71b366f40
	- fabric-command-api-v2 2.2.37+c9d82ab240
	- fabric-commands-v0 0.2.75+df3654b340
	- fabric-content-registries-v0 9.1.8+fd37071f40
	- fabric-convention-tags-v1 2.1.4+7f945d5b40
	- fabric-convention-tags-v2 2.9.4+129f0c1f40
	- fabric-crash-report-info-v1 0.3.3+fd37071f40
	- fabric-data-attachment-api-v1 1.4.0+dbad41f140
	- fabric-data-generation-api-v1 21.1.2+a730659c40
	- fabric-dimensions-v1 4.0.7+fd37071f40
	- fabric-entity-events-v1 2.0.8+825023f840
	- fabric-events-interaction-v0 2.0.12+c2c3ac4740
	- fabric-game-rule-api-v1 1.0.59+fd37071f40
	- fabric-gametest-api-v1 2.0.15+fd37071f40
	- fabric-item-api-v1 11.1.7+fd37071f40
	- fabric-item-group-api-v1 4.1.17+fd37071f40
	- fabric-key-binding-api-v1 1.0.53+fd37071f40
	- fabric-keybindings-v0 0.2.51+df3654b340
	- fabric-lifecycle-events-v1 2.5.1+6da5ef6940
	- fabric-loot-api-v2 3.0.26+3f89f5a540
	- fabric-loot-api-v3 1.0.14+fd37071f40
	- fabric-message-api-v1 6.0.22+5a9b22c640
	- fabric-model-loading-api-v1 3.0.9+fd37071f40
	- fabric-networking-api-v1 4.3.5+fd37071f40
	- fabric-object-builder-api-v1 17.0.9+fd37071f40
	- fabric-particles-v1 4.0.10+fd37071f40
	- fabric-recipe-api-v1 7.0.5+8ea69ff840
	- fabric-registry-sync-v0 5.4.1+3f3c499540
	- fabric-renderer-api-v1 4.0.5+fd37071f40
	- fabric-renderer-indigo 1.9.5+fd37071f40
	- fabric-rendering-data-attachment-v1 0.3.54+73761d2e40
	- fabric-rendering-fluids-v1 3.1.15+fd37071f40
	- fabric-rendering-v0 1.1.84+df3654b340
	- fabric-rendering-v1 8.0.8+6922831640
	- fabric-resource-conditions-api-v1 5.0.8+fd37071f40
	- fabric-resource-loader-v0 3.0.6+fd37071f40
	- fabric-screen-api-v1 2.0.34+fd37071f40
	- fabric-screen-handler-api-v1 1.3.103+fd37071f40
	- fabric-sound-api-v1 1.0.29+fd37071f40
	- fabric-tag-api-v1 1.0.0+a730659c40
	- fabric-transfer-api-v1 5.4.3+cb44d14340
	- fabric-transitive-access-wideners-v1 6.2.0+54a41b1c40
	- fabricloader 0.18.4
	- java 21
	- minecraft 1.21.3
	- mixinextras 0.5.0
[m[34m[05:03:23][m [32m[main/INFO][m [36m(FabricLoader/Mixin)[m [0mSpongePowered MIXIN Subsystem Version=0.8.7 Source=file:/C:/Users/15027/.gradle/caches/modules-2/files-2.1/net.fabricmc/sponge-mixin/0.17.0+mixin.0.8.7/cf31463202f72d03b0ef1e1e38e8ee71b7faaab6/sponge-mixin-0.17.0+mixin.0.8.7.jar Service=Knot/Fabric Env=CLIENT
[m[34m[05:03:24][m [32m[main/INFO][m [36m(FabricLoader/Mixin)[m [0mLoaded Fabric development mappings for mixin remapper!
[m[34m[05:03:24][m [32m[main/INFO][m [36m(FabricLoader/Mixin)[m [0mCompatibility level set to JAVA_21
[m[34m[05:03:25][m [32m[main/INFO][m [36m(FabricLoader/MixinExtras|Service)[m [0mInitializing MixinExtras via com.llamalad7.mixinextras.service.MixinExtrasServiceImpl(version=0.5.0).
[m[34m[05:03:26][m [32m[Datafixer Bootstrap/INFO][m [36m(Minecraft)[m [0m237 Datafixer optimizations took 359 milliseconds
[m[34m[05:03:33][m [32m[Render thread/INFO][m [36m(Minecraft)[m [0mEnvironment: Environment[sessionHost=https://sessionserver.mojang.com, servicesHost=https://api.minecraftservices.com, name=PROD]
[m[34m[05:03:33][m [32m[Render thread/INFO][m [36m(Minecraft)[m [0mSetting user: Bob
[m[34m[05:03:34][m [32m[Render thread/INFO][m [36m(aibot)[m [0m[AIBot] CONFIG event=operating_profile_resolved bot=- {configured_manual_teleport=true, profile=strict_survival, source=FILE_OR_DEFAULT, configured_forced_pickup=true, configured_hidden_block_scan=true, configured_emergency_teleport=true, effective_capabilities=[]}
[m[34m[05:03:34][m [33m[Render thread/WARN][m [36m(aibot)[m [0m[AIBot] CONFIG event=deepseek_key_missing bot=- {}
[m[34m[05:03:34][m [32m[Render thread/INFO][m [36m(aibot)[m [0m[AIBot] LIFECYCLE event=mod_loaded bot=- {version=0.0.1}
[m[34m[05:03:34][m [32m[Render thread/INFO][m [36m(aibot)[m [0m[AIBot] CONFIG event=config_loaded bot=- {effective_capabilities=[], perception_radius=16, pickup_force_radius=2.75, profile=strict_survival, nav_lookahead=4, logging_enabled=true, configured_operator_capabilities=OperatorCapabilities[hiddenBlockScan=true, emergencyTeleport=true, forcedPickup=true, manualTeleport=true], deepseek_model=deepseek-v4-flash}
[m[34m[05:03:34][m [32m[Render thread/INFO][m [36m(aibot)[m [0m================================
[m[34m[05:03:34][m [32m[Render thread/INFO][m [36m(aibot)[m [0m  AIBot v0.0.1 loaded
[m[34m[05:03:34][m [32m[Render thread/INFO][m [36m(aibot)[m [0m  Mode: M6 structured logs over M5 tasks
[m[34m[05:03:34][m [32m[Render thread/INFO][m [36m(aibot)[m [0m================================
[m[34m[05:03:34][m [32m[aibot-real-client-connector/INFO][m [36m(aibot)[m [0mAIBot real-client control connected body_id=bob session=5bd02285-189e-4930-8427-70ea499b3a8f
[m[34m[05:03:34][m [32m[Render thread/INFO][m [36m(aibot)[m [0mAIBot real-client runtime enabled body_id=bob player=Bob control=127.0.0.1:8766 auto_join=127.0.0.1:25599
[m[34m[05:03:34][m [32m[Render thread/INFO][m [36m(Indigo)[m [0m[Indigo] Registering Indigo renderer!
[m[34m[05:03:35][m [32m[Render thread/INFO][m [36m(Minecraft)[m [0mBackend library: LWJGL version 3.3.3-snapshot
[m[34m[05:03:37][m [32m[Render thread/INFO][m [36m(Minecraft)[m [0mReloading ResourceManager: vanilla, fabric, aibot, fabric-api, fabric-api-base, fabric-api-lookup-api-v1, fabric-biome-api-v1, fabric-block-api-v1, fabric-block-view-api-v2, fabric-blockrenderlayer-v1, fabric-client-tags-api-v1, fabric-command-api-v1, fabric-command-api-v2, fabric-commands-v0, fabric-content-registries-v0, fabric-convention-tags-v1, fabric-convention-tags-v2, fabric-crash-report-info-v1, fabric-data-attachment-api-v1, fabric-data-generation-api-v1, fabric-dimensions-v1, fabric-entity-events-v1, fabric-events-interaction-v0, fabric-game-rule-api-v1, fabric-gametest-api-v1, fabric-item-api-v1, fabric-item-group-api-v1, fabric-key-binding-api-v1, fabric-keybindings-v0, fabric-lifecycle-events-v1, fabric-loot-api-v2, fabric-loot-api-v3, fabric-message-api-v1, fabric-model-loading-api-v1, fabric-networking-api-v1, fabric-object-builder-api-v1, fabric-particles-v1, fabric-recipe-api-v1, fabric-registry-sync-v0, fabric-renderer-api-v1, fabric-renderer-indigo, fabric-rendering-data-attachment-v1, fabric-rendering-fluids-v1, fabric-rendering-v0, fabric-rendering-v1, fabric-resource-conditions-api-v1, fabric-resource-loader-v0, fabric-screen-api-v1, fabric-screen-handler-api-v1, fabric-sound-api-v1, fabric-tag-api-v1, fabric-transfer-api-v1, fabric-transitive-access-wideners-v1, fabricloader
[m[34m[05:03:37][m [32m[Worker-Main-14/INFO][m [36m(Minecraft)[m [0mFound unifont_all_no_pua-15.1.05.hex, loading
[m[34m[05:03:37][m [32m[Worker-Main-9/INFO][m [36m(Minecraft)[m [0mFound unifont_jp_patch-15.1.05.hex, loading
[m[34m[05:03:37][m [32m[Render thread/INFO][m [36m(aibot)[m [0mAIBot real-client auto-join watcher screen=net.minecraft.client.gui.screen.MessageScreen
[m[34m[05:03:38][m [33m[Render thread/WARN][m [36m(Minecraft)[m [0mMissing sound for event: minecraft:block.spawner.fall
[m[34m[05:03:38][m [32m[Render thread/INFO][m [36m(Minecraft)[m [0mOpenAL initialized on device OpenAL Soft on æ‰¬å£°å™¨ (Steam Streaming Speakers)
[m[34m[05:03:38][m [32m[Render thread/INFO][m [36m(Minecraft)[m [0mSound engine started
[m[34m[05:03:39][m [32m[Render thread/INFO][m [36m(Minecraft)[m [0mCreated: 1024x512x4 minecraft:textures/atlas/blocks.png-atlas
[m[34m[05:03:39][m [32m[Render thread/INFO][m [36m(Minecraft)[m [0mCreated: 256x256x4 minecraft:textures/atlas/signs.png-atlas
[m[34m[05:03:39][m [32m[Render thread/INFO][m [36m(Minecraft)[m [0mCreated: 512x512x4 minecraft:textures/atlas/banner_patterns.png-atlas
[m[34m[05:03:39][m [32m[Render thread/INFO][m [36m(Minecraft)[m [0mCreated: 512x512x4 minecraft:textures/atlas/shield_patterns.png-atlas
[m[34m[05:03:39][m [32m[Render thread/INFO][m [36m(Minecraft)[m [0mCreated: 1024x1024x4 minecraft:textures/atlas/armor_trims.png-atlas
[m[34m[05:03:39][m [32m[Render thread/INFO][m [36m(Minecraft)[m [0mCreated: 128x64x4 minecraft:textures/atlas/decorated_pot.png-atlas
[m[34m[05:03:39][m [32m[Render thread/INFO][m [36m(Minecraft)[m [0mCreated: 256x256x4 minecraft:textures/atlas/chest.png-atlas
[m[34m[05:03:39][m [32m[Render thread/INFO][m [36m(Minecraft)[m [0mCreated: 512x256x4 minecraft:textures/atlas/beds.png-atlas
[m[34m[05:03:39][m [32m[Render thread/INFO][m [36m(Minecraft)[m [0mCreated: 512x256x4 minecraft:textures/atlas/shulker_boxes.png-atlas
[m[34m[05:03:39][m [32m[Render thread/INFO][m [36m(Minecraft)[m [0mCreated: 64x64x0 minecraft:textures/atlas/map_decorations.png-atlas
[m[34m[05:03:39][m [32m[Render thread/INFO][m [36m(Minecraft)[m [0mCreated: 512x256x0 minecraft:textures/atlas/particles.png-atlas
[m[34m[05:03:39][m [32m[Render thread/INFO][m [36m(Minecraft)[m [0mCreated: 512x256x0 minecraft:textures/atlas/paintings.png-atlas
[m[34m[05:03:39][m [32m[Render thread/INFO][m [36m(Minecraft)[m [0mCreated: 256x128x0 minecraft:textures/atlas/mob_effects.png-atlas
[m[34m[05:03:39][m [32m[Render thread/INFO][m [36m(Minecraft)[m [0mCreated: 1024x512x0 minecraft:textures/atlas/gui.png-atlas
[m[34m[05:03:39][m [32m[Render thread/INFO][m [36m(Minecraft)[m [0mConnecting to 127.0.0.1, 25599
[m[34m[05:03:39][m [32m[Render thread/INFO][m [36m(aibot)[m [0mAIBot real-client auto-join watcher screen=net.minecraft.client.gui.screen.multiplayer.ConnectScreen
[m[34m[05:03:42][m [32m[Render thread/INFO][m [36m(Minecraft)[m [0mLoaded 48 advancements
[m[34m[05:03:47][m [32m[Render thread/INFO][m [36m(aibot)[m [0mAIBot real-client heartbeat diag crosshair_present=false target=MISS:BlockPos{x=4, y=-59, z=10}
[m[34m[05:03:57][m [32m[Render thread/INFO][m [36m(aibot)[m [0mAIBot real-client heartbeat diag crosshair_present=false target=MISS:BlockPos{x=4, y=-59, z=10}
[m[34m[05:04:07][m [32m[Render thread/INFO][m [36m(aibot)[m [0mAIBot real-client heartbeat diag crosshair_present=false target=MISS:BlockPos{x=4, y=-59, z=10}
[m[34m[05:04:17][m [32m[Render thread/INFO][m [36m(aibot)[m [0mAIBot real-client heartbeat diag crosshair_present=false target=MISS:BlockPos{x=4, y=-59, z=10}
[m[34m[05:04:27][m [32m[Render thread/INFO][m [36m(aibot)[m [0mAIBot real-client heartbeat diag crosshair_present=false target=MISS:BlockPos{x=4, y=-59, z=10}
[m[34m[05:04:37][m [32m[Render thread/INFO][m [36m(aibot)[m [0mAIBot real-client heartbeat diag crosshair_present=false target=MISS:BlockPos{x=4, y=-59, z=10}
[m[34m[05:04:47][m [32m[Render thread/INFO][m [36m(aibot)[m [0mAIBot real-client heartbeat diag crosshair_present=false target=MISS:BlockPos{x=4, y=-59, z=10}
[m[34m[05:04:57][m [32m[Render thread/INFO][m [36m(aibot)[m [0mAIBot real-client heartbeat diag crosshair_present=false target=MISS:BlockPos{x=4, y=-59, z=10}
[m[34m[05:05:07][m [32m[Render thread/INFO][m [36m(aibot)[m [0mAIBot real-client heartbeat diag crosshair_present=false target=MISS:BlockPos{x=4, y=-59, z=10}
[m[34m[05:05:17][m [32m[Render thread/INFO][m [36m(aibot)[m [0mAIBot real-client heartbeat diag crosshair_present=false target=MISS:BlockPos{x=4, y=-59, z=10}
[m[34m[05:05:27][m [32m[Render thread/INFO][m [36m(aibot)[m [0mAIBot real-client heartbeat diag crosshair_present=false target=MISS:BlockPos{x=4, y=-59, z=10}
[m[34m[05:05:37][m [32m[Render thread/INFO][m [36m(aibot)[m [0mAIBot real-client heartbeat diag crosshair_present=false target=MISS:BlockPos{x=4, y=-59, z=10}
[m[34m[05:05:47][m [32m[Render thread/INFO][m [36m(aibot)[m [0mAIBot real-client heartbeat diag crosshair_present=false target=MISS:BlockPos{x=4, y=-59, z=10}
[m[34m[05:05:57][m [32m[Render thread/INFO][m [36m(aibot)[m [0mAIBot real-client heartbeat diag crosshair_present=false target=MISS:BlockPos{x=4, y=-59, z=10}
[m[34m[05:06:07][m [32m[Render thread/INFO][m [36m(aibot)[m [0mAIBot real-client heartbeat diag crosshair_present=false target=MISS:BlockPos{x=4, y=-59, z=10}
[m[34m[05:06:17][m [32m[Render thread/INFO][m [36m(aibot)[m [0mAIBot real-client heartbeat diag crosshair_present=false target=MISS:BlockPos{x=4, y=-59, z=10}
[m[34m[05:06:27][m [32m[Render thread/INFO][m [36m(aibot)[m [0mAIBot real-client heartbeat diag crosshair_present=false target=MISS:BlockPos{x=4, y=-59, z=10}
[m[34m[05:06:37][m [32m[Render thread/INFO][m [36m(aibot)[m [0mAIBot real-client heartbeat diag crosshair_present=false target=MISS:BlockPos{x=4, y=-59, z=10}
[m[34m[05:06:47][m [32m[Render thread/INFO][m [36m(aibot)[m [0mAIBot real-client heartbeat diag crosshair_present=false target=MISS:BlockPos{x=4, y=-59, z=10}
[m[34m[05:06:57][m [32m[Render thread/INFO][m [36m(aibot)[m [0mAIBot real-client heartbeat diag crosshair_present=false target=MISS:BlockPos{x=4, y=-59, z=10}
[m[34m[05:07:07][m [32m[Render thread/INFO][m [36m(aibot)[m [0mAIBot real-client heartbeat diag crosshair_present=false target=MISS:BlockPos{x=4, y=-59, z=10}
[m[34m[05:07:17][m [32m[Render thread/INFO][m [36m(aibot)[m [0mAIBot real-client heartbeat diag crosshair_present=false target=MISS:BlockPos{x=4, y=-59, z=10}
[m[34m[05:07:27][m [32m[Render thread/INFO][m [36m(aibot)[m [0mAIBot real-client heartbeat diag crosshair_present=false target=MISS:BlockPos{x=4, y=-59, z=10}
[m[34m[05:07:37][m [32m[Render thread/INFO][m [36m(aibot)[m [0mAIBot real-client heartbeat diag crosshair_present=false target=MISS:BlockPos{x=4, y=-59, z=10}
[m[34m[05:07:47][m [32m[Render thread/INFO][m [36m(aibot)[m [0mAIBot real-client heartbeat diag crosshair_present=false target=MISS:BlockPos{x=4, y=-59, z=10}
[m[34m[05:07:57][m [32m[Render thread/INFO][m [36m(aibot)[m [0mAIBot real-client heartbeat diag crosshair_present=false target=MISS:BlockPos{x=4, y=-59, z=10}
[m[34m[05:08:07][m [32m[Render thread/INFO][m [36m(aibot)[m [0mAIBot real-client heartbeat diag crosshair_present=false target=MISS:BlockPos{x=4, y=-59, z=10}
[m[34m[05:08:17][m [32m[Render thread/INFO][m [36m(aibot)[m [0mAIBot real-client heartbeat diag crosshair_present=false target=MISS:BlockPos{x=4, y=-59, z=10}
[m[34m[05:08:27][m [32m[Render thread/INFO][m [36m(aibot)[m [0mAIBot real-client heartbeat diag crosshair_present=false target=MISS:BlockPos{x=4, y=-59, z=10}
[m[34m[05:08:37][m [32m[Render thread/INFO][m [36m(aibot)[m [0mAIBot real-client heartbeat diag crosshair_present=false target=MISS:BlockPos{x=4, y=-59, z=10}
[m[34m[05:08:47][m [32m[Render thread/INFO][m [36m(aibot)[m [0mAIBot real-client heartbeat diag crosshair_present=false target=MISS:BlockPos{x=4, y=-59, z=10}
[m[34m[05:08:57][m [32m[Render thread/INFO][m [36m(aibot)[m [0mAIBot real-client heartbeat diag crosshair_present=false target=MISS:BlockPos{x=4, y=-59, z=10}
[m[34m[05:09:07][m [32m[Render thread/INFO][m [36m(aibot)[m [0mAIBot real-client heartbeat diag crosshair_present=false target=MISS:BlockPos{x=4, y=-59, z=10}
[m[34m[05:09:17][m [32m[Render thread/INFO][m [36m(aibot)[m [0mAIBot real-client heartbeat diag crosshair_present=false target=MISS:BlockPos{x=4, y=-59, z=10}
[m[34m[05:09:27][m [32m[Render thread/INFO][m [36m(aibot)[m [0mAIBot real-client heartbeat diag crosshair_present=false target=MISS:BlockPos{x=4, y=-59, z=10}
[m[34m[05:09:37][m [32m[Render thread/INFO][m [36m(aibot)[m [0mAIBot real-client heartbeat diag crosshair_present=false target=MISS:BlockPos{x=4, y=-59, z=10}
[m[34m[05:09:47][m [32m[Render thread/INFO][m [36m(aibot)[m [0mAIBot real-client heartbeat diag crosshair_present=false target=MISS:BlockPos{x=-5, y=-59, z=6}
[m[34m[05:09:57][m [32m[Render thread/INFO][m [36m(aibot)[m [0mAIBot real-client heartbeat diag crosshair_present=false target=MISS:BlockPos{x=-4, y=-59, z=7}
[m[34m[05:10:07][m [32m[Render thread/INFO][m [36m(aibot)[m [0mAIBot real-client heartbeat diag crosshair_present=false target=MISS:BlockPos{x=-4, y=-59, z=7}
[m[34m[05:10:17][m [32m[Render thread/INFO][m [36m(aibot)[m [0mAIBot real-client heartbeat diag crosshair_present=false target=MISS:BlockPos{x=-4, y=-59, z=7}
[m[34m[05:10:27][m [32m[Render thread/INFO][m [36m(aibot)[m [0mAIBot real-client heartbeat diag crosshair_present=true target=BLOCK:Mutable{x=0, y=-59, z=10}
[m[34m[05:10:37][m [32m[Render thread/INFO][m [36m(aibot)[m [0mAIBot real-client heartbeat diag crosshair_present=true target=BLOCK:Mutable{x=0, y=-59, z=10}
[m[34m[05:10:47][m [32m[Render thread/INFO][m [36m(aibot)[m [0mAIBot real-client heartbeat diag crosshair_present=false target=MISS:BlockPos{x=1, y=-59, z=12}
[m[34m[05:10:56][m [32m[Render thread/INFO][m [36m(Minecraft)[m [0m[System] [CHAT] Bob fue reventado/a por Creeper
[m[34m[05:10:57][m [32m[Render thread/INFO][m [36m(aibot)[m [0mAIBot real-client heartbeat diag crosshair_present=false target=MISS:BlockPos{x=1, y=-59, z=12}
[m[34m[05:11:07][m [32m[Render thread/INFO][m [36m(aibot)[m [0mAIBot real-client heartbeat diag crosshair_present=false target=MISS:BlockPos{x=1, y=-59, z=12}
[m[34m[05:11:17][m [32m[Render thread/INFO][m [36m(aibot)[m [0mAIBot real-client heartbeat diag crosshair_present=false target=MISS:BlockPos{x=1, y=-59, z=12}
[m[34m[05:11:27][m [32m[Render thread/INFO][m [36m(aibot)[m [0mAIBot real-client heartbeat diag crosshair_present=false target=MISS:BlockPos{x=1, y=-59, z=12}
[m[34m[05:11:37][m [32m[Render thread/INFO][m [36m(aibot)[m [0mAIBot real-client heartbeat diag crosshair_present=false target=MISS:BlockPos{x=1, y=-59, z=12}
[m[34m[05:11:47][m [32m[Render thread/INFO][m [36m(aibot)[m [0mAIBot real-client heartbeat diag crosshair_present=false target=MISS:BlockPos{x=1, y=-59, z=12}
[m[34m[05:11:57][m [32m[Render thread/INFO][m [36m(aibot)[m [0mAIBot real-client heartbeat diag crosshair_present=false target=MISS:BlockPos{x=1, y=-59, z=12}
[m[34m[05:12:07][m [32m[Render thread/INFO][m [36m(aibot)[m [0mAIBot real-client heartbeat diag crosshair_present=false target=MISS:BlockPos{x=1, y=-59, z=12}
[m[34m[05:12:17][m [32m[Render thread/INFO][m [36m(aibot)[m [0mAIBot real-client heartbeat diag crosshair_present=false target=MISS:BlockPos{x=1, y=-59, z=12}
[m[34m[05:12:27][m [32m[Render thread/INFO][m [36m(aibot)[m [0mAIBot real-client heartbeat diag crosshair_present=false target=MISS:BlockPos{x=1, y=-59, z=12}
[m
=== real-client launch 2026-09-12T21:12:32Z ===
[34m[05:12:33][m [32m[main/INFO][m [36m(FabricLoader/GameProvider)[m [0mLoading Minecraft 1.21.3 with Fabric Loader 0.18.4
[m[34m[05:12:34][m [32m[main/INFO][m [36m(FabricLoader)[m [0mLoading 55 mods:
	- aibot 0.0.1
	- fabric-api 0.114.1+1.21.3
	- fabric-api-base 0.4.50+119c825640
	- fabric-api-lookup-api-v1 1.6.81+fd37071f40
	- fabric-biome-api-v1 14.0.7+add2a48640
	- fabric-block-api-v1 1.0.28+fd37071f40
	- fabric-block-view-api-v2 1.0.16+fd37071f40
	- fabric-blockrenderlayer-v1 2.0.4+fd37071f40
	- fabric-client-tags-api-v1 1.1.25+a730659c40
	- fabric-command-api-v1 1.2.58+f71b366f40
	- fabric-command-api-v2 2.2.37+c9d82ab240
	- fabric-commands-v0 0.2.75+df3654b340
	- fabric-content-registries-v0 9.1.8+fd37071f40
	- fabric-convention-tags-v1 2.1.4+7f945d5b40
	- fabric-convention-tags-v2 2.9.4+129f0c1f40
	- fabric-crash-report-info-v1 0.3.3+fd37071f40
	- fabric-data-attachment-api-v1 1.4.0+dbad41f140
	- fabric-data-generation-api-v1 21.1.2+a730659c40
	- fabric-dimensions-v1 4.0.7+fd37071f40
	- fabric-entity-events-v1 2.0.8+825023f840
	- fabric-events-interaction-v0 2.0.12+c2c3ac4740
	- fabric-game-rule-api-v1 1.0.59+fd37071f40
	- fabric-gametest-api-v1 2.0.15+fd37071f40
	- fabric-item-api-v1 11.1.7+fd37071f40
	- fabric-item-group-api-v1 4.1.17+fd37071f40
	- fabric-key-binding-api-v1 1.0.53+fd37071f40
	- fabric-keybindings-v0 0.2.51+df3654b340
	- fabric-lifecycle-events-v1 2.5.1+6da5ef6940
	- fabric-loot-api-v2 3.0.26+3f89f5a540
	- fabric-loot-api-v3 1.0.14+fd37071f40
	- fabric-message-api-v1 6.0.22+5a9b22c640
	- fabric-model-loading-api-v1 3.0.9+fd37071f40
	- fabric-networking-api-v1 4.3.5+fd37071f40
	- fabric-object-builder-api-v1 17.0.9+fd37071f40
	- fabric-particles-v1 4.0.10+fd37071f40
	- fabric-recipe-api-v1 7.0.5+8ea69ff840
	- fabric-registry-sync-v0 5.4.1+3f3c499540
	- fabric-renderer-api-v1 4.0.5+fd37071f40
	- fabric-renderer-indigo 1.9.5+fd37071f40
	- fabric-rendering-data-attachment-v1 0.3.54+73761d2e40
	- fabric-rendering-fluids-v1 3.1.15+fd37071f40
	- fabric-rendering-v0 1.1.84+df3654b340
	- fabric-rendering-v1 8.0.8+6922831640
	- fabric-resource-conditions-api-v1 5.0.8+fd37071f40
	- fabric-resource-loader-v0 3.0.6+fd37071f40
	- fabric-screen-api-v1 2.0.34+fd37071f40
	- fabric-screen-handler-api-v1 1.3.103+fd37071f40
	- fabric-sound-api-v1 1.0.29+fd37071f40
	- fabric-tag-api-v1 1.0.0+a730659c40
	- fabric-transfer-api-v1 5.4.3+cb44d14340
	- fabric-transitive-access-wideners-v1 6.2.0+54a41b1c40
	- fabricloader 0.18.4
	- java 21
	- minecraft 1.21.3
	- mixinextras 0.5.0
[m[34m[05:12:34][m [32m[main/INFO][m [36m(FabricLoader/Mixin)[m [0mSpongePowered MIXIN Subsystem Version=0.8.7 Source=file:/C:/Users/15027/.gradle/caches/modules-2/files-2.1/net.fabricmc/sponge-mixin/0.17.0+mixin.0.8.7/cf31463202f72d03b0ef1e1e38e8ee71b7faaab6/sponge-mixin-0.17.0+mixin.0.8.7.jar Service=Knot/Fabric Env=CLIENT
[m[34m[05:12:34][m [32m[main/INFO][m [36m(FabricLoader/Mixin)[m [0mLoaded Fabric development mappings for mixin remapper!
[m[34m[05:12:34][m [32m[main/INFO][m [36m(FabricLoader/Mixin)[m [0mCompatibility level set to JAVA_21
[m[34m[05:12:36][m [32m[main/INFO][m [36m(FabricLoader/MixinExtras|Service)[m [0mInitializing MixinExtras via com.llamalad7.mixinextras.service.MixinExtrasServiceImpl(version=0.5.0).
[m[34m[05:12:37][m [32m[Datafixer Bootstrap/INFO][m [36m(Minecraft)[m [0m237 Datafixer optimizations took 525 milliseconds
[m[34m[05:12:46][m [32m[Render thread/INFO][m [36m(Minecraft)[m [0mEnvironment: Environment[sessionHost=https://sessionserver.mojang.com, servicesHost=https://api.minecraftservices.com, name=PROD]
[m[34m[05:12:46][m [32m[Render thread/INFO][m [36m(Minecraft)[m [0mSetting user: Bob
[m[34m[05:12:46][m [32m[Render thread/INFO][m [36m(aibot)[m [0m[AIBot] CONFIG event=operating_profile_resolved bot=- {effective_capabilities=[], configured_emergency_teleport=true, configured_hidden_block_scan=true, configured_forced_pickup=true, source=FILE_OR_DEFAULT, profile=strict_survival, configured_manual_teleport=true}
[m[34m[05:12:46][m [33m[Render thread/WARN][m [36m(aibot)[m [0m[AIBot] CONFIG event=deepseek_key_missing bot=- {}
[m[34m[05:12:46][m [32m[Render thread/INFO][m [36m(aibot)[m [0m[AIBot] LIFECYCLE event=mod_loaded bot=- {version=0.0.1}
[m[34m[05:12:46][m [32m[Render thread/INFO][m [36m(aibot)[m [0m[AIBot] CONFIG event=config_loaded bot=- {deepseek_model=deepseek-v4-flash, configured_operator_capabilities=OperatorCapabilities[hiddenBlockScan=true, emergencyTeleport=true, forcedPickup=true, manualTeleport=true], logging_enabled=true, nav_lookahead=4, profile=strict_survival, pickup_force_radius=2.75, perception_radius=16, effective_capabilities=[]}
[m[34m[05:12:46][m [32m[Render thread/INFO][m [36m(aibot)[m [0m================================
[m[34m[05:12:46][m [32m[Render thread/INFO][m [36m(aibot)[m [0m  AIBot v0.0.1 loaded
[m[34m[05:12:46][m [32m[Render thread/INFO][m [36m(aibot)[m [0m  Mode: M6 structured logs over M5 tasks
[m[34m[05:12:46][m [32m[Render thread/INFO][m [36m(aibot)[m [0m================================
[m[34m[05:12:47][m [32m[Render thread/INFO][m [36m(Indigo)[m [0m[Indigo] Registering Indigo renderer!
[m[34m[05:12:47][m [33m[aibot-real-client-connector/WARN][m [36m(aibot)[m [0mreal-client control connect/read failed: java.net.ConnectException: Connection refused: getsockopt
[m[34m[05:12:47][m [32m[Render thread/INFO][m [36m(aibot)[m [0mAIBot real-client runtime enabled body_id=bob player=Bob control=127.0.0.1:8766 auto_join=127.0.0.1:25599
[m[34m[05:12:48][m [32m[Render thread/INFO][m [36m(Minecraft)[m [0mBackend library: LWJGL version 3.3.3-snapshot
[m[34m[05:12:48][m [33m[aibot-real-client-connector/WARN][m [36m(aibot)[m [0mreal-client control connect/read failed: java.net.ConnectException: Connection refused: getsockopt
[m[34m[05:12:50][m [33m[aibot-real-client-connector/WARN][m [36m(aibot)[m [0mreal-client control connect/read failed: java.net.ConnectException: Connection refused: getsockopt
[m[34m[05:12:51][m [32m[Render thread/INFO][m [36m(Minecraft)[m [0mReloading ResourceManager: vanilla, fabric, aibot, fabric-api, fabric-api-base, fabric-api-lookup-api-v1, fabric-biome-api-v1, fabric-block-api-v1, fabric-block-view-api-v2, fabric-blockrenderlayer-v1, fabric-client-tags-api-v1, fabric-command-api-v1, fabric-command-api-v2, fabric-commands-v0, fabric-content-registries-v0, fabric-convention-tags-v1, fabric-convention-tags-v2, fabric-crash-report-info-v1, fabric-data-attachment-api-v1, fabric-data-generation-api-v1, fabric-dimensions-v1, fabric-entity-events-v1, fabric-events-interaction-v0, fabric-game-rule-api-v1, fabric-gametest-api-v1, fabric-item-api-v1, fabric-item-group-api-v1, fabric-key-binding-api-v1, fabric-keybindings-v0, fabric-lifecycle-events-v1, fabric-loot-api-v2, fabric-loot-api-v3, fabric-message-api-v1, fabric-model-loading-api-v1, fabric-networking-api-v1, fabric-object-builder-api-v1, fabric-particles-v1, fabric-recipe-api-v1, fabric-registry-sync-v0, fabric-renderer-api-v1, fabric-renderer-indigo, fabric-rendering-data-attachment-v1, fabric-rendering-fluids-v1, fabric-rendering-v0, fabric-rendering-v1, fabric-resource-conditions-api-v1, fabric-resource-loader-v0, fabric-screen-api-v1, fabric-screen-handler-api-v1, fabric-sound-api-v1, fabric-tag-api-v1, fabric-transfer-api-v1, fabric-transitive-access-wideners-v1, fabricloader
[m[34m[05:12:51][m [32m[Worker-Main-12/INFO][m [36m(Minecraft)[m [0mFound unifont_jp_patch-15.1.05.hex, loading
[m[34m[05:12:51][m [32m[Worker-Main-9/INFO][m [36m(Minecraft)[m [0mFound unifont_all_no_pua-15.1.05.hex, loading
[m[34m[05:12:51][m [32m[Render thread/INFO][m [36m(aibot)[m [0mAIBot real-client auto-join watcher screen=net.minecraft.client.gui.screen.MessageScreen
[m[34m[05:12:53][m [33m[Render thread/WARN][m [36m(Minecraft)[m [0mMissing sound for event: minecraft:block.spawner.fall
[m[34m[05:12:53][m [32m[Render thread/INFO][m [36m(Minecraft)[m [0mOpenAL initialized on device OpenAL Soft on æ‰¬å£°å™¨ (Steam Streaming Speakers)
[m[34m[05:12:53][m [32m[Render thread/INFO][m [36m(Minecraft)[m [0mSound engine started
[m[34m[05:12:53][m [32m[Render thread/INFO][m [36m(Minecraft)[m [0mCreated: 1024x512x4 minecraft:textures/atlas/blocks.png-atlas
[m[34m[05:12:53][m [32m[Render thread/INFO][m [36m(Minecraft)[m [0mCreated: 256x256x4 minecraft:textures/atlas/signs.png-atlas
[m[34m[05:12:53][m [32m[Render thread/INFO][m [36m(Minecraft)[m [0mCreated: 512x512x4 minecraft:textures/atlas/banner_patterns.png-atlas
[m[34m[05:12:53][m [32m[Render thread/INFO][m [36m(Minecraft)[m [0mCreated: 512x512x4 minecraft:textures/atlas/shield_patterns.png-atlas
[m[34m[05:12:53][m [32m[Render thread/INFO][m [36m(Minecraft)[m [0mCreated: 1024x1024x4 minecraft:textures/atlas/armor_trims.png-atlas
[m[34m[05:12:53][m [32m[Render thread/INFO][m [36m(Minecraft)[m [0mCreated: 256x256x4 minecraft:textures/atlas/chest.png-atlas
[m[34m[05:12:53][m [32m[Render thread/INFO][m [36m(Minecraft)[m [0mCreated: 128x64x4 minecraft:textures/atlas/decorated_pot.png-atlas
[m[34m[05:12:53][m [32m[Render thread/INFO][m [36m(Minecraft)[m [0mCreated: 512x256x4 minecraft:textures/atlas/shulker_boxes.png-atlas
[m[34m[05:12:53][m [32m[Render thread/INFO][m [36m(Minecraft)[m [0mCreated: 512x256x4 minecraft:textures/atlas/beds.png-atlas
[m[34m[05:12:53][m [32m[Render thread/INFO][m [36m(Minecraft)[m [0mCreated: 64x64x0 minecraft:textures/atlas/map_decorations.png-atlas
[m[34m[05:12:53][m [32m[Render thread/INFO][m [36m(Minecraft)[m [0mCreated: 512x256x0 minecraft:textures/atlas/particles.png-atlas
[m[34m[05:12:53][m [32m[Render thread/INFO][m [36m(Minecraft)[m [0mCreated: 512x256x0 minecraft:textures/atlas/paintings.png-atlas
[m[34m[05:12:53][m [32m[Render thread/INFO][m [36m(Minecraft)[m [0mCreated: 256x128x0 minecraft:textures/atlas/mob_effects.png-atlas
[m[34m[05:12:53][m [32m[Render thread/INFO][m [36m(Minecraft)[m [0mCreated: 1024x512x0 minecraft:textures/atlas/gui.png-atlas
[m[34m[05:12:53][m [32m[Render thread/INFO][m [36m(Minecraft)[m [0mConnecting to 127.0.0.1, 25599
[m[34m[05:12:54][m [32m[Render thread/INFO][m [36m(aibot)[m [0mAIBot real-client auto-join watcher screen=net.minecraft.client.gui.screen.multiplayer.ConnectScreen
[m[34m[05:12:55][m [32m[aibot-real-client-connector/INFO][m [36m(aibot)[m [0mAIBot real-client control connected body_id=bob session=1c8f5bca-4c1c-42c0-912e-d07317135b96
[m[34m[05:12:57][m [32m[Render thread/INFO][m [36m(Minecraft)[m [0mLoaded 48 advancements
[m[34m[05:13:01][m [32m[Render thread/INFO][m [36m(aibot)[m [0mAIBot real-client heartbeat diag crosshair_present=false target=MISS:BlockPos{x=4, y=-59, z=10}
[m[34m[05:13:11][m [32m[Render thread/INFO][m [36m(aibot)[m [0mAIBot real-client heartbeat diag crosshair_present=false target=MISS:BlockPos{x=4, y=-59, z=10}
[m[34m[05:13:21][m [32m[Render thread/INFO][m [36m(aibot)[m [0mAIBot real-client heartbeat diag crosshair_present=false target=MISS:BlockPos{x=4, y=-59, z=10}
[m[34m[05:13:31][m [32m[Render thread/INFO][m [36m(aibot)[m [0mAIBot real-client heartbeat diag crosshair_present=false target=MISS:BlockPos{x=4, y=-59, z=10}
[m[34m[05:13:41][m [32m[Render thread/INFO][m [36m(aibot)[m [0mAIBot real-client heartbeat diag crosshair_present=false target=MISS:BlockPos{x=4, y=-59, z=10}
[m[34m[05:13:51][m [32m[Render thread/INFO][m [36m(aibot)[m [0mAIBot real-client heartbeat diag crosshair_present=false target=MISS:BlockPos{x=4, y=-59, z=10}
[m[34m[05:14:01][m [32m[Render thread/INFO][m [36m(aibot)[m [0mAIBot real-client heartbeat diag crosshair_present=false target=MISS:BlockPos{x=4, y=-59, z=10}
[m[34m[05:14:11][m [32m[Render thread/INFO][m [36m(aibot)[m [0mAIBot real-client heartbeat diag crosshair_present=false target=MISS:BlockPos{x=4, y=-59, z=10}
[m[34m[05:14:21][m [32m[Render thread/INFO][m [36m(aibot)[m [0mAIBot real-client heartbeat diag crosshair_present=false target=MISS:BlockPos{x=4, y=-59, z=10}
[m[34m[05:14:31][m [32m[Render thread/INFO][m [36m(aibot)[m [0mAIBot real-client heartbeat diag crosshair_present=false target=MISS:BlockPos{x=4, y=-59, z=10}
[m[34m[05:14:41][m [32m[Render thread/INFO][m [36m(aibot)[m [0mAIBot real-client heartbeat diag crosshair_present=false target=MISS:BlockPos{x=4, y=-59, z=10}
[m[34m[05:14:51][m [32m[Render thread/INFO][m [36m(aibot)[m [0mAIBot real-client heartbeat diag crosshair_present=false target=MISS:BlockPos{x=4, y=-59, z=10}
[m[34m[05:15:01][m [32m[Render thread/INFO][m [36m(aibot)[m [0mAIBot real-client heartbeat diag crosshair_present=false target=MISS:BlockPos{x=4, y=-59, z=10}
[m[34m[05:15:11][m [32m[Render thread/INFO][m [36m(aibot)[m [0mAIBot real-client heartbeat diag crosshair_present=false target=MISS:BlockPos{x=4, y=-59, z=10}
[m[34m[05:15:21][m [32m[Render thread/INFO][m [36m(aibot)[m [0mAIBot real-client heartbeat diag crosshair_present=false target=MISS:BlockPos{x=4, y=-59, z=10}
[m[34m[05:15:31][m [32m[Render thread/INFO][m [36m(aibot)[m [0mAIBot real-client heartbeat diag crosshair_present=false target=MISS:BlockPos{x=4, y=-59, z=10}
[m[34m[05:15:41][m [32m[Render thread/INFO][m [36m(aibot)[m [0mAIBot real-client heartbeat diag crosshair_present=false target=MISS:BlockPos{x=4, y=-59, z=10}
[m[34m[05:15:51][m [32m[Render thread/INFO][m [36m(aibot)[m [0mAIBot real-client heartbeat diag crosshair_present=false target=MISS:BlockPos{x=4, y=-59, z=10}
[m[34m[05:16:01][m [32m[Render thread/INFO][m [36m(aibot)[m [0mAIBot real-client heartbeat diag crosshair_present=false target=MISS:BlockPos{x=4, y=-59, z=10}
[m[34m[05:16:11][m [32m[Render thread/INFO][m [36m(aibot)[m [0mAIBot real-client heartbeat diag crosshair_present=false target=MISS:BlockPos{x=4, y=-59, z=10}
[m
=== real-client launch 2026-09-12T21:16:13Z ===
[34m[05:16:15][m [32m[main/INFO][m [36m(FabricLoader/GameProvider)[m [0mLoading Minecraft 1.21.3 with Fabric Loader 0.18.4
[m[34m[05:16:16][m [32m[main/INFO][m [36m(FabricLoader)[m [0mLoading 55 mods:
	- aibot 0.0.1
	- fabric-api 0.114.1+1.21.3
	- fabric-api-base 0.4.50+119c825640
	- fabric-api-lookup-api-v1 1.6.81+fd37071f40
	- fabric-biome-api-v1 14.0.7+add2a48640
	- fabric-block-api-v1 1.0.28+fd37071f40
	- fabric-block-view-api-v2 1.0.16+fd37071f40
	- fabric-blockrenderlayer-v1 2.0.4+fd37071f40
	- fabric-client-tags-api-v1 1.1.25+a730659c40
	- fabric-command-api-v1 1.2.58+f71b366f40
	- fabric-command-api-v2 2.2.37+c9d82ab240
	- fabric-commands-v0 0.2.75+df3654b340
	- fabric-content-registries-v0 9.1.8+fd37071f40
	- fabric-convention-tags-v1 2.1.4+7f945d5b40
	- fabric-convention-tags-v2 2.9.4+129f0c1f40
	- fabric-crash-report-info-v1 0.3.3+fd37071f40
	- fabric-data-attachment-api-v1 1.4.0+dbad41f140
	- fabric-data-generation-api-v1 21.1.2+a730659c40
	- fabric-dimensions-v1 4.0.7+fd37071f40
	- fabric-entity-events-v1 2.0.8+825023f840
	- fabric-events-interaction-v0 2.0.12+c2c3ac4740
	- fabric-game-rule-api-v1 1.0.59+fd37071f40
	- fabric-gametest-api-v1 2.0.15+fd37071f40
	- fabric-item-api-v1 11.1.7+fd37071f40
	- fabric-item-group-api-v1 4.1.17+fd37071f40
	- fabric-key-binding-api-v1 1.0.53+fd37071f40
	- fabric-keybindings-v0 0.2.51+df3654b340
	- fabric-lifecycle-events-v1 2.5.1+6da5ef6940
	- fabric-loot-api-v2 3.0.26+3f89f5a540
	- fabric-loot-api-v3 1.0.14+fd37071f40
	- fabric-message-api-v1 6.0.22+5a9b22c640
	- fabric-model-loading-api-v1 3.0.9+fd37071f40
	- fabric-networking-api-v1 4.3.5+fd37071f40
	- fabric-object-builder-api-v1 17.0.9+fd37071f40
	- fabric-particles-v1 4.0.10+fd37071f40
	- fabric-recipe-api-v1 7.0.5+8ea69ff840
	- fabric-registry-sync-v0 5.4.1+3f3c499540
	- fabric-renderer-api-v1 4.0.5+fd37071f40
	- fabric-renderer-indigo 1.9.5+fd37071f40
	- fabric-rendering-data-attachment-v1 0.3.54+73761d2e40
	- fabric-rendering-fluids-v1 3.1.15+fd37071f40
	- fabric-rendering-v0 1.1.84+df3654b340
	- fabric-rendering-v1 8.0.8+6922831640
	- fabric-resource-conditions-api-v1 5.0.8+fd37071f40
	- fabric-resource-loader-v0 3.0.6+fd37071f40
	- fabric-screen-api-v1 2.0.34+fd37071f40
	- fabric-screen-handler-api-v1 1.3.103+fd37071f40
	- fabric-sound-api-v1 1.0.29+fd37071f40
	- fabric-tag-api-v1 1.0.0+a730659c40
	- fabric-transfer-api-v1 5.4.3+cb44d14340
	- fabric-transitive-access-wideners-v1 6.2.0+54a41b1c40
	- fabricloader 0.18.4
	- java 21
	- minecraft 1.21.3
	- mixinextras 0.5.0
[m[34m[05:16:16][m [32m[main/INFO][m [36m(FabricLoader/Mixin)[m [0mSpongePowered MIXIN Subsystem Version=0.8.7 Source=file:/C:/Users/15027/.gradle/caches/modules-2/files-2.1/net.fabricmc/sponge-mixin/0.17.0+mixin.0.8.7/cf31463202f72d03b0ef1e1e38e8ee71b7faaab6/sponge-mixin-0.17.0+mixin.0.8.7.jar Service=Knot/Fabric Env=CLIENT
[m[34m[05:16:16][m [32m[main/INFO][m [36m(FabricLoader/Mixin)[m [0mLoaded Fabric development mappings for mixin remapper!
[m[34m[05:16:16][m [32m[main/INFO][m [36m(FabricLoader/Mixin)[m [0mCompatibility level set to JAVA_21
[m[34m[05:16:18][m [32m[main/INFO][m [36m(FabricLoader/MixinExtras|Service)[m [0mInitializing MixinExtras via com.llamalad7.mixinextras.service.MixinExtrasServiceImpl(version=0.5.0).
[m[34m[05:16:19][m [32m[Datafixer Bootstrap/INFO][m [36m(Minecraft)[m [0m237 Datafixer optimizations took 391 milliseconds
[m[34m[05:16:26][m [32m[Render thread/INFO][m [36m(Minecraft)[m [0mEnvironment: Environment[sessionHost=https://sessionserver.mojang.com, servicesHost=https://api.minecraftservices.com, name=PROD]
[m[34m[05:16:26][m [32m[Render thread/INFO][m [36m(Minecraft)[m [0mSetting user: Bob
[m[34m[05:16:27][m [32m[Render thread/INFO][m [36m(aibot)[m [0m[AIBot] CONFIG event=operating_profile_resolved bot=- {configured_hidden_block_scan=true, configured_emergency_teleport=true, effective_capabilities=[], configured_manual_teleport=true, profile=strict_survival, source=FILE_OR_DEFAULT, configured_forced_pickup=true}
[m[34m[05:16:27][m [33m[Render thread/WARN][m [36m(aibot)[m [0m[AIBot] CONFIG event=deepseek_key_missing bot=- {}
[m[34m[05:16:27][m [32m[Render thread/INFO][m [36m(aibot)[m [0m[AIBot] LIFECYCLE event=mod_loaded bot=- {version=0.0.1}
[m[34m[05:16:27][m [32m[Render thread/INFO][m [36m(aibot)[m [0m[AIBot] CONFIG event=config_loaded bot=- {logging_enabled=true, configured_operator_capabilities=OperatorCapabilities[hiddenBlockScan=true, emergencyTeleport=true, forcedPickup=true, manualTeleport=true], deepseek_model=deepseek-v4-flash, effective_capabilities=[], perception_radius=16, pickup_force_radius=2.75, profile=strict_survival, nav_lookahead=4}
[m[34m[05:16:27][m [32m[Render thread/INFO][m [36m(aibot)[m [0m================================
[m[34m[05:16:27][m [32m[Render thread/INFO][m [36m(aibot)[m [0m  AIBot v0.0.1 loaded
[m[34m[05:16:27][m [32m[Render thread/INFO][m [36m(aibot)[m [0m  Mode: M6 structured logs over M5 tasks
[m[34m[05:16:27][m [32m[Render thread/INFO][m [36m(aibot)[m [0m================================
[m[34m[05:16:27][m [32m[Render thread/INFO][m [36m(Indigo)[m [0m[Indigo] Registering Indigo renderer!
[m[34m[05:16:28][m [32m[Render thread/INFO][m [36m(aibot)[m [0mAIBot real-client runtime enabled body_id=bob player=Bob control=127.0.0.1:8766 auto_join=127.0.0.1:25599
[m[34m[05:16:28][m [32m[aibot-real-client-connector/INFO][m [36m(aibot)[m [0mAIBot real-client control connected body_id=bob session=8f87b503-db11-4c9f-bdf6-8e36b0e6a2d5
[m[34m[05:16:28][m [32m[Render thread/INFO][m [36m(Minecraft)[m [0mBackend library: LWJGL version 3.3.3-snapshot
[m[34m[05:16:31][m [32m[Render thread/INFO][m [36m(Minecraft)[m [0mReloading ResourceManager: vanilla, fabric, aibot, fabric-api, fabric-api-base, fabric-api-lookup-api-v1, fabric-biome-api-v1, fabric-block-api-v1, fabric-block-view-api-v2, fabric-blockrenderlayer-v1, fabric-client-tags-api-v1, fabric-command-api-v1, fabric-command-api-v2, fabric-commands-v0, fabric-content-registries-v0, fabric-convention-tags-v1, fabric-convention-tags-v2, fabric-crash-report-info-v1, fabric-data-attachment-api-v1, fabric-data-generation-api-v1, fabric-dimensions-v1, fabric-entity-events-v1, fabric-events-interaction-v0, fabric-game-rule-api-v1, fabric-gametest-api-v1, fabric-item-api-v1, fabric-item-group-api-v1, fabric-key-binding-api-v1, fabric-keybindings-v0, fabric-lifecycle-events-v1, fabric-loot-api-v2, fabric-loot-api-v3, fabric-message-api-v1, fabric-model-loading-api-v1, fabric-networking-api-v1, fabric-object-builder-api-v1, fabric-particles-v1, fabric-recipe-api-v1, fabric-registry-sync-v0, fabric-renderer-api-v1, fabric-renderer-indigo, fabric-rendering-data-attachment-v1, fabric-rendering-fluids-v1, fabric-rendering-v0, fabric-rendering-v1, fabric-resource-conditions-api-v1, fabric-resource-loader-v0, fabric-screen-api-v1, fabric-screen-handler-api-v1, fabric-sound-api-v1, fabric-tag-api-v1, fabric-transfer-api-v1, fabric-transitive-access-wideners-v1, fabricloader
[m[34m[05:16:31][m [32m[Worker-Main-10/INFO][m [36m(Minecraft)[m [0mFound unifont_all_no_pua-15.1.05.hex, loading
[m[34m[05:16:31][m [32m[Worker-Main-3/INFO][m [36m(Minecraft)[m [0mFound unifont_jp_patch-15.1.05.hex, loading
[m[34m[05:16:31][m [32m[Render thread/INFO][m [36m(aibot)[m [0mAIBot real-client auto-join watcher screen=net.minecraft.client.gui.screen.MessageScreen
[m[34m[05:16:32][m [33m[Render thread/WARN][m [36m(Minecraft)[m [0mMissing sound for event: minecraft:block.spawner.fall
[m[34m[05:16:32][m [32m[Render thread/INFO][m [36m(Minecraft)[m [0mOpenAL initialized on device OpenAL Soft on æ‰¬å£°å™¨ (Steam Streaming Speakers)
[m[34m[05:16:32][m [32m[Render thread/INFO][m [36m(Minecraft)[m [0mSound engine started
[m[34m[05:16:32][m [32m[Render thread/INFO][m [36m(Minecraft)[m [0mCreated: 1024x512x4 minecraft:textures/atlas/blocks.png-atlas
[m[34m[05:16:32][m [32m[Render thread/INFO][m [36m(Minecraft)[m [0mCreated: 256x256x4 minecraft:textures/atlas/signs.png-atlas
[m[34m[05:16:32][m [32m[Render thread/INFO][m [36m(Minecraft)[m [0mCreated: 512x512x4 minecraft:textures/atlas/banner_patterns.png-atlas
[m[34m[05:16:32][m [32m[Render thread/INFO][m [36m(Minecraft)[m [0mCreated: 512x512x4 minecraft:textures/atlas/shield_patterns.png-atlas
[m[34m[05:16:32][m [32m[Render thread/INFO][m [36m(Minecraft)[m [0mCreated: 1024x1024x4 minecraft:textures/atlas/armor_trims.png-atlas
[m[34m[05:16:32][m [32m[Render thread/INFO][m [36m(Minecraft)[m [0mCreated: 256x256x4 minecraft:textures/atlas/chest.png-atlas
[m[34m[05:16:32][m [32m[Render thread/INFO][m [36m(Minecraft)[m [0mCreated: 128x64x4 minecraft:textures/atlas/decorated_pot.png-atlas
[m[34m[05:16:32][m [32m[Render thread/INFO][m [36m(Minecraft)[m [0mCreated: 512x256x4 minecraft:textures/atlas/beds.png-atlas
[m[34m[05:16:32][m [32m[Render thread/INFO][m [36m(Minecraft)[m [0mCreated: 512x256x4 minecraft:textures/atlas/shulker_boxes.png-atlas
[m[34m[05:16:33][m [32m[Render thread/INFO][m [36m(Minecraft)[m [0mCreated: 64x64x0 minecraft:textures/atlas/map_decorations.png-atlas
[m[34m[05:16:33][m [32m[Render thread/INFO][m [36m(Minecraft)[m [0mCreated: 512x256x0 minecraft:textures/atlas/particles.png-atlas
[m[34m[05:16:33][m [32m[Render thread/INFO][m [36m(Minecraft)[m [0mCreated: 512x256x0 minecraft:textures/atlas/paintings.png-atlas
[m[34m[05:16:33][m [32m[Render thread/INFO][m [36m(Minecraft)[m [0mCreated: 256x128x0 minecraft:textures/atlas/mob_effects.png-atlas
[m[34m[05:16:33][m [32m[Render thread/INFO][m [36m(Minecraft)[m [0mCreated: 1024x512x0 minecraft:textures/atlas/gui.png-atlas
[m[34m[05:16:33][m [32m[Render thread/INFO][m [36m(Minecraft)[m [0mConnecting to 127.0.0.1, 25599
[m[34m[05:16:33][m [32m[Render thread/INFO][m [36m(aibot)[m [0mAIBot real-client auto-join watcher screen=net.minecraft.client.gui.screen.multiplayer.ConnectScreen
[m[34m[05:16:36][m [32m[Render thread/INFO][m [36m(Minecraft)[m [0mLoaded 48 advancements
[m[34m[05:16:41][m [32m[Render thread/INFO][m [36m(aibot)[m [0mAIBot real-client heartbeat diag crosshair_present=false target=MISS:BlockPos{x=4, y=-59, z=10}
[m[34m[05:16:51][m [32m[Render thread/INFO][m [36m(aibot)[m [0mAIBot real-client heartbeat diag crosshair_present=false target=MISS:BlockPos{x=4, y=-59, z=10}
[m[34m[05:17:01][m [32m[Render thread/INFO][m [36m(aibot)[m [0mAIBot real-client heartbeat diag crosshair_present=false target=MISS:BlockPos{x=4, y=-59, z=10}
[m[34m[05:17:11][m [32m[Render thread/INFO][m [36m(aibot)[m [0mAIBot real-client heartbeat diag crosshair_present=false target=MISS:BlockPos{x=4, y=-59, z=10}
[m[34m[05:17:21][m [32m[Render thread/INFO][m [36m(aibot)[m [0mAIBot real-client heartbeat diag crosshair_present=false target=MISS:BlockPos{x=4, y=-59, z=10}
[m[34m[05:17:31][m [32m[Render thread/INFO][m [36m(aibot)[m [0mAIBot real-client heartbeat diag crosshair_present=false target=MISS:BlockPos{x=4, y=-59, z=10}
[m[34m[05:17:41][m [32m[Render thread/INFO][m [36m(aibot)[m [0mAIBot real-client heartbeat diag crosshair_present=false target=MISS:BlockPos{x=4, y=-59, z=10}
[m[34m[05:17:51][m [32m[Render thread/INFO][m [36m(aibot)[m [0mAIBot real-client heartbeat diag crosshair_present=false target=MISS:BlockPos{x=4, y=-59, z=10}
[m[34m[05:18:01][m [32m[Render thread/INFO][m [36m(aibot)[m [0mAIBot real-client heartbeat diag crosshair_present=false target=MISS:BlockPos{x=4, y=-59, z=10}
[m[34m[05:18:11][m [32m[Render thread/INFO][m [36m(aibot)[m [0mAIBot real-client heartbeat diag crosshair_present=false target=MISS:BlockPos{x=4, y=-59, z=10}
[m[34m[05:18:21][m [32m[Render thread/INFO][m [36m(aibot)[m [0mAIBot real-client heartbeat diag crosshair_present=false target=MISS:BlockPos{x=4, y=-59, z=10}
[m[34m[05:18:31][m [32m[Render thread/INFO][m [36m(aibot)[m [0mAIBot real-client heartbeat diag crosshair_present=false target=MISS:BlockPos{x=4, y=-59, z=10}
[m[34m[05:18:41][m [32m[Render thread/INFO][m [36m(aibot)[m [0mAIBot real-client heartbeat diag crosshair_present=false target=MISS:BlockPos{x=4, y=-59, z=10}
[m[34m[05:18:51][m [32m[Render thread/INFO][m [36m(aibot)[m [0mAIBot real-client heartbeat diag crosshair_present=false target=MISS:BlockPos{x=4, y=-59, z=10}
[m[34m[05:19:01][m [32m[Render thread/INFO][m [36m(aibot)[m [0mAIBot real-client heartbeat diag crosshair_present=false target=MISS:BlockPos{x=4, y=-59, z=10}
[m[34m[05:19:11][m [32m[Render thread/INFO][m [36m(aibot)[m [0mAIBot real-client heartbeat diag crosshair_present=false target=MISS:BlockPos{x=4, y=-59, z=10}
[m[34m[05:19:21][m [32m[Render thread/INFO][m [36m(aibot)[m [0mAIBot real-client heartbeat diag crosshair_present=false target=MISS:BlockPos{x=4, y=-59, z=10}
[m[34m[05:19:31][m [32m[Render thread/INFO][m [36m(aibot)[m [0mAIBot real-client heartbeat diag crosshair_present=false target=MISS:BlockPos{x=-2, y=-59, z=6}
[m[34m[05:19:37][m [32m[Render thread/INFO][m [36m(Minecraft)[m [0m[System] [CHAT] Bob fue asesinado/a por Slime
[m[34m[05:19:41][m [32m[Render thread/INFO][m [36m(aibot)[m [0mAIBot real-client heartbeat diag crosshair_present=true target=BLOCK:Mutable{x=-8, y=-61, z=1}
[m[34m[05:19:51][m [32m[Render thread/INFO][m [36m(aibot)[m [0mAIBot real-client heartbeat diag crosshair_present=true target=BLOCK:Mutable{x=-8, y=-61, z=1}
[m[34m[05:20:01][m [32m[Render thread/INFO][m [36m(aibot)[m [0mAIBot real-client heartbeat diag crosshair_present=true target=BLOCK:Mutable{x=-8, y=-61, z=1}
[m[34m[05:20:11][m [32m[Render thread/INFO][m [36m(aibot)[m [0mAIBot real-client heartbeat diag crosshair_present=true target=BLOCK:Mutable{x=-8, y=-61, z=1}
[m[34m[05:20:21][m [32m[Render thread/INFO][m [36m(aibot)[m [0mAIBot real-client heartbeat diag crosshair_present=true target=BLOCK:Mutable{x=-8, y=-61, z=1}
[m[34m[05:20:31][m [32m[Render thread/INFO][m [36m(aibot)[m [0mAIBot real-client heartbeat diag crosshair_present=true target=BLOCK:Mutable{x=-8, y=-61, z=1}
[m[34m[05:20:38][m [33m[aibot-real-client-connector/WARN][m [36m(aibot)[m [0mreal-client control connect/read failed: java.net.SocketException: Connection reset
[m[34m[05:20:39][m [31m[Netty Client IO #0/ERROR][m [36m(Minecraft)[m [31mNegative index in crash report handler (13/21)
[m[34m[05:20:39][m [33m[Render thread/WARN][m [36m(Minecraft)[m [0mClient disconnected with reason: Internal Exception: java.net.SocketException: Connection reset
[m[34m[05:20:39][m [32m[Render thread/INFO][m [36m(aibot)[m [0mAIBot real-client auto-join watcher screen=net.minecraft.client.gui.screen.DisconnectedScreen
[m[34m[05:20:39][m [32m[Render thread/INFO][m [36m(aibot)[m [0mAIBot real-client auto-join 127.0.0.1:25599 (attempt 1)
[m[34m[05:20:39][m [32m[Render thread/INFO][m [36m(Minecraft)[m [0mConnecting to 127.0.0.1, 25599
[m[34m[05:20:39][m [31m[Server Connector #2/ERROR][m [36m(Minecraft)[m [31mCouldn't connect to server
[m io.netty.channel.AbstractChannel$AnnotatedConnectException: Connection refused: getsockopt: kubernetes.docker.internal/127.0.0.1:25599
Caused by: java.net.ConnectException: Connection refused: getsockopt
	at java.base/sun.nio.ch.Net.pollConnect(Native Method) ~[?:?]
	at java.base/sun.nio.ch.Net.pollConnectNow(Net.java:694) ~[?:?]
	at java.base/sun.nio.ch.SocketChannelImpl.finishConnect(SocketChannelImpl.java:973) ~[?:?]
	at knot/io.netty.channel.socket.nio.NioSocketChannel.doFinishConnect(NioSocketChannel.java:337) ~[netty-transport-4.1.97.Final.jar:?]
	at knot/io.netty.channel.nio.AbstractNioChannel$AbstractNioUnsafe.finishConnect(AbstractNioChannel.java:334) ~[netty-transport-4.1.97.Final.jar:?]
	at knot/io.netty.channel.nio.NioEventLoop.processSelectedKey(NioEventLoop.java:776) ~[netty-transport-4.1.97.Final.jar:?]
	at knot/io.netty.channel.nio.NioEventLoop.processSelectedKeysOptimized(NioEventLoop.java:724) ~[netty-transport-4.1.97.Final.jar:?]
	at knot/io.netty.channel.nio.NioEventLoop.processSelectedKeys(NioEventLoop.java:650) ~[netty-transport-4.1.97.Final.jar:?]
	at knot/io.netty.channel.nio.NioEventLoop.run(NioEventLoop.java:562) ~[netty-transport-4.1.97.Final.jar:?]
	at knot/io.netty.util.concurrent.SingleThreadEventExecutor$4.run(SingleThreadEventExecutor.java:997) ~[netty-common-4.1.97.Final.jar:?]
	at knot/io.netty.util.internal.ThreadExecutorMap$2.run(ThreadExecutorMap.java:74) ~[netty-common-4.1.97.Final.jar:?]
	at java.base/java.lang.Thread.run(Thread.java:1583) ~[?:?]
[34m[05:20:39][m [33m[aibot-real-client-connector/WARN][m [36m(aibot)[m [0mreal-client control connect/read failed: java.net.ConnectException: Connection refused: getsockopt
[m[34m[05:20:41][m [33m[aibot-real-client-connector/WARN][m [36m(aibot)[m [0mreal-client control connect/read failed: java.net.ConnectException: Connection refused: getsockopt
[m[34m[05:20:44][m [32m[Render thread/INFO][m [36m(aibot)[m [0mAIBot real-client auto-join 127.0.0.1:25599 (attempt 2)
[m[34m[05:20:44][m [32m[Render thread/INFO][m [36m(Minecraft)[m [0mConnecting to 127.0.0.1, 25599
[m[34m[05:20:44][m [31m[Server Connector #3/ERROR][m [36m(Minecraft)[m [31mCouldn't connect to server
[m io.netty.channel.AbstractChannel$AnnotatedConnectException: Connection refused: getsockopt: kubernetes.docker.internal/127.0.0.1:25599
Caused by: java.net.ConnectException: Connection refused: getsockopt
	at java.base/sun.nio.ch.Net.pollConnect(Native Method) ~[?:?]
	at java.base/sun.nio.ch.Net.pollConnectNow(Net.java:694) ~[?:?]
	at java.base/sun.nio.ch.SocketChannelImpl.finishConnect(SocketChannelImpl.java:973) ~[?:?]
	at knot/io.netty.channel.socket.nio.NioSocketChannel.doFinishConnect(NioSocketChannel.java:337) ~[netty-transport-4.1.97.Final.jar:?]
	at knot/io.netty.channel.nio.AbstractNioChannel$AbstractNioUnsafe.finishConnect(AbstractNioChannel.java:334) ~[netty-transport-4.1.97.Final.jar:?]
	at knot/io.netty.channel.nio.NioEventLoop.processSelectedKey(NioEventLoop.java:776) ~[netty-transport-4.1.97.Final.jar:?]
	at knot/io.netty.channel.nio.NioEventLoop.processSelectedKeysOptimized(NioEventLoop.java:724) ~[netty-transport-4.1.97.Final.jar:?]
	at knot/io.netty.channel.nio.NioEventLoop.processSelectedKeys(NioEventLoop.java:650) ~[netty-transport-4.1.97.Final.jar:?]
	at knot/io.netty.channel.nio.NioEventLoop.run(NioEventLoop.java:562) ~[netty-transport-4.1.97.Final.jar:?]
	at knot/io.netty.util.concurrent.SingleThreadEventExecutor$4.run(SingleThreadEventExecutor.java:997) ~[netty-common-4.1.97.Final.jar:?]
	at knot/io.netty.util.internal.ThreadExecutorMap$2.run(ThreadExecutorMap.java:74) ~[netty-common-4.1.97.Final.jar:?]
	at java.base/java.lang.Thread.run(Thread.java:1583) ~[?:?]
[34m[05:20:45][m [33m[aibot-real-client-connector/WARN][m [36m(aibot)[m [0mreal-client control connect/read failed: java.net.ConnectException: Connection refused: getsockopt
[m[34m[05:20:49][m [32m[Render thread/INFO][m [36m(aibot)[m [0mAIBot real-client auto-join 127.0.0.1:25599 (attempt 3)
[m[34m[05:20:49][m [32m[Render thread/INFO][m [36m(Minecraft)[m [0mConnecting to 127.0.0.1, 25599
[m[34m[05:20:49][m [31m[Server Connector #4/ERROR][m [36m(Minecraft)[m [31mCouldn't connect to server
[m io.netty.channel.AbstractChannel$AnnotatedConnectException: Connection refused: getsockopt: kubernetes.docker.internal/127.0.0.1:25599
Caused by: java.net.ConnectException: Connection refused: getsockopt
	at java.base/sun.nio.ch.Net.pollConnect(Native Method) ~[?:?]
	at java.base/sun.nio.ch.Net.pollConnectNow(Net.java:694) ~[?:?]
	at java.base/sun.nio.ch.SocketChannelImpl.finishConnect(SocketChannelImpl.java:973) ~[?:?]
	at knot/io.netty.channel.socket.nio.NioSocketChannel.doFinishConnect(NioSocketChannel.java:337) ~[netty-transport-4.1.97.Final.jar:?]
	at knot/io.netty.channel.nio.AbstractNioChannel$AbstractNioUnsafe.finishConnect(AbstractNioChannel.java:334) ~[netty-transport-4.1.97.Final.jar:?]
	at knot/io.netty.channel.nio.NioEventLoop.processSelectedKey(NioEventLoop.java:776) ~[netty-transport-4.1.97.Final.jar:?]
	at knot/io.netty.channel.nio.NioEventLoop.processSelectedKeysOptimized(NioEventLoop.java:724) ~[netty-transport-4.1.97.Final.jar:?]
	at knot/io.netty.channel.nio.NioEventLoop.processSelectedKeys(NioEventLoop.java:650) ~[netty-transport-4.1.97.Final.jar:?]
	at knot/io.netty.channel.nio.NioEventLoop.run(NioEventLoop.java:562) ~[netty-transport-4.1.97.Final.jar:?]
	at knot/io.netty.util.concurrent.SingleThreadEventExecutor$4.run(SingleThreadEventExecutor.java:997) ~[netty-common-4.1.97.Final.jar:?]
	at knot/io.netty.util.internal.ThreadExecutorMap$2.run(ThreadExecutorMap.java:74) ~[netty-common-4.1.97.Final.jar:?]
	at java.base/java.lang.Thread.run(Thread.java:1583) ~[?:?]
[34m[05:20:53][m [33m[aibot-real-client-connector/WARN][m [36m(aibot)[m [0mreal-client control connect/read failed: java.net.ConnectException: Connection refused: getsockopt
[m[34m[05:20:54][m [32m[Render thread/INFO][m [36m(aibot)[m [0mAIBot real-client auto-join 127.0.0.1:25599 (attempt 4)
[m[34m[05:20:54][m [32m[Render thread/INFO][m [36m(Minecraft)[m [0mConnecting to 127.0.0.1, 25599
[m[34m[05:20:54][m [31m[Server Connector #5/ERROR][m [36m(Minecraft)[m [31mCouldn't connect to server
[m io.netty.channel.AbstractChannel$AnnotatedConnectException: Connection refused: getsockopt: kubernetes.docker.internal/127.0.0.1:25599
Caused by: java.net.ConnectException: Connection refused: getsockopt
	at java.base/sun.nio.ch.Net.pollConnect(Native Method) ~[?:?]
	at java.base/sun.nio.ch.Net.pollConnectNow(Net.java:694) ~[?:?]
	at java.base/sun.nio.ch.SocketChannelImpl.finishConnect(SocketChannelImpl.java:973) ~[?:?]
	at knot/io.netty.channel.socket.nio.NioSocketChannel.doFinishConnect(NioSocketChannel.java:337) ~[netty-transport-4.1.97.Final.jar:?]
	at knot/io.netty.channel.nio.AbstractNioChannel$AbstractNioUnsafe.finishConnect(AbstractNioChannel.java:334) ~[netty-transport-4.1.97.Final.jar:?]
	at knot/io.netty.channel.nio.NioEventLoop.processSelectedKey(NioEventLoop.java:776) ~[netty-transport-4.1.97.Final.jar:?]
	at knot/io.netty.channel.nio.NioEventLoop.processSelectedKeysOptimized(NioEventLoop.java:724) ~[netty-transport-4.1.97.Final.jar:?]
	at knot/io.netty.channel.nio.NioEventLoop.processSelectedKeys(NioEventLoop.java:650) ~[netty-transport-4.1.97.Final.jar:?]
	at knot/io.netty.channel.nio.NioEventLoop.run(NioEventLoop.java:562) ~[netty-transport-4.1.97.Final.jar:?]
	at knot/io.netty.util.concurrent.SingleThreadEventExecutor$4.run(SingleThreadEventExecutor.java:997) ~[netty-common-4.1.97.Final.jar:?]
	at knot/io.netty.util.internal.ThreadExecutorMap$2.run(ThreadExecutorMap.java:74) ~[netty-common-4.1.97.Final.jar:?]
	at java.base/java.lang.Thread.run(Thread.java:1583) ~[?:?]
[34m[05:20:59][m [32m[Render thread/INFO][m [36m(aibot)[m [0mAIBot real-client auto-join 127.0.0.1:25599 (attempt 5)
[m[34m[05:20:59][m [32m[Render thread/INFO][m [36m(Minecraft)[m [0mConnecting to 127.0.0.1, 25599
[m[34m[05:20:59][m [31m[Server Connector #6/ERROR][m [36m(Minecraft)[m [31mCouldn't connect to server
[m io.netty.channel.AbstractChannel$AnnotatedConnectException: Connection refused: getsockopt: kubernetes.docker.internal/127.0.0.1:25599
Caused by: java.net.ConnectException: Connection refused: getsockopt
	at java.base/sun.nio.ch.Net.pollConnect(Native Method) ~[?:?]
	at java.base/sun.nio.ch.Net.pollConnectNow(Net.java:694) ~[?:?]
	at java.base/sun.nio.ch.SocketChannelImpl.finishConnect(SocketChannelImpl.java:973) ~[?:?]
	at knot/io.netty.channel.socket.nio.NioSocketChannel.doFinishConnect(NioSocketChannel.java:337) ~[netty-transport-4.1.97.Final.jar:?]
	at knot/io.netty.channel.nio.AbstractNioChannel$AbstractNioUnsafe.finishConnect(AbstractNioChannel.java:334) ~[netty-transport-4.1.97.Final.jar:?]
	at knot/io.netty.channel.nio.NioEventLoop.processSelectedKey(NioEventLoop.java:776) ~[netty-transport-4.1.97.Final.jar:?]
	at knot/io.netty.channel.nio.NioEventLoop.processSelectedKeysOptimized(NioEventLoop.java:724) ~[netty-transport-4.1.97.Final.jar:?]
	at knot/io.netty.channel.nio.NioEventLoop.processSelectedKeys(NioEventLoop.java:650) ~[netty-transport-4.1.97.Final.jar:?]
	at knot/io.netty.channel.nio.NioEventLoop.run(NioEventLoop.java:562) ~[netty-transport-4.1.97.Final.jar:?]
	at knot/io.netty.util.concurrent.SingleThreadEventExecutor$4.run(SingleThreadEventExecutor.java:997) ~[netty-common-4.1.97.Final.jar:?]
	at knot/io.netty.util.internal.ThreadExecutorMap$2.run(ThreadExecutorMap.java:74) ~[netty-common-4.1.97.Final.jar:?]
	at java.base/java.lang.Thread.run(Thread.java:1583) ~[?:?]
[34m[05:21:01][m [33m[aibot-real-client-connector/WARN][m [36m(aibot)[m [0mreal-client control connect/read failed: java.net.ConnectException: Connection refused: getsockopt
[m[34m[05:21:04][m [32m[Render thread/INFO][m [36m(aibot)[m [0mAIBot real-client auto-join 127.0.0.1:25599 (attempt 6)
[m[34m[05:21:04][m [32m[Render thread/INFO][m [36m(Minecraft)[m [0mConnecting to 127.0.0.1, 25599
[m[34m[05:21:04][m [31m[Server Connector #7/ERROR][m [36m(Minecraft)[m [31mCouldn't connect to server
[m io.netty.channel.AbstractChannel$AnnotatedConnectException: Connection refused: getsockopt: kubernetes.docker.internal/127.0.0.1:25599
Caused by: java.net.ConnectException: Connection refused: getsockopt
	at java.base/sun.nio.ch.Net.pollConnect(Native Method) ~[?:?]
	at java.base/sun.nio.ch.Net.pollConnectNow(Net.java:694) ~[?:?]
	at java.base/sun.nio.ch.SocketChannelImpl.finishConnect(SocketChannelImpl.java:973) ~[?:?]
	at knot/io.netty.channel.socket.nio.NioSocketChannel.doFinishConnect(NioSocketChannel.java:337) ~[netty-transport-4.1.97.Final.jar:?]
	at knot/io.netty.channel.nio.AbstractNioChannel$AbstractNioUnsafe.finishConnect(AbstractNioChannel.java:334) ~[netty-transport-4.1.97.Final.jar:?]
	at knot/io.netty.channel.nio.NioEventLoop.processSelectedKey(NioEventLoop.java:776) ~[netty-transport-4.1.97.Final.jar:?]
	at knot/io.netty.channel.nio.NioEventLoop.processSelectedKeysOptimized(NioEventLoop.java:724) ~[netty-transport-4.1.97.Final.jar:?]
	at knot/io.netty.channel.nio.NioEventLoop.processSelectedKeys(NioEventLoop.java:650) ~[netty-transport-4.1.97.Final.jar:?]
	at knot/io.netty.channel.nio.NioEventLoop.run(NioEventLoop.java:562) ~[netty-transport-4.1.97.Final.jar:?]
	at knot/io.netty.util.concurrent.SingleThreadEventExecutor$4.run(SingleThreadEventExecutor.java:997) ~[netty-common-4.1.97.Final.jar:?]
	at knot/io.netty.util.internal.ThreadExecutorMap$2.run(ThreadExecutorMap.java:74) ~[netty-common-4.1.97.Final.jar:?]
	at java.base/java.lang.Thread.run(Thread.java:1583) ~[?:?]
[34m[05:21:09][m [32m[Render thread/INFO][m [36m(aibot)[m [0mAIBot real-client auto-join 127.0.0.1:25599 (attempt 7)
[m[34m[05:21:09][m [32m[Render thread/INFO][m [36m(Minecraft)[m [0mConnecting to 127.0.0.1, 25599
[m[34m[05:21:09][m [32m[Render thread/INFO][m [36m(aibot)[m [0mAIBot real-client auto-join watcher screen=net.minecraft.client.gui.screen.multiplayer.ConnectScreen
[m[34m[05:21:09][m [32m[Render thread/INFO][m [36m(aibot)[m [0mAIBot real-client auto-join watcher screen=net.minecraft.client.gui.screen.DisconnectedScreen
[m[34m[05:21:09][m [32m[aibot-real-client-connector/INFO][m [36m(aibot)[m [0mAIBot real-client control connected body_id=bob session=8f4ac881-10b4-4955-9321-d2b5a9c1f485
[m[34m[05:21:14][m [32m[Render thread/INFO][m [36m(aibot)[m [0mAIBot real-client auto-join 127.0.0.1:25599 (attempt 8)
[m[34m[05:21:14][m [32m[Render thread/INFO][m [36m(Minecraft)[m [0mConnecting to 127.0.0.1, 25599
[m[34m[05:21:19][m [32m[Render thread/INFO][m [36m(aibot)[m [0mAIBot real-client auto-join 127.0.0.1:25599 (attempt 9)
[m[34m[05:21:19][m [32m[Render thread/INFO][m [36m(Minecraft)[m [0mConnecting to 127.0.0.1, 25599
[m[34m[05:21:24][m [32m[Render thread/INFO][m [36m(aibot)[m [0mAIBot real-client auto-join 127.0.0.1:25599 (attempt 10)
[m[34m[05:21:24][m [32m[Render thread/INFO][m [36m(Minecraft)[m [0mConnecting to 127.0.0.1, 25599
[m[34m[05:21:29][m [32m[Render thread/INFO][m [36m(aibot)[m [0mAIBot real-client auto-join 127.0.0.1:25599 (attempt 11)
[m[34m[05:21:29][m [32m[Render thread/INFO][m [36m(Minecraft)[m [0mConnecting to 127.0.0.1, 25599
[m[34m[05:21:34][m [32m[Render thread/INFO][m [36m(aibot)[m [0mAIBot real-client auto-join 127.0.0.1:25599 (attempt 12)
[m[34m[05:21:34][m [32m[Render thread/INFO][m [36m(Minecraft)[m [0mConnecting to 127.0.0.1, 25599
[m[34m[05:21:39][m [32m[Render thread/INFO][m [36m(aibot)[m [0mAIBot real-client auto-join 127.0.0.1:25599 (attempt 13)
[m
=== real-client launch 2026-09-12T21:21:40Z ===
[34m[05:21:42][m [32m[main/INFO][m [36m(FabricLoader/GameProvider)[m [0mLoading Minecraft 1.21.3 with Fabric Loader 0.18.4
[m[34m[05:21:42][m [32m[main/INFO][m [36m(FabricLoader)[m [0mLoading 55 mods:
	- aibot 0.0.1
	- fabric-api 0.114.1+1.21.3
	- fabric-api-base 0.4.50+119c825640
	- fabric-api-lookup-api-v1 1.6.81+fd37071f40
	- fabric-biome-api-v1 14.0.7+add2a48640
	- fabric-block-api-v1 1.0.28+fd37071f40
	- fabric-block-view-api-v2 1.0.16+fd37071f40
	- fabric-blockrenderlayer-v1 2.0.4+fd37071f40
	- fabric-client-tags-api-v1 1.1.25+a730659c40
	- fabric-command-api-v1 1.2.58+f71b366f40
	- fabric-command-api-v2 2.2.37+c9d82ab240
	- fabric-commands-v0 0.2.75+df3654b340
	- fabric-content-registries-v0 9.1.8+fd37071f40
	- fabric-convention-tags-v1 2.1.4+7f945d5b40
	- fabric-convention-tags-v2 2.9.4+129f0c1f40
	- fabric-crash-report-info-v1 0.3.3+fd37071f40
	- fabric-data-attachment-api-v1 1.4.0+dbad41f140
	- fabric-data-generation-api-v1 21.1.2+a730659c40
	- fabric-dimensions-v1 4.0.7+fd37071f40
	- fabric-entity-events-v1 2.0.8+825023f840
	- fabric-events-interaction-v0 2.0.12+c2c3ac4740
	- fabric-game-rule-api-v1 1.0.59+fd37071f40
	- fabric-gametest-api-v1 2.0.15+fd37071f40
	- fabric-item-api-v1 11.1.7+fd37071f40
	- fabric-item-group-api-v1 4.1.17+fd37071f40
	- fabric-key-binding-api-v1 1.0.53+fd37071f40
	- fabric-keybindings-v0 0.2.51+df3654b340
	- fabric-lifecycle-events-v1 2.5.1+6da5ef6940
	- fabric-loot-api-v2 3.0.26+3f89f5a540
	- fabric-loot-api-v3 1.0.14+fd37071f40
	- fabric-message-api-v1 6.0.22+5a9b22c640
	- fabric-model-loading-api-v1 3.0.9+fd37071f40
	- fabric-networking-api-v1 4.3.5+fd37071f40
	- fabric-object-builder-api-v1 17.0.9+fd37071f40
	- fabric-particles-v1 4.0.10+fd37071f40
	- fabric-recipe-api-v1 7.0.5+8ea69ff840
	- fabric-registry-sync-v0 5.4.1+3f3c499540
	- fabric-renderer-api-v1 4.0.5+fd37071f40
	- fabric-renderer-indigo 1.9.5+fd37071f40
	- fabric-rendering-data-attachment-v1 0.3.54+73761d2e40
	- fabric-rendering-fluids-v1 3.1.15+fd37071f40
	- fabric-rendering-v0 1.1.84+df3654b340
	- fabric-rendering-v1 8.0.8+6922831640
	- fabric-resource-conditions-api-v1 5.0.8+fd37071f40
	- fabric-resource-loader-v0 3.0.6+fd37071f40
	- fabric-screen-api-v1 2.0.34+fd37071f40
	- fabric-screen-handler-api-v1 1.3.103+fd37071f40
	- fabric-sound-api-v1 1.0.29+fd37071f40
	- fabric-tag-api-v1 1.0.0+a730659c40
	- fabric-transfer-api-v1 5.4.3+cb44d14340
	- fabric-transitive-access-wideners-v1 6.2.0+54a41b1c40
	- fabricloader 0.18.4
	- java 21
	- minecraft 1.21.3
	- mixinextras 0.5.0
[m[34m[05:21:42][m [32m[main/INFO][m [36m(FabricLoader/Mixin)[m [0mSpongePowered MIXIN Subsystem Version=0.8.7 Source=file:/C:/Users/15027/.gradle/caches/modules-2/files-2.1/net.fabricmc/sponge-mixin/0.17.0+mixin.0.8.7/cf31463202f72d03b0ef1e1e38e8ee71b7faaab6/sponge-mixin-0.17.0+mixin.0.8.7.jar Service=Knot/Fabric Env=CLIENT
[m[34m[05:21:42][m [32m[main/INFO][m [36m(FabricLoader/Mixin)[m [0mLoaded Fabric development mappings for mixin remapper!
[m[34m[05:21:42][m [32m[main/INFO][m [36m(FabricLoader/Mixin)[m [0mCompatibility level set to JAVA_21
[m[34m[05:21:44][m [32m[main/INFO][m [36m(FabricLoader/MixinExtras|Service)[m [0mInitializing MixinExtras via com.llamalad7.mixinextras.service.MixinExtrasServiceImpl(version=0.5.0).
[m[34m[05:21:45][m [32m[Datafixer Bootstrap/INFO][m [36m(Minecraft)[m [0m237 Datafixer optimizations took 364 milliseconds
[m[34m[05:21:52][m [32m[Render thread/INFO][m [36m(Minecraft)[m [0mEnvironment: Environment[sessionHost=https://sessionserver.mojang.com, servicesHost=https://api.minecraftservices.com, name=PROD]
[m[34m[05:21:52][m [32m[Render thread/INFO][m [36m(Minecraft)[m [0mSetting user: Bob
[m[34m[05:21:53][m [32m[Render thread/INFO][m [36m(aibot)[m [0m[AIBot] CONFIG event=operating_profile_resolved bot=- {configured_emergency_teleport=true, effective_capabilities=[], configured_manual_teleport=true, profile=strict_survival, source=FILE_OR_DEFAULT, configured_forced_pickup=true, configured_hidden_block_scan=true}
[m[34m[05:21:53][m [33m[Render thread/WARN][m [36m(aibot)[m [0m[AIBot] CONFIG event=deepseek_key_missing bot=- {}
[m[34m[05:21:53][m [32m[Render thread/INFO][m [36m(aibot)[m [0m[AIBot] LIFECYCLE event=mod_loaded bot=- {version=0.0.1}
[m[34m[05:21:53][m [32m[Render thread/INFO][m [36m(aibot)[m [0m[AIBot] CONFIG event=config_loaded bot=- {logging_enabled=true, configured_operator_capabilities=OperatorCapabilities[hiddenBlockScan=true, emergencyTeleport=true, forcedPickup=true, manualTeleport=true], deepseek_model=deepseek-v4-flash, effective_capabilities=[], perception_radius=16, pickup_force_radius=2.75, profile=strict_survival, nav_lookahead=4}
[m[34m[05:21:53][m [32m[Render thread/INFO][m [36m(aibot)[m [0m================================
[m[34m[05:21:53][m [32m[Render thread/INFO][m [36m(aibot)[m [0m  AIBot v0.0.1 loaded
[m[34m[05:21:53][m [32m[Render thread/INFO][m [36m(aibot)[m [0m  Mode: M6 structured logs over M5 tasks
[m[34m[05:21:53][m [32m[Render thread/INFO][m [36m(aibot)[m [0m================================
[m[34m[05:21:53][m [32m[Render thread/INFO][m [36m(Indigo)[m [0m[Indigo] Registering Indigo renderer!
[m[34m[05:21:53][m [32m[Render thread/INFO][m [36m(aibot)[m [0mAIBot real-client runtime enabled body_id=bob player=Bob control=127.0.0.1:8766 auto_join=127.0.0.1:25599
[m[34m[05:21:53][m [32m[aibot-real-client-connector/INFO][m [36m(aibot)[m [0mAIBot real-client control connected body_id=bob session=4e0c63c4-d6c7-4b8c-b443-1d957bc6f096
[m[34m[05:21:54][m [32m[Render thread/INFO][m [36m(Minecraft)[m [0mBackend library: LWJGL version 3.3.3-snapshot
[m[34m[05:21:56][m [32m[Render thread/INFO][m [36m(Minecraft)[m [0mReloading ResourceManager: vanilla, fabric, aibot, fabric-api, fabric-api-base, fabric-api-lookup-api-v1, fabric-biome-api-v1, fabric-block-api-v1, fabric-block-view-api-v2, fabric-blockrenderlayer-v1, fabric-client-tags-api-v1, fabric-command-api-v1, fabric-command-api-v2, fabric-commands-v0, fabric-content-registries-v0, fabric-convention-tags-v1, fabric-convention-tags-v2, fabric-crash-report-info-v1, fabric-data-attachment-api-v1, fabric-data-generation-api-v1, fabric-dimensions-v1, fabric-entity-events-v1, fabric-events-interaction-v0, fabric-game-rule-api-v1, fabric-gametest-api-v1, fabric-item-api-v1, fabric-item-group-api-v1, fabric-key-binding-api-v1, fabric-keybindings-v0, fabric-lifecycle-events-v1, fabric-loot-api-v2, fabric-loot-api-v3, fabric-message-api-v1, fabric-model-loading-api-v1, fabric-networking-api-v1, fabric-object-builder-api-v1, fabric-particles-v1, fabric-recipe-api-v1, fabric-registry-sync-v0, fabric-renderer-api-v1, fabric-renderer-indigo, fabric-rendering-data-attachment-v1, fabric-rendering-fluids-v1, fabric-rendering-v0, fabric-rendering-v1, fabric-resource-conditions-api-v1, fabric-resource-loader-v0, fabric-screen-api-v1, fabric-screen-handler-api-v1, fabric-sound-api-v1, fabric-tag-api-v1, fabric-transfer-api-v1, fabric-transitive-access-wideners-v1, fabricloader
[m[34m[05:21:56][m [32m[Worker-Main-14/INFO][m [36m(Minecraft)[m [0mFound unifont_all_no_pua-15.1.05.hex, loading
[m[34m[05:21:56][m [32m[Worker-Main-10/INFO][m [36m(Minecraft)[m [0mFound unifont_jp_patch-15.1.05.hex, loading
[m[34m[05:21:56][m [32m[Render thread/INFO][m [36m(aibot)[m [0mAIBot real-client auto-join watcher screen=net.minecraft.client.gui.screen.MessageScreen
[m[34m[05:21:57][m [33m[Render thread/WARN][m [36m(Minecraft)[m [0mMissing sound for event: minecraft:block.spawner.fall
[m[34m[05:21:57][m [32m[Render thread/INFO][m [36m(Minecraft)[m [0mOpenAL initialized on device OpenAL Soft on æ‰¬å£°å™¨ (Steam Streaming Speakers)
[m[34m[05:21:57][m [32m[Render thread/INFO][m [36m(Minecraft)[m [0mSound engine started
[m[34m[05:21:58][m [32m[Render thread/INFO][m [36m(Minecraft)[m [0mCreated: 1024x512x4 minecraft:textures/atlas/blocks.png-atlas
[m[34m[05:21:58][m [32m[Render thread/INFO][m [36m(Minecraft)[m [0mCreated: 256x256x4 minecraft:textures/atlas/signs.png-atlas
[m[34m[05:21:58][m [32m[Render thread/INFO][m [36m(Minecraft)[m [0mCreated: 512x512x4 minecraft:textures/atlas/banner_patterns.png-atlas
[m[34m[05:21:58][m [32m[Render thread/INFO][m [36m(Minecraft)[m [0mCreated: 512x512x4 minecraft:textures/atlas/shield_patterns.png-atlas
[m[34m[05:21:58][m [32m[Render thread/INFO][m [36m(Minecraft)[m [0mCreated: 1024x1024x4 minecraft:textures/atlas/armor_trims.png-atlas
[m[34m[05:21:58][m [32m[Render thread/INFO][m [36m(Minecraft)[m [0mCreated: 256x256x4 minecraft:textures/atlas/chest.png-atlas
[m[34m[05:21:58][m [32m[Render thread/INFO][m [36m(Minecraft)[m [0mCreated: 128x64x4 minecraft:textures/atlas/decorated_pot.png-atlas
[m[34m[05:21:58][m [32m[Render thread/INFO][m [36m(Minecraft)[m [0mCreated: 512x256x4 minecraft:textures/atlas/beds.png-atlas
[m[34m[05:21:58][m [32m[Render thread/INFO][m [36m(Minecraft)[m [0mCreated: 512x256x4 minecraft:textures/atlas/shulker_boxes.png-atlas
[m[34m[05:21:58][m [32m[Render thread/INFO][m [36m(Minecraft)[m [0mCreated: 64x64x0 minecraft:textures/atlas/map_decorations.png-atlas
[m[34m[05:21:58][m [32m[Render thread/INFO][m [36m(Minecraft)[m [0mCreated: 512x256x0 minecraft:textures/atlas/particles.png-atlas
[m[34m[05:21:58][m [32m[Render thread/INFO][m [36m(Minecraft)[m [0mCreated: 512x256x0 minecraft:textures/atlas/paintings.png-atlas
[m[34m[05:21:58][m [32m[Render thread/INFO][m [36m(Minecraft)[m [0mCreated: 256x128x0 minecraft:textures/atlas/mob_effects.png-atlas
[m[34m[05:21:58][m [32m[Render thread/INFO][m [36m(Minecraft)[m [0mCreated: 1024x512x0 minecraft:textures/atlas/gui.png-atlas
[m[34m[05:21:58][m [32m[Render thread/INFO][m [36m(Minecraft)[m [0mConnecting to 127.0.0.1, 25599
[m[34m[05:21:58][m [32m[Render thread/INFO][m [36m(aibot)[m [0mAIBot real-client auto-join watcher screen=net.minecraft.client.gui.screen.multiplayer.ConnectScreen
[m[34m[05:22:01][m [32m[Render thread/INFO][m [36m(Minecraft)[m [0mLoaded 48 advancements
[m[34m[05:22:06][m [32m[Render thread/INFO][m [36m(aibot)[m [0mAIBot real-client heartbeat diag crosshair_present=false target=MISS:BlockPos{x=4, y=-59, z=10}
[m[34m[05:22:16][m [32m[Render thread/INFO][m [36m(aibot)[m [0mAIBot real-client heartbeat diag crosshair_present=false target=MISS:BlockPos{x=4, y=-59, z=10}
[m[34m[05:22:26][m [32m[Render thread/INFO][m [36m(aibot)[m [0mAIBot real-client heartbeat diag crosshair_present=false target=MISS:BlockPos{x=4, y=-59, z=10}
[m[34m[05:22:36][m [32m[Render thread/INFO][m [36m(aibot)[m [0mAIBot real-client heartbeat diag crosshair_present=false target=MISS:BlockPos{x=4, y=-59, z=10}
[m[34m[05:22:46][m [32m[Render thread/INFO][m [36m(aibot)[m [0mAIBot real-client heartbeat diag crosshair_present=false target=MISS:BlockPos{x=4, y=-59, z=10}
[m[34m[05:22:56][m [32m[Render thread/INFO][m [36m(aibot)[m [0mAIBot real-client heartbeat diag crosshair_present=false target=MISS:BlockPos{x=4, y=-59, z=10}
[m[34m[05:23:06][m [32m[Render thread/INFO][m [36m(aibot)[m [0mAIBot real-client heartbeat diag crosshair_present=false target=MISS:BlockPos{x=4, y=-59, z=10}
[m[34m[05:23:16][m [32m[Render thread/INFO][m [36m(aibot)[m [0mAIBot real-client heartbeat diag crosshair_present=false target=MISS:BlockPos{x=4, y=-59, z=10}
[m[34m[05:23:26][m [32m[Render thread/INFO][m [36m(aibot)[m [0mAIBot real-client heartbeat diag crosshair_present=false target=MISS:BlockPos{x=4, y=-59, z=10}
[m[34m[05:23:36][m [32m[Render thread/INFO][m [36m(aibot)[m [0mAIBot real-client heartbeat diag crosshair_present=false target=MISS:BlockPos{x=4, y=-59, z=10}
[m[34m[05:23:46][m [32m[Render thread/INFO][m [36m(aibot)[m [0mAIBot real-client heartbeat diag crosshair_present=false target=MISS:BlockPos{x=4, y=-59, z=10}
[m[34m[05:23:56][m [32m[Render thread/INFO][m [36m(aibot)[m [0mAIBot real-client heartbeat diag crosshair_present=false target=MISS:BlockPos{x=4, y=-59, z=10}
[m[34m[05:24:06][m [32m[Render thread/INFO][m [36m(aibot)[m [0mAIBot real-client heartbeat diag crosshair_present=false target=MISS:BlockPos{x=4, y=-59, z=10}
[m[34m[05:24:16][m [32m[Render thread/INFO][m [36m(aibot)[m [0mAIBot real-client heartbeat diag crosshair_present=false target=MISS:BlockPos{x=4, y=-59, z=10}
[m[34m[05:24:26][m [32m[Render thread/INFO][m [36m(aibot)[m [0mAIBot real-client heartbeat diag crosshair_present=false target=MISS:BlockPos{x=4, y=-59, z=10}
[m[34m[05:24:36][m [32m[Render thread/INFO][m [36m(aibot)[m [0mAIBot real-client heartbeat diag crosshair_present=false target=MISS:BlockPos{x=4, y=-59, z=10}
[m[34m[05:24:43][m [33m[aibot-real-client-connector/WARN][m [36m(aibot)[m [0mreal-client control connect/read failed: java.net.SocketException: Connection reset
[m
=== real-client launch 2026-09-12T21:24:43Z ===
[34m[05:24:45][m [32m[main/INFO][m [36m(FabricLoader/GameProvider)[m [0mLoading Minecraft 1.21.3 with Fabric Loader 0.18.4
[m[34m[05:24:46][m [32m[main/INFO][m [36m(FabricLoader)[m [0mLoading 55 mods:
	- aibot 0.0.1
	- fabric-api 0.114.1+1.21.3
	- fabric-api-base 0.4.50+119c825640
	- fabric-api-lookup-api-v1 1.6.81+fd37071f40
	- fabric-biome-api-v1 14.0.7+add2a48640
	- fabric-block-api-v1 1.0.28+fd37071f40
	- fabric-block-view-api-v2 1.0.16+fd37071f40
	- fabric-blockrenderlayer-v1 2.0.4+fd37071f40
	- fabric-client-tags-api-v1 1.1.25+a730659c40
	- fabric-command-api-v1 1.2.58+f71b366f40
	- fabric-command-api-v2 2.2.37+c9d82ab240
	- fabric-commands-v0 0.2.75+df3654b340
	- fabric-content-registries-v0 9.1.8+fd37071f40
	- fabric-convention-tags-v1 2.1.4+7f945d5b40
	- fabric-convention-tags-v2 2.9.4+129f0c1f40
	- fabric-crash-report-info-v1 0.3.3+fd37071f40
	- fabric-data-attachment-api-v1 1.4.0+dbad41f140
	- fabric-data-generation-api-v1 21.1.2+a730659c40
	- fabric-dimensions-v1 4.0.7+fd37071f40
	- fabric-entity-events-v1 2.0.8+825023f840
	- fabric-events-interaction-v0 2.0.12+c2c3ac4740
	- fabric-game-rule-api-v1 1.0.59+fd37071f40
	- fabric-gametest-api-v1 2.0.15+fd37071f40
	- fabric-item-api-v1 11.1.7+fd37071f40
	- fabric-item-group-api-v1 4.1.17+fd37071f40
	- fabric-key-binding-api-v1 1.0.53+fd37071f40
	- fabric-keybindings-v0 0.2.51+df3654b340
	- fabric-lifecycle-events-v1 2.5.1+6da5ef6940
	- fabric-loot-api-v2 3.0.26+3f89f5a540
	- fabric-loot-api-v3 1.0.14+fd37071f40
	- fabric-message-api-v1 6.0.22+5a9b22c640
	- fabric-model-loading-api-v1 3.0.9+fd37071f40
	- fabric-networking-api-v1 4.3.5+fd37071f40
	- fabric-object-builder-api-v1 17.0.9+fd37071f40
	- fabric-particles-v1 4.0.10+fd37071f40
	- fabric-recipe-api-v1 7.0.5+8ea69ff840
	- fabric-registry-sync-v0 5.4.1+3f3c499540
	- fabric-renderer-api-v1 4.0.5+fd37071f40
	- fabric-renderer-indigo 1.9.5+fd37071f40
	- fabric-rendering-data-attachment-v1 0.3.54+73761d2e40
	- fabric-rendering-fluids-v1 3.1.15+fd37071f40
	- fabric-rendering-v0 1.1.84+df3654b340
	- fabric-rendering-v1 8.0.8+6922831640
	- fabric-resource-conditions-api-v1 5.0.8+fd37071f40
	- fabric-resource-loader-v0 3.0.6+fd37071f40
	- fabric-screen-api-v1 2.0.34+fd37071f40
	- fabric-screen-handler-api-v1 1.3.103+fd37071f40
	- fabric-sound-api-v1 1.0.29+fd37071f40
	- fabric-tag-api-v1 1.0.0+a730659c40
	- fabric-transfer-api-v1 5.4.3+cb44d14340
	- fabric-transitive-access-wideners-v1 6.2.0+54a41b1c40
	- fabricloader 0.18.4
	- java 21
	- minecraft 1.21.3
	- mixinextras 0.5.0
[m[34m[05:24:46][m [32m[main/INFO][m [36m(FabricLoader/Mixin)[m [0mSpongePowered MIXIN Subsystem Version=0.8.7 Source=file:/C:/Users/15027/.gradle/caches/modules-2/files-2.1/net.fabricmc/sponge-mixin/0.17.0+mixin.0.8.7/cf31463202f72d03b0ef1e1e38e8ee71b7faaab6/sponge-mixin-0.17.0+mixin.0.8.7.jar Service=Knot/Fabric Env=CLIENT
[m[34m[05:24:46][m [32m[main/INFO][m [36m(FabricLoader/Mixin)[m [0mLoaded Fabric development mappings for mixin remapper!
[m[34m[05:24:46][m [32m[main/INFO][m [36m(FabricLoader/Mixin)[m [0mCompatibility level set to JAVA_21
[m[34m[05:24:48][m [32m[main/INFO][m [36m(FabricLoader/MixinExtras|Service)[m [0mInitializing MixinExtras via com.llamalad7.mixinextras.service.MixinExtrasServiceImpl(version=0.5.0).
[m[34m[05:24:49][m [32m[Datafixer Bootstrap/INFO][m [36m(Minecraft)[m [0m237 Datafixer optimizations took 381 milliseconds
[m[34m[05:24:56][m [32m[Render thread/INFO][m [36m(Minecraft)[m [0mEnvironment: Environment[sessionHost=https://sessionserver.mojang.com, servicesHost=https://api.minecraftservices.com, name=PROD]
[m[34m[05:24:56][m [32m[Render thread/INFO][m [36m(Minecraft)[m [0mSetting user: Bob
[m[34m[05:24:57][m [32m[Render thread/INFO][m [36m(aibot)[m [0m[AIBot] CONFIG event=operating_profile_resolved bot=- {profile=strict_survival, configured_manual_teleport=true, effective_capabilities=[], configured_emergency_teleport=true, configured_hidden_block_scan=true, configured_forced_pickup=true, source=FILE_OR_DEFAULT}
[m[34m[05:24:57][m [33m[Render thread/WARN][m [36m(aibot)[m [0m[AIBot] CONFIG event=deepseek_key_missing bot=- {}
[m[34m[05:24:57][m [32m[Render thread/INFO][m [36m(aibot)[m [0m[AIBot] LIFECYCLE event=mod_loaded bot=- {version=0.0.1}
[m[34m[05:24:57][m [32m[Render thread/INFO][m [36m(aibot)[m [0m[AIBot] CONFIG event=config_loaded bot=- {profile=strict_survival, pickup_force_radius=2.75, perception_radius=16, effective_capabilities=[], deepseek_model=deepseek-v4-flash, configured_operator_capabilities=OperatorCapabilities[hiddenBlockScan=true, emergencyTeleport=true, forcedPickup=true, manualTeleport=true], logging_enabled=true, nav_lookahead=4}
[m[34m[05:24:57][m [32m[Render thread/INFO][m [36m(aibot)[m [0m================================
[m[34m[05:24:57][m [32m[Render thread/INFO][m [36m(aibot)[m [0m  AIBot v0.0.1 loaded
[m[34m[05:24:57][m [32m[Render thread/INFO][m [36m(aibot)[m [0m  Mode: M6 structured logs over M5 tasks
[m[34m[05:24:57][m [32m[Render thread/INFO][m [36m(aibot)[m [0m================================
[m[34m[05:24:57][m [32m[Render thread/INFO][m [36m(Indigo)[m [0m[Indigo] Registering Indigo renderer!
[m[34m[05:24:58][m [33m[aibot-real-client-connector/WARN][m [36m(aibot)[m [0mreal-client control connect/read failed: java.net.ConnectException: Connection refused: getsockopt
[m[34m[05:24:58][m [32m[Render thread/INFO][m [36m(aibot)[m [0mAIBot real-client runtime enabled body_id=bob player=Bob control=127.0.0.1:8766 auto_join=127.0.0.1:25599
[m[34m[05:24:58][m [32m[Render thread/INFO][m [36m(Minecraft)[m [0mBackend library: LWJGL version 3.3.3-snapshot
[m[34m[05:24:59][m [33m[aibot-real-client-connector/WARN][m [36m(aibot)[m [0mreal-client control connect/read failed: java.net.ConnectException: Connection refused: getsockopt
[m[34m[05:25:00][m [32m[Render thread/INFO][m [36m(Minecraft)[m [0mReloading ResourceManager: vanilla, fabric, aibot, fabric-api, fabric-api-base, fabric-api-lookup-api-v1, fabric-biome-api-v1, fabric-block-api-v1, fabric-block-view-api-v2, fabric-blockrenderlayer-v1, fabric-client-tags-api-v1, fabric-command-api-v1, fabric-command-api-v2, fabric-commands-v0, fabric-content-registries-v0, fabric-convention-tags-v1, fabric-convention-tags-v2, fabric-crash-report-info-v1, fabric-data-attachment-api-v1, fabric-data-generation-api-v1, fabric-dimensions-v1, fabric-entity-events-v1, fabric-events-interaction-v0, fabric-game-rule-api-v1, fabric-gametest-api-v1, fabric-item-api-v1, fabric-item-group-api-v1, fabric-key-binding-api-v1, fabric-keybindings-v0, fabric-lifecycle-events-v1, fabric-loot-api-v2, fabric-loot-api-v3, fabric-message-api-v1, fabric-model-loading-api-v1, fabric-networking-api-v1, fabric-object-builder-api-v1, fabric-particles-v1, fabric-recipe-api-v1, fabric-registry-sync-v0, fabric-renderer-api-v1, fabric-renderer-indigo, fabric-rendering-data-attachment-v1, fabric-rendering-fluids-v1, fabric-rendering-v0, fabric-rendering-v1, fabric-resource-conditions-api-v1, fabric-resource-loader-v0, fabric-screen-api-v1, fabric-screen-handler-api-v1, fabric-sound-api-v1, fabric-tag-api-v1, fabric-transfer-api-v1, fabric-transitive-access-wideners-v1, fabricloader
[m[34m[05:25:00][m [32m[Worker-Main-13/INFO][m [36m(Minecraft)[m [0mFound unifont_all_no_pua-15.1.05.hex, loading
[m[34m[05:25:00][m [32m[Worker-Main-6/INFO][m [36m(Minecraft)[m [0mFound unifont_jp_patch-15.1.05.hex, loading
[m[34m[05:25:00][m [32m[Render thread/INFO][m [36m(aibot)[m [0mAIBot real-client auto-join watcher screen=net.minecraft.client.gui.screen.MessageScreen
[m[34m[05:25:01][m [33m[aibot-real-client-connector/WARN][m [36m(aibot)[m [0mreal-client control connect/read failed: java.net.ConnectException: Connection refused: getsockopt
[m[34m[05:25:02][m [33m[Render thread/WARN][m [36m(Minecraft)[m [0mMissing sound for event: minecraft:block.spawner.fall
[m[34m[05:25:02][m [32m[Render thread/INFO][m [36m(Minecraft)[m [0mOpenAL initialized on device OpenAL Soft on æ‰¬å£°å™¨ (Steam Streaming Speakers)
[m[34m[05:25:02][m [32m[Render thread/INFO][m [36m(Minecraft)[m [0mSound engine started
[m[34m[05:25:02][m [32m[Render thread/INFO][m [36m(Minecraft)[m [0mCreated: 1024x512x4 minecraft:textures/atlas/blocks.png-atlas
[m[34m[05:25:02][m [32m[Render thread/INFO][m [36m(Minecraft)[m [0mCreated: 256x256x4 minecraft:textures/atlas/signs.png-atlas
[m[34m[05:25:02][m [32m[Render thread/INFO][m [36m(Minecraft)[m [0mCreated: 512x512x4 minecraft:textures/atlas/shield_patterns.png-atlas
[m[34m[05:25:02][m [32m[Render thread/INFO][m [36m(Minecraft)[m [0mCreated: 512x512x4 minecraft:textures/atlas/banner_patterns.png-atlas
[m[34m[05:25:02][m [32m[Render thread/INFO][m [36m(Minecraft)[m [0mCreated: 1024x1024x4 minecraft:textures/atlas/armor_trims.png-atlas
[m[34m[05:25:02][m [32m[Render thread/INFO][m [36m(Minecraft)[m [0mCreated: 128x64x4 minecraft:textures/atlas/decorated_pot.png-atlas
[m[34m[05:25:02][m [32m[Render thread/INFO][m [36m(Minecraft)[m [0mCreated: 256x256x4 minecraft:textures/atlas/chest.png-atlas
[m[34m[05:25:02][m [32m[Render thread/INFO][m [36m(Minecraft)[m [0mCreated: 512x256x4 minecraft:textures/atlas/shulker_boxes.png-atlas
[m[34m[05:25:02][m [32m[Render thread/INFO][m [36m(Minecraft)[m [0mCreated: 512x256x4 minecraft:textures/atlas/beds.png-atlas
[m[34m[05:25:03][m [32m[Render thread/INFO][m [36m(Minecraft)[m [0mCreated: 64x64x0 minecraft:textures/atlas/map_decorations.png-atlas
[m[34m[05:25:03][m [32m[Render thread/INFO][m [36m(Minecraft)[m [0mCreated: 512x256x0 minecraft:textures/atlas/particles.png-atlas
[m[34m[05:25:03][m [32m[Render thread/INFO][m [36m(Minecraft)[m [0mCreated: 512x256x0 minecraft:textures/atlas/paintings.png-atlas
[m[34m[05:25:03][m [32m[Render thread/INFO][m [36m(Minecraft)[m [0mCreated: 256x128x0 minecraft:textures/atlas/mob_effects.png-atlas
[m[34m[05:25:03][m [32m[Render thread/INFO][m [36m(Minecraft)[m [0mCreated: 1024x512x0 minecraft:textures/atlas/gui.png-atlas
[m[34m[05:25:03][m [32m[Render thread/INFO][m [36m(Minecraft)[m [0mConnecting to 127.0.0.1, 25599
[m[34m[05:25:03][m [32m[Render thread/INFO][m [36m(aibot)[m [0mAIBot real-client auto-join watcher screen=net.minecraft.client.gui.screen.multiplayer.ConnectScreen
[m[34m[05:25:05][m [33m[aibot-real-client-connector/WARN][m [36m(aibot)[m [0mreal-client control connect/read failed: java.net.ConnectException: Connection refused: getsockopt
[m[34m[05:25:05][m [31m[Server Connector #1/ERROR][m [36m(Minecraft)[m [31mCouldn't connect to server
[m io.netty.channel.AbstractChannel$AnnotatedConnectException: Connection refused: getsockopt: kubernetes.docker.internal/127.0.0.1:25599
Caused by: java.net.ConnectException: Connection refused: getsockopt
	at java.base/sun.nio.ch.Net.pollConnect(Native Method) ~[?:?]
	at java.base/sun.nio.ch.Net.pollConnectNow(Net.java:694) ~[?:?]
	at java.base/sun.nio.ch.SocketChannelImpl.finishConnect(SocketChannelImpl.java:973) ~[?:?]
	at knot/io.netty.channel.socket.nio.NioSocketChannel.doFinishConnect(NioSocketChannel.java:337) ~[netty-transport-4.1.97.Final.jar:?]
	at knot/io.netty.channel.nio.AbstractNioChannel$AbstractNioUnsafe.finishConnect(AbstractNioChannel.java:334) ~[netty-transport-4.1.97.Final.jar:?]
	at knot/io.netty.channel.nio.NioEventLoop.processSelectedKey(NioEventLoop.java:776) ~[netty-transport-4.1.97.Final.jar:?]
	at knot/io.netty.channel.nio.NioEventLoop.processSelectedKeysOptimized(NioEventLoop.java:724) ~[netty-transport-4.1.97.Final.jar:?]
	at knot/io.netty.channel.nio.NioEventLoop.processSelectedKeys(NioEventLoop.java:650) ~[netty-transport-4.1.97.Final.jar:?]
	at knot/io.netty.channel.nio.NioEventLoop.run(NioEventLoop.java:562) ~[netty-transport-4.1.97.Final.jar:?]
	at knot/io.netty.util.concurrent.SingleThreadEventExecutor$4.run(SingleThreadEventExecutor.java:997) ~[netty-common-4.1.97.Final.jar:?]
	at knot/io.netty.util.internal.ThreadExecutorMap$2.run(ThreadExecutorMap.java:74) ~[netty-common-4.1.97.Final.jar:?]
	at java.base/java.lang.Thread.run(Thread.java:1583) ~[?:?]
[34m[05:25:05][m [32m[Render thread/INFO][m [36m(aibot)[m [0mAIBot real-client auto-join watcher screen=net.minecraft.client.gui.screen.DisconnectedScreen
[m[34m[05:25:05][m [32m[Render thread/INFO][m [36m(aibot)[m [0mAIBot real-client auto-join 127.0.0.1:25599 (attempt 1)
[m[34m[05:25:05][m [32m[Render thread/INFO][m [36m(Minecraft)[m [0mConnecting to 127.0.0.1, 25599
[m[34m[05:25:05][m [31m[Server Connector #2/ERROR][m [36m(Minecraft)[m [31mCouldn't connect to server
[m io.netty.channel.AbstractChannel$AnnotatedConnectException: Connection refused: getsockopt: kubernetes.docker.internal/127.0.0.1:25599
Caused by: java.net.ConnectException: Connection refused: getsockopt
	at java.base/sun.nio.ch.Net.pollConnect(Native Method) ~[?:?]
	at java.base/sun.nio.ch.Net.pollConnectNow(Net.java:694) ~[?:?]
	at java.base/sun.nio.ch.SocketChannelImpl.finishConnect(SocketChannelImpl.java:973) ~[?:?]
	at knot/io.netty.channel.socket.nio.NioSocketChannel.doFinishConnect(NioSocketChannel.java:337) ~[netty-transport-4.1.97.Final.jar:?]
	at knot/io.netty.channel.nio.AbstractNioChannel$AbstractNioUnsafe.finishConnect(AbstractNioChannel.java:334) ~[netty-transport-4.1.97.Final.jar:?]
	at knot/io.netty.channel.nio.NioEventLoop.processSelectedKey(NioEventLoop.java:776) ~[netty-transport-4.1.97.Final.jar:?]
	at knot/io.netty.channel.nio.NioEventLoop.processSelectedKeysOptimized(NioEventLoop.java:724) ~[netty-transport-4.1.97.Final.jar:?]
	at knot/io.netty.channel.nio.NioEventLoop.processSelectedKeys(NioEventLoop.java:650) ~[netty-transport-4.1.97.Final.jar:?]
	at knot/io.netty.channel.nio.NioEventLoop.run(NioEventLoop.java:562) ~[netty-transport-4.1.97.Final.jar:?]
	at knot/io.netty.util.concurrent.SingleThreadEventExecutor$4.run(SingleThreadEventExecutor.java:997) ~[netty-common-4.1.97.Final.jar:?]
	at knot/io.netty.util.internal.ThreadExecutorMap$2.run(ThreadExecutorMap.java:74) ~[netty-common-4.1.97.Final.jar:?]
	at java.base/java.lang.Thread.run(Thread.java:1583) ~[?:?]
[34m[05:25:10][m [32m[Render thread/INFO][m [36m(aibot)[m [0mAIBot real-client auto-join 127.0.0.1:25599 (attempt 2)
[m[34m[05:25:11][m [32m[Render thread/INFO][m [36m(Minecraft)[m [0mConnecting to 127.0.0.1, 25599
[m[34m[05:25:11][m [31m[Server Connector #3/ERROR][m [36m(Minecraft)[m [31mCouldn't connect to server
[m io.netty.channel.AbstractChannel$AnnotatedConnectException: Connection refused: getsockopt: kubernetes.docker.internal/127.0.0.1:25599
Caused by: java.net.ConnectException: Connection refused: getsockopt
	at java.base/sun.nio.ch.Net.pollConnect(Native Method) ~[?:?]
	at java.base/sun.nio.ch.Net.pollConnectNow(Net.java:694) ~[?:?]
	at java.base/sun.nio.ch.SocketChannelImpl.finishConnect(SocketChannelImpl.java:973) ~[?:?]
	at knot/io.netty.channel.socket.nio.NioSocketChannel.doFinishConnect(NioSocketChannel.java:337) ~[netty-transport-4.1.97.Final.jar:?]
	at knot/io.netty.channel.nio.AbstractNioChannel$AbstractNioUnsafe.finishConnect(AbstractNioChannel.java:334) ~[netty-transport-4.1.97.Final.jar:?]
	at knot/io.netty.channel.nio.NioEventLoop.processSelectedKey(NioEventLoop.java:776) ~[netty-transport-4.1.97.Final.jar:?]
	at knot/io.netty.channel.nio.NioEventLoop.processSelectedKeysOptimized(NioEventLoop.java:724) ~[netty-transport-4.1.97.Final.jar:?]
	at knot/io.netty.channel.nio.NioEventLoop.processSelectedKeys(NioEventLoop.java:650) ~[netty-transport-4.1.97.Final.jar:?]
	at knot/io.netty.channel.nio.NioEventLoop.run(NioEventLoop.java:562) ~[netty-transport-4.1.97.Final.jar:?]
	at knot/io.netty.util.concurrent.SingleThreadEventExecutor$4.run(SingleThreadEventExecutor.java:997) ~[netty-common-4.1.97.Final.jar:?]
	at knot/io.netty.util.internal.ThreadExecutorMap$2.run(ThreadExecutorMap.java:74) ~[netty-common-4.1.97.Final.jar:?]
	at java.base/java.lang.Thread.run(Thread.java:1583) ~[?:?]
[34m[05:25:13][m [33m[aibot-real-client-connector/WARN][m [36m(aibot)[m [0mreal-client control connect/read failed: java.net.ConnectException: Connection refused: getsockopt
[m[34m[05:25:15][m [32m[Render thread/INFO][m [36m(aibot)[m [0mAIBot real-client auto-join 127.0.0.1:25599 (attempt 3)
[m[34m[05:25:16][m [32m[Render thread/INFO][m [36m(Minecraft)[m [0mConnecting to 127.0.0.1, 25599
[m[34m[05:25:16][m [32m[Render thread/INFO][m [36m(aibot)[m [0mAIBot real-client auto-join watcher screen=net.minecraft.client.gui.screen.multiplayer.ConnectScreen
[m[34m[05:25:16][m [32m[Render thread/INFO][m [36m(aibot)[m [0mAIBot real-client auto-join watcher screen=net.minecraft.client.gui.screen.DisconnectedScreen
[m[34m[05:25:20][m [32m[Render thread/INFO][m [36m(aibot)[m [0mAIBot real-client auto-join 127.0.0.1:25599 (attempt 4)
[m[34m[05:25:21][m [32m[aibot-real-client-connector/INFO][m [36m(aibot)[m [0mAIBot real-client control connected body_id=bob session=109dd2f0-c495-43c7-81d7-bc982d5d3f45
[m[34m[05:25:21][m [32m[Render thread/INFO][m [36m(Minecraft)[m [0mConnecting to 127.0.0.1, 25599
[m[34m[05:25:25][m [32m[Render thread/INFO][m [36m(aibot)[m [0mAIBot real-client auto-join 127.0.0.1:25599 (attempt 5)
[m[34m[05:25:26][m [32m[Render thread/INFO][m [36m(Minecraft)[m [0mConnecting to 127.0.0.1, 25599
[m[34m[05:25:30][m [32m[Render thread/INFO][m [36m(aibot)[m [0mAIBot real-client auto-join 127.0.0.1:25599 (attempt 6)
[m[34m[05:25:31][m [32m[Render thread/INFO][m [36m(Minecraft)[m [0mConnecting to 127.0.0.1, 25599
[m[34m[05:25:35][m [32m[Render thread/INFO][m [36m(aibot)[m [0mAIBot real-client auto-join 127.0.0.1:25599 (attempt 7)
[m[34m[05:25:36][m [32m[Render thread/INFO][m [36m(Minecraft)[m [0mConnecting to 127.0.0.1, 25599
[m[34m[05:25:40][m [32m[Render thread/INFO][m [36m(aibot)[m [0mAIBot real-client auto-join 127.0.0.1:25599 (attempt 8)
[m[34m[05:25:41][m [32m[Render thread/INFO][m [36m(Minecraft)[m [0mConnecting to 127.0.0.1, 25599
[m[34m[05:25:45][m [32m[Render thread/INFO][m [36m(aibot)[m [0mAIBot real-client auto-join 127.0.0.1:25599 (attempt 9)
[m[34m[05:25:46][m [32m[Render thread/INFO][m [36m(Minecraft)[m [0mConnecting to 127.0.0.1, 25599
[m[34m[05:25:50][m [32m[Render thread/INFO][m [36m(aibot)[m [0mAIBot real-client auto-join 127.0.0.1:25599 (attempt 10)
[m[34m[05:25:51][m [32m[Render thread/INFO][m [36m(Minecraft)[m [0mConnecting to 127.0.0.1, 25599
[m[34m[05:25:55][m [32m[Render thread/INFO][m [36m(aibot)[m [0mAIBot real-client auto-join 127.0.0.1:25599 (attempt 11)
[m[34m[05:25:56][m [32m[Render thread/INFO][m [36m(Minecraft)[m [0mConnecting to 127.0.0.1, 25599
[m[34m[05:26:00][m [32m[Render thread/INFO][m [36m(aibot)[m [0mAIBot real-client auto-join 127.0.0.1:25599 (attempt 12)
[m[34m[05:26:01][m [32m[Render thread/INFO][m [36m(Minecraft)[m [0mConnecting to 127.0.0.1, 25599
[m[34m[05:26:05][m [32m[Render thread/INFO][m [36m(aibot)[m [0mAIBot real-client auto-join 127.0.0.1:25599 (attempt 13)
[m[34m[05:26:06][m [32m[Render thread/INFO][m [36m(Minecraft)[m [0mConnecting to 127.0.0.1, 25599
[m[34m[05:26:11][m [32m[Render thread/INFO][m [36m(aibot)[m [0mAIBot real-client auto-join 127.0.0.1:25599 (attempt 14)
[m[34m[05:26:11][m [32m[Render thread/INFO][m [36m(Minecraft)[m [0mConnecting to 127.0.0.1, 25599
[m[34m[05:26:16][m [32m[Render thread/INFO][m [36m(aibot)[m [0mAIBot real-client auto-join 127.0.0.1:25599 (attempt 15)
[m[34m[05:26:16][m [32m[Render thread/INFO][m [36m(Minecraft)[m [0mConnecting to 127.0.0.1, 25599
[m[34m[05:26:21][m [32m[Render thread/INFO][m [36m(aibot)[m [0mAIBot real-client auto-join 127.0.0.1:25599 (attempt 16)
[m[34m[05:26:21][m [32m[Render thread/INFO][m [36m(Minecraft)[m [0mConnecting to 127.0.0.1, 25599
[m[34m[05:26:26][m [32m[Render thread/INFO][m [36m(aibot)[m [0mAIBot real-client auto-join 127.0.0.1:25599 (attempt 17)
[m[34m[05:26:26][m [32m[Render thread/INFO][m [36m(Minecraft)[m [0mConnecting to 127.0.0.1, 25599
[m[34m[05:26:31][m [32m[Render thread/INFO][m [36m(aibot)[m [0mAIBot real-client auto-join 127.0.0.1:25599 (attempt 18)
[m[34m[05:26:31][m [32m[Render thread/INFO][m [36m(Minecraft)[m [0mConnecting to 127.0.0.1, 25599
[m[34m[05:26:36][m [32m[Render thread/INFO][m [36m(aibot)[m [0mAIBot real-client auto-join 127.0.0.1:25599 (attempt 19)
[m[34m[05:26:36][m [32m[Render thread/INFO][m [36m(Minecraft)[m [0mConnecting to 127.0.0.1, 25599
[m[34m[05:26:41][m [32m[Render thread/INFO][m [36m(aibot)[m [0mAIBot real-client auto-join 127.0.0.1:25599 (attempt 20)
[m[34m[05:26:41][m [32m[Render thread/INFO][m [36m(Minecraft)[m [0mConnecting to 127.0.0.1, 25599
[m[34m[05:26:46][m [32m[Render thread/INFO][m [36m(aibot)[m [0mAIBot real-client auto-join 127.0.0.1:25599 (attempt 21)
[m[34m[05:26:46][m [32m[Render thread/INFO][m [36m(Minecraft)[m [0mConnecting to 127.0.0.1, 25599
[m[34m[05:26:51][m [32m[Render thread/INFO][m [36m(aibot)[m [0mAIBot real-client auto-join 127.0.0.1:25599 (attempt 22)
[m[34m[05:26:51][m [32m[Render thread/INFO][m [36m(Minecraft)[m [0mConnecting to 127.0.0.1, 25599
[m[34m[05:26:56][m [32m[Render thread/INFO][m [36m(aibot)[m [0mAIBot real-client auto-join 127.0.0.1:25599 (attempt 23)
[m[34m[05:26:56][m [32m[Render thread/INFO][m [36m(Minecraft)[m [0mConnecting to 127.0.0.1, 25599
[m[34m[05:27:01][m [32m[Render thread/INFO][m [36m(aibot)[m [0mAIBot real-client auto-join 127.0.0.1:25599 (attempt 24)
[m[34m[05:27:01][m [32m[Render thread/INFO][m [36m(Minecraft)[m [0mConnecting to 127.0.0.1, 25599
[m[34m[05:27:06][m [32m[Render thread/INFO][m [36m(aibot)[m [0mAIBot real-client auto-join 127.0.0.1:25599 (attempt 25)
[m[34m[05:27:06][m [32m[Render thread/INFO][m [36m(Minecraft)[m [0mConnecting to 127.0.0.1, 25599
[m[34m[05:27:11][m [32m[Render thread/INFO][m [36m(aibot)[m [0mAIBot real-client auto-join 127.0.0.1:25599 (attempt 26)
[m[34m[05:27:11][m [32m[Render thread/INFO][m [36m(Minecraft)[m [0mConnecting to 127.0.0.1, 25599
[m[34m[05:27:16][m [32m[Render thread/INFO][m [36m(aibot)[m [0mAIBot real-client auto-join 127.0.0.1:25599 (attempt 27)
[m[34m[05:27:16][m [32m[Render thread/INFO][m [36m(Minecraft)[m [0mConnecting to 127.0.0.1, 25599
[m[34m[05:27:21][m [32m[Render thread/INFO][m [36m(aibot)[m [0mAIBot real-client auto-join 127.0.0.1:25599 (attempt 28)
[m[34m[05:27:21][m [32m[Render thread/INFO][m [36m(Minecraft)[m [0mConnecting to 127.0.0.1, 25599
[m[34m[05:27:26][m [32m[Render thread/INFO][m [36m(aibot)[m [0mAIBot real-client auto-join 127.0.0.1:25599 (attempt 29)
[m[34m[05:27:26][m [32m[Render thread/INFO][m [36m(Minecraft)[m [0mConnecting to 127.0.0.1, 25599
[m[34m[05:27:31][m [32m[Render thread/INFO][m [36m(aibot)[m [0mAIBot real-client auto-join 127.0.0.1:25599 (attempt 30)
[m[34m[05:27:31][m [32m[Render thread/INFO][m [36m(Minecraft)[m [0mConnecting to 127.0.0.1, 25599
[m[34m[05:27:36][m [32m[Render thread/INFO][m [36m(aibot)[m [0mAIBot real-client auto-join 127.0.0.1:25599 (attempt 31)
[m[34m[05:27:37][m [32m[Render thread/INFO][m [36m(Minecraft)[m [0mConnecting to 127.0.0.1, 25599
[m[34m[05:27:41][m [32m[Render thread/INFO][m [36m(aibot)[m [0mAIBot real-client auto-join 127.0.0.1:25599 (attempt 32)
[m[34m[05:27:42][m [32m[Render thread/INFO][m [36m(Minecraft)[m [0mConnecting to 127.0.0.1, 25599
[m[34m[05:27:46][m [32m[Render thread/INFO][m [36m(aibot)[m [0mAIBot real-client auto-join 127.0.0.1:25599 (attempt 33)
[m[34m[05:27:47][m [32m[Render thread/INFO][m [36m(Minecraft)[m [0mConnecting to 127.0.0.1, 25599
[m[34m[05:27:51][m [32m[Render thread/INFO][m [36m(aibot)[m [0mAIBot real-client auto-join 127.0.0.1:25599 (attempt 34)
[m[34m[05:27:52][m [32m[Render thread/INFO][m [36m(Minecraft)[m [0mConnecting to 127.0.0.1, 25599
[m[34m[05:27:56][m [32m[Render thread/INFO][m [36m(aibot)[m [0mAIBot real-client auto-join 127.0.0.1:25599 (attempt 35)
[m[34m[05:27:57][m [32m[Render thread/INFO][m [36m(Minecraft)[m [0mConnecting to 127.0.0.1, 25599
[m[34m[05:28:01][m [32m[Render thread/INFO][m [36m(aibot)[m [0mAIBot real-client auto-join 127.0.0.1:25599 (attempt 36)
[m[34m[05:28:02][m [32m[Render thread/INFO][m [36m(Minecraft)[m [0mConnecting to 127.0.0.1, 25599
[m[34m[05:28:06][m [32m[Render thread/INFO][m [36m(aibot)[m [0mAIBot real-client auto-join 127.0.0.1:25599 (attempt 37)
[m[34m[05:28:07][m [32m[Render thread/INFO][m [36m(Minecraft)[m [0mConnecting to 127.0.0.1, 25599
[m[34m[05:28:11][m [32m[Render thread/INFO][m [36m(aibot)[m [0mAIBot real-client auto-join 127.0.0.1:25599 (attempt 38)
[m[34m[05:28:12][m [32m[Render thread/INFO][m [36m(Minecraft)[m [0mConnecting to 127.0.0.1, 25599
[m[34m[05:28:16][m [32m[Render thread/INFO][m [36m(aibot)[m [0mAIBot real-client auto-join 127.0.0.1:25599 (attempt 39)
[m[34m[05:28:17][m [32m[Render thread/INFO][m [36m(Minecraft)[m [0mConnecting to 127.0.0.1, 25599
[m[34m[05:28:21][m [32m[Render thread/INFO][m [36m(aibot)[m [0mAIBot real-client auto-join 127.0.0.1:25599 (attempt 40)
[m[34m[05:28:22][m [32m[Render thread/INFO][m [36m(Minecraft)[m [0mConnecting to 127.0.0.1, 25599
[m[34m[05:28:26][m [32m[Render thread/INFO][m [36m(aibot)[m [0mAIBot real-client auto-join 127.0.0.1:25599 (attempt 41)
[m[34m[05:28:27][m [32m[Render thread/INFO][m [36m(Minecraft)[m [0mConnecting to 127.0.0.1, 25599
[m[34m[05:28:31][m [32m[Render thread/INFO][m [36m(aibot)[m [0mAIBot real-client auto-join 127.0.0.1:25599 (attempt 42)
[m[34m[05:28:32][m [32m[Render thread/INFO][m [36m(Minecraft)[m [0mConnecting to 127.0.0.1, 25599
[m[34m[05:28:36][m [32m[Render thread/INFO][m [36m(aibot)[m [0mAIBot real-client auto-join 127.0.0.1:25599 (attempt 43)
[m[34m[05:28:37][m [32m[Render thread/INFO][m [36m(Minecraft)[m [0mConnecting to 127.0.0.1, 25599
[m[34m[05:28:41][m [32m[Render thread/INFO][m [36m(aibot)[m [0mAIBot real-client auto-join 127.0.0.1:25599 (attempt 44)
[m[34m[05:28:42][m [32m[Render thread/INFO][m [36m(Minecraft)[m [0mConnecting to 127.0.0.1, 25599
[m[34m[05:28:46][m [32m[Render thread/INFO][m [36m(aibot)[m [0mAIBot real-client auto-join 127.0.0.1:25599 (attempt 45)
[m[34m[05:28:47][m [32m[Render thread/INFO][m [36m(Minecraft)[m [0mConnecting to 127.0.0.1, 25599
[m[34m[05:28:51][m [32m[Render thread/INFO][m [36m(aibot)[m [0mAIBot real-client auto-join 127.0.0.1:25599 (attempt 46)
[m[34m[05:28:52][m [32m[Render thread/INFO][m [36m(Minecraft)[m [0mConnecting to 127.0.0.1, 25599
[m
=== real-client launch 2026-09-12T21:28:55Z ===
[34m[05:28:57][m [32m[main/INFO][m [36m(FabricLoader/GameProvider)[m [0mLoading Minecraft 1.21.3 with Fabric Loader 0.18.4
[m[34m[05:28:57][m [32m[main/INFO][m [36m(FabricLoader)[m [0mLoading 55 mods:
	- aibot 0.0.1
	- fabric-api 0.114.1+1.21.3
	- fabric-api-base 0.4.50+119c825640
	- fabric-api-lookup-api-v1 1.6.81+fd37071f40
	- fabric-biome-api-v1 14.0.7+add2a48640
	- fabric-block-api-v1 1.0.28+fd37071f40
	- fabric-block-view-api-v2 1.0.16+fd37071f40
	- fabric-blockrenderlayer-v1 2.0.4+fd37071f40
	- fabric-client-tags-api-v1 1.1.25+a730659c40
	- fabric-command-api-v1 1.2.58+f71b366f40
	- fabric-command-api-v2 2.2.37+c9d82ab240
	- fabric-commands-v0 0.2.75+df3654b340
	- fabric-content-registries-v0 9.1.8+fd37071f40
	- fabric-convention-tags-v1 2.1.4+7f945d5b40
	- fabric-convention-tags-v2 2.9.4+129f0c1f40
	- fabric-crash-report-info-v1 0.3.3+fd37071f40
	- fabric-data-attachment-api-v1 1.4.0+dbad41f140
	- fabric-data-generation-api-v1 21.1.2+a730659c40
	- fabric-dimensions-v1 4.0.7+fd37071f40
	- fabric-entity-events-v1 2.0.8+825023f840
	- fabric-events-interaction-v0 2.0.12+c2c3ac4740
	- fabric-game-rule-api-v1 1.0.59+fd37071f40
	- fabric-gametest-api-v1 2.0.15+fd37071f40
	- fabric-item-api-v1 11.1.7+fd37071f40
	- fabric-item-group-api-v1 4.1.17+fd37071f40
	- fabric-key-binding-api-v1 1.0.53+fd37071f40
	- fabric-keybindings-v0 0.2.51+df3654b340
	- fabric-lifecycle-events-v1 2.5.1+6da5ef6940
	- fabric-loot-api-v2 3.0.26+3f89f5a540
	- fabric-loot-api-v3 1.0.14+fd37071f40
	- fabric-message-api-v1 6.0.22+5a9b22c640
	- fabric-model-loading-api-v1 3.0.9+fd37071f40
	- fabric-networking-api-v1 4.3.5+fd37071f40
	- fabric-object-builder-api-v1 17.0.9+fd37071f40
	- fabric-particles-v1 4.0.10+fd37071f40
	- fabric-recipe-api-v1 7.0.5+8ea69ff840
	- fabric-registry-sync-v0 5.4.1+3f3c499540
	- fabric-renderer-api-v1 4.0.5+fd37071f40
	- fabric-renderer-indigo 1.9.5+fd37071f40
	- fabric-rendering-data-attachment-v1 0.3.54+73761d2e40
	- fabric-rendering-fluids-v1 3.1.15+fd37071f40
	- fabric-rendering-v0 1.1.84+df3654b340
	- fabric-rendering-v1 8.0.8+6922831640
	- fabric-resource-conditions-api-v1 5.0.8+fd37071f40
	- fabric-resource-loader-v0 3.0.6+fd37071f40
	- fabric-screen-api-v1 2.0.34+fd37071f40
	- fabric-screen-handler-api-v1 1.3.103+fd37071f40
	- fabric-sound-api-v1 1.0.29+fd37071f40
	- fabric-tag-api-v1 1.0.0+a730659c40
	- fabric-transfer-api-v1 5.4.3+cb44d14340
	- fabric-transitive-access-wideners-v1 6.2.0+54a41b1c40
	- fabricloader 0.18.4
	- java 21
	- minecraft 1.21.3
	- mixinextras 0.5.0
[m[34m[05:28:58][m [32m[main/INFO][m [36m(FabricLoader/Mixin)[m [0mSpongePowered MIXIN Subsystem Version=0.8.7 Source=file:/C:/Users/15027/.gradle/caches/modules-2/files-2.1/net.fabricmc/sponge-mixin/0.17.0+mixin.0.8.7/cf31463202f72d03b0ef1e1e38e8ee71b7faaab6/sponge-mixin-0.17.0+mixin.0.8.7.jar Service=Knot/Fabric Env=CLIENT
[m[34m[05:28:58][m [32m[main/INFO][m [36m(FabricLoader/Mixin)[m [0mLoaded Fabric development mappings for mixin remapper!
[m[34m[05:28:58][m [32m[main/INFO][m [36m(FabricLoader/Mixin)[m [0mCompatibility level set to JAVA_21
[m[34m[05:29:00][m [32m[main/INFO][m [36m(FabricLoader/MixinExtras|Service)[m [0mInitializing MixinExtras via com.llamalad7.mixinextras.service.MixinExtrasServiceImpl(version=0.5.0).
[m[34m[05:29:01][m [32m[Datafixer Bootstrap/INFO][m [36m(Minecraft)[m [0m237 Datafixer optimizations took 461 milliseconds
[m[34m[05:29:08][m [32m[Render thread/INFO][m [36m(Minecraft)[m [0mEnvironment: Environment[sessionHost=https://sessionserver.mojang.com, servicesHost=https://api.minecraftservices.com, name=PROD]
[m[34m[05:29:08][m [32m[Render thread/INFO][m [36m(Minecraft)[m [0mSetting user: Bob
[m[34m[05:29:09][m [32m[Render thread/INFO][m [36m(aibot)[m [0m[AIBot] CONFIG event=operating_profile_resolved bot=- {configured_forced_pickup=true, configured_hidden_block_scan=true, configured_emergency_teleport=true, effective_capabilities=[], configured_manual_teleport=true, profile=strict_survival, source=FILE_OR_DEFAULT}
[m[34m[05:29:09][m [33m[Render thread/WARN][m [36m(aibot)[m [0m[AIBot] CONFIG event=deepseek_key_missing bot=- {}
[m[34m[05:29:09][m [32m[Render thread/INFO][m [36m(aibot)[m [0m[AIBot] LIFECYCLE event=mod_loaded bot=- {version=0.0.1}
[m[34m[05:29:09][m [32m[Render thread/INFO][m [36m(aibot)[m [0m[AIBot] CONFIG event=config_loaded bot=- {logging_enabled=true, configured_operator_capabilities=OperatorCapabilities[hiddenBlockScan=true, emergencyTeleport=true, forcedPickup=true, manualTeleport=true], deepseek_model=deepseek-v4-flash, effective_capabilities=[], perception_radius=16, pickup_force_radius=2.75, profile=strict_survival, nav_lookahead=4}
[m[34m[05:29:09][m [32m[Render thread/INFO][m [36m(aibot)[m [0m================================
[m[34m[05:29:09][m [32m[Render thread/INFO][m [36m(aibot)[m [0m  AIBot v0.0.1 loaded
[m[34m[05:29:09][m [32m[Render thread/INFO][m [36m(aibot)[m [0m  Mode: M6 structured logs over M5 tasks
[m[34m[05:29:09][m [32m[Render thread/INFO][m [36m(aibot)[m [0m================================
[m[34m[05:29:09][m [32m[aibot-real-client-connector/INFO][m [36m(aibot)[m [0mAIBot real-client control connected body_id=bob session=9581456c-bf66-4512-b16b-326b31890f67
[m[34m[05:29:09][m [32m[Render thread/INFO][m [36m(aibot)[m [0mAIBot real-client runtime enabled body_id=bob player=Bob control=127.0.0.1:8766 auto_join=127.0.0.1:25599
[m[34m[05:29:09][m [32m[Render thread/INFO][m [36m(Indigo)[m [0m[Indigo] Registering Indigo renderer!
[m[34m[05:29:10][m [32m[Render thread/INFO][m [36m(Minecraft)[m [0mBackend library: LWJGL version 3.3.3-snapshot
[m[34m[05:29:12][m [32m[Render thread/INFO][m [36m(Minecraft)[m [0mReloading ResourceManager: vanilla, fabric, aibot, fabric-api, fabric-api-base, fabric-api-lookup-api-v1, fabric-biome-api-v1, fabric-block-api-v1, fabric-block-view-api-v2, fabric-blockrenderlayer-v1, fabric-client-tags-api-v1, fabric-command-api-v1, fabric-command-api-v2, fabric-commands-v0, fabric-content-registries-v0, fabric-convention-tags-v1, fabric-convention-tags-v2, fabric-crash-report-info-v1, fabric-data-attachment-api-v1, fabric-data-generation-api-v1, fabric-dimensions-v1, fabric-entity-events-v1, fabric-events-interaction-v0, fabric-game-rule-api-v1, fabric-gametest-api-v1, fabric-item-api-v1, fabric-item-group-api-v1, fabric-key-binding-api-v1, fabric-keybindings-v0, fabric-lifecycle-events-v1, fabric-loot-api-v2, fabric-loot-api-v3, fabric-message-api-v1, fabric-model-loading-api-v1, fabric-networking-api-v1, fabric-object-builder-api-v1, fabric-particles-v1, fabric-recipe-api-v1, fabric-registry-sync-v0, fabric-renderer-api-v1, fabric-renderer-indigo, fabric-rendering-data-attachment-v1, fabric-rendering-fluids-v1, fabric-rendering-v0, fabric-rendering-v1, fabric-resource-conditions-api-v1, fabric-resource-loader-v0, fabric-screen-api-v1, fabric-screen-handler-api-v1, fabric-sound-api-v1, fabric-tag-api-v1, fabric-transfer-api-v1, fabric-transitive-access-wideners-v1, fabricloader
[m[34m[05:29:12][m [32m[Worker-Main-14/INFO][m [36m(Minecraft)[m [0mFound unifont_all_no_pua-15.1.05.hex, loading
[m[34m[05:29:12][m [32m[Worker-Main-15/INFO][m [36m(Minecraft)[m [0mFound unifont_jp_patch-15.1.05.hex, loading
[m[34m[05:29:12][m [32m[Render thread/INFO][m [36m(aibot)[m [0mAIBot real-client auto-join watcher screen=net.minecraft.client.gui.screen.MessageScreen
[m[34m[05:29:13][m [33m[Render thread/WARN][m [36m(Minecraft)[m [0mMissing sound for event: minecraft:block.spawner.fall
[m[34m[05:29:13][m [32m[Render thread/INFO][m [36m(Minecraft)[m [0mOpenAL initialized on device OpenAL Soft on æ‰¬å£°å™¨ (Steam Streaming Speakers)
[m[34m[05:29:13][m [32m[Render thread/INFO][m [36m(Minecraft)[m [0mSound engine started
[m[34m[05:29:13][m [32m[Render thread/INFO][m [36m(Minecraft)[m [0mCreated: 1024x512x4 minecraft:textures/atlas/blocks.png-atlas
[m[34m[05:29:13][m [32m[Render thread/INFO][m [36m(Minecraft)[m [0mCreated: 256x256x4 minecraft:textures/atlas/signs.png-atlas
[m[34m[05:29:13][m [32m[Render thread/INFO][m [36m(Minecraft)[m [0mCreated: 512x512x4 minecraft:textures/atlas/banner_patterns.png-atlas
[m[34m[05:29:13][m [32m[Render thread/INFO][m [36m(Minecraft)[m [0mCreated: 512x512x4 minecraft:textures/atlas/shield_patterns.png-atlas
[m[34m[05:29:13][m [32m[Render thread/INFO][m [36m(Minecraft)[m [0mCreated: 1024x1024x4 minecraft:textures/atlas/armor_trims.png-atlas
[m[34m[05:29:13][m [32m[Render thread/INFO][m [36m(Minecraft)[m [0mCreated: 256x256x4 minecraft:textures/atlas/chest.png-atlas
[m[34m[05:29:13][m [32m[Render thread/INFO][m [36m(Minecraft)[m [0mCreated: 128x64x4 minecraft:textures/atlas/decorated_pot.png-atlas
[m[34m[05:29:13][m [32m[Render thread/INFO][m [36m(Minecraft)[m [0mCreated: 512x256x4 minecraft:textures/atlas/beds.png-atlas
[m[34m[05:29:13][m [32m[Render thread/INFO][m [36m(Minecraft)[m [0mCreated: 512x256x4 minecraft:textures/atlas/shulker_boxes.png-atlas
[m[34m[05:29:14][m [32m[Render thread/INFO][m [36m(Minecraft)[m [0mCreated: 64x64x0 minecraft:textures/atlas/map_decorations.png-atlas
[m[34m[05:29:14][m [32m[Render thread/INFO][m [36m(Minecraft)[m [0mCreated: 512x256x0 minecraft:textures/atlas/particles.png-atlas
[m[34m[05:29:14][m [32m[Render thread/INFO][m [36m(Minecraft)[m [0mCreated: 512x256x0 minecraft:textures/atlas/paintings.png-atlas
[m[34m[05:29:14][m [32m[Render thread/INFO][m [36m(Minecraft)[m [0mCreated: 256x128x0 minecraft:textures/atlas/mob_effects.png-atlas
[m[34m[05:29:14][m [32m[Render thread/INFO][m [36m(Minecraft)[m [0mCreated: 1024x512x0 minecraft:textures/atlas/gui.png-atlas
[m[34m[05:29:14][m [32m[Render thread/INFO][m [36m(Minecraft)[m [0mConnecting to 127.0.0.1, 25599
[m[34m[05:29:14][m [32m[Render thread/INFO][m [36m(aibot)[m [0mAIBot real-client auto-join watcher screen=net.minecraft.client.gui.screen.multiplayer.ConnectScreen
[m[34m[05:29:17][m [32m[Render thread/INFO][m [36m(Minecraft)[m [0mLoaded 2 advancements
[m[34m[05:29:22][m [32m[Render thread/INFO][m [36m(aibot)[m [0mAIBot real-client heartbeat diag crosshair_present=false target=MISS:BlockPos{x=1, y=-59, z=-3}
[m[34m[05:29:32][m [32m[Render thread/INFO][m [36m(aibot)[m [0mAIBot real-client heartbeat diag crosshair_present=false target=MISS:BlockPos{x=1, y=-59, z=-3}
[m[34m[05:29:42][m [32m[Render thread/INFO][m [36m(aibot)[m [0mAIBot real-client heartbeat diag crosshair_present=false target=MISS:BlockPos{x=1, y=-59, z=-3}
[m[34m[05:29:52][m [32m[Render thread/INFO][m [36m(aibot)[m [0mAIBot real-client heartbeat diag crosshair_present=false target=MISS:BlockPos{x=1, y=-59, z=-3}
[m[34m[05:30:02][m [32m[Render thread/INFO][m [36m(aibot)[m [0mAIBot real-client heartbeat diag crosshair_present=false target=MISS:BlockPos{x=1, y=-59, z=-3}
[m[34m[05:30:12][m [32m[Render thread/INFO][m [36m(aibot)[m [0mAIBot real-client heartbeat diag crosshair_present=false target=MISS:BlockPos{x=1, y=-59, z=-3}
[m[34m[05:30:22][m [32m[Render thread/INFO][m [36m(aibot)[m [0mAIBot real-client heartbeat diag crosshair_present=false target=MISS:BlockPos{x=1, y=-59, z=-3}
[m[34m[05:30:32][m [32m[Render thread/INFO][m [36m(aibot)[m [0mAIBot real-client heartbeat diag crosshair_present=false target=MISS:BlockPos{x=1, y=-59, z=-3}
[m[34m[05:30:42][m [32m[Render thread/INFO][m [36m(aibot)[m [0mAIBot real-client heartbeat diag crosshair_present=false target=MISS:BlockPos{x=1, y=-59, z=-3}
[m[34m[05:30:52][m [32m[Render thread/INFO][m [36m(aibot)[m [0mAIBot real-client heartbeat diag crosshair_present=false target=MISS:BlockPos{x=1, y=-59, z=-3}
[m[34m[05:31:01][m [32m[Render thread/INFO][m [36m(Minecraft)[m [0m[System] [CHAT] Bob acaba de conseguir el progreso [Â¿No es hierrÃ³nico?]
[m[34m[05:31:01][m [32m[Render thread/INFO][m [36m(Minecraft)[m [0mLoaded 12 advancements
[m[34m[05:31:02][m [32m[Render thread/INFO][m [36m(aibot)[m [0mAIBot real-client heartbeat diag crosshair_present=true target=BLOCK:Mutable{x=1, y=-59, z=-4}
[m[34m[05:31:12][m [32m[Render thread/INFO][m [36m(aibot)[m [0mAIBot real-client heartbeat diag crosshair_present=true target=BLOCK:Mutable{x=1, y=-59, z=-4}
[m[34m[05:31:22][m [32m[Render thread/INFO][m [36m(aibot)[m [0mAIBot real-client heartbeat diag crosshair_present=true target=BLOCK:Mutable{x=1, y=-59, z=-4}
[m[34m[05:31:32][m [32m[Render thread/INFO][m [36m(aibot)[m [0mAIBot real-client heartbeat diag crosshair_present=true target=BLOCK:Mutable{x=1, y=-59, z=-4}
[m[34m[05:31:42][m [32m[Render thread/INFO][m [36m(aibot)[m [0mAIBot real-client heartbeat diag crosshair_present=true target=BLOCK:Mutable{x=1, y=-59, z=-4}
[m[34m[05:31:52][m [32m[Render thread/INFO][m [36m(aibot)[m [0mAIBot real-client heartbeat diag crosshair_present=true target=BLOCK:Mutable{x=1, y=-59, z=-4}
[m[34m[05:32:02][m [32m[Render thread/INFO][m [36m(aibot)[m [0mAIBot real-client heartbeat diag crosshair_present=true target=BLOCK:Mutable{x=1, y=-59, z=-4}
[m[34m[05:32:12][m [32m[Render thread/INFO][m [36m(aibot)[m [0mAIBot real-client heartbeat diag crosshair_present=true target=BLOCK:Mutable{x=1, y=-59, z=-4}
[m[34m[05:32:22][m [32m[Render thread/INFO][m [36m(aibot)[m [0mAIBot real-client heartbeat diag crosshair_present=true target=BLOCK:Mutable{x=1, y=-59, z=-4}
[m[34m[05:32:32][m [32m[Render thread/INFO][m [36m(aibot)[m [0mAIBot real-client heartbeat diag crosshair_present=true target=BLOCK:Mutable{x=1, y=-59, z=-4}
[m[34m[05:32:42][m [32m[Render thread/INFO][m [36m(aibot)[m [0mAIBot real-client heartbeat diag crosshair_present=true target=BLOCK:Mutable{x=1, y=-59, z=-4}
[m[34m[05:32:50][m [33m[aibot-real-client-connector/WARN][m [36m(aibot)[m [0mreal-client control connect/read failed: java.net.SocketException: Connection reset
[m[34m[05:32:50][m [31m[Netty Client IO #0/ERROR][m [36m(Minecraft)[m [31mNegative index in crash report handler (13/21)
[m[34m[05:32:50][m [33m[Render thread/WARN][m [36m(Minecraft)[m [0mClient disconnected with reason: Internal Exception: java.net.SocketException: Connection reset
[m[34m[05:32:50][m [32m[Render thread/INFO][m [36m(aibot)[m [0mAIBot real-client auto-join watcher screen=net.minecraft.client.gui.screen.DisconnectedScreen
[m[34m[05:32:50][m [32m[Render thread/INFO][m [36m(aibot)[m [0mAIBot real-client auto-join 127.0.0.1:25599 (attempt 1)
[m[34m[05:32:51][m [32m[Render thread/INFO][m [36m(Minecraft)[m [0mConnecting to 127.0.0.1, 25599
[m[34m[05:32:51][m [31m[Server Connector #2/ERROR][m [36m(Minecraft)[m [31mCouldn't connect to server
[m io.netty.channel.AbstractChannel$AnnotatedConnectException: Connection refused: getsockopt: kubernetes.docker.internal/127.0.0.1:25599
Caused by: java.net.ConnectException: Connection refused: getsockopt
	at java.base/sun.nio.ch.Net.pollConnect(Native Method) ~[?:?]
	at java.base/sun.nio.ch.Net.pollConnectNow(Net.java:694) ~[?:?]
	at java.base/sun.nio.ch.SocketChannelImpl.finishConnect(SocketChannelImpl.java:973) ~[?:?]
	at knot/io.netty.channel.socket.nio.NioSocketChannel.doFinishConnect(NioSocketChannel.java:337) ~[netty-transport-4.1.97.Final.jar:?]
	at knot/io.netty.channel.nio.AbstractNioChannel$AbstractNioUnsafe.finishConnect(AbstractNioChannel.java:334) ~[netty-transport-4.1.97.Final.jar:?]
	at knot/io.netty.channel.nio.NioEventLoop.processSelectedKey(NioEventLoop.java:776) ~[netty-transport-4.1.97.Final.jar:?]
	at knot/io.netty.channel.nio.NioEventLoop.processSelectedKeysOptimized(NioEventLoop.java:724) ~[netty-transport-4.1.97.Final.jar:?]
	at knot/io.netty.channel.nio.NioEventLoop.processSelectedKeys(NioEventLoop.java:650) ~[netty-transport-4.1.97.Final.jar:?]
	at knot/io.netty.channel.nio.NioEventLoop.run(NioEventLoop.java:562) ~[netty-transport-4.1.97.Final.jar:?]
	at knot/io.netty.util.concurrent.SingleThreadEventExecutor$4.run(SingleThreadEventExecutor.java:997) ~[netty-common-4.1.97.Final.jar:?]
	at knot/io.netty.util.internal.ThreadExecutorMap$2.run(ThreadExecutorMap.java:74) ~[netty-common-4.1.97.Final.jar:?]
	at java.base/java.lang.Thread.run(Thread.java:1583) ~[?:?]
[34m[05:32:51][m [33m[aibot-real-client-connector/WARN][m [36m(aibot)[m [0mreal-client control connect/read failed: java.net.ConnectException: Connection refused: getsockopt
[m[34m[05:32:53][m [33m[aibot-real-client-connector/WARN][m [36m(aibot)[m [0mreal-client control connect/read failed: java.net.ConnectException: Connection refused: getsockopt
[m[34m[05:32:55][m [32m[Render thread/INFO][m [36m(aibot)[m [0mAIBot real-client auto-join 127.0.0.1:25599 (attempt 2)
[m[34m[05:32:56][m [32m[Render thread/INFO][m [36m(Minecraft)[m [0mConnecting to 127.0.0.1, 25599
[m[34m[05:32:56][m [31m[Server Connector #3/ERROR][m [36m(Minecraft)[m [31mCouldn't connect to server
[m io.netty.channel.AbstractChannel$AnnotatedConnectException: Connection refused: getsockopt: kubernetes.docker.internal/127.0.0.1:25599
Caused by: java.net.ConnectException: Connection refused: getsockopt
	at java.base/sun.nio.ch.Net.pollConnect(Native Method) ~[?:?]
	at java.base/sun.nio.ch.Net.pollConnectNow(Net.java:694) ~[?:?]
	at java.base/sun.nio.ch.SocketChannelImpl.finishConnect(SocketChannelImpl.java:973) ~[?:?]
	at knot/io.netty.channel.socket.nio.NioSocketChannel.doFinishConnect(NioSocketChannel.java:337) ~[netty-transport-4.1.97.Final.jar:?]
	at knot/io.netty.channel.nio.AbstractNioChannel$AbstractNioUnsafe.finishConnect(AbstractNioChannel.java:334) ~[netty-transport-4.1.97.Final.jar:?]
	at knot/io.netty.channel.nio.NioEventLoop.processSelectedKey(NioEventLoop.java:776) ~[netty-transport-4.1.97.Final.jar:?]
	at knot/io.netty.channel.nio.NioEventLoop.processSelectedKeysOptimized(NioEventLoop.java:724) ~[netty-transport-4.1.97.Final.jar:?]
	at knot/io.netty.channel.nio.NioEventLoop.processSelectedKeys(NioEventLoop.java:650) ~[netty-transport-4.1.97.Final.jar:?]
	at knot/io.netty.channel.nio.NioEventLoop.run(NioEventLoop.java:562) ~[netty-transport-4.1.97.Final.jar:?]
	at knot/io.netty.util.concurrent.SingleThreadEventExecutor$4.run(SingleThreadEventExecutor.java:997) ~[netty-common-4.1.97.Final.jar:?]
	at knot/io.netty.util.internal.ThreadExecutorMap$2.run(ThreadExecutorMap.java:74) ~[netty-common-4.1.97.Final.jar:?]
	at java.base/java.lang.Thread.run(Thread.java:1583) ~[?:?]
[34m[05:32:57][m [33m[aibot-real-client-connector/WARN][m [36m(aibot)[m [0mreal-client control connect/read failed: java.net.ConnectException: Connection refused: getsockopt
[m[34m[05:33:00][m [32m[Render thread/INFO][m [36m(aibot)[m [0mAIBot real-client auto-join 127.0.0.1:25599 (attempt 3)
[m[34m[05:33:01][m [32m[Render thread/INFO][m [36m(Minecraft)[m [0mConnecting to 127.0.0.1, 25599
[m[34m[05:33:01][m [31m[Server Connector #4/ERROR][m [36m(Minecraft)[m [31mCouldn't connect to server
[m io.netty.channel.AbstractChannel$AnnotatedConnectException: Connection refused: getsockopt: kubernetes.docker.internal/127.0.0.1:25599
Caused by: java.net.ConnectException: Connection refused: getsockopt
	at java.base/sun.nio.ch.Net.pollConnect(Native Method) ~[?:?]
	at java.base/sun.nio.ch.Net.pollConnectNow(Net.java:694) ~[?:?]
	at java.base/sun.nio.ch.SocketChannelImpl.finishConnect(SocketChannelImpl.java:973) ~[?:?]
	at knot/io.netty.channel.socket.nio.NioSocketChannel.doFinishConnect(NioSocketChannel.java:337) ~[netty-transport-4.1.97.Final.jar:?]
	at knot/io.netty.channel.nio.AbstractNioChannel$AbstractNioUnsafe.finishConnect(AbstractNioChannel.java:334) ~[netty-transport-4.1.97.Final.jar:?]
	at knot/io.netty.channel.nio.NioEventLoop.processSelectedKey(NioEventLoop.java:776) ~[netty-transport-4.1.97.Final.jar:?]
	at knot/io.netty.channel.nio.NioEventLoop.processSelectedKeysOptimized(NioEventLoop.java:724) ~[netty-transport-4.1.97.Final.jar:?]
	at knot/io.netty.channel.nio.NioEventLoop.processSelectedKeys(NioEventLoop.java:650) ~[netty-transport-4.1.97.Final.jar:?]
	at knot/io.netty.channel.nio.NioEventLoop.run(NioEventLoop.java:562) ~[netty-transport-4.1.97.Final.jar:?]
	at knot/io.netty.util.concurrent.SingleThreadEventExecutor$4.run(SingleThreadEventExecutor.java:997) ~[netty-common-4.1.97.Final.jar:?]
	at knot/io.netty.util.internal.ThreadExecutorMap$2.run(ThreadExecutorMap.java:74) ~[netty-common-4.1.97.Final.jar:?]
	at java.base/java.lang.Thread.run(Thread.java:1583) ~[?:?]
[34m[05:33:05][m [33m[aibot-real-client-connector/WARN][m [36m(aibot)[m [0mreal-client control connect/read failed: java.net.ConnectException: Connection refused: getsockopt
[m[34m[05:33:05][m [32m[Render thread/INFO][m [36m(aibot)[m [0mAIBot real-client auto-join 127.0.0.1:25599 (attempt 4)
[m[34m[05:33:06][m [32m[Render thread/INFO][m [36m(Minecraft)[m [0mConnecting to 127.0.0.1, 25599
[m[34m[05:33:06][m [31m[Server Connector #5/ERROR][m [36m(Minecraft)[m [31mCouldn't connect to server
[m io.netty.channel.AbstractChannel$AnnotatedConnectException: Connection refused: getsockopt: kubernetes.docker.internal/127.0.0.1:25599
Caused by: java.net.ConnectException: Connection refused: getsockopt
	at java.base/sun.nio.ch.Net.pollConnect(Native Method) ~[?:?]
	at java.base/sun.nio.ch.Net.pollConnectNow(Net.java:694) ~[?:?]
	at java.base/sun.nio.ch.SocketChannelImpl.finishConnect(SocketChannelImpl.java:973) ~[?:?]
	at knot/io.netty.channel.socket.nio.NioSocketChannel.doFinishConnect(NioSocketChannel.java:337) ~[netty-transport-4.1.97.Final.jar:?]
	at knot/io.netty.channel.nio.AbstractNioChannel$AbstractNioUnsafe.finishConnect(AbstractNioChannel.java:334) ~[netty-transport-4.1.97.Final.jar:?]
	at knot/io.netty.channel.nio.NioEventLoop.processSelectedKey(NioEventLoop.java:776) ~[netty-transport-4.1.97.Final.jar:?]
	at knot/io.netty.channel.nio.NioEventLoop.processSelectedKeysOptimized(NioEventLoop.java:724) ~[netty-transport-4.1.97.Final.jar:?]
	at knot/io.netty.channel.nio.NioEventLoop.processSelectedKeys(NioEventLoop.java:650) ~[netty-transport-4.1.97.Final.jar:?]
	at knot/io.netty.channel.nio.NioEventLoop.run(NioEventLoop.java:562) ~[netty-transport-4.1.97.Final.jar:?]
	at knot/io.netty.util.concurrent.SingleThreadEventExecutor$4.run(SingleThreadEventExecutor.java:997) ~[netty-common-4.1.97.Final.jar:?]
	at knot/io.netty.util.internal.ThreadExecutorMap$2.run(ThreadExecutorMap.java:74) ~[netty-common-4.1.97.Final.jar:?]
	at java.base/java.lang.Thread.run(Thread.java:1583) ~[?:?]
[34m[05:33:10][m [32m[Render thread/INFO][m [36m(aibot)[m [0mAIBot real-client auto-join 127.0.0.1:25599 (attempt 5)
[m[34m[05:33:11][m [32m[Render thread/INFO][m [36m(Minecraft)[m [0mConnecting to 127.0.0.1, 25599
[m[34m[05:33:11][m [32m[Render thread/INFO][m [36m(aibot)[m [0mAIBot real-client auto-join watcher screen=net.minecraft.client.gui.screen.multiplayer.ConnectScreen
[m[34m[05:33:11][m [32m[Render thread/INFO][m [36m(aibot)[m [0mAIBot real-client auto-join watcher screen=net.minecraft.client.gui.screen.DisconnectedScreen
[m[34m[05:33:13][m [32m[aibot-real-client-connector/INFO][m [36m(aibot)[m [0mAIBot real-client control connected body_id=bob session=bc3a7f9c-ef01-4d6a-a108-56b4f52ca77f
[m[34m[05:33:15][m [32m[Render thread/INFO][m [36m(aibot)[m [0mAIBot real-client auto-join 127.0.0.1:25599 (attempt 6)
[m[34m[05:33:16][m [32m[Render thread/INFO][m [36m(Minecraft)[m [0mConnecting to 127.0.0.1, 25599
[m[34m[05:33:20][m [32m[Render thread/INFO][m [36m(aibot)[m [0mAIBot real-client auto-join 127.0.0.1:25599 (attempt 7)
[m[34m[05:33:21][m [32m[Render thread/INFO][m [36m(Minecraft)[m [0mConnecting to 127.0.0.1, 25599
[m[34m[05:33:25][m [32m[Render thread/INFO][m [36m(aibot)[m [0mAIBot real-client auto-join 127.0.0.1:25599 (attempt 8)
[m[34m[05:33:26][m [32m[Render thread/INFO][m [36m(Minecraft)[m [0mConnecting to 127.0.0.1, 25599
[m[34m[05:33:30][m [32m[Render thread/INFO][m [36m(aibot)[m [0mAIBot real-client auto-join 127.0.0.1:25599 (attempt 9)
[m[34m[05:33:31][m [32m[Render thread/INFO][m [36m(Minecraft)[m [0mConnecting to 127.0.0.1, 25599
[m[34m[05:33:35][m [32m[Render thread/INFO][m [36m(aibot)[m [0mAIBot real-client auto-join 127.0.0.1:25599 (attempt 10)
[m[34m[05:33:36][m [32m[Render thread/INFO][m [36m(Minecraft)[m [0mConnecting to 127.0.0.1, 25599
[m[34m[05:33:40][m [32m[Render thread/INFO][m [36m(aibot)[m [0mAIBot real-client auto-join 127.0.0.1:25599 (attempt 11)
[m[34m[05:33:41][m [32m[Render thread/INFO][m [36m(Minecraft)[m [0mConnecting to 127.0.0.1, 25599
[m[34m[05:33:45][m [32m[Render thread/INFO][m [36m(aibot)[m [0mAIBot real-client auto-join 127.0.0.1:25599 (attempt 12)
[m[34m[05:33:46][m [32m[Render thread/INFO][m [36m(Minecraft)[m [0mConnecting to 127.0.0.1, 25599
[m[34m[05:33:50][m [32m[Render thread/INFO][m [36m(aibot)[m [0mAIBot real-client auto-join 127.0.0.1:25599 (attempt 13)
[m[34m[05:33:51][m [32m[Render thread/INFO][m [36m(Minecraft)[m [0mConnecting to 127.0.0.1, 25599
[m[34m[05:33:55][m [32m[Render thread/INFO][m [36m(aibot)[m [0mAIBot real-client auto-join 127.0.0.1:25599 (attempt 14)
[m[34m[05:33:56][m [32m[Render thread/INFO][m [36m(Minecraft)[m [0mConnecting to 127.0.0.1, 25599
[m[34m[05:34:01][m [32m[Render thread/INFO][m [36m(aibot)[m [0mAIBot real-client auto-join 127.0.0.1:25599 (attempt 15)
[m[34m[05:34:01][m [32m[Render thread/INFO][m [36m(Minecraft)[m [0mConnecting to 127.0.0.1, 25599
[m[34m[05:34:06][m [32m[Render thread/INFO][m [36m(aibot)[m [0mAIBot real-client auto-join 127.0.0.1:25599 (attempt 16)
[m[34m[05:34:06][m [32m[Render thread/INFO][m [36m(Minecraft)[m [0mConnecting to 127.0.0.1, 25599
[m[34m[05:34:11][m [32m[Render thread/INFO][m [36m(aibot)[m [0mAIBot real-client auto-join 127.0.0.1:25599 (attempt 17)
[m[34m[05:34:11][m [32m[Render thread/INFO][m [36m(Minecraft)[m [0mConnecting to 127.0.0.1, 25599
[m[34m[05:34:16][m [32m[Render thread/INFO][m [36m(aibot)[m [0mAIBot real-client auto-join 127.0.0.1:25599 (attempt 18)
[m[34m[05:34:16][m [32m[Render thread/INFO][m [36m(Minecraft)[m [0mConnecting to 127.0.0.1, 25599
[m[34m[05:34:21][m [32m[Render thread/INFO][m [36m(aibot)[m [0mAIBot real-client auto-join 127.0.0.1:25599 (attempt 19)
[m[34m[05:34:21][m [32m[Render thread/INFO][m [36m(Minecraft)[m [0mConnecting to 127.0.0.1, 25599
[m[34m[05:34:26][m [32m[Render thread/INFO][m [36m(aibot)[m [0mAIBot real-client auto-join 127.0.0.1:25599 (attempt 20)
[m[34m[05:34:26][m [32m[Render thread/INFO][m [36m(Minecraft)[m [0mConnecting to 127.0.0.1, 25599
[m[34m[05:34:31][m [32m[Render thread/INFO][m [36m(aibot)[m [0mAIBot real-client auto-join 127.0.0.1:25599 (attempt 21)
[m[34m[05:34:31][m [32m[Render thread/INFO][m [36m(Minecraft)[m [0mConnecting to 127.0.0.1, 25599
[m[34m[05:34:36][m [32m[Render thread/INFO][m [36m(aibot)[m [0mAIBot real-client auto-join 127.0.0.1:25599 (attempt 22)
[m[34m[05:34:36][m [32m[Render thread/INFO][m [36m(Minecraft)[m [0mConnecting to 127.0.0.1, 25599
[m[34m[05:34:41][m [32m[Render thread/INFO][m [36m(aibot)[m [0mAIBot real-client auto-join 127.0.0.1:25599 (attempt 23)
[m[34m[05:34:41][m [32m[Render thread/INFO][m [36m(Minecraft)[m [0mConnecting to 127.0.0.1, 25599
[m[34m[05:34:46][m [32m[Render thread/INFO][m [36m(aibot)[m [0mAIBot real-client auto-join 127.0.0.1:25599 (attempt 24)
[m[34m[05:34:46][m [32m[Render thread/INFO][m [36m(Minecraft)[m [0mConnecting to 127.0.0.1, 25599
[m[34m[05:34:51][m [32m[Render thread/INFO][m [36m(aibot)[m [0mAIBot real-client auto-join 127.0.0.1:25599 (attempt 25)
[m[34m[05:34:51][m [32m[Render thread/INFO][m [36m(Minecraft)[m [0mConnecting to 127.0.0.1, 25599
[m
=== real-client launch 2026-09-12T21:34:54Z ===
[34m[05:34:55][m [32m[main/INFO][m [36m(FabricLoader/GameProvider)[m [0mLoading Minecraft 1.21.3 with Fabric Loader 0.18.4
[m[34m[05:34:56][m [32m[main/INFO][m [36m(FabricLoader)[m [0mLoading 55 mods:
	- aibot 0.0.1
	- fabric-api 0.114.1+1.21.3
	- fabric-api-base 0.4.50+119c825640
	- fabric-api-lookup-api-v1 1.6.81+fd37071f40
	- fabric-biome-api-v1 14.0.7+add2a48640
	- fabric-block-api-v1 1.0.28+fd37071f40
	- fabric-block-view-api-v2 1.0.16+fd37071f40
	- fabric-blockrenderlayer-v1 2.0.4+fd37071f40
	- fabric-client-tags-api-v1 1.1.25+a730659c40
	- fabric-command-api-v1 1.2.58+f71b366f40
	- fabric-command-api-v2 2.2.37+c9d82ab240
	- fabric-commands-v0 0.2.75+df3654b340
	- fabric-content-registries-v0 9.1.8+fd37071f40
	- fabric-convention-tags-v1 2.1.4+7f945d5b40
	- fabric-convention-tags-v2 2.9.4+129f0c1f40
	- fabric-crash-report-info-v1 0.3.3+fd37071f40
	- fabric-data-attachment-api-v1 1.4.0+dbad41f140
	- fabric-data-generation-api-v1 21.1.2+a730659c40
	- fabric-dimensions-v1 4.0.7+fd37071f40
	- fabric-entity-events-v1 2.0.8+825023f840
	- fabric-events-interaction-v0 2.0.12+c2c3ac4740
	- fabric-game-rule-api-v1 1.0.59+fd37071f40
	- fabric-gametest-api-v1 2.0.15+fd37071f40
	- fabric-item-api-v1 11.1.7+fd37071f40
	- fabric-item-group-api-v1 4.1.17+fd37071f40
	- fabric-key-binding-api-v1 1.0.53+fd37071f40
	- fabric-keybindings-v0 0.2.51+df3654b340
	- fabric-lifecycle-events-v1 2.5.1+6da5ef6940
	- fabric-loot-api-v2 3.0.26+3f89f5a540
	- fabric-loot-api-v3 1.0.14+fd37071f40
	- fabric-message-api-v1 6.0.22+5a9b22c640
	- fabric-model-loading-api-v1 3.0.9+fd37071f40
	- fabric-networking-api-v1 4.3.5+fd37071f40
	- fabric-object-builder-api-v1 17.0.9+fd37071f40
	- fabric-particles-v1 4.0.10+fd37071f40
	- fabric-recipe-api-v1 7.0.5+8ea69ff840
	- fabric-registry-sync-v0 5.4.1+3f3c499540
	- fabric-renderer-api-v1 4.0.5+fd37071f40
	- fabric-renderer-indigo 1.9.5+fd37071f40
	- fabric-rendering-data-attachment-v1 0.3.54+73761d2e40
	- fabric-rendering-fluids-v1 3.1.15+fd37071f40
	- fabric-rendering-v0 1.1.84+df3654b340
	- fabric-rendering-v1 8.0.8+6922831640
	- fabric-resource-conditions-api-v1 5.0.8+fd37071f40
	- fabric-resource-loader-v0 3.0.6+fd37071f40
	- fabric-screen-api-v1 2.0.34+fd37071f40
	- fabric-screen-handler-api-v1 1.3.103+fd37071f40
	- fabric-sound-api-v1 1.0.29+fd37071f40
	- fabric-tag-api-v1 1.0.0+a730659c40
	- fabric-transfer-api-v1 5.4.3+cb44d14340
	- fabric-transitive-access-wideners-v1 6.2.0+54a41b1c40
	- fabricloader 0.18.4
	- java 21
	- minecraft 1.21.3
	- mixinextras 0.5.0
[m[34m[05:34:56][m [32m[main/INFO][m [36m(FabricLoader/Mixin)[m [0mSpongePowered MIXIN Subsystem Version=0.8.7 Source=file:/C:/Users/15027/.gradle/caches/modules-2/files-2.1/net.fabricmc/sponge-mixin/0.17.0+mixin.0.8.7/cf31463202f72d03b0ef1e1e38e8ee71b7faaab6/sponge-mixin-0.17.0+mixin.0.8.7.jar Service=Knot/Fabric Env=CLIENT
[m[34m[05:34:56][m [32m[main/INFO][m [36m(FabricLoader/Mixin)[m [0mLoaded Fabric development mappings for mixin remapper!
[m[34m[05:34:56][m [32m[main/INFO][m [36m(FabricLoader/Mixin)[m [0mCompatibility level set to JAVA_21
[m[34m[05:34:58][m [32m[main/INFO][m [36m(FabricLoader/MixinExtras|Service)[m [0mInitializing MixinExtras via com.llamalad7.mixinextras.service.MixinExtrasServiceImpl(version=0.5.0).
[m[34m[05:34:59][m [32m[Datafixer Bootstrap/INFO][m [36m(Minecraft)[m [0m237 Datafixer optimizations took 445 milliseconds
[m[34m[05:35:06][m [32m[Render thread/INFO][m [36m(Minecraft)[m [0mEnvironment: Environment[sessionHost=https://sessionserver.mojang.com, servicesHost=https://api.minecraftservices.com, name=PROD]
[m[34m[05:35:06][m [32m[Render thread/INFO][m [36m(Minecraft)[m [0mSetting user: Bob
[m[34m[05:35:07][m [32m[Render thread/INFO][m [36m(aibot)[m [0m[AIBot] CONFIG event=operating_profile_resolved bot=- {configured_hidden_block_scan=true, configured_emergency_teleport=true, effective_capabilities=[], configured_manual_teleport=true, profile=strict_survival, source=FILE_OR_DEFAULT, configured_forced_pickup=true}
[m[34m[05:35:07][m [33m[Render thread/WARN][m [36m(aibot)[m [0m[AIBot] CONFIG event=deepseek_key_missing bot=- {}
[m[34m[05:35:07][m [32m[Render thread/INFO][m [36m(aibot)[m [0m[AIBot] LIFECYCLE event=mod_loaded bot=- {version=0.0.1}
[m[34m[05:35:07][m [32m[Render thread/INFO][m [36m(aibot)[m [0m[AIBot] CONFIG event=config_loaded bot=- {logging_enabled=true, configured_operator_capabilities=OperatorCapabilities[hiddenBlockScan=true, emergencyTeleport=true, forcedPickup=true, manualTeleport=true], deepseek_model=deepseek-v4-flash, effective_capabilities=[], perception_radius=16, pickup_force_radius=2.75, profile=strict_survival, nav_lookahead=4}
[m[34m[05:35:07][m [32m[Render thread/INFO][m [36m(aibot)[m [0m================================
[m[34m[05:35:07][m [32m[Render thread/INFO][m [36m(aibot)[m [0m  AIBot v0.0.1 loaded
[m[34m[05:35:07][m [32m[Render thread/INFO][m [36m(aibot)[m [0m  Mode: M6 structured logs over M5 tasks
[m[34m[05:35:07][m [32m[Render thread/INFO][m [36m(aibot)[m [0m================================
[m[34m[05:35:07][m [32m[Render thread/INFO][m [36m(Indigo)[m [0m[Indigo] Registering Indigo renderer!
[m[34m[05:35:07][m [32m[Render thread/INFO][m [36m(aibot)[m [0mAIBot real-client runtime enabled body_id=bob player=Bob control=127.0.0.1:8766 auto_join=127.0.0.1:25599
[m[34m[05:35:07][m [32m[aibot-real-client-connector/INFO][m [36m(aibot)[m [0mAIBot real-client control connected body_id=bob session=6804ceeb-0d93-4224-9f16-4a84f2d8697d
[m[34m[05:35:08][m [32m[Render thread/INFO][m [36m(Minecraft)[m [0mBackend library: LWJGL version 3.3.3-snapshot
[m[34m[05:35:10][m [32m[Render thread/INFO][m [36m(Minecraft)[m [0mReloading ResourceManager: vanilla, fabric, aibot, fabric-api, fabric-api-base, fabric-api-lookup-api-v1, fabric-biome-api-v1, fabric-block-api-v1, fabric-block-view-api-v2, fabric-blockrenderlayer-v1, fabric-client-tags-api-v1, fabric-command-api-v1, fabric-command-api-v2, fabric-commands-v0, fabric-content-registries-v0, fabric-convention-tags-v1, fabric-convention-tags-v2, fabric-crash-report-info-v1, fabric-data-attachment-api-v1, fabric-data-generation-api-v1, fabric-dimensions-v1, fabric-entity-events-v1, fabric-events-interaction-v0, fabric-game-rule-api-v1, fabric-gametest-api-v1, fabric-item-api-v1, fabric-item-group-api-v1, fabric-key-binding-api-v1, fabric-keybindings-v0, fabric-lifecycle-events-v1, fabric-loot-api-v2, fabric-loot-api-v3, fabric-message-api-v1, fabric-model-loading-api-v1, fabric-networking-api-v1, fabric-object-builder-api-v1, fabric-particles-v1, fabric-recipe-api-v1, fabric-registry-sync-v0, fabric-renderer-api-v1, fabric-renderer-indigo, fabric-rendering-data-attachment-v1, fabric-rendering-fluids-v1, fabric-rendering-v0, fabric-rendering-v1, fabric-resource-conditions-api-v1, fabric-resource-loader-v0, fabric-screen-api-v1, fabric-screen-handler-api-v1, fabric-sound-api-v1, fabric-tag-api-v1, fabric-transfer-api-v1, fabric-transitive-access-wideners-v1, fabricloader
[m[34m[05:35:10][m [32m[Worker-Main-14/INFO][m [36m(Minecraft)[m [0mFound unifont_all_no_pua-15.1.05.hex, loading
[m[34m[05:35:10][m [32m[Worker-Main-9/INFO][m [36m(Minecraft)[m [0mFound unifont_jp_patch-15.1.05.hex, loading
[m[34m[05:35:10][m [32m[Render thread/INFO][m [36m(aibot)[m [0mAIBot real-client auto-join watcher screen=net.minecraft.client.gui.screen.MessageScreen
[m[34m[05:35:11][m [33m[Render thread/WARN][m [36m(Minecraft)[m [0mMissing sound for event: minecraft:block.spawner.fall
[m[34m[05:35:11][m [32m[Render thread/INFO][m [36m(Minecraft)[m [0mOpenAL initialized on device OpenAL Soft on æ‰¬å£°å™¨ (Steam Streaming Speakers)
[m[34m[05:35:11][m [32m[Render thread/INFO][m [36m(Minecraft)[m [0mSound engine started
[m[34m[05:35:12][m [32m[Render thread/INFO][m [36m(Minecraft)[m [0mCreated: 1024x512x4 minecraft:textures/atlas/blocks.png-atlas
[m[34m[05:35:12][m [32m[Render thread/INFO][m [36m(Minecraft)[m [0mCreated: 256x256x4 minecraft:textures/atlas/signs.png-atlas
[m[34m[05:35:12][m [32m[Render thread/INFO][m [36m(Minecraft)[m [0mCreated: 512x512x4 minecraft:textures/atlas/banner_patterns.png-atlas
[m[34m[05:35:12][m [32m[Render thread/INFO][m [36m(Minecraft)[m [0mCreated: 512x512x4 minecraft:textures/atlas/shield_patterns.png-atlas
[m[34m[05:35:12][m [32m[Render thread/INFO][m [36m(Minecraft)[m [0mCreated: 1024x1024x4 minecraft:textures/atlas/armor_trims.png-atlas
[m[34m[05:35:12][m [32m[Render thread/INFO][m [36m(Minecraft)[m [0mCreated: 256x256x4 minecraft:textures/atlas/chest.png-atlas
[m[34m[05:35:12][m [32m[Render thread/INFO][m [36m(Minecraft)[m [0mCreated: 128x64x4 minecraft:textures/atlas/decorated_pot.png-atlas
[m[34m[05:35:12][m [32m[Render thread/INFO][m [36m(Minecraft)[m [0mCreated: 512x256x4 minecraft:textures/atlas/beds.png-atlas
[m[34m[05:35:12][m [32m[Render thread/INFO][m [36m(Minecraft)[m [0mCreated: 512x256x4 minecraft:textures/atlas/shulker_boxes.png-atlas
[m[34m[05:35:12][m [32m[Render thread/INFO][m [36m(Minecraft)[m [0mCreated: 64x64x0 minecraft:textures/atlas/map_decorations.png-atlas
[m[34m[05:35:12][m [32m[Render thread/INFO][m [36m(Minecraft)[m [0mCreated: 512x256x0 minecraft:textures/atlas/particles.png-atlas
[m[34m[05:35:12][m [32m[Render thread/INFO][m [36m(Minecraft)[m [0mCreated: 512x256x0 minecraft:textures/atlas/paintings.png-atlas
[m[34m[05:35:12][m [32m[Render thread/INFO][m [36m(Minecraft)[m [0mCreated: 256x128x0 minecraft:textures/atlas/mob_effects.png-atlas
[m[34m[05:35:12][m [32m[Render thread/INFO][m [36m(Minecraft)[m [0mCreated: 1024x512x0 minecraft:textures/atlas/gui.png-atlas
[m[34m[05:35:12][m [32m[Render thread/INFO][m [36m(Minecraft)[m [0mConnecting to 127.0.0.1, 25599
[m[34m[05:35:12][m [32m[Render thread/INFO][m [36m(aibot)[m [0mAIBot real-client auto-join watcher screen=net.minecraft.client.gui.screen.multiplayer.ConnectScreen
[m[34m[05:35:15][m [32m[Render thread/INFO][m [36m(Minecraft)[m [0mLoaded 2 advancements
[m[34m[05:35:20][m [32m[Render thread/INFO][m [36m(aibot)[m [0mAIBot real-client heartbeat diag crosshair_present=true target=BLOCK:Mutable{x=1, y=-59, z=-4}
[m[34m[05:35:30][m [32m[Render thread/INFO][m [36m(aibot)[m [0mAIBot real-client heartbeat diag crosshair_present=true target=BLOCK:Mutable{x=1, y=-59, z=-4}
[m[34m[05:35:40][m [32m[Render thread/INFO][m [36m(aibot)[m [0mAIBot real-client heartbeat diag crosshair_present=true target=BLOCK:Mutable{x=1, y=-59, z=-4}
[m[34m[05:35:50][m [32m[Render thread/INFO][m [36m(aibot)[m [0mAIBot real-client heartbeat diag crosshair_present=true target=BLOCK:Mutable{x=1, y=-59, z=-4}
[m[34m[05:36:00][m [32m[Render thread/INFO][m [36m(aibot)[m [0mAIBot real-client heartbeat diag crosshair_present=true target=BLOCK:Mutable{x=1, y=-59, z=-4}
[m[34m[05:36:10][m [32m[Render thread/INFO][m [36m(aibot)[m [0mAIBot real-client heartbeat diag crosshair_present=true target=BLOCK:Mutable{x=1, y=-59, z=-4}
[m[34m[05:36:20][m [32m[Render thread/INFO][m [36m(aibot)[m [0mAIBot real-client heartbeat diag crosshair_present=true target=BLOCK:Mutable{x=1, y=-59, z=-4}
[m[34m[05:36:30][m [32m[Render thread/INFO][m [36m(aibot)[m [0mAIBot real-client heartbeat diag crosshair_present=true target=BLOCK:Mutable{x=1, y=-59, z=-4}
[m[34m[05:36:40][m [32m[Render thread/INFO][m [36m(aibot)[m [0mAIBot real-client heartbeat diag crosshair_present=true target=BLOCK:Mutable{x=1, y=-59, z=-4}
[m[34m[05:36:50][m [32m[Render thread/INFO][m [36m(aibot)[m [0mAIBot real-client heartbeat diag crosshair_present=true target=BLOCK:Mutable{x=1, y=-59, z=-4}
[m[34m[05:36:57][m [32m[Render thread/INFO][m [36m(Minecraft)[m [0m[System] [CHAT] Bob acaba de conseguir el progreso [Â¿No es hierrÃ³nico?]
[m[34m[05:36:57][m [32m[Render thread/INFO][m [36m(Minecraft)[m [0mLoaded 12 advancements
[m[34m[05:37:00][m [32m[Render thread/INFO][m [36m(aibot)[m [0mAIBot real-client heartbeat diag crosshair_present=true target=BLOCK:Mutable{x=1, y=-59, z=-4}
[m[34m[05:37:10][m [32m[Render thread/INFO][m [36m(aibot)[m [0mAIBot real-client heartbeat diag crosshair_present=true target=BLOCK:Mutable{x=1, y=-59, z=-4}
[m[34m[05:37:20][m [32m[Render thread/INFO][m [36m(aibot)[m [0mAIBot real-client heartbeat diag crosshair_present=true target=BLOCK:Mutable{x=1, y=-59, z=-4}
[m[34m[05:37:30][m [32m[Render thread/INFO][m [36m(aibot)[m [0mAIBot real-client heartbeat diag crosshair_present=true target=BLOCK:Mutable{x=1, y=-59, z=-4}
[m[34m[05:37:40][m [32m[Render thread/INFO][m [36m(aibot)[m [0mAIBot real-client heartbeat diag crosshair_present=true target=BLOCK:Mutable{x=1, y=-59, z=-4}
[m[34m[05:37:50][m [32m[Render thread/INFO][m [36m(aibot)[m [0mAIBot real-client heartbeat diag crosshair_present=true target=BLOCK:Mutable{x=1, y=-59, z=-4}
[m[34m[05:38:00][m [32m[Render thread/INFO][m [36m(aibot)[m [0mAIBot real-client heartbeat diag crosshair_present=false target=MISS:BlockPos{x=0, y=-59, z=-4}
[m[34m[05:38:10][m [32m[Render thread/INFO][m [36m(aibot)[m [0mAIBot real-client heartbeat diag crosshair_present=false target=MISS:BlockPos{x=0, y=-59, z=-4}
[m[34m[05:38:20][m [32m[Render thread/INFO][m [36m(aibot)[m [0mAIBot real-client heartbeat diag crosshair_present=false target=MISS:BlockPos{x=0, y=-59, z=-4}
[m[34m[05:38:30][m [32m[Render thread/INFO][m [36m(aibot)[m [0mAIBot real-client heartbeat diag crosshair_present=false target=MISS:BlockPos{x=0, y=-59, z=-4}
[m[34m[05:38:40][m [32m[Render thread/INFO][m [36m(aibot)[m [0mAIBot real-client heartbeat diag crosshair_present=false target=MISS:BlockPos{x=0, y=-59, z=-4}
[m[34m[05:38:50][m [32m[Render thread/INFO][m [36m(aibot)[m [0mAIBot real-client heartbeat diag crosshair_present=true target=BLOCK:Mutable{x=1, y=-59, z=-4}
[m[34m[05:39:00][m [32m[Render thread/INFO][m [36m(aibot)[m [0mAIBot real-client heartbeat diag crosshair_present=true target=BLOCK:Mutable{x=1, y=-59, z=-4}
[m[34m[05:39:10][m [32m[Render thread/INFO][m [36m(aibot)[m [0mAIBot real-client heartbeat diag crosshair_present=true target=BLOCK:Mutable{x=1, y=-59, z=-4}
[m[34m[05:39:20][m [32m[Render thread/INFO][m [36m(aibot)[m [0mAIBot real-client heartbeat diag crosshair_present=true target=BLOCK:Mutable{x=1, y=-59, z=-4}
[m[34m[05:39:30][m [32m[Render thread/INFO][m [36m(aibot)[m [0mAIBot real-client heartbeat diag crosshair_present=true target=BLOCK:Mutable{x=1, y=-59, z=-4}
[m[34m[05:39:40][m [32m[Render thread/INFO][m [36m(aibot)[m [0mAIBot real-client heartbeat diag crosshair_present=true target=BLOCK:Mutable{x=1, y=-59, z=-4}
[m[34m[05:39:50][m [32m[Render thread/INFO][m [36m(aibot)[m [0mAIBot real-client heartbeat diag crosshair_present=true target=BLOCK:Mutable{x=1, y=-59, z=-4}
[m[34m[05:40:00][m [32m[Render thread/INFO][m [36m(aibot)[m [0mAIBot real-client heartbeat diag crosshair_present=true target=BLOCK:Mutable{x=1, y=-59, z=-4}
[m[34m[05:40:10][m [32m[Render thread/INFO][m [36m(aibot)[m [0mAIBot real-client heartbeat diag crosshair_present=true target=BLOCK:Mutable{x=1, y=-59, z=-4}
[m[34m[05:40:20][m [32m[Render thread/INFO][m [36m(aibot)[m [0mAIBot real-client heartbeat diag crosshair_present=true target=BLOCK:Mutable{x=1, y=-59, z=-4}
[m[34m[05:40:30][m [32m[Render thread/INFO][m [36m(aibot)[m [0mAIBot real-client heartbeat diag crosshair_present=true target=BLOCK:Mutable{x=1, y=-59, z=-4}
[m[34m[05:40:40][m [32m[Render thread/INFO][m [36m(aibot)[m [0mAIBot real-client heartbeat diag crosshair_present=true target=BLOCK:Mutable{x=1, y=-59, z=-4}
[m[34m[05:40:50][m [32m[Render thread/INFO][m [36m(aibot)[m [0mAIBot real-client heartbeat diag crosshair_present=true target=BLOCK:Mutable{x=1, y=-59, z=-4}
[m[34m[05:41:00][m [32m[Render thread/INFO][m [36m(aibot)[m [0mAIBot real-client heartbeat diag crosshair_present=true target=BLOCK:Mutable{x=1, y=-59, z=-4}
[m[34m[05:41:10][m [32m[Render thread/INFO][m [36m(aibot)[m [0mAIBot real-client heartbeat diag crosshair_present=true target=BLOCK:Mutable{x=1, y=-59, z=-4}
[m[34m[05:41:20][m [32m[Render thread/INFO][m [36m(aibot)[m [0mAIBot real-client heartbeat diag crosshair_present=true target=BLOCK:Mutable{x=1, y=-59, z=-4}
[m[34m[05:41:30][m [32m[Render thread/INFO][m [36m(aibot)[m [0mAIBot real-client heartbeat diag crosshair_present=true target=BLOCK:Mutable{x=1, y=-59, z=-4}
[m[34m[05:41:40][m [32m[Render thread/INFO][m [36m(aibot)[m [0mAIBot real-client heartbeat diag crosshair_present=false target=MISS:BlockPos{x=1, y=-60, z=-12}
[m[34m[05:41:50][m [32m[Render thread/INFO][m [36m(aibot)[m [0mAIBot real-client heartbeat diag crosshair_present=true target=BLOCK:Mutable{x=1, y=-59, z=-4}
[m[34m[05:42:00][m [32m[Render thread/INFO][m [36m(aibot)[m [0mAIBot real-client heartbeat diag crosshair_present=true target=BLOCK:Mutable{x=1, y=-59, z=-4}
[m[34m[05:42:10][m [32m[Render thread/INFO][m [36m(aibot)[m [0mAIBot real-client heartbeat diag crosshair_present=true target=BLOCK:Mutable{x=1, y=-59, z=-4}
[m[34m[05:42:20][m [32m[Render thread/INFO][m [36m(aibot)[m [0mAIBot real-client heartbeat diag crosshair_present=true target=BLOCK:Mutable{x=1, y=-59, z=-4}
[m[34m[05:42:30][m [32m[Render thread/INFO][m [36m(aibot)[m [0mAIBot real-client heartbeat diag crosshair_present=true target=BLOCK:Mutable{x=1, y=-59, z=-4}
[m[34m[05:42:40][m [32m[Render thread/INFO][m [36m(aibot)[m [0mAIBot real-client heartbeat diag crosshair_present=true target=BLOCK:Mutable{x=1, y=-61, z=-4}
[m[34m[05:42:50][m [32m[Render thread/INFO][m [36m(aibot)[m [0mAIBot real-client heartbeat diag crosshair_present=true target=BLOCK:Mutable{x=1, y=-61, z=-4}
[m[34m[05:43:00][m [32m[Render thread/INFO][m [36m(aibot)[m [0mAIBot real-client heartbeat diag crosshair_present=true target=BLOCK:Mutable{x=1, y=-61, z=-4}
[m[34m[05:43:10][m [32m[Render thread/INFO][m [36m(aibot)[m [0mAIBot real-client heartbeat diag crosshair_present=true target=BLOCK:Mutable{x=1, y=-61, z=-4}
[m[34m[05:43:20][m [32m[Render thread/INFO][m [36m(aibot)[m [0mAIBot real-client heartbeat diag crosshair_present=true target=BLOCK:Mutable{x=1, y=-61, z=-4}
[m[34m[05:43:30][m [32m[Render thread/INFO][m [36m(aibot)[m [0mAIBot real-client heartbeat diag crosshair_present=true target=BLOCK:Mutable{x=1, y=-61, z=-4}
[m[34m[05:43:40][m [32m[Render thread/INFO][m [36m(aibot)[m [0mAIBot real-client heartbeat diag crosshair_present=true target=BLOCK:Mutable{x=1, y=-61, z=-4}
[m[34m[05:43:50][m [32m[Render thread/INFO][m [36m(aibot)[m [0mAIBot real-client heartbeat diag crosshair_present=true target=BLOCK:Mutable{x=1, y=-61, z=-4}
[m[34m[05:44:00][m [32m[Render thread/INFO][m [36m(aibot)[m [0mAIBot real-client heartbeat diag crosshair_present=true target=BLOCK:Mutable{x=1, y=-61, z=-4}
[m[34m[05:44:10][m [32m[Render thread/INFO][m [36m(aibot)[m [0mAIBot real-client heartbeat diag crosshair_present=true target=BLOCK:Mutable{x=1, y=-59, z=-4}
[m[34m[05:44:20][m [32m[Render thread/INFO][m [36m(aibot)[m [0mAIBot real-client heartbeat diag crosshair_present=true target=BLOCK:Mutable{x=1, y=-59, z=-4}
[m[34m[05:44:30][m [32m[Render thread/INFO][m [36m(aibot)[m [0mAIBot real-client heartbeat diag crosshair_present=true target=BLOCK:Mutable{x=1, y=-59, z=-4}
[m[34m[05:44:40][m [32m[Render thread/INFO][m [36m(aibot)[m [0mAIBot real-client heartbeat diag crosshair_present=true target=BLOCK:Mutable{x=1, y=-59, z=-4}
[m[34m[05:44:50][m [32m[Render thread/INFO][m [36m(aibot)[m [0mAIBot real-client heartbeat diag crosshair_present=true target=BLOCK:Mutable{x=1, y=-59, z=-4}
[m[34m[05:45:00][m [32m[Render thread/INFO][m [36m(aibot)[m [0mAIBot real-client heartbeat diag crosshair_present=true target=BLOCK:Mutable{x=1, y=-59, z=-4}
[m[34m[05:45:10][m [32m[Render thread/INFO][m [36m(aibot)[m [0mAIBot real-client heartbeat diag crosshair_present=true target=BLOCK:Mutable{x=1, y=-59, z=-4}
[m[34m[05:45:20][m [32m[Render thread/INFO][m [36m(aibot)[m [0mAIBot real-client heartbeat diag crosshair_present=true target=BLOCK:Mutable{x=1, y=-59, z=-4}
[m[34m[05:45:30][m [32m[Render thread/INFO][m [36m(aibot)[m [0mAIBot real-client heartbeat diag crosshair_present=true target=BLOCK:Mutable{x=1, y=-59, z=-4}
[m[34m[05:45:40][m [32m[Render thread/INFO][m [36m(aibot)[m [0mAIBot real-client heartbeat diag crosshair_present=true target=BLOCK:Mutable{x=1, y=-59, z=-4}
[m[34m[05:45:50][m [32m[Render thread/INFO][m [36m(aibot)[m [0mAIBot real-client heartbeat diag crosshair_present=true target=BLOCK:Mutable{x=1, y=-59, z=-4}
[m[34m[05:46:00][m [32m[Render thread/INFO][m [36m(aibot)[m [0mAIBot real-client heartbeat diag crosshair_present=true target=BLOCK:Mutable{x=1, y=-59, z=-4}
[m[34m[05:46:10][m [32m[Render thread/INFO][m [36m(aibot)[m [0mAIBot real-client heartbeat diag crosshair_present=true target=BLOCK:Mutable{x=1, y=-59, z=-4}
[m[34m[05:46:20][m [32m[Render thread/INFO][m [36m(aibot)[m [0mAIBot real-client heartbeat diag crosshair_present=true target=BLOCK:Mutable{x=1, y=-59, z=-4}
[m[34m[05:46:30][m [32m[Render thread/INFO][m [36m(aibot)[m [0mAIBot real-client heartbeat diag crosshair_present=true target=BLOCK:Mutable{x=1, y=-59, z=-4}
[m[34m[05:46:40][m [32m[Render thread/INFO][m [36m(aibot)[m [0mAIBot real-client heartbeat diag crosshair_present=true target=BLOCK:Mutable{x=1, y=-59, z=-4}
[m[34m[05:46:50][m [32m[Render thread/INFO][m [36m(aibot)[m [0mAIBot real-client heartbeat diag crosshair_present=true target=BLOCK:Mutable{x=1, y=-59, z=-4}
[m[34m[05:47:00][m [32m[Render thread/INFO][m [36m(aibot)[m [0mAIBot real-client heartbeat diag crosshair_present=true target=BLOCK:Mutable{x=1, y=-59, z=-4}
[m[34m[05:47:10][m [32m[Render thread/INFO][m [36m(aibot)[m [0mAIBot real-client heartbeat diag crosshair_present=true target=BLOCK:Mutable{x=1, y=-59, z=-4}
[m[34m[05:47:20][m [32m[Render thread/INFO][m [36m(aibot)[m [0mAIBot real-client heartbeat diag crosshair_present=true target=BLOCK:Mutable{x=1, y=-59, z=-4}
[m[34m[05:47:30][m [32m[Render thread/INFO][m [36m(aibot)[m [0mAIBot real-client heartbeat diag crosshair_present=true target=BLOCK:Mutable{x=1, y=-59, z=-4}
[m[34m[05:47:40][m [32m[Render thread/INFO][m [36m(aibot)[m [0mAIBot real-client heartbeat diag crosshair_present=true target=BLOCK:Mutable{x=1, y=-59, z=-4}
[m[34m[05:47:50][m [32m[Render thread/INFO][m [36m(aibot)[m [0mAIBot real-client heartbeat diag crosshair_present=true target=BLOCK:Mutable{x=1, y=-59, z=-4}
[m[34m[05:48:00][m [32m[Render thread/INFO][m [36m(aibot)[m [0mAIBot real-client heartbeat diag crosshair_present=true target=BLOCK:Mutable{x=1, y=-59, z=-4}
[m[34m[05:48:10][m [32m[Render thread/INFO][m [36m(aibot)[m [0mAIBot real-client heartbeat diag crosshair_present=true target=BLOCK:Mutable{x=1, y=-59, z=-4}
[m[34m[05:48:20][m [32m[Render thread/INFO][m [36m(aibot)[m [0mAIBot real-client heartbeat diag crosshair_present=true target=BLOCK:Mutable{x=1, y=-59, z=-4}
[m[34m[05:48:30][m [32m[Render thread/INFO][m [36m(aibot)[m [0mAIBot real-client heartbeat diag crosshair_present=true target=BLOCK:Mutable{x=1, y=-59, z=-4}
[m[34m[05:48:40][m [32m[Render thread/INFO][m [36m(aibot)[m [0mAIBot real-client heartbeat diag crosshair_present=true target=BLOCK:Mutable{x=1, y=-59, z=-4}
[m[34m[05:48:50][m [32m[Render thread/INFO][m [36m(aibot)[m [0mAIBot real-client heartbeat diag crosshair_present=true target=BLOCK:Mutable{x=1, y=-59, z=-4}
[m[34m[05:49:00][m [32m[Render thread/INFO][m [36m(aibot)[m [0mAIBot real-client heartbeat diag crosshair_present=true target=BLOCK:Mutable{x=1, y=-59, z=-4}
[m[34m[05:49:10][m [32m[Render thread/INFO][m [36m(aibot)[m [0mAIBot real-client heartbeat diag crosshair_present=true target=BLOCK:Mutable{x=1, y=-59, z=-4}
[m[34m[05:49:20][m [32m[Render thread/INFO][m [36m(aibot)[m [0mAIBot real-client heartbeat diag crosshair_present=true target=BLOCK:Mutable{x=1, y=-59, z=-4}
[m[34m[05:49:30][m [32m[Render thread/INFO][m [36m(aibot)[m [0mAIBot real-client heartbeat diag crosshair_present=true target=BLOCK:Mutable{x=1, y=-59, z=-4}
[m[34m[05:49:40][m [32m[Render thread/INFO][m [36m(aibot)[m [0mAIBot real-client heartbeat diag crosshair_present=true target=BLOCK:Mutable{x=1, y=-59, z=-4}
[m[34m[05:49:50][m [32m[Render thread/INFO][m [36m(aibot)[m [0mAIBot real-client heartbeat diag crosshair_present=true target=BLOCK:Mutable{x=1, y=-59, z=-4}
[m[34m[05:50:00][m [32m[Render thread/INFO][m [36m(aibot)[m [0mAIBot real-client heartbeat diag crosshair_present=true target=BLOCK:Mutable{x=1, y=-59, z=-4}
[m[34m[05:50:10][m [32m[Render thread/INFO][m [36m(aibot)[m [0mAIBot real-client heartbeat diag crosshair_present=true target=BLOCK:Mutable{x=1, y=-59, z=-4}
[m[34m[05:50:20][m [32m[Render thread/INFO][m [36m(aibot)[m [0mAIBot real-client heartbeat diag crosshair_present=true target=BLOCK:Mutable{x=1, y=-59, z=-4}
[m[34m[05:50:30][m [32m[Render thread/INFO][m [36m(aibot)[m [0mAIBot real-client heartbeat diag crosshair_present=true target=BLOCK:Mutable{x=1, y=-59, z=-4}
[m[34m[05:50:40][m [32m[Render thread/INFO][m [36m(aibot)[m [0mAIBot real-client heartbeat diag crosshair_present=true target=BLOCK:Mutable{x=1, y=-59, z=-4}
[m[34m[05:50:50][m [32m[Render thread/INFO][m [36m(aibot)[m [0mAIBot real-client heartbeat diag crosshair_present=true target=BLOCK:Mutable{x=1, y=-59, z=-4}
[m[34m[05:51:00][m [32m[Render thread/INFO][m [36m(aibot)[m [0mAIBot real-client heartbeat diag crosshair_present=true target=BLOCK:Mutable{x=1, y=-59, z=-4}
[m[34m[05:51:10][m [32m[Render thread/INFO][m [36m(aibot)[m [0mAIBot real-client heartbeat diag crosshair_present=true target=BLOCK:Mutable{x=1, y=-59, z=-4}
[m[34m[05:51:20][m [32m[Render thread/INFO][m [36m(aibot)[m [0mAIBot real-client heartbeat diag crosshair_present=true target=BLOCK:Mutable{x=1, y=-59, z=-4}
[m[34m[05:51:30][m [32m[Render thread/INFO][m [36m(aibot)[m [0mAIBot real-client heartbeat diag crosshair_present=true target=BLOCK:Mutable{x=1, y=-59, z=-4}
[m[34m[05:51:30][m [33m[aibot-real-client-connector/WARN][m [36m(aibot)[m [0mreal-client control connect/read failed: java.net.SocketException: Connection reset
[m[34m[05:51:31][m [31m[Netty Client IO #0/ERROR][m [36m(Minecraft)[m [31mNegative index in crash report handler (13/21)
[m[34m[05:51:31][m [33m[Render thread/WARN][m [36m(Minecraft)[m [0mClient disconnected with reason: Internal Exception: java.net.SocketException: Connection reset
[m[34m[05:51:31][m [32m[Render thread/INFO][m [36m(aibot)[m [0mAIBot real-client auto-join watcher screen=net.minecraft.client.gui.screen.DisconnectedScreen
[m[34m[05:51:31][m [32m[Render thread/INFO][m [36m(aibot)[m [0mAIBot real-client auto-join 127.0.0.1:25599 (attempt 1)
[m[34m[05:51:31][m [32m[Render thread/INFO][m [36m(Minecraft)[m [0mConnecting to 127.0.0.1, 25599
[m[34m[05:51:31][m [32m[Render thread/INFO][m [36m(aibot)[m [0mAIBot real-client auto-join watcher screen=net.minecraft.client.gui.screen.multiplayer.ConnectScreen
[m[34m[05:51:31][m [31m[Server Connector #2/ERROR][m [36m(Minecraft)[m [31mCouldn't connect to server
[m io.netty.channel.AbstractChannel$AnnotatedConnectException: Connection refused: getsockopt: kubernetes.docker.internal/127.0.0.1:25599
Caused by: java.net.ConnectException: Connection refused: getsockopt
	at java.base/sun.nio.ch.Net.pollConnect(Native Method) ~[?:?]
	at java.base/sun.nio.ch.Net.pollConnectNow(Net.java:694) ~[?:?]
	at java.base/sun.nio.ch.SocketChannelImpl.finishConnect(SocketChannelImpl.java:973) ~[?:?]
	at knot/io.netty.channel.socket.nio.NioSocketChannel.doFinishConnect(NioSocketChannel.java:337) ~[netty-transport-4.1.97.Final.jar:?]
	at knot/io.netty.channel.nio.AbstractNioChannel$AbstractNioUnsafe.finishConnect(AbstractNioChannel.java:334) ~[netty-transport-4.1.97.Final.jar:?]
	at knot/io.netty.channel.nio.NioEventLoop.processSelectedKey(NioEventLoop.java:776) ~[netty-transport-4.1.97.Final.jar:?]
	at knot/io.netty.channel.nio.NioEventLoop.processSelectedKeysOptimized(NioEventLoop.java:724) ~[netty-transport-4.1.97.Final.jar:?]
	at knot/io.netty.channel.nio.NioEventLoop.processSelectedKeys(NioEventLoop.java:650) ~[netty-transport-4.1.97.Final.jar:?]
	at knot/io.netty.channel.nio.NioEventLoop.run(NioEventLoop.java:562) ~[netty-transport-4.1.97.Final.jar:?]
	at knot/io.netty.util.concurrent.SingleThreadEventExecutor$4.run(SingleThreadEventExecutor.java:997) ~[netty-common-4.1.97.Final.jar:?]
	at knot/io.netty.util.internal.ThreadExecutorMap$2.run(ThreadExecutorMap.java:74) ~[netty-common-4.1.97.Final.jar:?]
	at java.base/java.lang.Thread.run(Thread.java:1583) ~[?:?]
[34m[05:51:31][m [33m[aibot-real-client-connector/WARN][m [36m(aibot)[m [0mreal-client control connect/read failed: java.net.ConnectException: Connection refused: getsockopt
[m[34m[05:51:32][m [32m[Render thread/INFO][m [36m(aibot)[m [0mAIBot real-client auto-join watcher screen=net.minecraft.client.gui.screen.DisconnectedScreen
[m[34m[05:51:33][m [33m[aibot-real-client-connector/WARN][m [36m(aibot)[m [0mreal-client control connect/read failed: java.net.ConnectException: Connection refused: getsockopt
[m[34m[05:51:36][m [32m[Render thread/INFO][m [36m(aibot)[m [0mAIBot real-client auto-join 127.0.0.1:25599 (attempt 2)
[m[34m[05:51:36][m [32m[Render thread/INFO][m [36m(Minecraft)[m [0mConnecting to 127.0.0.1, 25599
[m[34m[05:51:36][m [32m[Render thread/INFO][m [36m(aibot)[m [0mAIBot real-client auto-join watcher screen=net.minecraft.client.gui.screen.multiplayer.ConnectScreen
[m[34m[05:51:36][m [31m[Server Connector #3/ERROR][m [36m(Minecraft)[m [31mCouldn't connect to server
[m io.netty.channel.AbstractChannel$AnnotatedConnectException: Connection refused: getsockopt: kubernetes.docker.internal/127.0.0.1:25599
Caused by: java.net.ConnectException: Connection refused: getsockopt
	at java.base/sun.nio.ch.Net.pollConnect(Native Method) ~[?:?]
	at java.base/sun.nio.ch.Net.pollConnectNow(Net.java:694) ~[?:?]
	at java.base/sun.nio.ch.SocketChannelImpl.finishConnect(SocketChannelImpl.java:973) ~[?:?]
	at knot/io.netty.channel.socket.nio.NioSocketChannel.doFinishConnect(NioSocketChannel.java:337) ~[netty-transport-4.1.97.Final.jar:?]
	at knot/io.netty.channel.nio.AbstractNioChannel$AbstractNioUnsafe.finishConnect(AbstractNioChannel.java:334) ~[netty-transport-4.1.97.Final.jar:?]
	at knot/io.netty.channel.nio.NioEventLoop.processSelectedKey(NioEventLoop.java:776) ~[netty-transport-4.1.97.Final.jar:?]
	at knot/io.netty.channel.nio.NioEventLoop.processSelectedKeysOptimized(NioEventLoop.java:724) ~[netty-transport-4.1.97.Final.jar:?]
	at knot/io.netty.channel.nio.NioEventLoop.processSelectedKeys(NioEventLoop.java:650) ~[netty-transport-4.1.97.Final.jar:?]
	at knot/io.netty.channel.nio.NioEventLoop.run(NioEventLoop.java:562) ~[netty-transport-4.1.97.Final.jar:?]
	at knot/io.netty.util.concurrent.SingleThreadEventExecutor$4.run(SingleThreadEventExecutor.java:997) ~[netty-common-4.1.97.Final.jar:?]
	at knot/io.netty.util.internal.ThreadExecutorMap$2.run(ThreadExecutorMap.java:74) ~[netty-common-4.1.97.Final.jar:?]
	at java.base/java.lang.Thread.run(Thread.java:1583) ~[?:?]
[34m[05:51:36][m [32m[Render thread/INFO][m [36m(aibot)[m [0mAIBot real-client auto-join watcher screen=net.minecraft.client.gui.screen.DisconnectedScreen
[m[34m[05:51:37][m [33m[aibot-real-client-connector/WARN][m [36m(aibot)[m [0mreal-client control connect/read failed: java.net.ConnectException: Connection refused: getsockopt
[m[34m[05:51:41][m [32m[Render thread/INFO][m [36m(aibot)[m [0mAIBot real-client auto-join 127.0.0.1:25599 (attempt 3)
[m[34m[05:51:41][m [32m[Render thread/INFO][m [36m(Minecraft)[m [0mConnecting to 127.0.0.1, 25599
[m[34m[05:51:41][m [32m[Render thread/INFO][m [36m(aibot)[m [0mAIBot real-client auto-join watcher screen=net.minecraft.client.gui.screen.multiplayer.ConnectScreen
[m[34m[05:51:41][m [31m[Server Connector #4/ERROR][m [36m(Minecraft)[m [31mCouldn't connect to server
[m io.netty.channel.AbstractChannel$AnnotatedConnectException: Connection refused: getsockopt: kubernetes.docker.internal/127.0.0.1:25599
Caused by: java.net.ConnectException: Connection refused: getsockopt
	at java.base/sun.nio.ch.Net.pollConnect(Native Method) ~[?:?]
	at java.base/sun.nio.ch.Net.pollConnectNow(Net.java:694) ~[?:?]
	at java.base/sun.nio.ch.SocketChannelImpl.finishConnect(SocketChannelImpl.java:973) ~[?:?]
	at knot/io.netty.channel.socket.nio.NioSocketChannel.doFinishConnect(NioSocketChannel.java:337) ~[netty-transport-4.1.97.Final.jar:?]
	at knot/io.netty.channel.nio.AbstractNioChannel$AbstractNioUnsafe.finishConnect(AbstractNioChannel.java:334) ~[netty-transport-4.1.97.Final.jar:?]
	at knot/io.netty.channel.nio.NioEventLoop.processSelectedKey(NioEventLoop.java:776) ~[netty-transport-4.1.97.Final.jar:?]
	at knot/io.netty.channel.nio.NioEventLoop.processSelectedKeysOptimized(NioEventLoop.java:724) ~[netty-transport-4.1.97.Final.jar:?]
	at knot/io.netty.channel.nio.NioEventLoop.processSelectedKeys(NioEventLoop.java:650) ~[netty-transport-4.1.97.Final.jar:?]
	at knot/io.netty.channel.nio.NioEventLoop.run(NioEventLoop.java:562) ~[netty-transport-4.1.97.Final.jar:?]
	at knot/io.netty.util.concurrent.SingleThreadEventExecutor$4.run(SingleThreadEventExecutor.java:997) ~[netty-common-4.1.97.Final.jar:?]
	at knot/io.netty.util.internal.ThreadExecutorMap$2.run(ThreadExecutorMap.java:74) ~[netty-common-4.1.97.Final.jar:?]
	at java.base/java.lang.Thread.run(Thread.java:1583) ~[?:?]
[34m[05:51:41][m [32m[Render thread/INFO][m [36m(aibot)[m [0mAIBot real-client auto-join watcher screen=net.minecraft.client.gui.screen.DisconnectedScreen
[m[34m[05:51:45][m [33m[aibot-real-client-connector/WARN][m [36m(aibot)[m [0mreal-client control connect/read failed: java.net.ConnectException: Connection refused: getsockopt
[m[34m[05:51:46][m [32m[Render thread/INFO][m [36m(aibot)[m [0mAIBot real-client auto-join 127.0.0.1:25599 (attempt 4)
[m[34m[05:51:46][m [32m[Render thread/INFO][m [36m(Minecraft)[m [0mConnecting to 127.0.0.1, 25599
[m[34m[05:51:46][m [32m[Render thread/INFO][m [36m(aibot)[m [0mAIBot real-client auto-join watcher screen=net.minecraft.client.gui.screen.multiplayer.ConnectScreen
[m[34m[05:51:46][m [31m[Server Connector #5/ERROR][m [36m(Minecraft)[m [31mCouldn't connect to server
[m io.netty.channel.AbstractChannel$AnnotatedConnectException: Connection refused: getsockopt: kubernetes.docker.internal/127.0.0.1:25599
Caused by: java.net.ConnectException: Connection refused: getsockopt
	at java.base/sun.nio.ch.Net.pollConnect(Native Method) ~[?:?]
	at java.base/sun.nio.ch.Net.pollConnectNow(Net.java:694) ~[?:?]
	at java.base/sun.nio.ch.SocketChannelImpl.finishConnect(SocketChannelImpl.java:973) ~[?:?]
	at knot/io.netty.channel.socket.nio.NioSocketChannel.doFinishConnect(NioSocketChannel.java:337) ~[netty-transport-4.1.97.Final.jar:?]
	at knot/io.netty.channel.nio.AbstractNioChannel$AbstractNioUnsafe.finishConnect(AbstractNioChannel.java:334) ~[netty-transport-4.1.97.Final.jar:?]
	at knot/io.netty.channel.nio.NioEventLoop.processSelectedKey(NioEventLoop.java:776) ~[netty-transport-4.1.97.Final.jar:?]
	at knot/io.netty.channel.nio.NioEventLoop.processSelectedKeysOptimized(NioEventLoop.java:724) ~[netty-transport-4.1.97.Final.jar:?]
	at knot/io.netty.channel.nio.NioEventLoop.processSelectedKeys(NioEventLoop.java:650) ~[netty-transport-4.1.97.Final.jar:?]
	at knot/io.netty.channel.nio.NioEventLoop.run(NioEventLoop.java:562) ~[netty-transport-4.1.97.Final.jar:?]
	at knot/io.netty.util.concurrent.SingleThreadEventExecutor$4.run(SingleThreadEventExecutor.java:997) ~[netty-common-4.1.97.Final.jar:?]
	at knot/io.netty.util.internal.ThreadExecutorMap$2.run(ThreadExecutorMap.java:74) ~[netty-common-4.1.97.Final.jar:?]
	at java.base/java.lang.Thread.run(Thread.java:1583) ~[?:?]
[34m[05:51:47][m [32m[Render thread/INFO][m [36m(aibot)[m [0mAIBot real-client auto-join watcher screen=net.minecraft.client.gui.screen.DisconnectedScreen
[m[34m[05:51:51][m [32m[Render thread/INFO][m [36m(aibot)[m [0mAIBot real-client auto-join 127.0.0.1:25599 (attempt 5)
[m[34m[05:51:52][m [32m[Render thread/INFO][m [36m(Minecraft)[m [0mConnecting to 127.0.0.1, 25599
[m[34m[05:51:52][m [32m[Render thread/INFO][m [36m(aibot)[m [0mAIBot real-client auto-join watcher screen=net.minecraft.client.gui.screen.multiplayer.ConnectScreen
[m[34m[05:51:52][m [32m[Render thread/INFO][m [36m(aibot)[m [0mAIBot real-client auto-join watcher screen=net.minecraft.client.gui.screen.DisconnectedScreen
[m[34m[05:51:53][m [32m[aibot-real-client-connector/INFO][m [36m(aibot)[m [0mAIBot real-client control connected body_id=bob session=68fea0f1-5678-437b-90d0-b25b6dcb9cc9
[m[34m[05:51:56][m [32m[Render thread/INFO][m [36m(aibot)[m [0mAIBot real-client auto-join 127.0.0.1:25599 (attempt 6)
[m[34m[05:51:57][m [32m[Render thread/INFO][m [36m(Minecraft)[m [0mConnecting to 127.0.0.1, 25599
[m[34m[05:51:57][m [32m[Render thread/INFO][m [36m(aibot)[m [0mAIBot real-client auto-join watcher screen=net.minecraft.client.gui.screen.multiplayer.ConnectScreen
[m[34m[05:51:57][m [32m[Render thread/INFO][m [36m(aibot)[m [0mAIBot real-client auto-join watcher screen=net.minecraft.client.gui.screen.DisconnectedScreen
[m[34m[05:52:01][m [32m[Render thread/INFO][m [36m(aibot)[m [0mAIBot real-client auto-join 127.0.0.1:25599 (attempt 7)
[m[34m[05:52:02][m [32m[Render thread/INFO][m [36m(Minecraft)[m [0mConnecting to 127.0.0.1, 25599
[m[34m[05:52:02][m [32m[Render thread/INFO][m [36m(aibot)[m [0mAIBot real-client auto-join watcher screen=net.minecraft.client.gui.screen.multiplayer.ConnectScreen
[m[34m[05:52:02][m [32m[Render thread/INFO][m [36m(aibot)[m [0mAIBot real-client auto-join watcher screen=net.minecraft.client.gui.screen.DisconnectedScreen
[m[34m[05:52:06][m [32m[Render thread/INFO][m [36m(aibot)[m [0mAIBot real-client auto-join 127.0.0.1:25599 (attempt 8)
[m[34m[05:52:07][m [32m[Render thread/INFO][m [36m(Minecraft)[m [0mConnecting to 127.0.0.1, 25599
[m[34m[05:52:07][m [32m[Render thread/INFO][m [36m(aibot)[m [0mAIBot real-client auto-join watcher screen=net.minecraft.client.gui.screen.multiplayer.ConnectScreen
[m[34m[05:52:07][m [32m[Render thread/INFO][m [36m(aibot)[m [0mAIBot real-client auto-join watcher screen=net.minecraft.client.gui.screen.DisconnectedScreen
[m[34m[05:52:11][m [32m[Render thread/INFO][m [36m(aibot)[m [0mAIBot real-client auto-join 127.0.0.1:25599 (attempt 9)
[m[34m[05:52:12][m [32m[Render thread/INFO][m [36m(Minecraft)[m [0mConnecting to 127.0.0.1, 25599
[m[34m[05:52:12][m [32m[Render thread/INFO][m [36m(aibot)[m [0mAIBot real-client auto-join watcher screen=net.minecraft.client.gui.screen.multiplayer.ConnectScreen
[m[34m[05:52:12][m [32m[Render thread/INFO][m [36m(aibot)[m [0mAIBot real-client auto-join watcher screen=net.minecraft.client.gui.screen.DisconnectedScreen
[m[34m[05:52:16][m [32m[Render thread/INFO][m [36m(aibot)[m [0mAIBot real-client auto-join 127.0.0.1:25599 (attempt 10)
[m[34m[05:52:17][m [32m[Render thread/INFO][m [36m(Minecraft)[m [0mConnecting to 127.0.0.1, 25599
[m[34m[05:52:17][m [32m[Render thread/INFO][m [36m(aibot)[m [0mAIBot real-client auto-join watcher screen=net.minecraft.client.gui.screen.multiplayer.ConnectScreen
[m[34m[05:52:17][m [32m[Render thread/INFO][m [36m(aibot)[m [0mAIBot real-client auto-join watcher screen=net.minecraft.client.gui.screen.DisconnectedScreen
[m[34m[05:52:21][m [32m[Render thread/INFO][m [36m(aibot)[m [0mAIBot real-client auto-join 127.0.0.1:25599 (attempt 11)
[m[34m[05:52:22][m [32m[Render thread/INFO][m [36m(Minecraft)[m [0mConnecting to 127.0.0.1, 25599
[m[34m[05:52:22][m [32m[Render thread/INFO][m [36m(aibot)[m [0mAIBot real-client auto-join watcher screen=net.minecraft.client.gui.screen.multiplayer.ConnectScreen
[m[34m[05:52:22][m [32m[Render thread/INFO][m [36m(aibot)[m [0mAIBot real-client auto-join watcher screen=net.minecraft.client.gui.screen.DisconnectedScreen
[m[34m[05:52:27][m [32m[Render thread/INFO][m [36m(aibot)[m [0mAIBot real-client auto-join 127.0.0.1:25599 (attempt 12)
[m[34m[05:52:27][m [32m[Render thread/INFO][m [36m(Minecraft)[m [0mConnecting to 127.0.0.1, 25599
[m[34m[05:52:27][m [32m[Render thread/INFO][m [36m(aibot)[m [0mAIBot real-client auto-join watcher screen=net.minecraft.client.gui.screen.multiplayer.ConnectScreen
[m[34m[05:52:27][m [32m[Render thread/INFO][m [36m(aibot)[m [0mAIBot real-client auto-join watcher screen=net.minecraft.client.gui.screen.DisconnectedScreen
[m[34m[05:52:32][m [32m[Render thread/INFO][m [36m(aibot)[m [0mAIBot real-client auto-join 127.0.0.1:25599 (attempt 13)
[m[34m[05:52:32][m [32m[Render thread/INFO][m [36m(Minecraft)[m [0mConnecting to 127.0.0.1, 25599
[m[34m[05:52:32][m [32m[Render thread/INFO][m [36m(aibot)[m [0mAIBot real-client auto-join watcher screen=net.minecraft.client.gui.screen.multiplayer.ConnectScreen
[m[34m[05:52:32][m [32m[Render thread/INFO][m [36m(aibot)[m [0mAIBot real-client auto-join watcher screen=net.minecraft.client.gui.screen.DisconnectedScreen
[m[34m[05:52:37][m [32m[Render thread/INFO][m [36m(aibot)[m [0mAIBot real-client auto-join 127.0.0.1:25599 (attempt 14)
[m[34m[05:52:37][m [32m[Render thread/INFO][m [36m(Minecraft)[m [0mConnecting to 127.0.0.1, 25599
[m[34m[05:52:37][m [32m[Render thread/INFO][m [36m(aibot)[m [0mAIBot real-client auto-join watcher screen=net.minecraft.client.gui.screen.multiplayer.ConnectScreen
[m[34m[05:52:37][m [32m[Render thread/INFO][m [36m(aibot)[m [0mAIBot real-client auto-join watcher screen=net.minecraft.client.gui.screen.DisconnectedScreen
[m[34m[05:52:42][m [32m[Render thread/INFO][m [36m(aibot)[m [0mAIBot real-client auto-join 127.0.0.1:25599 (attempt 15)
[m[34m[05:52:42][m [32m[Render thread/INFO][m [36m(Minecraft)[m [0mConnecting to 127.0.0.1, 25599
[m[34m[05:52:42][m [32m[Render thread/INFO][m [36m(aibot)[m [0mAIBot real-client auto-join watcher screen=net.minecraft.client.gui.screen.multiplayer.ConnectScreen
[m[34m[05:52:42][m [32m[Render thread/INFO][m [36m(aibot)[m [0mAIBot real-client auto-join watcher screen=net.minecraft.client.gui.screen.DisconnectedScreen
[m[34m[05:52:47][m [32m[Render thread/INFO][m [36m(aibot)[m [0mAIBot real-client auto-join 127.0.0.1:25599 (attempt 16)
[m[34m[05:52:47][m [32m[Render thread/INFO][m [36m(Minecraft)[m [0mConnecting to 127.0.0.1, 25599
[m[34m[05:52:47][m [32m[Render thread/INFO][m [36m(aibot)[m [0mAIBot real-client auto-join watcher screen=net.minecraft.client.gui.screen.multiplayer.ConnectScreen
[m[34m[05:52:47][m [32m[Render thread/INFO][m [36m(aibot)[m [0mAIBot real-client auto-join watcher screen=net.minecraft.client.gui.screen.DisconnectedScreen
[m[34m[05:52:52][m [32m[Render thread/INFO][m [36m(aibot)[m [0mAIBot real-client auto-join 127.0.0.1:25599 (attempt 17)
[m[34m[05:52:52][m [32m[Render thread/INFO][m [36m(Minecraft)[m [0mConnecting to 127.0.0.1, 25599
[m[34m[05:52:52][m [32m[Render thread/INFO][m [36m(aibot)[m [0mAIBot real-client auto-join watcher screen=net.minecraft.client.gui.screen.multiplayer.ConnectScreen
[m[34m[05:52:53][m [32m[Render thread/INFO][m [36m(aibot)[m [0mAIBot real-client auto-join watcher screen=net.minecraft.client.gui.screen.DisconnectedScreen
[m[34m[05:52:57][m [32m[Render thread/INFO][m [36m(aibot)[m [0mAIBot real-client auto-join 127.0.0.1:25599 (attempt 18)
[m[34m[05:52:58][m [32m[Render thread/INFO][m [36m(Minecraft)[m [0mConnecting to 127.0.0.1, 25599
[m[34m[05:52:58][m [32m[Render thread/INFO][m [36m(aibot)[m [0mAIBot real-client auto-join watcher screen=net.minecraft.client.gui.screen.multiplayer.ConnectScreen
[m[34m[05:52:58][m [32m[Render thread/INFO][m [36m(aibot)[m [0mAIBot real-client auto-join watcher screen=net.minecraft.client.gui.screen.DisconnectedScreen
[m[34m[05:53:02][m [32m[Render thread/INFO][m [36m(aibot)[m [0mAIBot real-client auto-join 127.0.0.1:25599 (attempt 19)
[m[34m[05:53:03][m [32m[Render thread/INFO][m [36m(Minecraft)[m [0mConnecting to 127.0.0.1, 25599
[m[34m[05:53:03][m [32m[Render thread/INFO][m [36m(aibot)[m [0mAIBot real-client auto-join watcher screen=net.minecraft.client.gui.screen.multiplayer.ConnectScreen
[m[34m[05:53:03][m [32m[Render thread/INFO][m [36m(aibot)[m [0mAIBot real-client auto-join watcher screen=net.minecraft.client.gui.screen.DisconnectedScreen
[m[34m[05:53:07][m [32m[Render thread/INFO][m [36m(aibot)[m [0mAIBot real-client auto-join 127.0.0.1:25599 (attempt 20)
[m[34m[05:53:08][m [32m[Render thread/INFO][m [36m(Minecraft)[m [0mConnecting to 127.0.0.1, 25599
[m[34m[05:53:08][m [32m[Render thread/INFO][m [36m(aibot)[m [0mAIBot real-client auto-join watcher screen=net.minecraft.client.gui.screen.multiplayer.ConnectScreen
[m[34m[05:53:08][m [32m[Render thread/INFO][m [36m(aibot)[m [0mAIBot real-client auto-join watcher screen=net.minecraft.client.gui.screen.DisconnectedScreen
[m[34m[05:53:12][m [32m[Render thread/INFO][m [36m(aibot)[m [0mAIBot real-client auto-join 127.0.0.1:25599 (attempt 21)
[m[34m[05:53:13][m [32m[Render thread/INFO][m [36m(Minecraft)[m [0mConnecting to 127.0.0.1, 25599
[m[34m[05:53:13][m [32m[Render thread/INFO][m [36m(aibot)[m [0mAIBot real-client auto-join watcher screen=net.minecraft.client.gui.screen.multiplayer.ConnectScreen
[m[34m[05:53:13][m [32m[Render thread/INFO][m [36m(aibot)[m [0mAIBot real-client auto-join watcher screen=net.minecraft.client.gui.screen.DisconnectedScreen
[m[34m[05:53:17][m [32m[Render thread/INFO][m [36m(aibot)[m [0mAIBot real-client auto-join 127.0.0.1:25599 (attempt 22)
[m[34m[05:53:18][m [32m[Render thread/INFO][m [36m(Minecraft)[m [0mConnecting to 127.0.0.1, 25599
[m[34m[05:53:18][m [32m[Render thread/INFO][m [36m(aibot)[m [0mAIBot real-client auto-join watcher screen=net.minecraft.client.gui.screen.multiplayer.ConnectScreen
[m[34m[05:53:18][m [32m[Render thread/INFO][m [36m(aibot)[m [0mAIBot real-client auto-join watcher screen=net.minecraft.client.gui.screen.DisconnectedScreen
[m[34m[05:53:22][m [32m[Render thread/INFO][m [36m(aibot)[m [0mAIBot real-client auto-join 127.0.0.1:25599 (attempt 23)
[m[34m[05:53:23][m [32m[Render thread/INFO][m [36m(Minecraft)[m [0mConnecting to 127.0.0.1, 25599
[m[34m[05:53:23][m [32m[Render thread/INFO][m [36m(aibot)[m [0mAIBot real-client auto-join watcher screen=net.minecraft.client.gui.screen.multiplayer.ConnectScreen
[m[34m[05:53:23][m [32m[Render thread/INFO][m [36m(aibot)[m [0mAIBot real-client auto-join watcher screen=net.minecraft.client.gui.screen.DisconnectedScreen
[m[34m[05:53:27][m [32m[Render thread/INFO][m [36m(aibot)[m [0mAIBot real-client auto-join 127.0.0.1:25599 (attempt 24)
[m[34m[05:53:28][m [32m[Render thread/INFO][m [36m(Minecraft)[m [0mConnecting to 127.0.0.1, 25599
[m[34m[05:53:28][m [32m[Render thread/INFO][m [36m(aibot)[m [0mAIBot real-client auto-join watcher screen=net.minecraft.client.gui.screen.multiplayer.ConnectScreen
[m[34m[05:53:28][m [32m[Render thread/INFO][m [36m(aibot)[m [0mAIBot real-client auto-join watcher screen=net.minecraft.client.gui.screen.DisconnectedScreen
[m[34m[05:53:33][m [32m[Render thread/INFO][m [36m(aibot)[m [0mAIBot real-client auto-join 127.0.0.1:25599 (attempt 25)
[m[34m[05:53:33][m [32m[Render thread/INFO][m [36m(Minecraft)[m [0mConnecting to 127.0.0.1, 25599
[m[34m[05:53:33][m [32m[Render thread/INFO][m [36m(aibot)[m [0mAIBot real-client auto-join watcher screen=net.minecraft.client.gui.screen.multiplayer.ConnectScreen
[m[34m[05:53:33][m [32m[Render thread/INFO][m [36m(aibot)[m [0mAIBot real-client auto-join watcher screen=net.minecraft.client.gui.screen.DisconnectedScreen
[m
=== real-client launch 2026-09-12T21:53:34Z ===
[34m[05:53:36][m [32m[main/INFO][m [36m(FabricLoader/GameProvider)[m [0mLoading Minecraft 1.21.3 with Fabric Loader 0.18.4
[m[34m[05:53:36][m [32m[main/INFO][m [36m(FabricLoader)[m [0mLoading 55 mods:
	- aibot 0.0.1
	- fabric-api 0.114.1+1.21.3
	- fabric-api-base 0.4.50+119c825640
	- fabric-api-lookup-api-v1 1.6.81+fd37071f40
	- fabric-biome-api-v1 14.0.7+add2a48640
	- fabric-block-api-v1 1.0.28+fd37071f40
	- fabric-block-view-api-v2 1.0.16+fd37071f40
	- fabric-blockrenderlayer-v1 2.0.4+fd37071f40
	- fabric-client-tags-api-v1 1.1.25+a730659c40
	- fabric-command-api-v1 1.2.58+f71b366f40
	- fabric-command-api-v2 2.2.37+c9d82ab240
	- fabric-commands-v0 0.2.75+df3654b340
	- fabric-content-registries-v0 9.1.8+fd37071f40
	- fabric-convention-tags-v1 2.1.4+7f945d5b40
	- fabric-convention-tags-v2 2.9.4+129f0c1f40
	- fabric-crash-report-info-v1 0.3.3+fd37071f40
	- fabric-data-attachment-api-v1 1.4.0+dbad41f140
	- fabric-data-generation-api-v1 21.1.2+a730659c40
	- fabric-dimensions-v1 4.0.7+fd37071f40
	- fabric-entity-events-v1 2.0.8+825023f840
	- fabric-events-interaction-v0 2.0.12+c2c3ac4740
	- fabric-game-rule-api-v1 1.0.59+fd37071f40
	- fabric-gametest-api-v1 2.0.15+fd37071f40
	- fabric-item-api-v1 11.1.7+fd37071f40
	- fabric-item-group-api-v1 4.1.17+fd37071f40
	- fabric-key-binding-api-v1 1.0.53+fd37071f40
	- fabric-keybindings-v0 0.2.51+df3654b340
	- fabric-lifecycle-events-v1 2.5.1+6da5ef6940
	- fabric-loot-api-v2 3.0.26+3f89f5a540
	- fabric-loot-api-v3 1.0.14+fd37071f40
	- fabric-message-api-v1 6.0.22+5a9b22c640
	- fabric-model-loading-api-v1 3.0.9+fd37071f40
	- fabric-networking-api-v1 4.3.5+fd37071f40
	- fabric-object-builder-api-v1 17.0.9+fd37071f40
	- fabric-particles-v1 4.0.10+fd37071f40
	- fabric-recipe-api-v1 7.0.5+8ea69ff840
	- fabric-registry-sync-v0 5.4.1+3f3c499540
	- fabric-renderer-api-v1 4.0.5+fd37071f40
	- fabric-renderer-indigo 1.9.5+fd37071f40
	- fabric-rendering-data-attachment-v1 0.3.54+73761d2e40
	- fabric-rendering-fluids-v1 3.1.15+fd37071f40
	- fabric-rendering-v0 1.1.84+df3654b340
	- fabric-rendering-v1 8.0.8+6922831640
	- fabric-resource-conditions-api-v1 5.0.8+fd37071f40
	- fabric-resource-loader-v0 3.0.6+fd37071f40
	- fabric-screen-api-v1 2.0.34+fd37071f40
	- fabric-screen-handler-api-v1 1.3.103+fd37071f40
	- fabric-sound-api-v1 1.0.29+fd37071f40
	- fabric-tag-api-v1 1.0.0+a730659c40
	- fabric-transfer-api-v1 5.4.3+cb44d14340
	- fabric-transitive-access-wideners-v1 6.2.0+54a41b1c40
	- fabricloader 0.18.4
	- java 21
	- minecraft 1.21.3
	- mixinextras 0.5.0
[m[34m[05:53:37][m [32m[main/INFO][m [36m(FabricLoader/Mixin)[m [0mSpongePowered MIXIN Subsystem Version=0.8.7 Source=file:/C:/Users/15027/.gradle/caches/modules-2/files-2.1/net.fabricmc/sponge-mixin/0.17.0+mixin.0.8.7/cf31463202f72d03b0ef1e1e38e8ee71b7faaab6/sponge-mixin-0.17.0+mixin.0.8.7.jar Service=Knot/Fabric Env=CLIENT
[m[34m[05:53:37][m [32m[main/INFO][m [36m(FabricLoader/Mixin)[m [0mLoaded Fabric development mappings for mixin remapper!
[m[34m[05:53:37][m [32m[main/INFO][m [36m(FabricLoader/Mixin)[m [0mCompatibility level set to JAVA_21
[m[34m[05:53:39][m [32m[main/INFO][m [36m(FabricLoader/MixinExtras|Service)[m [0mInitializing MixinExtras via com.llamalad7.mixinextras.service.MixinExtrasServiceImpl(version=0.5.0).
[m[34m[05:53:40][m [32m[Datafixer Bootstrap/INFO][m [36m(Minecraft)[m [0m237 Datafixer optimizations took 416 milliseconds
[m[34m[05:53:47][m [32m[Render thread/INFO][m [36m(Minecraft)[m [0mEnvironment: Environment[sessionHost=https://sessionserver.mojang.com, servicesHost=https://api.minecraftservices.com, name=PROD]
[m[34m[05:53:47][m [32m[Render thread/INFO][m [36m(Minecraft)[m [0mSetting user: Bob
[m[34m[05:53:47][m [32m[Render thread/INFO][m [36m(aibot)[m [0m[AIBot] CONFIG event=operating_profile_resolved bot=- {configured_emergency_teleport=true, configured_hidden_block_scan=true, configured_forced_pickup=true, source=FILE_OR_DEFAULT, profile=strict_survival, configured_manual_teleport=true, effective_capabilities=[]}
[m[34m[05:53:47][m [33m[Render thread/WARN][m [36m(aibot)[m [0m[AIBot] CONFIG event=deepseek_key_missing bot=- {}
[m[34m[05:53:47][m [32m[Render thread/INFO][m [36m(aibot)[m [0m[AIBot] LIFECYCLE event=mod_loaded bot=- {version=0.0.1}
[m[34m[05:53:47][m [32m[Render thread/INFO][m [36m(aibot)[m [0m[AIBot] CONFIG event=config_loaded bot=- {logging_enabled=true, nav_lookahead=4, profile=strict_survival, pickup_force_radius=2.75, perception_radius=16, effective_capabilities=[], deepseek_model=deepseek-v4-flash, configured_operator_capabilities=OperatorCapabilities[hiddenBlockScan=true, emergencyTeleport=true, forcedPickup=true, manualTeleport=true]}
[m[34m[05:53:47][m [32m[Render thread/INFO][m [36m(aibot)[m [0m================================
[m[34m[05:53:47][m [32m[Render thread/INFO][m [36m(aibot)[m [0m  AIBot v0.0.1 loaded
[m[34m[05:53:47][m [32m[Render thread/INFO][m [36m(aibot)[m [0m  Mode: M6 structured logs over M5 tasks
[m[34m[05:53:47][m [32m[Render thread/INFO][m [36m(aibot)[m [0m================================
[m[34m[05:53:48][m [32m[Render thread/INFO][m [36m(Indigo)[m [0m[Indigo] Registering Indigo renderer!
[m[34m[05:53:48][m [32m[Render thread/INFO][m [36m(aibot)[m [0mAIBot real-client runtime enabled body_id=bob player=Bob control=127.0.0.1:8766 auto_join=127.0.0.1:25599
[m[34m[05:53:48][m [32m[aibot-real-client-connector/INFO][m [36m(aibot)[m [0mAIBot real-client control connected body_id=bob session=2620b643-b58f-44c7-9e37-ddd3cf1f85e0
[m[34m[05:53:49][m [32m[Render thread/INFO][m [36m(Minecraft)[m [0mBackend library: LWJGL version 3.3.3-snapshot
[m[34m[05:53:50][m [32m[Render thread/INFO][m [36m(Minecraft)[m [0mReloading ResourceManager: vanilla, fabric, aibot, fabric-api, fabric-api-base, fabric-api-lookup-api-v1, fabric-biome-api-v1, fabric-block-api-v1, fabric-block-view-api-v2, fabric-blockrenderlayer-v1, fabric-client-tags-api-v1, fabric-command-api-v1, fabric-command-api-v2, fabric-commands-v0, fabric-content-registries-v0, fabric-convention-tags-v1, fabric-convention-tags-v2, fabric-crash-report-info-v1, fabric-data-attachment-api-v1, fabric-data-generation-api-v1, fabric-dimensions-v1, fabric-entity-events-v1, fabric-events-interaction-v0, fabric-game-rule-api-v1, fabric-gametest-api-v1, fabric-item-api-v1, fabric-item-group-api-v1, fabric-key-binding-api-v1, fabric-keybindings-v0, fabric-lifecycle-events-v1, fabric-loot-api-v2, fabric-loot-api-v3, fabric-message-api-v1, fabric-model-loading-api-v1, fabric-networking-api-v1, fabric-object-builder-api-v1, fabric-particles-v1, fabric-recipe-api-v1, fabric-registry-sync-v0, fabric-renderer-api-v1, fabric-renderer-indigo, fabric-rendering-data-attachment-v1, fabric-rendering-fluids-v1, fabric-rendering-v0, fabric-rendering-v1, fabric-resource-conditions-api-v1, fabric-resource-loader-v0, fabric-screen-api-v1, fabric-screen-handler-api-v1, fabric-sound-api-v1, fabric-tag-api-v1, fabric-transfer-api-v1, fabric-transitive-access-wideners-v1, fabricloader
[m[34m[05:53:51][m [32m[Worker-Main-9/INFO][m [36m(Minecraft)[m [0mFound unifont_jp_patch-15.1.05.hex, loading
[m[34m[05:53:51][m [32m[Worker-Main-4/INFO][m [36m(Minecraft)[m [0mFound unifont_all_no_pua-15.1.05.hex, loading
[m[34m[05:53:51][m [32m[Render thread/INFO][m [36m(aibot)[m [0mAIBot real-client auto-join watcher screen=net.minecraft.client.gui.screen.MessageScreen
[m[34m[05:53:52][m [33m[Render thread/WARN][m [36m(Minecraft)[m [0mMissing sound for event: minecraft:block.spawner.fall
[m[34m[05:53:52][m [32m[Render thread/INFO][m [36m(Minecraft)[m [0mOpenAL initialized on device OpenAL Soft on æ‰¬å£°å™¨ (Steam Streaming Speakers)
[m[34m[05:53:52][m [32m[Render thread/INFO][m [36m(Minecraft)[m [0mSound engine started
[m[34m[05:53:52][m [32m[Render thread/INFO][m [36m(Minecraft)[m [0mCreated: 1024x512x4 minecraft:textures/atlas/blocks.png-atlas
[m[34m[05:53:52][m [32m[Render thread/INFO][m [36m(Minecraft)[m [0mCreated: 256x256x4 minecraft:textures/atlas/signs.png-atlas
[m[34m[05:53:52][m [32m[Render thread/INFO][m [36m(Minecraft)[m [0mCreated: 512x512x4 minecraft:textures/atlas/shield_patterns.png-atlas
[m[34m[05:53:52][m [32m[Render thread/INFO][m [36m(Minecraft)[m [0mCreated: 512x512x4 minecraft:textures/atlas/banner_patterns.png-atlas
[m[34m[05:53:52][m [32m[Render thread/INFO][m [36m(Minecraft)[m [0mCreated: 1024x1024x4 minecraft:textures/atlas/armor_trims.png-atlas
[m[34m[05:53:52][m [32m[Render thread/INFO][m [36m(Minecraft)[m [0mCreated: 128x64x4 minecraft:textures/atlas/decorated_pot.png-atlas
[m[34m[05:53:52][m [32m[Render thread/INFO][m [36m(Minecraft)[m [0mCreated: 256x256x4 minecraft:textures/atlas/chest.png-atlas
[m[34m[05:53:52][m [32m[Render thread/INFO][m [36m(Minecraft)[m [0mCreated: 512x256x4 minecraft:textures/atlas/shulker_boxes.png-atlas
[m[34m[05:53:52][m [32m[Render thread/INFO][m [36m(Minecraft)[m [0mCreated: 512x256x4 minecraft:textures/atlas/beds.png-atlas
[m[34m[05:53:52][m [32m[Render thread/INFO][m [36m(Minecraft)[m [0mCreated: 64x64x0 minecraft:textures/atlas/map_decorations.png-atlas
[m[34m[05:53:53][m [32m[Render thread/INFO][m [36m(Minecraft)[m [0mCreated: 512x256x0 minecraft:textures/atlas/particles.png-atlas
[m[34m[05:53:53][m [32m[Render thread/INFO][m [36m(Minecraft)[m [0mCreated: 512x256x0 minecraft:textures/atlas/paintings.png-atlas
[m[34m[05:53:53][m [32m[Render thread/INFO][m [36m(Minecraft)[m [0mCreated: 256x128x0 minecraft:textures/atlas/mob_effects.png-atlas
[m[34m[05:53:53][m [32m[Render thread/INFO][m [36m(Minecraft)[m [0mCreated: 1024x512x0 minecraft:textures/atlas/gui.png-atlas
[m[34m[05:53:53][m [32m[Render thread/INFO][m [36m(Minecraft)[m [0mConnecting to 127.0.0.1, 25599
[m[34m[05:53:53][m [32m[Render thread/INFO][m [36m(aibot)[m [0mAIBot real-client auto-join watcher screen=net.minecraft.client.gui.screen.multiplayer.ConnectScreen
[m[34m[05:53:56][m [32m[Render thread/INFO][m [36m(Minecraft)[m [0mLoaded 12 advancements
[m[34m[05:54:01][m [32m[Render thread/INFO][m [36m(aibot)[m [0mAIBot real-client heartbeat diag crosshair_present=true target=BLOCK:Mutable{x=1, y=-59, z=-4}
[m[34m[05:54:11][m [32m[Render thread/INFO][m [36m(aibot)[m [0mAIBot real-client heartbeat diag crosshair_present=true target=BLOCK:Mutable{x=1, y=-59, z=-4}
[m[34m[05:54:21][m [32m[Render thread/INFO][m [36m(aibot)[m [0mAIBot real-client heartbeat diag crosshair_present=true target=BLOCK:Mutable{x=1, y=-59, z=-4}
[m[34m[05:54:31][m [32m[Render thread/INFO][m [36m(aibot)[m [0mAIBot real-client heartbeat diag crosshair_present=true target=BLOCK:Mutable{x=1, y=-59, z=-4}
[m[34m[05:54:41][m [32m[Render thread/INFO][m [36m(aibot)[m [0mAIBot real-client heartbeat diag crosshair_present=true target=BLOCK:Mutable{x=1, y=-59, z=-4}
[m[34m[05:54:51][m [32m[Render thread/INFO][m [36m(aibot)[m [0mAIBot real-client heartbeat diag crosshair_present=true target=BLOCK:Mutable{x=1, y=-59, z=-4}
[m[34m[05:55:01][m [32m[Render thread/INFO][m [36m(aibot)[m [0mAIBot real-client heartbeat diag crosshair_present=true target=BLOCK:Mutable{x=1, y=-59, z=-4}
[m[34m[05:55:11][m [32m[Render thread/INFO][m [36m(aibot)[m [0mAIBot real-client heartbeat diag crosshair_present=true target=BLOCK:Mutable{x=1, y=-59, z=-4}
[m[34m[05:55:21][m [32m[Render thread/INFO][m [36m(aibot)[m [0mAIBot real-client heartbeat diag crosshair_present=true target=BLOCK:Mutable{x=1, y=-59, z=-4}
[m[34m[05:55:31][m [32m[Render thread/INFO][m [36m(aibot)[m [0mAIBot real-client heartbeat diag crosshair_present=true target=BLOCK:Mutable{x=1, y=-59, z=-4}
[m[34m[05:55:41][m [32m[Render thread/INFO][m [36m(aibot)[m [0mAIBot real-client heartbeat diag crosshair_present=true target=BLOCK:Mutable{x=1, y=-59, z=-4}
[m[34m[05:55:51][m [32m[Render thread/INFO][m [36m(aibot)[m [0mAIBot real-client heartbeat diag crosshair_present=true target=BLOCK:Mutable{x=1, y=-59, z=-4}
[m[34m[05:56:01][m [32m[Render thread/INFO][m [36m(aibot)[m [0mAIBot real-client heartbeat diag crosshair_present=true target=BLOCK:Mutable{x=1, y=-59, z=-4}
[m[34m[05:56:11][m [32m[Render thread/INFO][m [36m(aibot)[m [0mAIBot real-client heartbeat diag crosshair_present=true target=BLOCK:Mutable{x=1, y=-59, z=-4}
[m[34m[05:56:21][m [32m[Render thread/INFO][m [36m(aibot)[m [0mAIBot real-client heartbeat diag crosshair_present=true target=BLOCK:Mutable{x=1, y=-59, z=-4}
[m[34m[05:56:31][m [32m[Render thread/INFO][m [36m(aibot)[m [0mAIBot real-client heartbeat diag crosshair_present=true target=BLOCK:Mutable{x=1, y=-59, z=-4}
[m[34m[05:56:41][m [32m[Render thread/INFO][m [36m(aibot)[m [0mAIBot real-client heartbeat diag crosshair_present=true target=BLOCK:Mutable{x=1, y=-59, z=-4}
[m[34m[05:56:51][m [32m[Render thread/INFO][m [36m(aibot)[m [0mAIBot real-client heartbeat diag crosshair_present=true target=BLOCK:Mutable{x=1, y=-59, z=-4}
[m[34m[05:57:01][m [32m[Render thread/INFO][m [36m(aibot)[m [0mAIBot real-client heartbeat diag crosshair_present=true target=BLOCK:Mutable{x=1, y=-59, z=-4}
[m[34m[05:57:11][m [32m[Render thread/INFO][m [36m(aibot)[m [0mAIBot real-client heartbeat diag crosshair_present=true target=BLOCK:Mutable{x=1, y=-59, z=-4}
[m[34m[05:57:21][m [32m[Render thread/INFO][m [36m(aibot)[m [0mAIBot real-client heartbeat diag crosshair_present=true target=BLOCK:Mutable{x=1, y=-59, z=-4}
[m[34m[05:57:31][m [32m[Render thread/INFO][m [36m(aibot)[m [0mAIBot real-client heartbeat diag crosshair_present=true target=BLOCK:Mutable{x=1, y=-59, z=-4}
[m[34m[05:57:41][m [32m[Render thread/INFO][m [36m(aibot)[m [0mAIBot real-client heartbeat diag crosshair_present=true target=BLOCK:Mutable{x=1, y=-59, z=-4}
[m[34m[05:57:51][m [32m[Render thread/INFO][m [36m(aibot)[m [0mAIBot real-client heartbeat diag crosshair_present=true target=BLOCK:Mutable{x=1, y=-59, z=-4}
[m[34m[05:58:01][m [32m[Render thread/INFO][m [36m(aibot)[m [0mAIBot real-client heartbeat diag crosshair_present=true target=BLOCK:Mutable{x=1, y=-59, z=-4}
[m[34m[05:58:11][m [32m[Render thread/INFO][m [36m(aibot)[m [0mAIBot real-client heartbeat diag crosshair_present=true target=BLOCK:Mutable{x=1, y=-59, z=-4}
[m[34m[05:58:21][m [32m[Render thread/INFO][m [36m(aibot)[m [0mAIBot real-client heartbeat diag crosshair_present=true target=BLOCK:Mutable{x=1, y=-59, z=-4}
[m[34m[05:58:31][m [32m[Render thread/INFO][m [36m(aibot)[m [0mAIBot real-client heartbeat diag crosshair_present=true target=BLOCK:Mutable{x=1, y=-59, z=-4}
[m[34m[05:58:41][m [32m[Render thread/INFO][m [36m(aibot)[m [0mAIBot real-client heartbeat diag crosshair_present=true target=BLOCK:Mutable{x=1, y=-59, z=-4}
[m[34m[05:58:51][m [32m[Render thread/INFO][m [36m(aibot)[m [0mAIBot real-client heartbeat diag crosshair_present=true target=BLOCK:Mutable{x=1, y=-59, z=-4}
[m[34m[05:59:01][m [32m[Render thread/INFO][m [36m(aibot)[m [0mAIBot real-client heartbeat diag crosshair_present=true target=BLOCK:Mutable{x=1, y=-59, z=-4}
[m[34m[05:59:11][m [32m[Render thread/INFO][m [36m(aibot)[m [0mAIBot real-client heartbeat diag crosshair_present=true target=BLOCK:Mutable{x=1, y=-59, z=-4}
[m[34m[05:59:21][m [32m[Render thread/INFO][m [36m(aibot)[m [0mAIBot real-client heartbeat diag crosshair_present=true target=BLOCK:Mutable{x=1, y=-59, z=-4}
[m[34m[05:59:31][m [32m[Render thread/INFO][m [36m(aibot)[m [0mAIBot real-client heartbeat diag crosshair_present=true target=BLOCK:Mutable{x=1, y=-59, z=-4}
[m[34m[05:59:41][m [32m[Render thread/INFO][m [36m(aibot)[m [0mAIBot real-client heartbeat diag crosshair_present=true target=BLOCK:Mutable{x=1, y=-59, z=-4}
[m[34m[05:59:51][m [32m[Render thread/INFO][m [36m(aibot)[m [0mAIBot real-client heartbeat diag crosshair_present=true target=BLOCK:Mutable{x=1, y=-59, z=-4}
[m[34m[06:00:01][m [32m[Render thread/INFO][m [36m(aibot)[m [0mAIBot real-client heartbeat diag crosshair_present=true target=BLOCK:Mutable{x=1, y=-59, z=-4}
[m[34m[06:00:11][m [32m[Render thread/INFO][m [36m(aibot)[m [0mAIBot real-client heartbeat diag crosshair_present=true target=BLOCK:Mutable{x=1, y=-59, z=-4}
[m[34m[06:00:21][m [32m[Render thread/INFO][m [36m(aibot)[m [0mAIBot real-client heartbeat diag crosshair_present=true target=BLOCK:Mutable{x=1, y=-59, z=-4}
[m[34m[06:00:31][m [32m[Render thread/INFO][m [36m(aibot)[m [0mAIBot real-client heartbeat diag crosshair_present=true target=BLOCK:Mutable{x=1, y=-59, z=-4}
[m[34m[06:00:41][m [32m[Render thread/INFO][m [36m(aibot)[m [0mAIBot real-client heartbeat diag crosshair_present=true target=BLOCK:Mutable{x=1, y=-59, z=-4}
[m[34m[06:00:51][m [32m[Render thread/INFO][m [36m(aibot)[m [0mAIBot real-client heartbeat diag crosshair_present=true target=BLOCK:Mutable{x=1, y=-59, z=-4}
[m[34m[06:01:01][m [32m[Render thread/INFO][m [36m(aibot)[m [0mAIBot real-client heartbeat diag crosshair_present=true target=BLOCK:Mutable{x=1, y=-59, z=-4}
[m[34m[06:01:11][m [32m[Render thread/INFO][m [36m(aibot)[m [0mAIBot real-client heartbeat diag crosshair_present=true target=BLOCK:Mutable{x=1, y=-59, z=-4}
[m[34m[06:01:21][m [32m[Render thread/INFO][m [36m(aibot)[m [0mAIBot real-client heartbeat diag crosshair_present=true target=BLOCK:Mutable{x=1, y=-59, z=-4}
[m[34m[06:01:31][m [32m[Render thread/INFO][m [36m(aibot)[m [0mAIBot real-client heartbeat diag crosshair_present=true target=BLOCK:Mutable{x=1, y=-59, z=-4}
[m[34m[06:01:41][m [32m[Render thread/INFO][m [36m(aibot)[m [0mAIBot real-client heartbeat diag crosshair_present=true target=BLOCK:Mutable{x=1, y=-59, z=-4}
[m[34m[06:01:51][m [32m[Render thread/INFO][m [36m(aibot)[m [0mAIBot real-client heartbeat diag crosshair_present=true target=BLOCK:Mutable{x=1, y=-59, z=-4}
[m[34m[06:02:01][m [32m[Render thread/INFO][m [36m(aibot)[m [0mAIBot real-client heartbeat diag crosshair_present=true target=BLOCK:Mutable{x=1, y=-59, z=-4}
[m